CRASH_RECORD_ID,RD_NO,CRASH_DATE_EST_I,CRASH_DATE,POSTED_SPEED_LIMIT,TRAFFIC_CONTROL_DEVICE,DEVICE_CONDITION,WEATHER_CONDITION,LIGHTING_CONDITION,FIRST_CRASH_TYPE,TRAFFICWAY_TYPE,LANE_CNT,ALIGNMENT,ROADWAY_SURFACE_COND,ROAD_DEFECT,REPORT_TYPE,CRASH_TYPE,INTERSECTION_RELATED_I,NOT_RIGHT_OF_WAY_I,HIT_AND_RUN_I,DAMAGE,DATE_POLICE_NOTIFIED,PRIM_CONTRIBUTORY_CAUSE,SEC_CONTRIBUTORY_CAUSE,STREET_NO,STREET_DIRECTION,STREET_NAME,BEAT_OF_OCCURRENCE,PHOTOS_TAKEN_I,STATEMENTS_TAKEN_I,DOORING_I,WORK_ZONE_I,WORK_ZONE_TYPE,WORKERS_PRESENT_I,NUM_UNITS,MOST_SEVERE_INJURY,INJURIES_TOTAL,INJURIES_FATAL,INJURIES_INCAPACITATING,INJURIES_NON_INCAPACITATING,INJURIES_REPORTED_NOT_EVIDENT,INJURIES_NO_INDICATION,INJURIES_UNKNOWN,CRASH_HOUR,CRASH_DAY_OF_WEEK,CRASH_MONTH,LATITUDE,LONGITUDE,LOCATION
ad7c91e52323cfad3f99d9b64ffbee6a6674e4ba85c53e432fda55fa8cad3ac66b5e2a184d3506b1bc25608733ece9e9c644defad130d9886b6210488ffc30a4,JA540456,,12/07/2017 01:30:00 PM,30,TRAFFIC SIGNAL,FUNCTIONING PROPERLY,CLEAR,DAYLIGHT,REAR END,DIVIDED - W/MEDIAN BARRIER,,STRAIGHT AND LEVEL,DRY,NO DEFECTS,NOT ON SCENE (DESK REPORT),NO INJURY / DRIVE AWAY,,,,"$501 - $1,500",12/07/2017 04:00:00 PM,FOLLOWING TOO CLOSELY,NOT APPLICABLE,125,S,LAKE SHORE DR SB,114.0,,,,,,,2,NO INDICATION OF INJURY,0.0,0.0,0.0,0.0,0.0,3.0,0.0,13,5,12,41.880310519,-87.6170978956,POINT (-87.617097895579 41.880310519002)
c567f6615b0c074e8484d5b5d16081766aae92f9d93702d4e6408b80bedc1eeccc3fd5c3796a506cf7bb7f812c327f1a324d0a4c76e71f69e2f07609ce3e0523,JF449038,,10/25/2022 03:00:00 PM,30,NO CONTROLS,NO CONTROLS,RAIN,DAYLIGHT,TURNING,ONE-WAY,,STRAIGHT AND LEVEL,WET,NO DEFECTS,NOT ON SCENE (DESK REPORT),NO INJURY / DRIVE AWAY,,,,"$501 - $1,500",10/25/2022 04:20:00 PM,UNABLE TO DETERMINE,UNABLE TO DETERMINE,902,W,VAN BUREN ST,1232.0,,,,,,,2,NO INDICATION OF INJURY,0.0,0.0,0.0,0.0,0.0,2.0,0.0,15,3,10,41.8767448635,-87.6496865075,POINT (-87.649686507529 41.876744863472)
2865410534eaf51a0ff5c913a97ed3274f4c9dc610c6e0a55565cee116cb735390794a31f77c70c5145730421684e595450f580bbf77c26987011198f7cd9471,JC230575,,04/19/2019 04:28:00 PM,30,NO CONTROLS,NO CONTROLS,CLEAR,DAYLIGHT,SIDESWIPE SAME DIRECTION,DIVIDED - W/MEDIAN (NOT RAISED),,STRAIGHT AND LEVEL,DRY,NO DEFECTS,ON SCENE,INJURY AND / OR TOW DUE TO CRASH,,,Y,$500 OR LESS,04/19/2019 04:28:00 PM,UNABLE TO DETERMINE,NOT APPLICABLE,604,N,LARAMIE AVE,1524.0,,,,,,,2,NO INDICATION OF INJURY,0.0,0.0,0.0,0.0,0.0,1.0,0.0,16,6,4,41.891447175,-87.7556187317,POINT (-87.755618731665 41.891447175025)
9775cd80e0ab24ce9651d08654d775054362daceeefd41acd80ed2a674d4ab87edd1eb6a7f383fd4cd3356386259ccd1d7699e5073c9a4ef39eef88fc0022475,JF523065,,12/22/2022 09:30:00 AM,30,TRAFFIC SIGNAL,NOT FUNCTIONING,CLEAR,DAYLIGHT,ANGLE,FOUR WAY,,STRAIGHT AND LEVEL,DRY,NO DEFECTS,NOT ON SCENE (DESK REPORT),NO INJURY / DRIVE AWAY,Y,,,"OVER $1,500",12/26/2022 01:00:00 PM,UNABLE TO DETERMINE,NOT APPLICABLE,7100,S,ASHLAND AVE,735.0,,,,,,,2,NO INDICATION OF INJURY,0.0,0.0,0.0,0.0,0.0,2.0,0.0,9,5,12,41.7648593824,-87.6639401763,POINT (-87.663940176305 41.764859382425)
c234e84a90d4caa86d4463b07f40a269903c597165e91e92674ba2be47ed8ff931b4a7905217136b7a64659b8eef96c9f59675bdf372716a2a21b23409eb74c8,JE205718,,04/21/2021 01:06:00 PM,25,NO CONTROLS,NO CONTROLS,CLEAR,DAYLIGHT,PARKED MOTOR VEHICLE,ONE-WAY,,STRAIGHT AND LEVEL,DRY,NO DEFECTS,ON SCENE,NO INJURY / DRIVE AWAY,,,,"$501 - $1,500",04/21/2021 01:06:00 PM,NOT APPLICABLE,NOT APPLICABLE,4141,N,CAMPBELL AVE,1911.0,,,,,,,2,NO INDICATION OF INJURY,0.0,0.0,0.0,0.0,0.0,1.0,0.0,13,4,4,41.9570828288,-87.6908546147,POINT (-87.690854614652 41.95708282881)
b1d49083606517b18b2e534d6ad8846f472e372450e251d9f073f163bc193521b15e55d7b9fbd80a92545dc2252087dc7dfa81d6eae697470e89e2c860fc1a0e,JG110618,,01/10/2023 08:16:00 AM,30,NO CONTROLS,NO CONTROLS,CLEAR,DAYLIGHT,PEDALCYCLIST,DIVIDED - W/MEDIAN (NOT RAISED),,STRAIGHT AND LEVEL,DRY,NO DEFECTS,ON SCENE,INJURY AND / OR TOW DUE TO CRASH,N,,,$500 OR LESS,01/10/2023 08:22:00 AM,UNABLE TO DETERMINE,NOT APPLICABLE,2352,N,MILWAUKEE AVE,1414.0,,,,,,,2,"REPORTED, NOT EVIDENT",1.0,0.0,0.0,0.0,1.0,1.0,0.0,8,3,1,41.9238730951,-87.6991628536,POINT (-87.699162853601 41.923873095147)
4beadea662a7e5171572d03723d5e8aa1b4a3b938052ad7b2fa6e84feed93db721d8146dea602ae268a9342a33192429cfd9eb4f3498478baa76e2fdb39e4989,JD314062,,07/29/2020 01:30:00 PM,15,NO CONTROLS,NO CONTROLS,CLEAR,DAYLIGHT,REAR TO FRONT,DRIVEWAY,,STRAIGHT AND LEVEL,DRY,NO DEFECTS,NOT ON SCENE (DESK REPORT),NO INJURY / DRIVE AWAY,,,,$500 OR LESS,07/29/2020 02:30:00 PM,IMPROPER BACKING,DISTRACTION - FROM INSIDE VEHICLE,3141,S,ASHLAND AVE,912.0,,,,,,,2,NO INDICATION OF INJURY,0.0,0.0,0.0,0.0,0.0,2.0,0.0,13,4,7,41.8366084204,-87.6655705708,POINT (-87.665570570832 41.836608420376)
9913ce82a228be2e7b33838b93c82191ba47df82926adbbf7386f94260ff7d9a8340b8e9653341c2186dab28f2e7e9ca22c07f775d3d4cb081b5e99662e35928,JB399572,,08/19/2018 02:15:00 AM,30,NO CONTROLS,NO CONTROLS,CLEAR,"DARKNESS, LIGHTED ROAD",FIXED OBJECT,DIVIDED - W/MEDIAN BARRIER,6.0,STRAIGHT ON GRADE,DRY,NO DEFECTS,ON SCENE,INJURY AND / OR TOW DUE TO CRASH,,,,"OVER $1,500",08/19/2018 02:18:00 AM,PHYSICAL CONDITION OF DRIVER,UNABLE TO DETERMINE,2101,W,87TH ST,2221.0,,,,,,,1,NONINCAPACITATING INJURY,2.0,0.0,0.0,2.0,0.0,0.0,0.0,2,1,8,41.7355039327,-87.6762049013,POINT (-87.676204901326 41.735503932701)
fb15c3a656a672f519986be512f39d57f5472ef4e4940c65cfbc4ee46db8ea98c35cf41081a625b8b4543f6d17d0e82ebfb85a37577534ad2cce95946e161107,JG440556,,09/26/2023 10:15:00 PM,30,UNKNOWN,UNKNOWN,RAIN,"DARKNESS, LIGHTED ROAD",PARKED MOTOR VEHICLE,UNKNOWN,,STRAIGHT AND LEVEL,WET,UNKNOWN,NOT ON SCENE (DESK REPORT),NO INJURY / DRIVE AWAY,,,Y,"OVER $1,500",09/26/2023 10:30:00 PM,UNABLE TO DETERMINE,UNABLE TO DETERMINE,3412,S,CALUMET AVE,211.0,,,,,,,2,NO INDICATION OF INJURY,0.0,0.0,0.0,0.0,0.0,1.0,0.0,22,3,9,41.8324327524,-87.6182958854,POINT (-87.618295885411 41.83243275243)
da24dd0e59bc1cc1d43d641c7d2a25e6d43de5da2e56cb1949ad8fffd21a496b164afc8f10135c0a14ab557bb3009b32060ef3b04e7788247f2b1c7d0c9ac67d,JD399148,,10/14/2020 01:00:00 PM,30,UNKNOWN,UNKNOWN,UNKNOWN,UNKNOWN,PARKED MOTOR VEHICLE,PARKING LOT,,STRAIGHT AND LEVEL,UNKNOWN,UNKNOWN,NOT ON SCENE (DESK REPORT),NO INJURY / DRIVE AWAY,,Y,Y,"OVER $1,500",10/14/2020 01:55:00 PM,UNABLE TO DETERMINE,NOT APPLICABLE,4409,N,CENTRAL AVE,1623.0,,,,,,,3,NO INDICATION OF INJURY,0.0,0.0,0.0,0.0,0.0,1.0,0.0,13,4,10,41.9607671987,-87.7671040824,POINT (-87.76710408243 41.960767198735)
2ec0b51db3cb4db824b702896f0eea8efa84e653b22a77e88b0762fa01796e0d3d15c3c85d063047218984ed77452702cd8017ef4a653c6b13a1631783fef983,JF193850,,03/30/2022 08:00:00 AM,30,NO CONTROLS,NO CONTROLS,CLEAR,DAYLIGHT,PARKED MOTOR VEHICLE,ONE-WAY,,STRAIGHT AND LEVEL,UNKNOWN,UNKNOWN,ON SCENE,NO INJURY / DRIVE AWAY,,,,"OVER $1,500",03/30/2022 09:00:00 AM,UNABLE TO DETERMINE,UNABLE TO DETERMINE,1041,N,LONG AVE,1524.0,,,,,,,2,NO INDICATION OF INJURY,0.0,0.0,0.0,0.0,0.0,1.0,0.0,8,4,3,41.8997949477,-87.7606644721,POINT (-87.760664472138 41.899794947731)
f6c5449bf59630b5ede4c6fc7a1891e2e23c6ca7f647efc6103f9fa0d76b93b60af9c32fa5282f0a0c66a2b75ffcfec31896f7ea5b9777f73c39b3469597342a,JD401220,,10/16/2020 11:46:00 AM,30,STOP SIGN/FLASHER,FUNCTIONING PROPERLY,CLEAR,DAYLIGHT,ANGLE,NOT DIVIDED,,STRAIGHT AND LEVEL,DRY,NO DEFECTS,ON SCENE,INJURY AND / OR TOW DUE TO CRASH,,,,"OVER $1,500",10/16/2020 11:59:00 AM,FAILING TO YIELD RIGHT-OF-WAY,NOT APPLICABLE,448,S,FEDERAL ST,113.0,,,,,,,2,NO INDICATION OF INJURY,0.0,0.0,0.0,0.0,0.0,2.0,0.0,11,6,10,41.8757286526,-87.629846088,POINT (-87.629846088004 41.875728652642)
454f2a9049b03e8f84f47923ec816b630efc6e521154edc208ada3d7ddc72740f4ba9a0d708709bca3e9125449e2f42feb12abcae14f5f527576aeeeac17cb2d,JA359112,,07/22/2017 06:20:00 PM,30,NO CONTROLS,NO CONTROLS,CLEAR,DAYLIGHT,SIDESWIPE SAME DIRECTION,NOT DIVIDED,2.0,STRAIGHT AND LEVEL,DRY,NO DEFECTS,ON SCENE,NO INJURY / DRIVE AWAY,,,Y,"OVER $1,500",07/22/2017 06:20:00 PM,IMPROPER OVERTAKING/PASSING,UNABLE TO DETERMINE,6501,W,GRAND AVE,2512.0,,,,,,,2,NO INDICATION OF INJURY,0.0,0.0,0.0,0.0,0.0,2.0,0.0,18,7,7,41.9231797453,-87.787985085,POINT (-87.787985084968 41.923179745322)
7bf612e106ed7c9b82363763ef4b3edd72b92317ae55db183576f1681476844f64dbad87189fe9a02b4bbc0353191a1e40fa4ebf537f9cefe8ff226407ecb4fd,JC350562,,07/15/2019 10:13:00 PM,30,NO CONTROLS,NO CONTROLS,CLEAR,"DARKNESS, LIGHTED ROAD",REAR TO SIDE,OTHER,,STRAIGHT AND LEVEL,DRY,UNKNOWN,ON SCENE,NO INJURY / DRIVE AWAY,,Y,,"OVER $1,500",07/15/2019 10:13:00 PM,FAILING TO REDUCE SPEED TO AVOID CRASH,NOT APPLICABLE,6659,S,HALSTED ST,723.0,,,,,,,2,NO INDICATION OF INJURY,0.0,0.0,0.0,0.0,0.0,4.0,0.0,22,2,7,41.7725203706,-87.6444516562,POINT (-87.644451656216 41.772520370551)
74b6ad376c271d89ef7c232bb571f0b1a1fc0427b61f4bcc532708ac280bacadec99a5fcfc6f18d2f974c1e455c95a5e9c7595178de11fb89eaf3969078b2335,JB444499,,09/21/2018 07:50:00 AM,30,TRAFFIC SIGNAL,FUNCTIONING PROPERLY,CLEAR,DAYLIGHT,REAR END,ONE-WAY,3.0,STRAIGHT AND LEVEL,DRY,NO DEFECTS,NOT ON SCENE (DESK REPORT),NO INJURY / DRIVE AWAY,,,,"OVER $1,500",09/21/2018 08:10:00 AM,UNABLE TO DETERMINE,UNABLE TO DETERMINE,5900,S,WENTWORTH AVE,232.0,,,,,,,2,NO INDICATION OF INJURY,0.0,0.0,0.0,0.0,0.0,2.0,0.0,7,6,9,,,
15ff142e4ba21f91ac3a5cefbb0914a09a708a6c92e947b95756200505e2d44c1f5babaca5e7962dfd3ae7a7ecf1e340a26d04314a2db7e08bd12a18fc67d059,JA504936,N,11/08/2017 11:00:00 AM,30,NO CONTROLS,NO CONTROLS,CLEAR,DAYLIGHT,PARKED MOTOR VEHICLE,NOT DIVIDED,,STRAIGHT AND LEVEL,DRY,OTHER,ON SCENE,NO INJURY / DRIVE AWAY,,,Y,"$501 - $1,500",11/09/2017 10:15:00 AM,UNABLE TO DETERMINE,NOT APPLICABLE,2530,N,CLARK ST,1935.0,,,,,,,2,NO INDICATION OF INJURY,0.0,0.0,0.0,0.0,0.0,1.0,0.0,11,4,11,41.9285851591,-87.6424239127,POINT (-87.642423912707 41.928585159058)
6b1559858a16c71308a90c3dec4858e97d3cc654b9bf36f7f7372eba64777db32164303e9e926acaf12442c4cba4199ae73eae5cf744be3f17dd3a8d3da9b8a4,JE177909,,03/23/2021 10:50:00 PM,30,NO CONTROLS,NO CONTROLS,RAIN,"DARKNESS, LIGHTED ROAD",TURNING,NOT DIVIDED,,STRAIGHT AND LEVEL,WET,UNKNOWN,ON SCENE,INJURY AND / OR TOW DUE TO CRASH,,,,"OVER $1,500",03/23/2021 10:55:00 PM,FAILING TO YIELD RIGHT-OF-WAY,IMPROPER TURNING/NO SIGNAL,6453,S,CICERO AVE,813.0,,,,,,,2,NONINCAPACITATING INJURY,5.0,0.0,0.0,5.0,0.0,1.0,0.0,22,3,3,41.7750426646,-87.7420346358,POINT (-87.742034635773 41.775042664633)
a1cbd77f9290aa8e33e1c00b2bc5ea06048c62b6e4fe13d2038e7382a198ff4749cfd5da10f371099fca4c7c7a5244e66fc2086ed8f29a92f31dc833be03de67,JE313574,,07/25/2021 11:30:00 AM,30,NO CONTROLS,NO CONTROLS,CLEAR,DAYLIGHT,SIDESWIPE SAME DIRECTION,NOT DIVIDED,,STRAIGHT AND LEVEL,DRY,NO DEFECTS,NOT ON SCENE (DESK REPORT),INJURY AND / OR TOW DUE TO CRASH,,,,"OVER $1,500",07/25/2021 12:22:00 PM,UNABLE TO DETERMINE,UNABLE TO DETERMINE,1,N,PULASKI RD,1122.0,,,,,,,2,NO INDICATION OF INJURY,0.0,0.0,0.0,0.0,0.0,2.0,0.0,11,1,7,41.880789246,-87.7255246871,POINT (-87.725524687149 41.880789246043)
e83f4fb1188ca409777c425fec94493a8324a47ad158d3cf91b5d7a4c86168e83daeb5af03b8727773f75153c23fccd3c409503a43af45bb74e301f7396d4e94,JC397457,,08/18/2019 12:30:00 PM,30,TRAFFIC SIGNAL,FUNCTIONING PROPERLY,CLEAR,DAYLIGHT,REAR END,NOT DIVIDED,,STRAIGHT AND LEVEL,DRY,NO DEFECTS,ON SCENE,NO INJURY / DRIVE AWAY,Y,,,"OVER $1,500",08/18/2019 12:37:00 PM,DRIVING SKILLS/KNOWLEDGE/EXPERIENCE,FOLLOWING TOO CLOSELY,2802,W,55TH ST,923.0,,,,,,,3,NO INDICATION OF INJURY,0.0,0.0,0.0,0.0,0.0,5.0,0.0,12,1,8,41.7937979031,-87.6939538357,POINT (-87.69395383572 41.793797903147)
bd21d70baec92c0f3e8dd27795f3c83cadc2631e966ff16a8e2456819834c3fb46e5e916ed78ca16f4272a5a2d991342e5c2e809e2c67f81ee792ce99751654b,JB549259,,12/11/2018 05:40:00 PM,20,NO CONTROLS,NO CONTROLS,CLEAR,"DARKNESS, LIGHTED ROAD",PARKED MOTOR VEHICLE,NOT DIVIDED,2.0,STRAIGHT AND LEVEL,DRY,NO DEFECTS,ON SCENE,NO INJURY / DRIVE AWAY,,,,"OVER $1,500",12/11/2018 05:45:00 PM,NOT APPLICABLE,NOT APPLICABLE,6457,W,RAVEN ST,1611.0,,,,,,,2,NO INDICATION OF INJURY,0.0,0.0,0.0,0.0,0.0,1.0,0.0,17,3,12,41.9936156152,-87.7896191066,POINT (-87.789619106631 41.993615615171)
4be86584c229bcec5ddd34a37c1c3aff40f2e2f44227125782f1f055ab97c1c722390871328fe4c9633015aded9421687a6ba934f879b0842bbc640f12a21cf7,JB503466,,11/03/2018 09:03:00 PM,30,NO CONTROLS,NO CONTROLS,RAIN,"DARKNESS, LIGHTED ROAD",SIDESWIPE SAME DIRECTION,NOT DIVIDED,2.0,STRAIGHT AND LEVEL,WET,NO DEFECTS,ON SCENE,NO INJURY / DRIVE AWAY,,,Y,$500 OR LESS,11/03/2018 09:03:00 PM,IMPROPER OVERTAKING/PASSING,NOT APPLICABLE,430,N,LARAMIE AVE,1523.0,,,,,,,2,NO INDICATION OF INJURY,0.0,0.0,0.0,0.0,0.0,4.0,0.0,21,7,11,41.8885921461,-87.7555140223,POINT (-87.755514022293 41.88859214607)
99dd4a1dc3f0472e6814196b160558efda314c0663e0fc7005480f9de99ccb0d01594b9288b044dfd03f8ff0386bdb98b4033075dc211509f5a2fbf56a047a9d,JA473643,,10/16/2017 03:00:00 PM,10,NO CONTROLS,NO CONTROLS,CLEAR,DAYLIGHT,PARKED MOTOR VEHICLE,ALLEY,1.0,STRAIGHT AND LEVEL,DRY,NO DEFECTS,NOT ON SCENE (DESK REPORT),NO INJURY / DRIVE AWAY,,,,"OVER $1,500",10/16/2017 06:00:00 PM,NOT APPLICABLE,NOT APPLICABLE,1240,S,CHRISTIANA AVE,1021.0,,,,,,,2,NO INDICATION OF INJURY,0.0,0.0,0.0,0.0,0.0,1.0,0.0,15,2,10,41.8650920412,-87.7094347029,POINT (-87.709434702898 41.865092041189)
8404ca07338eaaf9f2f0ef4e39ce4b5ea612fbe9c1a2531ae4f9379b676f24b8287e409a365f904544ae4b6986712cac826daf20502b6a9c3c180f936d960d56,JD141020,,02/05/2020 01:30:00 PM,30,STOP SIGN/FLASHER,FUNCTIONING PROPERLY,CLEAR,DAYLIGHT,REAR END,NOT DIVIDED,,STRAIGHT AND LEVEL,DRY,NO DEFECTS,NOT ON SCENE (DESK REPORT),NO INJURY / DRIVE AWAY,,,,"OVER $1,500",02/05/2020 02:56:00 PM,IMPROPER BACKING,NOT APPLICABLE,600,N,ELIZABETH ST,1215.0,,,,,,,2,NO INDICATION OF INJURY,0.0,0.0,0.0,0.0,0.0,3.0,0.0,13,4,2,41.8925673112,-87.6596683968,POINT (-87.659668396776 41.892567311177)
f6c31d606d340ea8ab5a9baa8c2f4623ac8410d4daf7020ef96b2b79d9685c15653b52daf6e0347686986026aee509260f44ceeb676932d5ce10a75c65cd3dc9,JG310139,,06/21/2023 03:30:00 PM,30,TRAFFIC SIGNAL,FUNCTIONING PROPERLY,CLEAR,DAWN,TURNING,OTHER,,STRAIGHT AND LEVEL,DRY,NO DEFECTS,ON SCENE,NO INJURY / DRIVE AWAY,,,Y,"OVER $1,500",06/21/2023 03:30:00 PM,IMPROPER TURNING/NO SIGNAL,UNABLE TO DETERMINE,7900,S,RACINE AVE,612.0,,,,,,,2,NO INDICATION OF INJURY,0.0,0.0,0.0,0.0,0.0,2.0,0.0,15,4,6,41.7504749298,-87.6538833344,POINT (-87.653883334391 41.750474929778)
b191fca90462b7e7094fc4e181f6217f3b39782a642d75a41b5147fd5e8fbe83170ca8c116627bec57e9fa2242499de1bbc520ec381db04f6c38003bf88a060b,JB493976,,10/28/2018 06:00:00 PM,25,STOP SIGN/FLASHER,FUNCTIONING PROPERLY,RAIN,"DARKNESS, LIGHTED ROAD",PARKED MOTOR VEHICLE,ONE-WAY,1.0,STRAIGHT AND LEVEL,WET,NO DEFECTS,ON SCENE,INJURY AND / OR TOW DUE TO CRASH,,,,"OVER $1,500",10/28/2018 06:05:00 PM,PHYSICAL CONDITION OF DRIVER,NOT APPLICABLE,2502,W,MORSE AVE,2411.0,,,,,,,2,NONINCAPACITATING INJURY,1.0,0.0,0.0,1.0,0.0,0.0,0.0,18,1,10,42.0069010695,-87.6927369294,POINT (-87.692736929406 42.00690106947)
e518ff7940ba55f7c12aac388531c5b0353ad3fafcafe965b5b10a58bfcbfb2db838d06ab28b738611b519dc6e358a3ebfd55a39f7bcb24b71980db6d8a3507a,JA176901,,03/06/2017 12:01:00 PM,30,STOP SIGN/FLASHER,FUNCTIONING PROPERLY,CLOUDY/OVERCAST,DAYLIGHT,TURNING,DIVIDED - W/MEDIAN (NOT RAISED),0.0,STRAIGHT AND LEVEL,WET,NO DEFECTS,ON SCENE,NO INJURY / DRIVE AWAY,Y,,,"OVER $1,500",03/06/2017 12:05:00 PM,FAILING TO YIELD RIGHT-OF-WAY,FAILING TO REDUCE SPEED TO AVOID CRASH,731,W,CERMAK RD,1235.0,,,,,,,2,NO INDICATION OF INJURY,0.0,0.0,0.0,0.0,0.0,2.0,0.0,12,2,3,41.8525445421,-87.6459197434,POINT (-87.645919743399 41.852544542093)
8cf76938b04325e239af8f992f9b9ec0303d05f1db1da3cd7b84f91c662a8beb9e39c0e67c901ddf10dc33f8531818219d9eab0e90ff65d7f0add9df9f705991,JF345126,,08/04/2022 12:52:00 PM,35,TRAFFIC SIGNAL,FUNCTIONING PROPERLY,CLEAR,DAYLIGHT,TURNING,Y-INTERSECTION,,STRAIGHT AND LEVEL,DRY,NO DEFECTS,NOT ON SCENE (DESK REPORT),NO INJURY / DRIVE AWAY,Y,,,"OVER $1,500",08/05/2022 11:35:00 AM,FAILING TO YIELD RIGHT-OF-WAY,FAILING TO YIELD RIGHT-OF-WAY,3901,S,ARCHER AVE,921.0,,,,,,,2,NO INDICATION OF INJURY,0.0,0.0,0.0,0.0,0.0,2.0,0.0,12,5,8,41.8227408108,-87.689909789,POINT (-87.689909789049 41.822740810808)
c6726cb0fd8335cf12b321376e11ff2683520c267c1237583d34cce5ca0f80c5f61178aa83fa9b4a13188b42112235073fbd63ec1b4b51a17ea5be72c1fd6f3b,JF300741,,07/01/2022 01:00:00 AM,30,TRAFFIC SIGNAL,FUNCTIONING PROPERLY,CLEAR,DARKNESS,TURNING,ONE-WAY,,STRAIGHT AND LEVEL,DRY,UNKNOWN,NOT ON SCENE (DESK REPORT),NO INJURY / DRIVE AWAY,Y,,,"OVER $1,500",07/01/2022 01:30:00 AM,IMPROPER LANE USAGE,IMPROPER LANE USAGE,5500,S,WENTWORTH AVE,225.0,,,,,,,2,NO INDICATION OF INJURY,0.0,0.0,0.0,0.0,0.0,2.0,0.0,1,6,7,,,
f842663c4e38124a044d930b7c6e9ab2a535ac127c34bb513ed8989608f02575d82f37ab7d5330b9dae3b55b04851f95aa425d4997c968f28ad8a26fd4095ba7,JC231105,,04/20/2019 02:49:00 AM,30,NO CONTROLS,NO CONTROLS,CLEAR,"DARKNESS, LIGHTED ROAD",PARKED MOTOR VEHICLE,DIVIDED - W/MEDIAN (NOT RAISED),,STRAIGHT AND LEVEL,DRY,NO DEFECTS,ON SCENE,INJURY AND / OR TOW DUE TO CRASH,,,,"OVER $1,500",04/20/2019 02:53:00 AM,UNABLE TO DETERMINE,HAD BEEN DRINKING (USE WHEN ARREST IS NOT MADE),5139,W,FOSTER AVE,1623.0,,,,,,,2,NO INDICATION OF INJURY,0.0,0.0,0.0,0.0,0.0,1.0,0.0,2,7,4,41.9751198663,-87.7568831806,POINT (-87.756883180566 41.975119866323)
2acde2a91dd6b0fc5fc7f2376651bdf22ed6b6ca74588c95233c86c4baf2578272407255d6af8989ec9ca843d02eaf72fbd72efd1ad0f41179505b9323d47cfc,JE404733,,10/10/2021 09:03:00 AM,30,TRAFFIC SIGNAL,FUNCTIONING PROPERLY,CLEAR,DAYLIGHT,SIDESWIPE SAME DIRECTION,FOUR WAY,,STRAIGHT AND LEVEL,DRY,NO DEFECTS,NOT ON SCENE (DESK REPORT),NO INJURY / DRIVE AWAY,Y,,Y,$500 OR LESS,10/10/2021 10:15:00 AM,UNABLE TO DETERMINE,UNABLE TO DETERMINE,1701,E,103RD ST,434.0,,,,,,,2,NO INDICATION OF INJURY,0.0,0.0,0.0,0.0,0.0,3.0,0.0,9,1,10,41.707722898,-87.5830235541,POINT (-87.583023554127 41.707722898022)
c3576504ff267ee8f2bc0bd2add739d64d1f8380a2212ba2bd8e074651ad7ea55c13937f0e1909b450a394dba1f2b91e9494ec5c7a14fd18685c71991fc729c7,JD455379,,12/10/2020 02:00:00 PM,30,TRAFFIC SIGNAL,FUNCTIONING PROPERLY,CLEAR,DAYLIGHT,SIDESWIPE SAME DIRECTION,ONE-WAY,,STRAIGHT AND LEVEL,DRY,NO DEFECTS,NOT ON SCENE (DESK REPORT),NO INJURY / DRIVE AWAY,,,Y,"OVER $1,500",12/10/2020 05:00:00 PM,IMPROPER LANE USAGE,IMPROPER LANE USAGE,3900,S,WELLS ST,925.0,,,,,,,2,NO INDICATION OF INJURY,0.0,0.0,0.0,0.0,0.0,2.0,0.0,14,5,12,41.8235388572,-87.6326905498,POINT (-87.632690549793 41.823538857157)
fffdb37cd37957c97e76ac02d52fe9f2d22ddfcf3b6a84d6c4bfe0992d64fa86d70c65679fa4068444ffc4a7168cf36c3b564de6bc53dea63e3592708bde7320,JB308161,,06/15/2018 01:30:00 PM,30,NO CONTROLS,NO CONTROLS,CLEAR,DAYLIGHT,PARKED MOTOR VEHICLE,DIVIDED - W/MEDIAN (NOT RAISED),,STRAIGHT AND LEVEL,DRY,NO DEFECTS,NOT ON SCENE (DESK REPORT),NO INJURY / DRIVE AWAY,,,Y,"OVER $1,500",06/15/2018 03:30:00 PM,UNABLE TO DETERMINE,NOT APPLICABLE,2764,N,MILWAUKEE AVE,1412.0,,,,,,,2,NO INDICATION OF INJURY,0.0,0.0,0.0,0.0,0.0,2.0,0.0,13,6,6,41.9313322893,-87.7113546747,POINT (-87.711354674699 41.931332289278)
5f6c844aec092322e67fb3b69fdc4bd51f3d2aabde4d8f6e5dbf3ef5245fd05a9aea99bd10acc61fddaca7e86ab2d151fbf75a2cd5ae1214ff75d0bc10b282b7,JC136140,,02/01/2019 08:20:00 AM,15,NO CONTROLS,NO CONTROLS,SNOW,DAYLIGHT,ANGLE,NOT DIVIDED,1.0,STRAIGHT AND LEVEL,SNOW OR SLUSH,NO DEFECTS,NOT ON SCENE (DESK REPORT),NO INJURY / DRIVE AWAY,Y,,,"OVER $1,500",02/01/2019 09:30:00 AM,FAILING TO YIELD RIGHT-OF-WAY,FAILING TO YIELD RIGHT-OF-WAY,5516,S,NEWLAND AVE,811.0,,,,,,,2,NO INDICATION OF INJURY,0.0,0.0,0.0,0.0,0.0,2.0,0.0,8,6,2,41.7915330498,-87.795363577,POINT (-87.795363577012 41.791533049849)
16b185ab741ba15f80c05f22f08f46fa1f3016249e8dbd9d0c428658aa505f5b162078c75c9e5ce27bda7351308bebf111d11a1464eb018d93b602b04c63b3b6,JD289675,,07/07/2020 06:45:00 PM,35,TRAFFIC SIGNAL,FUNCTIONING PROPERLY,CLEAR,DAYLIGHT,REAR END,DIVIDED - W/MEDIAN (NOT RAISED),,STRAIGHT AND LEVEL,DRY,NO DEFECTS,ON SCENE,INJURY AND / OR TOW DUE TO CRASH,,,Y,"OVER $1,500",07/07/2020 06:50:00 PM,FOLLOWING TOO CLOSELY,UNABLE TO DETERMINE,3753,N,CLARK ST,1923.0,,,,,,,2,"REPORTED, NOT EVIDENT",1.0,0.0,0.0,0.0,1.0,1.0,0.0,18,3,7,41.9503007149,-87.6588421615,POINT (-87.658842161463 41.950300714937)