CRASH_RECORD_ID,RD_NO,CRASH_DATE_EST_I,CRASH_DATE,POSTED_SPEED_LIMIT,TRAFFIC_CONTROL_DEVICE,DEVICE_CONDITION,WEATHER_CONDITION,LIGHTING_CONDITION,FIRST_CRASH_TYPE,TRAFFICWAY_TYPE,LANE_CNT,ALIGNMENT,ROADWAY_SURFACE_COND,ROAD_DEFECT,REPORT_TYPE,CRASH_TYPE,INTERSECTION_RELATED_I,NOT_RIGHT_OF_WAY_I,HIT_AND_RUN_I,DAMAGE,DATE_POLICE_NOTIFIED,PRIM_CONTRIBUTORY_CAUSE,SEC_CONTRIBUTORY_CAUSE,STREET_NO,STREET_DIRECTION,STREET_NAME,BEAT_OF_OCCURRENCE,PHOTOS_TAKEN_I,STATEMENTS_TAKEN_I,DOORING_I,WORK_ZONE_I,WORK_ZONE_TYPE,WORKERS_PRESENT_I,NUM_UNITS,MOST_SEVERE_INJURY,INJURIES_TOTAL,INJURIES_FATAL,INJURIES_INCAPACITATING,INJURIES_NON_INCAPACITATING,INJURIES_REPORTED_NOT_EVIDENT,INJURIES_NO_INDICATION,INJURIES_UNKNOWN,CRASH_HOUR,CRASH_DAY_OF_WEEK,CRASH_MONTH,LATITUDE,LONGITUDE,LOCATION
72302119219fb8bc80c7ad1f0351aa667ef9c68380c3fa8548e08fb4aa786c1fda327aee94ba525aea3fcbcd028a947856192abdb65486be0f9b3dba913c8e3a,JG129271,,01/25/2023 03:45:00 PM,30,UNKNOWN,UNKNOWN,UNKNOWN,UNKNOWN,SIDESWIPE SAME DIRECTION,ONE-WAY,,STRAIGHT AND LEVEL,UNKNOWN,UNKNOWN,NOT ON SCENE (DESK REPORT),NO INJURY / DRIVE AWAY,,,Y,"OVER $1,500",01/25/2023 05:00:00 PM,UNABLE TO DETERMINE,UNABLE TO DETERMINE,799,W,SCHILLER ST,1822.0,,,,,,,2,NO INDICATION OF INJURY,0.0,0.0,0.0,0.0,0.0,2.0,0.0,15,4,1,41.9073637939,-87.6481030912,POINT (-87.648103091206 41.907363793909)
f0914a9af4ed6db7a89383e316b696db9777ce32ec438c2e798c2f6e37eb84ab78ec7de018c6d477d846aad3f71ffa761ecf68894628221608205949d28f4550,JA416045,,09/02/2017 01:29:00 PM,30,NO CONTROLS,NO CONTROLS,CLEAR,DAYLIGHT,REAR END,DIVIDED - W/MEDIAN (NOT RAISED),,STRAIGHT AND LEVEL,DRY,NO DEFECTS,ON SCENE,NO INJURY / DRIVE AWAY,,,,"OVER $1,500",09/02/2017 01:29:00 PM,FOLLOWING TOO CLOSELY,FOLLOWING TOO CLOSELY,3459,N,HARLEM AVE,1632.0,,,,,,,3,NO INDICATION OF INJURY,0.0,0.0,0.0,0.0,0.0,9.0,0.0,13,7,9,41.943358539,-87.8067933353,POINT (-87.806793335324 41.943358539021)
81598173d87878276827932d92443ee0c049df6ad8e48e57148ac3589429ea89aed10dac41df50abc88f3676ddc925fc53e259e70a6edfed2bcbe7a80c40e640,JA416007,,09/02/2017 01:01:00 PM,30,NO CONTROLS,NO CONTROLS,CLEAR,DAYLIGHT,ANGLE,NOT DIVIDED,,STRAIGHT AND LEVEL,DRY,NO DEFECTS,ON SCENE,NO INJURY / DRIVE AWAY,,,,"OVER $1,500",09/02/2017 01:05:00 PM,DRIVING SKILLS/KNOWLEDGE/EXPERIENCE,FAILING TO YIELD RIGHT-OF-WAY,3556,N,KEDZIE AVE,1733.0,,,,,,,2,NO INDICATION OF INJURY,0.0,0.0,0.0,0.0,0.0,2.0,0.0,13,7,9,41.9464000452,-87.707961278,POINT (-87.707961277982 41.94640004522)
4f9728e4d33c0c0cfedbe486aef1203d0ca92db5967d5d6c9d8a10ef1dcec5b481ff0d7a36fc8f81ea8afde0cc2da94b113546da694de81038e9bbd5a616d5be,JE391595,,09/29/2021 12:30:00 PM,30,TRAFFIC SIGNAL,FUNCTIONING PROPERLY,CLEAR,DAYLIGHT,SIDESWIPE SAME DIRECTION,DIVIDED - W/MEDIAN (NOT RAISED),,STRAIGHT AND LEVEL,DRY,NO DEFECTS,NOT ON SCENE (DESK REPORT),NO INJURY / DRIVE AWAY,,,Y,"$501 - $1,500",09/29/2021 12:45:00 PM,UNABLE TO DETERMINE,UNABLE TO DETERMINE,11500,S,COTTAGE GROVE AVE,532.0,,,,,,,2,NO INDICATION OF INJURY,0.0,0.0,0.0,0.0,0.0,2.0,0.0,12,4,9,41.6853992105,-87.6112474733,POINT (-87.611247473326 41.685399210486)
c71132f544ff58e833f28e74934bf11bb17c5f30cd624ec784e8f57ee5d7a5fc9227b9a32c9a630708b944c6469a69d0f05916b3c75362c2162f87fe2f1445bd,JC313553,,06/19/2019 07:20:00 PM,30,NO CONTROLS,NO CONTROLS,RAIN,DUSK,REAR END,NOT DIVIDED,,STRAIGHT AND LEVEL,WET,NO DEFECTS,NOT ON SCENE (DESK REPORT),NO INJURY / DRIVE AWAY,N,,Y,"OVER $1,500",06/19/2019 07:45:00 PM,IMPROPER OVERTAKING/PASSING,FAILING TO REDUCE SPEED TO AVOID CRASH,1760,W,DIVISION ST,1424.0,,,,,,,2,NO INDICATION OF INJURY,0.0,0.0,0.0,0.0,0.0,2.0,0.0,19,4,6,41.9033775775,-87.6723235595,POINT (-87.67232355948 41.903377577452)
ec1066900a71eaf074fed218c9b952c3941b9935af5073984a9a96d304f0e562bf0ff970ab0afbacc18ab2e939389fdce1e487c6638234ace9bc9fac9e3b0381,JB356882,,07/19/2018 01:00:00 PM,20,NO CONTROLS,NO CONTROLS,CLEAR,DAYLIGHT,PARKED MOTOR VEHICLE,PARKING LOT,1.0,STRAIGHT AND LEVEL,DRY,UNKNOWN,NOT ON SCENE (DESK REPORT),NO INJURY / DRIVE AWAY,,,Y,"$501 - $1,500",07/19/2018 08:10:00 PM,UNABLE TO DETERMINE,UNABLE TO DETERMINE,3745,N,LINCOLN AVE,1922.0,,,,,,,2,NO INDICATION OF INJURY,0.0,0.0,0.0,0.0,0.0,1.0,0.0,13,5,7,41.9499611711,-87.6756711293,POINT (-87.675671129255 41.949961171142)
5c0e35a68754110f477c97679a9a48474c202131209bd7ca3e3cc34cfd86a182f2b7d5356ac586c628e9c30ee6aa4c11774483def2fed8718da0ac6e368d61bd,JB528400,,11/24/2018 04:00:00 PM,30,NO CONTROLS,NO CONTROLS,CLEAR,"DARKNESS, LIGHTED ROAD",SIDESWIPE SAME DIRECTION,NOT DIVIDED,4.0,STRAIGHT AND LEVEL,WET,NO DEFECTS,NOT ON SCENE (DESK REPORT),NO INJURY / DRIVE AWAY,,,Y,"$501 - $1,500",11/25/2018 12:55:00 PM,IMPROPER LANE USAGE,UNABLE TO DETERMINE,100,E,RANDOLPH ST,114.0,,,,,,,2,NO INDICATION OF INJURY,0.0,0.0,0.0,0.0,0.0,2.0,0.0,16,7,11,41.8845772195,-87.6244036339,POINT (-87.62440363391 41.884577219487)
0d03097f9c41d7339e128acb657aa8ca2eb3aaf7f78e71df58183ca7cafb1ae2934b0b6cbd1ca2121cdf824af15a5bcff9e1c2aa803d36ef11eff7bc601c4b99,JF182034,,03/21/2022 09:46:00 PM,30,NO CONTROLS,NO CONTROLS,CLEAR,"DARKNESS, LIGHTED ROAD",REAR END,NOT DIVIDED,,STRAIGHT AND LEVEL,DRY,NO DEFECTS,ON SCENE,INJURY AND / OR TOW DUE TO CRASH,,,Y,"OVER $1,500",03/21/2022 09:50:00 PM,FOLLOWING TOO CLOSELY,FAILING TO REDUCE SPEED TO AVOID CRASH,5731,S,CORNELL DR,331.0,,,,,,,2,INCAPACITATING INJURY,1.0,0.0,1.0,0.0,0.0,1.0,0.0,21,2,3,41.7907339007,-87.5852620703,POINT (-87.585262070277 41.790733900729)
f6e7bf0dbc47ed60cc4ae258e0603dc2e51747e3934118700a200480238822e48d8d9679e445b8f5026327262d408fa6109e9cd1d4c759ce2a832b42d53cb0e0,JA453989,,09/30/2017 12:00:00 PM,30,NO CONTROLS,NO CONTROLS,CLEAR,DAYLIGHT,SIDESWIPE OPPOSITE DIRECTION,DIVIDED - W/MEDIAN (NOT RAISED),2.0,STRAIGHT AND LEVEL,DRY,NO DEFECTS,NOT ON SCENE (DESK REPORT),NO INJURY / DRIVE AWAY,,,Y,$500 OR LESS,10/01/2017 12:30:00 PM,FAILING TO YIELD RIGHT-OF-WAY,NOT APPLICABLE,494,N,HAMLIN AVE,1122.0,,,,,,,3,NO INDICATION OF INJURY,0.0,0.0,0.0,0.0,0.0,4.0,0.0,12,7,9,41.8898090467,-87.7211782256,POINT (-87.721178225615 41.889809046747)
8cbe8d848a24d7b492321ac8498d72bcf64b6fc94411b413f1f9d9b2a949f165de864d330d018c5692569a7eba7edddb60930fa9d5d8c1fb078484e6c66cc069,,Y,10/24/2023 08:22:00 AM,30,TRAFFIC SIGNAL,FUNCTIONING PROPERLY,CLEAR,DAYLIGHT,REAR END,DIVIDED - W/MEDIAN (NOT RAISED),,STRAIGHT AND LEVEL,DRY,NO DEFECTS,NOT ON SCENE (DESK REPORT),NO INJURY / DRIVE AWAY,,,,"$501 - $1,500",10/24/2023 08:45:00 AM,FOLLOWING TOO CLOSELY,NOT APPLICABLE,11500,S,WESTERN AVE,2212.0,,,,,,,2,NO INDICATION OF INJURY,0.0,0.0,0.0,0.0,0.0,2.0,0.0,8,3,10,41.6844127887,-87.6810710493,POINT (-87.681071049272 41.684412788735)
23107907576c238ca73acd984c2be837af9ee49c142040ac00d14c7974de837368cc997967ba70d9a838de47d3f7dc631e4f7bf198da628dd5410e9f223a6040,JG218229,,04/10/2023 05:15:00 PM,30,NO CONTROLS,NO CONTROLS,CLEAR,DAYLIGHT,REAR END,NOT DIVIDED,,STRAIGHT AND LEVEL,DRY,NO DEFECTS,NOT ON SCENE (DESK REPORT),NO INJURY / DRIVE AWAY,,,,"OVER $1,500",04/10/2023 07:08:00 PM,DRIVING SKILLS/KNOWLEDGE/EXPERIENCE,UNABLE TO DETERMINE,10,S,COLUMBUS DR,114.0,,,,,,,2,NO INDICATION OF INJURY,0.0,0.0,0.0,0.0,0.0,2.0,0.0,17,2,4,41.8818727306,-87.6209020002,POINT (-87.620902000222 41.881872730553)
72aaa61939154252d138b43f1e7ddf9214e33b9a4b5c199d173e3cda3060706abe7fb17684a735af5c7dae527fa5effdd19362169f9de9ef11f7a3de11ff69bc,HZ486250,,10/23/2016 05:40:00 PM,10,NO CONTROLS,NO CONTROLS,CLEAR,DARKNESS,PARKED MOTOR VEHICLE,PARKING LOT,,STRAIGHT AND LEVEL,DRY,NO DEFECTS,NOT ON SCENE (DESK REPORT),NO INJURY / DRIVE AWAY,,,Y,"$501 - $1,500",10/23/2016 08:36:00 PM,UNABLE TO DETERMINE,UNABLE TO DETERMINE,9510,S,JEFFERY AVE,431.0,,,,,,,2,NO INDICATION OF INJURY,0.0,0.0,0.0,0.0,0.0,1.0,0.0,17,1,10,41.7220824768,-87.575493305,POINT (-87.575493304979 41.722082476841)
f513f95d619ca6e319726014d694c1e85ba9843940dc757bf809b9d5473443c8c8b64be1108a913773cb8b610c56ce59107ba0518f3d61ac3b1484b4ff79f268,JA551277,,12/16/2017 09:14:00 AM,30,TRAFFIC SIGNAL,FUNCTIONING PROPERLY,CLEAR,DAYLIGHT,SIDESWIPE SAME DIRECTION,DIVIDED - W/MEDIAN BARRIER,2.0,STRAIGHT AND LEVEL,DRY,NO DEFECTS,NOT ON SCENE (DESK REPORT),NO INJURY / DRIVE AWAY,Y,,,"$501 - $1,500",12/16/2017 09:25:00 AM,IMPROPER OVERTAKING/PASSING,UNABLE TO DETERMINE,3400,S,CALIFORNIA AVE,911.0,,,,,,,2,NO INDICATION OF INJURY,0.0,0.0,0.0,0.0,0.0,2.0,0.0,9,7,12,41.832127133,-87.6950214636,POINT (-87.695021463612 41.832127132976)
8705d8136c098fcf4cf766da0e0c7decfb0c6243aac324b6c63ff9d45b25b57d650462b3b0361593e79ab2b6afdf59835d9c386add72d47a720289ce701df3b9,JC114660,,01/12/2019 06:20:00 PM,30,TRAFFIC SIGNAL,FUNCTIONING PROPERLY,SNOW,"DARKNESS, LIGHTED ROAD",ANGLE,ONE-WAY,,STRAIGHT AND LEVEL,SNOW OR SLUSH,NO DEFECTS,ON SCENE,INJURY AND / OR TOW DUE TO CRASH,Y,,,"OVER $1,500",01/12/2019 06:25:00 PM,DISREGARDING TRAFFIC SIGNALS,FAILING TO YIELD RIGHT-OF-WAY,102,N,CLARK ST,122.0,,,,,,,2,NO INDICATION OF INJURY,0.0,0.0,0.0,0.0,0.0,4.0,0.0,18,7,1,41.883318122,-87.6310582358,POINT (-87.631058235815 41.883318121993)
325db8e299c7c41856380680e35d296958169f2f131caaf5f099f2ff853ea6c8d601721ec0f827757d0c11da701411a99cc7589b55e5f284509f2bdac0c0f24d,JB122627,Y,01/20/2018 12:55:00 AM,30,NO CONTROLS,NO CONTROLS,CLEAR,"DARKNESS, LIGHTED ROAD",PARKED MOTOR VEHICLE,ONE-WAY,1.0,STRAIGHT AND LEVEL,DRY,NO DEFECTS,ON SCENE,NO INJURY / DRIVE AWAY,,,N,"$501 - $1,500",01/20/2018 01:31:00 AM,UNABLE TO DETERMINE,NOT APPLICABLE,3921,N,LAVERGNE AVE,1634.0,,,,,,,2,NO INDICATION OF INJURY,0.0,0.0,0.0,0.0,0.0,1.0,0.0,0,7,1,41.9521824591,-87.7520531363,POINT (-87.752053136267 41.95218245909)
582b89bb6bf95b071837d43efdbff37ddc117ab03c09f42411331062b6430b7c0e4d358a35559ca27e3cc71575f4bd6e1b8f3513b9bebbc34d8d8cf2c88d1333,JB237870,,04/23/2018 02:30:00 PM,30,NO CONTROLS,NO CONTROLS,CLEAR,DAYLIGHT,PARKED MOTOR VEHICLE,UNKNOWN,,STRAIGHT AND LEVEL,DRY,NO DEFECTS,NOT ON SCENE (DESK REPORT),NO INJURY / DRIVE AWAY,,,Y,$500 OR LESS,04/25/2018 06:30:00 PM,UNABLE TO DETERMINE,NOT APPLICABLE,1558,N,ELSTON AVE,1433.0,,,,,,,2,NO INDICATION OF INJURY,0.0,0.0,0.0,0.0,0.0,1.0,0.0,14,2,4,41.9105746696,-87.6622352294,POINT (-87.662235229404 41.910574669649)
23779867fbafb08bca5060595c9149d30d9b3d3c5b79016f0e9572a9a242a7480be740ac4e8d32ce3dff3b967fd8ca682dbe16ab49ddc1814d31c99a5821842e,JC415357,,08/31/2019 10:35:00 PM,30,NO CONTROLS,NO CONTROLS,CLEAR,"DARKNESS, LIGHTED ROAD",TURNING,NOT DIVIDED,,STRAIGHT AND LEVEL,DRY,UNKNOWN,ON SCENE,INJURY AND / OR TOW DUE TO CRASH,,,,"OVER $1,500",08/31/2019 10:35:00 PM,FAILING TO YIELD RIGHT-OF-WAY,UNABLE TO DETERMINE,10007,S,MICHIGAN AVE,511.0,,Y,,,,,2,"REPORTED, NOT EVIDENT",3.0,0.0,0.0,0.0,3.0,0.0,0.0,22,7,8,41.7124749007,-87.619960826,POINT (-87.619960825974 41.712474900694)
4e504b767f8ca42f4a3b47b99da3ecff0db3e1d15b0d9cf5356b8a7d2019aec7610253568092f5cf1d03c17bc9c3d813162922023ca45144ceb5a56875000a54,JF462230,,11/04/2022 03:30:00 PM,30,NO CONTROLS,NO CONTROLS,CLOUDY/OVERCAST,DAYLIGHT,REAR END,NOT DIVIDED,,STRAIGHT AND LEVEL,WET,NO DEFECTS,NOT ON SCENE (DESK REPORT),NO INJURY / DRIVE AWAY,,,,"OVER $1,500",11/04/2022 04:10:00 PM,FOLLOWING TOO CLOSELY,UNABLE TO DETERMINE,2424,S,HALSTED ST,913.0,,,,,,,2,NO INDICATION OF INJURY,0.0,0.0,0.0,0.0,0.0,2.0,0.0,15,6,11,41.8484860045,-87.6466551651,POINT (-87.646655165075 41.848486004454)
ff0b267dcb3a1f79e874967e49c9357dd70d6822379205307af3c6177f85ca487023d39ec05162363977114f8bc848fe09553c55f199cabb0326ef5b8fa7e4fa,JF206485,,04/13/2022 09:40:00 AM,30,TRAFFIC SIGNAL,FUNCTIONING PROPERLY,RAIN,DAYLIGHT,TURNING,DIVIDED - W/MEDIAN (NOT RAISED),,STRAIGHT AND LEVEL,WET,NO DEFECTS,ON SCENE,INJURY AND / OR TOW DUE TO CRASH,Y,,,"OVER $1,500",04/13/2022 09:45:00 AM,DISREGARDING TRAFFIC SIGNALS,DRIVING SKILLS/KNOWLEDGE/EXPERIENCE,1200,E,95TH ST,413.0,,,,,,,2,NONINCAPACITATING INJURY,1.0,0.0,0.0,1.0,0.0,1.0,0.0,9,4,4,41.7223044026,-87.5947313045,POINT (-87.594731304485 41.722304402617)
059bbe8ed04fb0b0be4338ed5d95fe3ab7a1a30d9b514ab1e79cc529fc7998e3bc75569960de0a9709660af84df82a946025da33647b152ab2078efb463e5ac1,JD320962,,08/04/2020 07:00:00 PM,20,NO CONTROLS,NO CONTROLS,CLEAR,DAYLIGHT,TURNING,T-INTERSECTION,,STRAIGHT AND LEVEL,DRY,NO DEFECTS,ON SCENE,INJURY AND / OR TOW DUE TO CRASH,,,,"OVER $1,500",08/04/2020 07:03:00 PM,FAILING TO YIELD RIGHT-OF-WAY,NOT APPLICABLE,4809,N,SPAULDING AVE,1713.0,,,,,,,2,NO INDICATION OF INJURY,0.0,0.0,0.0,0.0,0.0,6.0,0.0,19,3,8,41.9687480789,-87.7107824339,POINT (-87.710782433949 41.968748078902)
daad607ba863bab89328aee3ca9186042ead4f917d5cbe629deb8a0d374c82b77f6f58ed06c824f3ab1dfcc7fe188e987bd57ce18b4538d05a815af03f70d8b8,JC150620,,02/13/2019 10:00:00 AM,15,STOP SIGN/FLASHER,FUNCTIONING PROPERLY,CLEAR,DAYLIGHT,REAR END,ONE-WAY,1.0,STRAIGHT AND LEVEL,SNOW OR SLUSH,NO DEFECTS,ON SCENE,NO INJURY / DRIVE AWAY,Y,,,$500 OR LESS,02/13/2019 10:05:00 AM,ROAD ENGINEERING/SURFACE/MARKING DEFECTS,NOT APPLICABLE,4133,W,30TH ST,1031.0,,Y,,,,,2,NO INDICATION OF INJURY,0.0,0.0,0.0,0.0,0.0,4.0,0.0,10,4,2,41.8385718253,-87.7281042818,POINT (-87.728104281807 41.838571825323)
e5f6c6aea59fef8fe44beefdf1d2bbef1826e1f2362373b785d745df0d46be5cf3b1cbf32002b55fe8ef3cb19d46759619ef4db2b9cc56ccd5f937fd301156ec,JC268502,,05/18/2019 02:50:00 PM,30,STOP SIGN/FLASHER,FUNCTIONING PROPERLY,RAIN,DAYLIGHT,TURNING,NOT DIVIDED,,STRAIGHT AND LEVEL,WET,NO DEFECTS,ON SCENE,INJURY AND / OR TOW DUE TO CRASH,Y,,,"$501 - $1,500",05/18/2019 04:50:00 PM,UNABLE TO DETERMINE,NOT APPLICABLE,299,E,DELAWARE PL,1833.0,,,,,,,2,NO INDICATION OF INJURY,0.0,0.0,0.0,0.0,0.0,2.0,0.0,14,7,5,41.8991793615,-87.6188074411,POINT (-87.618807441057 41.899179361502)
9a92f414475c858ddd0cb220fd300fa51e523fbf0be90596a1fb9638eab5e29332f5218e23cae587e032b082ff31f32c488269f21c9eb0f783ecd0c10a1039d8,JG399720,,08/27/2023 11:59:00 AM,30,STOP SIGN/FLASHER,FUNCTIONING PROPERLY,CLEAR,DAYLIGHT,PEDESTRIAN,T-INTERSECTION,,STRAIGHT AND LEVEL,DRY,NO DEFECTS,ON SCENE,INJURY AND / OR TOW DUE TO CRASH,,,,$500 OR LESS,08/27/2023 12:04:00 PM,FAILING TO YIELD RIGHT-OF-WAY,NOT APPLICABLE,4240,W,ADDISON ST,1731.0,,,,,,,2,NONINCAPACITATING INJURY,1.0,0.0,0.0,1.0,0.0,1.0,0.0,11,1,8,41.9464018497,-87.7338265004,POINT (-87.733826500401 41.946401849652)
a723e790be789c97ded1dcb03092680ca83179023184c27b1795cfc9e0039c059eccde678910981aa1e9f72474e1415358ad42179cb80933e992b2b2653f6a81,JB163631,,02/24/2018 11:30:00 AM,30,TRAFFIC SIGNAL,FUNCTIONING PROPERLY,CLEAR,DAWN,TURNING,DIVIDED - W/MEDIAN (NOT RAISED),4.0,STRAIGHT AND LEVEL,DRY,NO DEFECTS,ON SCENE,INJURY AND / OR TOW DUE TO CRASH,Y,,,"OVER $1,500",02/24/2018 11:30:00 AM,UNABLE TO DETERMINE,DRIVING SKILLS/KNOWLEDGE/EXPERIENCE,6332,N,NAGLE AVE,1611.0,,,,,,,4,NO INDICATION OF INJURY,0.0,0.0,0.0,0.0,0.0,1.0,0.0,11,7,2,41.996598919,-87.7876283701,POINT (-87.7876283701 41.996598919005)
67ed49b9039667afac0157568678a2b5a66f6618141acd41ea99af9088cc5d746dc567c4d54b1019c632b1fc3e3682d6d8d4a94d0b59c34bcac1f974f5ee30c8,JF423471,,10/05/2022 07:52:00 PM,25,NO CONTROLS,NO CONTROLS,CLEAR,"DARKNESS, LIGHTED ROAD",PARKED MOTOR VEHICLE,ONE-WAY,,STRAIGHT AND LEVEL,DRY,NO DEFECTS,NOT ON SCENE (DESK REPORT),NO INJURY / DRIVE AWAY,,,,$500 OR LESS,10/05/2022 08:20:00 PM,UNABLE TO DETERMINE,UNABLE TO DETERMINE,1954,S,TROY ST,1022.0,,,,,,,2,NO INDICATION OF INJURY,0.0,0.0,0.0,0.0,0.0,1.0,0.0,19,4,10,41.8538132047,-87.7042426191,POINT (-87.704242619144 41.853813204697)
b64fd2101d0900454af663282a5191016df6c631de185d70d88e40493be5ca0554e36c67584f933b7ef115be0f1bd5b32d1c7d5b8af20f5bb358cc5310ceb284,JB552618,Y,12/14/2018 08:00:00 AM,30,NO CONTROLS,NO CONTROLS,RAIN,UNKNOWN,PARKED MOTOR VEHICLE,ONE-WAY,1.0,STRAIGHT AND LEVEL,WET,NO DEFECTS,NOT ON SCENE (DESK REPORT),NO INJURY / DRIVE AWAY,,,Y,"$501 - $1,500",12/14/2018 08:00:00 AM,UNABLE TO DETERMINE,UNABLE TO DETERMINE,3948,N,LAWNDALE AVE,1732.0,,,,,,,2,NO INDICATION OF INJURY,0.0,0.0,0.0,0.0,0.0,1.0,0.0,8,6,12,41.9533786185,-87.720397111,POINT (-87.720397111042 41.953378618541)
02b690338599e0c06a4784677743956f78382247c0aa2b049712ec190ccac9074fa0d61a6e6193897abca9fc19977ac9901e516242b4c472a8a01f0cde5189db,JB166147,,02/26/2018 02:30:00 PM,30,STOP SIGN/FLASHER,FUNCTIONING PROPERLY,CLEAR,DAYLIGHT,TURNING,NOT DIVIDED,,STRAIGHT AND LEVEL,DRY,NO DEFECTS,ON SCENE,NO INJURY / DRIVE AWAY,Y,,,"$501 - $1,500",02/26/2018 02:45:00 PM,IMPROPER TURNING/NO SIGNAL,UNABLE TO DETERMINE,2000,N,RACINE AVE,1811.0,,,,,,,2,NO INDICATION OF INJURY,0.0,0.0,0.0,0.0,0.0,2.0,0.0,14,2,2,41.9181218083,-87.6583693249,POINT (-87.658369324908 41.918121808344)
fa3357b45ae82770266ffc9f715e2b7cf41bd82ee97aed8804de3ecba244f056d129596b03b7b99fcbdcfca1b8854f0783daedd9a8dbaf99bfcdca392619723e,JB160872,,02/22/2018 04:50:00 AM,30,NO CONTROLS,NO CONTROLS,CLEAR,"DARKNESS, LIGHTED ROAD",PARKED MOTOR VEHICLE,ONE-WAY,2.0,STRAIGHT AND LEVEL,DRY,NO DEFECTS,ON SCENE,INJURY AND / OR TOW DUE TO CRASH,,,,"OVER $1,500",02/22/2018 05:18:00 AM,UNABLE TO DETERMINE,NOT APPLICABLE,5533,S,WENTWORTH AVE,225.0,,,,,,,3,NO INDICATION OF INJURY,0.0,0.0,0.0,0.0,0.0,2.0,0.0,4,5,2,41.7932049516,-87.6303212577,POINT (-87.630321257748 41.793204951578)
0b1846301248697752404302fec3c0d39070bab0a57b0e7217016f1d5a7bf4f03a0abd2c160bc6b2d03df19dda4daec748f6b19310aef1769c9defb1116e6fed,JD410021,Y,10/23/2020 10:00:00 PM,30,NO CONTROLS,NO CONTROLS,CLEAR,"DARKNESS, LIGHTED ROAD",PARKED MOTOR VEHICLE,ONE-WAY,,STRAIGHT AND LEVEL,WET,NO DEFECTS,NOT ON SCENE (DESK REPORT),NO INJURY / DRIVE AWAY,,,Y,"$501 - $1,500",10/24/2020 09:05:00 PM,FAILING TO REDUCE SPEED TO AVOID CRASH,NOT APPLICABLE,824,N,HARDING AVE,1112.0,,,,,,,2,NO INDICATION OF INJURY,0.0,0.0,0.0,0.0,0.0,1.0,0.0,22,6,10,41.896147903,-87.7250329909,POINT (-87.725032990883 41.896147903015)
67654b940725c91f825027f9db17a0191a9ee79859e39d1c661ea92f1a245242561deaffa68f76e50ff159a838549f50c8e649c389e0a9ff2dab47ea8376073f,JD446986,,12/01/2020 07:00:00 PM,30,NO CONTROLS,NO CONTROLS,CLEAR,"DARKNESS, LIGHTED ROAD",PARKED MOTOR VEHICLE,OTHER,,STRAIGHT AND LEVEL,DRY,NO DEFECTS,ON SCENE,NO INJURY / DRIVE AWAY,,,Y,"OVER $1,500",12/01/2020 07:16:00 PM,UNABLE TO DETERMINE,NOT APPLICABLE,9341,S,ASHLAND AVE,2221.0,,,,,,,2,NO INDICATION OF INJURY,0.0,0.0,0.0,0.0,0.0,1.0,0.0,19,3,12,41.7235984414,-87.6625853764,POINT (-87.662585376411 41.723598441394)
f2cd93808e2be7800b2d227d1a798c7b3bdef0bf024515b5fc340a9246b51fd569fb4eb4f373c2d6e7c48ba2f021777a83988f089486620d3992bc4a6417de45,JE198820,N,04/13/2021 02:30:00 PM,30,TRAFFIC SIGNAL,FUNCTIONING PROPERLY,CLEAR,DAYLIGHT,REAR TO FRONT,DIVIDED - W/MEDIAN (NOT RAISED),,STRAIGHT AND LEVEL,DRY,NO DEFECTS,NOT ON SCENE (DESK REPORT),NO INJURY / DRIVE AWAY,Y,,Y,"OVER $1,500",04/14/2021 12:00:00 AM,IMPROPER BACKING,DISREGARDING TRAFFIC SIGNALS,2011,S,CLARK ST,131.0,,,,,,,2,NO INDICATION OF INJURY,0.0,0.0,0.0,0.0,0.0,3.0,0.0,14,3,4,41.85501491,-87.6300107037,POINT (-87.630010703682 41.855014910006)
56bda2878e4a2443b6453622d9563e6c44bd7a1592ad8e4a0f69e695f36f4b63ca0f531cc3915d7654dde0b9062566abebb43a89547653bc0bc652f941a2864a,JF444491,N,10/22/2022 06:30:00 AM,25,NO CONTROLS,NO CONTROLS,CLEAR,DAYLIGHT,PARKED MOTOR VEHICLE,ONE-WAY,,STRAIGHT AND LEVEL,DRY,NO DEFECTS,ON SCENE,NO INJURY / DRIVE AWAY,,,,"OVER $1,500",10/22/2022 06:39:00 AM,NOT APPLICABLE,NOT APPLICABLE,6649,N,ROCKWELL ST,2412.0,,,,,,,2,NO INDICATION OF INJURY,0.0,0.0,0.0,0.0,0.0,1.0,0.0,6,7,10,42.0027326778,-87.6947510491,POINT (-87.694751049129 42.002732677815)
855738136edef5772c18395fb0f899f06bfcaa2f49f028425642291457a6723a36f6a437370b7612b683f3377bcd81b8fb7099c586b1be725273c3837c4ef762,JC271064,,05/20/2019 03:20:00 PM,35,NO CONTROLS,NO CONTROLS,CLEAR,DAYLIGHT,OTHER NONCOLLISION,CENTER TURN LANE,,STRAIGHT AND LEVEL,DRY,NO DEFECTS,ON SCENE,NO INJURY / DRIVE AWAY,,,,$500 OR LESS,05/20/2019 03:58:00 PM,IMPROPER TURNING/NO SIGNAL,NOT APPLICABLE,3806,W,ROOSEVELT RD,1133.0,,,,,,,2,NO INDICATION OF INJURY,0.0,0.0,0.0,0.0,0.0,3.0,0.0,15,2,5,41.8663453289,-87.7204460713,POINT (-87.720446071319 41.866345328872)