CRASH_RECORD_ID,RD_NO,CRASH_DATE_EST_I,CRASH_DATE,POSTED_SPEED_LIMIT,TRAFFIC_CONTROL_DEVICE,DEVICE_CONDITION,WEATHER_CONDITION,LIGHTING_CONDITION,FIRST_CRASH_TYPE,TRAFFICWAY_TYPE,LANE_CNT,ALIGNMENT,ROADWAY_SURFACE_COND,ROAD_DEFECT,REPORT_TYPE,CRASH_TYPE,INTERSECTION_RELATED_I,NOT_RIGHT_OF_WAY_I,HIT_AND_RUN_I,DAMAGE,DATE_POLICE_NOTIFIED,PRIM_CONTRIBUTORY_CAUSE,SEC_CONTRIBUTORY_CAUSE,STREET_NO,STREET_DIRECTION,STREET_NAME,BEAT_OF_OCCURRENCE,PHOTOS_TAKEN_I,STATEMENTS_TAKEN_I,DOORING_I,WORK_ZONE_I,WORK_ZONE_TYPE,WORKERS_PRESENT_I,NUM_UNITS,MOST_SEVERE_INJURY,INJURIES_TOTAL,INJURIES_FATAL,INJURIES_INCAPACITATING,INJURIES_NON_INCAPACITATING,INJURIES_REPORTED_NOT_EVIDENT,INJURIES_NO_INDICATION,INJURIES_UNKNOWN,CRASH_HOUR,CRASH_DAY_OF_WEEK,CRASH_MONTH,LATITUDE,LONGITUDE,LOCATION
78d88b7613f947845a111499a023c2168b591df8e7c8551870d8a6590a488d99bc4becf82738698a8f7ddc544508d87ea66221e5b081ebe427c500c24a62b61e,JF410577,,09/25/2022 09:48:00 PM,30,TRAFFIC SIGNAL,FUNCTIONING PROPERLY,UNKNOWN,"DARKNESS, LIGHTED ROAD",SIDESWIPE SAME DIRECTION,FOUR WAY,,STRAIGHT AND LEVEL,WET,NO DEFECTS,NOT ON SCENE (DESK REPORT),NO INJURY / DRIVE AWAY,Y,,,"OVER $1,500",09/25/2022 10:00:00 PM,IMPROPER LANE USAGE,UNABLE TO DETERMINE,1,W,ROOSEVELT RD,131.0,,,,,,,2,NO INDICATION OF INJURY,0.0,0.0,0.0,0.0,0.0,3.0,0.0,21,1,9,41.8673024412,-87.6275176117,POINT (-87.627517611691 41.867302441194)
f66e0e51c78f18894cf1bc56f3ab9c205c983847d31c51edddac83abb3eb0443dd39fce601c0dba2831e2f1585cd46e75cac9918fd0cc8241e207f98d7d5aca9,JD179969,,03/09/2020 05:25:00 PM,30,NO CONTROLS,NO CONTROLS,RAIN,"DARKNESS, LIGHTED ROAD",ANGLE,NOT DIVIDED,,STRAIGHT AND LEVEL,WET,NO DEFECTS,ON SCENE,NO INJURY / DRIVE AWAY,,,,"OVER $1,500",03/09/2020 06:35:00 PM,FAILING TO YIELD RIGHT-OF-WAY,NOT APPLICABLE,1618,W,POLK ST,1231.0,,,,,,,2,NO INDICATION OF INJURY,0.0,0.0,0.0,0.0,0.0,2.0,0.0,17,2,3,41.8717229068,-87.667397241,POINT (-87.667397241008 41.871722906841)
36db796047229a38fad27c0edbdf17e4ff446733c162f05cdc09b5b19a86275dbc9eb338b60907ab0571bb055bd69433e064e61f6725a9de3e3b0eb5dcdc03a7,JD317635,,08/01/2020 04:20:00 PM,35,STOP SIGN/FLASHER,FUNCTIONING PROPERLY,CLEAR,DAYLIGHT,ANGLE,FOUR WAY,,STRAIGHT AND LEVEL,DRY,NO DEFECTS,ON SCENE,INJURY AND / OR TOW DUE TO CRASH,Y,,,"OVER $1,500",08/01/2020 04:30:00 PM,FAILING TO YIELD RIGHT-OF-WAY,FAILING TO REDUCE SPEED TO AVOID CRASH,5040,S,ARCHER AVE,815.0,,,,,,,2,"REPORTED, NOT EVIDENT",2.0,0.0,0.0,0.0,2.0,4.0,0.0,16,7,8,41.8014356523,-87.7258104147,POINT (-87.725810414672 41.801435652279)
83d7e76cdf2415fc4ec8449beee0446919f800620df1d71660b1c9e2036e1294113f69bf52db72855831ab886d3219db0737a9279a10b35e9dceff4f6b13b367,JG200967,,03/27/2023 01:50:00 PM,15,NO CONTROLS,NO CONTROLS,CLEAR,DAYLIGHT,REAR TO SIDE,PARKING LOT,,STRAIGHT AND LEVEL,DRY,UNKNOWN,NOT ON SCENE (DESK REPORT),NO INJURY / DRIVE AWAY,,,Y,"OVER $1,500",03/27/2023 02:57:00 PM,UNABLE TO DETERMINE,UNABLE TO DETERMINE,1450,N,CICERO AVE,2533.0,,Y,,,,,2,NO INDICATION OF INJURY,0.0,0.0,0.0,0.0,0.0,2.0,0.0,13,2,3,41.9074881596,-87.7462048864,POINT (-87.746204886363 41.907488159553)
10672bc83033b230efbd302fbb3d78e5b1177963b6f4655373a7cca8a7bb74a5409d59a3920762a450dde5b06dd86f4b99dd29c7a5b5498f576d451057436477,JE229081,,05/13/2021 04:35:00 PM,30,STOP SIGN/FLASHER,FUNCTIONING PROPERLY,CLEAR,DAYLIGHT,PEDALCYCLIST,ONE-WAY,,STRAIGHT AND LEVEL,DRY,NO DEFECTS,ON SCENE,INJURY AND / OR TOW DUE TO CRASH,Y,,,$500 OR LESS,05/13/2021 04:36:00 PM,UNABLE TO DETERMINE,"VISION OBSCURED (SIGNS, TREE LIMBS, BUILDINGS, ETC.)",2700,W,POPE JOHN PAUL II DR,921.0,,,,,,,2,NONINCAPACITATING INJURY,1.0,0.0,0.0,1.0,0.0,1.0,0.0,16,5,5,41.8156906147,-87.6920410621,POINT (-87.692041062073 41.815690614743)
cd346c1bed612f239feed8c4b44d928373c933e4befe7c22ad83630cc6bebd0728bbefee1205d0ab951641b8d285adf081c965a66a7ba676ebdf4c5ce2344efc,HY494352,,11/08/2015 04:50:00 PM,30,TRAFFIC SIGNAL,FUNCTIONING PROPERLY,CLEAR,"DARKNESS, LIGHTED ROAD",REAR END,NOT DIVIDED,,STRAIGHT AND LEVEL,DRY,NO DEFECTS,NOT ON SCENE (DESK REPORT),NO INJURY / DRIVE AWAY,Y,,,"$501 - $1,500",11/08/2015 05:17:00 PM,FOLLOWING TOO CLOSELY,UNABLE TO DETERMINE,2202,N,CLYBOURN AVE,1811.0,,,,,,,2,NO INDICATION OF INJURY,0.0,0.0,0.0,0.0,0.0,4.0,0.0,16,1,11,41.9216287364,-87.6646311011,POINT (-87.664631101058 41.921628736435)
90b8863debc481bb7fc20a09143e1e4d832932315a675f4615c4f0ea8ba01e51f2d5452a503661e4f81c8d3ace21bfa2d523ad1fb41bec52c442c1c4124768f1,JC133840,,01/29/2019 04:00:00 PM,45,NO CONTROLS,NO CONTROLS,CLEAR,DAYLIGHT,REAR END,DIVIDED - W/MEDIAN BARRIER,,STRAIGHT AND LEVEL,SNOW OR SLUSH,NO DEFECTS,NOT ON SCENE (DESK REPORT),NO INJURY / DRIVE AWAY,,,,"OVER $1,500",01/29/2019 04:00:00 PM,FOLLOWING TOO CLOSELY,WEATHER,5700,S,LAKE SHORE DR,331.0,,,,,,,2,NO INDICATION OF INJURY,0.0,0.0,0.0,0.0,0.0,2.0,0.0,16,3,1,41.7914202821,-87.5801477687,POINT (-87.580147768689 41.791420282098)
c4b944a1e1af10916eb5b627b6392a118382d8468634444ff489aca721e1d6801f3cadf52d87e521f2bf9ba4281f02bd937a9f22282c3b98e2e5469d632163b5,JD157242,N,02/19/2020 07:15:00 AM,25,NO CONTROLS,NO CONTROLS,CLEAR,DAYLIGHT,PARKED MOTOR VEHICLE,DRIVEWAY,,STRAIGHT AND LEVEL,DRY,NO DEFECTS,ON SCENE,NO INJURY / DRIVE AWAY,,Y,Y,"OVER $1,500",02/19/2020 09:38:00 AM,UNABLE TO DETERMINE,UNABLE TO DETERMINE,6459,N,RICHMOND ST,2412.0,,,,,,,2,NO INDICATION OF INJURY,0.0,0.0,0.0,0.0,0.0,1.0,0.0,7,4,2,41.999230866,-87.7032105069,POINT (-87.703210506885 41.999230865992)
973e68221d980e537c3c38299d7dcce984c4e899952f055f52afc3f835bb1f6275bb13c02ace2f1c145a1f011fde1a0f42cbf5bda1a579a050e82659e0dd36c6,JG218738,,04/04/2023 06:00:00 PM,30,UNKNOWN,UNKNOWN,UNKNOWN,UNKNOWN,TURNING,DIVIDED - W/MEDIAN (NOT RAISED),,STRAIGHT AND LEVEL,UNKNOWN,UNKNOWN,NOT ON SCENE (DESK REPORT),NO INJURY / DRIVE AWAY,,,,"OVER $1,500",04/11/2023 09:10:00 AM,IMPROPER TURNING/NO SIGNAL,IMPROPER TURNING/NO SIGNAL,1900,N,ASHLAND AVE,1433.0,,,,,,,2,NO INDICATION OF INJURY,0.0,0.0,0.0,0.0,0.0,2.0,0.0,18,3,4,41.916147281,-87.6679473535,POINT (-87.667947353504 41.916147280953)
52da54ed9412e0f6b2d55a886b3e6bd72b53b6d7412c1e807faaf1e61e90f9f35b34b46b2372baa25e8b6645615429bbf4a85df7bf562bff29df89ab09a2a2d1,JE121012,,01/23/2021 12:00:00 PM,35,TRAFFIC SIGNAL,FUNCTIONING PROPERLY,CLEAR,DAYLIGHT,SIDESWIPE SAME DIRECTION,FOUR WAY,,STRAIGHT AND LEVEL,DRY,NO DEFECTS,ON SCENE,NO INJURY / DRIVE AWAY,Y,,Y,"$501 - $1,500",01/23/2021 12:05:00 PM,IMPROPER OVERTAKING/PASSING,NOT APPLICABLE,9459,S,WOODLAWN AVE,413.0,,,,,,,2,NO INDICATION OF INJURY,0.0,0.0,0.0,0.0,0.0,2.0,0.0,12,7,1,41.722247446,-87.5946485564,POINT (-87.594648556369 41.722247446023)
2b7060d927fddcf930748547641edf7332f76aeb1b859c86f24c34bef57ae504ad877137d6931dc8d49124acc62f74559171c52ecf021e0c68f8353d008d6051,JF318591,,07/14/2022 09:15:00 PM,25,NO CONTROLS,NO CONTROLS,CLEAR,"DARKNESS, LIGHTED ROAD",PARKED MOTOR VEHICLE,NOT DIVIDED,,STRAIGHT AND LEVEL,DRY,NO DEFECTS,NOT ON SCENE (DESK REPORT),NO INJURY / DRIVE AWAY,,,Y,"OVER $1,500",07/15/2022 02:00:00 PM,UNABLE TO DETERMINE,NOT APPLICABLE,1316,W,110TH PL,2234.0,,,,,,,2,NO INDICATION OF INJURY,0.0,0.0,0.0,0.0,0.0,1.0,0.0,21,5,7,41.6932224836,-87.6552979041,POINT (-87.65529790413 41.693222483614)
2099aa6c1802546962e047972565a42174a61b8315a4845bfedbc2e3ebee6841d8cec94669a1cfe040e6c369fac1c835a74695836073a4ede2b78f4a04066fb3,JF463805,,11/05/2022 04:18:00 PM,30,NO CONTROLS,NO CONTROLS,CLOUDY/OVERCAST,DAYLIGHT,HEAD ON,NOT DIVIDED,,STRAIGHT AND LEVEL,WET,NO DEFECTS,NOT ON SCENE (DESK REPORT),NO INJURY / DRIVE AWAY,,,Y,"OVER $1,500",11/05/2022 04:18:00 PM,FAILING TO YIELD RIGHT-OF-WAY,NOT APPLICABLE,700,N,CHRISTIANA AVE,1121.0,,,,,,,2,NO INDICATION OF INJURY,0.0,0.0,0.0,0.0,0.0,6.0,0.0,16,7,11,41.8937774505,-87.7103118025,POINT (-87.710311802513 41.893777450455)
d1e6224b33fa3016a797655b3f8ca0223f936b72577c30fe3d7af7ca5feea973f779aa353be7dc9fc7d6c119a7194535331ed9910d845b734344347866c7f67c,JB274365,,05/22/2018 06:30:00 PM,30,NO CONTROLS,NO CONTROLS,CLEAR,DAYLIGHT,REAR END,DIVIDED - W/MEDIAN (NOT RAISED),4.0,STRAIGHT AND LEVEL,DRY,NO DEFECTS,NOT ON SCENE (DESK REPORT),NO INJURY / DRIVE AWAY,,,,"OVER $1,500",05/22/2018 08:00:00 PM,FAILING TO REDUCE SPEED TO AVOID CRASH,DRIVING SKILLS/KNOWLEDGE/EXPERIENCE,8601,S,CICERO AVE,834.0,,,,,,,2,NO INDICATION OF INJURY,0.0,0.0,0.0,0.0,0.0,2.0,0.0,18,3,5,41.736289227,-87.7407819374,POINT (-87.740781937374 41.736289227025)
ea210d2b33a782e7cb8acfe9878f2f0620fcd0a27b5d3061049245b491e4e132163bf8718c7382b8d2c1af36e49c8ab7467ecd9c18014c0293ad5d522c230d0f,JG434912,,09/20/2023 03:30:00 PM,30,UNKNOWN,UNKNOWN,UNKNOWN,DAYLIGHT,REAR END,NOT DIVIDED,,STRAIGHT AND LEVEL,UNKNOWN,UNKNOWN,NOT ON SCENE (DESK REPORT),NO INJURY / DRIVE AWAY,,,Y,"$501 - $1,500",09/22/2023 06:00:00 PM,UNABLE TO DETERMINE,NOT APPLICABLE,4300,W,NORTH AVE,2534.0,,,,,,,2,NO INDICATION OF INJURY,0.0,0.0,0.0,0.0,0.0,2.0,0.0,15,4,9,41.9098976646,-87.7337682263,POINT (-87.73376822625 41.909897664645)
690665627e6c041a1926bc971338d0926d83e84d29050e0703d9eb76ef97c4c5428a5cf469dabd95c4851b9b33daefa6ac694db000e9f3f1f60437131966d616,JB379562,,08/04/2018 08:29:00 PM,25,NO CONTROLS,NO CONTROLS,CLEAR,"DARKNESS, LIGHTED ROAD",PEDESTRIAN,ONE-WAY,,STRAIGHT AND LEVEL,DRY,NO DEFECTS,ON SCENE,INJURY AND / OR TOW DUE TO CRASH,,,,$500 OR LESS,08/04/2018 08:40:00 PM,NOT APPLICABLE,NOT APPLICABLE,600,E,GRAND AVE,1834.0,,,,,,,2,"REPORTED, NOT EVIDENT",1.0,0.0,0.0,0.0,1.0,1.0,0.0,20,7,8,41.8920941369,-87.6115698839,POINT (-87.611569883947 41.892094136862)
eef61ee8d57ad6bce677ab6d6611ab2f388b611f10848f2584aa39f91a6dfd30fd7227732f0f86356f7311436347ae2c27c70ac888fca7a5e66856175611e932,JE120060,,01/22/2021 12:50:00 PM,30,TRAFFIC SIGNAL,FUNCTIONING PROPERLY,CLEAR,DAYLIGHT,ANGLE,FOUR WAY,,STRAIGHT AND LEVEL,DRY,NO DEFECTS,ON SCENE,NO INJURY / DRIVE AWAY,N,,,"OVER $1,500",01/22/2021 01:00:00 PM,DRIVING SKILLS/KNOWLEDGE/EXPERIENCE,DRIVING SKILLS/KNOWLEDGE/EXPERIENCE,4201,N,NARRAGANSETT AVE,1624.0,,,,,,,2,NO INDICATION OF INJURY,0.0,0.0,0.0,0.0,0.0,2.0,0.0,12,6,1,41.9566639764,-87.7865553796,POINT (-87.786555379581 41.956663976365)
83177e9dc88c40a2c5781ed02d6547572d5d5270ba8d32c46d07fe00e6e9cb5373855be9f13333b117493f5110345789a9e7a3ea98645f1393680b4fa6d68eeb,JF180182,,03/20/2022 09:15:00 AM,30,TRAFFIC SIGNAL,FUNCTIONING PROPERLY,CLEAR,DAYLIGHT,TURNING,ONE-WAY,,STRAIGHT AND LEVEL,DRY,NO DEFECTS,NOT ON SCENE (DESK REPORT),NO INJURY / DRIVE AWAY,Y,,,"OVER $1,500",03/20/2022 09:45:00 AM,IMPROPER TURNING/NO SIGNAL,NOT APPLICABLE,400,E,GRAND AVE,1834.0,,,,,,,2,NO INDICATION OF INJURY,0.0,0.0,0.0,0.0,0.0,2.0,0.0,9,1,3,41.8919581856,-87.6175712955,POINT (-87.617571295543 41.891958185562)
884ba1e5cecc3e209ee4d7b66aa688f35c034d00aa706938a00038d2acb34bb234832f9ac8ed1210287f2eed9c6aa0e063a20dd70d135fa3686d0727ccdc5902,JA261135,,05/12/2017 03:23:00 PM,30,NO CONTROLS,NO CONTROLS,CLEAR,DAYLIGHT,REAR END,NOT DIVIDED,2.0,STRAIGHT AND LEVEL,DRY,NO DEFECTS,NOT ON SCENE (DESK REPORT),NO INJURY / DRIVE AWAY,,,,"OVER $1,500",05/12/2017 05:23:00 PM,FOLLOWING TOO CLOSELY,IMPROPER LANE USAGE,739,S,CLARK ST,123.0,,,,N,,,2,NO INDICATION OF INJURY,0.0,0.0,0.0,0.0,0.0,3.0,0.0,15,6,5,41.8726436475,-87.6304742233,POINT (-87.630474223347 41.872643647531)
e67ba0ee50e1dedef4319924c6e7e4ed5bdd2ff9ef31372344b788145fe0d40b65ebb0e2196d84dd215f36bdd4270e148da098d8292af35afae31ddbb2a158b7,JE420325,,10/24/2021 12:02:00 AM,30,YIELD,OTHER,CLEAR,"DARKNESS, LIGHTED ROAD",TURNING,NOT DIVIDED,,STRAIGHT AND LEVEL,DRY,NO DEFECTS,ON SCENE,INJURY AND / OR TOW DUE TO CRASH,,,,"OVER $1,500",10/24/2021 12:02:00 AM,UNABLE TO DETERMINE,NOT APPLICABLE,3000,W,MARQUETTE RD,831.0,,,,,,,2,NO INDICATION OF INJURY,0.0,0.0,0.0,0.0,0.0,3.0,0.0,0,1,10,41.7718537002,-87.6981578935,POINT (-87.698157893495 41.771853700154)
c214cf441a73193b52f45a709b5803d39040209872b2666012d4dbcf1824bb800b5817cc4a9d5b07443a830f526e445761a8e3d6dde3c808faa159f4a3dfc2ba,JB297209,,06/07/2018 04:37:00 PM,35,STOP SIGN/FLASHER,FUNCTIONING PROPERLY,CLEAR,DAYLIGHT,ANGLE,NOT DIVIDED,2.0,STRAIGHT AND LEVEL,DRY,NO DEFECTS,ON SCENE,INJURY AND / OR TOW DUE TO CRASH,Y,,,"OVER $1,500",06/07/2018 04:37:00 PM,FAILING TO YIELD RIGHT-OF-WAY,"VISION OBSCURED (SIGNS, TREE LIMBS, BUILDINGS, ETC.)",2229,W,ADDISON ST,1921.0,,,,,,,2,NO INDICATION OF INJURY,0.0,0.0,0.0,0.0,0.0,2.0,0.0,16,5,6,41.9466746756,-87.684556204,POINT (-87.684556203974 41.946674675605)
214e2698d02bca90b7444e84307d240b66d34e81098d1d66573ac485797ed10a6131b8e60423abad194fa482619399c6203ab0f8d8072e20181a4695df242b7e,HZ424678,,09/07/2016 05:15:00 PM,30,NO CONTROLS,NO CONTROLS,CLEAR,DAYLIGHT,PARKED MOTOR VEHICLE,NOT DIVIDED,1.0,STRAIGHT AND LEVEL,DRY,NO DEFECTS,NOT ON SCENE (DESK REPORT),NO INJURY / DRIVE AWAY,,,Y,$500 OR LESS,09/07/2016 06:10:00 PM,UNABLE TO DETERMINE,UNABLE TO DETERMINE,9501,S,CALUMET AVE,511.0,,,,,,,2,NO INDICATION OF INJURY,0.0,0.0,0.0,0.0,0.0,1.0,0.0,17,4,9,41.7217826519,-87.6152044951,POINT (-87.615204495083 41.721782651874)
83c3b6c2859a494057fff53cb3b0b4deabf3db6ba0e4f52b3c5adb595eca95915f36fe276e2d60299d7e9f6ca8cbb0d2be7ceff9be0f78a45d527b909ec8081a,HZ383697,,08/08/2016 01:56:00 PM,30,NO CONTROLS,NO CONTROLS,CLEAR,DAYLIGHT,REAR END,NOT DIVIDED,,STRAIGHT AND LEVEL,DRY,UNKNOWN,NOT ON SCENE (DESK REPORT),NO INJURY / DRIVE AWAY,,,Y,"OVER $1,500",08/08/2016 04:28:00 PM,DRIVING SKILLS/KNOWLEDGE/EXPERIENCE,NOT APPLICABLE,6713,S,CICERO AVE,833.0,,,,,,,2,NO INDICATION OF INJURY,0.0,0.0,0.0,0.0,0.0,2.0,0.0,13,2,8,41.7707240921,-87.7418970581,POINT (-87.741897058077 41.77072409205)
c6fc22579401887f729f9db8e900bd09003909bfe905a2b4b89e7f7f6ed1446750c59023cf4affd29e77409448084a14caa23a1ac23d053b8a004799fa11eaa9,JB243192,,04/29/2018 08:30:00 PM,30,TRAFFIC SIGNAL,FUNCTIONING PROPERLY,CLEAR,"DARKNESS, LIGHTED ROAD",SIDESWIPE OPPOSITE DIRECTION,NOT DIVIDED,4.0,STRAIGHT AND LEVEL,DRY,NO DEFECTS,NOT ON SCENE (DESK REPORT),NO INJURY / DRIVE AWAY,,,Y,"OVER $1,500",04/29/2018 11:30:00 PM,UNABLE TO DETERMINE,NOT APPLICABLE,2800,W,DIVERSEY AVE,1411.0,,,,,,,2,NO INDICATION OF INJURY,0.0,0.0,0.0,0.0,0.0,2.0,0.0,20,1,4,41.9322053951,-87.6976792439,POINT (-87.697679243869 41.932205395065)
398ecc2cf2e6f2f3781ec25b7cec32b49af101b0fe79ee32a72fdc456b1c60af25f545ad494e672b149c9c66efa577b520d6386381db702542abc34ec2115a49,JA442815,,09/22/2017 10:30:00 PM,30,NO CONTROLS,NO CONTROLS,CLEAR,"DARKNESS, LIGHTED ROAD",PARKED MOTOR VEHICLE,PARKING LOT,2.0,STRAIGHT AND LEVEL,DRY,NO DEFECTS,NOT ON SCENE (DESK REPORT),NO INJURY / DRIVE AWAY,,,Y,"OVER $1,500",09/23/2017 12:21:00 AM,UNABLE TO DETERMINE,UNABLE TO DETERMINE,3212,W,ADDISON ST,1733.0,,,,,,,2,NO INDICATION OF INJURY,0.0,0.0,0.0,0.0,0.0,1.0,0.0,22,6,9,41.9467362694,-87.7084259792,POINT (-87.708425979206 41.946736269406)
1b5f5ea30049ec57ddc057195af32566efd35e6e0733a67e4ffe20205fb90ad864c60e825e7dc162b6563f0ec5ae9d8eeafe7bbf21c1b11ca84494f2c8e6bc96,JF202017,,04/08/2022 09:14:00 PM,10,NO CONTROLS,NO CONTROLS,SLEET/HAIL,"DARKNESS, LIGHTED ROAD",REAR TO SIDE,PARKING LOT,,STRAIGHT AND LEVEL,WET,NO DEFECTS,ON SCENE,NO INJURY / DRIVE AWAY,,Y,,"OVER $1,500",04/08/2022 09:15:00 PM,IMPROPER BACKING,DRIVING SKILLS/KNOWLEDGE/EXPERIENCE,7859,S,STATE ST,623.0,,,,,,,2,NO INDICATION OF INJURY,0.0,0.0,0.0,0.0,0.0,6.0,0.0,21,6,4,41.7510095803,-87.6244014161,POINT (-87.624401416141 41.75100958029)
d3654a33f7f60c6c7df2dba733fd9c15542b8ed58ea5312a03c9f6ae54b809bc4f4ce1b3ab7e131d81f9729477fe58f557cd0a604383ca4b49a3f9688dbb7fd0,JF249021,,05/20/2022 09:10:00 AM,10,NO CONTROLS,NO CONTROLS,CLEAR,DAYLIGHT,FIXED OBJECT,NOT DIVIDED,,STRAIGHT AND LEVEL,DRY,NO DEFECTS,ON SCENE,NO INJURY / DRIVE AWAY,,,,"$501 - $1,500",05/20/2022 09:36:00 AM,NOT APPLICABLE,NOT APPLICABLE,1350,N,LAKE SHORE DR,1824.0,,,,,,,1,NO INDICATION OF INJURY,0.0,0.0,0.0,0.0,0.0,1.0,0.0,9,6,5,41.9073601744,-87.6258106615,POINT (-87.625810661508 41.907360174441)
39f4a9456774e4a092a055b27c25334bf5c25613ec04d5aac07f41f78c5c45d143ab62072b1e74036f591cb89b9f209bde109bb6527dbb553d1b4032d0825591,JA185135,,03/13/2017 08:30:00 AM,25,NO CONTROLS,UNKNOWN,SNOW,DAYLIGHT,SIDESWIPE SAME DIRECTION,ONE-WAY,3.0,STRAIGHT AND LEVEL,SNOW OR SLUSH,NO DEFECTS,NOT ON SCENE (DESK REPORT),NO INJURY / DRIVE AWAY,,,,$500 OR LESS,03/13/2017 08:50:00 AM,FAILING TO YIELD RIGHT-OF-WAY,UNABLE TO DETERMINE,181,S,FRANKLIN ST,122.0,,,,,,,2,NO INDICATION OF INJURY,0.0,0.0,0.0,0.0,0.0,2.0,0.0,8,2,3,41.8794346096,-87.6350916556,POINT (-87.635091655622 41.879434609556)
80cdb8380cbbf188c162186c3e8ee551dced44e788221730a0fff930eb90ab92ce1b6488263b44ad9495692177ae12ae169b14eacabb3777f79efdbd8a423af2,JF342277,Y,08/03/2022 12:00:00 AM,30,NO CONTROLS,NO CONTROLS,CLEAR,"DARKNESS, LIGHTED ROAD",PARKED MOTOR VEHICLE,NOT DIVIDED,,STRAIGHT AND LEVEL,DRY,NO DEFECTS,NOT ON SCENE (DESK REPORT),NO INJURY / DRIVE AWAY,,,Y,"OVER $1,500",08/03/2022 06:30:00 AM,UNABLE TO DETERMINE,NOT APPLICABLE,830,W,CUYLER AVE,1915.0,,,,,,,2,NO INDICATION OF INJURY,0.0,0.0,0.0,0.0,0.0,1.0,0.0,0,4,8,41.9558432883,-87.6509407894,POINT (-87.650940789412 41.955843288278)
d0fe6636eff39a63548daddd0e0c43c3002613d65eed14b54e51b067450f4a47cb906cd5353e87226e95580df5194626d98e41700dda41d46fe7d697722e4e0b,HZ532319,,11/28/2016 05:15:00 PM,30,TRAFFIC SIGNAL,FUNCTIONING PROPERLY,RAIN,DARKNESS,REAR END,NOT DIVIDED,,STRAIGHT AND LEVEL,WET,UNKNOWN,NOT ON SCENE (DESK REPORT),NO INJURY / DRIVE AWAY,,,,"$501 - $1,500",11/28/2016 05:27:00 PM,NOT APPLICABLE,NOT APPLICABLE,808,N,LAKE SHORE DR NB,1833.0,,,,,,,2,NO INDICATION OF INJURY,0.0,0.0,0.0,0.0,0.0,2.0,0.0,17,2,11,41.8970266403,-87.6171811091,POINT (-87.617181109073 41.897026640323)
22e0bcb9ad1cab72d13edf04dcd3e2191e92786fb2c12055008cbe72d4a0b14a4d8d159980f2131ef2fd723ebff259fa42fb625a9dbcb1c75fb64a8bda08cc2e,HY409185,,09/03/2015 05:00:00 PM,30,TRAFFIC SIGNAL,FUNCTIONING PROPERLY,CLEAR,DAYLIGHT,REAR END,UNKNOWN,,STRAIGHT AND LEVEL,UNKNOWN,UNKNOWN,NOT ON SCENE (DESK REPORT),NO INJURY / DRIVE AWAY,,,,"$501 - $1,500",09/03/2015 06:56:00 PM,FOLLOWING TOO CLOSELY,NOT APPLICABLE,3716,S,ARCHER AVE,911.0,,,,,,,2,NO INDICATION OF INJURY,0.0,0.0,0.0,0.0,0.0,2.0,0.0,17,5,9,41.8260400172,-87.6849673999,POINT (-87.684967399868 41.826040017229)
d3a29d0df934155b55d4a2808a89ee743f92cc9bba057a11b86b2ba12c3a3235ac537e2d58797697d33c533b0014eb44c8e2c85e83882031b70ecd48e274ee1c,JE197988,,04/07/2021 02:00:00 PM,15,NO CONTROLS,NO CONTROLS,UNKNOWN,UNKNOWN,PARKED MOTOR VEHICLE,ALLEY,,STRAIGHT AND LEVEL,UNKNOWN,"RUT, HOLES",ON SCENE,INJURY AND / OR TOW DUE TO CRASH,,,Y,"$501 - $1,500",04/13/2021 08:11:00 AM,UNABLE TO DETERMINE,NOT APPLICABLE,11011,S,VERNON AVE,513.0,,,,,,,2,NO INDICATION OF INJURY,0.0,0.0,0.0,0.0,0.0,1.0,0.0,14,4,4,41.6942159598,-87.6120512658,POINT (-87.612051265807 41.694215959824)
ffeecfe34191d429f8f762e64057754f36a89851de9aa404f163c25d3875480ab28ad4ef5cb8aeeac6849e9734e6968622fffd8c7de32aee1482ecc6e53c8a40,JC513155,,11/16/2019 05:52:00 PM,35,NO CONTROLS,NO CONTROLS,CLEAR,DUSK,SIDESWIPE SAME DIRECTION,UNKNOWN,,STRAIGHT AND LEVEL,DRY,NO DEFECTS,ON SCENE,NO INJURY / DRIVE AWAY,,,,"OVER $1,500",11/16/2019 05:55:00 PM,IMPROPER OVERTAKING/PASSING,NOT APPLICABLE,3700,W,ADDISON ST,1732.0,,,,,,,2,NO INDICATION OF INJURY,0.0,0.0,0.0,0.0,0.0,2.0,0.0,17,7,11,41.9465790562,-87.720186259,POINT (-87.720186259046 41.946579056193)
14ee3459ed1eef53a008a85d7a13d892fca038d96791edf44dfd8415208d1f83c0e8e5b6a83d36d975979fa9bdb40f98627912a082d0979790b33c9f26567bbd,JC408107,,08/26/2019 02:35:00 PM,30,NO CONTROLS,NO CONTROLS,RAIN,DAYLIGHT,REAR END,NOT DIVIDED,,STRAIGHT AND LEVEL,WET,NO DEFECTS,ON SCENE,INJURY AND / OR TOW DUE TO CRASH,,,,"OVER $1,500",08/26/2019 02:40:00 PM,FOLLOWING TOO CLOSELY,NOT APPLICABLE,1745,W,FOSTER AVE,2032.0,,,,,,,2,"REPORTED, NOT EVIDENT",2.0,0.0,0.0,0.0,2.0,0.0,0.0,14,2,8,41.9760017766,-87.6738379091,POINT (-87.673837909146 41.976001776576)