CRASH_RECORD_ID,RD_NO,CRASH_DATE_EST_I,CRASH_DATE,POSTED_SPEED_LIMIT,TRAFFIC_CONTROL_DEVICE,DEVICE_CONDITION,WEATHER_CONDITION,LIGHTING_CONDITION,FIRST_CRASH_TYPE,TRAFFICWAY_TYPE,LANE_CNT,ALIGNMENT,ROADWAY_SURFACE_COND,ROAD_DEFECT,REPORT_TYPE,CRASH_TYPE,INTERSECTION_RELATED_I,NOT_RIGHT_OF_WAY_I,HIT_AND_RUN_I,DAMAGE,DATE_POLICE_NOTIFIED,PRIM_CONTRIBUTORY_CAUSE,SEC_CONTRIBUTORY_CAUSE,STREET_NO,STREET_DIRECTION,STREET_NAME,BEAT_OF_OCCURRENCE,PHOTOS_TAKEN_I,STATEMENTS_TAKEN_I,DOORING_I,WORK_ZONE_I,WORK_ZONE_TYPE,WORKERS_PRESENT_I,NUM_UNITS,MOST_SEVERE_INJURY,INJURIES_TOTAL,INJURIES_FATAL,INJURIES_INCAPACITATING,INJURIES_NON_INCAPACITATING,INJURIES_REPORTED_NOT_EVIDENT,INJURIES_NO_INDICATION,INJURIES_UNKNOWN,CRASH_HOUR,CRASH_DAY_OF_WEEK,CRASH_MONTH,LATITUDE,LONGITUDE,LOCATION
f846d001863d9e7eab238d85d225384ab11e6b09338605e1546d199cae432a953781476e1672aff17d7bf0baab5f7a61cddfb488ca12b61888165c602716d0ba,JG114942,,01/13/2023 04:04:00 PM,30,TRAFFIC SIGNAL,FUNCTIONING PROPERLY,CLEAR,DAYLIGHT,TURNING,NOT DIVIDED,,STRAIGHT AND LEVEL,DRY,NO DEFECTS,ON SCENE,NO INJURY / DRIVE AWAY,Y,,,"OVER $1,500",01/13/2023 04:04:00 PM,FAILING TO YIELD RIGHT-OF-WAY,NOT APPLICABLE,2200,S,PULASKI RD,1013.0,,,,,,,2,NO INDICATION OF INJURY,0.0,0.0,0.0,0.0,0.0,4.0,0.0,16,6,1,41.8515214423,-87.7249047867,POINT (-87.72490478675 41.851521442331)
0dd75cc25ffadaa80e57c5238a02906b5ac3a23a53928401fccab73cdad780f1aa7179d77dd417cf8a87d1a7b0f535a48ce4d5976925a07899affa9965b9ed43,JC253580,,05/07/2019 02:54:00 PM,30,TRAFFIC SIGNAL,FUNCTIONING PROPERLY,CLEAR,DAYLIGHT,REAR END,NOT DIVIDED,,STRAIGHT AND LEVEL,DRY,NO DEFECTS,ON SCENE,NO INJURY / DRIVE AWAY,,,,$500 OR LESS,05/07/2019 03:08:00 PM,FOLLOWING TOO CLOSELY,UNABLE TO DETERMINE,749,E,47TH ST,223.0,,,,,,,2,NO INDICATION OF INJURY,0.0,0.0,0.0,0.0,0.0,2.0,0.0,14,3,5,41.8094158388,-87.6069928987,POINT (-87.606992898655 41.809415838781)
d1ba358d565f5cec055ef2523d76cea2e7b385af41f2ae6c56f0c90bb2f71d7e991960ff1eda385358d5adb46f358ba3519deed5112b7dd7afb53f2fee3420f7,JG188435,,03/16/2023 11:15:00 PM,35,NO CONTROLS,NO CONTROLS,RAIN,"DARKNESS, LIGHTED ROAD",SIDESWIPE SAME DIRECTION,DIVIDED - W/MEDIAN BARRIER,,"CURVE, LEVEL",WET,NO DEFECTS,ON SCENE,INJURY AND / OR TOW DUE TO CRASH,,,Y,"OVER $1,500",03/16/2023 11:16:00 PM,PHYSICAL CONDITION OF DRIVER,NOT APPLICABLE,1000,N,LAKE SHORE DR SB,1824.0,,,,,,,2,"REPORTED, NOT EVIDENT",2.0,0.0,0.0,0.0,2.0,1.0,0.0,23,5,3,41.9009589191,-87.6199281737,POINT (-87.619928173678 41.900958919109)
950712402cee4fc37d7a86e7eb7cab9dd5fa1db0e42a62a2713b28a47a1094973c61b1d6e52b6996b3f50f690a134528cb44513cf8c64ca32a4608bb1383c3ea,JC444685,,09/23/2019 07:07:00 AM,30,TRAFFIC SIGNAL,FUNCTIONING PROPERLY,CLEAR,DAYLIGHT,TURNING,ONE-WAY,,STRAIGHT AND LEVEL,DRY,NO DEFECTS,ON SCENE,INJURY AND / OR TOW DUE TO CRASH,Y,,,"OVER $1,500",09/23/2019 07:10:00 AM,IMPROPER TURNING/NO SIGNAL,IMPROPER LANE USAGE,2,S,JEFFERSON ST,121.0,,,,,,,2,NONINCAPACITATING INJURY,1.0,0.0,0.0,1.0,0.0,2.0,0.0,7,2,9,41.8818021251,-87.6428067423,POINT (-87.642806742296 41.881802125062)
6d3ce7aff5c2e2007c3a59e9f5cfec3e05e657e4103ce33a3e3445165b1e99679ab7e071c42e0052002f044076020f9f9b7e004276bbdd88087f7ca2ef9cfa9a,JF182417,,03/22/2022 09:46:00 AM,30,STOP SIGN/FLASHER,FUNCTIONING PROPERLY,RAIN,DAYLIGHT,SIDESWIPE SAME DIRECTION,DIVIDED - W/MEDIAN (NOT RAISED),,STRAIGHT AND LEVEL,WET,UNKNOWN,ON SCENE,NO INJURY / DRIVE AWAY,,,,"$501 - $1,500",03/22/2022 09:55:00 AM,IMPROPER LANE USAGE,UNABLE TO DETERMINE,4349,N,DAMEN AVE,1912.0,,,,,,,2,NO INDICATION OF INJURY,0.0,0.0,0.0,0.0,0.0,2.0,0.0,9,3,3,41.961094563,-87.6788039273,POINT (-87.678803927349 41.961094562963)
063a61c8f2a14f99c348ee6ed5b0fad5b9c7cd68f62240d3b7685ad29c3f59d6afc85dbc54e878529322e65baec864f6e3b8f7b4c240389a677631a630c16125,JE133570,,02/05/2021 04:30:00 PM,30,NO CONTROLS,NO CONTROLS,CLOUDY/OVERCAST,DAWN,PARKED MOTOR VEHICLE,NOT DIVIDED,,STRAIGHT AND LEVEL,SNOW OR SLUSH,NO DEFECTS,ON SCENE,NO INJURY / DRIVE AWAY,,,Y,$500 OR LESS,02/05/2021 04:35:00 PM,UNABLE TO DETERMINE,UNABLE TO DETERMINE,70,E,43RD ST,213.0,,,,,,,2,NO INDICATION OF INJURY,0.0,0.0,0.0,0.0,0.0,1.0,0.0,16,6,2,41.8166413386,-87.6234801427,POINT (-87.623480142728 41.816641338576)
4cb3f7ef1dbb68fbd5582b426a04a95090e6b4acc2b667f3922e6df38f98fa3d13ff5c59441c6bac4ede2d0fb20e5045f8a22e0037ed883c1216a481847d98f9,HY488877,,11/04/2015 07:52:00 AM,30,TRAFFIC SIGNAL,FUNCTIONING PROPERLY,CLEAR,DAYLIGHT,TURNING,DIVIDED - W/MEDIAN (NOT RAISED),,STRAIGHT AND LEVEL,DRY,NO DEFECTS,NOT ON SCENE (DESK REPORT),NO INJURY / DRIVE AWAY,,,,"OVER $1,500",11/04/2015 01:20:00 PM,NOT APPLICABLE,NOT APPLICABLE,4020,N,WESTERN AVE,1911.0,,,,,,,2,NO INDICATION OF INJURY,0.0,0.0,0.0,0.0,0.0,3.0,0.0,7,4,11,41.9546949719,-87.6886328143,POINT (-87.688632814267 41.95469497189)
b8cad257eb252a4d78bf8d03e40485ddfd90e98753f68ec7162abae0d6bf353e597c46f4fc6c70e233766ceb485faddd00e07845d37f7fc3c4ccf528668ee3f9,HZ183644,,03/11/2016 05:05:00 PM,30,NO CONTROLS,NO CONTROLS,CLEAR,DAYLIGHT,ANGLE,DIVIDED - W/MEDIAN (NOT RAISED),2.0,STRAIGHT AND LEVEL,DRY,NO DEFECTS,NOT ON SCENE (DESK REPORT),NO INJURY / DRIVE AWAY,,,,"OVER $1,500",03/11/2016 06:55:00 PM,UNABLE TO DETERMINE,NOT APPLICABLE,2264,N,LINCOLN AVE,1812.0,,,,,,,2,NO INDICATION OF INJURY,0.0,0.0,0.0,0.0,0.0,3.0,0.0,17,6,3,41.9232467649,-87.6459001836,POINT (-87.645900183571 41.923246764927)
dcfdf38ae756357acadc3bb24ae6a4f9ca9a02c18f471dbbfa14625242540ff680330e85fa814f1a820b448ed8cdf618f192b38384d59332df65f25abede77d7,JG313131,,06/23/2023 06:30:00 PM,25,NO CONTROLS,NO CONTROLS,CLEAR,DAYLIGHT,PARKED MOTOR VEHICLE,ONE-WAY,,STRAIGHT AND LEVEL,DRY,NO DEFECTS,NOT ON SCENE (DESK REPORT),NO INJURY / DRIVE AWAY,,,,"OVER $1,500",06/23/2023 07:00:00 PM,UNABLE TO DETERMINE,UNABLE TO DETERMINE,4853,N,SPRINGFIELD AVE,1712.0,,,,,,,2,NO INDICATION OF INJURY,0.0,0.0,0.0,0.0,0.0,1.0,0.0,18,6,6,41.9698609172,-87.7254996324,POINT (-87.725499632372 41.969860917249)
4bfc7fc9d86e8e2d5f75d8656c18c2cbe7333f8e22e945fe4a8e760ab1d7ee30ec3c40ab0e5b4e6f28bee3af99a5468c27c220d0db38d32cc56afbc4f71a49fc,JG281077,,05/30/2023 03:36:00 PM,30,TRAFFIC SIGNAL,FUNCTIONING PROPERLY,CLEAR,DAYLIGHT,ANGLE,FOUR WAY,,STRAIGHT AND LEVEL,DRY,NO DEFECTS,ON SCENE,INJURY AND / OR TOW DUE TO CRASH,Y,,,"OVER $1,500",05/30/2023 03:36:00 PM,UNABLE TO DETERMINE,NOT APPLICABLE,2000,N,WESTERN AVE,1431.0,,,,,,,2,NO INDICATION OF INJURY,0.0,0.0,0.0,0.0,0.0,3.0,0.0,15,3,5,41.9176038179,-87.6875578776,POINT (-87.687557877557 41.917603817942)
8177514eb4c764758fac3d2022d11fc88dcd3367eb0414086fb3e70997942b0f6f1520f0a4992612acc5bf76b5d8d489f20e7fb13a78dadd162187c98b9da596,JA452133,,09/29/2017 05:18:00 PM,30,NO CONTROLS,NO CONTROLS,CLEAR,DARKNESS,HEAD ON,DIVIDED - W/MEDIAN (NOT RAISED),4.0,STRAIGHT AND LEVEL,DRY,NO DEFECTS,ON SCENE,INJURY AND / OR TOW DUE TO CRASH,,,,"OVER $1,500",09/29/2017 05:21:00 PM,DISREGARDING ROAD MARKINGS,NOT APPLICABLE,2740,S,WESTERN AVE,1034.0,,,,,,,2,INCAPACITATING INJURY,1.0,0.0,1.0,0.0,0.0,1.0,0.0,17,6,9,41.842495173,-87.6854643481,POINT (-87.685464348069 41.842495173038)
76bdf5e6b760b95a8a1cdc23c9b150240f4cecf9a7aa904f1bb0c661d7b24da4e8d9e719102611f13beffb7688305564e4be95c576cfcdba71d19d3c4db8fdd6,JD359798,,09/07/2020 04:30:00 PM,30,TRAFFIC SIGNAL,FUNCTIONING PROPERLY,CLEAR,DAYLIGHT,PEDALCYCLIST,NOT DIVIDED,,STRAIGHT AND LEVEL,DRY,UNKNOWN,NOT ON SCENE (DESK REPORT),NO INJURY / DRIVE AWAY,Y,,,$500 OR LESS,09/07/2020 05:00:00 PM,FAILING TO YIELD RIGHT-OF-WAY,FAILING TO YIELD RIGHT-OF-WAY,1050,W,CHICAGO AVE,1213.0,,,,,,,2,NO INDICATION OF INJURY,0.0,0.0,0.0,0.0,0.0,3.0,0.0,16,2,9,41.8963891519,-87.654564143,POINT (-87.654564143042 41.896389151887)
17350be71253c8596e7ee586911dc29bf7a8accbc131985ee79ad4fa682e6ab782d995fb9fd8cafd2e16276e8f7e068c979d31a2589ba2a912ac4ad7d467a706,JF434859,,10/14/2022 09:00:00 PM,25,STOP SIGN/FLASHER,NO CONTROLS,CLOUDY/OVERCAST,"DARKNESS, LIGHTED ROAD",SIDESWIPE SAME DIRECTION,DIVIDED - W/MEDIAN (NOT RAISED),,STRAIGHT AND LEVEL,WET,WORN SURFACE,NOT ON SCENE (DESK REPORT),NO INJURY / DRIVE AWAY,,,,"$501 - $1,500",10/14/2022 09:20:00 PM,DRIVING SKILLS/KNOWLEDGE/EXPERIENCE,DRIVING SKILLS/KNOWLEDGE/EXPERIENCE,2044,W,DEVON AVE,2412.0,,,,,,,2,NO INDICATION OF INJURY,0.0,0.0,0.0,0.0,0.0,2.0,0.0,21,6,10,41.9979750123,-87.6819261135,POINT (-87.681926113467 41.997975012275)
e14e6391dbcf6ba9dc19713f35c083f539b0c81b04273b94ad44957e2afea90b2d9bb8f68bef26631d937034b7a253d26c2f4eff3e2d352a2da673797a8881c3,JG378560,,08/11/2023 01:30:00 PM,35,NO CONTROLS,NO CONTROLS,CLEAR,DAYLIGHT,SIDESWIPE SAME DIRECTION,NOT DIVIDED,,STRAIGHT AND LEVEL,DRY,NO DEFECTS,ON SCENE,NO INJURY / DRIVE AWAY,,,,"OVER $1,500",08/11/2023 01:40:00 PM,UNABLE TO DETERMINE,DRIVING SKILLS/KNOWLEDGE/EXPERIENCE,2801,W,55TH ST,824.0,,,,,,,2,NO INDICATION OF INJURY,0.0,0.0,0.0,0.0,0.0,2.0,0.0,13,6,8,41.7935800114,-87.6938555414,POINT (-87.693855541383 41.79358001142)
d08d00b18ed07825b05e9bb1ebc2e03ed84ae6715c69dafb30e3c24accb1d37da57345ec451f315d31d0bf1f998406364e451ed5efe02d34d6cda49c16d27770,JA307980,,06/15/2017 12:30:00 PM,25,NO CONTROLS,NO CONTROLS,CLEAR,DAYLIGHT,TURNING,NOT DIVIDED,2.0,STRAIGHT AND LEVEL,DRY,UNKNOWN,NOT ON SCENE (DESK REPORT),NO INJURY / DRIVE AWAY,,,,"OVER $1,500",06/15/2017 01:00:00 PM,UNABLE TO DETERMINE,UNABLE TO DETERMINE,6199,S,CENTRAL PARK AVE,823.0,,,,,,,2,NO INDICATION OF INJURY,0.0,0.0,0.0,0.0,0.0,2.0,0.0,12,5,6,41.7806938102,-87.7126544297,POINT (-87.712654429743 41.780693810235)
19c8c59f34ee5c989d5f26ac4ee31d9ac24b551d3003c20bdedbd59944e50f4e7c3222305c6e6a35064e4ed506343468cf3a4f4306bb83d8d58d8e6e81026c21,JD418884,,10/31/2020 10:00:00 PM,30,NO CONTROLS,NO CONTROLS,RAIN,DUSK,PARKED MOTOR VEHICLE,NOT DIVIDED,,STRAIGHT AND LEVEL,WET,NO DEFECTS,NOT ON SCENE (DESK REPORT),NO INJURY / DRIVE AWAY,,,,"$501 - $1,500",11/02/2020 05:53:00 PM,NOT APPLICABLE,NOT APPLICABLE,1200,W,72ND ST,734.0,,,,,,,2,NO INDICATION OF INJURY,0.0,0.0,0.0,0.0,0.0,1.0,0.0,22,7,10,41.7633452029,-87.6542339814,POINT (-87.65423398141 41.763345202921)
abadf514a61f90fb1d4f93ae4a9210eaa3d7e633b738439e66c986a80780b22de326d3481c16ac87af21e44cdeb558e169b04ad4353e2f1b2f60a5ecc67b29b3,JB113560,,01/12/2018 12:00:00 PM,30,NO CONTROLS,NO CONTROLS,CLEAR,DAYLIGHT,SIDESWIPE SAME DIRECTION,ONE-WAY,1.0,STRAIGHT AND LEVEL,DRY,NO DEFECTS,NOT ON SCENE (DESK REPORT),NO INJURY / DRIVE AWAY,,,Y,"OVER $1,500",01/12/2018 12:29:00 PM,IMPROPER LANE USAGE,NOT APPLICABLE,5440,W,MADISON ST,1522.0,,,,,,,2,NO INDICATION OF INJURY,0.0,0.0,0.0,0.0,0.0,2.0,0.0,12,6,1,41.8803964701,-87.7618115718,POINT (-87.761811571834 41.880396470091)
e7c3fa1e01d6b46769b00b6823002a9c8e2d37228b0fc285c51c2e8b078f23eddd457c8a871f41626de53587bff75d9d584e8633c68ba46a3df0aca4c2001994,JD207711,,04/12/2020 06:00:00 PM,30,NO CONTROLS,NO CONTROLS,CLEAR,DAYLIGHT,REAR END,NOT DIVIDED,,STRAIGHT AND LEVEL,DRY,NO DEFECTS,NOT ON SCENE (DESK REPORT),NO INJURY / DRIVE AWAY,,,,"$501 - $1,500",04/12/2020 07:00:00 PM,UNABLE TO DETERMINE,UNABLE TO DETERMINE,4600,W,MARQUETTE RD,833.0,,,,,,,2,NO INDICATION OF INJURY,0.0,0.0,0.0,0.0,0.0,2.0,0.0,18,1,4,41.7713106382,-87.7372612501,POINT (-87.737261250082 41.771310638206)
2035947262b162fedb30d403c89132ce0dde329a66e64355b3a7e8c0303f40ea562d7b7f2aa65c6cc8e6d2c88cfd66bc3a35644ba5efe99b78a74ab09075f4c3,JF327703,Y,07/22/2022 05:34:00 PM,30,NO CONTROLS,NO CONTROLS,CLEAR,DAYLIGHT,REAR END,NOT DIVIDED,,STRAIGHT AND LEVEL,DRY,NO DEFECTS,ON SCENE,NO INJURY / DRIVE AWAY,,,Y,$500 OR LESS,07/22/2022 05:36:00 PM,UNABLE TO DETERMINE,NOT APPLICABLE,2301,S,DAMEN AVE,1034.0,,,,,,,2,NO INDICATION OF INJURY,0.0,0.0,0.0,0.0,0.0,3.0,0.0,17,6,7,41.8503191332,-87.6756423843,POINT (-87.675642384253 41.850319133244)
ca796930dd2bf443d3fa0fcfb39ba01f401097fe7cf1e84efdbdef1b9cbc0d32586157d24235909d80746dab83040bec6656a5cb1efde676cabad28c20ca6d4c,JE122065,,01/24/2021 02:30:00 PM,30,NO CONTROLS,NO CONTROLS,CLEAR,DAYLIGHT,REAR END,ONE-WAY,,STRAIGHT AND LEVEL,DRY,NO DEFECTS,NOT ON SCENE (DESK REPORT),NO INJURY / DRIVE AWAY,Y,,,"OVER $1,500",01/24/2021 03:00:00 PM,UNABLE TO DETERMINE,UNABLE TO DETERMINE,9900,S,GREEN ST,2232.0,,,,,,,2,NO INDICATION OF INJURY,0.0,0.0,0.0,0.0,0.0,2.0,0.0,14,1,1,41.714111405,-87.6443798855,POINT (-87.644379885501 41.714111405034)
ba66565fb0dc87672dcb080731e0b7b549b84f2ba37c1dda9353abd920450b596048451b106a779def414cd9274c62c5ffc25571bcc309afb41124f0995ec670,HZ370121,,07/29/2016 06:45:00 PM,30,NO CONTROLS,NO CONTROLS,CLEAR,DAYLIGHT,REAR END,ONE-WAY,3.0,STRAIGHT AND LEVEL,DRY,NO DEFECTS,NOT ON SCENE (DESK REPORT),NO INJURY / DRIVE AWAY,,,,$500 OR LESS,07/29/2016 07:08:00 PM,IMPROPER OVERTAKING/PASSING,UNABLE TO DETERMINE,500,W,MADISON ST,121.0,,,,,,,2,NO INDICATION OF INJURY,0.0,0.0,0.0,0.0,0.0,2.0,0.0,18,6,7,41.8819943382,-87.6397586849,POINT (-87.639758684881 41.881994338205)
3af8c26a4cf84cc480a708b0b435642a106540a1f13e09e5a06b05c194decfba116dfec98c0424f4b4ad971c10af7d31f93db6c137e28d1410965e5e65d368b3,JC325691,,06/28/2019 01:00:00 PM,30,NO CONTROLS,NO CONTROLS,CLEAR,DAYLIGHT,SIDESWIPE OPPOSITE DIRECTION,DIVIDED - W/MEDIAN (NOT RAISED),,STRAIGHT AND LEVEL,DRY,NO DEFECTS,NOT ON SCENE (DESK REPORT),NO INJURY / DRIVE AWAY,,,,"$501 - $1,500",06/28/2019 01:25:00 PM,UNABLE TO DETERMINE,NOT APPLICABLE,3025,W,LAWRENCE AVE,1713.0,,,,,,,2,NO INDICATION OF INJURY,0.0,0.0,0.0,0.0,0.0,2.0,0.0,13,6,6,41.9683772425,-87.7045917588,POINT (-87.7045917588 41.968377242535)
1207703fc537a7414c5d0ee916062f05f9fa753d54bf9a40478db15e689e046f54ac991580a8f808c7e490d5200fa0f1f16048042485d6b1348c0bedb165713b,JC510778,,11/14/2019 08:03:00 PM,30,TRAFFIC SIGNAL,FUNCTIONING PROPERLY,CLEAR,"DARKNESS, LIGHTED ROAD",TURNING,OTHER,,STRAIGHT AND LEVEL,DRY,NO DEFECTS,NOT ON SCENE (DESK REPORT),NO INJURY / DRIVE AWAY,Y,,,"$501 - $1,500",11/14/2019 09:00:00 PM,UNABLE TO DETERMINE,NOT APPLICABLE,100,N,CLARK ST,122.0,,,,,,,2,NO INDICATION OF INJURY,0.0,0.0,0.0,0.0,0.0,4.0,0.0,20,5,11,41.8832706622,-87.631056285,POINT (-87.631056284971 41.883270662247)
ba6e5eea8709afb68f6a467e6623fa265c2f775d2b1df3f16120bb2921fea67fcc0a47a792338b203c8695ccc2e98904e19316cb92d85c888c3e47592a944c7b,JE475939,,12/13/2021 11:57:00 AM,35,NO CONTROLS,NO CONTROLS,CLEAR,DAYLIGHT,SIDESWIPE OPPOSITE DIRECTION,NOT DIVIDED,,STRAIGHT AND LEVEL,DRY,NO DEFECTS,ON SCENE,INJURY AND / OR TOW DUE TO CRASH,,,,"OVER $1,500",12/13/2021 11:57:00 AM,PHYSICAL CONDITION OF DRIVER,UNABLE TO DETERMINE,4535,S,KEDZIE AVE,922.0,,,,,,,2,NO INDICATION OF INJURY,0.0,0.0,0.0,0.0,0.0,2.0,0.0,11,2,12,41.810682635,-87.7039264026,POINT (-87.703926402627 41.810682635021)
da9b709584d4ee72d9acd538d56685a18398b95a6ec6008d69440a4dca5710eac228dac55995acd2b1cf6aefbed4888bd6164cba6b96fe5aa4960d57fb0ed39b,JB116973,,01/15/2018 02:00:00 AM,30,UNKNOWN,UNKNOWN,UNKNOWN,UNKNOWN,PARKED MOTOR VEHICLE,UNKNOWN,,STRAIGHT AND LEVEL,UNKNOWN,UNKNOWN,NOT ON SCENE (DESK REPORT),NO INJURY / DRIVE AWAY,,,Y,"OVER $1,500",01/15/2018 02:35:00 PM,UNABLE TO DETERMINE,NOT APPLICABLE,5144,W,BELLE PLAINE AVE,1624.0,,,,,,,2,NO INDICATION OF INJURY,0.0,0.0,0.0,0.0,0.0,1.0,0.0,2,2,1,41.9552410029,-87.7565573084,POINT (-87.756557308384 41.955241002938)
e4c03c686ba8b3844e3b13e31bf06194468da195d4cf3b10d20f64981bdc725edb09cb8083a9e60de4fb58fa85fe0651066a807fdd48d19147bb2e9ea810079f,JF260585,,05/30/2022 12:30:00 AM,30,STOP SIGN/FLASHER,FUNCTIONING IMPROPERLY,CLEAR,"DARKNESS, LIGHTED ROAD",ANGLE,NOT DIVIDED,,STRAIGHT AND LEVEL,DRY,UNKNOWN,ON SCENE,INJURY AND / OR TOW DUE TO CRASH,Y,,,"OVER $1,500",05/30/2022 12:36:00 AM,UNABLE TO DETERMINE,NOT APPLICABLE,5100,S,PRAIRIE AVE,231.0,,,,,,,2,NONINCAPACITATING INJURY,2.0,0.0,0.0,2.0,0.0,1.0,0.0,0,2,5,41.8019570011,-87.6195505863,POINT (-87.619550586257 41.801957001131)
de20d3305b01808368b9d93c8011498993860682e65ab720a3cb272b42d0926d80feb614ac6a4f46c5f035829e220df194b53ea0de169b4e57e809ea61eb7746,JF231769,,04/28/2022 05:20:00 PM,30,NO CONTROLS,NO CONTROLS,CLEAR,DAYLIGHT,REAR END,NOT DIVIDED,,STRAIGHT AND LEVEL,DRY,NO DEFECTS,NOT ON SCENE (DESK REPORT),NO INJURY / DRIVE AWAY,,,,"OVER $1,500",05/05/2022 09:45:00 PM,UNABLE TO DETERMINE,UNABLE TO DETERMINE,600,W,NORTH AVE,1813.0,,,,,,,2,NO INDICATION OF INJURY,0.0,0.0,0.0,0.0,0.0,2.0,0.0,17,5,4,41.9111238433,-87.6434903449,POINT (-87.643490344868 41.911123843332)
6fa17bdb7ae7a98c3a080d2f6340127ec9b3bfcf9a0c049f1e73579adaae1d2c0db4a6c603af1b72e07f21d33478a08ef016a676e0fd684baa075fe5b89190a1,JE438768,,11/08/2021 10:16:00 PM,30,TRAFFIC SIGNAL,FUNCTIONING PROPERLY,CLEAR,"DARKNESS, LIGHTED ROAD",REAR TO FRONT,NOT DIVIDED,,STRAIGHT AND LEVEL,DRY,NO DEFECTS,ON SCENE,NO INJURY / DRIVE AWAY,,,,"OVER $1,500",11/08/2021 10:17:00 PM,IMPROPER BACKING,NOT APPLICABLE,406,N,STATE ST,1831.0,,Y,,,,,2,NO INDICATION OF INJURY,0.0,0.0,0.0,0.0,0.0,4.0,0.0,22,2,11,41.8895096256,-87.628141535,POINT (-87.628141535024 41.88950962563)
a2886cf8338d68fab56de3c070fd54758726dc406a70a2d8ffb6b9295d1d877b53489ea345bc00a551c736d23c82717bd80ae0359ece610fb6cafea24c186d05,JA469729,,10/13/2017 12:00:00 PM,30,UNKNOWN,UNKNOWN,CLEAR,UNKNOWN,PARKED MOTOR VEHICLE,UNKNOWN,,STRAIGHT AND LEVEL,DRY,UNKNOWN,NOT ON SCENE (DESK REPORT),NO INJURY / DRIVE AWAY,,,Y,"$501 - $1,500",10/13/2017 01:45:00 PM,UNABLE TO DETERMINE,UNABLE TO DETERMINE,5402,W,CORTLAND ST,2532.0,,,,,,,2,NO INDICATION OF INJURY,0.0,0.0,0.0,0.0,0.0,1.0,0.0,12,6,10,41.9145308837,-87.7608791759,POINT (-87.760879175925 41.914530883701)
445ff41e97f909f59a1cb385fef76a5492652142a8ca0e0851d029d627091437ad84d3bd56b8a31cede9b4996b478fc0eaef81381539f3619bfad195e5247da2,JC466532,,10/03/2019 08:00:00 AM,30,NO CONTROLS,NO CONTROLS,CLEAR,DAYLIGHT,REAR TO SIDE,DRIVEWAY,,STRAIGHT AND LEVEL,DRY,NO DEFECTS,NOT ON SCENE (DESK REPORT),NO INJURY / DRIVE AWAY,,,,$500 OR LESS,10/09/2019 06:00:00 PM,UNABLE TO DETERMINE,NOT APPLICABLE,1104,W,98TH ST,2223.0,,,,,,,2,NO INDICATION OF INJURY,0.0,0.0,0.0,0.0,0.0,2.0,0.0,8,5,10,41.7159284406,-87.6506162099,POINT (-87.650616209872 41.715928440557)
815fbfc55344c413f04be94ead7a0a083a59f1cf2a3c4deb5f5ec53b08a7ec13d962b49824d214fbdd1728359274d84c5dc6d2cc336f1c0043721fe8f41b06b7,JB200876,Y,03/26/2018 07:15:00 PM,30,TRAFFIC SIGNAL,FUNCTIONING PROPERLY,CLEAR,DUSK,TURNING,NOT DIVIDED,2.0,STRAIGHT AND LEVEL,DRY,NO DEFECTS,NOT ON SCENE (DESK REPORT),NO INJURY / DRIVE AWAY,,,,"OVER $1,500",03/26/2018 08:15:00 PM,IMPROPER OVERTAKING/PASSING,IMPROPER OVERTAKING/PASSING,3539,W,DEVON AVE,1711.0,,,,,,,2,NO INDICATION OF INJURY,0.0,0.0,0.0,0.0,0.0,2.0,0.0,19,2,3,41.9971682842,-87.7185513924,POINT (-87.718551392412 41.997168284244)
d11eade7056f4b85abb1c9ca1667e8055a5ac1cdfa7b5c104edef66f1c1590d8f1314e8f0697f34662b2800604882061bf4423b29ff780e986d5d4f7d2201e5b,JB299735,,06/09/2018 02:00:00 PM,30,TRAFFIC SIGNAL,FUNCTIONING PROPERLY,CLEAR,DAYLIGHT,REAR END,NOT DIVIDED,4.0,STRAIGHT AND LEVEL,WET,NO DEFECTS,ON SCENE,NO INJURY / DRIVE AWAY,,,,"$501 - $1,500",06/09/2018 02:15:00 PM,FOLLOWING TOO CLOSELY,WEATHER,4002,N,ASHLAND AVE,1912.0,,,,,,,2,NO INDICATION OF INJURY,0.0,0.0,0.0,0.0,0.0,4.0,0.0,14,7,6,41.954436355,-87.6692011442,POINT (-87.669201144233 41.954436354953)
622130abd00788cab6ca88c39bc0950fe3f8a68b5d4d772edc49f521e10d68c4d97ffe99dffcfd3190277324db066e9c4076dd3250c02f8b1808d7a36d3dcb0c,JA244213,,04/29/2017 03:00:00 PM,30,TRAFFIC SIGNAL,FUNCTIONING PROPERLY,RAIN,DAYLIGHT,REAR END,DIVIDED - W/MEDIAN (NOT RAISED),2.0,STRAIGHT AND LEVEL,WET,UNKNOWN,NOT ON SCENE (DESK REPORT),NO INJURY / DRIVE AWAY,,,Y,"OVER $1,500",04/29/2017 04:30:00 PM,NOT APPLICABLE,NOT APPLICABLE,3000,W,ADDISON ST,1733.0,,,,,,,2,NO INDICATION OF INJURY,0.0,0.0,0.0,0.0,0.0,5.0,0.0,15,7,4,41.9467634614,-87.7029865905,POINT (-87.702986590477 41.946763461435)