CRASH_RECORD_ID,RD_NO,CRASH_DATE_EST_I,CRASH_DATE,POSTED_SPEED_LIMIT,TRAFFIC_CONTROL_DEVICE,DEVICE_CONDITION,WEATHER_CONDITION,LIGHTING_CONDITION,FIRST_CRASH_TYPE,TRAFFICWAY_TYPE,LANE_CNT,ALIGNMENT,ROADWAY_SURFACE_COND,ROAD_DEFECT,REPORT_TYPE,CRASH_TYPE,INTERSECTION_RELATED_I,NOT_RIGHT_OF_WAY_I,HIT_AND_RUN_I,DAMAGE,DATE_POLICE_NOTIFIED,PRIM_CONTRIBUTORY_CAUSE,SEC_CONTRIBUTORY_CAUSE,STREET_NO,STREET_DIRECTION,STREET_NAME,BEAT_OF_OCCURRENCE,PHOTOS_TAKEN_I,STATEMENTS_TAKEN_I,DOORING_I,WORK_ZONE_I,WORK_ZONE_TYPE,WORKERS_PRESENT_I,NUM_UNITS,MOST_SEVERE_INJURY,INJURIES_TOTAL,INJURIES_FATAL,INJURIES_INCAPACITATING,INJURIES_NON_INCAPACITATING,INJURIES_REPORTED_NOT_EVIDENT,INJURIES_NO_INDICATION,INJURIES_UNKNOWN,CRASH_HOUR,CRASH_DAY_OF_WEEK,CRASH_MONTH,LATITUDE,LONGITUDE,LOCATION
7efcb47b6152ea47ed78af1d59c06e9df1979965453b3e8380ef71b846fcefaf14813a991b0b5b51d9e3597a007264987cb3ec635dd4364dade6b421360e8b82,JB180065,,03/08/2018 07:00:00 PM,30,NO CONTROLS,NO CONTROLS,CLEAR,DUSK,PEDESTRIAN,NOT DIVIDED,,STRAIGHT AND LEVEL,DRY,NO DEFECTS,NOT ON SCENE (DESK REPORT),INJURY AND / OR TOW DUE TO CRASH,,,,"OVER $1,500",03/09/2018 08:41:00 PM,NOT APPLICABLE,NOT APPLICABLE,4700,S,SPRINGFIELD AVE,821.0,,,,,,,2,NONINCAPACITATING INJURY,1.0,0.0,0.0,1.0,0.0,1.0,0.0,19,5,3,41.8078044299,-87.7212628093,POINT (-87.721262809253 41.807804429932)
5a7ecae07abaa773feab96393315d8bfd97608f37dd43130e9a069e178457e29bf20297ae46e3778eb617911e1ee7122c0e7392b8638d5212bc6e14adc232726,JE309828,,05/25/2021 06:00:00 PM,30,TRAFFIC SIGNAL,FUNCTIONING PROPERLY,UNKNOWN,DAYLIGHT,REAR END,CENTER TURN LANE,,STRAIGHT AND LEVEL,UNKNOWN,NO DEFECTS,NOT ON SCENE (DESK REPORT),NO INJURY / DRIVE AWAY,,,,"OVER $1,500",07/22/2021 07:47:00 AM,FAILING TO YIELD RIGHT-OF-WAY,NOT APPLICABLE,2400,N,DAMEN AVE,1432.0,,,,,,,2,NO INDICATION OF INJURY,0.0,0.0,0.0,0.0,0.0,2.0,0.0,18,3,5,41.9250380064,-87.678047191,POINT (-87.678047191013 41.92503800641)
d2d71c6274d5573943bed1b285044c1a40be9565d0fae6cfdfcb092acea58ad73ec3b3f38463be41a62ea3fe875f9572b91b4881008297f2012002eebd79db98,JD112791,,01/12/2020 04:00:00 AM,30,NO CONTROLS,NO CONTROLS,SNOW,"DARKNESS, LIGHTED ROAD",FIXED OBJECT,NOT DIVIDED,,STRAIGHT AND LEVEL,SNOW OR SLUSH,NO DEFECTS,ON SCENE,INJURY AND / OR TOW DUE TO CRASH,,,,"OVER $1,500",01/12/2020 04:05:00 AM,WEATHER,UNABLE TO DETERMINE,2938,W,FULLERTON AVE,1414.0,,,,,,,1,"REPORTED, NOT EVIDENT",2.0,0.0,0.0,0.0,2.0,0.0,0.0,4,1,1,41.9248810806,-87.7014414256,POINT (-87.701441425619 41.924881080626)
599407116bcdecf2c4ac1c7906b9c69ffa82f37111ee678fde401a0673f877db8ed7ebca1b560e9196be38e18f2d19eb69eb9f9b126482c3a908b49174ad7701,,Y,10/29/2023 04:00:00 AM,30,NO CONTROLS,NO CONTROLS,RAIN,"DARKNESS, LIGHTED ROAD",PARKED MOTOR VEHICLE,ONE-WAY,,STRAIGHT AND LEVEL,WET,NO DEFECTS,,INJURY AND / OR TOW DUE TO CRASH,,,Y,"OVER $1,500",10/29/2023 08:30:00 AM,UNABLE TO DETERMINE,UNABLE TO DETERMINE,2312,W,RICE ST,1212.0,,,,,,,4,NO INDICATION OF INJURY,0.0,0.0,0.0,0.0,0.0,1.0,0.0,4,1,10,41.8968036692,-87.6850023339,POINT (-87.685002333923 41.89680366917)
20907d65479eb59590bbb426e72b426c918b420b3fb078707eddebe838b6cb1a07eaad2f891765e6cb4407ce22dc009ae064e1352e0b33b5508f66689e88cb73,JA534700,,11/09/2017 03:30:00 PM,35,NO CONTROLS,NO CONTROLS,CLEAR,DAYLIGHT,FIXED OBJECT,DIVIDED - W/MEDIAN (NOT RAISED),4.0,STRAIGHT AND LEVEL,DRY,"RUT, HOLES",NOT ON SCENE (DESK REPORT),INJURY AND / OR TOW DUE TO CRASH,,,,"$501 - $1,500",12/03/2017 09:20:00 AM,ROAD ENGINEERING/SURFACE/MARKING DEFECTS,ROAD ENGINEERING/SURFACE/MARKING DEFECTS,1809,S,WESTERN AVE,1234.0,,,,,,,2,NO INDICATION OF INJURY,0.0,0.0,0.0,0.0,0.0,2.0,0.0,15,5,11,41.8572627432,-87.6856445668,POINT (-87.685644566763 41.857262743237)
3e73bd5b2eb4ff4f5413c8b5299dda0bd15c26e0c979acfe3938f652e537f58e8da348131dfa2a8cba257033aaa0f8f8d564e548a9373807e4f31fbe1afbebd1,JF338041,,07/30/2022 09:50:00 PM,30,TRAFFIC SIGNAL,FUNCTIONING PROPERLY,CLEAR,DARKNESS,PEDALCYCLIST,NOT DIVIDED,,STRAIGHT AND LEVEL,DRY,NO DEFECTS,ON SCENE,INJURY AND / OR TOW DUE TO CRASH,,,Y,"$501 - $1,500",07/30/2022 10:01:00 PM,UNABLE TO DETERMINE,UNABLE TO DETERMINE,2301,S,CANAL ST,914.0,,,,,,,2,NONINCAPACITATING INJURY,1.0,0.0,0.0,1.0,0.0,1.0,0.0,21,7,7,41.8508412648,-87.6383345764,POINT (-87.63833457638 41.850841264825)
2794d502b7e8c46e167e7fed1d8d03b1e50f3e50baec78971f72fb9ffdef062d4d4cf3c1e3e9da8fdff02dcdf57493c727f07d99e0ba591771dc5e9f3966d418,JG242962,,04/30/2023 03:15:00 PM,35,NO CONTROLS,NO CONTROLS,RAIN,DAYLIGHT,ANGLE,DIVIDED - W/MEDIAN BARRIER,,STRAIGHT AND LEVEL,WET,NO DEFECTS,ON SCENE,INJURY AND / OR TOW DUE TO CRASH,Y,,,"OVER $1,500",04/30/2023 03:27:00 PM,UNABLE TO DETERMINE,NOT APPLICABLE,3359,W,79TH ST,834.0,,,,,,,4,NO INDICATION OF INJURY,0.0,0.0,0.0,0.0,0.0,2.0,0.0,15,1,4,41.749557313,-87.707211112,POINT (-87.707211112049 41.749557313023)
7461bfa2c463a160c0e6fa9ba084839b85cf9ba675e4c3c2f1995d59fc83c4792d174e28627591389e6adda4146efea6c9da8387c9bc55685d8b30d3d3fa19f1,JD281274,,06/30/2020 03:19:00 PM,30,NO CONTROLS,NO CONTROLS,CLEAR,DAYLIGHT,REAR END,NOT DIVIDED,,STRAIGHT AND LEVEL,DRY,NO DEFECTS,ON SCENE,INJURY AND / OR TOW DUE TO CRASH,,,Y,"OVER $1,500",06/30/2020 03:20:00 PM,DISREGARDING TRAFFIC SIGNALS,DRIVING SKILLS/KNOWLEDGE/EXPERIENCE,13000,S,INDIANA AVE,533.0,,,,,,,2,NONINCAPACITATING INJURY,1.0,0.0,0.0,1.0,0.0,3.0,0.0,15,3,6,41.6590092158,-87.6174479065,POINT (-87.617447906473 41.659009215787)
f1c8e8bef045ae647303bbac0f2e17f7d7d478b99ebec4104c28ac79fe906484437b9e5a0c3a4b6f65502bd118ddb7a07a760792e134f9adabf3aed39348bcd5,JF180957,,03/21/2022 02:22:00 AM,40,NO CONTROLS,NO CONTROLS,CLEAR,"DARKNESS, LIGHTED ROAD",FIXED OBJECT,DIVIDED - W/MEDIAN BARRIER,,STRAIGHT AND LEVEL,DRY,NO DEFECTS,ON SCENE,INJURY AND / OR TOW DUE TO CRASH,,,,"OVER $1,500",03/21/2022 02:22:00 AM,UNABLE TO DETERMINE,NOT APPLICABLE,1516,N,LAKE SHORE DR SB,1824.0,,,,,,,1,"REPORTED, NOT EVIDENT",1.0,0.0,0.0,0.0,1.0,1.0,0.0,2,2,3,41.9100372424,-87.6261192534,POINT (-87.626119253354 41.910037242436)
2a5475150fb77900560a963c73427308e9447043ec2a6a0b0beb9e9a94c5afb33bdc8ca938b3a565758320863715870816219fe4c42bd892a341c88f5ce56700,JG262548,,05/16/2023 10:25:00 AM,30,TRAFFIC SIGNAL,NO CONTROLS,CLEAR,DAYLIGHT,FIXED OBJECT,NOT DIVIDED,,STRAIGHT AND LEVEL,DRY,NO DEFECTS,ON SCENE,NO INJURY / DRIVE AWAY,,,,"OVER $1,500",05/16/2023 10:31:00 AM,UNABLE TO DETERMINE,UNABLE TO DETERMINE,11500,S,AVENUE G,433.0,,,,,,,2,NO INDICATION OF INJURY,0.0,0.0,0.0,0.0,0.0,1.0,0.0,10,3,5,41.6862903733,-87.5317996573,POINT (-87.531799657318 41.686290373255)
b67585484091be7dae1c7f723d61ba823abefee7566bb7f7837f619d71bf4eef289c1ecb139abe5d8e4f9c2ad5e1e5200d73670538b94f257e2f9ec33dc6cf6b,JC468662,,10/11/2019 12:25:00 PM,30,NO CONTROLS,NO CONTROLS,CLEAR,DAYLIGHT,SIDESWIPE SAME DIRECTION,DIVIDED - W/MEDIAN BARRIER,,STRAIGHT AND LEVEL,DRY,NO DEFECTS,NOT ON SCENE (DESK REPORT),NO INJURY / DRIVE AWAY,,,,"OVER $1,500",10/11/2019 01:05:00 PM,FAILING TO YIELD RIGHT-OF-WAY,IMPROPER OVERTAKING/PASSING,2,N,LA SALLE ST,122.0,,,,,,,2,NO INDICATION OF INJURY,0.0,0.0,0.0,0.0,0.0,2.0,0.0,12,6,10,41.8819922983,-87.6325066267,POINT (-87.632506626701 41.881992298253)
c6f4a0e12bc2c80fc7f5e257821e31a61a37aa564daa5a1df400058c244cda83c4a7e32e714a6fd52405b07007e4b0a252c08828f129d1f5ecf2b4ef34ba6480,JF348476,Y,08/08/2022 03:05:00 AM,30,NO CONTROLS,NO CONTROLS,CLEAR,"DARKNESS, LIGHTED ROAD",FIXED OBJECT,ONE-WAY,,STRAIGHT AND LEVEL,DRY,NO DEFECTS,ON SCENE,INJURY AND / OR TOW DUE TO CRASH,,,,"OVER $1,500",08/08/2022 03:05:00 AM,PHYSICAL CONDITION OF DRIVER,FAILING TO REDUCE SPEED TO AVOID CRASH,1958,W,VAN BUREN ST,1225.0,,,,,,,1,"REPORTED, NOT EVIDENT",1.0,0.0,0.0,0.0,1.0,0.0,0.0,3,2,8,41.8763168212,-87.6764977909,POINT (-87.676497790855 41.876316821231)
cb6a01a89ea7b2fc903bc66b3e9480520a8c65cba0ea2eb72d2089763475e3be8c187a275170f53e598113a57207f9b16fc770cb037af8cc7bf7b74e014a8a30,JB405836,,08/23/2018 05:18:00 PM,30,TRAFFIC SIGNAL,FUNCTIONING PROPERLY,CLEAR,DAYLIGHT,REAR END,DIVIDED - W/MEDIAN (NOT RAISED),4.0,STRAIGHT AND LEVEL,DRY,NO DEFECTS,ON SCENE,INJURY AND / OR TOW DUE TO CRASH,N,,,"OVER $1,500",08/23/2018 05:39:00 PM,FAILING TO REDUCE SPEED TO AVOID CRASH,UNABLE TO DETERMINE,3105,W,PETERSON AVE,2011.0,,,,,,,2,NO INDICATION OF INJURY,0.0,0.0,0.0,0.0,0.0,3.0,0.0,17,5,8,41.9902849746,-87.7074819556,POINT (-87.707481955647 41.990284974551)
f6d19c6cb7c2a8ecbec323323fcbf319e0f7c8643479827ca1ce448c32d9e9252e7c09782b8988e828afef8092eb39082481bf868e1a01bc287930938d7f8cba,JB508603,,11/08/2018 03:27:00 PM,30,TRAFFIC SIGNAL,FUNCTIONING PROPERLY,CLEAR,DAYLIGHT,PEDESTRIAN,DIVIDED - W/MEDIAN BARRIER,2.0,STRAIGHT AND LEVEL,DRY,NO DEFECTS,ON SCENE,NO INJURY / DRIVE AWAY,Y,,,$500 OR LESS,11/08/2018 03:29:00 PM,UNABLE TO DETERMINE,NOT APPLICABLE,1001,W,HARRISON ST,1232.0,,,,,,,2,NO INDICATION OF INJURY,0.0,0.0,0.0,0.0,0.0,2.0,0.0,15,5,11,41.874257233,-87.6518803585,POINT (-87.651880358516 41.874257233013)
7872d1f76a8695b85fe91a3fd1e30a2a5fe7f3074dde757720fd6a54b9c0f3adac2843e99101eb93d2bdccab9c02f520d946be692e1a4fb6fe970f55d4978ab1,JG402579,,08/27/2023 11:00:00 PM,25,STOP SIGN/FLASHER,UNKNOWN,UNKNOWN,DARKNESS,ANGLE,UNKNOWN,,STRAIGHT AND LEVEL,UNKNOWN,UNKNOWN,NOT ON SCENE (DESK REPORT),NO INJURY / DRIVE AWAY,,,,"OVER $1,500",08/29/2023 02:50:00 PM,UNABLE TO DETERMINE,UNABLE TO DETERMINE,542,W,76TH ST,621.0,,,,,,,2,NO INDICATION OF INJURY,0.0,0.0,0.0,0.0,0.0,2.0,0.0,23,1,8,41.7562823121,-87.6383610613,POINT (-87.638361061304 41.756282312077)
ac36c0e5ffeba0bd7250265bf139237a573e043fa7a2fb0bc4489b5bff4d2deeec843f12a58efdb61ae3519e624460e7d988d8baff5ca08f6d9974454bc63044,JE207548,Y,04/23/2021 09:45:00 AM,30,STOP SIGN/FLASHER,FUNCTIONING PROPERLY,CLEAR,DAYLIGHT,REAR END,FOUR WAY,,STRAIGHT AND LEVEL,DRY,NO DEFECTS,NOT ON SCENE (DESK REPORT),NO INJURY / DRIVE AWAY,,,,"OVER $1,500",04/23/2021 10:10:00 AM,UNABLE TO DETERMINE,UNABLE TO DETERMINE,6101,S,MORGAN ST,712.0,,,,,,,2,NO INDICATION OF INJURY,0.0,0.0,0.0,0.0,0.0,2.0,0.0,9,6,4,41.7832259647,-87.6495873401,POINT (-87.649587340112 41.783225964662)
3976c6e4d739f601f39d02f0b7f4932485b4a6046e21d2c85626b1ca5dbe3e69221766ff76259e0e9e2702ff8602099787b5d6b1b9aa0b2312b4bd98d0f8239f,,,10/31/2023 07:40:00 PM,30,STOP SIGN/FLASHER,FUNCTIONING PROPERLY,SNOW,DUSK,ANGLE,FOUR WAY,,STRAIGHT AND LEVEL,SNOW OR SLUSH,NO DEFECTS,NOT ON SCENE (DESK REPORT),NO INJURY / DRIVE AWAY,,,N,"OVER $1,500",10/31/2023 09:00:00 PM,FAILING TO YIELD RIGHT-OF-WAY,NOT APPLICABLE,6359,W,63RD PL,812.0,,Y,,,,,2,NO INDICATION OF INJURY,0.0,0.0,0.0,0.0,0.0,3.0,0.0,19,3,10,41.7766678208,-87.7811095821,POINT (-87.781109582056 41.776667820773)
2fef715c64f9baa77b1d3a5255ed579fce08041a120420d0585ec184cb1a971b140902244655e0d4415adcb6a7757d2f8b3fb251ec5fa681e69c3e6cc37e4585,JD290237,,07/08/2020 11:05:00 AM,30,NO CONTROLS,NO CONTROLS,CLEAR,DAYLIGHT,TURNING,NOT DIVIDED,,STRAIGHT AND LEVEL,DRY,NO DEFECTS,ON SCENE,INJURY AND / OR TOW DUE TO CRASH,Y,,,"OVER $1,500",07/08/2020 11:07:00 AM,FAILING TO YIELD RIGHT-OF-WAY,IMPROPER TURNING/NO SIGNAL,8701,S,PARNELL AVE,2223.0,,,,,,,2,NONINCAPACITATING INJURY,2.0,0.0,0.0,1.0,1.0,0.0,0.0,11,4,7,41.735826654,-87.6373831537,POINT (-87.637383153721 41.735826654015)
844f08d7efb6da3452aafd97ce917ccb917ae9b9f5f56ee4363690c20f06b5eb1a72204f8821b95bfb701c859a65fdc7eba389dc1fc58fc39e452bc6bccd4ea7,HZ165809,,02/26/2016 12:05:00 PM,15,NO CONTROLS,NO CONTROLS,CLEAR,DAYLIGHT,REAR END,PARKING LOT,,STRAIGHT AND LEVEL,DRY,NO DEFECTS,NOT ON SCENE (DESK REPORT),NO INJURY / DRIVE AWAY,,,,"OVER $1,500",02/26/2016 01:30:00 PM,FOLLOWING TOO CLOSELY,FOLLOWING TOO CLOSELY,1899,W,DEVON AVE,2433.0,,,,,,,2,NO INDICATION OF INJURY,0.0,0.0,0.0,0.0,0.0,2.0,0.0,12,6,2,41.9978505651,-87.6767694377,POINT (-87.676769437678 41.997850565108)
a436a147522f235a95ef04eb8a0b991c64645e792f07a5d6a329675dfa3d7ddeb09896f565c2ba7b5884f2f41ea00592d7edd951b65b8c54614a6cc1fd197cb3,JE375478,,09/15/2021 10:20:00 AM,30,TRAFFIC SIGNAL,FUNCTIONING PROPERLY,UNKNOWN,DAYLIGHT,REAR END,NOT DIVIDED,,STRAIGHT AND LEVEL,UNKNOWN,UNKNOWN,NOT ON SCENE (DESK REPORT),NO INJURY / DRIVE AWAY,,,Y,"$501 - $1,500",09/16/2021 09:18:00 AM,UNABLE TO DETERMINE,NOT APPLICABLE,4800,W,55TH ST,814.0,,,,,,,2,NO INDICATION OF INJURY,0.0,0.0,0.0,0.0,0.0,2.0,0.0,10,4,9,41.7931263583,-87.7429317724,POINT (-87.742931772386 41.793126358267)
43254ba7683e5d4c50ed968f9be87532e8198a4f749f85ba81db5d5addacc008135c6ad854972b6989d8a24c32690a9d34ca0c91ab7581fbd5cfbbd89a03531b,JD196170,,03/27/2020 01:30:00 PM,25,NO CONTROLS,NO CONTROLS,CLEAR,DAYLIGHT,SIDESWIPE SAME DIRECTION,DIVIDED - W/MEDIAN (NOT RAISED),,STRAIGHT AND LEVEL,DRY,UNKNOWN,NOT ON SCENE (DESK REPORT),NO INJURY / DRIVE AWAY,,,,"$501 - $1,500",03/27/2020 02:20:00 PM,UNABLE TO DETERMINE,NOT APPLICABLE,2399,N,CENTRAL AVE,2515.0,,,,,,,2,NO INDICATION OF INJURY,0.0,0.0,0.0,0.0,0.0,2.0,0.0,13,6,3,41.9238933905,-87.7658399483,POINT (-87.765839948307 41.9238933905)
ff3a0420ad935810c8231e2b0bd1f0e668920c50967628fc2d6ce02156c280c0f9f937a161dcdb23d831f90be8a99c1fa1a3c8b6db4ec0204356f1da5a2120a7,JG202387,,03/28/2023 02:08:00 PM,10,NO CONTROLS,NO CONTROLS,CLEAR,DAYLIGHT,FIXED OBJECT,ALLEY,,STRAIGHT AND LEVEL,DRY,NO DEFECTS,ON SCENE,NO INJURY / DRIVE AWAY,,,Y,"$501 - $1,500",03/28/2023 02:21:00 PM,DRIVING SKILLS/KNOWLEDGE/EXPERIENCE,DRIVING ON WRONG SIDE/WRONG WAY,3910,W,79TH ST,833.0,,,,,,,1,NO INDICATION OF INJURY,0.0,0.0,0.0,0.0,0.0,1.0,0.0,14,3,3,41.7496965156,-87.7208076737,POINT (-87.720807673672 41.749696515648)
8f9c56b86d38be100f8c446db89bec191b0834b8230d5b1818c98ecd67881f5f55e6a529b19e028b7b677bad5e4af780c332de1dbf525a5539b576a27fa99fa5,JF200166,,04/07/2022 10:00:00 AM,30,UNKNOWN,UNKNOWN,UNKNOWN,UNKNOWN,REAR END,NOT DIVIDED,,STRAIGHT AND LEVEL,UNKNOWN,UNKNOWN,NOT ON SCENE (DESK REPORT),NO INJURY / DRIVE AWAY,,,,"OVER $1,500",04/07/2022 10:25:00 AM,UNABLE TO DETERMINE,UNABLE TO DETERMINE,2500,N,WESTERN AVE,1431.0,,,,,,,2,NO INDICATION OF INJURY,0.0,0.0,0.0,0.0,0.0,2.0,0.0,10,5,4,41.9267258501,-87.6878562871,POINT (-87.687856287102 41.926725850088)
2584dc94e3f13274f8b62418f580d6424146001012df94f21801250c5181279c1d5798eebcc8ea84068cd3dc9b9c1855fbf25997010335c63fc5f17210ea7333,JA522105,,11/22/2017 06:30:00 PM,30,NO CONTROLS,NO CONTROLS,CLEAR,"DARKNESS, LIGHTED ROAD",REAR END,DIVIDED - W/MEDIAN (NOT RAISED),,STRAIGHT AND LEVEL,DRY,NO DEFECTS,NOT ON SCENE (DESK REPORT),NO INJURY / DRIVE AWAY,,,,"$501 - $1,500",11/22/2017 07:25:00 PM,FOLLOWING TOO CLOSELY,UNABLE TO DETERMINE,3516,W,26TH ST,1024.0,,,,,,,2,NO INDICATION OF INJURY,0.0,0.0,0.0,0.0,0.0,2.0,0.0,18,4,11,41.8445143922,-87.7131425744,POINT (-87.713142574357 41.844514392181)
7f75f9fa1e336c5744ffb38bbfb9ac011c69730e5384b2cc2263904b2fe12630528b588d8e6445f4b3e73a3d0a9c24d3c991e72627c77c6118ab784782070351,JG309484,,06/21/2023 06:50:00 AM,30,NO CONTROLS,NO CONTROLS,CLEAR,DAYLIGHT,SIDESWIPE SAME DIRECTION,NOT DIVIDED,,STRAIGHT AND LEVEL,DRY,NO DEFECTS,ON SCENE,NO INJURY / DRIVE AWAY,,,,"OVER $1,500",06/21/2023 07:14:00 AM,NOT APPLICABLE,NOT APPLICABLE,6340,N,LINCOLN AVE,1711.0,,,,,,,2,NO INDICATION OF INJURY,0.0,0.0,0.0,0.0,0.0,2.0,0.0,6,4,6,41.9964701227,-87.7175038127,POINT (-87.717503812652 41.99647012267)
3505ca06e2eabfdcd973233786ab6d5205f4c7633438cb38c703dcfd1fd12549138a80462e87a802146b38670b5cdaf36a73168458eee6c4c0d4b0f44ad723d9,JC396721,,08/17/2019 07:31:00 PM,30,TRAFFIC SIGNAL,FUNCTIONING PROPERLY,CLEAR,DUSK,TURNING,FOUR WAY,,STRAIGHT AND LEVEL,DRY,NO DEFECTS,ON SCENE,NO INJURY / DRIVE AWAY,Y,,Y,"OVER $1,500",08/17/2019 07:45:00 PM,FAILING TO REDUCE SPEED TO AVOID CRASH,"OPERATING VEHICLE IN ERRATIC, RECKLESS, CARELESS, NEGLIGENT OR AGGRESSIVE MANNER",6714,S,LAFAYETTE AVE,722.0,,,,,,,2,NO INDICATION OF INJURY,0.0,0.0,0.0,0.0,0.0,2.0,0.0,19,7,8,41.7722126892,-87.6268978107,POINT (-87.626897810696 41.772212689216)
b5e81249f12d43bfbac9036d2ff185410a881c6a32ac68aa1c58cca3969e981e8eba18e949c76ed8f0f185c1810fb3753b0ff0ee223606da9c30aa5e209e7f85,JD250388,,06/01/2020 06:09:00 PM,30,NO CONTROLS,NO CONTROLS,CLEAR,DAWN,HEAD ON,DIVIDED - W/MEDIAN (NOT RAISED),,STRAIGHT AND LEVEL,DRY,NO DEFECTS,ON SCENE,INJURY AND / OR TOW DUE TO CRASH,,,Y,"OVER $1,500",06/01/2020 09:58:00 PM,UNABLE TO DETERMINE,UNABLE TO DETERMINE,200,W,106TH ST,512.0,,,,,,,2,NO INDICATION OF INJURY,0.0,0.0,0.0,0.0,0.0,2.0,0.0,18,2,6,41.70174424,-87.6282670095,POINT (-87.628267009533 41.701744239956)
8625f26b8985bc9223ae6e0c580a79d4fcfc384e83d845dcfc067b4dd3e1125d2be1860432f958cd6a7d0878079486b665d3b66098f325f90b9d3f4c208e4c7e,HY506047,,11/12/2015 11:00:00 PM,30,UNKNOWN,UNKNOWN,RAIN,"DARKNESS, LIGHTED ROAD",PARKED MOTOR VEHICLE,NOT DIVIDED,2.0,STRAIGHT AND LEVEL,WET,UNKNOWN,NOT ON SCENE (DESK REPORT),NO INJURY / DRIVE AWAY,,,Y,"OVER $1,500",11/18/2015 12:10:00 PM,NOT APPLICABLE,NOT APPLICABLE,6101,S,LAWNDALE AVE,823.0,,,,Y,CONSTRUCTION,,2,NO INDICATION OF INJURY,0.0,0.0,0.0,0.0,0.0,1.0,0.0,23,5,11,41.7823704733,-87.7153549701,POINT (-87.715354970126 41.782370473269)
45243d594590293a93c113a956cad9e9a1f9d42001befd765a00082426ca2d7b0e1f5c7384c7421cd77edef29edc064fad2bbb84a71e41ef5e27bb3569aa0470,JE464619,,12/03/2021 08:30:00 AM,30,NO CONTROLS,NO CONTROLS,CLEAR,DAYLIGHT,PARKED MOTOR VEHICLE,PARKING LOT,,STRAIGHT AND LEVEL,DRY,NO DEFECTS,NOT ON SCENE (DESK REPORT),NO INJURY / DRIVE AWAY,,,,"OVER $1,500",12/03/2021 11:37:00 AM,IMPROPER OVERTAKING/PASSING,FOLLOWING TOO CLOSELY,5829,S,ARCHER AVE,814.0,,,,,,,2,NO INDICATION OF INJURY,0.0,0.0,0.0,0.0,0.0,1.0,0.0,8,6,12,41.7960196245,-87.7596833672,POINT (-87.759683367185 41.796019624453)
89eb0984a0af68e40029ee286fdd0640da4992b65987c58949203f57b32a2de6a3701c0a760c7ae042322b70ed2066220448229c60cb792575823b0ae8275f45,JC312668,,06/19/2019 07:04:00 AM,25,NO CONTROLS,NO CONTROLS,RAIN,DAYLIGHT,TURNING,NOT DIVIDED,,STRAIGHT AND LEVEL,DRY,NO DEFECTS,NOT ON SCENE (DESK REPORT),NO INJURY / DRIVE AWAY,,,,"OVER $1,500",06/19/2019 09:45:00 AM,DRIVING SKILLS/KNOWLEDGE/EXPERIENCE,NOT APPLICABLE,3159,N,LOWELL AVE,2523.0,,,,,,,2,NO INDICATION OF INJURY,0.0,0.0,0.0,0.0,0.0,3.0,0.0,7,4,6,41.9388888299,-87.735876064,POINT (-87.735876064042 41.938888829934)
7756cd5a446912da34d10790e72b594ac47ab04da119c2f465c05f8bee032fd5306811cb8c9d1e270a364987b0c30f53951cef4057dcc0e9ba5dc3ce9fa0f374,JD184280,,03/13/2020 12:15:00 PM,35,TRAFFIC SIGNAL,FUNCTIONING PROPERLY,CLEAR,DAYLIGHT,SIDESWIPE SAME DIRECTION,DIVIDED - W/MEDIAN (NOT RAISED),,STRAIGHT AND LEVEL,DRY,NO DEFECTS,NOT ON SCENE (DESK REPORT),NO INJURY / DRIVE AWAY,,,N,"OVER $1,500",03/13/2020 01:10:00 PM,IMPROPER OVERTAKING/PASSING,UNABLE TO DETERMINE,8517,S,COTTAGE GROVE AVE,632.0,,,,,,,2,NO INDICATION OF INJURY,0.0,0.0,0.0,0.0,0.0,2.0,0.0,12,6,3,41.739733476,-87.6047632647,POINT (-87.60476326468 41.739733475996)
765d7906ad5653a59b3373392bdcccb142af4b4185b7964ef87695283d5f6ead56d943900f043ef52a6fab2a5959bec8373037187c71fe68724478559d831f3c,JF194656,,04/02/2022 12:00:00 AM,15,NO CONTROLS,NO CONTROLS,CLEAR,DARKNESS,PARKED MOTOR VEHICLE,NOT DIVIDED,,STRAIGHT AND LEVEL,DRY,NO DEFECTS,NOT ON SCENE (DESK REPORT),NO INJURY / DRIVE AWAY,,,Y,"OVER $1,500",04/02/2022 11:30:00 AM,UNABLE TO DETERMINE,NOT APPLICABLE,1116,E,67TH ST,321.0,,,,,,,2,NO INDICATION OF INJURY,0.0,0.0,0.0,0.0,0.0,1.0,0.0,0,7,4,41.7733290178,-87.5977423076,POINT (-87.597742307563 41.773329017751)
a6faf575aea39ef8881cb10d55c0ab371da3e202907220887844de104ff019935f781dad2efd4537703ccb1272fb1cb0fda6451967e277bc64620db6098c0a26,JG454341,,10/06/2023 09:00:00 PM,30,TRAFFIC SIGNAL,FUNCTIONING PROPERLY,CLEAR,"DARKNESS, LIGHTED ROAD",SIDESWIPE OPPOSITE DIRECTION,FOUR WAY,,STRAIGHT AND LEVEL,DRY,NO DEFECTS,NOT ON SCENE (DESK REPORT),NO INJURY / DRIVE AWAY,Y,,,"OVER $1,500",10/07/2023 09:00:00 AM,UNABLE TO DETERMINE,UNABLE TO DETERMINE,4800,W,LAKE ST,1532.0,,,,,,,2,NO INDICATION OF INJURY,0.0,0.0,0.0,0.0,0.0,2.0,0.0,21,6,10,41.8867491397,-87.7456088529,POINT (-87.745608852908 41.886749139662)