CRASH_RECORD_ID,RD_NO,CRASH_DATE_EST_I,CRASH_DATE,POSTED_SPEED_LIMIT,TRAFFIC_CONTROL_DEVICE,DEVICE_CONDITION,WEATHER_CONDITION,LIGHTING_CONDITION,FIRST_CRASH_TYPE,TRAFFICWAY_TYPE,LANE_CNT,ALIGNMENT,ROADWAY_SURFACE_COND,ROAD_DEFECT,REPORT_TYPE,CRASH_TYPE,INTERSECTION_RELATED_I,NOT_RIGHT_OF_WAY_I,HIT_AND_RUN_I,DAMAGE,DATE_POLICE_NOTIFIED,PRIM_CONTRIBUTORY_CAUSE,SEC_CONTRIBUTORY_CAUSE,STREET_NO,STREET_DIRECTION,STREET_NAME,BEAT_OF_OCCURRENCE,PHOTOS_TAKEN_I,STATEMENTS_TAKEN_I,DOORING_I,WORK_ZONE_I,WORK_ZONE_TYPE,WORKERS_PRESENT_I,NUM_UNITS,MOST_SEVERE_INJURY,INJURIES_TOTAL,INJURIES_FATAL,INJURIES_INCAPACITATING,INJURIES_NON_INCAPACITATING,INJURIES_REPORTED_NOT_EVIDENT,INJURIES_NO_INDICATION,INJURIES_UNKNOWN,CRASH_HOUR,CRASH_DAY_OF_WEEK,CRASH_MONTH,LATITUDE,LONGITUDE,LOCATION
86b20fcd483fb24fa64d603145b3e4b4e2912644897c86d4c2e98215981588ec588d972967426dbcf6729a3c4db601ebd7973ded57ddbd22dec22f88ebb44f97,JC173333,,03/04/2019 01:52:00 PM,30,TRAFFIC SIGNAL,FUNCTIONING PROPERLY,CLEAR,DAYLIGHT,REAR END,ONE-WAY,3.0,STRAIGHT AND LEVEL,DRY,NO DEFECTS,ON SCENE,INJURY AND / OR TOW DUE TO CRASH,N,,,"OVER $1,500",03/04/2019 01:53:00 PM,IMPROPER TURNING/NO SIGNAL,FAILING TO REDUCE SPEED TO AVOID CRASH,3955,N,MENARD AVE,1633.0,,,,,,,3,NONINCAPACITATING INJURY,1.0,0.0,0.0,1.0,0.0,3.0,0.0,13,2,3,41.9529547794,-87.7717350102,POINT (-87.771735010164 41.952954779396)
ca22e3f450b61c0d65e39892acb6091bf6dbd8e1d2b36094ffc7ae8eb8ac9ab3f34dc4a77292595e90c2ae8ef5f122cbe5fd08ab7c91508edba37a51ce7b98d5,JD124250,,01/22/2020 08:35:00 AM,30,STOP SIGN/FLASHER,FUNCTIONING PROPERLY,CLOUDY/OVERCAST,DAYLIGHT,TURNING,FOUR WAY,,STRAIGHT AND LEVEL,SNOW OR SLUSH,WORN SURFACE,ON SCENE,NO INJURY / DRIVE AWAY,Y,,,"$501 - $1,500",01/22/2020 08:40:00 AM,UNABLE TO DETERMINE,UNABLE TO DETERMINE,330,W,31ST ST,914.0,,,,,,,2,NO INDICATION OF INJURY,0.0,0.0,0.0,0.0,0.0,3.0,0.0,8,4,1,41.8382990401,-87.6352600804,POINT (-87.63526008043 41.838299040082)
f07c32c6dbc00c0e06b1efdbddf6e50c08b820c0ef0e5b9def7a4990d1f9a40c09db8381edaf97ec62605caacfd7c9d5a5e42b5f574a12df27c8f7acfc50e66a,JB415651,,08/30/2018 07:34:00 PM,30,OTHER WARNING SIGN,FUNCTIONING PROPERLY,CLEAR,DAYLIGHT,REAR END,DIVIDED - W/MEDIAN (NOT RAISED),4.0,STRAIGHT AND LEVEL,DRY,NO DEFECTS,ON SCENE,INJURY AND / OR TOW DUE TO CRASH,,,Y,"OVER $1,500",08/30/2018 07:58:00 PM,EXCEEDING AUTHORIZED SPEED LIMIT,FOLLOWING TOO CLOSELY,820,S,DAMEN AVE,1225.0,,,,,,,2,NO INDICATION OF INJURY,0.0,0.0,0.0,0.0,0.0,2.0,0.0,19,5,8,41.8708894961,-87.6765126502,POINT (-87.676512650226 41.870889496052)
312bebcc305a009214ead48d993d5719d57c4b32c49b74e81c0d617511fc2192d5b3a7a9578988bb3586327666469896063549a8f01ff3910300ca1dfcfa2f78,JD228660,,05/10/2020 03:46:00 AM,30,NO CONTROLS,NO CONTROLS,CLEAR,"DARKNESS, LIGHTED ROAD",PARKED MOTOR VEHICLE,NOT DIVIDED,,STRAIGHT AND LEVEL,DRY,NO DEFECTS,ON SCENE,INJURY AND / OR TOW DUE TO CRASH,,,Y,"OVER $1,500",05/10/2020 03:46:00 AM,IMPROPER BACKING,"OPERATING VEHICLE IN ERRATIC, RECKLESS, CARELESS, NEGLIGENT OR AGGRESSIVE MANNER",1394,W,81ST ST,612.0,,,,,,,2,NO INDICATION OF INJURY,0.0,0.0,0.0,0.0,0.0,2.0,0.0,3,1,5,41.746897098,-87.6584362842,POINT (-87.65843628424 41.746897097989)
cef599f107866cff09fac9a673a79776607a0e7003099201cd0101322be0782c69eba541f3c5a1334b1156e13e6bf1ecabc3f3e5efc3bf4be56c4feecd1f50c5,JE334429,,08/11/2021 10:48:00 PM,30,STOP SIGN/FLASHER,FUNCTIONING PROPERLY,CLEAR,"DARKNESS, LIGHTED ROAD",REAR TO REAR,ONE-WAY,,STRAIGHT AND LEVEL,DRY,UNKNOWN,ON SCENE,NO INJURY / DRIVE AWAY,,,,"$501 - $1,500",08/11/2021 11:07:00 PM,IMPROPER OVERTAKING/PASSING,UNABLE TO DETERMINE,6399,N,OAKLEY AVE,2413.0,,,,,,,2,NO INDICATION OF INJURY,0.0,0.0,0.0,0.0,0.0,2.0,0.0,22,4,8,41.9976847156,-87.6872957665,POINT (-87.687295766512 41.997684715626)
5442d4afaebb0056b615d35d04a91da30cfebf9800f7e459821a97e4e2f578c5d22d228de078fcf1ca7ab55c5205faa12e4b1b10ad8cb3a5c113eac573bb70f2,JA237250,,04/22/2017 01:55:00 PM,15,NO CONTROLS,NO CONTROLS,CLEAR,DAYLIGHT,OTHER OBJECT,DRIVEWAY,1.0,STRAIGHT AND LEVEL,DRY,NO DEFECTS,NOT ON SCENE (DESK REPORT),NO INJURY / DRIVE AWAY,,,,"OVER $1,500",04/24/2017 02:33:00 PM,UNABLE TO DETERMINE,UNABLE TO DETERMINE,1015,S,CENTRAL PARK AVE,1133.0,,,,,,,1,NO INDICATION OF INJURY,0.0,0.0,0.0,0.0,0.0,1.0,0.0,13,7,4,41.8685164119,-87.7153411791,POINT (-87.715341179127 41.868516411866)
fd3d01a274c45d4985ec2314c070b92a27f351e9499593587f19611c2e8a766160d800325084296012a2ee1beba6f7a9d944afcf54915288538f6cbc2c5ab6a3,JA482549,,10/23/2017 01:00:00 PM,30,TRAFFIC SIGNAL,FUNCTIONING PROPERLY,RAIN,DAYLIGHT,REAR END,NOT DIVIDED,,STRAIGHT AND LEVEL,WET,UNKNOWN,NOT ON SCENE (DESK REPORT),INJURY AND / OR TOW DUE TO CRASH,,,,"OVER $1,500",10/23/2017 01:28:00 PM,FOLLOWING TOO CLOSELY,FOLLOWING TOO CLOSELY,800,S,CICERO AVE,1533.0,,,,,,,2,NONINCAPACITATING INJURY,2.0,0.0,0.0,2.0,0.0,2.0,0.0,13,2,10,41.8702311448,-87.7450403653,POINT (-87.745040365265 41.870231144775)
c58047235fe4b834f9274f21cf4910f67514d7b16ea80b60e6df009fd0ed7955787c6aacabb5e0ddb0bd4bf9b5e070382560c476f94f2a380292bcd13d845ead,JA517265,,11/18/2017 08:10:00 PM,30,TRAFFIC SIGNAL,NO CONTROLS,CLEAR,"DARKNESS, LIGHTED ROAD",TURNING,DIVIDED - W/MEDIAN (NOT RAISED),2.0,STRAIGHT AND LEVEL,DRY,NO DEFECTS,NOT ON SCENE (DESK REPORT),NO INJURY / DRIVE AWAY,Y,,Y,"$501 - $1,500",11/18/2017 10:40:00 PM,FAILING TO YIELD RIGHT-OF-WAY,IMPROPER TURNING/NO SIGNAL,6200,N,BROADWAY,2433.0,,,,,,,2,NO INDICATION OF INJURY,0.0,0.0,0.0,0.0,0.0,2.0,0.0,20,7,11,41.994641657,-87.6605557359,POINT (-87.660555735853 41.994641656952)
46056d3a5cacff4a1533bd332e1cf6451f6920a8a8713e2ae1fa543fce879892a931272f5622758bf672c1d3d720bb6aec911d1d0924c01b290b541c8746538d,JB574087,,12/31/2018 05:14:00 PM,35,TRAFFIC SIGNAL,FUNCTIONING PROPERLY,RAIN,"DARKNESS, LIGHTED ROAD",REAR END,NOT DIVIDED,2.0,STRAIGHT AND LEVEL,WET,NO DEFECTS,ON SCENE,INJURY AND / OR TOW DUE TO CRASH,Y,,,"$501 - $1,500",12/31/2018 05:29:00 PM,FOLLOWING TOO CLOSELY,WEATHER,1712,N,CLARK ST,1814.0,,,,,,,2,NO INDICATION OF INJURY,0.0,0.0,0.0,0.0,0.0,2.0,0.0,17,2,12,41.9133887527,-87.6331488133,POINT (-87.633148813304 41.913388752695)
f44fa2b7857e6c2580c94b03f97848084b46eb4ab951da9f7149628076e84872091d71d014fdcaac1c8efbbba8b11b185adc090736c952dc37b65abba8cea34e,JD399919,Y,10/15/2020 06:30:00 AM,30,NO CONTROLS,NO CONTROLS,CLEAR,"DARKNESS, LIGHTED ROAD",PARKED MOTOR VEHICLE,NOT DIVIDED,,STRAIGHT AND LEVEL,DRY,NO DEFECTS,ON SCENE,NO INJURY / DRIVE AWAY,,,Y,"OVER $1,500",10/15/2020 06:32:00 AM,UNABLE TO DETERMINE,NOT APPLICABLE,4584,N,MEADE AVE,1622.0,,,,,,,2,NO INDICATION OF INJURY,0.0,0.0,0.0,0.0,0.0,1.0,0.0,6,5,10,41.9645007162,-87.7797454671,POINT (-87.779745467106 41.964500716199)
7eebddc3106601aab13215edaa5e34d3a12e9f6cac09fd8512595d5481a1993850ff8ea3d95745be5da024d8f88484b9ddfd7a7073320e1dceb9abdf740ec215,JA413530,,08/31/2017 04:04:00 PM,30,UNKNOWN,UNKNOWN,CLEAR,DAYLIGHT,REAR END,UNKNOWN,,STRAIGHT AND LEVEL,DRY,UNKNOWN,NOT ON SCENE (DESK REPORT),NO INJURY / DRIVE AWAY,,,,$500 OR LESS,08/31/2017 04:20:00 PM,FOLLOWING TOO CLOSELY,FOLLOWING TOO CLOSELY,4320,W,NORTH AVE,2534.0,,,,,,,2,NO INDICATION OF INJURY,0.0,0.0,0.0,0.0,0.0,2.0,0.0,16,5,8,41.9098875908,-87.7346020224,POINT (-87.734602022403 41.909887590812)
18f26052cf3b340a9e6715ee2f1a4c691790c17fd436173a5ae7c4ab137d3ab3f9d6055d0d89f2505d79a2deb1fd4812021f367ca7efba12c939595fc7a08041,JC113367,,01/11/2019 07:05:00 PM,35,NO CONTROLS,NO CONTROLS,CLEAR,"DARKNESS, LIGHTED ROAD",REAR END,NOT DIVIDED,,STRAIGHT AND LEVEL,DRY,NO DEFECTS,ON SCENE,NO INJURY / DRIVE AWAY,,,,"OVER $1,500",01/11/2019 07:11:00 PM,FOLLOWING TOO CLOSELY,NOT APPLICABLE,2829,S,KEDZIE AVE,1033.0,,,,,,,2,NO INDICATION OF INJURY,0.0,0.0,0.0,0.0,0.0,4.0,0.0,19,6,1,41.8400369343,-87.7047587978,POINT (-87.704758797752 41.840036934321)
4d49b2a96cd23fdd5999deaaa078815ee063b428ee238f3f380372e51268f3c14408bdaae807f079e2edff5526de4aeb9ac7a191ff28361d55e63d1c9a652527,JF135568,Y,02/02/2022 05:55:00 AM,30,NO CONTROLS,NO CONTROLS,SNOW,DAYLIGHT,REAR END,NOT DIVIDED,,STRAIGHT AND LEVEL,SNOW OR SLUSH,NO DEFECTS,NOT ON SCENE (DESK REPORT),NO INJURY / DRIVE AWAY,,,Y,"$501 - $1,500",02/06/2022 12:00:00 PM,UNABLE TO DETERMINE,UNABLE TO DETERMINE,11525,S,STATE ST,532.0,,,,,,,2,NO INDICATION OF INJURY,0.0,0.0,0.0,0.0,0.0,2.0,0.0,5,4,2,41.6846263617,-87.622722768,POINT (-87.622722768001 41.684626361669)
f5e0dedb325105fed4a0964b1dd93394ab95e8b6bc02371110836e3a188cebb29c5d27c6a8c68c11c04887fe54c0fb6c26d1775a2282797388f519d4c83b09e4,JD249517,,05/31/2020 09:00:00 PM,25,NO CONTROLS,NO CONTROLS,CLEAR,DARKNESS,PARKED MOTOR VEHICLE,NOT DIVIDED,,STRAIGHT AND LEVEL,DRY,NO DEFECTS,ON SCENE,INJURY AND / OR TOW DUE TO CRASH,,,,"OVER $1,500",06/01/2020 08:55:00 AM,UNABLE TO DETERMINE,UNABLE TO DETERMINE,8214,S,CALIFORNIA AVE,835.0,,,,,,,2,NO INDICATION OF INJURY,0.0,0.0,0.0,0.0,0.0,1.0,0.0,21,1,5,41.7439934551,-87.6926171067,POINT (-87.692617106711 41.743993455134)
524ea07f311c5f21c4788a3d48ddb37eae65ca6d57fd874a2280b52076426bbb79320dd81ba3710fa964baf1ff3dadc2ef4291436b2bc3901176dd48db0cd7f9,JB521002,,11/18/2018 06:55:00 PM,30,NO CONTROLS,NO CONTROLS,CLEAR,"DARKNESS, LIGHTED ROAD",PARKED MOTOR VEHICLE,ONE-WAY,2.0,STRAIGHT AND LEVEL,DRY,NO DEFECTS,ON SCENE,NO INJURY / DRIVE AWAY,,,,$500 OR LESS,11/18/2018 07:00:00 PM,FAILING TO YIELD RIGHT-OF-WAY,DISREGARDING ROAD MARKINGS,441,E,ERIE ST,1834.0,,,,,,,2,NO INDICATION OF INJURY,0.0,0.0,0.0,0.0,0.0,4.0,0.0,18,1,11,41.8941611551,-87.6162020127,POINT (-87.616202012684 41.89416115508)
95feddf8363a67b3c6df4d5687dab055ef70aeb5743a81113557184b31a27ded05b630f1d87d96459e1edd56dd23c3a5c3d533bb76d654497f59714e88db125c,JF186587,,03/25/2022 05:30:00 PM,30,TRAFFIC SIGNAL,FUNCTIONING PROPERLY,CLEAR,DAYLIGHT,ANGLE,DIVIDED - W/MEDIAN (NOT RAISED),,STRAIGHT AND LEVEL,UNKNOWN,UNKNOWN,NOT ON SCENE (DESK REPORT),NO INJURY / DRIVE AWAY,Y,,,"OVER $1,500",03/25/2022 07:00:00 PM,UNABLE TO DETERMINE,NOT APPLICABLE,2800,W,IRVING PARK RD,1724.0,,,,,,,2,NO INDICATION OF INJURY,0.0,0.0,0.0,0.0,0.0,2.0,0.0,17,6,3,41.9540833177,-87.6983027701,POINT (-87.69830277007 41.954083317715)
994fb15634bbd1d5dcac8b9efe9a98f62c161a5463fc6159d4a28f3f5854bce4d8794a4f5175c72ec4aac0364cec413fa6f692b0efabf62fbe4507f72555f915,JF344324,,08/04/2022 04:40:00 PM,30,TRAFFIC SIGNAL,FUNCTIONING PROPERLY,CLEAR,DAYLIGHT,TURNING,FOUR WAY,,STRAIGHT AND LEVEL,DRY,NO DEFECTS,ON SCENE,NO INJURY / DRIVE AWAY,Y,,,"OVER $1,500",08/04/2022 05:00:00 PM,IMPROPER TURNING/NO SIGNAL,FAILING TO REDUCE SPEED TO AVOID CRASH,403,E,71ST ST,323.0,,,,,,,2,NO INDICATION OF INJURY,0.0,0.0,0.0,0.0,0.0,2.0,0.0,16,5,8,41.7656049838,-87.6151139088,POINT (-87.615113908848 41.765604983842)
137091a0a882f25b6718e74acd0ab419c6380618090a9b023a66dfbb13ac477d65da54927d2eac478d94b6abfa55ba4a4db56e0750e52c1843997e20b19c2d0a,JE107468,,01/08/2021 10:15:00 PM,30,TRAFFIC SIGNAL,FUNCTIONING PROPERLY,CLEAR,"DARKNESS, LIGHTED ROAD",TURNING,NOT DIVIDED,,STRAIGHT AND LEVEL,DRY,NO DEFECTS,ON SCENE,INJURY AND / OR TOW DUE TO CRASH,Y,,,"OVER $1,500",01/08/2021 10:44:00 PM,FAILING TO YIELD RIGHT-OF-WAY,UNABLE TO DETERMINE,1600,S,PULASKI RD,1012.0,,,,,,,2,NONINCAPACITATING INJURY,1.0,0.0,0.0,1.0,0.0,1.0,0.0,22,6,1,41.858775158,-87.7250995851,POINT (-87.725099585109 41.85877515798)
fb5ce9e76e13475870570951dee12d6000a84b503ce958f23ece4a880b21cbf2e203764c02b4858d136e2606e1f5d0ab4d06ba121bb504ee117745d4b3c43441,JC275395,,05/23/2019 03:14:00 PM,30,STOP SIGN/FLASHER,FUNCTIONING PROPERLY,CLEAR,DAYLIGHT,REAR END,NOT DIVIDED,,STRAIGHT AND LEVEL,DRY,UNKNOWN,NOT ON SCENE (DESK REPORT),NO INJURY / DRIVE AWAY,,,,"$501 - $1,500",05/23/2019 03:30:00 PM,FAILING TO REDUCE SPEED TO AVOID CRASH,NOT APPLICABLE,10400,S,TORRENCE AVE,434.0,,,,,,,2,NO INDICATION OF INJURY,0.0,0.0,0.0,0.0,0.0,2.0,0.0,15,5,5,41.7063077218,-87.5597909176,POINT (-87.559790917563 41.706307721812)
809251d90a7e2a52e60673c486a41003b5f0661213d9e64043f60309c09dee8ae2d82eae729e05d739204b02d68cfebe6088ad29185ad7f1fd88e379286f1177,JF516202,,12/19/2022 01:00:00 PM,30,NO CONTROLS,NO CONTROLS,CLEAR,DAYLIGHT,PARKED MOTOR VEHICLE,ONE-WAY,,STRAIGHT AND LEVEL,DRY,NO DEFECTS,ON SCENE,NO INJURY / DRIVE AWAY,,,Y,"OVER $1,500",12/19/2022 01:35:00 PM,NOT APPLICABLE,NOT APPLICABLE,5338,W,VAN BUREN ST,1522.0,,,,,,,2,NO INDICATION OF INJURY,0.0,0.0,0.0,0.0,0.0,1.0,0.0,13,2,12,41.8749079342,-87.759012478,POINT (-87.759012478007 41.874907934248)
995ce8f9cbb13b33a8d303b87f3eb31ce0cec073ba24157f96013d09a5ecee51a5f465117cc6d40e8bbe0209847e4f07bb008134ba3cd15d900b1d4a7ceac5b0,JF310127,,07/08/2022 02:33:00 PM,30,NO CONTROLS,NO CONTROLS,CLEAR,DAYLIGHT,REAR END,NOT DIVIDED,,STRAIGHT AND LEVEL,DRY,NO DEFECTS,NOT ON SCENE (DESK REPORT),NO INJURY / DRIVE AWAY,,,,"OVER $1,500",07/08/2022 03:32:00 PM,UNABLE TO DETERMINE,UNABLE TO DETERMINE,2035,E,MARQUETTE DR,331.0,,,,,,,2,NO INDICATION OF INJURY,0.0,0.0,0.0,0.0,0.0,2.0,0.0,14,6,7,41.7752665509,-87.575021916,POINT (-87.575021915989 41.775266550867)
7d14d73e266dfc38365b90d2fc8761d152f1b7f608fd00d86725fead96da4043977ab7b1196cd715fba6fb64ee23bdff78df7c054c9585f82b9e4647d420ea7d,JC335650,Y,07/04/2019 07:00:00 PM,30,NO CONTROLS,NO CONTROLS,CLEAR,UNKNOWN,PARKED MOTOR VEHICLE,NOT DIVIDED,,STRAIGHT ON GRADE,UNKNOWN,UNKNOWN,NOT ON SCENE (DESK REPORT),NO INJURY / DRIVE AWAY,,,Y,"OVER $1,500",07/05/2019 10:15:00 AM,UNABLE TO DETERMINE,UNABLE TO DETERMINE,1140,W,MORSE AVE,2431.0,,,,,,,2,NO INDICATION OF INJURY,0.0,0.0,0.0,0.0,0.0,1.0,0.0,19,5,7,42.008103927,-87.6607716648,POINT (-87.660771664823 42.008103927044)
09ee1162d6cf7543be101338821d5f2b9ef790ca78a16c1ed12323cc4ded9ada817e834df672e5476b3766e2a89812d70b5f697db958ad84b0b5e58875b29d0a,JA111424,,01/11/2017 03:45:00 AM,30,NO CONTROLS,FUNCTIONING PROPERLY,CLOUDY/OVERCAST,"DARKNESS, LIGHTED ROAD",SIDESWIPE SAME DIRECTION,DIVIDED - W/MEDIAN (NOT RAISED),2.0,STRAIGHT AND LEVEL,DRY,WORN SURFACE,NOT ON SCENE (DESK REPORT),NO INJURY / DRIVE AWAY,,,Y,"OVER $1,500",01/11/2017 04:40:00 AM,IMPROPER OVERTAKING/PASSING,IMPROPER OVERTAKING/PASSING,3002,W,TOUHY AVE,2411.0,,,,,,,2,NO INDICATION OF INJURY,0.0,0.0,0.0,0.0,0.0,2.0,0.0,3,4,1,42.0120696894,-87.7046496544,POINT (-87.70464965443 42.012069689369)
f3c1c0d9b86a60faae2876277a8f2b69dfe5643d396a5033ad38ace9bf17da98f95cf72a4cc292b713d73e978f3edaa864908bdf7475889ee700c1bce565a4a9,JD324320,,08/06/2020 07:40:00 PM,30,TRAFFIC SIGNAL,FUNCTIONING PROPERLY,CLEAR,DAYLIGHT,REAR END,NOT DIVIDED,,STRAIGHT AND LEVEL,DRY,NO DEFECTS,NOT ON SCENE (DESK REPORT),NO INJURY / DRIVE AWAY,Y,,,"$501 - $1,500",08/07/2020 07:40:00 PM,FOLLOWING TOO CLOSELY,FAILING TO REDUCE SPEED TO AVOID CRASH,2945,N,PULASKI RD,2523.0,,,,,,,2,NO INDICATION OF INJURY,0.0,0.0,0.0,0.0,0.0,2.0,0.0,19,5,8,41.9349530476,-87.7269199558,POINT (-87.726919955843 41.934953047627)
f8989de1f580e7fa4af2819bac11db456440e945e9e971e162d7ea4ed0cb7cfec683a4864ccd0067f7741c093b7c9d988da245dcc08e9244d01dde621b47ac08,JC249310,,05/04/2019 10:30:00 AM,30,NO CONTROLS,NO CONTROLS,CLEAR,DAYLIGHT,ANGLE,PARKING LOT,,STRAIGHT AND LEVEL,DRY,UNKNOWN,ON SCENE,NO INJURY / DRIVE AWAY,,,,"OVER $1,500",05/04/2019 10:49:00 AM,"OPERATING VEHICLE IN ERRATIC, RECKLESS, CARELESS, NEGLIGENT OR AGGRESSIVE MANNER",UNABLE TO DETERMINE,7600,S,EXCHANGE AVE,421.0,,,,,,,2,NO INDICATION OF INJURY,0.0,0.0,0.0,0.0,0.0,2.0,0.0,10,7,5,41.7571563598,-87.558408913,POINT (-87.55840891305 41.757156359802)
74e687e068562e9f6d718fa43eaf831683f543dc3e62c660120ef366db1a227e112dda61d48c2fb9132b7f0a2309c7cdfb02c0648460f07aa45c158f7722e713,JE258591,,06/08/2021 04:20:00 PM,30,NO CONTROLS,NO CONTROLS,CLEAR,DAYLIGHT,SIDESWIPE SAME DIRECTION,ONE-WAY,,STRAIGHT AND LEVEL,DRY,NO DEFECTS,,NO INJURY / DRIVE AWAY,,,Y,"OVER $1,500",06/08/2021 05:00:00 PM,IMPROPER LANE USAGE,IMPROPER LANE USAGE,5451,S,MICHIGAN AVE,231.0,,,,,,,2,NO INDICATION OF INJURY,0.0,0.0,0.0,0.0,0.0,3.0,0.0,16,3,6,41.7950024435,-87.622326823,POINT (-87.622326823039 41.795002443519)
45226c0bc974bf09390038733caeb6c52e4dd834dc0cb45d7da82a4e3a43d267421fcf069bc7ca0b91515155cc300d89bbfff3428bfe2979d1331bf68e7ab119,JA191642,,03/18/2017 02:50:00 PM,30,NO CONTROLS,NO CONTROLS,CLEAR,DAYLIGHT,REAR END,NOT DIVIDED,2.0,STRAIGHT AND LEVEL,DRY,NO DEFECTS,NOT ON SCENE (DESK REPORT),NO INJURY / DRIVE AWAY,,,Y,"$501 - $1,500",03/18/2017 03:15:00 PM,FAILING TO REDUCE SPEED TO AVOID CRASH,FOLLOWING TOO CLOSELY,2800,N,CALIFORNIA AVE,1411.0,,,,,,,2,NO INDICATION OF INJURY,0.0,0.0,0.0,0.0,0.0,2.0,0.0,14,7,3,41.9321207191,-87.6977653004,POINT (-87.697765300365 41.932120719106)
8a32f427ef55a59267bb6d749bc45f23cf0a95880441044cd931a2cdad06a378e66521313dc0d68cc29c1529ff3da2a2451e8623e19600c9ce9397016886ff92,JB268309,,05/17/2018 12:00:00 PM,30,NO CONTROLS,NO CONTROLS,CLEAR,DAYLIGHT,PARKED MOTOR VEHICLE,PARKING LOT,1.0,STRAIGHT AND LEVEL,DRY,UNKNOWN,NOT ON SCENE (DESK REPORT),NO INJURY / DRIVE AWAY,,N,,"$501 - $1,500",05/18/2018 08:59:00 AM,UNABLE TO DETERMINE,NOT APPLICABLE,4344,W,45TH ST,815.0,,,,,,,2,NO INDICATION OF INJURY,0.0,0.0,0.0,0.0,0.0,1.0,0.0,12,5,5,41.8115216748,-87.7329988171,POINT (-87.732998817109 41.81152167483)
c36e52e3aeb1aa0f7cd2aec451f14a81c52d456925a4e91bcbd48c1b8e817d27c234019b6d7f470ec5d8d1af8c3eeb6e1d01e848928a4061126451f29dfb6b18,JD469881,,12/24/2020 08:21:00 PM,30,TRAFFIC SIGNAL,UNKNOWN,UNKNOWN,"DARKNESS, LIGHTED ROAD",REAR END,OTHER,,STRAIGHT AND LEVEL,UNKNOWN,UNKNOWN,NOT ON SCENE (DESK REPORT),NO INJURY / DRIVE AWAY,,,Y,"OVER $1,500",12/26/2020 01:00:00 PM,UNABLE TO DETERMINE,UNABLE TO DETERMINE,3300,N,CICERO AVE,1634.0,,,,,,,2,NO INDICATION OF INJURY,0.0,0.0,0.0,0.0,0.0,2.0,0.0,20,5,12,41.940694557,-87.7470649417,POINT (-87.74706494169 41.940694557041)
1300d9ad1c2e72ed56e7ada34e3344fbeeada8b1048e8985431498b50aa3b87f3788200fbb306c9182d2f4d8ac4e0724880f458a49bec994327c44924653a493,JG267855,Y,05/20/2023 10:00:00 AM,30,NO CONTROLS,NO CONTROLS,UNKNOWN,DUSK,PARKED MOTOR VEHICLE,ONE-WAY,,STRAIGHT AND LEVEL,UNKNOWN,NO DEFECTS,ON SCENE,NO INJURY / DRIVE AWAY,,,Y,"OVER $1,500",05/20/2023 10:23:00 AM,UNABLE TO DETERMINE,UNABLE TO DETERMINE,5231,W,CONGRESS PKWY,1522.0,,,,,,,2,NO INDICATION OF INJURY,0.0,0.0,0.0,0.0,0.0,1.0,0.0,10,7,5,41.8738196776,-87.7560990716,POINT (-87.756099071598 41.873819677641)
9d525c7edecba6253f55bc8b0c7e7f99fdbad0b0f2146453d93bfa92a54ce9222f64dcdc804be6b3d64ac7ee696f53a8fd623889a537e4b571084cddb74444ce,JG342961,,07/16/2023 04:30:00 AM,35,NO CONTROLS,NO CONTROLS,CLEAR,"DARKNESS, LIGHTED ROAD",FIXED OBJECT,DIVIDED - W/MEDIAN (NOT RAISED),,STRAIGHT AND LEVEL,DRY,UNKNOWN,ON SCENE,INJURY AND / OR TOW DUE TO CRASH,,,,"OVER $1,500",07/16/2023 04:35:00 AM,EQUIPMENT - VEHICLE CONDITION,EQUIPMENT - VEHICLE CONDITION,4559,S,PULASKI RD,821.0,,,,,,,1,NO INDICATION OF INJURY,0.0,0.0,0.0,0.0,0.0,2.0,0.0,4,1,7,41.8097972968,-87.7235082126,POINT (-87.723508212592 41.809797296754)
9c88bf5144a22dc63390061e260b241845f8c2594f831d1aa1139a0083e047bdd7b57956ef022d51f110f4f470b483f1753d38014ce0af364a419b2a34eedd3b,HZ549433,,12/12/2016 05:07:00 PM,30,NO CONTROLS,NO CONTROLS,CLEAR,"DARKNESS, LIGHTED ROAD",SIDESWIPE OPPOSITE DIRECTION,ONE-WAY,1.0,STRAIGHT AND LEVEL,SNOW OR SLUSH,NO DEFECTS,NOT ON SCENE (DESK REPORT),NO INJURY / DRIVE AWAY,,,,"OVER $1,500",12/12/2016 07:05:00 PM,IMPROPER BACKING,UNABLE TO DETERMINE,9050,S,DAUPHIN AVE,633.0,,,,,,,2,NO INDICATION OF INJURY,0.0,0.0,0.0,0.0,0.0,2.0,0.0,17,2,12,41.729740921,-87.602918053,POINT (-87.602918053002 41.729740921034)
52f92875febdc01312fa0dc3b75cbab30f0e3a7c09b2f5b97b2a369e283d3e998a268a46379c06923b72de0198295173a097e8b8f784650ce412fe0a1386a6c8,JF463450,,11/05/2022 01:50:00 PM,35,NO CONTROLS,NO CONTROLS,RAIN,DAYLIGHT,REAR END,NOT DIVIDED,,STRAIGHT AND LEVEL,WET,NO DEFECTS,NOT ON SCENE (DESK REPORT),NO INJURY / DRIVE AWAY,N,,,$500 OR LESS,11/05/2022 03:30:00 PM,FAILING TO REDUCE SPEED TO AVOID CRASH,NOT APPLICABLE,605,W,ROOSEVELT RD,124.0,,,,,,,2,NO INDICATION OF INJURY,0.0,0.0,0.0,0.0,0.0,2.0,0.0,13,7,11,41.8671068571,-87.6424061322,POINT (-87.642406132232 41.867106857139)