CRASH_RECORD_ID,RD_NO,CRASH_DATE_EST_I,CRASH_DATE,POSTED_SPEED_LIMIT,TRAFFIC_CONTROL_DEVICE,DEVICE_CONDITION,WEATHER_CONDITION,LIGHTING_CONDITION,FIRST_CRASH_TYPE,TRAFFICWAY_TYPE,LANE_CNT,ALIGNMENT,ROADWAY_SURFACE_COND,ROAD_DEFECT,REPORT_TYPE,CRASH_TYPE,INTERSECTION_RELATED_I,NOT_RIGHT_OF_WAY_I,HIT_AND_RUN_I,DAMAGE,DATE_POLICE_NOTIFIED,PRIM_CONTRIBUTORY_CAUSE,SEC_CONTRIBUTORY_CAUSE,STREET_NO,STREET_DIRECTION,STREET_NAME,BEAT_OF_OCCURRENCE,PHOTOS_TAKEN_I,STATEMENTS_TAKEN_I,DOORING_I,WORK_ZONE_I,WORK_ZONE_TYPE,WORKERS_PRESENT_I,NUM_UNITS,MOST_SEVERE_INJURY,INJURIES_TOTAL,INJURIES_FATAL,INJURIES_INCAPACITATING,INJURIES_NON_INCAPACITATING,INJURIES_REPORTED_NOT_EVIDENT,INJURIES_NO_INDICATION,INJURIES_UNKNOWN,CRASH_HOUR,CRASH_DAY_OF_WEEK,CRASH_MONTH,LATITUDE,LONGITUDE,LOCATION
d289e5c28f7057b386eaba090136d2f3d765f17865606c4c7b391809ef7849e79df893842550c8fceca9ad2a3639c4c837bc268aa8f5442a43ba0a1c31050fc9,JE393069,,09/30/2021 03:25:00 PM,30,NO CONTROLS,NO CONTROLS,CLEAR,DAYLIGHT,PARKED MOTOR VEHICLE,NOT DIVIDED,,STRAIGHT AND LEVEL,DRY,UNKNOWN,NOT ON SCENE (DESK REPORT),NO INJURY / DRIVE AWAY,,,,"OVER $1,500",09/30/2021 04:00:00 PM,UNABLE TO DETERMINE,UNABLE TO DETERMINE,2738,W,POLK ST,1135.0,,,,,,,2,NO INDICATION OF INJURY,0.0,0.0,0.0,0.0,0.0,1.0,0.0,15,5,9,41.871180086,-87.6951454119,POINT (-87.695145411868 41.871180085998)
b96db4efbd4bfc9b2f8981d254eaa13a1a494aa55c8d6749270ebe493b6ea1fb0dac66cf01e6beafc62f1175c580db3aa8e6c3b2a2c846973d211da9d23fc44f,JG122335,,01/19/2023 06:20:00 PM,30,NO CONTROLS,NO CONTROLS,RAIN,DARKNESS,ANGLE,NOT DIVIDED,,STRAIGHT AND LEVEL,DRY,NO DEFECTS,ON SCENE,NO INJURY / DRIVE AWAY,,,,"OVER $1,500",01/19/2023 06:25:00 PM,FAILING TO YIELD RIGHT-OF-WAY,FAILING TO YIELD RIGHT-OF-WAY,2734,W,AUGUSTA BLVD,1211.0,,,,,,,2,NO INDICATION OF INJURY,0.0,0.0,0.0,0.0,0.0,2.0,0.0,18,5,1,41.8993969561,-87.6957819109,POINT (-87.695781910862 41.899396956118)
10b96b2080b1e3d583e0c4a2c9c64fca0452a263bc706aed8cd4c4e166aba5db559aa51dd254f31451170e6829fc87703267cbc66784f500ef5e6d91cd3e26eb,HZ196618,,03/21/2016 08:20:00 PM,30,NO CONTROLS,NO CONTROLS,CLEAR,"DARKNESS, LIGHTED ROAD",ANGLE,PARKING LOT,0.0,STRAIGHT AND LEVEL,DRY,NO DEFECTS,NOT ON SCENE (DESK REPORT),NO INJURY / DRIVE AWAY,,,Y,"$501 - $1,500",03/22/2016 11:30:00 AM,FAILING TO YIELD RIGHT-OF-WAY,NOT APPLICABLE,4802,W,MADISON ST,1533.0,,,,,,,2,NO INDICATION OF INJURY,0.0,0.0,0.0,0.0,0.0,2.0,0.0,20,2,3,41.8806053658,-87.745471064,POINT (-87.745471064048 41.880605365817)
5ec737deed82c9506ea64e96f12a48eb77303e1550522a7e2639faaf09ab651658fe4e84f4650961f24a0208b384d1dacce507623746f18e7e2ee67023f544e1,JC565594,,12/28/2019 10:30:00 PM,30,NO CONTROLS,NO CONTROLS,UNKNOWN,"DARKNESS, LIGHTED ROAD",PARKED MOTOR VEHICLE,DIVIDED - W/MEDIAN (NOT RAISED),,STRAIGHT AND LEVEL,UNKNOWN,NO DEFECTS,NOT ON SCENE (DESK REPORT),NO INJURY / DRIVE AWAY,,,Y,"OVER $1,500",12/30/2019 05:10:00 PM,UNABLE TO DETERMINE,NOT APPLICABLE,5924,S,PULASKI RD,813.0,,,,,,,2,NO INDICATION OF INJURY,0.0,0.0,0.0,0.0,0.0,1.0,0.0,22,7,12,41.7852353541,-87.7230884192,POINT (-87.723088419189 41.785235354119)
3f54313022808bda1b4a041fb154fa22b9c7ae2b5bf5fb63070f127511246f0d72a10a1fed1db3560b4c2c9fb434bdfeb0866f1defa796de11e08b96b4e8dfb2,JC208112,Y,03/28/2019 06:20:00 PM,30,STOP SIGN/FLASHER,FUNCTIONING PROPERLY,CLEAR,DAYLIGHT,TURNING,NOT DIVIDED,3.0,STRAIGHT AND LEVEL,DRY,NO DEFECTS,NOT ON SCENE (DESK REPORT),NO INJURY / DRIVE AWAY,,,,"$501 - $1,500",04/01/2019 06:35:00 PM,FOLLOWING TOO CLOSELY,FAILING TO YIELD RIGHT-OF-WAY,955,W,GRAND AVE,1214.0,,,,,,,2,NO INDICATION OF INJURY,0.0,0.0,0.0,0.0,0.0,2.0,0.0,18,5,3,41.8910261476,-87.6520045882,POINT (-87.652004588165 41.891026147637)
2bbb4fd1fbc7460979a15d10beff774503c7ba3c0c90bf18fb696c580f22bc04585c6477315e995d414d2f4f4b16e88f6132f8568a7c337660ccd6bf004ecf15,JC227598,Y,04/17/2019 12:01:00 AM,30,NO CONTROLS,NO CONTROLS,CLEAR,UNKNOWN,PARKED MOTOR VEHICLE,NOT DIVIDED,,STRAIGHT AND LEVEL,DRY,NO DEFECTS,ON SCENE,NO INJURY / DRIVE AWAY,,,Y,"OVER $1,500",04/17/2019 08:49:00 AM,UNABLE TO DETERMINE,UNABLE TO DETERMINE,2540,N,CENTRAL PARK AVE,2524.0,,,,,,,3,NO INDICATION OF INJURY,0.0,0.0,0.0,0.0,0.0,1.0,0.0,0,4,4,41.927618947,-87.7172170056,POINT (-87.717217005559 41.927618946963)
759e5fd0557f9d17c38fd78b36da18c4db0469ce39b0611166527be669ec7ffe2cca96ea1ac78544cf81c82fc3e04469e6d83166a30c4ee21be12d6481262287,JE474911,,12/12/2021 12:10:00 PM,30,STOP SIGN/FLASHER,NO CONTROLS,UNKNOWN,UNKNOWN,REAR END,NOT DIVIDED,,STRAIGHT AND LEVEL,UNKNOWN,UNKNOWN,NOT ON SCENE (DESK REPORT),NO INJURY / DRIVE AWAY,Y,,,"$501 - $1,500",12/12/2021 12:40:00 PM,FOLLOWING TOO CLOSELY,UNABLE TO DETERMINE,3500,W,COLUMBUS AVE,834.0,,,,,,,2,NO INDICATION OF INJURY,0.0,0.0,0.0,0.0,0.0,2.0,0.0,12,1,12,41.7450740177,-87.7097780142,POINT (-87.709778014213 41.745074017702)
494236150aede5e944d270a3fa26c4921c5fc9f36f2628c4ed8d50bb823e2b1938f8bbac7c9053d98e9547c2b64413dc296524f3744f2825cddf59e18cee5f37,JA351639,,07/17/2017 12:05:00 PM,20,NO CONTROLS,NO CONTROLS,CLEAR,DAYLIGHT,ANGLE,PARKING LOT,1.0,STRAIGHT AND LEVEL,DRY,UNKNOWN,ON SCENE,NO INJURY / DRIVE AWAY,,,,$500 OR LESS,07/17/2017 01:45:00 PM,IMPROPER BACKING,UNABLE TO DETERMINE,2600,N,NARRAGANSETT AVE,2512.0,,,,,,,2,NO INDICATION OF INJURY,0.0,0.0,0.0,0.0,0.0,3.0,0.0,12,2,7,41.9274270922,-87.7857336277,POINT (-87.785733627742 41.927427092188)
1f66ab3f79c21fb6590d1e01b3f79c139cd8cef15829ee40eb6fe5ad9d71a1cf4c2f1f293b02b6b51921461fcee84cc68ecca87bc92622c2cd8d2a92d3b3606c,JE289857,,07/04/2021 02:50:00 PM,30,NO CONTROLS,NO CONTROLS,CLEAR,DAYLIGHT,REAR END,NOT DIVIDED,,STRAIGHT AND LEVEL,DRY,NO DEFECTS,NOT ON SCENE (DESK REPORT),NO INJURY / DRIVE AWAY,Y,,,"OVER $1,500",07/04/2021 04:00:00 PM,FOLLOWING TOO CLOSELY,NOT APPLICABLE,7100,W,ADDISON ST,1632.0,,,,,,,2,NO INDICATION OF INJURY,0.0,0.0,0.0,0.0,0.0,4.0,0.0,14,1,7,41.9454443501,-87.8033745913,POINT (-87.803374591345 41.94544435014)
b6a2b5bd7ab3f131361df2ce6918d01bf4cccc58b64ecdc825b2455e25f15a1e7e9d676e057bbac12803e7502f9572eda8708aa824191d6fa3ae9468376a54f7,JC125872,,01/22/2019 05:19:00 PM,30,UNKNOWN,UNKNOWN,SLEET/HAIL,"DARKNESS, LIGHTED ROAD",REAR END,NOT DIVIDED,,STRAIGHT AND LEVEL,SNOW OR SLUSH,NO DEFECTS,ON SCENE,INJURY AND / OR TOW DUE TO CRASH,,,Y,"OVER $1,500",01/22/2019 05:21:00 PM,UNABLE TO DETERMINE,UNABLE TO DETERMINE,4454,W,DIVERSEY AVE,2523.0,,,,,,,2,NO INDICATION OF INJURY,0.0,0.0,0.0,0.0,0.0,4.0,0.0,17,3,1,41.9317425711,-87.7390332945,POINT (-87.739033294529 41.93174257109)
37edae6ddc1d67a09972ca3962d6d47b07ef2c2683f6a5c9102464d03e850851e1fbed63bf21c65c044eb5dacd2a7f9efb50482379e38834451a01fa806c2b48,JG290715,,06/06/2023 04:25:00 PM,25,NO CONTROLS,NO CONTROLS,CLEAR,DAYLIGHT,TURNING,NOT DIVIDED,,STRAIGHT AND LEVEL,DRY,UNKNOWN,ON SCENE,INJURY AND / OR TOW DUE TO CRASH,,,,"OVER $1,500",06/06/2023 04:27:00 PM,FAILING TO YIELD RIGHT-OF-WAY,UNABLE TO DETERMINE,1554,E,MARQUETTE RD,321.0,,,,,,,2,NO INDICATION OF INJURY,0.0,0.0,0.0,0.0,0.0,7.0,0.0,16,3,6,41.7752833047,-87.5867157044,POINT (-87.586715704406 41.775283304714)
b8428c9b90f487e51f9d2b5afcdc8bafca0abdc295554bdcb99385e13c6e1e86729c9f3cfa4efadf6c9d717b2d78875a61af97ec2dd774aeab7176518b84f488,JE472852,,12/09/2021 04:00:00 PM,30,TRAFFIC SIGNAL,FUNCTIONING PROPERLY,CLEAR,DAYLIGHT,TURNING,FOUR WAY,,STRAIGHT AND LEVEL,DRY,UNKNOWN,NOT ON SCENE (DESK REPORT),NO INJURY / DRIVE AWAY,,,,"OVER $1,500",12/10/2021 04:45:00 PM,FAILING TO YIELD RIGHT-OF-WAY,NOT APPLICABLE,36,W,ILLINOIS ST,1831.0,,,,,,,2,NO INDICATION OF INJURY,0.0,0.0,0.0,0.0,0.0,2.0,0.0,16,5,12,41.8909446567,-87.629554048,POINT (-87.629554048003 41.890944656709)
1abba14b80072fac33dabbae9f094551d4ec2eb7aafcf5b7014146e6a0177d07f794f91ca3d2cc582124704af6c764889a339cf177091a5facd6d3bc2e96116e,JG458832,,10/10/2023 04:00:00 PM,30,TRAFFIC SIGNAL,FUNCTIONING PROPERLY,CLEAR,DAYLIGHT,REAR END,DIVIDED - W/MEDIAN (NOT RAISED),,STRAIGHT AND LEVEL,DRY,UNKNOWN,NOT ON SCENE (DESK REPORT),NO INJURY / DRIVE AWAY,,,,"OVER $1,500",10/10/2023 10:45:00 PM,UNABLE TO DETERMINE,NOT APPLICABLE,3145,S,ASHLAND AVE,912.0,,,,,,,2,NO INDICATION OF INJURY,0.0,0.0,0.0,0.0,0.0,2.0,0.0,16,3,10,41.8364683477,-87.6655669021,POINT (-87.665566902132 41.836468347729)
c9d1acedfbb9d21e48097fa5622512299c19dcff9aa03fdeed034cba7f8349fa1d02aaa55dabe13fa8bde3beb8dff1a290b4b5bebb527beebb217ddfbd539aad,JF179030,,03/19/2022 04:40:00 AM,20,NO CONTROLS,NO CONTROLS,RAIN,"DARKNESS, LIGHTED ROAD",FIXED OBJECT,DIVIDED - W/MEDIAN BARRIER,,STRAIGHT AND LEVEL,WET,NO DEFECTS,ON SCENE,INJURY AND / OR TOW DUE TO CRASH,,,,"OVER $1,500",03/19/2022 04:42:00 AM,NOT APPLICABLE,NOT APPLICABLE,5836,S,PEORIA ST,712.0,,,,,,,1,NO INDICATION OF INJURY,0.0,0.0,0.0,0.0,0.0,1.0,0.0,4,7,3,41.7876700264,-87.6475645486,POINT (-87.647564548566 41.787670026429)
b961068fa83f4eee338dc7601937dcf61588d4b73e0d8880783fdc49ec09e829802955b461f49a8cfeada3bede6346722390be19143b4108ec072af9d5b03b12,HZ414410,,08/30/2016 01:30:00 PM,25,NO CONTROLS,NO CONTROLS,CLEAR,DAYLIGHT,PARKED MOTOR VEHICLE,NOT DIVIDED,2.0,STRAIGHT AND LEVEL,DRY,NO DEFECTS,NOT ON SCENE (DESK REPORT),NO INJURY / DRIVE AWAY,,,,"$501 - $1,500",08/31/2016 07:05:00 AM,UNABLE TO DETERMINE,UNABLE TO DETERMINE,1830,W,GRAND AVE,1221.0,,,,,,,2,NO INDICATION OF INJURY,0.0,0.0,0.0,0.0,0.0,1.0,0.0,13,3,8,41.8909931816,-87.6732846162,POINT (-87.67328461616 41.890993181604)
df133576f90509a18171990b5d9599026b00757b36219ea072e30d65285ecdad7a478ed037dec62b5e500c0d850af7875f33ba1ab35dec8fdff858f2421b2af6,JE257143,,06/05/2021 04:10:00 PM,30,NO CONTROLS,NO CONTROLS,CLEAR,DAYLIGHT,REAR TO SIDE,DIVIDED - W/MEDIAN (NOT RAISED),,STRAIGHT AND LEVEL,DRY,NO DEFECTS,NOT ON SCENE (DESK REPORT),NO INJURY / DRIVE AWAY,,,,"$501 - $1,500",06/07/2021 02:30:00 PM,IMPROPER BACKING,UNABLE TO DETERMINE,8147,S,HALSTED ST,622.0,,,,,,,2,NO INDICATION OF INJURY,0.0,0.0,0.0,0.0,0.0,3.0,0.0,16,7,6,41.7456189628,-87.6437476792,POINT (-87.643747679163 41.745618962823)
6b5c2b17b7e033db9ec04f2e5033a3972824cbd5b39d32a0a0fca0484d4c16740a239e4d5646ebae527ead8d0184e21b2041dc37a125e397c76c608b4f8d9a34,JE191065,Y,04/06/2021 11:25:00 AM,30,NO CONTROLS,NO CONTROLS,CLEAR,DAYLIGHT,PARKED MOTOR VEHICLE,NOT DIVIDED,,STRAIGHT AND LEVEL,DRY,NO DEFECTS,ON SCENE,NO INJURY / DRIVE AWAY,N,,,"OVER $1,500",04/06/2021 11:44:00 AM,EQUIPMENT - VEHICLE CONDITION,NOT APPLICABLE,5108,W,FULTON ST,1532.0,,,,,,,3,NO INDICATION OF INJURY,0.0,0.0,0.0,0.0,0.0,1.0,0.0,11,3,4,41.885776423,-87.7531954549,POINT (-87.753195454879 41.885776422951)
3fb0e0f90bc9fc161aebadf203de6e25d8a2dc50d889c76fa3f679454d3736aa7de6be5d33e37a526e073e6bc8bb7be2cef751a2dfe063dbeb294556429d0c72,JB555707,,12/16/2018 12:00:00 PM,30,NO CONTROLS,NO CONTROLS,CLEAR,DAYLIGHT,PARKED MOTOR VEHICLE,NOT DIVIDED,,STRAIGHT AND LEVEL,DRY,NO DEFECTS,NOT ON SCENE (DESK REPORT),NO INJURY / DRIVE AWAY,,,Y,"$501 - $1,500",12/16/2018 12:00:00 PM,UNABLE TO DETERMINE,UNABLE TO DETERMINE,5744,S,CALIFORNIA AVE,824.0,,,,,,,2,NO INDICATION OF INJURY,0.0,0.0,0.0,0.0,0.0,1.0,0.0,12,1,12,41.7887130437,-87.6938067958,POINT (-87.693806795792 41.788713043652)
7a86ad2e8d2b6b881da7d2913e5bb7189b5701aa1bdafa65cb7d42a1d0a99d45318e9ad8ebf2582bdcce39ba87d26718108fc48e43d84d3de47eb39010932799,JA531863,,12/01/2017 02:00:00 AM,30,NO CONTROLS,NO CONTROLS,CLEAR,DARKNESS,REAR END,NOT DIVIDED,4.0,STRAIGHT AND LEVEL,DRY,NO DEFECTS,ON SCENE,INJURY AND / OR TOW DUE TO CRASH,,,Y,"OVER $1,500",12/01/2017 02:05:00 AM,FOLLOWING TOO CLOSELY,NOT APPLICABLE,1,W,WACKER DR,111.0,,,,,,,2,NO INDICATION OF INJURY,0.0,0.0,0.0,0.0,0.0,2.0,0.0,2,6,12,41.8867042286,-87.6280535598,POINT (-87.62805355978 41.886704228647)
fc1dc3d03f8cd36b598acf62876eb0cd172677f3586e271417b4ffc2e5c4059de6d0aa1ad22e2fcc00cf0ea83a8edcad9ea64aa0a3d2a45cacb01b3a29f4251d,JC391223,,08/13/2019 06:45:00 PM,25,NO CONTROLS,NO CONTROLS,RAIN,DAYLIGHT,REAR END,NOT DIVIDED,,STRAIGHT AND LEVEL,WET,UNKNOWN,NOT ON SCENE (DESK REPORT),NO INJURY / DRIVE AWAY,,,,"OVER $1,500",08/13/2019 07:20:00 PM,FOLLOWING TOO CLOSELY,FAILING TO REDUCE SPEED TO AVOID CRASH,10,W,CONGRESS PKWY,113.0,,,,,,,2,NO INDICATION OF INJURY,0.0,0.0,0.0,0.0,0.0,2.0,0.0,18,3,8,41.8757452922,-87.6279742471,POINT (-87.627974247109 41.875745292199)
0542068a1b47f1e9a1a7b88810cff3aef3d1a3bf7dafa13ef381b73c8431bb132ca390a9992c3967a6d01df12345f9728e6b098bc58bda77a59813b8662b4b6c,JF487288,,11/24/2022 03:05:00 AM,30,UNKNOWN,UNKNOWN,UNKNOWN,UNKNOWN,REAR END,NOT DIVIDED,,STRAIGHT AND LEVEL,UNKNOWN,UNKNOWN,,INJURY AND / OR TOW DUE TO CRASH,N,,,"OVER $1,500",11/25/2022 03:00:00 PM,UNABLE TO DETERMINE,UNABLE TO DETERMINE,10,W,LAKE ST,111.0,,,,,,,2,"REPORTED, NOT EVIDENT",2.0,0.0,0.0,0.0,2.0,1.0,0.0,3,5,11,41.8858613373,-87.628313743,POINT (-87.628313743034 41.885861337264)
998bf1dcb8c01029e6575683a26bb50848827fc84e3d56b6547fc29df356765e29821bfc99dabbf454ca5c6b973ae4a7f994e3f50a4b6cb83f9c25ac4293d2b7,JA417646,,09/03/2017 05:30:00 PM,30,NO CONTROLS,NO CONTROLS,CLEAR,DAYLIGHT,PARKED MOTOR VEHICLE,DIVIDED - W/MEDIAN (NOT RAISED),2.0,STRAIGHT AND LEVEL,DRY,NO DEFECTS,NOT ON SCENE (DESK REPORT),NO INJURY / DRIVE AWAY,,,Y,"OVER $1,500",09/03/2017 07:30:00 PM,IMPROPER OVERTAKING/PASSING,IMPROPER OVERTAKING/PASSING,6837,S,MARSHFIELD AVE,725.0,,,,,,,2,NO INDICATION OF INJURY,0.0,0.0,0.0,0.0,0.0,1.0,0.0,17,1,9,41.7692496325,-87.665004785,POINT (-87.66500478502 41.76924963247)
d6c64f5242fa6bbc6b81b63d4e10f61790c5efcfd2fd0f3a4cdcd33f9725e26fdf2ea8e9fdb3b1eaa9564e216a9891084d036a2073259fac404435ce22aa6204,JF282151,,06/24/2022 10:37:00 AM,30,TRAFFIC SIGNAL,FUNCTIONING PROPERLY,CLEAR,DAYLIGHT,SIDESWIPE SAME DIRECTION,DIVIDED - W/MEDIAN (NOT RAISED),,STRAIGHT AND LEVEL,DRY,UNKNOWN,ON SCENE,NO INJURY / DRIVE AWAY,,,,"$501 - $1,500",06/24/2022 10:42:00 AM,UNABLE TO DETERMINE,UNABLE TO DETERMINE,2358,W,47TH ST,922.0,,,,,,,2,NO INDICATION OF INJURY,0.0,0.0,0.0,0.0,0.0,2.0,0.0,10,6,6,41.8085265716,-87.6837782353,POINT (-87.683778235311 41.808526571636)
57efa59386721e77258d9b082fa3f2e009d5db61f3c28a01b881ec5acc67dd1c960d7c4fb1b4930a979eba63379cf0d88ef952346d034ab40a96f0bcaa8ea512,JD390995,,10/06/2020 07:30:00 PM,30,NO CONTROLS,NO CONTROLS,CLEAR,"DARKNESS, LIGHTED ROAD",PARKED MOTOR VEHICLE,NOT DIVIDED,,STRAIGHT AND LEVEL,DRY,NO DEFECTS,NOT ON SCENE (DESK REPORT),NO INJURY / DRIVE AWAY,,,Y,"$501 - $1,500",10/06/2020 08:20:00 PM,NOT APPLICABLE,NOT APPLICABLE,5851,W,DIVERSEY AVE,2514.0,,,,,,,2,NO INDICATION OF INJURY,0.0,0.0,0.0,0.0,0.0,1.0,0.0,19,3,10,41.93106976,-87.7731581604,POINT (-87.773158160433 41.931069760008)
448551a0393fa7bf61a208ea7ee525f9ae623d7881b01d3599c4825633c8e11b067426b50c54eeff925aa05942d6663e4d8c649d68d2b9d2aa0f54a978935c24,JG257258,,05/10/2023 09:00:00 PM,30,TRAFFIC SIGNAL,UNKNOWN,CLEAR,"DARKNESS, LIGHTED ROAD",REAR END,NOT DIVIDED,,STRAIGHT AND LEVEL,UNKNOWN,UNKNOWN,NOT ON SCENE (DESK REPORT),NO INJURY / DRIVE AWAY,Y,,,"OVER $1,500",05/11/2023 09:30:00 PM,IMPROPER BACKING,IMPROPER BACKING,36,W,ERIE ST,1832.0,,,,,,,2,NO INDICATION OF INJURY,0.0,0.0,0.0,0.0,0.0,2.0,0.0,21,4,5,41.8941626411,-87.6296397816,POINT (-87.629639781564 41.894162641138)
e1804df795f93b011e3da9a6e5ff41f21110e60b850ff7a7f04380a3da556a72042acd9f724e1b69338c1f46fdce634b0a86eadf956e8f080e40b6efcc6a6e3d,JC436997,,09/11/2019 11:47:00 AM,30,NO CONTROLS,NO CONTROLS,CLEAR,DAYLIGHT,PARKED MOTOR VEHICLE,ONE-WAY,,STRAIGHT AND LEVEL,DRY,NO DEFECTS,NOT ON SCENE (DESK REPORT),NO INJURY / DRIVE AWAY,,,,"$501 - $1,500",09/17/2019 12:00:00 PM,FAILING TO YIELD RIGHT-OF-WAY,NOT APPLICABLE,2247,N,AVERS AVE,2525.0,,,,,,,2,NO INDICATION OF INJURY,0.0,0.0,0.0,0.0,0.0,1.0,0.0,11,4,9,41.9222692836,-87.7228921659,POINT (-87.72289216589 41.922269283567)
a4b723db7ae6401ad8b874bad5afd56e4ab0c719caab54ebb8ab6c21190f771ea780456c1493c56ac7caf31030b798fd49be4d9cf56a7be6f8a2a98577322a58,JD294924,,07/12/2020 02:00:00 PM,30,TRAFFIC SIGNAL,FUNCTIONING PROPERLY,CLEAR,DAYLIGHT,FIXED OBJECT,DIVIDED - W/MEDIAN (NOT RAISED),,STRAIGHT AND LEVEL,DRY,NO DEFECTS,ON SCENE,NO INJURY / DRIVE AWAY,,,,"OVER $1,500",07/12/2020 02:02:00 PM,UNABLE TO DETERMINE,NOT APPLICABLE,432,E,MARQUETTE RD,312.0,,,,,,,1,NO INDICATION OF INJURY,0.0,0.0,0.0,0.0,0.0,1.0,0.0,14,1,7,41.7731004597,-87.6141983364,POINT (-87.614198336422 41.77310045971)
868fa76ab06b7cd6d8fa08c8cf7f83a63b2a1da7c2f6b741328ef4f3da00ac04f154cd6e02f308671d56849c44603202c1da4acd6ff1132523005fc7e6eee24b,JF383135,,09/04/2022 05:32:00 PM,30,TRAFFIC SIGNAL,FUNCTIONING PROPERLY,CLEAR,DAYLIGHT,ANGLE,FOUR WAY,,STRAIGHT AND LEVEL,DRY,NO DEFECTS,ON SCENE,INJURY AND / OR TOW DUE TO CRASH,Y,,,"OVER $1,500",09/04/2022 05:32:00 PM,DISREGARDING TRAFFIC SIGNALS,DRIVING SKILLS/KNOWLEDGE/EXPERIENCE,5700,S,DAMEN AVE,715.0,,Y,,,,,3,NO INDICATION OF INJURY,0.0,0.0,0.0,0.0,0.0,7.0,0.0,17,1,9,41.7901783203,-87.6743394384,POINT (-87.674339438402 41.790178320284)
ec164ef3b04664629478fa62d24857ba9d8976c30ce595d4ad5e98392e86fa298685de58a0eab66859a1be035738ecb7339d9308ea5430ed96175c7c8a44fa61,JA423119,,09/08/2017 07:00:00 AM,30,TRAFFIC SIGNAL,FUNCTIONING PROPERLY,CLOUDY/OVERCAST,DAYLIGHT,REAR END,NOT DIVIDED,4.0,STRAIGHT AND LEVEL,DRY,NO DEFECTS,NOT ON SCENE (DESK REPORT),NO INJURY / DRIVE AWAY,,,,"OVER $1,500",09/08/2017 07:40:00 AM,FOLLOWING TOO CLOSELY,FAILING TO REDUCE SPEED TO AVOID CRASH,4220,N,OAK PARK AVE,1632.0,,,,,,,2,NO INDICATION OF INJURY,0.0,0.0,0.0,0.0,0.0,2.0,0.0,7,6,9,41.9570868137,-87.7977519439,POINT (-87.797751943858 41.957086813673)
d80c395a08804ad12eba9426e373eb5a878ab773cd6135bdc54e5efdfaa6db956ce774974360ce14fdc1834f9148501c47e0cd9552e9d789600d843d0c6c11cd,JC173997,,03/05/2019 07:00:00 AM,30,TRAFFIC SIGNAL,FUNCTIONING PROPERLY,CLEAR,DAYLIGHT,TURNING,NOT DIVIDED,,STRAIGHT AND LEVEL,DRY,NO DEFECTS,ON SCENE,INJURY AND / OR TOW DUE TO CRASH,Y,,,"OVER $1,500",03/05/2019 07:05:00 AM,DRIVING SKILLS/KNOWLEDGE/EXPERIENCE,DRIVING SKILLS/KNOWLEDGE/EXPERIENCE,4400,W,OGDEN AVE,1013.0,,,,,,,2,NO INDICATION OF INJURY,0.0,0.0,0.0,0.0,0.0,2.0,0.0,7,3,3,41.8477775228,-87.7345059687,POINT (-87.734505968748 41.847777522805)
a8320afd96ee6fd373f895d4229231276bdccbf8c2dd1e83bf0c7c5bc5ab8955bf57abec41e6e75d7a5ca88fccdd5e464a580f8bbdcb327245e15e1eefee586a,JG141897,,02/05/2023 06:25:00 PM,30,NO CONTROLS,NO CONTROLS,CLEAR,"DARKNESS, LIGHTED ROAD",PARKED MOTOR VEHICLE,ONE-WAY,,STRAIGHT AND LEVEL,DRY,NO DEFECTS,ON SCENE,INJURY AND / OR TOW DUE TO CRASH,,,,"OVER $1,500",02/05/2023 06:30:00 PM,UNDER THE INFLUENCE OF ALCOHOL/DRUGS (USE WHEN ARREST IS EFFECTED),FAILING TO REDUCE SPEED TO AVOID CRASH,5478,W,GETTYSBURG ST,1623.0,,,,,,,4,"REPORTED, NOT EVIDENT",2.0,0.0,0.0,0.0,2.0,0.0,0.0,18,1,2,41.975829167,-87.7658531367,POINT (-87.765853136652 41.975829166956)
f91322053a4aa156813440ccab8d9cca5b4448cf4bf292916166103f5ad41d08340b7daa4e135395d8ffe55c34d0add3a8859dc208cff08b2d2814447e89df32,JB505166,,11/05/2018 10:20:00 PM,25,TRAFFIC SIGNAL,FUNCTIONING PROPERLY,RAIN,"DARKNESS, LIGHTED ROAD",PEDESTRIAN,DIVIDED - W/MEDIAN (NOT RAISED),2.0,STRAIGHT AND LEVEL,WET,NO DEFECTS,ON SCENE,INJURY AND / OR TOW DUE TO CRASH,Y,,,$500 OR LESS,11/05/2018 10:25:00 PM,DRIVING SKILLS/KNOWLEDGE/EXPERIENCE,WEATHER,1999,W,NORTH AVE,1424.0,,,,,,,2,"REPORTED, NOT EVIDENT",1.0,0.0,0.0,0.0,1.0,1.0,0.0,22,2,11,41.9103659972,-87.6775149707,POINT (-87.677514970703 41.910365997187)
451890265ff639301e1415e8ac65147bbf7aebb38b89b8d2737d3b33751b3099c7eaa2e0048512eecc5607b487bc7b357226c143b8211d64563214ed319089ee,JB430162,,09/10/2018 06:12:00 PM,30,TRAFFIC SIGNAL,NO CONTROLS,CLEAR,DAYLIGHT,REAR END,NOT DIVIDED,2.0,STRAIGHT AND LEVEL,DRY,NO DEFECTS,NOT ON SCENE (DESK REPORT),NO INJURY / DRIVE AWAY,,,,"OVER $1,500",09/10/2018 06:30:00 PM,UNABLE TO DETERMINE,UNABLE TO DETERMINE,2500,W,FOSTER AVE,2011.0,,,,,,,2,NO INDICATION OF INJURY,0.0,0.0,0.0,0.0,0.0,2.0,0.0,18,2,9,41.975976788,-87.6924342762,POINT (-87.692434276169 41.975976787986)