CRASH_RECORD_ID,RD_NO,CRASH_DATE_EST_I,CRASH_DATE,POSTED_SPEED_LIMIT,TRAFFIC_CONTROL_DEVICE,DEVICE_CONDITION,WEATHER_CONDITION,LIGHTING_CONDITION,FIRST_CRASH_TYPE,TRAFFICWAY_TYPE,LANE_CNT,ALIGNMENT,ROADWAY_SURFACE_COND,ROAD_DEFECT,REPORT_TYPE,CRASH_TYPE,INTERSECTION_RELATED_I,NOT_RIGHT_OF_WAY_I,HIT_AND_RUN_I,DAMAGE,DATE_POLICE_NOTIFIED,PRIM_CONTRIBUTORY_CAUSE,SEC_CONTRIBUTORY_CAUSE,STREET_NO,STREET_DIRECTION,STREET_NAME,BEAT_OF_OCCURRENCE,PHOTOS_TAKEN_I,STATEMENTS_TAKEN_I,DOORING_I,WORK_ZONE_I,WORK_ZONE_TYPE,WORKERS_PRESENT_I,NUM_UNITS,MOST_SEVERE_INJURY,INJURIES_TOTAL,INJURIES_FATAL,INJURIES_INCAPACITATING,INJURIES_NON_INCAPACITATING,INJURIES_REPORTED_NOT_EVIDENT,INJURIES_NO_INDICATION,INJURIES_UNKNOWN,CRASH_HOUR,CRASH_DAY_OF_WEEK,CRASH_MONTH,LATITUDE,LONGITUDE,LOCATION
80a3d2a6b240794c228e936417b299ceece055e3340a049e3713a4be57ad7b5435da8e4940a56ee1c92d7009e8e4d8b19afa2d9a1884f71c7e3d9d6f49ffc952,JG329044,,07/05/2023 05:00:00 PM,20,NO CONTROLS,NO CONTROLS,CLEAR,DAYLIGHT,REAR END,NOT DIVIDED,,STRAIGHT AND LEVEL,DRY,NO DEFECTS,NOT ON SCENE (DESK REPORT),NO INJURY / DRIVE AWAY,,,,"$501 - $1,500",07/05/2023 05:50:00 PM,FOLLOWING TOO CLOSELY,FOLLOWING TOO CLOSELY,5700,S,LAKE SHORE DR,331.0,,,,,,,2,NO INDICATION OF INJURY,0.0,0.0,0.0,0.0,0.0,2.0,0.0,17,4,7,41.7914202821,-87.5801477687,POINT (-87.580147768689 41.791420282098)
bc058a4f6be357b50c33dbb3c2646233c885b25aedae89adb244c82618bc302a960426b8b2abbb633f2c8f4b0c4948694623608d79200c08382f1015628ef381,JA447279,,09/26/2017 08:30:00 AM,30,TRAFFIC SIGNAL,FUNCTIONING PROPERLY,CLEAR,DAYLIGHT,SIDESWIPE SAME DIRECTION,ONE-WAY,,STRAIGHT AND LEVEL,DRY,NO DEFECTS,NOT ON SCENE (DESK REPORT),NO INJURY / DRIVE AWAY,N,,,"$501 - $1,500",09/26/2017 10:59:00 AM,UNABLE TO DETERMINE,UNABLE TO DETERMINE,4400,W,CONGRESS PKWY,1131.0,,,,,,,2,NO INDICATION OF INJURY,0.0,0.0,0.0,0.0,0.0,2.0,0.0,8,3,9,41.8743399012,-87.7353653588,POINT (-87.735365358848 41.874339901217)
bb81ec94ae66d00551ca5334a5877a55e58089ca9645371e1300795e69704e38bf0a971bf3e39bd2eb0db794255e6ca48cbf46cb36249f1c3514d0c56d8d7853,JC290461,,06/03/2019 09:57:00 AM,30,NO CONTROLS,NO CONTROLS,CLEAR,DAYLIGHT,SIDESWIPE SAME DIRECTION,NOT DIVIDED,,STRAIGHT AND LEVEL,DRY,UNKNOWN,NOT ON SCENE (DESK REPORT),NO INJURY / DRIVE AWAY,,,,"$501 - $1,500",06/03/2019 03:30:00 PM,FAILING TO YIELD RIGHT-OF-WAY,UNABLE TO DETERMINE,6901,S,SOUTH SHORE DR,334.0,,,,,,,2,NO INDICATION OF INJURY,0.0,0.0,0.0,0.0,0.0,2.0,0.0,9,2,6,41.7698168773,-87.5663991991,POINT (-87.56639919905 41.769816877288)
4e836de982732d7dc2a91ddda8dcc39a8a7ff3ade5b934e60d075acfe02f0f04bb463823df8962e8633cbba48c7d7ba40928cd1f6553945178e80b494497110b,JA496481,,10/29/2017 08:00:00 PM,30,TRAFFIC SIGNAL,FUNCTIONING PROPERLY,CLEAR,"DARKNESS, LIGHTED ROAD",SIDESWIPE SAME DIRECTION,NOT DIVIDED,2.0,STRAIGHT AND LEVEL,DRY,NO DEFECTS,NOT ON SCENE (DESK REPORT),NO INJURY / DRIVE AWAY,Y,,,"OVER $1,500",11/02/2017 07:55:00 PM,IMPROPER OVERTAKING/PASSING,NOT APPLICABLE,4900,W,BELLE PLAINE AVE,1624.0,,,,,,,2,NO INDICATION OF INJURY,0.0,0.0,0.0,0.0,0.0,2.0,0.0,20,1,10,41.9553266277,-87.7498567226,POINT (-87.749856722614 41.9553266277)
6e2c36bb05d6061486b8325f1f3b4e170d1ba6ada426bb05805296f8a70cfbd3db22bbf0f2430f85deba6b1d11119c96c9948fcffb3d9795121c745eb75e3178,JD386780,,10/02/2020 08:00:00 PM,30,STOP SIGN/FLASHER,FUNCTIONING PROPERLY,CLEAR,"DARKNESS, LIGHTED ROAD",TURNING,T-INTERSECTION,,STRAIGHT AND LEVEL,DRY,NO DEFECTS,NOT ON SCENE (DESK REPORT),NO INJURY / DRIVE AWAY,,,,"OVER $1,500",10/02/2020 08:35:00 PM,UNABLE TO DETERMINE,NOT APPLICABLE,4899,W,DIVERSEY AVE,2521.0,,,,,,,2,NO INDICATION OF INJURY,0.0,0.0,0.0,0.0,0.0,2.0,0.0,20,6,10,41.9313920269,-87.7489300077,POINT (-87.748930007693 41.931392026921)
f0c34050f39176031f8b6c6249f06994b59a636c63d6a81aacd14e7edc40cf43284b2e1fa2400219763b149de61796001cc0c5b8887dceb851fcd602f7bb90c4,JC230436,Y,04/19/2019 04:50:00 AM,30,TRAFFIC SIGNAL,FUNCTIONING PROPERLY,CLEAR,DAYLIGHT,TURNING,DIVIDED - W/MEDIAN (NOT RAISED),,STRAIGHT AND LEVEL,DRY,NO DEFECTS,NOT ON SCENE (DESK REPORT),NO INJURY / DRIVE AWAY,,,,$500 OR LESS,04/19/2019 03:40:00 PM,FAILING TO YIELD RIGHT-OF-WAY,UNABLE TO DETERMINE,2601,W,POPE JOHN PAUL II DR,922.0,,,,,,,2,NO INDICATION OF INJURY,0.0,0.0,0.0,0.0,0.0,4.0,0.0,4,6,4,41.8155106408,-87.6895861094,POINT (-87.689586109371 41.815510640827)
4664ec233fff9906db38b67680429398068757b5970c906e1c7c31bab93e15640a1140279864eb16e15c9af2cf137d859f3b889967d067ae79e144251ce0c776,,,10/30/2023 08:20:00 AM,20,STOP SIGN/FLASHER,NO CONTROLS,CLEAR,DAYLIGHT,PARKED MOTOR VEHICLE,NOT DIVIDED,,STRAIGHT AND LEVEL,WET,NO DEFECTS,ON SCENE,NO INJURY / DRIVE AWAY,,,,$500 OR LESS,10/30/2023 08:25:00 AM,IMPROPER TURNING/NO SIGNAL,DRIVING SKILLS/KNOWLEDGE/EXPERIENCE,2100,E,70TH ST,331.0,,,,,,,2,NO INDICATION OF INJURY,0.0,0.0,0.0,0.0,0.0,4.0,0.0,8,2,10,41.7681156108,-87.5738446594,POINT (-87.573844659351 41.768115610797)
29dae65ac25a6b32a637b7003e5e1c5d28bf97cfee9c222e9d67f13d7cfb8666d178dd4676ae0fc1f611cdb2beb37c4a762423238583246082cdd38f7390c58d,JC113994,,01/09/2019 04:40:00 PM,30,TRAFFIC SIGNAL,FUNCTIONING PROPERLY,CLEAR,DAYLIGHT,REAR END,NOT DIVIDED,4.0,STRAIGHT AND LEVEL,DRY,NO DEFECTS,NOT ON SCENE (DESK REPORT),NO INJURY / DRIVE AWAY,Y,,,"$501 - $1,500",01/12/2019 10:45:00 AM,FAILING TO REDUCE SPEED TO AVOID CRASH,FOLLOWING TOO CLOSELY,2001,W,NORTH AVE,1424.0,,,,,,,2,NO INDICATION OF INJURY,0.0,0.0,0.0,0.0,0.0,2.0,0.0,16,4,1,41.9103632333,-87.677702539,POINT (-87.677702539003 41.910363233277)
1765ec15d81e0e5c494c15f5e1be4a9895723e29d35c70a69fa1339dcbe7110022ce762df57b139c53d0ecf6aaba968ea78f23018e6e1058120f2c34db330169,JA380948,,08/07/2017 10:45:00 AM,25,NO CONTROLS,NO CONTROLS,CLEAR,DAYLIGHT,SIDESWIPE SAME DIRECTION,NOT DIVIDED,2.0,STRAIGHT AND LEVEL,DRY,NO DEFECTS,NOT ON SCENE (DESK REPORT),NO INJURY / DRIVE AWAY,Y,,,$500 OR LESS,08/07/2017 11:15:00 AM,FAILING TO YIELD RIGHT-OF-WAY,NOT APPLICABLE,2800,W,36TH PL,911.0,,,,,,,2,NO INDICATION OF INJURY,0.0,0.0,0.0,0.0,0.0,3.0,0.0,10,2,8,41.8274435838,-87.6948696275,POINT (-87.694869627537 41.827443583786)
ab148de8c384e4de20b28168756c057a665bfbddb60b0e39afb15314a0e60c2e704a5b87b6f137393596dc425277fd08fc7fadc8d8627d50248649ce5d8e5465,HY426159,,09/16/2015 06:30:00 PM,25,TRAFFIC SIGNAL,FUNCTIONING PROPERLY,CLEAR,DAWN,REAR END,NOT DIVIDED,3.0,STRAIGHT AND LEVEL,DRY,UNKNOWN,ON SCENE,NO INJURY / DRIVE AWAY,Y,,,"OVER $1,500",09/16/2015 07:25:00 PM,FOLLOWING TOO CLOSELY,NOT APPLICABLE,230,E,RANDOLPH ST,114.0,,,,,,,2,NO INDICATION OF INJURY,0.0,0.0,0.0,0.0,0.0,3.0,0.0,18,4,9,41.8846275901,-87.6212886024,POINT (-87.621288602412 41.884627590107)
40da52ccd91378d56e759f9337bbbac9b7ad71596adf56fac2a42a64e181fdff3fb1518d518d2533b7f3879dd3f7bebca58cf456ce7167e96d792ee31187b56e,JD470802,,12/27/2020 01:20:00 PM,35,NO CONTROLS,NO CONTROLS,CLEAR,DAYLIGHT,ANGLE,PARKING LOT,,STRAIGHT AND LEVEL,DRY,NO DEFECTS,ON SCENE,NO INJURY / DRIVE AWAY,,,,"OVER $1,500",12/27/2020 01:53:00 PM,IMPROPER BACKING,UNABLE TO DETERMINE,6435,W,ARCHER AVE,811.0,,,,,,,2,NO INDICATION OF INJURY,0.0,0.0,0.0,0.0,0.0,2.0,0.0,13,1,12,41.7922063309,-87.7831676285,POINT (-87.783167628519 41.792206330932)
35769236999322e16f21e0bdac29c0bd8703681ae90171aa5e5057cc3c39cf414471a5bcaedcab7efea17f1375ea363bd8775c07e50c09323a61552a9ebab596,JC378594,,08/04/2019 07:28:00 PM,30,NO CONTROLS,NO CONTROLS,CLEAR,DUSK,SIDESWIPE SAME DIRECTION,NOT DIVIDED,,STRAIGHT AND LEVEL,DRY,NO DEFECTS,ON SCENE,NO INJURY / DRIVE AWAY,,,,$500 OR LESS,08/04/2019 07:28:00 PM,PHYSICAL CONDITION OF DRIVER,IMPROPER LANE USAGE,324,E,47TH ST,215.0,,Y,,,,,2,NO INDICATION OF INJURY,0.0,0.0,0.0,0.0,0.0,5.0,0.0,19,1,8,41.8094629015,-87.61848739,POINT (-87.618487389957 41.809462901503)
4c4569d20b1de9ecf4d338908c0bfc69cdd85edaea536743726f137eac4e5e0a28c301bf75160900cd1b846fc1a97e39748bf83f2be7d79cbcb0766c9a2b56c3,JA268079,,05/17/2017 05:55:00 PM,30,TRAFFIC SIGNAL,FUNCTIONING PROPERLY,CLEAR,DAYLIGHT,SIDESWIPE SAME DIRECTION,ONE-WAY,2.0,STRAIGHT AND LEVEL,DRY,NO DEFECTS,NOT ON SCENE (DESK REPORT),NO INJURY / DRIVE AWAY,,,,"OVER $1,500",05/17/2017 06:45:00 PM,UNABLE TO DETERMINE,UNABLE TO DETERMINE,136,W,ILLINOIS ST,1831.0,,,,,,,2,NO INDICATION OF INJURY,0.0,0.0,0.0,0.0,0.0,4.0,0.0,17,4,5,41.8909129356,-87.632487864,POINT (-87.632487864005 41.8909129356)
ce420c2659af462b30579cd5b39d64274349b3738ae3cd976bdad4b5e23e07fdc1980bf5d240b7b932b45c92f87a06364e2cf06e4bd001cb2941dac9f0411f2f,JA341787,,07/10/2017 08:30:00 AM,30,NO CONTROLS,NO CONTROLS,CLEAR,DAYLIGHT,SIDESWIPE SAME DIRECTION,NOT DIVIDED,4.0,STRAIGHT AND LEVEL,DRY,NO DEFECTS,NOT ON SCENE (DESK REPORT),NO INJURY / DRIVE AWAY,,,,"OVER $1,500",07/10/2017 09:20:00 AM,IMPROPER OVERTAKING/PASSING,NOT APPLICABLE,3250,W,PETERSON AVE,1711.0,,,,,,,2,NO INDICATION OF INJURY,0.0,0.0,0.0,0.0,0.0,2.0,0.0,8,2,7,41.9904727399,-87.710924866,POINT (-87.71092486604 41.990472739854)
b8f3e9792580ff3ddcb223fe98cbb13ec9a97ad29e1dd9aced708f584ab610f7699f83b1a0bf1424f514461c91eaf51a5acd67b3bbefea0e53c8a9d12b05077e,JD108776,,01/08/2020 04:00:00 PM,30,NO CONTROLS,NO CONTROLS,CLEAR,DAYLIGHT,SIDESWIPE SAME DIRECTION,NOT DIVIDED,,STRAIGHT AND LEVEL,DRY,NO DEFECTS,NOT ON SCENE (DESK REPORT),NO INJURY / DRIVE AWAY,,,Y,"OVER $1,500",01/08/2020 04:45:00 PM,IMPROPER LANE USAGE,IMPROPER LANE USAGE,400,W,59TH ST,711.0,,,,,,,2,NO INDICATION OF INJURY,0.0,0.0,0.0,0.0,0.0,2.0,0.0,16,4,1,41.7872933721,-87.6358068512,POINT (-87.635806851238 41.787293372092)
92b3cc612f9d188cfc23937539c6e05d9a5e90c803e82a78345a2fcb931c50bf0db38b22ee907532a38da15369bbafec72bf0f01b15dabece6f0fd6d1c474033,JA393945,,08/09/2017 04:20:00 PM,30,NO CONTROLS,NO CONTROLS,CLEAR,DAYLIGHT,PARKED MOTOR VEHICLE,NOT DIVIDED,2.0,STRAIGHT AND LEVEL,DRY,NO DEFECTS,NOT ON SCENE (DESK REPORT),INJURY AND / OR TOW DUE TO CRASH,,,Y,"OVER $1,500",08/16/2017 06:25:00 PM,IMPROPER LANE USAGE,NOT APPLICABLE,3141,N,AUSTIN AVE,2514.0,,,,,,,2,NO INDICATION OF INJURY,0.0,0.0,0.0,0.0,0.0,1.0,0.0,16,4,8,41.9378777202,-87.7760502517,POINT (-87.77605025167 41.937877720156)
a9d3afefcdfe11306d62f66cb58d55b86d2fd2c91ff66d3072705758e790c6584143b4ec12bc2022ee49b8d60f831b02e24baeadadb355772ed60f9e9dc32795,JD153163,,02/15/2020 05:20:00 PM,30,TRAFFIC SIGNAL,FUNCTIONING PROPERLY,CLEAR,DAYLIGHT,PARKED MOTOR VEHICLE,NOT DIVIDED,,STRAIGHT AND LEVEL,DRY,NO DEFECTS,ON SCENE,NO INJURY / DRIVE AWAY,,,,"$501 - $1,500",02/15/2020 07:16:00 PM,UNABLE TO DETERMINE,UNABLE TO DETERMINE,159,E,ILLINOIS ST,1834.0,,,,,,,2,NO INDICATION OF INJURY,0.0,0.0,0.0,0.0,0.0,1.0,0.0,17,7,2,41.8908429091,-87.623005511,POINT (-87.623005510996 41.89084290909)
2ab8b94024a183f6e9ca84c23f1b067cb882ea2ab59d2b92fbcba246e39ff52d01fe411b6e0adf88e58b36677f2ae97c931ebbf601c481c4f1f81e703558566f,JE417950,,10/21/2021 06:15:00 PM,30,NO CONTROLS,NO CONTROLS,RAIN,"DARKNESS, LIGHTED ROAD",ANGLE,NOT DIVIDED,,STRAIGHT AND LEVEL,WET,UNKNOWN,NOT ON SCENE (DESK REPORT),NO INJURY / DRIVE AWAY,,,,"OVER $1,500",10/21/2021 07:10:00 PM,UNABLE TO DETERMINE,UNABLE TO DETERMINE,2035,N,PULASKI RD,2525.0,,,,,,,2,NO INDICATION OF INJURY,0.0,0.0,0.0,0.0,0.0,2.0,0.0,18,5,10,41.918244845,-87.7264469595,POINT (-87.726446959542 41.918244845012)
9e68a9a8b803fa4b8b881d78321dbec64d3d52385639341198ce510aaf1f27ac8b40eb40b24ea282c27f8393972eccf2100210dadde8e2497147d91e211feaab,JC454656,,09/30/2019 05:00:00 PM,45,NO CONTROLS,NO CONTROLS,CLEAR,DAYLIGHT,REAR END,DIVIDED - W/MEDIAN BARRIER,,STRAIGHT AND LEVEL,DRY,NO DEFECTS,ON SCENE,NO INJURY / DRIVE AWAY,,,,"OVER $1,500",09/30/2019 05:05:00 PM,FAILING TO REDUCE SPEED TO AVOID CRASH,FOLLOWING TOO CLOSELY,5300,S,LAKE SHORE DR SB,234.0,,,,,,,3,NO INDICATION OF INJURY,0.0,0.0,0.0,0.0,0.0,4.0,0.0,17,2,9,41.7995693995,-87.5815490603,POINT (-87.581549060329 41.7995693995)
b5ab8cc1d3cb9e3cdaa2e3b3f13df7f3d7847ed68a297b2f030e7db4a5fea447b9ecdc73f1d41bc72289e0ba8c112b91365b0c79ef267cf75bd1cc0920864fde,JC200480,N,03/19/2019 05:00:00 PM,35,TRAFFIC SIGNAL,FUNCTIONING PROPERLY,CLEAR,DAYLIGHT,REAR END,NOT DIVIDED,,STRAIGHT AND LEVEL,DRY,NO DEFECTS,NOT ON SCENE (DESK REPORT),NO INJURY / DRIVE AWAY,,,,"OVER $1,500",03/26/2019 04:10:00 PM,DISTRACTION - FROM OUTSIDE VEHICLE,NOT APPLICABLE,6300,S,PULASKI RD,813.0,,,,,,,3,NO INDICATION OF INJURY,0.0,0.0,0.0,0.0,0.0,3.0,0.0,17,3,3,41.7786364688,-87.7229063557,POINT (-87.722906355685 41.778636468781)
3f9739d189995c438747b9b9984b4a626fc1747deed5e3dadb5218cc57fa79c92c708bb7c087e00c88ad6e52e4af7c92dbf3096f119beb7e6da3958fa5b29791,JG243889,,05/01/2023 12:15:00 PM,30,TRAFFIC SIGNAL,FUNCTIONING PROPERLY,RAIN,DAYLIGHT,ANGLE,FOUR WAY,,STRAIGHT AND LEVEL,WET,NO DEFECTS,ON SCENE,INJURY AND / OR TOW DUE TO CRASH,,,,"OVER $1,500",05/01/2023 12:25:00 PM,UNABLE TO DETERMINE,UNABLE TO DETERMINE,7900,S,KEDZIE AVE,834.0,,,,,,,2,NO INDICATION OF INJURY,0.0,0.0,0.0,0.0,0.0,2.0,0.0,12,2,5,41.7497239717,-87.7025395717,POINT (-87.702539571674 41.749723971726)
857cd4a530ccb6bd5cb01781fa6545f4552934a27a830c856d38ed4b6809bc2f3b265068e89fe24af90b0669fabbc6552f4fcb8bfcc357280cc903ceb965c684,JB490021,,10/24/2018 02:00:00 PM,20,NO CONTROLS,NO CONTROLS,CLEAR,DAYLIGHT,ANGLE,PARKING LOT,1.0,STRAIGHT AND LEVEL,DRY,UNKNOWN,NOT ON SCENE (DESK REPORT),NO INJURY / DRIVE AWAY,,,,$500 OR LESS,10/25/2018 06:00:00 PM,FAILING TO YIELD RIGHT-OF-WAY,UNABLE TO DETERMINE,6907,N,CLARK ST,2431.0,,,,,,,2,NO INDICATION OF INJURY,0.0,0.0,0.0,0.0,0.0,2.0,0.0,14,4,10,42.0068222724,-87.6733081333,POINT (-87.673308133294 42.006822272447)
90ec871ddc8ecf33b3b48749cd9ce098e84ff823e83fa4c421e33eff3b5a7f7d81eb83060aae62e8c7634b611d5d3a23dd01ac4af3b3ea45fd08214f471fe89e,HZ233436,,04/17/2016 12:00:00 PM,10,NO CONTROLS,NO CONTROLS,CLEAR,DAYLIGHT,SIDESWIPE SAME DIRECTION,PARKING LOT,0.0,STRAIGHT AND LEVEL,DRY,NO DEFECTS,NOT ON SCENE (DESK REPORT),NO INJURY / DRIVE AWAY,,Y,,"$501 - $1,500",04/20/2016 02:00:00 PM,UNABLE TO DETERMINE,UNABLE TO DETERMINE,1,N,OGDEN AVE,1224.0,,,,,,,2,NO INDICATION OF INJURY,0.0,0.0,0.0,0.0,0.0,2.0,0.0,12,1,4,41.8814369069,-87.6659213595,POINT (-87.665921359546 41.881436906939)
febcecacc455265c2103a4777d5acf5f1f86d8b7897542a25e8bd6d7d8ac38ba51347c8a2bcf7bdb2ee365666360e3ca24c01e6ba54ed62f1a840fb5e208dbce,JG129444,,01/22/2023 09:40:00 PM,30,STOP SIGN/FLASHER,FUNCTIONING PROPERLY,SNOW,"DARKNESS, LIGHTED ROAD",ANGLE,NOT DIVIDED,,STRAIGHT AND LEVEL,WET,UNKNOWN,NOT ON SCENE (DESK REPORT),NO INJURY / DRIVE AWAY,Y,,,"OVER $1,500",01/25/2023 06:30:00 PM,FAILING TO YIELD RIGHT-OF-WAY,NOT APPLICABLE,320,N,GREEN ST,1214.0,,,,,,,2,NO INDICATION OF INJURY,0.0,0.0,0.0,0.0,0.0,2.0,0.0,21,1,1,41.8873958567,-87.6488309389,POINT (-87.648830938926 41.887395856719)
05c9497dcf507de63b2897af9c91b438775203e50a6f39a4fbbb306b38dc8b8274644bcc12151edda0ccf4a9618a081321c30bf369f36e509543bc181aea8d65,JF206076,,04/12/2022 07:35:00 PM,30,NO CONTROLS,NO CONTROLS,RAIN,DARKNESS,HEAD ON,DIVIDED - W/MEDIAN (NOT RAISED),,STRAIGHT AND LEVEL,WET,NO DEFECTS,ON SCENE,INJURY AND / OR TOW DUE TO CRASH,,,,"OVER $1,500",04/12/2022 07:37:00 PM,DRIVING ON WRONG SIDE/WRONG WAY,UNABLE TO DETERMINE,3736,N,WESTERN AVE,1921.0,,,,,,,2,NO INDICATION OF INJURY,0.0,0.0,0.0,0.0,0.0,2.0,0.0,19,3,4,41.9496600635,-87.6884861576,POINT (-87.688486157632 41.94966006345)
13702a7b94c2191fa36414a8a6e1443692175fe60192d67d08edbdbd176f1ee917cd7ce42631c3252ad55fa1affe6c2b1952f9a9861e87bdacc6bbe0723fd917,JG468475,,10/18/2023 11:06:00 AM,30,NO CONTROLS,NO CONTROLS,CLEAR,DAYLIGHT,PARKED MOTOR VEHICLE,ONE-WAY,,STRAIGHT AND LEVEL,DRY,NO DEFECTS,ON SCENE,INJURY AND / OR TOW DUE TO CRASH,,,Y,"OVER $1,500",10/18/2023 11:22:00 AM,DISTRACTION - FROM OUTSIDE VEHICLE,IMPROPER BACKING,535,S,CLARK ST,123.0,,,,,,,3,NONINCAPACITATING INJURY,1.0,0.0,0.0,1.0,0.0,1.0,0.0,11,4,10,41.8749842153,-87.6305399539,POINT (-87.630539953888 41.874984215254)
974862bd9d4c2a1da54bc32a0f70bfee7c07cd152f2789ca5ca4e361bcf25599bfb9fa07cc1c9a3807194abc6dfcd5ffef59d5c6040d19d574dfb5c50ff7700a,JC556719,,12/22/2019 04:43:00 PM,30,NO CONTROLS,NO CONTROLS,CLEAR,DUSK,REAR END,NOT DIVIDED,,STRAIGHT AND LEVEL,DRY,NO DEFECTS,ON SCENE,INJURY AND / OR TOW DUE TO CRASH,,,,"OVER $1,500",12/22/2019 04:45:00 PM,FOLLOWING TOO CLOSELY,UNABLE TO DETERMINE,5247,W,WASHINGTON BLVD,1522.0,,,,,,,5,NO INDICATION OF INJURY,0.0,0.0,0.0,0.0,0.0,2.0,0.0,16,1,12,41.8822370635,-87.7569659671,POINT (-87.756965967078 41.882237063511)
f8f872090abd8f28e40c9397c29407c90cb59dae7e4ae8ac334d09749b6883b2149b3f414c05532597f800ec2f05a0c065a0cc5a489e3e6e7aff53d864642820,JC545567,,12/13/2019 03:26:00 PM,30,TRAFFIC SIGNAL,FUNCTIONING PROPERLY,CLEAR,DAYLIGHT,TURNING,DIVIDED - W/MEDIAN (NOT RAISED),,STRAIGHT AND LEVEL,DRY,NO DEFECTS,ON SCENE,INJURY AND / OR TOW DUE TO CRASH,Y,,,"OVER $1,500",12/13/2019 03:29:00 PM,FAILING TO YIELD RIGHT-OF-WAY,FAILING TO REDUCE SPEED TO AVOID CRASH,6350,S,ARCHER AVE,811.0,,,,,,,2,NONINCAPACITATING INJURY,1.0,0.0,0.0,1.0,0.0,1.0,0.0,15,6,12,41.7928948034,-87.7802115008,POINT (-87.78021150084 41.792894803374)
892cac280070c2b28a754f94a9ef252b1922ab850922ba14c12a68e8c99b5c75c5c22a5ecb1e2765d2c382d85cb97ec69d57761e03ffb1ac2380b4aa54bf0523,JB572710,,12/29/2018 12:30:00 PM,20,NO CONTROLS,NO CONTROLS,CLEAR,"DARKNESS, LIGHTED ROAD",PARKED MOTOR VEHICLE,ONE-WAY,1.0,STRAIGHT AND LEVEL,DRY,NO DEFECTS,NOT ON SCENE (DESK REPORT),NO INJURY / DRIVE AWAY,,,Y,"$501 - $1,500",12/30/2018 02:29:00 PM,UNABLE TO DETERMINE,UNABLE TO DETERMINE,6259,N,MAGNOLIA AVE,2433.0,,,,,,,2,NO INDICATION OF INJURY,0.0,0.0,0.0,0.0,0.0,1.0,0.0,12,7,12,41.9962761918,-87.6615954871,POINT (-87.661595487071 41.99627619181)
fb9357a65a98d60a0550cbea1a4e81807d14d6d71863387dce61ff6c4b338fe291779dfabfa1a54f456e1318cae2936a913b9eb79a727e0412836de3eca5f987,JG200001,,03/24/2023 12:15:00 PM,30,NO CONTROLS,NO CONTROLS,UNKNOWN,UNKNOWN,PARKED MOTOR VEHICLE,PARKING LOT,,STRAIGHT AND LEVEL,UNKNOWN,UNKNOWN,NOT ON SCENE (DESK REPORT),NO INJURY / DRIVE AWAY,,,,"OVER $1,500",03/26/2023 04:00:00 PM,UNABLE TO DETERMINE,UNABLE TO DETERMINE,4650,S,RACINE AVE,924.0,,,,,,,2,NO INDICATION OF INJURY,0.0,0.0,0.0,0.0,0.0,1.0,0.0,12,6,3,41.8090985042,-87.6553992584,POINT (-87.655399258374 41.809098504211)
8802a0614ae4f4e9cbdcd0e6faac4e91829e21b7867f3841bc35644c59053e28a5343e206e56ba061e183dfadfea4b6ca238e5d1aca690dbf6dd9dd6c10a8c34,JD401416,,10/16/2020 02:50:00 PM,30,NO CONTROLS,NO CONTROLS,CLEAR,DAYLIGHT,TURNING,DIVIDED - W/MEDIAN (NOT RAISED),,STRAIGHT AND LEVEL,DRY,NO DEFECTS,ON SCENE,NO INJURY / DRIVE AWAY,,,,"OVER $1,500",10/16/2020 02:56:00 PM,FAILING TO YIELD RIGHT-OF-WAY,NOT APPLICABLE,4242,N,SHERIDAN RD,1915.0,,,,,,,2,NO INDICATION OF INJURY,0.0,0.0,0.0,0.0,0.0,3.0,0.0,14,6,10,41.9596597061,-87.6548377635,POINT (-87.654837763548 41.959659706055)
2b7cc4afb022afa090bdd6673bfab3261c32324b06d8ce454a947254414c488de0bda5ab8bb0f2459244f3bb8bcce22cd17ae9c3e018264b2f6c192474a6c9bc,JG204451,,03/30/2023 08:30:00 AM,30,TRAFFIC SIGNAL,FUNCTIONING PROPERLY,CLEAR,DAYLIGHT,REAR END,NOT DIVIDED,,STRAIGHT AND LEVEL,OTHER,UNKNOWN,NOT ON SCENE (DESK REPORT),NO INJURY / DRIVE AWAY,,,,"$501 - $1,500",03/30/2023 10:43:00 AM,DRIVING SKILLS/KNOWLEDGE/EXPERIENCE,DRIVING SKILLS/KNOWLEDGE/EXPERIENCE,6211,W,MONTROSE AVE,1624.0,,,,,,,2,NO INDICATION OF INJURY,0.0,0.0,0.0,0.0,0.0,2.0,0.0,8,5,3,41.960168681,-87.782360111,POINT (-87.78236011098 41.960168680968)
c6388feee9ca94ff55c87ef46e8c2a6cb267912b1424e3b780b53991a88ef43faa64f6d9b2ac9e8ff4e12a6242db7dd089746e3de3bac4dba552420d26d3bc8c,JA489820,,10/28/2017 05:25:00 PM,20,NO CONTROLS,NO CONTROLS,CLEAR,UNKNOWN,FIXED OBJECT,RAMP,,"CURVE, LEVEL",UNKNOWN,UNKNOWN,ON SCENE,NO INJURY / DRIVE AWAY,,Y,,"OVER $1,500",10/28/2017 06:55:00 PM,UNABLE TO DETERMINE,UNABLE TO DETERMINE,601,W,HARRISON ST,124.0,,,,,,,1,NO INDICATION OF INJURY,0.0,0.0,0.0,0.0,0.0,1.0,0.0,17,7,10,41.8742604957,-87.6424952034,POINT (-87.642495203363 41.874260495657)