CRASH_RECORD_ID,RD_NO,CRASH_DATE_EST_I,CRASH_DATE,POSTED_SPEED_LIMIT,TRAFFIC_CONTROL_DEVICE,DEVICE_CONDITION,WEATHER_CONDITION,LIGHTING_CONDITION,FIRST_CRASH_TYPE,TRAFFICWAY_TYPE,LANE_CNT,ALIGNMENT,ROADWAY_SURFACE_COND,ROAD_DEFECT,REPORT_TYPE,CRASH_TYPE,INTERSECTION_RELATED_I,NOT_RIGHT_OF_WAY_I,HIT_AND_RUN_I,DAMAGE,DATE_POLICE_NOTIFIED,PRIM_CONTRIBUTORY_CAUSE,SEC_CONTRIBUTORY_CAUSE,STREET_NO,STREET_DIRECTION,STREET_NAME,BEAT_OF_OCCURRENCE,PHOTOS_TAKEN_I,STATEMENTS_TAKEN_I,DOORING_I,WORK_ZONE_I,WORK_ZONE_TYPE,WORKERS_PRESENT_I,NUM_UNITS,MOST_SEVERE_INJURY,INJURIES_TOTAL,INJURIES_FATAL,INJURIES_INCAPACITATING,INJURIES_NON_INCAPACITATING,INJURIES_REPORTED_NOT_EVIDENT,INJURIES_NO_INDICATION,INJURIES_UNKNOWN,CRASH_HOUR,CRASH_DAY_OF_WEEK,CRASH_MONTH,LATITUDE,LONGITUDE,LOCATION
0c45b2e4d65c7aee4f534de2fa8d5a384d952de1a7b0418f6fce482d322c424283232a2b1bb759e9baf5ca9d1e3143362f02a30a97c1c884a8d3c84464e16114,JE426636,,10/29/2021 01:30:00 PM,30,STOP SIGN/FLASHER,FUNCTIONING PROPERLY,RAIN,DAYLIGHT,TURNING,T-INTERSECTION,,STRAIGHT AND LEVEL,WET,NO DEFECTS,NOT ON SCENE (DESK REPORT),NO INJURY / DRIVE AWAY,,,,"$501 - $1,500",10/29/2021 01:45:00 PM,UNABLE TO DETERMINE,UNABLE TO DETERMINE,1532,W,35TH ST,912.0,,,,,,,2,NO INDICATION OF INJURY,0.0,0.0,0.0,0.0,0.0,2.0,0.0,13,6,10,41.8306283225,-87.6643652426,POINT (-87.664365242607 41.830628322502)
3e34975f747dbbc9d7013cb522d610c88bc7e5e79a23ee195ed38313751771f3e18ed343b25fab7fb4a4a331070ecc1cae990003860ec7285fa05ea715630882,JE258577,,06/08/2021 04:00:00 PM,30,STOP SIGN/FLASHER,FUNCTIONING PROPERLY,CLEAR,DAYLIGHT,ANGLE,NOT DIVIDED,,STRAIGHT AND LEVEL,DRY,NO DEFECTS,NOT ON SCENE (DESK REPORT),NO INJURY / DRIVE AWAY,,,,"$501 - $1,500",06/08/2021 06:40:00 PM,FAILING TO YIELD RIGHT-OF-WAY,FAILING TO REDUCE SPEED TO AVOID CRASH,4833,W,DIVISION ST,1531.0,,,,,,,2,NO INDICATION OF INJURY,0.0,0.0,0.0,0.0,0.0,2.0,0.0,16,3,6,41.9022284645,-87.7473110087,POINT (-87.74731100873 41.902228464489)
970ffc60e60fba12278490c6263a59373c320107a579aeec7e4ae051eb50c7810e5198e40815943d03f92bc3e5e1ee2196ff436782ce3d6da19e5a01d1842abb,JA462147,,10/05/2017 12:00:00 AM,35,OTHER,OTHER,CLEAR,"DARKNESS, LIGHTED ROAD",PARKED MOTOR VEHICLE,PARKING LOT,,STRAIGHT AND LEVEL,DRY,NO DEFECTS,NOT ON SCENE (DESK REPORT),NO INJURY / DRIVE AWAY,N,,Y,"$501 - $1,500",10/07/2017 02:00:00 PM,FOLLOWING TOO CLOSELY,NOT APPLICABLE,7600,S,EXCHANGE AVE,421.0,,,,,,,2,NO INDICATION OF INJURY,0.0,0.0,0.0,0.0,0.0,2.0,0.0,0,5,10,41.7571563598,-87.558408913,POINT (-87.55840891305 41.757156359802)
49b4d6a09613c2f720b927b7738e251a7ca41b33320e17d1c5fd0c2a1a9999e5769b9445d4c61ced562acb7ba8f519cb8fe1fdd80c65c3ec3556d1e6cf614e85,JE295089,,07/08/2021 08:14:00 PM,30,STOP SIGN/FLASHER,UNKNOWN,CLEAR,DARKNESS,ANGLE,FOUR WAY,,STRAIGHT AND LEVEL,DRY,UNKNOWN,NOT ON SCENE (DESK REPORT),NO INJURY / DRIVE AWAY,Y,,,"OVER $1,500",07/08/2021 08:30:00 PM,UNABLE TO DETERMINE,UNABLE TO DETERMINE,9600,S,LONGWOOD DR,2213.0,,,,,,,2,NO INDICATION OF INJURY,0.0,0.0,0.0,0.0,0.0,3.0,0.0,20,5,7,41.7192105653,-87.6692344053,POINT (-87.66923440533 41.719210565342)
088a857d740af3b58beb389ffedf702495ce472e38e3ba46b0b096c8115a22ed55db5f716175a743d9c7318d3a4ef82b75bcd515e2794f4bd293e9de0ed5ad41,JC167739,,02/27/2019 02:54:00 PM,30,TRAFFIC SIGNAL,FUNCTIONING PROPERLY,CLEAR,DAYLIGHT,ANGLE,DIVIDED - W/MEDIAN (NOT RAISED),3.0,STRAIGHT AND LEVEL,DRY,NO DEFECTS,ON SCENE,INJURY AND / OR TOW DUE TO CRASH,Y,,Y,"OVER $1,500",02/27/2019 03:04:00 PM,DISREGARDING TRAFFIC SIGNALS,UNABLE TO DETERMINE,5502,S,STATE ST,225.0,,,,,,,2,NONINCAPACITATING INJURY,1.0,0.0,0.0,1.0,0.0,1.0,0.0,14,4,2,41.7941728947,-87.6258346002,POINT (-87.625834600188 41.794172894668)
667106f7c473bafac16bbcadfe26c43515081d37d51e961ccee8a48d6bb595d9cb6c66e43b09f87d9c9ea008099ee59dc76f66da14b4a4758b98cfd3661c548e,JA213637,,04/05/2017 06:25:00 AM,30,TRAFFIC SIGNAL,FUNCTIONING PROPERLY,RAIN,DAWN,REAR END,DIVIDED - W/MEDIAN (NOT RAISED),2.0,STRAIGHT AND LEVEL,WET,NO DEFECTS,NOT ON SCENE (DESK REPORT),NO INJURY / DRIVE AWAY,,,,"$501 - $1,500",04/05/2017 03:30:00 PM,FOLLOWING TOO CLOSELY,UNABLE TO DETERMINE,2629,W,DIVERSEY AVE,1411.0,,,,,,,2,NO INDICATION OF INJURY,0.0,0.0,0.0,0.0,0.0,2.0,0.0,6,4,4,41.9320173886,-87.693847926,POINT (-87.693847925994 41.932017388631)
b09478d98a7f528218db964df34dcb74f563f517a10bfc41a176a743dee8d32714346cc0a3d90eec075a3b34a0aa9ab44cdd61f84079ec78f7f45332adfea760,JB261896,,05/13/2018 12:54:00 PM,30,STOP SIGN/FLASHER,NO CONTROLS,CLEAR,DAYLIGHT,SIDESWIPE SAME DIRECTION,DIVIDED - W/MEDIAN (NOT RAISED),2.0,STRAIGHT AND LEVEL,DRY,UNKNOWN,NOT ON SCENE (DESK REPORT),NO INJURY / DRIVE AWAY,,,,$500 OR LESS,05/13/2018 01:49:00 PM,IMPROPER BACKING,UNABLE TO DETERMINE,1832,W,NORTH AVE,1434.0,,,,,,,2,NO INDICATION OF INJURY,0.0,0.0,0.0,0.0,0.0,3.0,0.0,12,1,5,41.9106504119,-87.673863367,POINT (-87.673863366951 41.910650411946)
a74a707968928489400d259a8ea8865a44d173a4f73420d440da23811fa7294ba1b5d68bc32685524ca60cd394fdb34d35ddc3350866fbbff2f342dc1c932161,JF347510,,08/07/2022 07:00:00 AM,15,NO CONTROLS,NO CONTROLS,CLEAR,DAWN,FIXED OBJECT,PARKING LOT,,STRAIGHT AND LEVEL,DRY,NO DEFECTS,ON SCENE,INJURY AND / OR TOW DUE TO CRASH,,Y,,"OVER $1,500",08/07/2022 09:05:00 AM,UNABLE TO DETERMINE,UNABLE TO DETERMINE,210,W,69TH ST,722.0,,,,,,,1,NO INDICATION OF INJURY,0.0,0.0,0.0,0.0,0.0,1.0,0.0,7,1,8,41.7691836088,-87.6303500605,POINT (-87.630350060472 41.769183608785)
b130c7054d0e94bfb073b80def5465adfaa3029238bd7f03cf731229ede9c657ef433ae09397982a7ee1f823a8b329522180b5fb0a6525e491cfc97c888d8e7f,JE485251,,12/21/2021 06:30:00 PM,30,TRAFFIC SIGNAL,UNKNOWN,CLEAR,DUSK,TURNING,FOUR WAY,,STRAIGHT AND LEVEL,UNKNOWN,UNKNOWN,NOT ON SCENE (DESK REPORT),NO INJURY / DRIVE AWAY,Y,,,"$501 - $1,500",12/21/2021 07:20:00 PM,IMPROPER OVERTAKING/PASSING,NOT APPLICABLE,700,S,CICERO AVE,1533.0,,,,,,,2,NO INDICATION OF INJURY,0.0,0.0,0.0,0.0,0.0,3.0,0.0,18,3,12,41.8720580505,-87.7450793431,POINT (-87.745079343101 41.872058050459)
7af915c30ee5cc9e4a7ae14fb1b6e7c0d83b880af798a441a26a40a40d7faf35042ccf6cced6f669ba51ee8e44a12c8bc54b17279d35e2fae51e72bd1e4f8d3d,JG347233,Y,07/19/2023 08:45:00 AM,30,TRAFFIC SIGNAL,FUNCTIONING PROPERLY,CLEAR,DAYLIGHT,TURNING,FOUR WAY,,STRAIGHT AND LEVEL,DRY,NO DEFECTS,NOT ON SCENE (DESK REPORT),NO INJURY / DRIVE AWAY,Y,,Y,"OVER $1,500",07/19/2023 10:05:00 AM,FAILING TO YIELD RIGHT-OF-WAY,IMPROPER TURNING/NO SIGNAL,2358,W,WASHINGTON BLVD,1223.0,,,,,,,2,NO INDICATION OF INJURY,0.0,0.0,0.0,0.0,0.0,2.0,0.0,8,4,7,41.8831048768,-87.6863592251,POINT (-87.686359225143 41.883104876773)
c2d026e88437bed7ead2f222b0fed0caf30d468589a9ce94097467e6c629a30bf7d1d00f3d059daab2ca3ad6754655319b5663bdad5543eff86425b73d842ad9,JF352921,Y,08/11/2022 12:30:00 PM,30,NO CONTROLS,NO CONTROLS,CLEAR,DAYLIGHT,PARKED MOTOR VEHICLE,DIVIDED - W/MEDIAN (NOT RAISED),,STRAIGHT AND LEVEL,DRY,NO DEFECTS,NOT ON SCENE (DESK REPORT),NO INJURY / DRIVE AWAY,,,Y,"OVER $1,500",08/11/2022 02:45:00 PM,IMPROPER OVERTAKING/PASSING,NOT APPLICABLE,8258,S,DR MARTIN LUTHER KING JR DR,631.0,,,,,,,2,NO INDICATION OF INJURY,0.0,0.0,0.0,0.0,0.0,1.0,0.0,12,5,8,41.7438929587,-87.6149039828,POINT (-87.614903982803 41.743892958693)
f882611eed0ab78a7ff6074c204413fe50ed229b8f8c3d3be2c0b92f608ed2abafa94f32edc29ce48105add1e6512b62192550c7934dea58d1e7c160abda8fba,JE485574,,12/20/2021 04:30:00 PM,15,NO CONTROLS,NO CONTROLS,CLEAR,DAYLIGHT,PARKED MOTOR VEHICLE,PARKING LOT,,STRAIGHT AND LEVEL,DRY,NO DEFECTS,NOT ON SCENE (DESK REPORT),NO INJURY / DRIVE AWAY,,Y,Y,"$501 - $1,500",12/22/2021 08:30:00 AM,FAILING TO YIELD RIGHT-OF-WAY,IMPROPER BACKING,300,S,LA SALLE ST,122.0,,,,,,,2,NO INDICATION OF INJURY,0.0,0.0,0.0,0.0,0.0,2.0,0.0,16,2,12,41.878070805,-87.6319738607,POINT (-87.631973860661 41.878070805039)
c737a5cd22997a6f4aab46976772d0af2d466de424fa6e91867bf829167f171f648614808b76da7bbdec66d6fb813e011bc70253b6b6aaadf2f2e883134bfd80,HZ388304,,08/11/2016 08:10:00 PM,30,NO CONTROLS,NO CONTROLS,CLEAR,DARKNESS,PARKED MOTOR VEHICLE,NOT DIVIDED,4.0,STRAIGHT AND LEVEL,DRY,NO DEFECTS,NOT ON SCENE (DESK REPORT),NO INJURY / DRIVE AWAY,,,Y,"$501 - $1,500",08/11/2016 08:35:00 PM,UNABLE TO DETERMINE,NOT APPLICABLE,7600,S,ASHLAND AVE,611.0,,,,,,,2,NO INDICATION OF INJURY,0.0,0.0,0.0,0.0,0.0,1.0,0.0,20,5,8,41.7557194408,-87.6637177842,POINT (-87.663717784195 41.755719440847)
a5d00c522d349223c2c602116823f31dbe8adaa5e9bbde35f4510272a426d937ce178136c52a5ef42e126e1f325e5f88da4951d9cea072ad698a1a4b1b75b2f4,JC546974,,12/14/2019 04:50:00 PM,30,TRAFFIC SIGNAL,FUNCTIONING PROPERLY,CLEAR,DAYLIGHT,REAR END,NOT DIVIDED,,STRAIGHT AND LEVEL,DRY,NO DEFECTS,NOT ON SCENE (DESK REPORT),NO INJURY / DRIVE AWAY,,,,"OVER $1,500",12/14/2019 05:45:00 PM,UNABLE TO DETERMINE,UNABLE TO DETERMINE,301,N,PULASKI RD,1122.0,,,,,,,2,NO INDICATION OF INJURY,0.0,0.0,0.0,0.0,0.0,2.0,0.0,16,7,12,41.8855364117,-87.7256591466,POINT (-87.725659146564 41.88553641168)
0b53c08b5653105ee27d703e48addb664efc404a63ddbdb80bd109d3290d0e72a7607b22a9ae677aad9884e0267f411c089d9ca9b1f8050be4c9f1cd9da259e8,JB310589,,06/17/2018 10:00:00 AM,40,TRAFFIC SIGNAL,FUNCTIONING PROPERLY,CLEAR,DAYLIGHT,REAR END,DIVIDED - W/MEDIAN (NOT RAISED),,STRAIGHT AND LEVEL,DRY,NO DEFECTS,NOT ON SCENE (DESK REPORT),NO INJURY / DRIVE AWAY,,,,"OVER $1,500",06/17/2018 10:40:00 AM,FOLLOWING TOO CLOSELY,NOT APPLICABLE,800,N,LAKE SHORE DR,1833.0,,,,,,,2,NO INDICATION OF INJURY,0.0,0.0,0.0,0.0,0.0,2.0,0.0,10,1,6,41.896828045,-87.6172077033,POINT (-87.617207703311 41.896828045009)
9c7be3971c5880ac39157da4f3209fa16e59bd66bd727d322a5af0bc9153ff862eb552417e1f1b042fcf83ea95365bd938e9599f698cabad01617e5c5c22f879,JG205646,,03/31/2023 08:10:00 AM,30,TRAFFIC SIGNAL,FUNCTIONING PROPERLY,CLEAR,DAYLIGHT,TURNING,NOT DIVIDED,,STRAIGHT AND LEVEL,UNKNOWN,UNKNOWN,NOT ON SCENE (DESK REPORT),NO INJURY / DRIVE AWAY,Y,,,"OVER $1,500",03/31/2023 09:10:00 AM,DRIVING SKILLS/KNOWLEDGE/EXPERIENCE,DRIVING SKILLS/KNOWLEDGE/EXPERIENCE,5700,N,SHERIDAN RD,2022.0,,,,,,,2,NO INDICATION OF INJURY,0.0,0.0,0.0,0.0,0.0,2.0,0.0,8,6,3,41.9856410954,-87.6553885441,POINT (-87.655388544127 41.985641095429)
03cb948e40ee838eaf09041856c2e329acfefee63e446b00b6cf144934198d6711d673e14df20734749eb0fe81f6e968e5b12be8029d3d318a54323448f8733e,HZ499320,,10/31/2016 04:00:00 PM,30,NO CONTROLS,NO CONTROLS,CLEAR,DAYLIGHT,PARKED MOTOR VEHICLE,PARKING LOT,,STRAIGHT AND LEVEL,DRY,NO DEFECTS,NOT ON SCENE (DESK REPORT),NO INJURY / DRIVE AWAY,,,N,"OVER $1,500",11/02/2016 11:40:00 AM,UNABLE TO DETERMINE,NOT APPLICABLE,5015,W,MADISON ST,1533.0,,,,,,,2,NO INDICATION OF INJURY,0.0,0.0,0.0,0.0,0.0,1.0,0.0,16,2,10,41.8803177115,-87.7507463555,POINT (-87.750746355478 41.880317711527)
74e364ff32571687098b6b007adf1d4fd5087619c05df940fbe3845b0dd4d4c043fc02a880a01aef98f81e460cf34da71f86d0421419ee7c5bb259a08592ccd7,JA528722,,11/28/2017 05:58:00 PM,30,NO CONTROLS,NO CONTROLS,CLEAR,DUSK,PEDESTRIAN,NOT DIVIDED,2.0,STRAIGHT AND LEVEL,DRY,NO DEFECTS,ON SCENE,INJURY AND / OR TOW DUE TO CRASH,,,,"$501 - $1,500",11/28/2017 05:58:00 PM,IMPROPER BACKING,NOT APPLICABLE,10126,S,EWING AVE,432.0,,,,,,,2,"REPORTED, NOT EVIDENT",1.0,0.0,0.0,0.0,1.0,1.0,0.0,17,3,11,41.7111720119,-87.5354274658,POINT (-87.535427465845 41.711172011865)
55fcde7e5c21a9402a7b56e57f4dad9fe33fe963ce4e60783a3f61c2ba04fadcc6a2b42745e61c518c7e6ebaebd77b34e3558a03cfa7ebe714cee1845abb7d03,JF322572,,07/18/2022 07:58:00 PM,30,NO CONTROLS,NO CONTROLS,CLEAR,DAYLIGHT,PARKED MOTOR VEHICLE,UNKNOWN,,STRAIGHT AND LEVEL,DRY,NO DEFECTS,ON SCENE,NO INJURY / DRIVE AWAY,,,,"$501 - $1,500",07/18/2022 07:58:00 PM,DRIVING SKILLS/KNOWLEDGE/EXPERIENCE,NOT APPLICABLE,3806,W,CONGRESS PKWY,1133.0,,,,,,,2,NO INDICATION OF INJURY,0.0,0.0,0.0,0.0,0.0,1.0,0.0,19,2,7,41.8745502459,-87.7207956727,POINT (-87.720795672717 41.874550245892)
718ed1fe298cabdf861dd59370f0a536b50190c4fa2a6db841fb804468b8d5812dcaf13c584aa10a5b0c64e580579a7a35474cd86cca92b305dee6a701109936,JB347231,,07/12/2018 09:25:00 PM,30,NO CONTROLS,NO CONTROLS,CLEAR,"DARKNESS, LIGHTED ROAD",REAR END,DIVIDED - W/MEDIAN (NOT RAISED),4.0,STRAIGHT AND LEVEL,DRY,UNKNOWN,ON SCENE,INJURY AND / OR TOW DUE TO CRASH,,,,"OVER $1,500",07/12/2018 09:25:00 PM,UNABLE TO DETERMINE,UNABLE TO DETERMINE,8040,S,COTTAGE GROVE AVE,631.0,,,,,,,2,NO INDICATION OF INJURY,0.0,0.0,0.0,0.0,0.0,4.0,0.0,21,5,7,41.7482273534,-87.6052998125,POINT (-87.605299812452 41.748227353427)
da6ccb5032fce29d044c277ec04219925ae9ee4dea3346fa152b8a9c8ce8edf3e39b52850e2b4f4effeb1dcb42f37872bd07f88559cdf5f3daea15d79b452908,JD403384,,10/18/2020 02:00:00 PM,30,TRAFFIC SIGNAL,FUNCTIONING PROPERLY,RAIN,DAYLIGHT,TURNING,NOT DIVIDED,,STRAIGHT AND LEVEL,WET,NO DEFECTS,NOT ON SCENE (DESK REPORT),NO INJURY / DRIVE AWAY,Y,,,"OVER $1,500",10/18/2020 02:42:00 PM,FAILING TO YIELD RIGHT-OF-WAY,NOT APPLICABLE,2000,N,CICERO AVE,2522.0,,,,,,,2,NO INDICATION OF INJURY,0.0,0.0,0.0,0.0,0.0,3.0,0.0,14,1,10,41.9169733245,-87.7462602225,POINT (-87.746260222511 41.916973324511)
c56765c9ff79a626d5b3cbf0286c57301666b6443b97f51fb73ed495344c24978f399cc33dc02e3bfa690e4aad111e81d9ed1ab6070f6fda2647bd1fa632e92c,JF106020,,01/07/2022 02:44:00 PM,40,NO CONTROLS,NO CONTROLS,CLEAR,DAYLIGHT,FIXED OBJECT,DIVIDED - W/MEDIAN BARRIER,,CURVE ON HILLCREST,DRY,NO DEFECTS,ON SCENE,INJURY AND / OR TOW DUE TO CRASH,,,,"OVER $1,500",01/07/2022 02:44:00 PM,FAILING TO REDUCE SPEED TO AVOID CRASH,DRIVING SKILLS/KNOWLEDGE/EXPERIENCE,150,N,LAKE SHORE DR SB,114.0,,,,,,,1,NO INDICATION OF INJURY,0.0,0.0,0.0,0.0,0.0,1.0,0.0,14,6,1,41.8843487635,-87.6145497781,POINT (-87.614549778133 41.884348763505)
de9f6b007792a22906e880526d5ffdd811147a7bc77836cd383ee471f6ed79cafa1a957e22e401effd5dc1dc53524ce62a2c6f43b1cfe24b51e1f7b6dd8d0538,JD383441,,09/29/2020 05:07:00 PM,30,STOP SIGN/FLASHER,FUNCTIONING PROPERLY,CLEAR,DAYLIGHT,TURNING,NOT DIVIDED,,STRAIGHT AND LEVEL,DRY,UNKNOWN,ON SCENE,NO INJURY / DRIVE AWAY,Y,,,"$501 - $1,500",09/29/2020 05:10:00 PM,FAILING TO YIELD RIGHT-OF-WAY,NOT APPLICABLE,100,N,PARKSIDE AVE,1512.0,,,,,,,2,NO INDICATION OF INJURY,0.0,0.0,0.0,0.0,0.0,3.0,0.0,17,3,9,41.882314703,-87.7667257904,POINT (-87.76672579038 41.882314702995)
514cfd591bf1024372b35c830bab8963708f5759cfe66ce686bd20644ddeb38c2f0848cc1cbd08f7de6b456eeb1f39b2280caf522903fa81edf8f2f4be2c8376,JF318963,,07/15/2022 05:30:00 PM,30,UNKNOWN,UNKNOWN,RAIN,DAYLIGHT,SIDESWIPE SAME DIRECTION,NOT DIVIDED,,STRAIGHT AND LEVEL,WET,UNKNOWN,NOT ON SCENE (DESK REPORT),NO INJURY / DRIVE AWAY,,,,"OVER $1,500",07/15/2022 06:50:00 PM,UNABLE TO DETERMINE,UNABLE TO DETERMINE,5001,W,MONTROSE AVE,1624.0,,,,,,,2,NO INDICATION OF INJURY,0.0,0.0,0.0,0.0,0.0,2.0,0.0,17,6,7,41.9605447668,-87.7525122698,POINT (-87.752512269829 41.960544766794)
f795743f7c4d4ade842cdb3596f588b93cbc9bd5e9f9eb794f95765312507912e1e6b70e5f4e6d69ba2b91a4dd653cd87cfd76a2a64713e1ef3bd7c6b997b509,JA216211,,04/07/2017 03:50:00 PM,30,NO CONTROLS,NO CONTROLS,CLEAR,DAYLIGHT,TURNING,NOT DIVIDED,4.0,STRAIGHT AND LEVEL,DRY,NO DEFECTS,NOT ON SCENE (DESK REPORT),NO INJURY / DRIVE AWAY,,,,"OVER $1,500",04/07/2017 04:00:00 PM,FAILING TO YIELD RIGHT-OF-WAY,NOT APPLICABLE,7800,S,VINCENNES AVE,623.0,,,,,,,2,NO INDICATION OF INJURY,0.0,0.0,0.0,0.0,0.0,2.0,0.0,15,6,4,41.7526822671,-87.6338718758,POINT (-87.63387187576 41.752682267084)
bf0d8a2d22835660a7af98173078953b356872b2e2640fcf52d3074449a5b7936b4f5a268232e4a014dc13ac057827f91678b02c996e79d1bd45e74ca1b1ac01,JB484020,,10/21/2018 09:50:00 AM,30,NO CONTROLS,NO CONTROLS,CLEAR,DAYLIGHT,PARKED MOTOR VEHICLE,NOT DIVIDED,1.0,STRAIGHT AND LEVEL,DRY,NO DEFECTS,ON SCENE,NO INJURY / DRIVE AWAY,,,,"OVER $1,500",10/21/2018 09:58:00 AM,IMPROPER LANE USAGE,NOT APPLICABLE,5315,N,MOODY AVE,1622.0,,,,,,,2,NO INDICATION OF INJURY,0.0,0.0,0.0,0.0,0.0,1.0,0.0,9,1,10,41.9779588114,-87.7821515939,POINT (-87.782151593926 41.977958811429)
3d71bbd6c73a1b5eec8ec36be847a01ff75f4e2468b83f3e2b9d288b581cc697af4e01a394ac492b909f42fe2d40d0667731194372612c8ea3b0de40b7288e6d,JC233718,,04/22/2019 11:55:00 AM,45,NO CONTROLS,NO CONTROLS,CLEAR,DAYLIGHT,SIDESWIPE SAME DIRECTION,DIVIDED - W/MEDIAN BARRIER,,STRAIGHT AND LEVEL,DRY,NO DEFECTS,ON SCENE,INJURY AND / OR TOW DUE TO CRASH,,,,"OVER $1,500",04/22/2019 12:01:00 PM,IMPROPER LANE USAGE,IMPROPER OVERTAKING/PASSING,4000,S,LAKE SHORE DR SB,214.0,,,,,,,2,NO INDICATION OF INJURY,0.0,0.0,0.0,0.0,0.0,2.0,0.0,11,2,4,41.822843766,-87.5995180527,POINT (-87.599518052673 41.822843766029)
0d132cc838844d50e861b4935e9f4aa90ce58234fde4b35d4434435c04948328297452e09987489f6661ba97b450d92ec752a0ada59016ecc1f15ca946390a7f,JD384641,,09/30/2020 08:45:00 PM,30,NO CONTROLS,NO CONTROLS,CLEAR,DAYLIGHT,SIDESWIPE SAME DIRECTION,NOT DIVIDED,,STRAIGHT AND LEVEL,DRY,NO DEFECTS,NOT ON SCENE (DESK REPORT),NO INJURY / DRIVE AWAY,,,,"$501 - $1,500",09/30/2020 08:45:00 PM,UNABLE TO DETERMINE,UNABLE TO DETERMINE,9500,S,HALSTED ST,2223.0,,,,,,,2,NO INDICATION OF INJURY,0.0,0.0,0.0,0.0,0.0,2.0,0.0,20,4,9,41.7213650608,-87.6433580423,POINT (-87.643358042341 41.721365060783)
9901d80178fac1535bd720165b28bfc529694ae77e8fabfe526cb236429ef1eedb14e61bc75406ea3ac92ca847dbc1d755c2cf9f968b844526a3ebdad61d4318,JE474348,Y,12/11/2021 10:30:00 PM,30,TRAFFIC SIGNAL,FUNCTIONING PROPERLY,CLEAR,"DARKNESS, LIGHTED ROAD",SIDESWIPE SAME DIRECTION,FOUR WAY,,STRAIGHT AND LEVEL,DRY,NO DEFECTS,NOT ON SCENE (DESK REPORT),NO INJURY / DRIVE AWAY,,,N,"$501 - $1,500",12/11/2021 11:40:00 PM,FAILING TO YIELD RIGHT-OF-WAY,UNABLE TO DETERMINE,2402,W,87TH ST,835.0,,,,,,,2,NO INDICATION OF INJURY,0.0,0.0,0.0,0.0,0.0,8.0,0.0,22,7,12,41.735634268,-87.682733396,POINT (-87.682733396015 41.735634268007)
47dcc078e1003dc254144404657d8f5793f2058b7d92497e809b6c4f60dba035728d358368a36abd0095ab85f6c5b257e5a05e36d422f7d277c9315eab5fdc15,HY411960,,09/05/2015 06:40:00 PM,45,NO CONTROLS,NO CONTROLS,CLEAR,DUSK,SIDESWIPE SAME DIRECTION,DIVIDED - W/MEDIAN (NOT RAISED),6.0,STRAIGHT AND LEVEL,DRY,NO DEFECTS,NOT ON SCENE (DESK REPORT),NO INJURY / DRIVE AWAY,,,,"$501 - $1,500",09/05/2015 07:20:00 PM,UNABLE TO DETERMINE,NOT APPLICABLE,745,N,LAKE SHORE DR NB,1833.0,,,,,,,2,NO INDICATION OF INJURY,0.0,0.0,0.0,0.0,0.0,4.0,0.0,18,7,9,41.8963138177,-87.6161543574,POINT (-87.616154357407 41.89631381766)
32cecce6a40f44aecb84ddd9d3ed238ea216e3d9aa55fde9bff3f0a8c9c21877ed9eb13b19f039c2d848363fb2376d3b95704b161e95a0f23df85c63a039a227,JE447314,,11/16/2021 02:50:00 PM,30,NO CONTROLS,NO CONTROLS,CLEAR,DAYLIGHT,SIDESWIPE SAME DIRECTION,NOT DIVIDED,,STRAIGHT AND LEVEL,DRY,NO DEFECTS,NOT ON SCENE (DESK REPORT),NO INJURY / DRIVE AWAY,,,Y,"OVER $1,500",11/16/2021 04:28:00 PM,IMPROPER LANE USAGE,IMPROPER LANE USAGE,7700,S,PULASKI RD,834.0,,,,,,,2,NO INDICATION OF INJURY,0.0,0.0,0.0,0.0,0.0,2.0,0.0,14,3,11,41.7527169549,-87.7221662116,POINT (-87.722166211581 41.752716954894)
8903ee1abf3f9fb8b6963a16b481e6505122171df71cf57fd65cf015d7f1ef4edbb6e0ef77461b1f07da78a976a55d08fb3ea4efbaac030735e15903967e1b93,JF161463,,02/28/2022 08:42:00 PM,30,NO CONTROLS,NO CONTROLS,CLEAR,"DARKNESS, LIGHTED ROAD",FIXED OBJECT,NOT DIVIDED,,STRAIGHT AND LEVEL,DRY,"RUT, HOLES",NOT ON SCENE (DESK REPORT),NO INJURY / DRIVE AWAY,,,,"OVER $1,500",03/02/2022 11:46:00 AM,NOT APPLICABLE,NOT APPLICABLE,1640,N,MILWAUKEE AVE,1434.0,Y,,,,,,1,NO INDICATION OF INJURY,0.0,0.0,0.0,0.0,0.0,2.0,0.0,20,2,2,41.9111531645,-87.6788879672,POINT (-87.67888796721 41.911153164512)
ee19df5ca6137c9836b662909fa2210da1a92bff81c17ac6ae54c452285e79675fc8b5503e738161c235055d83885078d162c89530fb1fec8721c191eeaedc12,JG214632,Y,04/07/2023 12:00:00 PM,30,NO CONTROLS,NO CONTROLS,CLEAR,DAYLIGHT,PARKED MOTOR VEHICLE,T-INTERSECTION,,STRAIGHT AND LEVEL,DRY,NO DEFECTS,ON SCENE,NO INJURY / DRIVE AWAY,,,Y,"OVER $1,500",04/07/2023 06:39:00 PM,UNABLE TO DETERMINE,NOT APPLICABLE,1045,W,BYRON ST,1923.0,,,,,,,2,NO INDICATION OF INJURY,0.0,0.0,0.0,0.0,0.0,1.0,0.0,12,6,4,41.9525409628,-87.6562431543,POINT (-87.656243154273 41.952540962759)