CRASH_RECORD_ID,RD_NO,CRASH_DATE_EST_I,CRASH_DATE,POSTED_SPEED_LIMIT,TRAFFIC_CONTROL_DEVICE,DEVICE_CONDITION,WEATHER_CONDITION,LIGHTING_CONDITION,FIRST_CRASH_TYPE,TRAFFICWAY_TYPE,LANE_CNT,ALIGNMENT,ROADWAY_SURFACE_COND,ROAD_DEFECT,REPORT_TYPE,CRASH_TYPE,INTERSECTION_RELATED_I,NOT_RIGHT_OF_WAY_I,HIT_AND_RUN_I,DAMAGE,DATE_POLICE_NOTIFIED,PRIM_CONTRIBUTORY_CAUSE,SEC_CONTRIBUTORY_CAUSE,STREET_NO,STREET_DIRECTION,STREET_NAME,BEAT_OF_OCCURRENCE,PHOTOS_TAKEN_I,STATEMENTS_TAKEN_I,DOORING_I,WORK_ZONE_I,WORK_ZONE_TYPE,WORKERS_PRESENT_I,NUM_UNITS,MOST_SEVERE_INJURY,INJURIES_TOTAL,INJURIES_FATAL,INJURIES_INCAPACITATING,INJURIES_NON_INCAPACITATING,INJURIES_REPORTED_NOT_EVIDENT,INJURIES_NO_INDICATION,INJURIES_UNKNOWN,CRASH_HOUR,CRASH_DAY_OF_WEEK,CRASH_MONTH,LATITUDE,LONGITUDE,LOCATION
34b079017b7af23f72c47bb56e7781b0f8d27df91a0adf8b6b0a8313db414018d8c1db634366b12af4e40a8d83442230da662f5f9b2d4fa3d127cfdd4c966dc9,JA218957,,04/09/2017 07:40:00 PM,35,NO CONTROLS,NO CONTROLS,CLEAR,"DARKNESS, LIGHTED ROAD",SIDESWIPE OPPOSITE DIRECTION,DIVIDED - W/MEDIAN (NOT RAISED),4.0,STRAIGHT AND LEVEL,DRY,NO DEFECTS,NOT ON SCENE (DESK REPORT),NO INJURY / DRIVE AWAY,,,,"OVER $1,500",04/09/2017 09:20:00 PM,FOLLOWING TOO CLOSELY,UNABLE TO DETERMINE,800,N,LAKE SHORE DR NB,1833.0,,,,,,,2,NO INDICATION OF INJURY,0.0,0.0,0.0,0.0,0.0,2.0,0.0,19,1,4,41.8968049724,-87.6170274232,POINT (-87.617027423234 41.896804972416)
019dbdb55c56a7089ee6322c50a23fb133a277e425e84579d536233e29914115d88bdf86cfc33286776d3b106c4a847b63f4b5db550214c19c4797a6aab44104,HZ145302,,02/09/2016 06:40:00 AM,0,TRAFFIC SIGNAL,FUNCTIONING PROPERLY,CLEAR,DAYLIGHT,ANGLE,ONE-WAY,3.0,STRAIGHT AND LEVEL,WET,NO DEFECTS,NOT ON SCENE (DESK REPORT),NO INJURY / DRIVE AWAY,Y,,,"OVER $1,500",02/09/2016 07:13:00 AM,DISREGARDING OTHER TRAFFIC SIGNS,NOT APPLICABLE,101,E,OHIO ST,1834.0,,,,,,,2,NO INDICATION OF INJURY,0.0,0.0,0.0,0.0,0.0,4.0,0.0,6,3,2,41.8924186885,-87.6253254431,POINT (-87.625325443089 41.892418688527)
389f7dd29fc4066d0999014ef2e2e564d02ef6000ec99af1a45622b19d1ef14b6a083cd2576bc40772a48bbb73009d133ec1abdcd48157b92d916155347c2618,JG167676,,02/27/2023 11:30:00 AM,10,NO CONTROLS,NO CONTROLS,UNKNOWN,DAYLIGHT,REAR END,PARKING LOT,,STRAIGHT AND LEVEL,UNKNOWN,UNKNOWN,NOT ON SCENE (DESK REPORT),NO INJURY / DRIVE AWAY,,,,"$501 - $1,500",02/27/2023 12:15:00 PM,UNABLE TO DETERMINE,NOT APPLICABLE,2750,W,COLUMBUS AVE,835.0,,,,,,,2,NO INDICATION OF INJURY,0.0,0.0,0.0,0.0,0.0,3.0,0.0,11,2,2,41.7552042414,-87.6921510096,POINT (-87.692151009647 41.755204241443)
21919f15bb77cd79d8f9cce38efe61e2f0e5388544f6871ffcd72cf19bbb30bd11af41554f01be5c65c828e92c7a3f6480df331e1a3120c0924dd0bc90bf5049,JE173935,,03/20/2021 12:00:00 AM,30,NO CONTROLS,NO CONTROLS,CLEAR,"DARKNESS, LIGHTED ROAD",REAR END,FOUR WAY,,STRAIGHT AND LEVEL,DRY,NO DEFECTS,ON SCENE,INJURY AND / OR TOW DUE TO CRASH,,,,"$501 - $1,500",03/20/2021 12:09:00 AM,FAILING TO YIELD RIGHT-OF-WAY,DRIVING SKILLS/KNOWLEDGE/EXPERIENCE,2841,S,ARCHER AVE,913.0,,,,,,,2,NO INDICATION OF INJURY,0.0,0.0,0.0,0.0,0.0,3.0,0.0,0,7,3,41.8426624622,-87.6555778185,POINT (-87.655577818546 41.842662462231)
2aaa0ec579ae327bb06b5c6d56325e486ea43cc81af06f7b25e04a8a0e14d9a5a2fdaf778885c4eb8ef2796b9c6d62077c995fd6fbd1e3149e8feb82837cb572,JC551676,,12/18/2019 03:15:00 PM,30,NO CONTROLS,NO CONTROLS,CLEAR,DAYLIGHT,SIDESWIPE SAME DIRECTION,DIVIDED - W/MEDIAN BARRIER,,STRAIGHT AND LEVEL,DRY,NO DEFECTS,NOT ON SCENE (DESK REPORT),NO INJURY / DRIVE AWAY,,,,$500 OR LESS,12/18/2019 04:30:00 PM,NOT APPLICABLE,NOT APPLICABLE,1532,W,GARFIELD BLVD,934.0,,,,,,,2,NO INDICATION OF INJURY,0.0,0.0,0.0,0.0,0.0,2.0,0.0,15,4,12,41.7941630231,-87.6633146341,POINT (-87.663314634138 41.794163023126)
7e1fd222e2a773cf1e1fbebf985060a5dbfc87021075cb7367356fc1963b6941983084289cf0cf6dd9d5f4511285f5f300d3b7848197ecfc586b48d6bc0e465f,JG404426,,08/30/2023 06:41:00 PM,30,NO CONTROLS,NO CONTROLS,CLEAR,DAYLIGHT,PARKED MOTOR VEHICLE,OTHER,,STRAIGHT AND LEVEL,DRY,NO DEFECTS,ON SCENE,NO INJURY / DRIVE AWAY,,,,"OVER $1,500",08/30/2023 06:41:00 PM,UNABLE TO DETERMINE,UNABLE TO DETERMINE,600,S,DESPLAINES ST,124.0,,Y,,,,,2,NO INDICATION OF INJURY,0.0,0.0,0.0,0.0,0.0,3.0,0.0,18,4,8,41.874309529,-87.6440325647,POINT (-87.644032564715 41.874309528986)
1ceae63b304024b023cf6a6fce3b299e8d026306505bb207b59b648c867d32465d238fe09096bfa502937b90414da6fdac4794824f20a30bcd0ea83fd13de555,JF521183,,12/23/2022 09:50:00 PM,30,NO CONTROLS,NO CONTROLS,SNOW,"DARKNESS, LIGHTED ROAD",PARKED MOTOR VEHICLE,DIVIDED - W/MEDIAN (NOT RAISED),,STRAIGHT AND LEVEL,SNOW OR SLUSH,NO DEFECTS,,INJURY AND / OR TOW DUE TO CRASH,,,,"OVER $1,500",12/23/2022 10:00:00 PM,WEATHER,"OPERATING VEHICLE IN ERRATIC, RECKLESS, CARELESS, NEGLIGENT OR AGGRESSIVE MANNER",5432,W,WASHINGTON BLVD,1523.0,,,,,,,3,NONINCAPACITATING INJURY,1.0,0.0,0.0,1.0,0.0,0.0,0.0,21,6,12,41.8823981051,-87.761540817,POINT (-87.761540816972 41.882398105064)
4872ab33d08e25c4df919a99c82f3901b98782852c10f20237467e43812132c7a2af2892e798402cc49abf04caff26270e5746bbdea52d3795149f392477560f,JD342248,Y,08/23/2020 07:00:00 AM,25,NO CONTROLS,NO CONTROLS,CLEAR,"DARKNESS, LIGHTED ROAD",PARKED MOTOR VEHICLE,ONE-WAY,,STRAIGHT AND LEVEL,DRY,NO DEFECTS,ON SCENE,NO INJURY / DRIVE AWAY,,,Y,"OVER $1,500",08/23/2020 11:00:00 AM,UNABLE TO DETERMINE,UNABLE TO DETERMINE,4206,N,SAWYER AVE,1724.0,,,,,,,2,NO INDICATION OF INJURY,0.0,0.0,0.0,0.0,0.0,1.0,0.0,7,1,8,41.9577965244,-87.709510886,POINT (-87.709510886005 41.957796524371)
acd683649546e70ba1294d8503264610c8f4222798981914eaf60720df10928935c46ee2c834f539cb0522fe373532a50ad1c743c21167c16cebe83f8e5e1ca0,JB386619,,08/09/2018 07:10:00 PM,30,NO CONTROLS,NO CONTROLS,CLEAR,DAYLIGHT,SIDESWIPE SAME DIRECTION,NOT DIVIDED,2.0,STRAIGHT AND LEVEL,DRY,NO DEFECTS,ON SCENE,NO INJURY / DRIVE AWAY,,,Y,"$501 - $1,500",08/09/2018 07:22:00 PM,UNABLE TO DETERMINE,UNABLE TO DETERMINE,1146,W,18TH ST,1235.0,,,,,,,2,NO INDICATION OF INJURY,0.0,0.0,0.0,0.0,0.0,3.0,0.0,19,5,8,41.8580830847,-87.6552459899,POINT (-87.655245989851 41.858083084688)
e309522a7b5a93c702f464f27669cd2901490f6292a816bf7305c75f9ac76cd0f5918d1d59659fb5a50a21190ed3ef2b7c65e469ffd5e4f6fc7ed024e06a88d6,JD427640,Y,11/10/2020 07:00:00 PM,20,NO CONTROLS,NO CONTROLS,RAIN,DARKNESS,SIDESWIPE SAME DIRECTION,ONE-WAY,,STRAIGHT AND LEVEL,WET,NO DEFECTS,ON SCENE,NO INJURY / DRIVE AWAY,,,,"OVER $1,500",11/10/2020 07:10:00 PM,DRIVING SKILLS/KNOWLEDGE/EXPERIENCE,DRIVING SKILLS/KNOWLEDGE/EXPERIENCE,7807,S,OGLESBY AVE,414.0,,,,,,,2,NO INDICATION OF INJURY,0.0,0.0,0.0,0.0,0.0,2.0,0.0,19,3,11,41.7532733228,-87.5673281218,POINT (-87.567328121822 41.753273322806)
2ca055a6ccd0e343196ed09b76a42a8e7c3511e7d70a15f668246d0a8353bd39bcca5e0f1b32f62b85206cf71875966f25b59aee0b2204e8a5033961258c2c4d,HZ445172,,09/22/2016 03:45:00 PM,20,NO CONTROLS,NO CONTROLS,CLEAR,DAYLIGHT,SIDESWIPE SAME DIRECTION,NOT DIVIDED,2.0,STRAIGHT AND LEVEL,DRY,UNKNOWN,NOT ON SCENE (DESK REPORT),NO INJURY / DRIVE AWAY,,,,"OVER $1,500",09/22/2016 04:30:00 PM,NOT APPLICABLE,NOT APPLICABLE,7342,N,GREENVIEW AVE,2423.0,,,,,,,2,NO INDICATION OF INJURY,0.0,0.0,0.0,0.0,0.0,2.0,0.0,15,5,9,42.0151293122,-87.668252057,POINT (-87.66825205705 42.015129312228)
54536cc160f4f23d04bd4c90143ad9c242de38d71c41be697c0bcad73ca4752ce93ff6e5193c82b18e18f397b36e8dd3bc4ec2f0dcc2c615dfc8ec157db27133,JD360682,,09/08/2020 12:00:00 PM,30,NO CONTROLS,NO CONTROLS,RAIN,DAYLIGHT,REAR END,NOT DIVIDED,,STRAIGHT AND LEVEL,DRY,NO DEFECTS,NOT ON SCENE (DESK REPORT),NO INJURY / DRIVE AWAY,,,Y,"OVER $1,500",09/08/2020 02:00:00 PM,FOLLOWING TOO CLOSELY,FOLLOWING TOO CLOSELY,4312,S,COTTAGE GROVE AVE,221.0,,,,,,,2,NO INDICATION OF INJURY,0.0,0.0,0.0,0.0,0.0,2.0,0.0,12,3,9,41.816382389,-87.6068478067,POINT (-87.606847806691 41.816382388972)
326e73418aac6d545b4a2f96d57901e1decf45bce1f23835afd6d91faf07f193e22aed0df50abfba9cd156725ab058c2f82bb203427b4f6aa5439e2b97798c38,HZ536595,,11/29/2016 08:00:00 PM,30,NO CONTROLS,NO CONTROLS,CLEAR,DARKNESS,ANGLE,ALLEY,1.0,STRAIGHT AND LEVEL,DRY,NO DEFECTS,NOT ON SCENE (DESK REPORT),INJURY AND / OR TOW DUE TO CRASH,,,,"$501 - $1,500",12/02/2016 12:10:00 AM,UNABLE TO DETERMINE,NOT APPLICABLE,5160,S,PULASKI RD,815.0,,,,,,,2,"REPORTED, NOT EVIDENT",1.0,0.0,0.0,0.0,1.0,2.0,0.0,20,3,11,41.7987502574,-87.7234664102,POINT (-87.723466410189 41.798750257433)
d55b2ecec00cb39c0e02d19938342a4cc9b0a7a363d155ffdf1a6341e46ceb30f966de545578af62ff1d59c0e1aadfe9b2ada9d048abb8d05e2622aa02005261,JG448647,,10/03/2023 08:00:00 AM,25,STOP SIGN/FLASHER,FUNCTIONING PROPERLY,CLEAR,DAYLIGHT,ANGLE,FOUR WAY,,STRAIGHT AND LEVEL,DRY,NO DEFECTS,ON SCENE,NO INJURY / DRIVE AWAY,Y,,,"OVER $1,500",10/03/2023 08:03:00 AM,FAILING TO YIELD RIGHT-OF-WAY,"VISION OBSCURED (SIGNS, TREE LIMBS, BUILDINGS, ETC.)",6130,S,ST LOUIS AVE,823.0,,,,,,,2,NO INDICATION OF INJURY,0.0,0.0,0.0,0.0,0.0,2.0,0.0,8,3,10,41.7816358649,-87.7106438319,POINT (-87.710643831913 41.781635864928)
d49dd545ee93a82d7b42571bdd8bcf436a356a8c7eb35c9a0ab68cf000546aec71f6b46dfc9751fb9f5df80d29c58fec6ed48dd5b355b3af4d7d9867049184bb,JC305025,,06/13/2019 05:20:00 PM,30,STOP SIGN/FLASHER,FUNCTIONING PROPERLY,CLEAR,DAYLIGHT,REAR END,NOT DIVIDED,,STRAIGHT AND LEVEL,DRY,NO DEFECTS,NOT ON SCENE (DESK REPORT),INJURY AND / OR TOW DUE TO CRASH,,,Y,"$501 - $1,500",06/13/2019 05:40:00 PM,FOLLOWING TOO CLOSELY,UNABLE TO DETERMINE,4301,W,DIVERSEY AVE,2524.0,,,,,,,2,"REPORTED, NOT EVIDENT",1.0,0.0,0.0,0.0,1.0,1.0,0.0,17,5,6,41.9315832222,-87.7344033708,POINT (-87.734403370823 41.931583222165)
05d948b604f4986541e64bdc8c893d3896d4d9b6517d76d5a5885aea01d32581c363ccfdcf1683a93cec4c6a992c07a1b391163213506a1937e52bd40b99181b,HZ559740,,12/21/2016 11:15:00 AM,30,UNKNOWN,UNKNOWN,CLEAR,DAYLIGHT,SIDESWIPE SAME DIRECTION,NOT DIVIDED,2.0,STRAIGHT AND LEVEL,DRY,NO DEFECTS,NOT ON SCENE (DESK REPORT),NO INJURY / DRIVE AWAY,,,Y,"$501 - $1,500",12/21/2016 11:40:00 AM,UNABLE TO DETERMINE,UNABLE TO DETERMINE,1200,W,HOLLYWOOD AVE,2013.0,,,,,,,2,NO INDICATION OF INJURY,0.0,0.0,0.0,0.0,0.0,2.0,0.0,11,4,12,41.9855760454,-87.6601764914,POINT (-87.660176491432 41.985576045424)
95967d0d69034da77eaad95aa56b62da164b5b2ef0a2029f6ff16a9baaced0721366fb405ff3a4f23e71e35ca40607779f8b76db128712361e1184f751c32fb7,JB290149,,06/01/2018 03:00:00 PM,25,NO CONTROLS,NO CONTROLS,CLEAR,DAYLIGHT,SIDESWIPE SAME DIRECTION,DIVIDED - W/MEDIAN (NOT RAISED),2.0,STRAIGHT AND LEVEL,DRY,NO DEFECTS,NOT ON SCENE (DESK REPORT),NO INJURY / DRIVE AWAY,,,,"$501 - $1,500",06/02/2018 06:19:00 PM,UNABLE TO DETERMINE,UNABLE TO DETERMINE,6300,S,TROY ST,823.0,,,,,,,2,NO INDICATION OF INJURY,0.0,0.0,0.0,0.0,0.0,2.0,0.0,15,6,6,41.7788965661,-87.7020621728,POINT (-87.702062172825 41.778896566147)
3a5b79a93c1f1791629ea3c5525947da5cb1f225d4ad1c4a1f273a9d277ee88be070bdb14c21e812bc1e3fd41dfddb60f471ad4831b38b768450eedb19b9fda2,JD183332,,03/12/2020 11:35:00 AM,35,NO CONTROLS,NO CONTROLS,CLEAR,DAYLIGHT,SIDESWIPE SAME DIRECTION,ONE-WAY,,STRAIGHT AND LEVEL,DRY,UNKNOWN,NOT ON SCENE (DESK REPORT),NO INJURY / DRIVE AWAY,N,N,,"OVER $1,500",03/12/2020 04:30:00 PM,UNABLE TO DETERMINE,UNABLE TO DETERMINE,205,E,OHIO ST,1834.0,,,,,,,2,NO INDICATION OF INJURY,0.0,0.0,0.0,0.0,0.0,2.0,0.0,11,5,3,41.8924540145,-87.6224152166,POINT (-87.622415216598 41.892454014452)
26a11ea65825323f578cc59e4a2e58e20f005df2788125bb2417a666ea4e187ea5ddd9fa80feaf756bd37890a91093cfd6400c8479ac71d21d905a2d401e8534,HZ104793,,01/05/2016 11:37:00 AM,30,TRAFFIC SIGNAL,FUNCTIONING PROPERLY,CLEAR,DAYLIGHT,REAR END,DIVIDED - W/MEDIAN BARRIER,4.0,STRAIGHT AND LEVEL,DRY,NO DEFECTS,NOT ON SCENE (DESK REPORT),INJURY AND / OR TOW DUE TO CRASH,,,,$500 OR LESS,01/05/2016 12:15:00 PM,UNABLE TO DETERMINE,UNABLE TO DETERMINE,1758,W,ROOSEVELT RD,1231.0,,,,,,,2,"REPORTED, NOT EVIDENT",1.0,0.0,0.0,0.0,1.0,1.0,0.0,11,3,1,41.8669336234,-87.671290974,POINT (-87.671290974012 41.866933623391)
bc2fa5f4aae453355d46df97c3d48aba5e01489f1ad0e85924866f71debf6e100b463b31db66e183b73d03b958d284686eb72b7032f8720865caa78e734e0ad6,HZ345766,,07/12/2016 09:25:00 AM,15,NO CONTROLS,NO CONTROLS,CLEAR,DAYLIGHT,REAR END,PARKING LOT,0.0,STRAIGHT AND LEVEL,DRY,NO DEFECTS,NOT ON SCENE (DESK REPORT),NO INJURY / DRIVE AWAY,,Y,,$500 OR LESS,07/12/2016 10:10:00 AM,IMPROPER BACKING,NOT APPLICABLE,1559,S,LAKE SHORE DR E,132.0,,,,,,,2,NO INDICATION OF INJURY,0.0,0.0,0.0,0.0,0.0,2.0,0.0,9,3,7,41.8604499335,-87.6174881929,POINT (-87.617488192921 41.860449933483)
592b6ce5eb16a08ebba64702c82e75a195cc4aaf7019eeb29a541bf10bb8c0c700212c658e7e7f25ec448cebbb19229eaceadb19cab1a0250ace07b523cdd21b,JE398918,Y,09/30/2021 01:30:00 PM,30,NO CONTROLS,NO CONTROLS,UNKNOWN,UNKNOWN,SIDESWIPE SAME DIRECTION,ONE-WAY,,STRAIGHT AND LEVEL,DRY,NO DEFECTS,NOT ON SCENE (DESK REPORT),NO INJURY / DRIVE AWAY,,,,"OVER $1,500",09/30/2021 02:00:00 PM,UNABLE TO DETERMINE,NOT APPLICABLE,6240,S,YALE AVE,711.0,,,,,,,2,NO INDICATION OF INJURY,0.0,0.0,0.0,0.0,0.0,2.0,0.0,13,5,9,41.7804483894,-87.6319969186,POINT (-87.631996918585 41.780448389441)
a78921eb3c051a6c2ef9eefe6d5fd1ed9e20f324e5e74f331bbe4a32d2b2dbbeeda6967825965356cafc55651069121643d1f6f698d1c470e148936d6921ce31,JA238972,,04/25/2017 12:09:00 PM,10,NO CONTROLS,NO CONTROLS,CLEAR,"DARKNESS, LIGHTED ROAD",PARKED MOTOR VEHICLE,PARKING LOT,,STRAIGHT AND LEVEL,DRY,NO DEFECTS,NOT ON SCENE (DESK REPORT),NO INJURY / DRIVE AWAY,,Y,,"OVER $1,500",04/25/2017 06:20:00 PM,UNABLE TO DETERMINE,NOT APPLICABLE,5145,N,LINCOLN AVE,2031.0,,,,,,,2,NO INDICATION OF INJURY,0.0,0.0,0.0,0.0,0.0,1.0,0.0,12,3,4,41.9753990733,-87.692172502,POINT (-87.692172502023 41.975399073295)
8abfa74b041033e2913fd6068b1312186757728445d4a611383898fef05b833b005c812a9a6bf3e4a65cbf85fbb57d0427df7805a1f7a240cac72f81a8c27229,JF509887,,12/14/2022 07:00:00 AM,30,NO CONTROLS,NO CONTROLS,RAIN,DAYLIGHT,FIXED OBJECT,DIVIDED - W/MEDIAN (NOT RAISED),,STRAIGHT AND LEVEL,DRY,NO DEFECTS,ON SCENE,INJURY AND / OR TOW DUE TO CRASH,,,Y,"OVER $1,500",12/14/2022 07:05:00 AM,UNABLE TO DETERMINE,UNABLE TO DETERMINE,7025,W,GRAND AVE,2512.0,,,,,,,1,NO INDICATION OF INJURY,0.0,0.0,0.0,0.0,0.0,1.0,0.0,7,4,12,41.9234366601,-87.8018197246,POINT (-87.801819724639 41.923436660074)
2e7edb88eabd86365241bcf58c8f7e57d34bdbfab1f329cfb8bdddda297115019aabd285a13a58ad15fd0168e8bea67c6e571be769df410ceca42cf1ffc8d0a4,JD377032,,09/23/2020 06:50:00 PM,30,TRAFFIC SIGNAL,FUNCTIONING PROPERLY,CLEAR,DAYLIGHT,SIDESWIPE SAME DIRECTION,ONE-WAY,,STRAIGHT AND LEVEL,DRY,NO DEFECTS,ON SCENE,INJURY AND / OR TOW DUE TO CRASH,,,,"$501 - $1,500",09/23/2020 06:53:00 PM,FAILING TO YIELD RIGHT-OF-WAY,EQUIPMENT - VEHICLE CONDITION,474,E,ILLINOIS ST,1834.0,,,,,,,2,NONINCAPACITATING INJURY,1.0,0.0,0.0,1.0,0.0,1.0,0.0,18,4,9,41.8912046926,-87.6153024813,POINT (-87.615302481331 41.891204692588)
a367587fd5069caeab9ff3b10a472d100034ee63a25da150be0db55f6fb92f939d8a2a5acbece08a9c63016fea3550e1b30736e0591bb839bdfb282844fa69f8,JD201911,,04/04/2020 12:40:00 PM,30,TRAFFIC SIGNAL,FUNCTIONING PROPERLY,CLEAR,DAYLIGHT,REAR END,NOT DIVIDED,,STRAIGHT AND LEVEL,DRY,NO DEFECTS,ON SCENE,NO INJURY / DRIVE AWAY,Y,,,"OVER $1,500",04/04/2020 12:46:00 PM,FAILING TO REDUCE SPEED TO AVOID CRASH,NOT APPLICABLE,3752,S,KEDZIE AVE,911.0,,,,,,,3,NO INDICATION OF INJURY,0.0,0.0,0.0,0.0,0.0,3.0,0.0,12,7,4,41.8244471106,-87.7045962358,POINT (-87.704596235788 41.824447110566)
41d506c1c80d7f9f8cbb5007bc82d30b71e45f779446be484b550711b1525f3c8ba31665cfcf27a383225fc24f112b2844e03ad8f8158074fcc68eb9f560a559,JE308393,,07/20/2021 01:30:00 PM,35,NO CONTROLS,NO CONTROLS,CLEAR,DAYLIGHT,PARKED MOTOR VEHICLE,ONE-WAY,,STRAIGHT AND LEVEL,DRY,NO DEFECTS,NOT ON SCENE (DESK REPORT),NO INJURY / DRIVE AWAY,,,Y,"OVER $1,500",07/20/2021 07:40:00 PM,UNABLE TO DETERMINE,UNABLE TO DETERMINE,6307,S,ARTESIAN AVE,825.0,,,,,,,2,NO INDICATION OF INJURY,0.0,0.0,0.0,0.0,0.0,1.0,0.0,13,3,7,41.7789827529,-87.6847082402,POINT (-87.684708240196 41.778982752949)
cbfe4a122ad5d1d2570ae946f8ffe8d9aaf020a1418c318dfb2d35b4660f4e60726fe1c76536cf021c05cc5d78918336761001c4c7a0e056cfcea9db76016e62,JC282669,,05/28/2019 10:52:00 PM,30,NO CONTROLS,NO CONTROLS,RAIN,DARKNESS,REAR END,DIVIDED - W/MEDIAN (NOT RAISED),,STRAIGHT AND LEVEL,WET,NO DEFECTS,ON SCENE,NO INJURY / DRIVE AWAY,,,,"$501 - $1,500",05/28/2019 10:53:00 PM,FOLLOWING TOO CLOSELY,WEATHER,901,E,79TH ST,624.0,,,,,,,2,NO INDICATION OF INJURY,0.0,0.0,0.0,0.0,0.0,3.0,0.0,22,3,5,41.7512055263,-87.6026942345,POINT (-87.602694234453 41.751205526317)
82542954c36d42fb0b6a2eedeb8a5242c14bf9589b29867819bba8308e64e8398c9374c17714de2215535b6fbd90cac2a32d037911f022ae87172cb661c42120,JE353446,,08/28/2021 04:00:00 PM,30,NO CONTROLS,NO CONTROLS,CLEAR,DAYLIGHT,REAR END,NOT DIVIDED,,STRAIGHT AND LEVEL,DRY,NO DEFECTS,NOT ON SCENE (DESK REPORT),INJURY AND / OR TOW DUE TO CRASH,,,Y,"OVER $1,500",08/28/2021 08:00:00 PM,UNABLE TO DETERMINE,UNABLE TO DETERMINE,3948,W,71ST ST,833.0,,Y,,,,,2,NONINCAPACITATING INJURY,1.0,0.0,0.0,1.0,0.0,2.0,0.0,16,7,8,41.764215122,-87.7219175233,POINT (-87.721917523262 41.764215121982)
a23debc61b86c6b269bef2999dfd17a76853652228f374066f7387de17affaa4fd0e18f95780cb6d7b0c75c95903c2da859d66619d0e18c35ee127ff71493bc2,JF461936,,11/04/2022 11:15:00 AM,15,NO CONTROLS,NO CONTROLS,RAIN,DAYLIGHT,FIXED OBJECT,PARKING LOT,,STRAIGHT AND LEVEL,WET,UNKNOWN,ON SCENE,NO INJURY / DRIVE AWAY,,Y,,"$501 - $1,500",11/04/2022 12:00:00 PM,UNABLE TO DETERMINE,UNABLE TO DETERMINE,4640,N,KEDZIE AVE,1713.0,,,,,,,1,NO INDICATION OF INJURY,0.0,0.0,0.0,0.0,0.0,1.0,0.0,11,6,11,41.9658473322,-87.7085418869,POINT (-87.708541886892 41.965847332218)
402c689be624fe88ae17d390b649a833ef38d17639a9e8c2e36470ef660b4785e201be83778e535a316257451e3e5b5693c88f03b2db9548c7c2b5f37daa514d,JA460096,,10/05/2017 11:45:00 PM,30,NO CONTROLS,NO CONTROLS,RAIN,"DARKNESS, LIGHTED ROAD",TURNING,DIVIDED - W/MEDIAN (NOT RAISED),2.0,STRAIGHT AND LEVEL,WET,NO DEFECTS,ON SCENE,NO INJURY / DRIVE AWAY,Y,,Y,$500 OR LESS,10/05/2017 11:50:00 PM,DRIVING SKILLS/KNOWLEDGE/EXPERIENCE,UNABLE TO DETERMINE,4700,S,LAWNDALE AVE,821.0,,,,,,,2,NO INDICATION OF INJURY,0.0,0.0,0.0,0.0,0.0,2.0,0.0,23,5,10,41.8079024497,-87.7163759681,POINT (-87.716375968062 41.807902449705)
53522bf5aabfdb54c5ca5164e56eb468baba3bfc1b1660e87d380a43b5d3bfa61f413cd7e1ba4fed41042672fa583babc7571226b6266c9a445d81f7fe05a25e,JB569870,,12/28/2018 09:08:00 AM,35,NO CONTROLS,NO CONTROLS,CLOUDY/OVERCAST,DAYLIGHT,SIDESWIPE OPPOSITE DIRECTION,DIVIDED - W/MEDIAN (NOT RAISED),,STRAIGHT AND LEVEL,DRY,UNKNOWN,ON SCENE,NO INJURY / DRIVE AWAY,,,,"OVER $1,500",12/28/2018 09:12:00 AM,EQUIPMENT - VEHICLE CONDITION,UNABLE TO DETERMINE,3400,N,CUMBERLAND AVE,1631.0,,,,,,,2,NO INDICATION OF INJURY,0.0,0.0,0.0,0.0,0.0,2.0,0.0,9,6,12,41.9405217464,-87.836354902,POINT (-87.836354902042 41.94052174636)
d1d8c222c44ab2798ac23fcf142f2d087f81fa850d7b968bc2c7dd6f1185a71b8d4306ed15a5a6bb5963937e4b4a33bd78150b3d9bf2e214179ebd582325a6e6,JB256930,Y,05/09/2018 04:30:00 PM,35,TRAFFIC SIGNAL,FUNCTIONING PROPERLY,CLEAR,DAYLIGHT,SIDESWIPE SAME DIRECTION,DIVIDED - W/MEDIAN (NOT RAISED),3.0,STRAIGHT AND LEVEL,DRY,NO DEFECTS,ON SCENE,INJURY AND / OR TOW DUE TO CRASH,,,,"OVER $1,500",05/09/2018 05:10:00 PM,IMPROPER OVERTAKING/PASSING,NOT APPLICABLE,6551,S,CICERO AVE,833.0,,,,,,,2,NO INDICATION OF INJURY,0.0,0.0,0.0,0.0,0.0,5.0,0.0,16,4,5,41.7732829231,-87.7419663503,POINT (-87.741966350266 41.773282923092)
155ffdf9c503f32630330438ad4d6e8a40d66149da73826d2e2b32b70c6866d359155c0091cf54d303e3e32f1364cde19fb01250a1034d6228988fdbfc050648,JB411034,,08/27/2018 02:00:00 PM,30,TRAFFIC SIGNAL,FUNCTIONING PROPERLY,CLEAR,DAYLIGHT,ANGLE,ONE-WAY,3.0,STRAIGHT AND LEVEL,UNKNOWN,UNKNOWN,NOT ON SCENE (DESK REPORT),NO INJURY / DRIVE AWAY,Y,,Y,"OVER $1,500",08/27/2018 02:00:00 PM,DISREGARDING TRAFFIC SIGNALS,UNABLE TO DETERMINE,5300,W,JACKSON BLVD,1522.0,,,,,,,2,NO INDICATION OF INJURY,0.0,0.0,0.0,0.0,0.0,2.0,0.0,14,2,8,41.8767347174,-87.7576594874,POINT (-87.757659487444 41.876734717409)