CRASH_RECORD_ID,RD_NO,CRASH_DATE_EST_I,CRASH_DATE,POSTED_SPEED_LIMIT,TRAFFIC_CONTROL_DEVICE,DEVICE_CONDITION,WEATHER_CONDITION,LIGHTING_CONDITION,FIRST_CRASH_TYPE,TRAFFICWAY_TYPE,LANE_CNT,ALIGNMENT,ROADWAY_SURFACE_COND,ROAD_DEFECT,REPORT_TYPE,CRASH_TYPE,INTERSECTION_RELATED_I,NOT_RIGHT_OF_WAY_I,HIT_AND_RUN_I,DAMAGE,DATE_POLICE_NOTIFIED,PRIM_CONTRIBUTORY_CAUSE,SEC_CONTRIBUTORY_CAUSE,STREET_NO,STREET_DIRECTION,STREET_NAME,BEAT_OF_OCCURRENCE,PHOTOS_TAKEN_I,STATEMENTS_TAKEN_I,DOORING_I,WORK_ZONE_I,WORK_ZONE_TYPE,WORKERS_PRESENT_I,NUM_UNITS,MOST_SEVERE_INJURY,INJURIES_TOTAL,INJURIES_FATAL,INJURIES_INCAPACITATING,INJURIES_NON_INCAPACITATING,INJURIES_REPORTED_NOT_EVIDENT,INJURIES_NO_INDICATION,INJURIES_UNKNOWN,CRASH_HOUR,CRASH_DAY_OF_WEEK,CRASH_MONTH,LATITUDE,LONGITUDE,LOCATION
214b85e9f081b893ff7bf0a1a55c52afbf528908c8a84a35f5167ef6bca301192a3cf5c7efbc67e1145f9dff68091a1b9f6aafbebed5723795c31fa49560d200,JF423149,,10/05/2022 03:50:00 PM,30,STOP SIGN/FLASHER,FUNCTIONING PROPERLY,CLEAR,DAYLIGHT,ANGLE,NOT DIVIDED,,STRAIGHT AND LEVEL,DRY,NO DEFECTS,NOT ON SCENE (DESK REPORT),NO INJURY / DRIVE AWAY,,,,"OVER $1,500",10/05/2022 04:29:00 PM,UNABLE TO DETERMINE,NOT APPLICABLE,4232,W,59TH ST,813.0,,,,,,,2,NO INDICATION OF INJURY,0.0,0.0,0.0,0.0,0.0,2.0,0.0,15,4,10,41.7859822819,-87.7291376043,POINT (-87.729137604318 41.785982281928)
d00d83846f9f7d5bafbf15ffc44d53e65a2aad8db686f01634df52bde3678478a4a9f81ba3b54e7c516370adc38f63af3a9b64a7572ec594ffd4de426f8cb5a4,JB562086,,12/21/2018 07:40:00 AM,30,TRAFFIC SIGNAL,FUNCTIONING PROPERLY,RAIN,DAWN,REAR END,NOT DIVIDED,4.0,STRAIGHT AND LEVEL,WET,NO DEFECTS,NOT ON SCENE (DESK REPORT),NO INJURY / DRIVE AWAY,,,,"OVER $1,500",12/21/2018 08:25:00 AM,FOLLOWING TOO CLOSELY,FAILING TO REDUCE SPEED TO AVOID CRASH,4239,N,OAK PARK AVE,1632.0,,,,,,,2,NO INDICATION OF INJURY,0.0,0.0,0.0,0.0,0.0,5.0,0.0,7,6,12,41.9576922115,-87.7975440334,POINT (-87.79754403338 41.957692211468)
e45a1d57e2e97258c5109b7cbefe9dc26d80ff993bce13d994f32751422653761d8aa94f5aab707409287711696bfd7007c9fb315338d5495e8c9e3f67bb6d28,JB561618,,12/20/2018 06:50:00 PM,30,NO CONTROLS,NO CONTROLS,RAIN,"DARKNESS, LIGHTED ROAD",REAR END,DIVIDED - W/MEDIAN (NOT RAISED),4.0,STRAIGHT AND LEVEL,WET,OTHER,NOT ON SCENE (DESK REPORT),NO INJURY / DRIVE AWAY,Y,,,"OVER $1,500",12/20/2018 07:23:00 PM,UNABLE TO DETERMINE,NOT APPLICABLE,2900,W,PETERSON AVE,2413.0,,,,,,,2,NO INDICATION OF INJURY,0.0,0.0,0.0,0.0,0.0,2.0,0.0,18,5,12,41.9905388401,-87.7018878144,POINT (-87.701887814419 41.990538840127)
1593fa8842a31cdf09225ecb67bd5f4b50e9094aa7f407cc5eacd0215201500b446410ea88b2fe5e9f61d2b3d9762a103666e946e8c5ecb5de27ba58bf747446,JE354523,,08/29/2021 06:20:00 PM,35,TRAFFIC SIGNAL,FUNCTIONING PROPERLY,CLEAR,DAYLIGHT,SIDESWIPE SAME DIRECTION,DIVIDED - W/MEDIAN (NOT RAISED),,STRAIGHT AND LEVEL,DRY,NO DEFECTS,NOT ON SCENE (DESK REPORT),NO INJURY / DRIVE AWAY,,,Y,"OVER $1,500",08/29/2021 06:40:00 PM,IMPROPER OVERTAKING/PASSING,UNABLE TO DETERMINE,9200,S,HALSTED ST,2223.0,,,,,,,2,NO INDICATION OF INJURY,0.0,0.0,0.0,0.0,0.0,2.0,0.0,18,1,8,41.7268433747,-87.64350675,POINT (-87.643506749982 41.726843374664)
44c5d8d914695ef82751a92d4046cafca09ac34171a3d7871689bb85e57bffa0fc17e6cd8743329c5f93527a70d4a4d40f3463a4a6b0089e37e745bf865bca96,HZ539298,,12/04/2016 03:15:00 AM,30,STOP SIGN/FLASHER,FUNCTIONING PROPERLY,CLEAR,"DARKNESS, LIGHTED ROAD",ANGLE,NOT DIVIDED,2.0,STRAIGHT AND LEVEL,DRY,NO DEFECTS,NOT ON SCENE (DESK REPORT),INJURY AND / OR TOW DUE TO CRASH,,,Y,"OVER $1,500",12/04/2016 03:36:00 AM,DISREGARDING STOP SIGN,DISREGARDING STOP SIGN,7400,S,DR MARTIN LUTHER KING JR DR,323.0,,,,,,,2,"REPORTED, NOT EVIDENT",1.0,0.0,0.0,0.0,1.0,1.0,0.0,3,1,12,41.7601403748,-87.6153087718,POINT (-87.61530877184 41.760140374778)
767a2ceda3f24efac364575c3d9627109adb86c5eb682f47b30b6176c9c15d2da397799a9860efadff1da3d5ab4a001b3e82bd60749fa51726af46e83bb06106,JD297163,,07/14/2020 02:15:00 PM,30,NO CONTROLS,NO CONTROLS,CLEAR,DAYLIGHT,HEAD ON,NOT DIVIDED,,STRAIGHT AND LEVEL,DRY,NO DEFECTS,ON SCENE,INJURY AND / OR TOW DUE TO CRASH,,,,"OVER $1,500",07/14/2020 02:20:00 PM,DISTRACTION - FROM INSIDE VEHICLE,NOT APPLICABLE,6305,S,WESTERN AVE,825.0,,,,,,,2,NO INDICATION OF INJURY,0.0,0.0,0.0,0.0,0.0,3.0,0.0,14,3,7,41.7790079633,-87.6834861063,POINT (-87.683486106316 41.779007963264)
e75c893e6d5b91936e72a9eb9bb35678b63ed17a2554e7b094cacb7735a8d1bdfb985a746ec9574c00aa10f7d4c494cb0ddfa441d86b202ec95d6bb419661523,JG364815,,08/01/2023 01:00:00 PM,30,TRAFFIC SIGNAL,FUNCTIONING PROPERLY,CLEAR,DAYLIGHT,TURNING,"FIVE POINT, OR MORE",,STRAIGHT AND LEVEL,DRY,NO DEFECTS,,INJURY AND / OR TOW DUE TO CRASH,Y,,,"OVER $1,500",08/01/2023 01:03:00 PM,FAILING TO YIELD RIGHT-OF-WAY,NOT APPLICABLE,1101,W,95TH ST,2213.0,,,,,,,3,"REPORTED, NOT EVIDENT",1.0,0.0,0.0,0.0,1.0,3.0,0.0,13,3,8,41.7212587509,-87.6506878226,POINT (-87.650687822629 41.72125875093)
b4d0711e55d22f9b129541ffaf60b04da7a90aa967485c68a672cb60fbb4fb05add8723bcf2b0558055be8998de9bfad841714ae474a30191342ba5f426e640c,JG254038,,05/09/2023 02:50:00 PM,25,NO CONTROLS,NO CONTROLS,CLEAR,DAYLIGHT,REAR END,NOT DIVIDED,,STRAIGHT AND LEVEL,DRY,NO DEFECTS,NOT ON SCENE (DESK REPORT),NO INJURY / DRIVE AWAY,,,,"$501 - $1,500",05/09/2023 03:22:00 PM,NOT APPLICABLE,NOT APPLICABLE,350,S,WESTERN AVE,1125.0,,,,,,,2,NO INDICATION OF INJURY,0.0,0.0,0.0,0.0,0.0,2.0,0.0,14,3,5,41.8761534418,-87.6864194629,POINT (-87.686419462863 41.876153441824)
e07d413046ba182b87d68406a55d6f74dc3894b10c411b2ecfb965197f7b67cfac14520547b39e14015b2f9ae564ba04c28d615dfc528e4da21d17409e152997,JC386127,,08/09/2019 10:05:00 PM,30,NO CONTROLS,OTHER,CLEAR,"DARKNESS, LIGHTED ROAD",OTHER NONCOLLISION,NOT DIVIDED,,STRAIGHT AND LEVEL,DRY,"RUT, HOLES",ON SCENE,INJURY AND / OR TOW DUE TO CRASH,,,,"OVER $1,500",08/09/2019 10:05:00 PM,ROAD CONSTRUCTION/MAINTENANCE,UNABLE TO DETERMINE,2448,N,AUSTIN AVE,2512.0,,,,Y,MAINTENANCE,,1,INCAPACITATING INJURY,2.0,0.0,1.0,1.0,0.0,0.0,0.0,22,6,8,41.9252893888,-87.775912326,POINT (-87.775912325966 41.925289388841)
933c9138771ded5814c8aaed6fc439520b9ad7e885b6b7dedcdaa22243cef659f1ab282880d709554f717bc60e6c7d5b7d984567e9752814f400ba39f5481367,JB229504,,04/19/2018 09:15:00 AM,25,STOP SIGN/FLASHER,FUNCTIONING PROPERLY,CLEAR,DAYLIGHT,TURNING,DIVIDED - W/MEDIAN (NOT RAISED),,STRAIGHT AND LEVEL,DRY,NO DEFECTS,ON SCENE,NO INJURY / DRIVE AWAY,Y,,Y,"OVER $1,500",04/19/2018 09:15:00 AM,FAILING TO YIELD RIGHT-OF-WAY,IMPROPER TURNING/NO SIGNAL,2030,W,WEBSTER AVE,1432.0,,,,,,,2,NO INDICATION OF INJURY,0.0,0.0,0.0,0.0,0.0,2.0,0.0,9,5,4,41.9214820366,-87.6789269894,POINT (-87.678926989443 41.921482036565)
7726a21b4509e667e3e740c0007ea95a7e1e42a11238c580609f50cf56182c02f966c152f42b674d9e40268fb377e335c9807c5e8e23c8f7257c5e0468df4862,JB273795,,05/22/2018 12:30:00 PM,30,STOP SIGN/FLASHER,FUNCTIONING PROPERLY,CLEAR,DAYLIGHT,TURNING,OTHER,1.0,STRAIGHT AND LEVEL,DRY,NO DEFECTS,NOT ON SCENE (DESK REPORT),NO INJURY / DRIVE AWAY,Y,,,"$501 - $1,500",05/22/2018 01:30:00 PM,FAILING TO YIELD RIGHT-OF-WAY,UNABLE TO DETERMINE,400,E,48TH PL,223.0,,,,,,,2,NO INDICATION OF INJURY,0.0,0.0,0.0,0.0,0.0,5.0,0.0,12,3,5,41.8067689967,-87.6161370869,POINT (-87.61613708688 41.806768996667)
1ab3325c9ea8e9f22cd3fc03ae14afe0e233b735ae81285f7b8cd1f1aee23d0a0012414511c1c6d1070af15d8f9a1d7e8ef16a8b0200a9b021d546d8088505f1,JC257140,,05/10/2019 04:47:00 AM,30,TRAFFIC SIGNAL,FUNCTIONING PROPERLY,CLEAR,DAWN,ANGLE,FOUR WAY,,STRAIGHT AND LEVEL,DRY,NO DEFECTS,ON SCENE,INJURY AND / OR TOW DUE TO CRASH,Y,,,"OVER $1,500",05/10/2019 04:49:00 AM,DISREGARDING TRAFFIC SIGNALS,FAILING TO REDUCE SPEED TO AVOID CRASH,5900,S,KEDZIE AVE,822.0,,,,,,,2,"REPORTED, NOT EVIDENT",2.0,0.0,0.0,0.0,2.0,1.0,0.0,4,6,5,41.7861553079,-87.7034931406,POINT (-87.703493140571 41.786155307863)
9bd88d57ed8740cf9ca85a15df9252a90abdf383d1b46e65861d2299009493dc71cb8cd145a9fde660501fc163b2e1f323d43895f502dc6de156f9b3a7e96393,JD305141,,07/21/2020 01:00:00 PM,30,TRAFFIC SIGNAL,FUNCTIONING PROPERLY,CLEAR,DAYLIGHT,REAR END,NOT DIVIDED,,STRAIGHT AND LEVEL,DRY,NO DEFECTS,NOT ON SCENE (DESK REPORT),NO INJURY / DRIVE AWAY,,,,"OVER $1,500",07/21/2020 03:37:00 PM,FOLLOWING TOO CLOSELY,NOT APPLICABLE,5500,S,LAKE PARK AVE,235.0,,,,,,,2,NO INDICATION OF INJURY,0.0,0.0,0.0,0.0,0.0,3.0,0.0,13,3,7,41.7951059372,-87.5877094121,POINT (-87.587709412142 41.795105937194)
c14bf22fede21417f5de03bfe527dfc13552ce998a72fba336e11e0d825bc1670078d069352afa7cb867e0b13352e9cf9ac7975e1c345ad2f368d456cf4c5f54,JF405347,,09/21/2022 03:28:00 PM,30,NO CONTROLS,NO CONTROLS,CLEAR,DAYLIGHT,SIDESWIPE SAME DIRECTION,OTHER,,STRAIGHT AND LEVEL,DRY,NO DEFECTS,,INJURY AND / OR TOW DUE TO CRASH,,,,"OVER $1,500",09/21/2022 03:28:00 PM,UNABLE TO DETERMINE,UNABLE TO DETERMINE,10754,S,WESTERN AVE,2212.0,,,,,,,2,NONINCAPACITATING INJURY,1.0,0.0,0.0,1.0,0.0,2.0,0.0,15,4,9,41.6974179903,-87.6814794689,POINT (-87.681479468883 41.697417990312)
ce76772dedba2d361f6ba5ec0af996eb88f4345129c176a1d07dcfd20704b36e1eaa1e7ce8d9e9e4ca64d01f944bf432e2a213c323cb21bd49e0babaecd77006,JA394926,,08/17/2017 01:30:00 PM,30,NO CONTROLS,NO CONTROLS,UNKNOWN,UNKNOWN,PARKED MOTOR VEHICLE,DIVIDED - W/MEDIAN (NOT RAISED),2.0,STRAIGHT AND LEVEL,UNKNOWN,UNKNOWN,NOT ON SCENE (DESK REPORT),NO INJURY / DRIVE AWAY,,,,"$501 - $1,500",08/17/2017 01:50:00 PM,UNABLE TO DETERMINE,UNABLE TO DETERMINE,5921,W,DIVISION ST,1511.0,,,,,,,2,NO INDICATION OF INJURY,0.0,0.0,0.0,0.0,0.0,2.0,0.0,13,5,8,41.9019096634,-87.7739047681,POINT (-87.773904768105 41.901909663434)
cc438a00367fa9b0477a98b683579f84c8f7297c03bfb9b8b71458fcb430a9d2a403ff7b8ae7094aa9932e422db6e75ce82baa62459873177661c85f3cff9a50,JE325763,Y,08/03/2021 09:00:00 PM,15,NO CONTROLS,NO CONTROLS,CLEAR,"DARKNESS, LIGHTED ROAD",FIXED OBJECT,ALLEY,,STRAIGHT AND LEVEL,DRY,NO DEFECTS,ON SCENE,NO INJURY / DRIVE AWAY,,Y,Y,"OVER $1,500",08/04/2021 11:59:00 AM,UNABLE TO DETERMINE,NOT APPLICABLE,12236,S,MAY ST,524.0,,,,,,,1,NO INDICATION OF INJURY,0.0,0.0,0.0,0.0,0.0,1.0,0.0,21,3,8,41.6711206403,-87.6503620077,POINT (-87.650362007696 41.671120640253)
fc196175f029765f1757044f33d6feb5bd1e1cc01640d74795c12087f7ca9fb2470e13df269ffbe7a711ce34ecaa6069aa45436d0b24171237188ea9f0b7e9b3,JC173513,,03/04/2019 03:45:00 PM,30,NO CONTROLS,NO CONTROLS,CLEAR,DAYLIGHT,REAR END,DIVIDED - W/MEDIAN (NOT RAISED),4.0,STRAIGHT AND LEVEL,DRY,UNKNOWN,NOT ON SCENE (DESK REPORT),NO INJURY / DRIVE AWAY,,,,"OVER $1,500",03/04/2019 04:30:00 PM,FOLLOWING TOO CLOSELY,FAILING TO REDUCE SPEED TO AVOID CRASH,2102,W,OGDEN AVE,1225.0,,,,,,,2,NO INDICATION OF INJURY,0.0,0.0,0.0,0.0,0.0,2.0,0.0,15,2,3,41.8704637282,-87.6793603047,POINT (-87.679360304749 41.870463728229)
f32186c3b90660e08ffdb0ab8c5dcd98332650f581a86b36be2fb184f2c9a5c9879ad7e7db50be30fb692c1b6af13cc524238ab7747b78d0c28a7705cab9fc69,JC470959,,10/13/2019 03:24:00 AM,30,TRAFFIC SIGNAL,FUNCTIONING PROPERLY,CLEAR,"DARKNESS, LIGHTED ROAD",SIDESWIPE SAME DIRECTION,ONE-WAY,,STRAIGHT AND LEVEL,DRY,NO DEFECTS,NOT ON SCENE (DESK REPORT),NO INJURY / DRIVE AWAY,,,Y,"OVER $1,500",10/13/2019 10:05:00 AM,FAILING TO YIELD RIGHT-OF-WAY,UNABLE TO DETERMINE,3205,W,OHIO ST,1121.0,,,,,,,2,NO INDICATION OF INJURY,0.0,0.0,0.0,0.0,0.0,4.0,0.0,3,1,10,41.89178367,-87.70668771,POINT (-87.706687709951 41.891783669982)
3857761a68a4a85ba4eb2a8ca285a33e1b579cb69c4cb278f66e0adc6892b50e785f19c2510b25cdcc0dd4c1d2c185ae2526a8d50353a499e7e1fcdfa7f0a454,JE172233,,03/18/2021 09:30:00 AM,30,TRAFFIC SIGNAL,FUNCTIONING PROPERLY,RAIN,DAYLIGHT,ANGLE,DIVIDED - W/MEDIAN (NOT RAISED),,STRAIGHT AND LEVEL,WET,NO DEFECTS,ON SCENE,INJURY AND / OR TOW DUE TO CRASH,Y,,,"OVER $1,500",03/18/2021 09:33:00 AM,EQUIPMENT - VEHICLE CONDITION,UNABLE TO DETERMINE,11100,S,STATE ST,522.0,,,,,,,2,NONINCAPACITATING INJURY,3.0,0.0,0.0,2.0,1.0,0.0,0.0,9,5,3,41.6925370419,-87.6232492653,POINT (-87.623249265298 41.692537041934)
9f658f0ea112ccefa6866b27d1c2117db9ff1df2f01e87216b4b8649b1b1b84a68f6490c38e74ec61c0a7b8dd85aa1dba06604e93f5530a98c046cb5f1363fb7,HZ218149,,04/08/2016 10:00:00 AM,30,NO CONTROLS,NO CONTROLS,CLEAR,DAYLIGHT,PARKED MOTOR VEHICLE,NOT DIVIDED,1.0,STRAIGHT AND LEVEL,DRY,NO DEFECTS,NOT ON SCENE (DESK REPORT),NO INJURY / DRIVE AWAY,,,Y,"$501 - $1,500",04/08/2016 02:45:00 PM,NOT APPLICABLE,NOT APPLICABLE,8833,S,LOOMIS ST,2222.0,,,,,,,2,NO INDICATION OF INJURY,0.0,0.0,0.0,0.0,0.0,1.0,0.0,10,6,4,41.7330769369,-87.6579742107,POINT (-87.657974210709 41.733076936929)
28c1d9b12ed218d191d45e10ee0f95cde8f007af2cd7f84237b7b5314391412ffb387b86efaaaebc5a0e95c31411fbd8847a9ee1b2da77dce9a6ba99385e28a9,JB460454,,10/03/2018 01:00:00 AM,0,NO CONTROLS,NO CONTROLS,CLEAR,"DARKNESS, LIGHTED ROAD",PARKED MOTOR VEHICLE,ALLEY,1.0,STRAIGHT AND LEVEL,DRY,NO DEFECTS,NOT ON SCENE (DESK REPORT),NO INJURY / DRIVE AWAY,,,Y,"$501 - $1,500",10/03/2018 06:15:00 AM,UNABLE TO DETERMINE,NOT APPLICABLE,8439,S,MANISTEE AVE,423.0,,,,,,,2,NO INDICATION OF INJURY,0.0,0.0,0.0,0.0,0.0,1.0,0.0,1,4,10,41.7415966782,-87.5574256378,POINT (-87.557425637832 41.741596678173)
90ff14834d6b0ca99896a4f71be2ea3e751510810e56c663637934870523970e14a15aaede77f2c8c0d97cbbb0f83941a79093fb3f86e491c4cb656d5a419264,HZ380088,,08/05/2016 10:16:00 PM,30,NO CONTROLS,NO CONTROLS,CLEAR,DAYLIGHT,TURNING,NOT DIVIDED,2.0,STRAIGHT AND LEVEL,DRY,NO DEFECTS,ON SCENE,NO INJURY / DRIVE AWAY,Y,,,"$501 - $1,500",08/05/2016 10:20:00 PM,UNABLE TO DETERMINE,FAILING TO YIELD RIGHT-OF-WAY,7000,S,JEFFERY BLVD,332.0,,Y,,,,,2,NO INDICATION OF INJURY,0.0,0.0,0.0,0.0,0.0,4.0,0.0,22,6,8,41.7678917215,-87.5764924281,POINT (-87.576492428149 41.767891721478)
3b090e8e3e7d24eda8551efa2117c121ed4ba528e3a90d8c1a909f39ed65ddc49575c1b4ffefe527dd1b7c0588a78014c54f5234c7c564c2a38a18b4a5b3b8db,JG425829,,09/15/2023 07:50:00 PM,30,UNKNOWN,UNKNOWN,UNKNOWN,UNKNOWN,REAR END,NOT DIVIDED,,STRAIGHT AND LEVEL,UNKNOWN,UNKNOWN,NOT ON SCENE (DESK REPORT),NO INJURY / DRIVE AWAY,,,,"OVER $1,500",09/16/2023 01:30:00 PM,UNABLE TO DETERMINE,UNABLE TO DETERMINE,1913,W,NORTH AVE,1424.0,,,,,,,2,NO INDICATION OF INJURY,0.0,0.0,0.0,0.0,0.0,2.0,0.0,19,6,9,41.9104056694,-87.6755865713,POINT (-87.675586571297 41.910405669412)
3a6c47c82989f632021db5a2d547f30e6fd011a80abbd83c4aa1ab3f34dcc95730d840da30b14928d034cec24ef2efacc437efcf09bcf8e6ab941c7b7e997bc1,JG136645,,02/01/2023 06:41:00 AM,25,NO CONTROLS,NO CONTROLS,CLEAR,DAYLIGHT,PARKED MOTOR VEHICLE,NOT DIVIDED,,STRAIGHT AND LEVEL,DRY,NO DEFECTS,ON SCENE,INJURY AND / OR TOW DUE TO CRASH,,,,"OVER $1,500",02/01/2023 07:20:00 AM,FAILING TO REDUCE SPEED TO AVOID CRASH,UNABLE TO DETERMINE,713,N,CENTRAL PARK AVE,1121.0,,,,,,,2,NO INDICATION OF INJURY,0.0,0.0,0.0,0.0,0.0,1.0,0.0,6,4,2,41.8940738511,-87.7161273166,POINT (-87.716127316634 41.894073851143)
8a7b62d915e4d0aad9f995a4c665dcd960c1392a621b83e9c1bd4c741b4990c493e4558db85db26ef7e3896a0afd3f30ba38c19dc920bc8a1ca8feb452585a47,JA285328,,05/30/2017 03:45:00 PM,20,NO CONTROLS,NO CONTROLS,CLEAR,DAYLIGHT,ANGLE,PARKING LOT,,STRAIGHT AND LEVEL,DRY,NO DEFECTS,NOT ON SCENE (DESK REPORT),NO INJURY / DRIVE AWAY,,,,$500 OR LESS,05/30/2017 04:37:00 PM,UNABLE TO DETERMINE,UNABLE TO DETERMINE,6600,S,COTTAGE GROVE AVE,321.0,,,,,,,2,NO INDICATION OF INJURY,0.0,0.0,0.0,0.0,0.0,2.0,0.0,15,3,5,41.7748670018,-87.6059532761,POINT (-87.605953276101 41.774867001838)
0a7f5d8414d11821d91ae84ea08f8527548bba3475ad0a18fe725b97b7b5cb8f8b5e15041b63496e2975ea80021362dc07fcd7201f21bc7e5fa2dc5ecbab0ca0,JC220956,,04/11/2019 07:30:00 PM,30,NO CONTROLS,NO CONTROLS,CLEAR,DAYLIGHT,PARKED MOTOR VEHICLE,NOT DIVIDED,4.0,STRAIGHT AND LEVEL,DRY,NO DEFECTS,NOT ON SCENE (DESK REPORT),NO INJURY / DRIVE AWAY,,,Y,$500 OR LESS,04/11/2019 09:30:00 PM,NOT APPLICABLE,NOT APPLICABLE,8639,S,COTTAGE GROVE AVE,632.0,,,,,,,2,NO INDICATION OF INJURY,0.0,0.0,0.0,0.0,0.0,1.0,0.0,19,5,4,41.7373050724,-87.60469426,POINT (-87.604694260006 41.737305072436)
d6280d6617992694b7e269f65c7f30f2bae154916386b925444e62dfc323911fe8bb049e3989c89130a61fd2275ff4707fdd9e5be2131cb75637b349a8645fc8,JE485628,,12/22/2021 09:25:00 AM,30,STOP SIGN/FLASHER,FUNCTIONING PROPERLY,CLEAR,DAYLIGHT,TURNING,NOT DIVIDED,,STRAIGHT AND LEVEL,DRY,NO DEFECTS,NOT ON SCENE (DESK REPORT),NO INJURY / DRIVE AWAY,,,,"$501 - $1,500",12/22/2021 09:35:00 AM,FAILING TO YIELD RIGHT-OF-WAY,UNABLE TO DETERMINE,4205,W,59TH ST,813.0,,,,,,,2,NO INDICATION OF INJURY,0.0,0.0,0.0,0.0,0.0,4.0,0.0,9,4,12,41.785773554,-87.7280934822,POINT (-87.728093482197 41.785773554019)
9d71298ee951c57696da886e8d6a9b930b28cb2dc5caea7dd8971df263154d497a0c40d77cf2ed34ebfc71ba0f1fb277a9446399cbb185329b530199d7561cc8,JG440925,N,09/27/2023 09:30:00 AM,30,TRAFFIC SIGNAL,FUNCTIONING PROPERLY,CLEAR,DAYLIGHT,SIDESWIPE SAME DIRECTION,CENTER TURN LANE,,STRAIGHT AND LEVEL,DRY,NO DEFECTS,NOT ON SCENE (DESK REPORT),NO INJURY / DRIVE AWAY,,,Y,"$501 - $1,500",09/27/2023 09:35:00 AM,IMPROPER OVERTAKING/PASSING,IMPROPER OVERTAKING/PASSING,5165,W,GRAND AVE,2533.0,,,,,,,2,NO INDICATION OF INJURY,0.0,0.0,0.0,0.0,0.0,2.0,0.0,9,4,9,41.9167792067,-87.755482562,POINT (-87.75548256197 41.916779206654)
c911108e253a01cca339b6026eee1d10e7a02ef808d38942996e7a615d3ee714663bacfdda4aa65a20b3b66ef5d1b24b293ee10bec9591f48717bceed5b273d3,JE384889,,09/23/2021 06:30:00 PM,30,TRAFFIC SIGNAL,UNKNOWN,CLEAR,DAYLIGHT,REAR END,FOUR WAY,,STRAIGHT AND LEVEL,DRY,UNKNOWN,ON SCENE,NO INJURY / DRIVE AWAY,,,Y,"OVER $1,500",09/23/2021 06:39:00 PM,UNABLE TO DETERMINE,UNABLE TO DETERMINE,2402,W,87TH ST,835.0,,,,,,,2,NO INDICATION OF INJURY,0.0,0.0,0.0,0.0,0.0,2.0,0.0,18,5,9,41.735634268,-87.682733396,POINT (-87.682733396015 41.735634268007)
979065e87a8b200b63e7c2ffbeeb6ae9f627d1e082ebbb5af65422840bedb6e74aa40d06bdb48bcf5e457aa33416b332360f41f94c625ba31ebb771306ecdab3,JG385009,Y,08/15/2023 12:00:00 AM,35,NO CONTROLS,NO CONTROLS,UNKNOWN,UNKNOWN,FIXED OBJECT,OTHER,,STRAIGHT AND LEVEL,UNKNOWN,UNKNOWN,ON SCENE,NO INJURY / DRIVE AWAY,,,,"$501 - $1,500",08/16/2023 01:00:00 PM,NOT APPLICABLE,NOT APPLICABLE,2001,E,122ND ST,434.0,,,,,,,2,NO INDICATION OF INJURY,0.0,0.0,0.0,0.0,0.0,2.0,0.0,0,3,8,41.6735688235,-87.5735278764,POINT (-87.573527876359 41.673568823529)
47836efb602a9dca8c2c30c7cfc494f2a17dadfce4e70ceaf497aa717ae6d0d0b5e7bfe1aeb57283bf2d28195928b8215a528b525e5b4bf168c783fcfa4d5479,JC487029,,10/26/2019 10:44:00 AM,30,STOP SIGN/FLASHER,FUNCTIONING PROPERLY,CLEAR,DAYLIGHT,ANGLE,FOUR WAY,,STRAIGHT ON GRADE,DRY,NO DEFECTS,ON SCENE,INJURY AND / OR TOW DUE TO CRASH,Y,,,"OVER $1,500",10/26/2019 10:48:00 AM,DISTRACTION - FROM INSIDE VEHICLE,NOT APPLICABLE,600,E,88TH ST,632.0,,,,,,,2,NO INDICATION OF INJURY,0.0,0.0,0.0,0.0,0.0,3.0,0.0,10,7,10,41.734863846,-87.6095078986,POINT (-87.60950789864 41.734863845995)
56ada950358d135a93348ff3de1b25cf227caf4bbbbe4e5a2a54e8fd41e9362c082e2646774093efdead877ac5f964b973c49e8adbfe797e82604c02bb5cadf1,HY409224,,09/03/2015 07:04:00 PM,30,TRAFFIC SIGNAL,FUNCTIONING PROPERLY,CLEAR,DAYLIGHT,SIDESWIPE SAME DIRECTION,NOT DIVIDED,2.0,STRAIGHT AND LEVEL,DRY,NO DEFECTS,NOT ON SCENE (DESK REPORT),NO INJURY / DRIVE AWAY,Y,,,$500 OR LESS,09/03/2015 07:05:00 PM,IMPROPER LANE USAGE,NOT APPLICABLE,1100,N,CLARK ST,1824.0,,,,,,,2,NO INDICATION OF INJURY,0.0,0.0,0.0,0.0,0.0,3.0,0.0,19,5,9,41.9019056681,-87.6315370857,POINT (-87.631537085674 41.901905668083)
a0fa0a6800783cd9ac3cffabe5144499cca40cfad5233707303f42c890ce63eaf8ea39c7907645c99d27e9bc32b4bab6f5999181f2678fca76ec9dd108a09b4c,JB227085,,04/17/2018 10:30:00 AM,35,TRAFFIC SIGNAL,FUNCTIONING PROPERLY,CLEAR,DAYLIGHT,TURNING,ONE-WAY,3.0,STRAIGHT AND LEVEL,DRY,NO DEFECTS,ON SCENE,INJURY AND / OR TOW DUE TO CRASH,Y,,,"OVER $1,500",04/17/2018 10:58:00 AM,NOT APPLICABLE,NOT APPLICABLE,64,E,GRAND AVE,1834.0,,,,,,,2,NO INDICATION OF INJURY,0.0,0.0,0.0,0.0,0.0,2.0,0.0,10,3,4,41.8918179185,-87.6255236189,POINT (-87.625523618852 41.891817918474)