CRASH_RECORD_ID,RD_NO,CRASH_DATE_EST_I,CRASH_DATE,POSTED_SPEED_LIMIT,TRAFFIC_CONTROL_DEVICE,DEVICE_CONDITION,WEATHER_CONDITION,LIGHTING_CONDITION,FIRST_CRASH_TYPE,TRAFFICWAY_TYPE,LANE_CNT,ALIGNMENT,ROADWAY_SURFACE_COND,ROAD_DEFECT,REPORT_TYPE,CRASH_TYPE,INTERSECTION_RELATED_I,NOT_RIGHT_OF_WAY_I,HIT_AND_RUN_I,DAMAGE,DATE_POLICE_NOTIFIED,PRIM_CONTRIBUTORY_CAUSE,SEC_CONTRIBUTORY_CAUSE,STREET_NO,STREET_DIRECTION,STREET_NAME,BEAT_OF_OCCURRENCE,PHOTOS_TAKEN_I,STATEMENTS_TAKEN_I,DOORING_I,WORK_ZONE_I,WORK_ZONE_TYPE,WORKERS_PRESENT_I,NUM_UNITS,MOST_SEVERE_INJURY,INJURIES_TOTAL,INJURIES_FATAL,INJURIES_INCAPACITATING,INJURIES_NON_INCAPACITATING,INJURIES_REPORTED_NOT_EVIDENT,INJURIES_NO_INDICATION,INJURIES_UNKNOWN,CRASH_HOUR,CRASH_DAY_OF_WEEK,CRASH_MONTH,LATITUDE,LONGITUDE,LOCATION
a9fdad48c117a586d8c7751b0cbf5015996fec56a09ae8914e05e2c3c51bf0909d7ac05fa8dcf249f47f5e98ab1133bc43a798f2bb529ce2fa0dbbdf1be84469,JD338157,,08/18/2020 06:15:00 PM,40,TRAFFIC SIGNAL,FUNCTIONING PROPERLY,CLEAR,DAYLIGHT,REAR END,T-INTERSECTION,,STRAIGHT AND LEVEL,DRY,NO DEFECTS,NOT ON SCENE (DESK REPORT),NO INJURY / DRIVE AWAY,,,,"OVER $1,500",08/19/2020 05:45:00 PM,FOLLOWING TOO CLOSELY,NOT APPLICABLE,12500,W,IRVING PARK RD,1654.0,,,,,,,2,NO INDICATION OF INJURY,0.0,0.0,0.0,0.0,0.0,2.0,0.0,18,3,8,,,
b89868d0ec58c27d84857f4c89f3c9930e9f17c27e6cb2c6fc476fb7906aa81fea5e36bd3bce1d1420ff81ce9fe0b03244f077be03a6cd798f20219ce489cb55,JF398989,,09/16/2022 07:35:00 PM,25,TRAFFIC SIGNAL,UNKNOWN,CLEAR,DAYLIGHT,REAR END,NOT DIVIDED,,STRAIGHT AND LEVEL,DRY,NO DEFECTS,NOT ON SCENE (DESK REPORT),NO INJURY / DRIVE AWAY,Y,,Y,"OVER $1,500",09/16/2022 09:15:00 PM,UNABLE TO DETERMINE,UNABLE TO DETERMINE,2601,W,CHICAGO AVE,1221.0,,,,,,,2,NO INDICATION OF INJURY,0.0,0.0,0.0,0.0,0.0,2.0,0.0,19,6,9,41.8955889835,-87.6918890843,POINT (-87.691889084322 41.895588983501)
c63208757f8a45e4ddefe6cc2e781978c4c1e4b694e9534267aa998b5b6e0c4832f2c70201758d899aa04d92a55fa789e2d8f7ff7a8ec6f09274a7a994555930,JG468902,,10/18/2023 03:15:00 PM,30,UNKNOWN,UNKNOWN,UNKNOWN,DAYLIGHT,REAR END,DIVIDED - W/MEDIAN (NOT RAISED),,STRAIGHT AND LEVEL,UNKNOWN,UNKNOWN,NOT ON SCENE (DESK REPORT),NO INJURY / DRIVE AWAY,,,,"$501 - $1,500",10/18/2023 04:00:00 PM,UNABLE TO DETERMINE,NOT APPLICABLE,2132,W,TOUHY AVE,2411.0,,,,,,,3,NO INDICATION OF INJURY,0.0,0.0,0.0,0.0,0.0,3.0,0.0,15,4,10,42.0123295,-87.6842664016,POINT (-87.684266401619 42.0123295)
cf10300db5df31d788a8751b8fac31cc872e4b43cd9f8a3a6140f440f66d58582dcfa7594eebeeae7248fae9acc298e1a9b877e1feb441ae1981b7f61cea114d,JG285418,,06/02/2023 04:45:00 PM,30,NO CONTROLS,NO CONTROLS,CLEAR,DAYLIGHT,REAR END,NOT DIVIDED,,STRAIGHT AND LEVEL,DRY,NO DEFECTS,NOT ON SCENE (DESK REPORT),NO INJURY / DRIVE AWAY,,,,"$501 - $1,500",06/02/2023 05:00:00 PM,FOLLOWING TOO CLOSELY,FOLLOWING TOO CLOSELY,5200,N,ELSTON AVE,1623.0,,,,,,,2,NO INDICATION OF INJURY,0.0,0.0,0.0,0.0,0.0,2.0,0.0,16,6,6,41.9752580953,-87.7519905572,POINT (-87.751990557158 41.97525809527)
714002277ee3434d20c10bafa40488ce52c17ef2d8f255c0d92dd9a1ffda022008b662c5b46d6b91ffe689c94f6c7f437b1490d35d358f1292f810c667fa243f,JF110247,,01/06/2022 05:00:00 PM,30,TRAFFIC SIGNAL,FUNCTIONING PROPERLY,CLEAR,DUSK,TURNING,NOT DIVIDED,,STRAIGHT AND LEVEL,DRY,NO DEFECTS,NOT ON SCENE (DESK REPORT),NO INJURY / DRIVE AWAY,Y,,Y,"OVER $1,500",01/12/2022 09:00:00 AM,IMPROPER OVERTAKING/PASSING,UNABLE TO DETERMINE,1700,W,AUGUSTA BLVD,1213.0,,,,,,,2,NO INDICATION OF INJURY,0.0,0.0,0.0,0.0,0.0,2.0,0.0,17,5,1,41.8997774106,-87.6699036483,POINT (-87.669903648329 41.899777410615)
795a4e695c5d306d1a5d4e8533bba937070b5d63fa7bea58c78cca9724a740bed6fffe33dcc4e47cceab790b1d74082e4f54b27dc59c4148438a7214c3d5e09d,JA555713,,12/19/2017 04:05:00 PM,30,NO CONTROLS,NO CONTROLS,CLEAR,"DARKNESS, LIGHTED ROAD",REAR END,NOT DIVIDED,,STRAIGHT AND LEVEL,DRY,NO DEFECTS,NOT ON SCENE (DESK REPORT),INJURY AND / OR TOW DUE TO CRASH,N,,Y,$500 OR LESS,12/19/2017 04:55:00 PM,UNABLE TO DETERMINE,UNABLE TO DETERMINE,336,W,OHIO ST,1831.0,,,,,,,2,NONINCAPACITATING INJURY,1.0,0.0,0.0,1.0,0.0,1.0,0.0,16,3,12,41.8924737082,-87.6369618008,POINT (-87.636961800769 41.892473708201)
3b7fcf738b83ecef3e1a25a8b76951f1cb9bf8a44986f9001dc8d090e36d3ae17666fccbbd5942b8d8a9b85ea511e27d0e7a0e517a5aa81ff06aca1cc550a851,JG414908,,09/07/2023 12:07:00 PM,30,NO CONTROLS,NO CONTROLS,CLOUDY/OVERCAST,DAYLIGHT,PARKED MOTOR VEHICLE,ONE-WAY,,STRAIGHT AND LEVEL,DRY,NO DEFECTS,ON SCENE,INJURY AND / OR TOW DUE TO CRASH,,,,"OVER $1,500",09/07/2023 12:12:00 PM,DRIVING SKILLS/KNOWLEDGE/EXPERIENCE,UNABLE TO DETERMINE,1037,W,93RD ST,2222.0,N,N,,,,,2,NO INDICATION OF INJURY,0.0,0.0,0.0,0.0,0.0,1.0,0.0,12,5,9,41.7249232289,-87.6496214981,POINT (-87.649621498106 41.724923228906)
4d7eb9e3b853149c9ca08e0a04e41dbd41a17543a050ac9ff0e148e6f6c5d1b0eaf246dcc85e6a63593966c679c82a8378bb10b284bd2c4408733a77f83fea3d,JG163072,,02/23/2023 01:46:00 PM,30,TRAFFIC SIGNAL,FUNCTIONING PROPERLY,CLEAR,DAYLIGHT,ANGLE,NOT DIVIDED,,STRAIGHT AND LEVEL,DRY,NO DEFECTS,ON SCENE,INJURY AND / OR TOW DUE TO CRASH,Y,,,"OVER $1,500",02/23/2023 01:50:00 PM,FAILING TO YIELD RIGHT-OF-WAY,UNDER THE INFLUENCE OF ALCOHOL/DRUGS (USE WHEN ARREST IS EFFECTED),8932,S,SOUTH CHICAGO AVE,423.0,,,,,,,2,NONINCAPACITATING INJURY,4.0,0.0,0.0,4.0,0.0,0.0,0.0,13,5,2,41.7329280055,-87.5599791961,POINT (-87.55997919609 41.732928005493)
bbab38f7ff220f9e13db37703eda9b1394a20243b9ba6c61fcad687aada7fd334a0bf92f67d6b3bae0cf4d8afefebdc4ad1a6659fe8b60e28e922fa168da987d,JF356564,,08/14/2022 01:45:00 PM,30,TRAFFIC SIGNAL,FUNCTIONING PROPERLY,CLEAR,DAYLIGHT,REAR END,NOT DIVIDED,,STRAIGHT AND LEVEL,DRY,NO DEFECTS,NOT ON SCENE (DESK REPORT),NO INJURY / DRIVE AWAY,,,Y,"$501 - $1,500",08/14/2022 03:12:00 PM,FOLLOWING TOO CLOSELY,UNABLE TO DETERMINE,1543,E,87TH ST,412.0,,,,,,,2,NO INDICATION OF INJURY,0.0,0.0,0.0,0.0,0.0,2.0,0.0,13,1,8,41.7367954576,-87.5862725091,POINT (-87.586272509131 41.736795457643)
cce0aa0d3529de322e9847f2ac561263920e4249e39e440da67309bdb899791fe157bf03bc5cbe998e69170bc9db1560bfc6d2011bb07f503e1ad7b298856648,JC385473,,08/09/2019 11:55:00 AM,25,NO CONTROLS,NO CONTROLS,CLEAR,DAYLIGHT,SIDESWIPE SAME DIRECTION,NOT DIVIDED,,STRAIGHT AND LEVEL,DRY,NO DEFECTS,NOT ON SCENE (DESK REPORT),NO INJURY / DRIVE AWAY,,,,"OVER $1,500",08/09/2019 01:30:00 PM,UNABLE TO DETERMINE,NOT APPLICABLE,455,N,PARK DR,1834.0,,,,,,,2,NO INDICATION OF INJURY,0.0,0.0,0.0,0.0,0.0,2.0,0.0,11,6,8,41.8902191422,-87.6194586634,POINT (-87.619458663416 41.890219142248)
a076cba867dcd1343dedd0e74c0a22c7f49ae67351245a0ed60d92c5ba36293ed2b4a6701aed6d688fcdc9924cd28ff8ab296d1240c24f63f5485cc7fc8be48f,JB469847,,10/09/2018 08:00:00 PM,25,TRAFFIC SIGNAL,FUNCTIONING PROPERLY,CLEAR,"DARKNESS, LIGHTED ROAD",TURNING,NOT DIVIDED,,STRAIGHT AND LEVEL,DRY,NO DEFECTS,,NO INJURY / DRIVE AWAY,Y,,,"$501 - $1,500",10/10/2018 10:30:00 AM,UNABLE TO DETERMINE,UNABLE TO DETERMINE,380,N,CLARK ST,1831.0,,,,,,,2,NO INDICATION OF INJURY,0.0,0.0,0.0,0.0,0.0,2.0,0.0,20,3,10,41.889173407,-87.6312054333,POINT (-87.631205433323 41.889173407027)
94cea2ae7d5a84b7fc3a25a5fdbb0b1ce5a224baf7aec348e8c5713354e87572110979049bb5ced3b4e0f4ca925960dd38738171e86a6de2170f7fa847744025,JD431260,,11/13/2020 11:00:00 PM,30,UNKNOWN,UNKNOWN,UNKNOWN,UNKNOWN,PARKED MOTOR VEHICLE,UNKNOWN,,STRAIGHT AND LEVEL,UNKNOWN,UNKNOWN,NOT ON SCENE (DESK REPORT),NO INJURY / DRIVE AWAY,,,Y,"OVER $1,500",11/14/2020 02:15:00 PM,UNABLE TO DETERMINE,NOT APPLICABLE,5825,N,NINA AVE,1612.0,,,,,,,2,NO INDICATION OF INJURY,0.0,0.0,0.0,0.0,0.0,1.0,0.0,23,6,11,41.9869244869,-87.8044707574,POINT (-87.804470757436 41.986924486875)
dae916315bd86df40830927f508dfc3304aec9471c4eaaa3242b99eed3d633d905b0333ba74e9893fad01a4d0640bd62dd9a38573e69d372d416b365a44bc75a,JG254277,,05/09/2023 05:50:00 AM,30,NO CONTROLS,NO CONTROLS,CLEAR,DAYLIGHT,SIDESWIPE SAME DIRECTION,OTHER,,STRAIGHT AND LEVEL,DRY,NO DEFECTS,NOT ON SCENE (DESK REPORT),NO INJURY / DRIVE AWAY,,,,"$501 - $1,500",05/09/2023 05:45:00 PM,FAILING TO YIELD RIGHT-OF-WAY,IMPROPER LANE USAGE,2536,W,45TH ST,922.0,,,,,,,2,NO INDICATION OF INJURY,0.0,0.0,0.0,0.0,0.0,2.0,0.0,5,3,5,41.8121180442,-87.688516704,POINT (-87.68851670396 41.812118044221)
a26658e21d5f663c87cc2f4f039186c4620ad1ea609823bc457247c069c2b60c2ccc25b8b3115f45c663a3e935f076d3fc617b923f20203e9f9ddd7f0acb80b8,JB226611,,04/16/2018 05:37:00 PM,30,TRAFFIC SIGNAL,FUNCTIONING PROPERLY,CLEAR,DAYLIGHT,REAR END,DIVIDED - W/MEDIAN (NOT RAISED),2.0,STRAIGHT AND LEVEL,DRY,UNKNOWN,NOT ON SCENE (DESK REPORT),NO INJURY / DRIVE AWAY,,,,"OVER $1,500",04/16/2018 09:00:00 PM,UNABLE TO DETERMINE,UNABLE TO DETERMINE,2406,W,DIVERSEY AVE,1411.0,,,,,,,2,NO INDICATION OF INJURY,0.0,0.0,0.0,0.0,0.0,2.0,0.0,17,2,4,41.9322808531,-87.6881900575,POINT (-87.688190057518 41.932280853103)
ee8cdf8443bd476c7ccae918d6f54c1ff4980ff53a939a8352e179eb6dd75f657088a28a9d180c4433ca39fc8716898b688aca7794fca73ac73a6943bcdf6702,JF422127,,10/04/2022 07:00:00 PM,30,NO CONTROLS,NO CONTROLS,CLEAR,DARKNESS,ANGLE,NOT DIVIDED,,STRAIGHT AND LEVEL,DRY,NO DEFECTS,NOT ON SCENE (DESK REPORT),NO INJURY / DRIVE AWAY,,,,"OVER $1,500",10/04/2022 07:30:00 PM,FAILING TO YIELD RIGHT-OF-WAY,NOT APPLICABLE,1407,W,LAKE ST,1224.0,,,,,,,2,NO INDICATION OF INJURY,0.0,0.0,0.0,0.0,0.0,3.0,0.0,19,3,10,41.8852994989,-87.6627586377,POINT (-87.662758637707 41.88529949893)
0aa46d1db065bfae27872ad8e6dd1a2d70e4a83cd06bc9ce9d7ba7ba73b1a4604bb29e4d40550142815ceb9527421d326049160e29066afd0d502495fbbce72f,JB483863,,10/21/2018 03:55:00 AM,40,NO CONTROLS,NO CONTROLS,CLEAR,DARKNESS,FIXED OBJECT,DIVIDED - W/MEDIAN BARRIER,,"CURVE, LEVEL",DRY,NO DEFECTS,ON SCENE,INJURY AND / OR TOW DUE TO CRASH,,,,"OVER $1,500",10/21/2018 04:00:00 AM,FAILING TO REDUCE SPEED TO AVOID CRASH,DRIVING SKILLS/KNOWLEDGE/EXPERIENCE,1400,N,LAKE SHORE DR SB,1824.0,,,,,,,1,NO INDICATION OF INJURY,0.0,0.0,0.0,0.0,0.0,2.0,0.0,3,1,10,41.9079099261,-87.6257410883,POINT (-87.625741088327 41.90790992609)
ca019984dab149e21a0104d60038541a55859d51fe6ac20840532f3c507deda5067099901395e0ba755e1689c44495ac670c992d12c7cbe8cb82d2746a71942d,JB427023,,09/08/2018 07:55:00 AM,30,TRAFFIC SIGNAL,FUNCTIONING PROPERLY,CLOUDY/OVERCAST,DAYLIGHT,REAR END,DIVIDED - W/MEDIAN BARRIER,6.0,STRAIGHT AND LEVEL,DRY,NO DEFECTS,ON SCENE,NO INJURY / DRIVE AWAY,,,,$500 OR LESS,09/08/2018 07:59:00 AM,FOLLOWING TOO CLOSELY,UNABLE TO DETERMINE,5700,N,CUMBERLAND AVE,1614.0,,,,,,,2,NO INDICATION OF INJURY,0.0,0.0,0.0,0.0,0.0,2.0,0.0,7,7,9,41.9825995547,-87.8367284068,POINT (-87.836728406808 41.982599554701)
2c7977dd09e9c43027f8f03c3bf09c4bf96ba0a1c887973dec432d6b4003c88f75db886d9da5ef1addc28095c418fbe565aec4fc8c8e80e69ea4e36fd50e0b71,JE274769,,06/21/2021 02:50:00 PM,30,NO CONTROLS,NO CONTROLS,CLEAR,DAYLIGHT,PARKED MOTOR VEHICLE,DIVIDED - W/MEDIAN BARRIER,,STRAIGHT AND LEVEL,DRY,NO DEFECTS,NOT ON SCENE (DESK REPORT),NO INJURY / DRIVE AWAY,,,Y,$500 OR LESS,06/21/2021 02:50:00 PM,IMPROPER OVERTAKING/PASSING,NOT APPLICABLE,10935,S,HALSTED ST,2233.0,,,,,,,2,NO INDICATION OF INJURY,0.0,0.0,0.0,0.0,0.0,1.0,0.0,14,2,6,41.6949489463,-87.6423134098,POINT (-87.642313409796 41.694948946275)
39387ff070402d3aef6dfbd56317f24b7b214644a6a49df9ec4dea5353366b0a9014f03cfd48f348f745a27332cb70d2eea7d9add37404d82cac0e7905cc314c,JF268801,Y,06/05/2022 07:00:00 AM,30,NO CONTROLS,NO CONTROLS,CLEAR,UNKNOWN,PARKED MOTOR VEHICLE,ONE-WAY,,STRAIGHT AND LEVEL,UNKNOWN,UNKNOWN,NOT ON SCENE (DESK REPORT),NO INJURY / DRIVE AWAY,,,Y,"OVER $1,500",06/05/2022 05:45:00 PM,UNABLE TO DETERMINE,UNABLE TO DETERMINE,2420,W,FARRAGUT AVE,2011.0,,,,,,,2,NO INDICATION OF INJURY,0.0,0.0,0.0,0.0,0.0,1.0,0.0,7,1,6,41.9768956597,-87.6899671381,POINT (-87.689967138078 41.976895659709)
9ee8855021dcbed4876a0bcdaa736d3ae438dd3b93d1662dc9e141fa80e9786338a7ef72664fd5426f5cd3223268c7aa67576ff7fe6a318ae8e5657aae05eb83,HY535061,,12/12/2015 10:45:00 PM,30,YIELD,FUNCTIONING PROPERLY,UNKNOWN,"DARKNESS, LIGHTED ROAD",REAR END,DIVIDED - W/MEDIAN BARRIER,2.0,STRAIGHT AND LEVEL,UNKNOWN,UNKNOWN,NOT ON SCENE (DESK REPORT),NO INJURY / DRIVE AWAY,,,,"OVER $1,500",12/12/2015 11:00:00 PM,UNABLE TO DETERMINE,NOT APPLICABLE,2132,E,71ST ST,331.0,,,,,,,2,NO INDICATION OF INJURY,0.0,0.0,0.0,0.0,0.0,3.0,0.0,22,7,12,41.7663851256,-87.5725719053,POINT (-87.572571905341 41.766385125615)
c9efab376f3ab62897be4d914406b62ee54ae9048e8d7d076148a43f81d161a43c7d00b1a2588c45fc420399649ad5abdb83e75ed8970101b95c173b5fa80878,JE400645,,10/01/2021 05:45:00 PM,30,NO CONTROLS,NO CONTROLS,CLEAR,DAYLIGHT,SIDESWIPE SAME DIRECTION,NOT DIVIDED,,STRAIGHT AND LEVEL,DRY,NO DEFECTS,NOT ON SCENE (DESK REPORT),NO INJURY / DRIVE AWAY,,,,"$501 - $1,500",10/06/2021 07:33:00 PM,IMPROPER TURNING/NO SIGNAL,UNABLE TO DETERMINE,8410,W,BRYN MAWR AVE,1614.0,,,,,,,2,NO INDICATION OF INJURY,0.0,0.0,0.0,0.0,0.0,2.0,0.0,17,6,10,41.9811983912,-87.837238725,POINT (-87.837238724969 41.981198391229)
766067aec26988c86aba414d9673ea3d4d1e3c9a0cabff6cf947807450f7d3dc3c428d89c5706aaf086b72a675efc4e95820c597b9267f8a94ad1443a2912298,JC304542,,06/13/2019 11:45:00 AM,20,NO CONTROLS,NO CONTROLS,CLEAR,DAYLIGHT,PARKED MOTOR VEHICLE,ONE-WAY,,STRAIGHT AND LEVEL,DRY,NO DEFECTS,ON SCENE,NO INJURY / DRIVE AWAY,,,,"OVER $1,500",06/13/2019 11:50:00 AM,IMPROPER OVERTAKING/PASSING,NOT APPLICABLE,5,W,TERMINAL ST,1655.0,,,,,,,2,NO INDICATION OF INJURY,0.0,0.0,0.0,0.0,0.0,1.0,0.0,11,5,6,,,
16aafb4c267bdb1be1476d69295813a6968db42f7931901c8618fa5c4c18f77579e3001dc7c2f2ec40f321c2a4f0b304ae178282fe5240e298366bb222d14d4c,HZ136639,,02/01/2016 01:30:00 PM,30,TRAFFIC SIGNAL,FUNCTIONING PROPERLY,CLEAR,DAYLIGHT,TURNING,DIVIDED - W/MEDIAN (NOT RAISED),2.0,STRAIGHT AND LEVEL,DRY,NO DEFECTS,NOT ON SCENE (DESK REPORT),NO INJURY / DRIVE AWAY,Y,,Y,"OVER $1,500",02/01/2016 01:40:00 PM,FAILING TO YIELD RIGHT-OF-WAY,FAILING TO YIELD RIGHT-OF-WAY,3500,S,LA SALLE ST,213.0,,,,,,,2,NO INDICATION OF INJURY,0.0,0.0,0.0,0.0,0.0,3.0,0.0,13,2,2,41.8309350952,-87.6299753048,POINT (-87.629975304804 41.830935095228)
e074780b75c81791d522488deb06947a6ec34ca08e4dcb4f320e6edb550f7f0fc6d54dbd7aa6ca0b20517207410d32f98249fd635982463fecfb23ef731253f6,JB554626,,12/15/2018 03:00:00 PM,15,STOP SIGN/FLASHER,FUNCTIONING PROPERLY,CLEAR,DAYLIGHT,PARKED MOTOR VEHICLE,PARKING LOT,2.0,STRAIGHT AND LEVEL,DRY,NO DEFECTS,NOT ON SCENE (DESK REPORT),NO INJURY / DRIVE AWAY,,Y,Y,$500 OR LESS,12/15/2018 03:30:00 PM,UNABLE TO DETERMINE,UNABLE TO DETERMINE,2939,W,ADDISON ST,1733.0,,,,,,,2,NO INDICATION OF INJURY,0.0,0.0,0.0,0.0,0.0,1.0,0.0,15,7,12,41.946538983,-87.7020848861,POINT (-87.702084886142 41.946538982968)
911f176c14fa820d47e7363407b337738b907ae9f7c29299606de0b978d95698a60bc2f988c489cda92cf2a97e8ad4f177378329155bfe8852b341aca15a4beb,,,11/06/2023 11:48:00 AM,30,STOP SIGN/FLASHER,NO CONTROLS,CLEAR,DAYLIGHT,PEDALCYCLIST,FOUR WAY,,STRAIGHT AND LEVEL,DRY,NO DEFECTS,ON SCENE,INJURY AND / OR TOW DUE TO CRASH,Y,,,"OVER $1,500",11/06/2023 11:48:00 AM,FAILING TO YIELD RIGHT-OF-WAY,FAILING TO YIELD RIGHT-OF-WAY,255,N,LOWER MICHIGAN AVE,114.0,,,,,,,2,NONINCAPACITATING INJURY,1.0,0.0,0.0,1.0,0.0,1.0,0.0,11,2,11,41.88673056,-87.6244239173,POINT (-87.62442391727 41.886730560036)
c23798f29f746f5526700d66b0817f51648d2d6b6ad64e84807265fbe943945072ab2ee8f1300f32b7857baabc67a4a996f1446522bd4e0c9559fee44a5a7acc,JC346725,,07/13/2019 08:35:00 AM,30,NO CONTROLS,NO CONTROLS,CLEAR,DAYLIGHT,SIDESWIPE SAME DIRECTION,DIVIDED - W/MEDIAN (NOT RAISED),,STRAIGHT AND LEVEL,DRY,NO DEFECTS,ON SCENE,NO INJURY / DRIVE AWAY,,,,"$501 - $1,500",07/13/2019 08:42:00 AM,NOT APPLICABLE,UNABLE TO DETERMINE,2608,S,DAMEN AVE,1034.0,,,,,,,2,NO INDICATION OF INJURY,0.0,0.0,0.0,0.0,0.0,3.0,0.0,8,7,7,41.8445114691,-87.6757880391,POINT (-87.675788039122 41.844511469065)
d582afb29201f77114de92c73ff6391789ade6bffd9be3d79b2ff7135d4aa3d46011e3345f8d622cafc47a293a3d8d38d70be7d9db1f94b305ba9efc277c1495,JC433461,,09/12/2019 06:45:00 AM,30,STOP SIGN/FLASHER,FUNCTIONING PROPERLY,CLEAR,DAYLIGHT,TURNING,DIVIDED - W/MEDIAN (NOT RAISED),,STRAIGHT AND LEVEL,DRY,NO DEFECTS,NOT ON SCENE (DESK REPORT),NO INJURY / DRIVE AWAY,Y,,,"$501 - $1,500",09/14/2019 06:56:00 PM,FAILING TO YIELD RIGHT-OF-WAY,NOT APPLICABLE,7100,S,KEDZIE AVE,831.0,,,,,,,2,NO INDICATION OF INJURY,0.0,0.0,0.0,0.0,0.0,2.0,0.0,6,5,9,41.7642950368,-87.7029571621,POINT (-87.702957162118 41.764295036757)
e144bc4d2a7c3ba4810420fbb4dedb043338247438780061e2a5a729466aa01e1e8b094df6948b1137ad4c32c72feba4eb473f5185e3af556724b266b1ba8bb9,JG254890,,05/10/2023 08:40:00 AM,30,NO CONTROLS,NO CONTROLS,CLEAR,DAYLIGHT,FIXED OBJECT,ONE-WAY,,STRAIGHT AND LEVEL,DRY,NO DEFECTS,ON SCENE,INJURY AND / OR TOW DUE TO CRASH,,,,"$501 - $1,500",05/10/2023 08:48:00 AM,IMPROPER BACKING,DRIVING SKILLS/KNOWLEDGE/EXPERIENCE,5207,S,KOLIN AVE,815.0,,,,,,,3,NO INDICATION OF INJURY,0.0,0.0,0.0,0.0,0.0,1.0,0.0,8,4,5,41.798373782,-87.7317390856,POINT (-87.731739085586 41.79837378201)
8bcd6f8c16e9f942e81ae733ce367f878fa6c3ef07ce95a575787ad9325e32dd890b7188821a7dacf1c82bf27d0583d07a8e58d0ca0237a37ffe2756024b1d53,JB140662,,02/04/2018 04:30:00 AM,30,NO CONTROLS,NO CONTROLS,SNOW,"DARKNESS, LIGHTED ROAD",PARKED MOTOR VEHICLE,ONE-WAY,1.0,STRAIGHT AND LEVEL,WET,NO DEFECTS,NOT ON SCENE (DESK REPORT),NO INJURY / DRIVE AWAY,,,Y,"$501 - $1,500",02/04/2018 05:00:00 AM,UNABLE TO DETERMINE,NOT APPLICABLE,4435,S,LAKE PARK AVE,222.0,,,,,,,2,NO INDICATION OF INJURY,0.0,0.0,0.0,0.0,0.0,1.0,0.0,4,1,2,41.8142747766,-87.5967822818,POINT (-87.596782281751 41.81427477659)
c9ce1b0c6109fb4cee751b56bd8e3e2456339c81ecaaae2c36a8fab5060a5e4f2929039a581d7967d8d81ac1ee2f579841c26979b9ee00cd2ba5b453297db11f,JB422381,,09/04/2018 07:20:00 PM,35,NO CONTROLS,NO CONTROLS,CLEAR,DARKNESS,PARKED MOTOR VEHICLE,DIVIDED - W/MEDIAN (NOT RAISED),,STRAIGHT AND LEVEL,DRY,NO DEFECTS,ON SCENE,INJURY AND / OR TOW DUE TO CRASH,,,,"OVER $1,500",09/04/2018 07:25:00 PM,IMPROPER LANE USAGE,NOT APPLICABLE,3948,S,WESTERN AVE,921.0,,N,,,,,3,NO INDICATION OF INJURY,0.0,0.0,0.0,0.0,0.0,1.0,0.0,19,3,9,41.8215885209,-87.6849272339,POINT (-87.684927233872 41.821588520924)
a064babbef392695175e61346430e0a039b0aa1e84ef413a319ed91604434f51a9ef528b4a0c440af0ae42c1f6ba6f1a31841148dc2429d75822395c39e47c7a,HZ143487,,02/05/2016 04:30:00 PM,30,STOP SIGN/FLASHER,FUNCTIONING PROPERLY,CLEAR,"DARKNESS, LIGHTED ROAD",SIDESWIPE OPPOSITE DIRECTION,NOT DIVIDED,4.0,STRAIGHT AND LEVEL,DRY,NO DEFECTS,NOT ON SCENE (DESK REPORT),NO INJURY / DRIVE AWAY,,,Y,"$501 - $1,500",02/07/2016 12:05:00 PM,IMPROPER LANE USAGE,NOT APPLICABLE,7300,S,PHILLIPS AVE,334.0,,,,,,,2,NO INDICATION OF INJURY,0.0,0.0,0.0,0.0,0.0,2.0,0.0,16,6,2,41.7625571983,-87.5649769814,POINT (-87.564976981416 41.762557198294)
4c729f9d75f97abce46bfbd3a0537a6ebe60910b2ac1146c6bc0a9d82fd68637039acb1ed61052bb0d5c74bd5683614f907fc6e2cb876db1156222b067496b59,JG196031,,03/23/2023 11:45:00 AM,30,NO CONTROLS,NO CONTROLS,CLEAR,DAYLIGHT,FIXED OBJECT,NOT DIVIDED,,STRAIGHT AND LEVEL,WET,OTHER,ON SCENE,NO INJURY / DRIVE AWAY,,,,"$501 - $1,500",03/23/2023 11:49:00 AM,UNABLE TO DETERMINE,UNABLE TO DETERMINE,1139,N,NORTH BRANCH ST,1822.0,,,,,,,1,NO INDICATION OF INJURY,0.0,0.0,0.0,0.0,0.0,1.0,0.0,11,5,3,41.902538799,-87.6544730106,POINT (-87.654473010562 41.902538799019)
116e77253f7a1e5e57319f70af7ba211ad1f8c81483296f6be87dc87a09326664ee91739bd81b4043591d0d333a211598f0efa2eda8a7761ff295ef0f22e680a,JA319869,,06/23/2017 05:35:00 PM,40,NO CONTROLS,NO CONTROLS,CLEAR,DAYLIGHT,SIDESWIPE SAME DIRECTION,DIVIDED - W/MEDIAN BARRIER,4.0,STRAIGHT AND LEVEL,DRY,NO DEFECTS,ON SCENE,INJURY AND / OR TOW DUE TO CRASH,,,,"OVER $1,500",06/23/2017 07:20:00 PM,EQUIPMENT - VEHICLE CONDITION,IMPROPER LANE USAGE,2500,N,LAKE SHORE DR SB,1935.0,,,,,,,4,INCAPACITATING INJURY,1.0,0.0,1.0,0.0,0.0,4.0,0.0,17,6,6,41.9277139357,-87.6320148144,POINT (-87.632014814397 41.927713935716)