CRASH_RECORD_ID,RD_NO,CRASH_DATE_EST_I,CRASH_DATE,POSTED_SPEED_LIMIT,TRAFFIC_CONTROL_DEVICE,DEVICE_CONDITION,WEATHER_CONDITION,LIGHTING_CONDITION,FIRST_CRASH_TYPE,TRAFFICWAY_TYPE,LANE_CNT,ALIGNMENT,ROADWAY_SURFACE_COND,ROAD_DEFECT,REPORT_TYPE,CRASH_TYPE,INTERSECTION_RELATED_I,NOT_RIGHT_OF_WAY_I,HIT_AND_RUN_I,DAMAGE,DATE_POLICE_NOTIFIED,PRIM_CONTRIBUTORY_CAUSE,SEC_CONTRIBUTORY_CAUSE,STREET_NO,STREET_DIRECTION,STREET_NAME,BEAT_OF_OCCURRENCE,PHOTOS_TAKEN_I,STATEMENTS_TAKEN_I,DOORING_I,WORK_ZONE_I,WORK_ZONE_TYPE,WORKERS_PRESENT_I,NUM_UNITS,MOST_SEVERE_INJURY,INJURIES_TOTAL,INJURIES_FATAL,INJURIES_INCAPACITATING,INJURIES_NON_INCAPACITATING,INJURIES_REPORTED_NOT_EVIDENT,INJURIES_NO_INDICATION,INJURIES_UNKNOWN,CRASH_HOUR,CRASH_DAY_OF_WEEK,CRASH_MONTH,LATITUDE,LONGITUDE,LOCATION
9495ce8de512b2f37dd9e9e90a1643a8023a58025a84209dfb659990fad8bcb9dc1f7c3a1d8b0b6a9d892ff6370cf8f0b508f65c66ba4298266643acbc8a689f,HZ233053,,04/19/2016 04:00:00 PM,0,STOP SIGN/FLASHER,FUNCTIONING PROPERLY,CLEAR,DAYLIGHT,TURNING,NOT DIVIDED,2.0,STRAIGHT AND LEVEL,DRY,WORN SURFACE,NOT ON SCENE (DESK REPORT),NO INJURY / DRIVE AWAY,Y,,,"$501 - $1,500",04/20/2016 08:40:00 AM,IMPROPER OVERTAKING/PASSING,TURNING RIGHT ON RED,1656,W,HUBBARD ST,1215.0,,,,,,,2,NO INDICATION OF INJURY,0.0,0.0,0.0,0.0,0.0,4.0,0.0,16,3,4,41.8899603497,-87.6694016926,POINT (-87.66940169258 41.889960349729)
e1de5e4d6b11f4df5c152a3fe228f3486ba4376fed3990f5830fae33c756269ea1bfd121e9a2d5dca6ea18907eab30ceae6faa7745eb07757c5fe15ad00bdaa3,JC302411,,06/11/2019 08:26:00 PM,30,NO CONTROLS,NO CONTROLS,CLEAR,"DARKNESS, LIGHTED ROAD",PARKED MOTOR VEHICLE,ONE-WAY,,STRAIGHT AND LEVEL,DRY,NO DEFECTS,ON SCENE,NO INJURY / DRIVE AWAY,,,Y,"OVER $1,500",06/11/2019 08:36:00 PM,UNABLE TO DETERMINE,"OPERATING VEHICLE IN ERRATIC, RECKLESS, CARELESS, NEGLIGENT OR AGGRESSIVE MANNER",5958,W,FILLMORE ST,1513.0,,,,,,,4,NO INDICATION OF INJURY,0.0,0.0,0.0,0.0,0.0,1.0,0.0,20,3,6,41.8673996365,-87.7741366502,POINT (-87.774136650175 41.867399636492)
b00bfb0f4ae04ab3f9fa49c460466365e04c654fae4a5bd3e0799c229de99ef00168a64ddc510c00f4c4fb47ae3575afa73e168909976adafa31555611f618d8,JE104137,,01/05/2021 02:55:00 PM,30,NO CONTROLS,NO CONTROLS,CLEAR,DAYLIGHT,SIDESWIPE SAME DIRECTION,NOT DIVIDED,,STRAIGHT AND LEVEL,DRY,NO DEFECTS,NOT ON SCENE (DESK REPORT),INJURY AND / OR TOW DUE TO CRASH,,,Y,"OVER $1,500",01/05/2021 02:58:00 PM,IMPROPER TURNING/NO SIGNAL,IMPROPER OVERTAKING/PASSING,1008,W,63RD ST,712.0,,Y,,,,,4,NONINCAPACITATING INJURY,1.0,0.0,0.0,1.0,0.0,2.0,0.0,14,3,1,41.7797828453,-87.6500713566,POINT (-87.650071356602 41.779782845251)
166486d0cef62da55ce472d95031de026fc2a7fc5fb3bf59996d48f58882225cb0cda61ff323707086814297e0911f54e30a27d806491779adb6b067afa2b02e,JD169165,,02/29/2020 12:45:00 PM,30,STOP SIGN/FLASHER,NO CONTROLS,CLEAR,DAYLIGHT,TURNING,NOT DIVIDED,,STRAIGHT ON GRADE,DRY,NO DEFECTS,NOT ON SCENE (DESK REPORT),NO INJURY / DRIVE AWAY,Y,,,"$501 - $1,500",02/29/2020 01:35:00 PM,FAILING TO YIELD RIGHT-OF-WAY,NOT APPLICABLE,9400,S,ASHLAND AVE,2221.0,,,,,,,2,NO INDICATION OF INJURY,0.0,0.0,0.0,0.0,0.0,4.0,0.0,12,7,2,41.7229412182,-87.6628628713,POINT (-87.662862871273 41.72294121821)
8696075a730cfb71e182598794b9d6b51c44e7431c55c02d8b6313bf7ecbe6ffe26f5c63a6c401e9b29efc08facaf62108021c07919f7fbf81a1c958b2d05cb6,HZ111346,Y,01/11/2016 06:10:00 AM,30,NO CONTROLS,NO CONTROLS,UNKNOWN,UNKNOWN,PARKED MOTOR VEHICLE,OTHER,,STRAIGHT AND LEVEL,UNKNOWN,NO DEFECTS,NOT ON SCENE (DESK REPORT),NO INJURY / DRIVE AWAY,,,Y,"OVER $1,500",01/11/2016 06:55:00 AM,UNABLE TO DETERMINE,NOT APPLICABLE,5536,S,MICHIGAN AVE,225.0,,,,,,,2,NO INDICATION OF INJURY,0.0,0.0,0.0,0.0,0.0,1.0,0.0,6,2,1,41.7933449761,-87.6225794292,POINT (-87.622579429212 41.793344976069)
e1f287626fd71bd28f95a34801c009dd2cb20f17d827cc105fc3082d3b466b82a20c6cd078ada2e6dce65f69c3b05adc9fe826e1c8a8f0153a7414be3912d8c1,JB239203,Y,04/26/2018 12:00:00 PM,30,NO CONTROLS,NO CONTROLS,UNKNOWN,UNKNOWN,PARKED MOTOR VEHICLE,NOT DIVIDED,2.0,STRAIGHT AND LEVEL,UNKNOWN,UNKNOWN,NOT ON SCENE (DESK REPORT),NO INJURY / DRIVE AWAY,,,Y,"OVER $1,500",04/26/2018 06:40:00 PM,UNABLE TO DETERMINE,UNABLE TO DETERMINE,3150,W,25TH ST,1033.0,,,,,,,2,NO INDICATION OF INJURY,0.0,0.0,0.0,0.0,0.0,1.0,0.0,12,5,4,41.8464529793,-87.7046644402,POINT (-87.704664440183 41.846452979342)
3cfc0501dd55a585c45a1ab8f705a725783a921f8ec63e57375674970a071e73562ea795e03675f7dab13792aa767abc7fa25084a8bb108a749c16239edc7c8a,JG110852,,01/10/2023 11:10:00 AM,30,TRAFFIC SIGNAL,FUNCTIONING PROPERLY,CLEAR,DAYLIGHT,REAR END,FOUR WAY,,STRAIGHT AND LEVEL,DRY,NO DEFECTS,NOT ON SCENE (DESK REPORT),NO INJURY / DRIVE AWAY,,,Y,"OVER $1,500",01/10/2023 11:35:00 AM,FOLLOWING TOO CLOSELY,UNABLE TO DETERMINE,4001,W,31ST ST,1031.0,,,,,,,2,NO INDICATION OF INJURY,0.0,0.0,0.0,0.0,0.0,3.0,0.0,11,3,1,41.8367716756,-87.7244087125,POINT (-87.724408712503 41.836771675607)
842d744a4f660f8e3ed92648a8fb2f560d89e3c53eec38d34f9dc13546d1c4d79454934d3c3d470a36c28ae8e738fdd56a8358b4714ec4384e047ee47ea473c6,JG293529,,06/08/2023 02:30:00 PM,30,NO CONTROLS,NO CONTROLS,CLEAR,DAYLIGHT,PARKED MOTOR VEHICLE,PARKING LOT,,STRAIGHT AND LEVEL,UNKNOWN,UNKNOWN,NOT ON SCENE (DESK REPORT),NO INJURY / DRIVE AWAY,,,,"$501 - $1,500",06/08/2023 06:20:00 PM,UNABLE TO DETERMINE,NOT APPLICABLE,2242,N,KEDZIE BLVD,1413.0,,,,,,,2,NO INDICATION OF INJURY,0.0,0.0,0.0,0.0,0.0,1.0,0.0,14,5,6,41.9224189712,-87.7072924061,POINT (-87.707292406112 41.922418971236)
709d0ca92764c24f683f6add0ca2b1e3c3736f6c109e14310061536e2e163da0f3f9c0080700c440427a6c7dc46ac450fa69a84157f1e03cc8cb01162c600458,JB169154,,02/21/2018 02:00:00 PM,35,TRAFFIC SIGNAL,UNKNOWN,UNKNOWN,UNKNOWN,TURNING,NOT DIVIDED,,STRAIGHT AND LEVEL,UNKNOWN,UNKNOWN,NOT ON SCENE (DESK REPORT),NO INJURY / DRIVE AWAY,,,,"$501 - $1,500",02/28/2018 08:30:00 PM,DRIVING SKILLS/KNOWLEDGE/EXPERIENCE,NOT APPLICABLE,2954,W,VAN BUREN ST,1124.0,,,,,,,2,NO INDICATION OF INJURY,0.0,0.0,0.0,0.0,0.0,2.0,0.0,14,4,2,41.8760405156,-87.7008327232,POINT (-87.700832723238 41.876040515605)
a049c4ad48c51fa82f7ea94f74f3d45411e51115d2d791ccfaa4718bfd1856f2c218232073f66cacf496d585729d01a742a9c52e262c8a368e6519b8c13e965f,JE397789,,10/04/2021 12:45:00 PM,30,TRAFFIC SIGNAL,FUNCTIONING PROPERLY,CLEAR,DAYLIGHT,SIDESWIPE SAME DIRECTION,FOUR WAY,,STRAIGHT AND LEVEL,DRY,UNKNOWN,NOT ON SCENE (DESK REPORT),NO INJURY / DRIVE AWAY,,,Y,$500 OR LESS,10/04/2021 02:15:00 PM,UNABLE TO DETERMINE,NOT APPLICABLE,10100,S,HALSTED ST,2232.0,,,,,,,2,NO INDICATION OF INJURY,0.0,0.0,0.0,0.0,0.0,2.0,0.0,12,2,10,41.7104642821,-87.6430725056,POINT (-87.643072505572 41.710464282056)
ceed94876df7a7fa3f41374194f868d5b963392b9893e83a76e7cbcbfcca15a2e0355059ca213e134dfc2b9323f9546cc8a855599595b8f4aaa147664b78014d,HZ447308,,09/24/2016 03:50:00 AM,30,NO CONTROLS,NO CONTROLS,CLEAR,DAYLIGHT,SIDESWIPE SAME DIRECTION,NOT DIVIDED,2.0,STRAIGHT AND LEVEL,DRY,UNKNOWN,ON SCENE,NO INJURY / DRIVE AWAY,,,,"OVER $1,500",09/24/2016 03:50:00 AM,FAILING TO YIELD RIGHT-OF-WAY,FOLLOWING TOO CLOSELY,7035,S,JEFFERY BLVD,331.0,,,,,,,2,NO INDICATION OF INJURY,0.0,0.0,0.0,0.0,0.0,2.0,0.0,3,7,9,41.7669797803,-87.5761750476,POINT (-87.5761750476 41.766979780255)
5dd4889b25c0190a36e738e869595c307be304ad6f79dcf4ebcf057ca6bfe2ba251540e00a952090d59044d3c804f4ecaced693527db1dcb3dbb86b219587c1b,HZ157799,,02/19/2016 06:27:00 PM,25,NO CONTROLS,NO CONTROLS,CLEAR,"DARKNESS, LIGHTED ROAD",PARKED MOTOR VEHICLE,DIVIDED - W/MEDIAN (NOT RAISED),,STRAIGHT AND LEVEL,DRY,NO DEFECTS,NOT ON SCENE (DESK REPORT),NO INJURY / DRIVE AWAY,,,Y,"$501 - $1,500",02/19/2016 07:00:00 PM,"OPERATING VEHICLE IN ERRATIC, RECKLESS, CARELESS, NEGLIGENT OR AGGRESSIVE MANNER",FAILING TO REDUCE SPEED TO AVOID CRASH,11200,S,MICHIGAN AVE,531.0,,,,,,,2,NO INDICATION OF INJURY,0.0,0.0,0.0,0.0,0.0,2.0,0.0,18,6,2,41.6907476028,-87.6211733103,POINT (-87.621173310257 41.69074760281)
bcaba724ec0cd5cc43e236a332af72c2ca02a2559fcb24c134b5179a8d3f66dfbb2da4917fa0bcf80ee6b50fae586e11d90fe5b0f2ed19b8e6f289af67a89c07,JE485594,Y,12/22/2021 08:25:00 AM,30,NO CONTROLS,NO CONTROLS,CLEAR,DAYLIGHT,ANGLE,NOT DIVIDED,,STRAIGHT AND LEVEL,DRY,NO DEFECTS,ON SCENE,NO INJURY / DRIVE AWAY,,,,$500 OR LESS,12/22/2021 08:40:00 AM,NOT APPLICABLE,NOT APPLICABLE,2919,S,WESTERN AVE,1034.0,,,,,,,2,NO INDICATION OF INJURY,0.0,0.0,0.0,0.0,0.0,2.0,0.0,8,4,12,41.8393322597,-87.6850812835,POINT (-87.685081283455 41.839332259659)
5c24d538e6624740214128d1d3526e769e17807b745edc123a36311d5080f0664e8e409b99ae752449ca90603c58e563e893c5df3c873889874beb99bba88ed5,HY514647,,11/25/2015 01:40:00 PM,30,TRAFFIC SIGNAL,FUNCTIONING PROPERLY,CLEAR,DAYLIGHT,REAR END,DIVIDED - W/MEDIAN BARRIER,4.0,STRAIGHT AND LEVEL,DRY,NO DEFECTS,NOT ON SCENE (DESK REPORT),NO INJURY / DRIVE AWAY,,,,"OVER $1,500",11/25/2015 02:00:00 PM,FAILING TO REDUCE SPEED TO AVOID CRASH,DRIVING SKILLS/KNOWLEDGE/EXPERIENCE,5100,S,WESTERN AVE,923.0,,,,,,,2,NO INDICATION OF INJURY,0.0,0.0,0.0,0.0,0.0,6.0,0.0,13,4,11,41.8010528356,-87.6843676488,POINT (-87.684367648824 41.801052835623)
7db8a2044186b5a1dd842fb9a0a18eb8d953579d61db779fe0129d1de5363bdcbd579625e8bc3e9256d139d51e9cddcfd3ef1e855c10a1d39abd99e1565bed93,JE353191,,08/28/2021 02:20:00 PM,30,NO CONTROLS,NO CONTROLS,CLEAR,DAYLIGHT,REAR END,OTHER,,STRAIGHT AND LEVEL,DRY,NO DEFECTS,NOT ON SCENE (DESK REPORT),NO INJURY / DRIVE AWAY,,,,"OVER $1,500",08/28/2021 03:40:00 PM,UNABLE TO DETERMINE,UNABLE TO DETERMINE,3500,W,59TH ST,822.0,,,,,,,3,NO INDICATION OF INJURY,0.0,0.0,0.0,0.0,0.0,3.0,0.0,14,7,8,41.786241183,-87.7107777245,POINT (-87.71077772448 41.786241182984)
30d32a70cd37763b9a41317b7f6e0bf4bd83b2518c52fddf4670bca8082605e495c991864bc57cf56e64d3b9f6622173393e009cc32947250c009a8c47789033,JB529093,,11/26/2018 07:43:00 AM,30,LANE USE MARKING,FUNCTIONING PROPERLY,SNOW,DAYLIGHT,SIDESWIPE SAME DIRECTION,ONE-WAY,2.0,STRAIGHT AND LEVEL,SNOW OR SLUSH,NO DEFECTS,ON SCENE,NO INJURY / DRIVE AWAY,Y,,Y,"OVER $1,500",11/26/2018 07:47:00 AM,EXCEEDING SAFE SPEED FOR CONDITIONS,WEATHER,1134,W,WASHINGTON BLVD,1224.0,,,,,,,2,NO INDICATION OF INJURY,0.0,0.0,0.0,0.0,0.0,3.0,0.0,7,2,11,41.883108889,-87.6557124319,POINT (-87.655712431882 41.883108888956)
2a5b16880746cf4fe8fee4937f9073221e28c7110d42fea7c93a025bbda3c76ed7e098277f9a6e51f36867307b80a8e278354477f6989ea3254d5b17a35530fa,JC229204,,04/17/2019 06:45:00 PM,30,TRAFFIC SIGNAL,FUNCTIONING PROPERLY,CLEAR,DUSK,REAR END,ONE-WAY,1.0,STRAIGHT AND LEVEL,DRY,NO DEFECTS,NOT ON SCENE (DESK REPORT),NO INJURY / DRIVE AWAY,Y,,,"$501 - $1,500",04/18/2019 02:20:00 PM,EQUIPMENT - VEHICLE CONDITION,NOT APPLICABLE,2200,E,71ST ST,331.0,,,,,,,2,NO INDICATION OF INJURY,0.0,0.0,0.0,0.0,0.0,2.0,0.0,18,4,4,41.7663971404,-87.5713459354,POINT (-87.571345935413 41.766397140399)
1b9e4c6aee4f25d5cf75be0a8670ee3fed45e8ee0993fff42ef3b7b793563c579c56144f0b9025769b2cc93587e2247a6d137bf84499395e9f908250646fda31,JG223061,,04/14/2023 11:51:00 AM,30,TRAFFIC SIGNAL,FUNCTIONING PROPERLY,CLEAR,DAYLIGHT,TURNING,FOUR WAY,,STRAIGHT AND LEVEL,DRY,NO DEFECTS,ON SCENE,INJURY AND / OR TOW DUE TO CRASH,Y,,,"OVER $1,500",04/14/2023 11:55:00 AM,FAILING TO YIELD RIGHT-OF-WAY,IMPROPER TURNING/NO SIGNAL,3100,S,DR MARTIN LUTHER KING JR DR,211.0,,,,,,,2,NO INDICATION OF INJURY,0.0,0.0,0.0,0.0,0.0,2.0,0.0,11,6,4,41.8383269412,-87.6176126615,POINT (-87.617612661462 41.838326941218)
d1b336b87c885518c7472e13136a751d6adad1e9db62408b3e2dd183ed7afa770481dd4ee8383e8ce6e8b5259454947be20e8119ede97a2c0b75c0578ec6178a,JF149568,Y,02/18/2022 10:30:00 PM,30,NO CONTROLS,NO CONTROLS,SNOW,DAYLIGHT,PARKED MOTOR VEHICLE,UNKNOWN,,STRAIGHT AND LEVEL,SNOW OR SLUSH,NO DEFECTS,ON SCENE,NO INJURY / DRIVE AWAY,,,Y,"OVER $1,500",02/19/2022 02:10:00 PM,UNABLE TO DETERMINE,UNABLE TO DETERMINE,11445,S,PRAIRIE AVE,531.0,,,,,,,2,NO INDICATION OF INJURY,0.0,0.0,0.0,0.0,0.0,1.0,0.0,22,6,2,41.6858767861,-87.6166747516,POINT (-87.616674751606 41.685876786132)
c40c69fa8bed28d791a3581112ce0a1faa9af5ebe6ed429cdb2f0be7275a48f7922842f44e277b7ac3938b56de69bc7bccc048c4bf256a8ba42839e00b3b01a4,HZ554969,,12/16/2016 05:30:00 PM,30,NO CONTROLS,NO CONTROLS,SNOW,"DARKNESS, LIGHTED ROAD",TURNING,DIVIDED - W/MEDIAN (NOT RAISED),4.0,STRAIGHT AND LEVEL,SNOW OR SLUSH,NO DEFECTS,NOT ON SCENE (DESK REPORT),NO INJURY / DRIVE AWAY,,,,"OVER $1,500",12/17/2016 01:00:00 PM,FAILING TO YIELD RIGHT-OF-WAY,NOT APPLICABLE,5799,S,HARLEM AVE,811.0,,,,,,,2,NO INDICATION OF INJURY,0.0,0.0,0.0,0.0,0.0,2.0,0.0,17,6,12,41.7865669179,-87.8011504843,POINT (-87.801150484297 41.786566917917)
f5ae9f08c1467138f23332cd5fcc136a96d3eef8b55438c80a0e7e58ed2c05f19f8b252865babbd0a90314980c8eb87ab872f6d7a71d80149347daf687f4517a,JE448180,,11/17/2021 01:23:00 PM,30,TRAFFIC SIGNAL,FUNCTIONING PROPERLY,RAIN,DAYLIGHT,ANGLE,FOUR WAY,,STRAIGHT AND LEVEL,WET,NO DEFECTS,ON SCENE,INJURY AND / OR TOW DUE TO CRASH,Y,,,"OVER $1,500",11/17/2021 01:23:00 PM,FAILING TO YIELD RIGHT-OF-WAY,UNABLE TO DETERMINE,3801,W,MADISON ST,1122.0,,N,,,,,2,NO INDICATION OF INJURY,0.0,0.0,0.0,0.0,0.0,5.0,0.0,13,4,11,41.8806777938,-87.7208746769,POINT (-87.720874676885 41.880677793794)
00c9dada1e52d6e2394febf117c43e85ea0b315a4052ca2879dcf49aea7bfc9c1a5e5b9234441a3d0ea7d03cccff3e8b503b4771d5cf053576d266772ccc173f,JA455231,,10/02/2017 01:10:00 PM,30,NO CONTROLS,NO CONTROLS,CLEAR,DAYLIGHT,PEDALCYCLIST,ONE-WAY,3.0,STRAIGHT AND LEVEL,DRY,NO DEFECTS,ON SCENE,INJURY AND / OR TOW DUE TO CRASH,,,,$500 OR LESS,10/02/2017 01:14:00 PM,UNABLE TO DETERMINE,PHYSICAL CONDITION OF DRIVER,626,S,INDEPENDENCE BLVD,1133.0,,,,,,,2,INCAPACITATING INJURY,1.0,0.0,1.0,0.0,0.0,2.0,0.0,13,2,10,41.8726454871,-87.7204810231,POINT (-87.720481023069 41.872645487141)
8fa63158412609d82be82b34e52a5b3906ec9626d45f99cd975cc310672bbbc05341170fb7b5f438eb3100aada943e9f3e313a32a23f8b18f7bba4c9968827b2,JB474474,,10/13/2018 06:15:00 PM,30,NO CONTROLS,NO CONTROLS,CLEAR,DARKNESS,PARKED MOTOR VEHICLE,DRIVEWAY,1.0,STRAIGHT AND LEVEL,DRY,NO DEFECTS,NOT ON SCENE (DESK REPORT),NO INJURY / DRIVE AWAY,,,Y,"$501 - $1,500",10/13/2018 08:10:00 PM,UNABLE TO DETERMINE,NOT APPLICABLE,3770,N,HARLEM AVE,1631.0,,,,,,,2,NO INDICATION OF INJURY,0.0,0.0,0.0,0.0,0.0,1.0,0.0,18,7,10,41.9488048874,-87.8072780272,POINT (-87.807278027225 41.948804887431)
8ae213e89c500b0a3231d1c93e6629dc8dd75409d80022e84a63e31e32b1d68aa9e0a28e147c5de6f7392ea1c4a338745f06966b873ec8f33441d1f7819e2ca5,JB220858,,04/12/2018 10:45:00 AM,30,NO CONTROLS,NO CONTROLS,CLEAR,DAYLIGHT,REAR END,NOT DIVIDED,2.0,STRAIGHT AND LEVEL,DRY,NO DEFECTS,NOT ON SCENE (DESK REPORT),NO INJURY / DRIVE AWAY,,,,"OVER $1,500",04/12/2018 11:15:00 AM,NOT APPLICABLE,NOT APPLICABLE,2700,N,CICERO AVE,2521.0,,,,,,,2,NO INDICATION OF INJURY,0.0,0.0,0.0,0.0,0.0,2.0,0.0,10,5,4,41.9297611022,-87.7466679308,POINT (-87.746667930815 41.929761102155)
6f8cc36742f9069c14a795e2b93edccd50f4fea2385599441df6bdeef20d0a57fd0343496accda5aadbb7a3faa1b87ab38776d4e89495baac88288f24dcdf3dd,JF100736,,12/31/2021 10:53:00 PM,30,STOP SIGN/FLASHER,FUNCTIONING PROPERLY,CLEAR,"DARKNESS, LIGHTED ROAD",TURNING,NOT DIVIDED,,STRAIGHT AND LEVEL,DRY,NO DEFECTS,NOT ON SCENE (DESK REPORT),NO INJURY / DRIVE AWAY,Y,,,"OVER $1,500",01/01/2022 05:30:00 PM,DISREGARDING STOP SIGN,NOT APPLICABLE,2258,E,70TH ST,331.0,,,,,,,2,NO INDICATION OF INJURY,0.0,0.0,0.0,0.0,0.0,3.0,0.0,22,6,12,41.7681553228,-87.5699093792,POINT (-87.569909379243 41.76815532281)
d5a3e11fea976f6bbb6dfb025242705a35ca79d91318526f2e755150e73cce883493a0024a82f3ca37b96aa0440826726478ebdd5ebfba7fe02d81af64dd44f0,JA299409,,06/09/2017 01:18:00 PM,10,NO CONTROLS,NO CONTROLS,CLEAR,DAYLIGHT,PARKED MOTOR VEHICLE,PARKING LOT,,STRAIGHT AND LEVEL,DRY,NO DEFECTS,NOT ON SCENE (DESK REPORT),NO INJURY / DRIVE AWAY,,,Y,"$501 - $1,500",06/09/2017 01:45:00 PM,"VISION OBSCURED (SIGNS, TREE LIMBS, BUILDINGS, ETC.)",UNABLE TO DETERMINE,712,E,87TH ST,632.0,,,,,,,2,NO INDICATION OF INJURY,0.0,0.0,0.0,0.0,0.0,1.0,0.0,13,6,6,41.7367315482,-87.6067170277,POINT (-87.606717027714 41.736731548155)
fa9762abed353369aaaae48a7a4722c39a53cf909f5a124e121ede01076d69fd66ec15f37e5ff3fd5d134f9e1f980efb87a4616fe872a23d8bdac09c59438907,JD347640,,08/27/2020 08:45:00 PM,30,STOP SIGN/FLASHER,NO CONTROLS,CLEAR,"DARKNESS, LIGHTED ROAD",REAR END,ONE-WAY,,STRAIGHT AND LEVEL,DRY,NO DEFECTS,NOT ON SCENE (DESK REPORT),NO INJURY / DRIVE AWAY,,,Y,"$501 - $1,500",08/27/2020 11:20:00 PM,FOLLOWING TOO CLOSELY,NOT APPLICABLE,1259,N,MAYFIELD AVE,2531.0,,,,,,,3,NO INDICATION OF INJURY,0.0,0.0,0.0,0.0,0.0,3.0,0.0,20,5,8,41.9037593479,-87.7728460385,POINT (-87.772846038496 41.903759347865)
51935395e2e464eeab01127c1c19c13f68e50c834ae359e8e0c6c296006d9e0e125c06ff87ddc12ee98ea8f87c9d4cb03818036da974d9ccb5a17c00f6199d77,JF187255,,03/25/2022 05:30:00 PM,30,STOP SIGN/FLASHER,UNKNOWN,UNKNOWN,UNKNOWN,ANGLE,NOT DIVIDED,,STRAIGHT AND LEVEL,UNKNOWN,UNKNOWN,NOT ON SCENE (DESK REPORT),NO INJURY / DRIVE AWAY,,,Y,"OVER $1,500",03/26/2022 01:15:00 PM,FAILING TO YIELD RIGHT-OF-WAY,UNABLE TO DETERMINE,504,E,43RD ST,214.0,,,,,,,2,NO INDICATION OF INJURY,0.0,0.0,0.0,0.0,0.0,3.0,0.0,17,6,3,41.8167966287,-87.6138737244,POINT (-87.613873724384 41.816796628728)
248469d060ba028a11abc13c3b54b00dbe40212ce3b4695040506e5c1fd1a1a19d7510c3f4cfdeae6f6690ca2ef646f1d233080f5928aa603a28383cb1eadd4d,JC290378,Y,06/03/2019 03:00:00 AM,30,UNKNOWN,UNKNOWN,UNKNOWN,UNKNOWN,PARKED MOTOR VEHICLE,UNKNOWN,,STRAIGHT AND LEVEL,UNKNOWN,UNKNOWN,NOT ON SCENE (DESK REPORT),NO INJURY / DRIVE AWAY,,,Y,$500 OR LESS,06/03/2019 02:40:00 PM,UNABLE TO DETERMINE,UNABLE TO DETERMINE,6450,N,RIDGE BLVD,2412.0,,,,,,,2,NO INDICATION OF INJURY,0.0,0.0,0.0,0.0,0.0,1.0,0.0,3,2,6,41.9993075935,-87.6776104642,POINT (-87.677610464241 41.99930759346)
6ef62c8ba80663626c3f396d90dad504e42c8ec6c03456b9991f9e910abb4ff8b94d296ba7d312025ca35a05856d79aa80921adc5b28f1f948390bc44822079e,JF141187,,02/11/2022 01:00:00 PM,30,NO CONTROLS,NO CONTROLS,CLEAR,DAYLIGHT,REAR END,DIVIDED - W/MEDIAN (NOT RAISED),,STRAIGHT AND LEVEL,DRY,NO DEFECTS,NOT ON SCENE (DESK REPORT),NO INJURY / DRIVE AWAY,,,,"OVER $1,500",02/11/2022 01:25:00 PM,FOLLOWING TOO CLOSELY,UNABLE TO DETERMINE,1554,W,95TH ST,2221.0,,,,,,,2,NO INDICATION OF INJURY,0.0,0.0,0.0,0.0,0.0,2.0,0.0,13,6,2,41.7213269867,-87.6625336585,POINT (-87.66253365849 41.721326986728)
51e645b779530adfb1409daa2e46fbc5413c8e87be2659af235e46d83aa1ea4e6851639af7b135d7f442610bc4cd835903e4516ec50a08d2e79048bfb34ba538,JE303605,,07/16/2021 03:52:00 PM,30,TRAFFIC SIGNAL,FUNCTIONING PROPERLY,CLEAR,DAYLIGHT,PEDESTRIAN,NOT DIVIDED,,STRAIGHT AND LEVEL,DRY,NO DEFECTS,,INJURY AND / OR TOW DUE TO CRASH,Y,,Y,"OVER $1,500",07/16/2021 04:04:00 PM,UNABLE TO DETERMINE,UNABLE TO DETERMINE,200,W,31ST ST,914.0,,,,,,,2,NONINCAPACITATING INJURY,1.0,0.0,0.0,1.0,0.0,1.0,0.0,15,6,7,41.8383450002,-87.6317408727,POINT (-87.631740872716 41.838345000207)
60c8409f979359cd8ed770c5f39ae7247613167c3e1049989c26b854c12789ce7ef29bc0f641a57dcd23ccf42f43839f2f758a6e5cd09e7ccfddd4c415fa327c,JC378810,,08/04/2019 10:25:00 PM,30,TRAFFIC SIGNAL,UNKNOWN,CLEAR,"DARKNESS, LIGHTED ROAD",REAR END,DIVIDED - W/MEDIAN (NOT RAISED),,STRAIGHT AND LEVEL,DRY,UNKNOWN,NOT ON SCENE (DESK REPORT),INJURY AND / OR TOW DUE TO CRASH,,,Y,"OVER $1,500",08/04/2019 11:15:00 PM,UNABLE TO DETERMINE,UNABLE TO DETERMINE,7900,S,STONY ISLAND AVE,411.0,,,,,,,2,NONINCAPACITATING INJURY,1.0,0.0,0.0,1.0,0.0,1.0,0.0,22,1,8,41.7514606032,-87.585971993,POINT (-87.585971992965 41.751460603167)
e6b85e260d3a2a4a88c87690d1d3205f8488df45818bbb06f62cc36ed3fe39599dea00d97c9e26d758c9d5bdf409a5872b1098369bf6f3bc747038fc78117f52,JG325724,,05/26/2023 08:10:00 AM,25,NO CONTROLS,NO CONTROLS,CLEAR,DAYLIGHT,OTHER OBJECT,PARKING LOT,,STRAIGHT AND LEVEL,DRY,NO DEFECTS,NOT ON SCENE (DESK REPORT),NO INJURY / DRIVE AWAY,,Y,,"OVER $1,500",07/03/2023 11:00:00 AM,UNABLE TO DETERMINE,UNABLE TO DETERMINE,6903,S,MAY ST,733.0,,,,,,,1,NO INDICATION OF INJURY,0.0,0.0,0.0,0.0,0.0,1.0,0.0,8,6,5,41.7685670039,-87.652849078,POINT (-87.652849077958 41.768567003948)