CRASH_RECORD_ID,RD_NO,CRASH_DATE_EST_I,CRASH_DATE,POSTED_SPEED_LIMIT,TRAFFIC_CONTROL_DEVICE,DEVICE_CONDITION,WEATHER_CONDITION,LIGHTING_CONDITION,FIRST_CRASH_TYPE,TRAFFICWAY_TYPE,LANE_CNT,ALIGNMENT,ROADWAY_SURFACE_COND,ROAD_DEFECT,REPORT_TYPE,CRASH_TYPE,INTERSECTION_RELATED_I,NOT_RIGHT_OF_WAY_I,HIT_AND_RUN_I,DAMAGE,DATE_POLICE_NOTIFIED,PRIM_CONTRIBUTORY_CAUSE,SEC_CONTRIBUTORY_CAUSE,STREET_NO,STREET_DIRECTION,STREET_NAME,BEAT_OF_OCCURRENCE,PHOTOS_TAKEN_I,STATEMENTS_TAKEN_I,DOORING_I,WORK_ZONE_I,WORK_ZONE_TYPE,WORKERS_PRESENT_I,NUM_UNITS,MOST_SEVERE_INJURY,INJURIES_TOTAL,INJURIES_FATAL,INJURIES_INCAPACITATING,INJURIES_NON_INCAPACITATING,INJURIES_REPORTED_NOT_EVIDENT,INJURIES_NO_INDICATION,INJURIES_UNKNOWN,CRASH_HOUR,CRASH_DAY_OF_WEEK,CRASH_MONTH,LATITUDE,LONGITUDE,LOCATION
5cf2aab1035bad722e27f317f7a27551a7e5f8d7feceab3e8b5b0062c1497e002fcba30e98c57b615e657601b7f20af5550b1d040e727214baeae7e5464f94e8,JE465474,,12/03/2021 10:00:00 PM,20,STOP SIGN/FLASHER,FUNCTIONING PROPERLY,CLEAR,"DARKNESS, LIGHTED ROAD",PARKED MOTOR VEHICLE,NOT DIVIDED,,STRAIGHT AND LEVEL,DRY,UNKNOWN,ON SCENE,NO INJURY / DRIVE AWAY,,,Y,"OVER $1,500",12/03/2021 10:08:00 PM,UNABLE TO DETERMINE,UNABLE TO DETERMINE,7058,S,WOODLAWN AVE,321.0,,,,,,,3,NO INDICATION OF INJURY,0.0,0.0,0.0,0.0,0.0,1.0,0.0,22,6,12,41.7660779959,-87.595302963,POINT (-87.595302962982 41.76607799593)
99066e920eed5e02e00139ea121d7907c450482d0aa8c3832051f775a148f2806cf8a25a8ec188588c746520aacc6536923c877576b424c296303bbca5be3abb,HZ155504,Y,02/18/2016 07:05:00 AM,30,NO CONTROLS,NO CONTROLS,OTHER,DAYLIGHT,PARKED MOTOR VEHICLE,ONE-WAY,1.0,STRAIGHT AND LEVEL,ICE,NO DEFECTS,NOT ON SCENE (DESK REPORT),NO INJURY / DRIVE AWAY,,,Y,"$501 - $1,500",02/18/2016 07:45:00 AM,UNABLE TO DETERMINE,NOT APPLICABLE,9402,S,VERNON AVE,633.0,,,,,,,2,NO INDICATION OF INJURY,0.0,0.0,0.0,0.0,0.0,1.0,0.0,7,5,2,41.7235873841,-87.6131235907,POINT (-87.613123590665 41.723587384052)
35f7c9974d84c469b86aece5f09d656e2303cb61437df0da85370c4fd2e36e2c9ca0a76d7141ea4920dbdfba4f71917e359b05b00fa20b72217b1f4aa0e8a808,JE435068,,11/05/2021 04:00:00 PM,15,NO CONTROLS,NO CONTROLS,CLEAR,DAYLIGHT,REAR TO SIDE,PARKING LOT,,STRAIGHT AND LEVEL,DRY,SHOULDER DEFECT,NOT ON SCENE (DESK REPORT),NO INJURY / DRIVE AWAY,,Y,,"OVER $1,500",11/05/2021 04:25:00 PM,UNABLE TO DETERMINE,UNABLE TO DETERMINE,2373,S,ARCHER AVE,914.0,,,,,,,2,NO INDICATION OF INJURY,0.0,0.0,0.0,0.0,0.0,2.0,0.0,16,6,11,41.8493792152,-87.6410584022,POINT (-87.641058402238 41.849379215218)
3f97de252533cb5140d6ba4f3c13d4ee4b5f4ad627cc26b9cd2a1706e2d90373ffd876d08008996a864dac272d7fd96ffde726685e4e092bee5a1b12de5dfe26,JF345646,,08/05/2022 05:19:00 PM,30,NO CONTROLS,NO CONTROLS,CLEAR,DAYLIGHT,SIDESWIPE SAME DIRECTION,NOT DIVIDED,,STRAIGHT AND LEVEL,DRY,NO DEFECTS,ON SCENE,INJURY AND / OR TOW DUE TO CRASH,,,,"OVER $1,500",08/05/2022 06:01:00 PM,UNABLE TO DETERMINE,NOT APPLICABLE,2026,N,SHEFFIELD AVE,1811.0,,,,,,,2,NO INDICATION OF INJURY,0.0,0.0,0.0,0.0,0.0,2.0,0.0,17,6,8,41.9189262622,-87.653544185,POINT (-87.65354418499 41.918926262168)
6d770ee7713f4540e54d7dc1ae42a3a88fc4461eab294cf43f30985a682cddc1f6cb3c2a494b12db450c100d61694d3c2370f22cc27756c5799077276f97be82,JD314319,,07/29/2020 05:00:00 PM,30,NO CONTROLS,NO CONTROLS,UNKNOWN,DUSK,PARKED MOTOR VEHICLE,NOT DIVIDED,,STRAIGHT AND LEVEL,WET,UNKNOWN,ON SCENE,NO INJURY / DRIVE AWAY,,,,"$501 - $1,500",07/29/2020 05:45:00 PM,UNABLE TO DETERMINE,NOT APPLICABLE,3812,N,PINE GROVE AVE,1925.0,,,,,,,2,NO INDICATION OF INJURY,0.0,0.0,0.0,0.0,0.0,1.0,0.0,17,4,7,41.9520420277,-87.6480356858,POINT (-87.648035685823 41.952042027685)
3ee0cd97c2ecbcd4e2886ae4702ac0a8611a469eb67701b48bcb3545352fba21ac8fdf052d8f43bafadfc810204dcd262a30a9ef760b0a0f4b7c3ce666ffdff8,JB285003,,05/30/2018 09:35:00 AM,30,TRAFFIC SIGNAL,FUNCTIONING PROPERLY,CLEAR,DAYLIGHT,TURNING,NOT DIVIDED,,STRAIGHT AND LEVEL,DRY,NO DEFECTS,NOT ON SCENE (DESK REPORT),NO INJURY / DRIVE AWAY,,,,"OVER $1,500",05/30/2018 11:00:00 AM,IMPROPER TURNING/NO SIGNAL,IMPROPER TURNING/NO SIGNAL,5500,S,KEDZIE AVE,822.0,,,,,,,2,NO INDICATION OF INJURY,0.0,0.0,0.0,0.0,0.0,2.0,0.0,9,4,5,41.7934202368,-87.7036975085,POINT (-87.703697508454 41.793420236756)
a8777c4ea1b7e4296eeff27ba9395a20196c715fd8572e2ee07d4f193cf32f44494dce8ba86539b30a75d9fc1c3012b5d840400ef3694a8cf2059f56c5483acd,HZ147370,,02/10/2016 06:50:00 AM,35,TRAFFIC SIGNAL,FUNCTIONING PROPERLY,CLEAR,DUSK,REAR END,DIVIDED - W/MEDIAN (NOT RAISED),,STRAIGHT AND LEVEL,UNKNOWN,UNKNOWN,NOT ON SCENE (DESK REPORT),INJURY AND / OR TOW DUE TO CRASH,,,Y,"$501 - $1,500",02/10/2016 07:50:00 PM,FOLLOWING TOO CLOSELY,NOT APPLICABLE,1635,N,LA SALLE DR,1814.0,,,,,,,2,"REPORTED, NOT EVIDENT",1.0,0.0,0.0,0.0,1.0,1.0,0.0,6,4,2,41.9121764084,-87.6330104765,POINT (-87.633010476489 41.912176408442)
74d4f32b5a72e6f51bc270db1fcfb669a0570dd06f08fcfdb1dbe435f25a3e66ea661f75b5221b01ad1bfa9eef38ea467c41482900c7a0cba0e1539c67a338b4,JC221292,,04/12/2019 08:00:00 AM,30,NO CONTROLS,NO CONTROLS,CLEAR,DAYLIGHT,SIDESWIPE SAME DIRECTION,CENTER TURN LANE,1.0,STRAIGHT AND LEVEL,DRY,NO DEFECTS,ON SCENE,NO INJURY / DRIVE AWAY,,,,"OVER $1,500",04/12/2019 08:08:00 AM,IMPROPER LANE USAGE,IMPROPER LANE USAGE,3630,N,HALSTED ST,1923.0,,,,,,,2,NO INDICATION OF INJURY,0.0,0.0,0.0,0.0,0.0,3.0,0.0,8,6,4,41.9482404388,-87.64966196,POINT (-87.649661959994 41.948240438849)
f42ac527642eee3fb3c262497fcb3e83a9ab68133c8421369458fee136a1f23d7a00ddeb1173096bda21fb903937df11241b9c5ae5399bffc0ee5c57b8ec8f87,JG421572,Y,09/10/2023 03:15:00 AM,25,NO CONTROLS,NO CONTROLS,CLEAR,UNKNOWN,FIXED OBJECT,OTHER,,STRAIGHT ON GRADE,DRY,WORN SURFACE,NOT ON SCENE (DESK REPORT),NO INJURY / DRIVE AWAY,,N,Y,"OVER $1,500",09/10/2023 10:00:00 AM,UNABLE TO DETERMINE,UNABLE TO DETERMINE,5858,W,64TH PL,812.0,,,,,,,1,NO INDICATION OF INJURY,0.0,0.0,0.0,0.0,0.0,1.0,0.0,3,1,9,41.7752976581,-87.7688251638,POINT (-87.768825163782 41.775297658088)
3df631366a6bab2835890850d941a5080a6dee6e3f38370525c43b1ee681c9b15cd8f03cc39184be54bc2d588fa7b7cc104bf7e1a21394a32934be4bbb33496a,JE321684,,08/01/2021 01:47:00 AM,30,NO CONTROLS,NO CONTROLS,CLEAR,"DARKNESS, LIGHTED ROAD",TURNING,NOT DIVIDED,,STRAIGHT AND LEVEL,DRY,NO DEFECTS,ON SCENE,NO INJURY / DRIVE AWAY,,,,"OVER $1,500",08/01/2021 01:47:00 AM,IMPROPER TURNING/NO SIGNAL,NOT APPLICABLE,1205,S,CANAL ST,124.0,,,,,,,2,NO INDICATION OF INJURY,0.0,0.0,0.0,0.0,0.0,4.0,0.0,1,1,8,41.8670626041,-87.6390878316,POINT (-87.639087831647 41.867062604128)
834225c17e41f7d962085166ff544932a2bebb435f34b3001717c93f400a8b3dea4e0fc57410013762a1d608547bb0b00ba1cc77cc0a574d3b623edfddb47155,JG200780,,03/27/2023 11:34:00 AM,30,TRAFFIC SIGNAL,UNKNOWN,CLEAR,DAYLIGHT,PARKED MOTOR VEHICLE,ONE-WAY,,STRAIGHT AND LEVEL,DRY,NO DEFECTS,ON SCENE,NO INJURY / DRIVE AWAY,,,,"OVER $1,500",03/27/2023 11:38:00 AM,UNABLE TO DETERMINE,UNABLE TO DETERMINE,756,E,82ND ST,631.0,,,,,,,2,NO INDICATION OF INJURY,0.0,0.0,0.0,0.0,0.0,1.0,0.0,11,2,3,41.7459066135,-87.6052303374,POINT (-87.605230337428 41.745906613527)
040259ac9822fa452c214c94a7f3883b2e40748a7eb14be18f1b1e1336d522b325dd379fd6225e1171a9606b10cedc6ee47d59e758da25505cbf0f5126e01d0f,JC450752,,09/18/2019 08:10:00 AM,30,STOP SIGN/FLASHER,OTHER,CLEAR,DAYLIGHT,PARKED MOTOR VEHICLE,NOT DIVIDED,,STRAIGHT AND LEVEL,DRY,NO DEFECTS,NOT ON SCENE (DESK REPORT),NO INJURY / DRIVE AWAY,,,,"$501 - $1,500",09/27/2019 04:25:00 PM,UNABLE TO DETERMINE,IMPROPER OVERTAKING/PASSING,4376,N,CLAREMONT AVE,1911.0,,,,,,,2,NO INDICATION OF INJURY,0.0,0.0,0.0,0.0,0.0,2.0,0.0,8,4,9,41.9612359239,-87.6876137545,POINT (-87.687613754487 41.961235923872)
d1c2979cd68f13f032e33ae5d384793c7f5c06b395ac27925e43ee8c00d9e0f5ad99d4f04a87284895c5e9244fedb6a4535cde700046e39da6979da01e35e23e,JA163403,N,02/21/2017 07:30:00 PM,30,NO CONTROLS,NO CONTROLS,CLEAR,"DARKNESS, LIGHTED ROAD",PARKED MOTOR VEHICLE,NOT DIVIDED,2.0,STRAIGHT AND LEVEL,DRY,NO DEFECTS,NOT ON SCENE (DESK REPORT),NO INJURY / DRIVE AWAY,,,Y,"OVER $1,500",02/22/2017 03:38:00 PM,UNABLE TO DETERMINE,NOT APPLICABLE,2132,W,WABANSIA AVE,1434.0,,,,,,,2,NO INDICATION OF INJURY,0.0,0.0,0.0,0.0,0.0,1.0,0.0,19,3,2,41.9127846514,-87.6812256536,POINT (-87.681225653643 41.912784651406)
3ee1676c853cef3e79c0e1b52c0761c651fbf5991462eaa9f925e94e438cda07a68059281f2a5c78ed63b9a2070bcf4970c3b1e480b25545f91d36eb62a208d2,JA419299,,09/05/2017 09:15:00 AM,30,STOP SIGN/FLASHER,FUNCTIONING PROPERLY,CLEAR,DAYLIGHT,TURNING,DIVIDED - W/MEDIAN (NOT RAISED),,STRAIGHT AND LEVEL,DRY,NO DEFECTS,ON SCENE,NO INJURY / DRIVE AWAY,Y,,,"OVER $1,500",09/05/2017 09:25:00 AM,FAILING TO YIELD RIGHT-OF-WAY,NOT APPLICABLE,5806,S,ARCHER AVE,814.0,,,,,,,4,NO INDICATION OF INJURY,0.0,0.0,0.0,0.0,0.0,2.0,0.0,9,3,9,41.7963757724,-87.7588316614,POINT (-87.758831661442 41.796375772416)
63c9543ef2f09e6d701ff9aac2cd3fd3031e0b4ba3f9659d1f3d110e29267a3e16c0746d9b67dccb825a4c1f680b4c17fd2ab9b8905e7397e0bb6b3f386977f9,JC422448,,09/06/2019 01:30:00 PM,30,NO CONTROLS,NO CONTROLS,CLEAR,DAYLIGHT,TURNING,DIVIDED - W/MEDIAN (NOT RAISED),,STRAIGHT AND LEVEL,DRY,NO DEFECTS,NOT ON SCENE (DESK REPORT),NO INJURY / DRIVE AWAY,,,,"$501 - $1,500",09/06/2019 02:14:00 PM,IMPROPER OVERTAKING/PASSING,NOT APPLICABLE,5521,S,KEDZIE AVE,824.0,,,,,,,2,NO INDICATION OF INJURY,0.0,0.0,0.0,0.0,0.0,2.0,0.0,13,6,9,41.7928616696,-87.7033892581,POINT (-87.703389258136 41.792861669618)
2fae860fab895d8f9e9fb5a5d9aa2120093431f411886c840ac9ca57595cfcb574a35e5a9037f23eee15bd0168e91df9f1fbc568b542f9f25feae6b15b5a3833,HY428333,,09/18/2015 12:00:00 PM,30,TRAFFIC SIGNAL,FUNCTIONING PROPERLY,CLEAR,DAYLIGHT,REAR END,DIVIDED - W/MEDIAN (NOT RAISED),,STRAIGHT AND LEVEL,DRY,NO DEFECTS,NOT ON SCENE (DESK REPORT),NO INJURY / DRIVE AWAY,Y,,,"$501 - $1,500",09/18/2015 01:00:00 PM,FOLLOWING TOO CLOSELY,UNABLE TO DETERMINE,2954,W,IRVING PARK RD,1724.0,,,,,,,3,NO INDICATION OF INJURY,0.0,0.0,0.0,0.0,0.0,3.0,0.0,12,6,9,41.954060943,-87.7029110368,POINT (-87.702911036768 41.954060942963)
06868e7ad02bd1d58e1a5b26d8b8fd60faf63a1726d48f7d3a231d3c81cdc5f916adf1485a015fb29479329edbddd9b1b33482cfe1eea123c03ab12959c4b749,JD419015,,11/02/2020 08:45:00 PM,30,NO CONTROLS,NO CONTROLS,CLEAR,DUSK,SIDESWIPE SAME DIRECTION,NOT DIVIDED,,STRAIGHT AND LEVEL,DRY,NO DEFECTS,ON SCENE,NO INJURY / DRIVE AWAY,,,,"$501 - $1,500",11/02/2020 08:48:00 PM,IMPROPER OVERTAKING/PASSING,UNABLE TO DETERMINE,935,E,79TH ST,624.0,,,,,,,2,NO INDICATION OF INJURY,0.0,0.0,0.0,0.0,0.0,2.0,0.0,20,2,11,41.7512179339,-87.6014014102,POINT (-87.601401410211 41.751217933946)
3b30f5ef7fe8d1b4314d80368f3be80e6237cb83004b20cb4edd8d6d6f5d53023e5025066194b0d649d8de7682f62219cdc4b3363a29b67ea583de882d7c04ff,JG327874,,07/03/2023 04:00:00 AM,30,TRAFFIC SIGNAL,FUNCTIONING PROPERLY,CLEAR,DAYLIGHT,REAR TO FRONT,FOUR WAY,,STRAIGHT AND LEVEL,DRY,NO DEFECTS,NOT ON SCENE (DESK REPORT),NO INJURY / DRIVE AWAY,N,,Y,"OVER $1,500",07/04/2023 11:29:00 PM,IMPROPER BACKING,NOT APPLICABLE,420,N,CLARK ST,1831.0,,,,,,,2,NO INDICATION OF INJURY,0.0,0.0,0.0,0.0,0.0,2.0,0.0,4,2,7,41.889977687,-87.6312270834,POINT (-87.631227083419 41.88997768697)
91744a059af5071773a919104f62e66f0dfeb0fe4c71f607955a757ed6aa30dd7e2afa502392a287bc173a5c8f6812d9ae4f7951689522592553dc5060d16b08,JG147389,,02/10/2023 10:45:00 AM,25,STOP SIGN/FLASHER,NO CONTROLS,CLEAR,DAYLIGHT,TURNING,T-INTERSECTION,,STRAIGHT AND LEVEL,DRY,NO DEFECTS,ON SCENE,NO INJURY / DRIVE AWAY,Y,,,"$501 - $1,500",02/10/2023 10:45:00 AM,UNABLE TO DETERMINE,UNABLE TO DETERMINE,5101,S,HARPER AVE,234.0,,,,,,,2,NO INDICATION OF INJURY,0.0,0.0,0.0,0.0,0.0,2.0,0.0,10,6,2,41.8023844851,-87.5890065673,POINT (-87.589006567333 41.802384485132)
a37bde5718818bff4f98aae4b4dcbcb04f893c9594f32d60c3c3641c433ff32403fdb042e3ec9924b9607d8cb1234867e7f12ce129e0ee7a8116678b16b091a4,HZ454048,,09/29/2016 07:45:00 AM,30,STOP SIGN/FLASHER,FUNCTIONING PROPERLY,RAIN,DAYLIGHT,REAR END,NOT DIVIDED,4.0,STRAIGHT AND LEVEL,DRY,UNKNOWN,NOT ON SCENE (DESK REPORT),NO INJURY / DRIVE AWAY,,,,"$501 - $1,500",09/29/2016 08:00:00 AM,UNABLE TO DETERMINE,NOT APPLICABLE,11001,S,VINCENNES AVE,2234.0,,,,,,,2,NO INDICATION OF INJURY,0.0,0.0,0.0,0.0,0.0,3.0,0.0,7,5,9,41.6937468224,-87.662029457,POINT (-87.662029456982 41.693746822407)
ebdc35108d009c24ab2add84b1d5514ad1097dc7c09fd66b450353fe3131171920b7a2d24922c0da4ea1dfd978292fabbf50fbbab8f6699addb9d7f2e02f6566,JD306596,,07/20/2020 07:25:00 PM,30,TRAFFIC SIGNAL,FUNCTIONING PROPERLY,CLEAR,DAWN,REAR END,DIVIDED - W/MEDIAN (NOT RAISED),,STRAIGHT AND LEVEL,DRY,NO DEFECTS,NOT ON SCENE (DESK REPORT),NO INJURY / DRIVE AWAY,,,,"OVER $1,500",07/22/2020 09:00:00 PM,UNABLE TO DETERMINE,UNABLE TO DETERMINE,4887,N,BROADWAY,2033.0,,,,,,,2,NO INDICATION OF INJURY,0.0,0.0,0.0,0.0,0.0,3.0,0.0,19,2,7,41.9713547394,-87.6595857318,POINT (-87.659585731797 41.971354739359)
0a24b941e9913c7d792d245190a5bccf990d7e16d8b51131c13e4f7bf0288c0f6e55511ce4057959971eb5e90871a78274c0bfc808fb8c9320b56921d9dfc335,JA466722,,10/11/2017 07:45:00 AM,30,TRAFFIC SIGNAL,FUNCTIONING PROPERLY,RAIN,DAYLIGHT,REAR END,DIVIDED - W/MEDIAN BARRIER,,STRAIGHT AND LEVEL,WET,NO DEFECTS,ON SCENE,NO INJURY / DRIVE AWAY,Y,,,"$501 - $1,500",10/11/2017 07:53:00 AM,FAILING TO REDUCE SPEED TO AVOID CRASH,WEATHER,7500,S,STONY ISLAND AVE,411.0,,,,,,,2,NO INDICATION OF INJURY,0.0,0.0,0.0,0.0,0.0,2.0,0.0,7,4,10,41.7587154667,-87.5862809648,POINT (-87.586280964844 41.758715466706)
2fc39e76e59688e8571fdba78082bcb812fcfa0188da9edec725a62e07175bea23bffd996d8a65ea3ecd97e882e289a4e8c76bdebdaaad085e4058cf1783a1ff,JC166284,,02/26/2019 10:00:00 AM,30,TRAFFIC SIGNAL,FUNCTIONING PROPERLY,CLEAR,DAYLIGHT,SIDESWIPE SAME DIRECTION,NOT DIVIDED,2.0,STRAIGHT AND LEVEL,DRY,NO DEFECTS,NOT ON SCENE (DESK REPORT),NO INJURY / DRIVE AWAY,,,,"OVER $1,500",02/26/2019 11:16:00 AM,FAILING TO REDUCE SPEED TO AVOID CRASH,NOT APPLICABLE,499,W,HARRISON ST,124.0,,,,,,,2,NO INDICATION OF INJURY,0.0,0.0,0.0,0.0,0.0,2.0,0.0,10,3,2,41.8742974252,-87.639409628,POINT (-87.639409628044 41.874297425231)
0398eda6b68ebfa5752aa0129212708b958d7848c7439cfe912fdb05cc58ca3ec8b0c0e7d9c12b00c37f3308b5e947122a944bbd4a8a982163c469704c68c34d,JB300499,,06/10/2018 01:38:00 AM,30,NO CONTROLS,NO CONTROLS,CLEAR,DARKNESS,PARKED MOTOR VEHICLE,ONE-WAY,4.0,STRAIGHT AND LEVEL,DRY,UNKNOWN,NOT ON SCENE (DESK REPORT),NO INJURY / DRIVE AWAY,,,,"OVER $1,500",06/10/2018 02:45:00 AM,IMPROPER TURNING/NO SIGNAL,IMPROPER TURNING/NO SIGNAL,180,E,PEARSON ST,1833.0,,,,,,,2,NO INDICATION OF INJURY,0.0,0.0,0.0,0.0,0.0,2.0,0.0,1,1,6,41.8977127209,-87.6226694442,POINT (-87.622669444192 41.897712720874)
b31ad8e34914e1f66270d51eaa48afba90b66f87a749c99c39f562e15c5b4b202027f824e0608ab01ba01d1476beddf47ab87dcdc2da6a064de0cd25c8a22c31,JG448723,,10/03/2023 08:50:00 AM,30,NO CONTROLS,UNKNOWN,CLEAR,DAYLIGHT,OTHER NONCOLLISION,NOT DIVIDED,,STRAIGHT AND LEVEL,DRY,NO DEFECTS,ON SCENE,INJURY AND / OR TOW DUE TO CRASH,,,,"$501 - $1,500",10/03/2023 09:00:00 AM,EQUIPMENT - VEHICLE CONDITION,EQUIPMENT - VEHICLE CONDITION,2501,W,FULLERTON AVE,1431.0,,,,,,,1,NO INDICATION OF INJURY,0.0,0.0,0.0,0.0,0.0,1.0,0.0,8,3,10,41.9247667979,-87.6901441858,POINT (-87.690144185809 41.924766797856)
b165003c15328ad26f2caba5d116f0211c2a5c64f1fbf70551701d1b76cc0db7a85269a3cf8dff53a4261f9db6821d66cc134118ac5644ad14a64e71dca3829a,JA178743,,03/07/2017 06:30:00 PM,30,TRAFFIC SIGNAL,FUNCTIONING PROPERLY,CLEAR,"DARKNESS, LIGHTED ROAD",TURNING,DIVIDED - W/MEDIAN (NOT RAISED),2.0,STRAIGHT AND LEVEL,DRY,NO DEFECTS,NOT ON SCENE (DESK REPORT),NO INJURY / DRIVE AWAY,,,,"$501 - $1,500",03/07/2017 06:50:00 PM,FAILING TO YIELD RIGHT-OF-WAY,UNABLE TO DETERMINE,6402,N,CLARK ST,2432.0,Y,,,,,,2,NO INDICATION OF INJURY,0.0,0.0,0.0,0.0,0.0,2.0,0.0,18,3,3,41.9981442119,-87.6707676534,POINT (-87.670767653381 41.998144211867)
0c76fd07a0f41b6f346a40d48818b148e488caee4d22788ef17ccb49c1d12992a5b0b0f2fd3ee70d508e333f5185bd933739fbd4ec8815bff846739ee194444d,JD278373,,06/26/2020 03:14:00 PM,30,TRAFFIC SIGNAL,FUNCTIONING PROPERLY,CLOUDY/OVERCAST,DAYLIGHT,REAR END,DIVIDED - W/MEDIAN BARRIER,,STRAIGHT AND LEVEL,DRY,NO DEFECTS,NOT ON SCENE (DESK REPORT),INJURY AND / OR TOW DUE TO CRASH,Y,,Y,"$501 - $1,500",06/27/2020 08:00:00 PM,FAILING TO REDUCE SPEED TO AVOID CRASH,UNABLE TO DETERMINE,87,W,87TH ST,634.0,,,,,,,2,"REPORTED, NOT EVIDENT",1.0,0.0,0.0,0.0,1.0,2.0,0.0,15,6,6,41.7361451282,-87.626917844,POINT (-87.626917843973 41.736145128237)
68e998d4a64d6cfb51a38c11bbfcd436e26cf63d1c9ee605357bf8b7520e3d1aafb333792e95b87cc1bb53dacad3e49a37b36e11907bf0faf69099d19329d15e,JC305802,,06/14/2019 09:50:00 AM,30,NO CONTROLS,NO CONTROLS,CLEAR,DAYLIGHT,REAR END,DIVIDED - W/MEDIAN (NOT RAISED),,STRAIGHT AND LEVEL,DRY,NO DEFECTS,ON SCENE,INJURY AND / OR TOW DUE TO CRASH,,,,"$501 - $1,500",06/14/2019 10:13:00 AM,FAILING TO REDUCE SPEED TO AVOID CRASH,NOT APPLICABLE,105,E,87TH ST,632.0,,,,,,,2,NO INDICATION OF INJURY,0.0,0.0,0.0,0.0,0.0,3.0,0.0,9,6,6,41.7362999882,-87.6207272243,POINT (-87.620727224289 41.736299988224)
bafa5f5ebedc9835a79a4da192198d0728e32b9a7a5a8d88096be9fe33bb1fa1f2b0478cd67985591fe85a32748421f9f402bf93d229d73bb0cd2a2c6dbb6ead,JB282258,,05/28/2018 12:45:00 PM,35,NO CONTROLS,NO CONTROLS,CLEAR,DAYLIGHT,TURNING,PARKING LOT,,STRAIGHT AND LEVEL,DRY,NO DEFECTS,NOT ON SCENE (DESK REPORT),NO INJURY / DRIVE AWAY,,,,$500 OR LESS,05/28/2018 01:45:00 PM,IMPROPER BACKING,NOT APPLICABLE,200,E,103RD ST,511.0,,,,,,,2,NO INDICATION OF INJURY,0.0,0.0,0.0,0.0,0.0,2.0,0.0,12,2,5,41.7073495903,-87.6185847616,POINT (-87.618584761621 41.707349590259)
f369a128d2611c2fd17abfdcec6ad2bef18fb1b5bc4f5f4e82998b75f7f2f0cc92570cb9c39950f34147f6df174d1c17db682ae86e1e34ea302137188905f724,JB341609,,07/09/2018 01:50:00 AM,30,NO CONTROLS,NO CONTROLS,CLEAR,DARKNESS,HEAD ON,NOT DIVIDED,2.0,STRAIGHT AND LEVEL,DRY,NO DEFECTS,ON SCENE,INJURY AND / OR TOW DUE TO CRASH,,,,"OVER $1,500",07/09/2018 01:51:00 AM,UNABLE TO DETERMINE,UNABLE TO DETERMINE,6117,S,WOOD ST,714.0,,,,,,,2,NO INDICATION OF INJURY,0.0,0.0,0.0,0.0,0.0,3.0,0.0,1,2,7,41.7825062987,-87.6689966115,POINT (-87.668996611541 41.782506298655)
849bcbaf330348605e160bc9339d17a0fc06aced964d538d5450109093c96fda6984618bf55ecafb372812d3e82778c3f35fc52b42d2b3eafaf01a0b4c42606f,JB501470,,11/03/2018 03:50:00 AM,30,NO CONTROLS,NO CONTROLS,CLEAR,"DARKNESS, LIGHTED ROAD",SIDESWIPE SAME DIRECTION,NOT DIVIDED,4.0,STRAIGHT AND LEVEL,DRY,NO DEFECTS,ON SCENE,NO INJURY / DRIVE AWAY,,,,"OVER $1,500",11/03/2018 04:01:00 AM,DRIVING SKILLS/KNOWLEDGE/EXPERIENCE,UNABLE TO DETERMINE,3541,N,ASHLAND AVE,1922.0,,,,,,,2,NO INDICATION OF INJURY,0.0,0.0,0.0,0.0,0.0,2.0,0.0,3,7,11,41.9463911589,-87.668698348,POINT (-87.668698348011 41.946391158924)
133ade094deffc14e9e7f8c22dd29a6c485868905a6113fe732eb64f75c34f1a552cace89b7f65a0811e858c00d82ffad7b1c0346d8578f0b0485e61f1d3f51f,JE221288,,05/06/2021 08:30:00 AM,30,TRAFFIC SIGNAL,FUNCTIONING PROPERLY,RAIN,DAYLIGHT,REAR END,FOUR WAY,,STRAIGHT AND LEVEL,WET,NO DEFECTS,,INJURY AND / OR TOW DUE TO CRASH,Y,,Y,"OVER $1,500",05/06/2021 08:40:00 AM,FOLLOWING TOO CLOSELY,WEATHER,2758,W,26TH ST,1034.0,,,,,,,2,NONINCAPACITATING INJURY,1.0,0.0,0.0,1.0,0.0,1.0,0.0,8,5,5,41.844805722,-87.6950680645,POINT (-87.695068064528 41.844805722032)
a71a8cd8a8dca68f1a0b430d60d2a64973e91415552f4e32f0dce024de67a5a33519ffd88890e5235dd2b95f3ed301f0313fe98ef7d547a290398caeb2fefbad,JF367816,,08/23/2022 05:10:00 PM,30,TRAFFIC SIGNAL,UNKNOWN,UNKNOWN,UNKNOWN,TURNING,"FIVE POINT, OR MORE",,STRAIGHT AND LEVEL,UNKNOWN,UNKNOWN,NOT ON SCENE (DESK REPORT),NO INJURY / DRIVE AWAY,Y,,,"OVER $1,500",08/23/2022 07:00:00 PM,UNABLE TO DETERMINE,UNABLE TO DETERMINE,2800,N,WESTERN AVE,1411.0,,,,,,,2,NO INDICATION OF INJURY,0.0,0.0,0.0,0.0,0.0,2.0,0.0,17,3,8,41.9322169879,-87.6880332809,POINT (-87.688033280895 41.932216987947)