CRASH_RECORD_ID,RD_NO,CRASH_DATE_EST_I,CRASH_DATE,POSTED_SPEED_LIMIT,TRAFFIC_CONTROL_DEVICE,DEVICE_CONDITION,WEATHER_CONDITION,LIGHTING_CONDITION,FIRST_CRASH_TYPE,TRAFFICWAY_TYPE,LANE_CNT,ALIGNMENT,ROADWAY_SURFACE_COND,ROAD_DEFECT,REPORT_TYPE,CRASH_TYPE,INTERSECTION_RELATED_I,NOT_RIGHT_OF_WAY_I,HIT_AND_RUN_I,DAMAGE,DATE_POLICE_NOTIFIED,PRIM_CONTRIBUTORY_CAUSE,SEC_CONTRIBUTORY_CAUSE,STREET_NO,STREET_DIRECTION,STREET_NAME,BEAT_OF_OCCURRENCE,PHOTOS_TAKEN_I,STATEMENTS_TAKEN_I,DOORING_I,WORK_ZONE_I,WORK_ZONE_TYPE,WORKERS_PRESENT_I,NUM_UNITS,MOST_SEVERE_INJURY,INJURIES_TOTAL,INJURIES_FATAL,INJURIES_INCAPACITATING,INJURIES_NON_INCAPACITATING,INJURIES_REPORTED_NOT_EVIDENT,INJURIES_NO_INDICATION,INJURIES_UNKNOWN,CRASH_HOUR,CRASH_DAY_OF_WEEK,CRASH_MONTH,LATITUDE,LONGITUDE,LOCATION
646178066982752a62d05fbe18cdee5eec018894f1d50a9337103e32809aedab5ddd99d8cdaf468c8de9358584f7cca6a09741a838febb870b05881fda014736,JF477804,,11/17/2022 09:15:00 AM,20,NO CONTROLS,NO CONTROLS,CLOUDY/OVERCAST,DAYLIGHT,FIXED OBJECT,RAMP,,STRAIGHT ON HILLCREST,DRY,NO DEFECTS,ON SCENE,NO INJURY / DRIVE AWAY,,,,"OVER $1,500",11/17/2022 09:23:00 AM,DISREGARDING OTHER TRAFFIC SIGNS,NOT APPLICABLE,5801,S,KILPATRICK AVE,813.0,,,,,,,1,NO INDICATION OF INJURY,0.0,0.0,0.0,0.0,0.0,1.0,0.0,9,5,11,41.7875441759,-87.7393979038,POINT (-87.739397903805 41.787544175922)
15d0807638e515854870bdc238feebc4ab4b729981eec23dbd3a494ecae55fac0af78d71883908d8c713ad5ccba11d3e755c2911d97ad879cf4409b37f544ea7,JF208027,,04/14/2022 01:00:00 PM,25,NO CONTROLS,NO CONTROLS,CLEAR,DAYLIGHT,REAR END,NOT DIVIDED,,STRAIGHT AND LEVEL,DRY,UNKNOWN,NOT ON SCENE (DESK REPORT),NO INJURY / DRIVE AWAY,,,,$500 OR LESS,04/14/2022 06:00:00 PM,UNABLE TO DETERMINE,NOT APPLICABLE,5472,N,HARLEM AVE,1613.0,,,,,,,2,NO INDICATION OF INJURY,0.0,0.0,0.0,0.0,0.0,2.0,0.0,13,5,4,41.9803417191,-87.8071247151,POINT (-87.80712471507 41.980341719074)
5c70391531801221936773c08d243325ad436c9d3ff4924a6efb8038ba1787e5e6ae207d508ec85663985b9abf65c7bb36200ba32acc9f0d4c6cebdeebb24e0f,JA543436,N,12/08/2017 10:00:00 PM,30,TRAFFIC SIGNAL,FUNCTIONING PROPERLY,CLEAR,"DARKNESS, LIGHTED ROAD",TURNING,DIVIDED - W/MEDIAN (NOT RAISED),2.0,STRAIGHT AND LEVEL,DRY,UNKNOWN,ON SCENE,INJURY AND / OR TOW DUE TO CRASH,Y,,,"OVER $1,500",12/09/2017 10:21:00 PM,IMPROPER TURNING/NO SIGNAL,UNABLE TO DETERMINE,3000,W,59TH ST,824.0,,,,,,,2,NONINCAPACITATING INJURY,1.0,0.0,0.0,1.0,0.0,1.0,0.0,22,6,12,41.7864359925,-87.6985363097,POINT (-87.698536309662 41.786435992467)
1cfbe3433a9be993f8debae4f5209350bb7b5468243b7e2c65233662673ed2b3940eb4cb856327671f3712947cd0b95b57cea38db215540a58656ae683fe374a,JG369687,,08/04/2023 08:00:00 PM,30,UNKNOWN,UNKNOWN,UNKNOWN,UNKNOWN,ANGLE,NOT DIVIDED,,STRAIGHT AND LEVEL,UNKNOWN,UNKNOWN,NOT ON SCENE (DESK REPORT),NO INJURY / DRIVE AWAY,,,,"OVER $1,500",08/04/2023 08:15:00 PM,UNABLE TO DETERMINE,UNABLE TO DETERMINE,1258,N,LA SALLE DR,1821.0,,,,,,,2,NO INDICATION OF INJURY,0.0,0.0,0.0,0.0,0.0,2.0,0.0,20,6,8,41.9055501461,-87.6331258402,POINT (-87.633125840233 41.905550146063)
3feff4a5dd1df9c5f70b6e78b22592dd676a0c90dbf7c4cbca3ac892fa7b619675227c0f58c9a5a7dd725a01d8d3b413f897c3531d68a116d921c8b4d9bb6765,JB176824,,03/07/2018 10:30:00 AM,30,NO CONTROLS,NO CONTROLS,CLEAR,DAYLIGHT,SIDESWIPE SAME DIRECTION,NOT DIVIDED,,STRAIGHT AND LEVEL,DRY,NO DEFECTS,NOT ON SCENE (DESK REPORT),NO INJURY / DRIVE AWAY,,,,"$501 - $1,500",03/07/2018 11:30:00 AM,DRIVING SKILLS/KNOWLEDGE/EXPERIENCE,UNABLE TO DETERMINE,1863,S,WABASH AVE,131.0,,,,,,,2,NO INDICATION OF INJURY,0.0,0.0,0.0,0.0,0.0,2.0,0.0,10,4,3,41.8566397381,-87.6254374538,POINT (-87.625437453789 41.856639738149)
ff4f8426b562ed9321f712b2b752d387213187bab6339d7a003a182f745beb599f2aa57b5abb4875ca75d10a17d42c8027129a6ebbb0626dc4e8cf60d4f81acd,JE421268,Y,10/24/2021 10:00:00 PM,15,NO CONTROLS,NO CONTROLS,RAIN,UNKNOWN,PARKED MOTOR VEHICLE,PARKING LOT,,STRAIGHT AND LEVEL,WET,UNKNOWN,NOT ON SCENE (DESK REPORT),NO INJURY / DRIVE AWAY,,Y,N,"$501 - $1,500",10/24/2021 11:20:00 PM,UNABLE TO DETERMINE,NOT APPLICABLE,6300,N,RIDGE AVE,2413.0,,,,,,,2,NO INDICATION OF INJURY,0.0,0.0,0.0,0.0,0.0,1.0,0.0,22,1,10,41.995579197,-87.675876884,POINT (-87.675876883986 41.995579196996)
9152e0dbdb8309be9bc7b155cbc3fd1cd3ea47de25d8a0f15fe52a0fa70e8a459f0767b7269afeea26a7a1504d396a16b5ad60435c634b739fdaae81351d8f46,JB460573,,10/03/2018 08:05:00 AM,35,STOP SIGN/FLASHER,FUNCTIONING PROPERLY,CLEAR,DAYLIGHT,ANGLE,OTHER,5.0,STRAIGHT ON GRADE,DRY,NO DEFECTS,NOT ON SCENE (DESK REPORT),NO INJURY / DRIVE AWAY,Y,,,"OVER $1,500",10/03/2018 08:45:00 AM,UNABLE TO DETERMINE,UNABLE TO DETERMINE,2059,W,TOUHY AVE,2424.0,,,,,,,2,NO INDICATION OF INJURY,0.0,0.0,0.0,0.0,0.0,2.0,0.0,8,4,10,42.0123939471,-87.6822400032,POINT (-87.68224000321 42.012393947051)
a87a3fbef3707c699aa323d9e7a629cd2bf4151435d39c6f7656da97d9f23034ce4f0b04b5c59081c38f8db5b92aeffabb51d955b2831f23228ef8d0119e105c,JE186267,Y,04/01/2021 01:06:00 PM,25,NO CONTROLS,NO CONTROLS,CLEAR,DAYLIGHT,SIDESWIPE SAME DIRECTION,NOT DIVIDED,,STRAIGHT AND LEVEL,DRY,NO DEFECTS,NOT ON SCENE (DESK REPORT),NO INJURY / DRIVE AWAY,,,,"OVER $1,500",04/01/2021 02:00:00 PM,UNABLE TO DETERMINE,IMPROPER LANE USAGE,1158,E,47TH ST,222.0,,,,,,,2,NO INDICATION OF INJURY,0.0,0.0,0.0,0.0,0.0,2.0,0.0,13,5,4,41.8097503336,-87.5969555534,POINT (-87.596955553433 41.809750333565)
34cf511484c461fcea7fdabdd7f84ee54fded42eb239ee4cffa49e43d0abf49e93a30d7bcc773661c4551e5ff530943fbd4e3b9c5d49e8652bce1948f298518a,JD105962,,01/06/2020 10:45:00 AM,30,TRAFFIC SIGNAL,FUNCTIONING PROPERLY,CLEAR,DAYLIGHT,TURNING,NOT DIVIDED,,STRAIGHT AND LEVEL,DRY,NO DEFECTS,,NO INJURY / DRIVE AWAY,,,,"OVER $1,500",01/06/2020 11:00:00 AM,IMPROPER OVERTAKING/PASSING,FOLLOWING TOO CLOSELY,4001,W,OGDEN AVE,1013.0,,,,,,,2,NO INDICATION OF INJURY,0.0,0.0,0.0,0.0,0.0,2.0,0.0,10,2,1,41.8509579594,-87.7247752232,POINT (-87.724775223225 41.850957959368)
29823b6baad0c14cbbdc940cda1f44078cbe14aa729073d20fdff19ba08cc0c8e32c07b795b99174301cae72805646416c80b150bf16f9dc2db24964fcdd2893,JE313613,,07/25/2021 12:30:00 PM,25,NO CONTROLS,NO CONTROLS,CLEAR,DAYLIGHT,REAR END,NOT DIVIDED,,STRAIGHT AND LEVEL,DRY,NO DEFECTS,ON SCENE,NO INJURY / DRIVE AWAY,,,,"OVER $1,500",07/25/2021 12:37:00 PM,FOLLOWING TOO CLOSELY,UNABLE TO DETERMINE,578,W,MONTROSE DR,1914.0,,,,,,,2,NO INDICATION OF INJURY,0.0,0.0,0.0,0.0,0.0,2.0,0.0,12,1,7,41.9622454598,-87.6451198299,POINT (-87.645119829949 41.962245459796)
9c4cef712ff0f0ba59dc5f6e74d1c7d88bf21060812b78f30e1784d7c2880b8ba7a09e07a6570a2da99aad90ea7a7556ee106772233e1eb6bdc2a0b3ba4eb4bb,JC254210,,05/07/2019 11:13:00 PM,30,UNKNOWN,FUNCTIONING PROPERLY,CLEAR,"DARKNESS, LIGHTED ROAD",PEDALCYCLIST,DIVIDED - W/MEDIAN (NOT RAISED),,STRAIGHT AND LEVEL,DRY,UNKNOWN,ON SCENE,INJURY AND / OR TOW DUE TO CRASH,,,,$500 OR LESS,05/07/2019 11:19:00 PM,UNABLE TO DETERMINE,NOT APPLICABLE,30,W,87TH ST,622.0,,,N,,,,2,"REPORTED, NOT EVIDENT",1.0,0.0,0.0,0.0,1.0,1.0,0.0,23,3,5,41.7363760366,-87.6256213109,POINT (-87.625621310926 41.736376036605)
7c129034746b221a8a2b3becdf0a76b4d1ad051ecd9b95dac776e3da849b540c32d4f70ba6108a7ad0bf02c20a2bd745f0744fe8e848ecd6843477a7007f1027,JD139967,,02/04/2020 03:35:00 PM,30,NO CONTROLS,NO CONTROLS,CLEAR,DAYLIGHT,ANGLE,ONE-WAY,,STRAIGHT AND LEVEL,DRY,NO DEFECTS,ON SCENE,INJURY AND / OR TOW DUE TO CRASH,,,,"OVER $1,500",02/04/2020 03:42:00 PM,UNABLE TO DETERMINE,UNABLE TO DETERMINE,4014,W,21ST ST,1012.0,,,,,,,2,NO INDICATION OF INJURY,0.0,0.0,0.0,0.0,0.0,2.0,0.0,15,3,2,41.8535969683,-87.72545876,POINT (-87.725458759955 41.853596968262)
39d87f76853173748ce5ec3737260a19bdd8521d27c4ccc7fe7cbcb9eda708ecccec6b283ee5dda398f9974bbd71ad44b49c3f8ef3bd7ca940c1ef440187cf26,JE459571,,11/28/2021 06:13:00 PM,30,TRAFFIC SIGNAL,FUNCTIONING PROPERLY,CLEAR,"DARKNESS, LIGHTED ROAD",ANGLE,NOT DIVIDED,,STRAIGHT AND LEVEL,DRY,NO DEFECTS,ON SCENE,NO INJURY / DRIVE AWAY,Y,,,"OVER $1,500",11/28/2021 06:15:00 PM,FAILING TO YIELD RIGHT-OF-WAY,NOT APPLICABLE,2403,W,NORTH AVE,1423.0,,,,,,,2,NO INDICATION OF INJURY,0.0,0.0,0.0,0.0,0.0,2.0,0.0,18,1,11,41.9102093141,-87.6873639434,POINT (-87.687363943429 41.91020931407)
84d531f0b11d6a64635ce067575e754bf280ee942c4f4d48fe347e085eae7d07029b6e83f5abee5fa183f6979008e1de5e4e0dbbe2ad60513d9d4003ce911eae,JC451035,Y,09/27/2019 07:15:00 PM,10,NO CONTROLS,NO CONTROLS,RAIN,"DARKNESS, LIGHTED ROAD",PARKED MOTOR VEHICLE,OTHER,,STRAIGHT AND LEVEL,WET,NO DEFECTS,ON SCENE,NO INJURY / DRIVE AWAY,,,Y,"OVER $1,500",09/27/2019 07:25:00 PM,UNABLE TO DETERMINE,"OPERATING VEHICLE IN ERRATIC, RECKLESS, CARELESS, NEGLIGENT OR AGGRESSIVE MANNER",7601,S,STATE ST,623.0,,,,,,,2,NO INDICATION OF INJURY,0.0,0.0,0.0,0.0,0.0,2.0,0.0,19,6,9,41.7564030926,-87.6245765157,POINT (-87.624576515698 41.756403092616)
422c0bd2271c19f0cc2c1d66d9062dc8929b295e7401358c932b9107f7652e9b1ec547ebe8440c9281319ed9a7bafed89400d90346d9380282a169cc4fba8d03,JE105294,,01/06/2021 05:04:00 PM,30,NO CONTROLS,NO CONTROLS,CLEAR,DARKNESS,ANGLE,NOT DIVIDED,,STRAIGHT AND LEVEL,DRY,NO DEFECTS,ON SCENE,NO INJURY / DRIVE AWAY,,,,"OVER $1,500",01/06/2021 05:45:00 PM,FAILING TO YIELD RIGHT-OF-WAY,NOT APPLICABLE,9102,S,VINCENNES AVE,2222.0,,,,,,,2,NO INDICATION OF INJURY,0.0,0.0,0.0,0.0,0.0,2.0,0.0,17,4,1,41.7285829139,-87.6481467584,POINT (-87.648146758414 41.728582913862)
2cc14d3274222ccdd127b3b95db01503edd9bd9e221d2d962f4729b17739372673c2c6715234608813cb8babb0a513d45f1e107c80611e8c3b783ad9f0527415,JB405755,,08/23/2018 04:30:00 PM,35,STOP SIGN/FLASHER,FUNCTIONING PROPERLY,CLEAR,DAYLIGHT,ANGLE,DIVIDED - W/MEDIAN (NOT RAISED),,STRAIGHT AND LEVEL,DRY,NO DEFECTS,ON SCENE,INJURY AND / OR TOW DUE TO CRASH,Y,,,"OVER $1,500",08/23/2018 04:49:00 PM,FAILING TO YIELD RIGHT-OF-WAY,UNABLE TO DETERMINE,7200,S,JEFFERY BLVD,333.0,,,,,,,2,NO INDICATION OF INJURY,0.0,0.0,0.0,0.0,0.0,2.0,0.0,16,5,8,41.7642839116,-87.5764066694,POINT (-87.576406669444 41.764283911619)
f58811570c1ac55373d88602fafd749168f2ce5d6477c915dd6f2ffc681d740dfe2b6e45018e06d925fcf40f6f6fd8f829df9f6c2195d3fdc2687c93089b9e95,JG192031,,03/15/2023 09:10:00 PM,15,NO CONTROLS,NO CONTROLS,CLEAR,"DARKNESS, LIGHTED ROAD",PEDALCYCLIST,PARKING LOT,,STRAIGHT AND LEVEL,DRY,NO DEFECTS,NOT ON SCENE (DESK REPORT),INJURY AND / OR TOW DUE TO CRASH,,,,$500 OR LESS,03/20/2023 09:40:00 AM,UNABLE TO DETERMINE,UNABLE TO DETERMINE,5724,S,KEDZIE AVE,822.0,,,,,,,2,NONINCAPACITATING INJURY,1.0,0.0,0.0,1.0,0.0,1.0,0.0,21,4,3,41.789112548,-87.7035797266,POINT (-87.703579726608 41.789112548017)
ae104c7746864bba9c6961e51a7283350454437a3eb4d335f090f84d7824c6d5a59ed1f3ed6b98c5e90945b9215e762346c6e5cc2eae60df1ae7031409a9f59c,JG260152,Y,05/14/2023 11:00:00 AM,30,TRAFFIC SIGNAL,FUNCTIONING PROPERLY,CLEAR,DAYLIGHT,REAR END,NOT DIVIDED,,STRAIGHT AND LEVEL,DRY,NO DEFECTS,ON SCENE,INJURY AND / OR TOW DUE TO CRASH,Y,,,"OVER $1,500",05/14/2023 11:15:00 AM,UNABLE TO DETERMINE,NOT APPLICABLE,4300,S,CALIFORNIA AVE,922.0,,,,,,,2,NONINCAPACITATING INJURY,2.0,0.0,0.0,2.0,0.0,4.0,0.0,11,1,5,41.8154496111,-87.6945694009,POINT (-87.694569400937 41.815449611067)
b163ec4a5c3cf2e645ca3a43cf3a45b02e2d2783c4c6214d84ca32b6772eacb09676e380e252b467c9d97faab7611308ee6f45dff45d1b88adb63487702fcdbd,JE169593,,03/15/2021 01:00:00 PM,30,NO CONTROLS,NO CONTROLS,SNOW,DAYLIGHT,SIDESWIPE SAME DIRECTION,DIVIDED - W/MEDIAN BARRIER,,STRAIGHT AND LEVEL,WET,NO DEFECTS,NOT ON SCENE (DESK REPORT),NO INJURY / DRIVE AWAY,,,,"OVER $1,500",03/15/2021 01:30:00 PM,IMPROPER LANE USAGE,UNABLE TO DETERMINE,1404,W,95TH ST,2222.0,,,,,,,2,NO INDICATION OF INJURY,0.0,0.0,0.0,0.0,0.0,2.0,0.0,13,2,3,41.721384007,-87.6580445845,POINT (-87.658044584491 41.721384006996)
dbd9cde848b2357b6a7ec5281e890ec1adfa1a1c8658f08fad852af9115cde67709a5f64e52e28f7746759c4265a21dcf32375ed4198ea4e4706df8812a2c9ae,JB118998,,12/26/2017 09:00:00 AM,30,NO CONTROLS,NO CONTROLS,UNKNOWN,DAYLIGHT,PARKED MOTOR VEHICLE,ONE-WAY,1.0,STRAIGHT AND LEVEL,UNKNOWN,NO DEFECTS,NOT ON SCENE (DESK REPORT),INJURY AND / OR TOW DUE TO CRASH,,,Y,"OVER $1,500",01/17/2018 10:30:00 AM,UNABLE TO DETERMINE,UNABLE TO DETERMINE,1325,N,MAPLEWOOD AVE,1423.0,,,,,,,2,NO INDICATION OF INJURY,0.0,0.0,0.0,0.0,0.0,1.0,0.0,9,3,12,41.9055803912,-87.6906371763,POINT (-87.69063717632 41.905580391161)
2f9aab09a524adf063f31e113ced7a62641d6efa73ee98b5cef3623959b4a334cf6e27cb7ad6dfa46021d5f8a55d8767e7c00a3af230baddcdcb2636f5dc7923,JG105689,,01/05/2023 05:20:00 PM,30,NO CONTROLS,NO CONTROLS,SNOW,"DARKNESS, LIGHTED ROAD",REAR END,DIVIDED - W/MEDIAN BARRIER,,STRAIGHT AND LEVEL,WET,NO DEFECTS,ON SCENE,NO INJURY / DRIVE AWAY,,,,$500 OR LESS,01/05/2023 05:20:00 PM,WEATHER,UNABLE TO DETERMINE,651,N,OGDEN AVE,1214.0,,Y,,,,,2,NO INDICATION OF INJURY,0.0,0.0,0.0,0.0,0.0,2.0,0.0,17,5,1,41.8939020752,-87.6564632855,POINT (-87.656463285547 41.89390207519)
24efa8472d4915f02737df0a17e71d841e861af1d4cd9c06894deb22da06c08223813f3c9b7667cd41d7ec137ba66fe30b6be070116594ffd7bfbcf755b4d19d,JB461146,N,10/03/2018 03:45:00 PM,30,NO CONTROLS,OTHER,CLEAR,DAYLIGHT,PARKED MOTOR VEHICLE,DRIVEWAY,,STRAIGHT AND LEVEL,DRY,NO DEFECTS,ON SCENE,NO INJURY / DRIVE AWAY,,,,"OVER $1,500",10/03/2018 03:50:00 PM,UNABLE TO DETERMINE,NOT APPLICABLE,500,E,SOLIDARITY DR,132.0,,,,,,,2,NO INDICATION OF INJURY,0.0,0.0,0.0,0.0,0.0,1.0,0.0,15,4,10,41.8664360124,-87.6139983392,POINT (-87.613998339216 41.86643601238)
556a06dbaf485638ac4c9eeaa6643e6c47fefedb6f7fb17385b20c459f4f7df6a0cda7ae2b78e6f506b9487b8fc4ca1b2f2e463dd4d70e3a04136f08bf254346,JE481402,,12/18/2021 04:25:00 AM,30,NO CONTROLS,NO CONTROLS,RAIN,"DARKNESS, LIGHTED ROAD",PARKED MOTOR VEHICLE,NOT DIVIDED,,STRAIGHT AND LEVEL,WET,NO DEFECTS,ON SCENE,NO INJURY / DRIVE AWAY,,,,"OVER $1,500",12/18/2021 04:32:00 AM,UNABLE TO DETERMINE,NOT APPLICABLE,3300,W,55TH ST,822.0,,,,,,,4,NO INDICATION OF INJURY,0.0,0.0,0.0,0.0,0.0,1.0,0.0,4,7,12,41.7935877284,-87.7060683051,POINT (-87.706068305095 41.793587728408)
2c817fb3b138225f77a2808d96fde69c1060e5cf1cc97013784539d3024f54364d186bc5b4bba4cc39790d0415ae3ea3245355d6125e2443ffc240e2e06ac6b8,JG149044,Y,02/11/2023 12:00:00 PM,25,NO CONTROLS,NO CONTROLS,UNKNOWN,UNKNOWN,PARKED MOTOR VEHICLE,NOT DIVIDED,,STRAIGHT AND LEVEL,UNKNOWN,UNKNOWN,NOT ON SCENE (DESK REPORT),NO INJURY / DRIVE AWAY,,,Y,"OVER $1,500",02/11/2023 04:30:00 PM,UNABLE TO DETERMINE,UNABLE TO DETERMINE,1133,W,CATALPA AVE,2023.0,,,,,,,2,NO INDICATION OF INJURY,0.0,0.0,0.0,0.0,0.0,1.0,0.0,12,7,2,41.9816971567,-87.6593497321,POINT (-87.659349732118 41.981697156703)
f1ac1f7073afad9dcad2b447293e60a2ea8cbf86b01e660bad2a432336e82b6b2275da59f1dce9c38f78912446ab5689c0557ddf5b40344e5da8971140f5647b,JE220508,,05/05/2021 01:00:00 PM,30,UNKNOWN,UNKNOWN,UNKNOWN,UNKNOWN,PARKED MOTOR VEHICLE,UNKNOWN,,STRAIGHT AND LEVEL,UNKNOWN,UNKNOWN,NOT ON SCENE (DESK REPORT),NO INJURY / DRIVE AWAY,,,Y,"OVER $1,500",05/05/2021 02:15:00 PM,UNABLE TO DETERMINE,NOT APPLICABLE,4835,W,BELLE PLAINE AVE,1624.0,,,,,,,2,NO INDICATION OF INJURY,0.0,0.0,0.0,0.0,0.0,1.0,0.0,13,4,5,41.955117779,-87.7488050397,POINT (-87.748805039654 41.955117778967)
e61d05a313f034f5b1425144b357cec483e6bae3457e7ee4a9da0a24ff1bae71d14f9e85c7833540f215f1fb689bde25d263ec40319c84ed9c2240e7b894f784,HZ229260,,04/17/2016 03:12:00 AM,30,TRAFFIC SIGNAL,FUNCTIONING PROPERLY,CLEAR,"DARKNESS, LIGHTED ROAD",REAR END,NOT DIVIDED,2.0,STRAIGHT AND LEVEL,DRY,OTHER,NOT ON SCENE (DESK REPORT),NO INJURY / DRIVE AWAY,,,Y,"$501 - $1,500",04/17/2016 03:50:00 AM,FOLLOWING TOO CLOSELY,NOT APPLICABLE,422,E,103RD ST,511.0,Y,,,,,,2,NO INDICATION OF INJURY,0.0,0.0,0.0,0.0,0.0,2.0,0.0,3,1,4,41.7074396357,-87.6127822505,POINT (-87.612782250522 41.70743963566)
0fd06813ef0da996bb3b5054b09fc172063429a07ceedb0d2680455faf818fe530f12a9ec926bc278c391a8301d76b5416915f14be365091ebf488546d4f9bbb,JG453993,,10/06/2023 09:30:00 PM,20,NO CONTROLS,NO CONTROLS,CLEAR,"DARKNESS, LIGHTED ROAD",REAR TO SIDE,PARKING LOT,,STRAIGHT AND LEVEL,DRY,NO DEFECTS,ON SCENE,NO INJURY / DRIVE AWAY,,,,"OVER $1,500",10/06/2023 09:45:00 PM,IMPROPER BACKING,NOT APPLICABLE,1,W,PARKING LOT F ST,1654.0,,,,,,,2,NO INDICATION OF INJURY,0.0,0.0,0.0,0.0,0.0,2.0,0.0,21,6,10,,,
e37b6ac42609baeaaddae797b2653ea2cbce481440d3da77a89e1b1e1f00ccadbe8c3b13b9a11e9360f684e4a32597f9d35f1572b23f7efca6baca33d2f223d5,JC369504,,07/29/2019 12:49:00 PM,30,STOP SIGN/FLASHER,FUNCTIONING PROPERLY,RAIN,DAYLIGHT,ANGLE,NOT DIVIDED,,STRAIGHT AND LEVEL,WET,NO DEFECTS,ON SCENE,INJURY AND / OR TOW DUE TO CRASH,Y,,,"OVER $1,500",07/29/2019 12:51:00 PM,FAILING TO YIELD RIGHT-OF-WAY,FAILING TO REDUCE SPEED TO AVOID CRASH,6400,S,KEDZIE AVE,823.0,,,,,,,2,NO INDICATION OF INJURY,0.0,0.0,0.0,0.0,0.0,3.0,0.0,12,2,7,41.7770960202,-87.7032407617,POINT (-87.703240761731 41.777096020163)
8ffa853f42bc9e4ac668748448802fcc26abb2408e37d02f44785e5807ab1793a02a1d16b6dc618212bda68440582c5a3c1d58640b556e8ac5c842ef16168b53,JE109946,Y,01/11/2021 04:30:00 PM,30,TRAFFIC SIGNAL,FUNCTIONING PROPERLY,CLEAR,DUSK,REAR END,CENTER TURN LANE,,STRAIGHT AND LEVEL,DRY,NO DEFECTS,ON SCENE,INJURY AND / OR TOW DUE TO CRASH,,,,"OVER $1,500",01/11/2021 04:34:00 PM,FAILING TO REDUCE SPEED TO AVOID CRASH,DRIVING SKILLS/KNOWLEDGE/EXPERIENCE,2748,W,87TH ST,835.0,,,,,,,2,"REPORTED, NOT EVIDENT",1.0,0.0,0.0,0.0,1.0,1.0,0.0,16,2,1,41.7354821762,-87.6915963006,POINT (-87.691596300637 41.73548217622)
67dc4a1acea1b510a0db4ad71e74131497136cc40d5a4021a9b3bf48d3464172359c9d86ff16b07a4e9e0f10c2dff825f783b049079a6eec5ea68fe4232bcc68,JE324381,,08/03/2021 10:30:00 AM,30,NO CONTROLS,NO CONTROLS,CLEAR,DAYLIGHT,TURNING,T-INTERSECTION,,STRAIGHT AND LEVEL,DRY,UNKNOWN,ON SCENE,INJURY AND / OR TOW DUE TO CRASH,Y,,,"OVER $1,500",08/03/2021 10:54:00 AM,UNABLE TO DETERMINE,UNABLE TO DETERMINE,5599,S,WESTERN AVE,824.0,,,,,,,2,NONINCAPACITATING INJURY,1.0,0.0,0.0,1.0,0.0,1.0,0.0,10,3,8,41.7923388699,-87.6838521504,POINT (-87.683852150378 41.79233886986)
7f06b2cd78e942a7a55febf6a73bfeb9f1e3127ddc98efb6043223d0c3b164ba06b6d522a664f50cc7665ee1d72b5b4f0f1782eadf3dc4d4f6c9c31294d938af,JC517293,,11/20/2019 08:01:00 AM,30,NO CONTROLS,NO CONTROLS,CLOUDY/OVERCAST,DAYLIGHT,TURNING,DIVIDED - W/MEDIAN (NOT RAISED),,STRAIGHT AND LEVEL,DRY,NO DEFECTS,ON SCENE,NO INJURY / DRIVE AWAY,,,,"OVER $1,500",11/20/2019 08:08:00 AM,IMPROPER TURNING/NO SIGNAL,NOT APPLICABLE,2701,N,WESTERN AVE,1432.0,,,,,,,2,NO INDICATION OF INJURY,0.0,0.0,0.0,0.0,0.0,2.0,0.0,8,4,11,41.9304460869,-87.6876971843,POINT (-87.687697184257 41.930446086925)
9aef19200c042b74191113365e45375466ae66436d6902b62a20c552e1ff539edd8fd6d80bf9e9d91ef7f9ff14c2ac5ce9baa8b9fca09e8c94a2e7dbc6cc411b,JE351685,,08/27/2021 10:15:00 AM,30,TRAFFIC SIGNAL,FUNCTIONING PROPERLY,CLEAR,DAYLIGHT,REAR END,NOT DIVIDED,,STRAIGHT AND LEVEL,DRY,NO DEFECTS,NOT ON SCENE (DESK REPORT),INJURY AND / OR TOW DUE TO CRASH,,,,"OVER $1,500",08/27/2021 10:15:00 AM,DISREGARDING TRAFFIC SIGNALS,UNABLE TO DETERMINE,200,N,OGDEN AVE,1215.0,,,,,,,2,"REPORTED, NOT EVIDENT",1.0,0.0,0.0,0.0,1.0,2.0,0.0,10,6,8,41.8854749005,-87.6628051847,POINT (-87.662805184738 41.885474900515)
afe27fd3ea06a981da891f97cea7e55344f59c773d1d499cda1b1383b77c2dc55100b6794839d926c4c1debd0639e81b8fd4fc6d9e7242991e6365119582f11a,JA432661,,09/15/2017 04:45:00 PM,30,TRAFFIC SIGNAL,FUNCTIONING PROPERLY,CLEAR,DAYLIGHT,SIDESWIPE SAME DIRECTION,DIVIDED - W/MEDIAN (NOT RAISED),2.0,STRAIGHT AND LEVEL,DRY,NO DEFECTS,NOT ON SCENE (DESK REPORT),NO INJURY / DRIVE AWAY,,,Y,"$501 - $1,500",09/15/2017 05:10:00 PM,FAILING TO YIELD RIGHT-OF-WAY,UNABLE TO DETERMINE,6977,N,SHERIDAN RD,2431.0,Y,,,,,,2,NO INDICATION OF INJURY,0.0,0.0,0.0,0.0,0.0,3.0,0.0,16,6,9,42.009028677,-87.6618872962,POINT (-87.661887296202 42.009028677042)
da0cf2f19d67037eee5b48fa38363b06f3bf2a7669343340a942fdd67e599ec874e2119531e1e8c4c38d2cb8aef57bef09c19b418463fd66ef0203b8b953b39e,JA536466,,10/14/2017 06:40:00 PM,30,TRAFFIC SIGNAL,FUNCTIONING PROPERLY,RAIN,"DARKNESS, LIGHTED ROAD",SIDESWIPE SAME DIRECTION,NOT DIVIDED,,STRAIGHT AND LEVEL,WET,NO DEFECTS,NOT ON SCENE (DESK REPORT),NO INJURY / DRIVE AWAY,Y,,,"OVER $1,500",12/04/2017 04:55:00 PM,UNABLE TO DETERMINE,UNABLE TO DETERMINE,1798,N,SHEFFIELD AVE,1811.0,,,,,,,2,NO INDICATION OF INJURY,0.0,0.0,0.0,0.0,0.0,2.0,0.0,18,7,10,41.9137228136,-87.6533588519,POINT (-87.653358851886 41.913722813583)