CRASH_RECORD_ID,RD_NO,CRASH_DATE_EST_I,CRASH_DATE,POSTED_SPEED_LIMIT,TRAFFIC_CONTROL_DEVICE,DEVICE_CONDITION,WEATHER_CONDITION,LIGHTING_CONDITION,FIRST_CRASH_TYPE,TRAFFICWAY_TYPE,LANE_CNT,ALIGNMENT,ROADWAY_SURFACE_COND,ROAD_DEFECT,REPORT_TYPE,CRASH_TYPE,INTERSECTION_RELATED_I,NOT_RIGHT_OF_WAY_I,HIT_AND_RUN_I,DAMAGE,DATE_POLICE_NOTIFIED,PRIM_CONTRIBUTORY_CAUSE,SEC_CONTRIBUTORY_CAUSE,STREET_NO,STREET_DIRECTION,STREET_NAME,BEAT_OF_OCCURRENCE,PHOTOS_TAKEN_I,STATEMENTS_TAKEN_I,DOORING_I,WORK_ZONE_I,WORK_ZONE_TYPE,WORKERS_PRESENT_I,NUM_UNITS,MOST_SEVERE_INJURY,INJURIES_TOTAL,INJURIES_FATAL,INJURIES_INCAPACITATING,INJURIES_NON_INCAPACITATING,INJURIES_REPORTED_NOT_EVIDENT,INJURIES_NO_INDICATION,INJURIES_UNKNOWN,CRASH_HOUR,CRASH_DAY_OF_WEEK,CRASH_MONTH,LATITUDE,LONGITUDE,LOCATION
b74a83078d9e45828c6d1a781fb44daf2ea269ab890603a172282ec19d4bee6bc5d3b3c116d303802c7f9935f580ea3675057f655eb7a52ec8a550d8b1fe76a9,JF512889,,12/16/2022 02:25:00 PM,35,OTHER,FUNCTIONING PROPERLY,UNKNOWN,UNKNOWN,REAR END,ONE-WAY,,STRAIGHT AND LEVEL,UNKNOWN,UNKNOWN,NOT ON SCENE (DESK REPORT),NO INJURY / DRIVE AWAY,,,Y,"OVER $1,500",12/16/2022 03:20:00 PM,FOLLOWING TOO CLOSELY,UNABLE TO DETERMINE,214,N,CLARK ST,122.0,,,,,,,2,NO INDICATION OF INJURY,0.0,0.0,0.0,0.0,0.0,2.0,0.0,14,6,12,41.8860136402,-87.6311301818,POINT (-87.631130181818 41.886013640229)
39ab78e59879b38937c787a9ce660bd13edf5fe3ad47baa374f6d7f66460a9dd6d879f8bd13dabc5000884c22feeaabc7d852f6e71b84ad108448ffa1f555ebd,JG271148,,05/22/2023 06:07:00 PM,30,NO CONTROLS,NO CONTROLS,CLEAR,DAYLIGHT,REAR END,NOT DIVIDED,,STRAIGHT AND LEVEL,DRY,NO DEFECTS,ON SCENE,INJURY AND / OR TOW DUE TO CRASH,,,,"OVER $1,500",05/22/2023 07:39:00 PM,FOLLOWING TOO CLOSELY,NOT APPLICABLE,8415,S,VINCENNES AVE,622.0,,,,,,,3,NONINCAPACITATING INJURY,1.0,0.0,0.0,1.0,0.0,2.0,0.0,18,2,5,41.7409541454,-87.6384682798,POINT (-87.63846827982 41.740954145443)
07e630f779970f345a383b51b1c0eb97343a9e613653b0aa65a85f594249b6440016071f7b3140593a80d05811c80410fb6cb394b6a415d68104af73371b079c,JC508572,,11/12/2019 08:05:00 AM,25,TRAFFIC SIGNAL,NO CONTROLS,SNOW,DAYLIGHT,REAR END,NOT DIVIDED,,STRAIGHT AND LEVEL,SNOW OR SLUSH,NO DEFECTS,NOT ON SCENE (DESK REPORT),NO INJURY / DRIVE AWAY,,,,"$501 - $1,500",11/13/2019 07:30:00 AM,FOLLOWING TOO CLOSELY,UNABLE TO DETERMINE,612,W,WRIGHTWOOD AVE,1935.0,,,,,,,2,NO INDICATION OF INJURY,0.0,0.0,0.0,0.0,0.0,2.0,0.0,8,3,11,41.929609463,-87.6435462921,POINT (-87.643546292077 41.929609463009)
711f3fc96e240e778a98cb64c665f292f8a56fbb9933f8572e89e85f82b47ba4301b2957fc8d2cae193673bc107608bccfa3668b7ed311e561fea94a70c676ba,JC224712,,04/14/2019 09:00:00 PM,10,NO CONTROLS,NO CONTROLS,SNOW,"DARKNESS, LIGHTED ROAD",PEDESTRIAN,PARKING LOT,1.0,STRAIGHT AND LEVEL,SNOW OR SLUSH,NO DEFECTS,ON SCENE,INJURY AND / OR TOW DUE TO CRASH,,Y,,"OVER $1,500",04/14/2019 09:06:00 PM,FAILING TO YIELD RIGHT-OF-WAY,WEATHER,6350,N,MC CORMICK RD,1711.0,,,,,,,2,NONINCAPACITATING INJURY,1.0,0.0,0.0,1.0,0.0,1.0,0.0,21,1,4,41.9971568626,-87.7118742354,POINT (-87.711874235421 41.997156862638)
c084c4872418abd4c76c8eecb4f527701cae7c633d57c8eaf5bc109758ee0261ec491140580664e09254b3c462914a75a4c4f72f8083bfec1f922439ca172d11,HZ541157,,12/05/2016 05:10:00 PM,30,NO CONTROLS,NO CONTROLS,CLEAR,DUSK,ANGLE,NOT DIVIDED,,STRAIGHT AND LEVEL,DRY,NO DEFECTS,NOT ON SCENE (DESK REPORT),NO INJURY / DRIVE AWAY,,,,"OVER $1,500",12/05/2016 05:55:00 PM,FAILING TO YIELD RIGHT-OF-WAY,IMPROPER OVERTAKING/PASSING,4212,N,KIMBALL AVE,1723.0,,,,,,,2,NO INDICATION OF INJURY,0.0,0.0,0.0,0.0,0.0,4.0,0.0,17,2,12,41.9578963642,-87.7131878014,POINT (-87.713187801374 41.957896364191)
40470c05752f8453729f4112bfab6ff5647f83d081bdcbf200895241c52c1c8f2209f209157c93f8130f9c38201714eaf6d5d2ce333dfb6c1a0aaf5a6130ae7e,JB127644,,01/24/2018 08:29:00 AM,30,NO CONTROLS,NO CONTROLS,UNKNOWN,DAYLIGHT,REAR END,NOT DIVIDED,,STRAIGHT AND LEVEL,ICE,NO DEFECTS,ON SCENE,INJURY AND / OR TOW DUE TO CRASH,,,,"OVER $1,500",01/24/2018 09:17:00 AM,WEATHER,NOT APPLICABLE,2922,N,ELSTON AVE,1411.0,,,,,,,2,NO INDICATION OF INJURY,0.0,0.0,0.0,0.0,0.0,2.0,0.0,8,4,1,41.9344222881,-87.6913013429,POINT (-87.691301342887 41.934422288067)
67503a09100dbd1d6a9516bfcafd5b2d4aea9b81e61d92aeb0de3ffb7edd8d61045470f8951c9f3b70d821ce827d66a3fec61e7272ad2542587f31a0bdd48659,JD301170,,07/17/2020 11:45:00 PM,30,TRAFFIC SIGNAL,FUNCTIONING PROPERLY,CLEAR,"DARKNESS, LIGHTED ROAD",TURNING,FOUR WAY,,STRAIGHT AND LEVEL,UNKNOWN,UNKNOWN,ON SCENE,NO INJURY / DRIVE AWAY,Y,,Y,"OVER $1,500",07/17/2020 11:50:00 PM,FAILING TO REDUCE SPEED TO AVOID CRASH,UNABLE TO DETERMINE,300,S,HAMLIN BLVD,1133.0,,,,,,,2,NO INDICATION OF INJURY,0.0,0.0,0.0,0.0,0.0,2.0,0.0,23,6,7,41.8771738555,-87.7207841409,POINT (-87.720784140945 41.877173855545)
43e59a6e63c2b05ddb00407d37b85c2a55cc7150bfd163586922f8eaae3c515ca6a4f7baf2cdc46a9d0498a83b53a0003f69d681816709abf97bfe1a1c690de1,JA541107,,12/08/2017 08:10:00 AM,30,TRAFFIC SIGNAL,FUNCTIONING PROPERLY,CLEAR,DAYLIGHT,TURNING,NOT DIVIDED,4.0,STRAIGHT AND LEVEL,DRY,NO DEFECTS,NOT ON SCENE (DESK REPORT),NO INJURY / DRIVE AWAY,,,,"OVER $1,500",12/08/2017 09:00:00 AM,IMPROPER TURNING/NO SIGNAL,DISREGARDING TRAFFIC SIGNALS,3338,E,106TH ST,432.0,,,,,,,2,NO INDICATION OF INJURY,0.0,0.0,0.0,0.0,0.0,4.0,0.0,8,6,12,41.7028684672,-87.5421871382,POINT (-87.542187138248 41.702868467208)
c684945a1dfb9bbaf506a1f10dea8b89e0f096dfb7442b5422c8916eaca4b05e58679c932775351f70a92d33a3a95c4dd1d8231534e0338b1e29e93182c06b4d,JE311817,,07/23/2021 07:45:00 PM,25,NO CONTROLS,NO CONTROLS,CLEAR,"DARKNESS, LIGHTED ROAD",SIDESWIPE SAME DIRECTION,NOT DIVIDED,,STRAIGHT AND LEVEL,DRY,NO DEFECTS,ON SCENE,NO INJURY / DRIVE AWAY,,,,"OVER $1,500",07/23/2021 07:57:00 PM,FAILING TO REDUCE SPEED TO AVOID CRASH,NOT APPLICABLE,3552,N,ORANGE AVE,1631.0,,,,,,,2,NO INDICATION OF INJURY,0.0,0.0,0.0,0.0,0.0,2.0,0.0,19,6,7,41.9446545388,-87.8242817639,POINT (-87.82428176387 41.944654538843)
311b6daa3d62755cf904d9feaebed9ac8b109eaede8aa42718734ad778652e6245322aec1eaf54da53419d494e3c2435a0d1fd3240611063a5f5865add16d3c1,JG127797,,01/24/2023 10:22:00 AM,30,TRAFFIC SIGNAL,FUNCTIONING PROPERLY,CLEAR,DAYLIGHT,TURNING,FOUR WAY,,STRAIGHT AND LEVEL,DRY,NO DEFECTS,NOT ON SCENE (DESK REPORT),NO INJURY / DRIVE AWAY,,,,"$501 - $1,500",01/24/2023 02:30:00 PM,IMPROPER OVERTAKING/PASSING,IMPROPER OVERTAKING/PASSING,1200,S,RUBLE ST,1232.0,,,,,,,2,NO INDICATION OF INJURY,0.0,0.0,0.0,0.0,0.0,2.0,0.0,10,3,1,41.8671342083,-87.6442375198,POINT (-87.644237519792 41.867134208293)
3e6564b8de7edce779bdf8b47d6eba02de451b61f2af90be68eff9a65a1b13e7fa26ec9b9783c0e90cc30c09b0eb2290eba90b8786c86b380eb6cc0b122f934d,JF508388,,12/12/2022 09:15:00 PM,30,OTHER,FUNCTIONING PROPERLY,CLEAR,"DARKNESS, LIGHTED ROAD",OTHER OBJECT,DIVIDED - W/MEDIAN (NOT RAISED),,STRAIGHT AND LEVEL,DRY,NO DEFECTS,ON SCENE,INJURY AND / OR TOW DUE TO CRASH,,,,"OVER $1,500",12/12/2022 09:17:00 PM,DISREGARDING OTHER TRAFFIC SIGNS,DISREGARDING OTHER TRAFFIC SIGNS,560,W,MARQUETTE RD,722.0,,,,,,,1,"REPORTED, NOT EVIDENT",1.0,0.0,0.0,0.0,1.0,0.0,0.0,21,2,12,41.7726729908,-87.6390452659,POINT (-87.639045265858 41.772672990818)
4494a2be98f53737fe7cea5dca6a4e55885eba81db67fa6684b394657d52f470ee4676495cd57a2aa15cc3a04436f5dd75d93d23b09783a55f8a858168dee4d9,JE473675,,12/10/2021 08:30:00 PM,30,NO CONTROLS,NO CONTROLS,RAIN,"DARKNESS, LIGHTED ROAD",ANGLE,NOT DIVIDED,,STRAIGHT AND LEVEL,WET,UNKNOWN,NOT ON SCENE (DESK REPORT),NO INJURY / DRIVE AWAY,,,,"$501 - $1,500",12/11/2021 10:50:00 AM,UNABLE TO DETERMINE,UNABLE TO DETERMINE,3702,W,LAWRENCE AVE,1712.0,,,,,,,2,NO INDICATION OF INJURY,0.0,0.0,0.0,0.0,0.0,2.0,0.0,20,6,12,41.9684300625,-87.7208445951,POINT (-87.720844595071 41.968430062537)
a90ae89ee51f49e9b459f64b96bd3281bb4e9db93a8a1112fdcfa6a0164593491cb8798570bda399fa8f71235b88cf562ec04b3870e25815119bfbcac0eab9ec,JG438241,,09/25/2023 08:10:00 AM,30,NO CONTROLS,NO CONTROLS,RAIN,DAYLIGHT,SIDESWIPE SAME DIRECTION,NOT DIVIDED,,STRAIGHT AND LEVEL,WET,NO DEFECTS,NOT ON SCENE (DESK REPORT),INJURY AND / OR TOW DUE TO CRASH,,,,"OVER $1,500",09/25/2023 10:30:00 AM,UNABLE TO DETERMINE,NOT APPLICABLE,1407,W,CHICAGO AVE,1215.0,,,,,,,2,"REPORTED, NOT EVIDENT",1.0,0.0,0.0,0.0,1.0,1.0,0.0,8,2,9,41.8960348281,-87.662703622,POINT (-87.662703621962 41.896034828081)
311ef10a496cc0052930ca0175e147e59c992db7b3001346c9cdb1cbea3639a4fce146fa3beeef18b6a6b73cc2f502b33dece9bebd8629f6988bebfbac82b9c0,JF524269,,12/27/2022 03:20:00 PM,30,STOP SIGN/FLASHER,FUNCTIONING PROPERLY,CLEAR,DAYLIGHT,ANGLE,T-INTERSECTION,,STRAIGHT AND LEVEL,SNOW OR SLUSH,NO DEFECTS,NOT ON SCENE (DESK REPORT),NO INJURY / DRIVE AWAY,Y,,,"OVER $1,500",12/27/2022 04:10:00 PM,UNABLE TO DETERMINE,NOT APPLICABLE,3000,S,HALSTED ST,913.0,,,,,,,2,NO INDICATION OF INJURY,0.0,0.0,0.0,0.0,0.0,3.0,0.0,15,3,12,41.8397719466,-87.6464675111,POINT (-87.646467511129 41.839771946584)
6928025312c03e71d19b7aee16b98fdc32e68de20137ec606288deb7b59521327f61bb9f45f1d29336ed8baa7651236cab0cab687827672b602ccc0a68c9569d,JC409908,Y,08/26/2019 10:24:00 PM,30,NO CONTROLS,NO CONTROLS,CLEAR,DARKNESS,PARKED MOTOR VEHICLE,NOT DIVIDED,,STRAIGHT AND LEVEL,DRY,NO DEFECTS,NOT ON SCENE (DESK REPORT),NO INJURY / DRIVE AWAY,,,Y,"OVER $1,500",08/27/2019 08:40:00 PM,UNABLE TO DETERMINE,NOT APPLICABLE,4510,W,WILCOX ST,1113.0,,,,,,,2,NO INDICATION OF INJURY,0.0,0.0,0.0,0.0,0.0,1.0,0.0,22,2,8,41.8788281918,-87.7383528878,POINT (-87.738352887809 41.878828191827)
80a0b164ddb0d0d726649bc57f156c01f5014eb4ac0a9280c64756b0a60d3959533c4a6c7c51efc054f40a8fcc2604ca46fada883d9feabd537308c3d40f7653,HZ244540,,04/29/2016 10:00:00 AM,30,TRAFFIC SIGNAL,FUNCTIONING PROPERLY,CLEAR,DAYLIGHT,TURNING,OTHER,2.0,STRAIGHT AND LEVEL,DRY,NO DEFECTS,ON SCENE,NO INJURY / DRIVE AWAY,Y,,,"OVER $1,500",04/29/2016 10:50:00 AM,UNABLE TO DETERMINE,UNABLE TO DETERMINE,400,E,MC FETRIDGE DR,132.0,,,,,,,2,NO INDICATION OF INJURY,0.0,0.0,0.0,0.0,0.0,2.0,0.0,10,6,4,41.8651062523,-87.6181971383,POINT (-87.618197138307 41.865106252263)
70f6d85999ec0513041a6147c2ab1583fda272c3b631f12ca1a48f5f17548b040e2ec7ef6d559b7be8414d5a41ecffb3c7fd222af306a1e37dbf61b2b0e97388,JB205059,,03/30/2018 10:50:00 AM,30,TRAFFIC SIGNAL,FUNCTIONING PROPERLY,CLEAR,DAYLIGHT,TURNING,RAMP,,STRAIGHT AND LEVEL,DRY,NO DEFECTS,NOT ON SCENE (DESK REPORT),NO INJURY / DRIVE AWAY,,,,"OVER $1,500",03/30/2018 11:15:00 AM,UNABLE TO DETERMINE,UNABLE TO DETERMINE,1304,W,DIVISION ST,1433.0,,,,,,,2,NO INDICATION OF INJURY,0.0,0.0,0.0,0.0,0.0,3.0,0.0,10,6,3,41.9035574399,-87.6608906269,POINT (-87.660890626866 41.903557439856)
23d48c2f370e2dea0dc68590afeed8a300a584da8baa574115f0e6b91478e53b89cfc300dcf2d1ccd76120d941537979c8e6a9e30f704e1e7688d095364c0f64,JG393339,,08/22/2023 04:29:00 PM,35,TRAFFIC SIGNAL,FUNCTIONING PROPERLY,CLEAR,DAYLIGHT,TURNING,FOUR WAY,,STRAIGHT AND LEVEL,DRY,NO DEFECTS,ON SCENE,INJURY AND / OR TOW DUE TO CRASH,Y,,,"OVER $1,500",08/22/2023 04:29:00 PM,FAILING TO REDUCE SPEED TO AVOID CRASH,NOT APPLICABLE,13600,S,TORRENCE AVE,434.0,,N,,,,,2,"REPORTED, NOT EVIDENT",2.0,0.0,0.0,0.0,2.0,1.0,0.0,16,3,8,41.648107118,-87.5594373481,POINT (-87.559437348149 41.648107117972)
ff3a7f45fd2853eb7e7c1468778a0a2d9c8f775ec41212dfe540e97bb0821f2e274e200208126becc2aae437004be257bee02774fc18fc2fcd4c8344feb3bf25,JD329324,,08/12/2020 07:56:00 AM,25,TRAFFIC SIGNAL,FUNCTIONING PROPERLY,CLEAR,DAYLIGHT,ANGLE,FOUR WAY,,STRAIGHT AND LEVEL,DRY,NO DEFECTS,ON SCENE,INJURY AND / OR TOW DUE TO CRASH,Y,,,"OVER $1,500",08/12/2020 07:56:00 AM,DISREGARDING TRAFFIC SIGNALS,FAILING TO YIELD RIGHT-OF-WAY,629,N,ST CLAIR ST,1834.0,,,,,,,2,NO INDICATION OF INJURY,0.0,0.0,0.0,0.0,0.0,2.0,0.0,7,4,8,41.8933232319,-87.6225717983,POINT (-87.622571798335 41.893323231893)
fbe860a7f9ae987e00745f9d584c076038c1d8b5e2de573197e713b389b83637c2d1b2b429f5789652236817764dc49f824bec7099d5b7968f1cf906ff65a96d,HZ516602,,11/15/2016 05:30:00 PM,30,NO CONTROLS,NO CONTROLS,CLEAR,"DARKNESS, LIGHTED ROAD",REAR END,NOT DIVIDED,,STRAIGHT AND LEVEL,DRY,NO DEFECTS,NOT ON SCENE (DESK REPORT),NO INJURY / DRIVE AWAY,,,,$500 OR LESS,11/15/2016 06:00:00 PM,FOLLOWING TOO CLOSELY,UNABLE TO DETERMINE,2200,W,MADISON ST,1223.0,,,,,,,2,NO INDICATION OF INJURY,0.0,0.0,0.0,0.0,0.0,2.0,0.0,17,3,11,41.8813489416,-87.6816527927,POINT (-87.681652792707 41.881348941642)
69a5d35a7f1d8253f95734b294ef5f552ac8ed5c6a711ab02883d795f34c3897d657bdf7007656d879a199e107a4dbb55ee8b2848ae0856635c50c9599f5631d,JF346369,,08/06/2022 09:40:00 AM,45,TRAFFIC SIGNAL,FUNCTIONING PROPERLY,CLEAR,DAYLIGHT,REAR END,FOUR WAY,,STRAIGHT AND LEVEL,DRY,NO DEFECTS,ON SCENE,NO INJURY / DRIVE AWAY,Y,,,"OVER $1,500",08/06/2022 09:40:00 AM,FOLLOWING TOO CLOSELY,DRIVING SKILLS/KNOWLEDGE/EXPERIENCE,710,W,OHARE ST,1654.0,,,,,,,2,NO INDICATION OF INJURY,0.0,0.0,0.0,0.0,0.0,2.0,0.0,9,7,8,,,
64f9408628168e34877591fc6e047eb220a295a97b43f205bc3d266337191e13410f39bff5b376e0f25c3808204f6caf037cb4c411504a6524077477ed1b19db,JE108242,Y,01/06/2021 11:00:00 PM,15,NO CONTROLS,NO CONTROLS,UNKNOWN,UNKNOWN,PARKED MOTOR VEHICLE,PARKING LOT,,STRAIGHT AND LEVEL,UNKNOWN,NO DEFECTS,ON SCENE,NO INJURY / DRIVE AWAY,,,Y,$500 OR LESS,01/09/2021 02:10:00 PM,UNABLE TO DETERMINE,NOT APPLICABLE,1900,W,MONTEREY AVE,2212.0,,,,,,,2,NO INDICATION OF INJURY,0.0,0.0,0.0,0.0,0.0,1.0,0.0,23,4,1,41.6914347795,-87.6685203937,POINT (-87.668520393669 41.691434779531)
df39260ba12c768fb18661fd91473e519eaf88f272c2bb7e646de0f5c5d53b0feb6a1de62bb5424b118830a0e12abff1ebd6056bdd05ea0a8358627d578e21f9,JD279104,,06/28/2020 01:30:00 PM,20,NO CONTROLS,NO CONTROLS,CLEAR,DAYLIGHT,PARKED MOTOR VEHICLE,ONE-WAY,,STRAIGHT AND LEVEL,DRY,NO DEFECTS,NOT ON SCENE (DESK REPORT),NO INJURY / DRIVE AWAY,,,,$500 OR LESS,06/28/2020 02:55:00 PM,UNABLE TO DETERMINE,UNABLE TO DETERMINE,4743,S,HARDING AVE,821.0,,,,,,,2,NO INDICATION OF INJURY,0.0,0.0,0.0,0.0,0.0,2.0,0.0,13,1,6,41.8066040229,-87.7221736909,POINT (-87.722173690873 41.806604022912)
9bba2de9268362f4362dd030cee3361ab1bb653ea4521b95ba55f86d04ea464c51e413098e150c586c774ed0b471d8c923c4d579961f8597069f059b746aab4b,JB442922,,09/19/2018 05:30:00 PM,30,TRAFFIC SIGNAL,FUNCTIONING PROPERLY,CLOUDY/OVERCAST,DUSK,SIDESWIPE SAME DIRECTION,DIVIDED - W/MEDIAN (NOT RAISED),8.0,STRAIGHT AND LEVEL,WET,NO DEFECTS,NOT ON SCENE (DESK REPORT),NO INJURY / DRIVE AWAY,,,,"$501 - $1,500",09/20/2018 06:45:00 AM,IMPROPER LANE USAGE,IMPROPER TURNING/NO SIGNAL,6320,N,CALDWELL AVE,1621.0,,,,,,,2,NO INDICATION OF INJURY,0.0,0.0,0.0,0.0,0.0,2.0,0.0,17,4,9,41.9960275634,-87.7642535907,POINT (-87.764253590677 41.996027563389)
4c154294de50aa9e6d88fc1bec574bdf6bdccd2a9899699a302093e5fc5c26891c3924a90d2a306cc6f20255cb634f2c4963afb7bd2a712af0af2b97e3d41756,JB119669,,01/17/2018 03:12:00 PM,30,NO CONTROLS,NO CONTROLS,CLEAR,DAYLIGHT,REAR END,DIVIDED - W/MEDIAN (NOT RAISED),2.0,STRAIGHT AND LEVEL,WET,UNKNOWN,NOT ON SCENE (DESK REPORT),NO INJURY / DRIVE AWAY,,,,"OVER $1,500",01/17/2018 06:25:00 PM,UNABLE TO DETERMINE,UNABLE TO DETERMINE,4100,W,FULLERTON AVE,2524.0,,,,,,,2,NO INDICATION OF INJURY,0.0,0.0,0.0,0.0,0.0,3.0,0.0,15,4,1,41.9245670311,-87.7292846667,POINT (-87.72928466672 41.924567031079)
1987e4a5eff2161eca074bbed9c4c1e395d454fc88e7d7ce3f632673378d0b6210941f7c503b484f5c1216315072cf83ef968a5d91438765a13df110e2f6dde8,JB117726,,01/16/2018 08:20:00 AM,30,STOP SIGN/FLASHER,FUNCTIONING PROPERLY,SNOW,DAYLIGHT,PARKED MOTOR VEHICLE,NOT DIVIDED,4.0,STRAIGHT AND LEVEL,SNOW OR SLUSH,NO DEFECTS,NOT ON SCENE (DESK REPORT),NO INJURY / DRIVE AWAY,Y,,,"OVER $1,500",01/16/2018 08:25:00 AM,WEATHER,UNABLE TO DETERMINE,3732,S,PAULINA ST,912.0,,,,,,,2,NO INDICATION OF INJURY,0.0,0.0,0.0,0.0,0.0,1.0,0.0,8,3,1,41.8258022859,-87.6679843647,POINT (-87.667984364672 41.825802285879)
f8e0bd00c7ced39468a120c34e8dfe637fedd679537eb1113fad9e8d01dfb424eef8e7b473cbcd7b82bce55ae0f2f14a75a8b5c497b68523380ecb96524b3eb5,HZ113930,,01/12/2016 03:00:00 PM,30,NO CONTROLS,NO CONTROLS,SNOW,DAYLIGHT,PARKED MOTOR VEHICLE,PARKING LOT,0.0,STRAIGHT AND LEVEL,SNOW OR SLUSH,NO DEFECTS,ON SCENE,NO INJURY / DRIVE AWAY,,Y,,"$501 - $1,500",01/13/2016 10:35:00 AM,WEATHER,DRIVING SKILLS/KNOWLEDGE/EXPERIENCE,1900,W,HUBBARD ST,1221.0,,,,,,,2,NO INDICATION OF INJURY,0.0,0.0,0.0,0.0,0.0,1.0,0.0,15,3,1,41.889875465,-87.6744832724,POINT (-87.67448327243 41.889875464995)
0ddbba8da98f6acba06146b03f314acfd09ba538a7caaaef6352fca312f2dfc372f47beaef92ecdd8b3dc7cd2f8857aa9ba6bef4a567bbf8abf91a7e0349bfce,JA534192,,12/02/2017 06:30:00 PM,30,NO CONTROLS,NO CONTROLS,CLEAR,DARKNESS,TURNING,NOT DIVIDED,,STRAIGHT AND LEVEL,WET,NO DEFECTS,NOT ON SCENE (DESK REPORT),NO INJURY / DRIVE AWAY,,,,"OVER $1,500",12/02/2017 06:33:00 PM,FAILING TO YIELD RIGHT-OF-WAY,NOT APPLICABLE,5100,W,FOSTER AVE,1623.0,,,,,,,2,NO INDICATION OF INJURY,0.0,0.0,0.0,0.0,0.0,2.0,0.0,18,7,12,41.9753546986,-87.755348489,POINT (-87.755348488993 41.975354698581)
16fddccab68763f1a07e6eb1a7318fd76615939df3d439794184a679b7df7e66d7da58ee62feca1205f63ebbcece47864dbfe11b18c2443e7c289054b3cd4478,JE273479,,06/20/2021 05:45:00 PM,30,NO CONTROLS,NO CONTROLS,CLOUDY/OVERCAST,DAYLIGHT,FIXED OBJECT,NOT DIVIDED,,STRAIGHT AND LEVEL,DRY,NO DEFECTS,ON SCENE,INJURY AND / OR TOW DUE TO CRASH,,,,"OVER $1,500",06/20/2021 06:56:00 PM,EQUIPMENT - VEHICLE CONDITION,NOT APPLICABLE,4757,W,LAWRENCE AVE,1722.0,,,,,,,1,NO INDICATION OF INJURY,0.0,0.0,0.0,0.0,0.0,1.0,0.0,17,1,6,41.9679212296,-87.74760057,POINT (-87.74760056998 41.967921229647)
551aa1c2f384b4a17ad3f4ad9deca6e612ef8427ce023eb1b26f8125d670c328b1fcf20ff223a6b53fa4dbc4c93bd4acd7ad4c3f7968e4817143210b425d32e4,JF345047,,08/03/2022 10:00:00 PM,30,TRAFFIC SIGNAL,NO CONTROLS,CLEAR,DARKNESS,SIDESWIPE SAME DIRECTION,ONE-WAY,,STRAIGHT AND LEVEL,DRY,NO DEFECTS,NOT ON SCENE (DESK REPORT),NO INJURY / DRIVE AWAY,,,Y,"OVER $1,500",08/05/2022 06:00:00 AM,IMPROPER LANE USAGE,NOT APPLICABLE,7100,S,LAFAYETTE AVE,731.0,,,,,,,2,NO INDICATION OF INJURY,0.0,0.0,0.0,0.0,0.0,2.0,0.0,22,4,8,41.7653985858,-87.6266955007,POINT (-87.626695500681 41.765398585764)
2be8c68e94f6d6a6a30215b01acab13dbae10c8ac7c49ee83d0a4fb340da8a40c3004893693fb0f7518123d4aa19c114395f71b0e06fa3cb09f9c3fe9916602a,JG415713,,09/08/2023 12:45:00 AM,30,STOP SIGN/FLASHER,NO CONTROLS,RAIN,"DARKNESS, LIGHTED ROAD",ANGLE,FOUR WAY,,STRAIGHT AND LEVEL,WET,UNKNOWN,NOT ON SCENE (DESK REPORT),NO INJURY / DRIVE AWAY,Y,,,"$501 - $1,500",09/08/2023 01:15:00 AM,UNABLE TO DETERMINE,NOT APPLICABLE,190,N,PEORIA ST,1224.0,,,,,,,3,NO INDICATION OF INJURY,0.0,0.0,0.0,0.0,0.0,2.0,0.0,0,6,9,41.8855672945,-87.6499535501,POINT (-87.649953550075 41.885567294527)
2df20dd1cb72801b9fe08c42a85c1aee3b5d38ef56708549c11a464d488f9af761fbd1a0b4fe2f31a55ad6db25d1d669f8dd99e1a8bb107da55a0bea78d22c87,JB386370,,08/09/2018 01:15:00 PM,30,NO CONTROLS,NO CONTROLS,CLEAR,DAYLIGHT,REAR END,DIVIDED - W/MEDIAN (NOT RAISED),,STRAIGHT AND LEVEL,DRY,NO DEFECTS,NOT ON SCENE (DESK REPORT),NO INJURY / DRIVE AWAY,,,N,"OVER $1,500",08/09/2018 04:30:00 PM,UNABLE TO DETERMINE,UNABLE TO DETERMINE,5320,N,CUMBERLAND AVE,1614.0,,,,,,,2,NO INDICATION OF INJURY,0.0,0.0,0.0,0.0,0.0,2.0,0.0,13,5,8,41.9762654513,-87.8367659911,POINT (-87.836765991052 41.976265451313)
deb8e32bae6f4c539151ee3627aec815d84abb062c23b97acdeb175542d08350ab437ca06d251034e5916e218cf8672d4d5f8ca9efb46de7f7e833907187a69b,JE135570,,02/07/2021 11:15:00 PM,30,NO CONTROLS,NO CONTROLS,CLEAR,"DARKNESS, LIGHTED ROAD",TURNING,DIVIDED - W/MEDIAN BARRIER,,STRAIGHT AND LEVEL,UNKNOWN,UNKNOWN,NOT ON SCENE (DESK REPORT),INJURY AND / OR TOW DUE TO CRASH,,,Y,"OVER $1,500",02/08/2021 12:02:00 AM,UNABLE TO DETERMINE,NOT APPLICABLE,300,E,130TH ST,533.0,,,,,,,2,NO INDICATION OF INJURY,0.0,0.0,0.0,0.0,0.0,2.0,0.0,23,1,2,41.6582851155,-87.6149957622,POINT (-87.614995762182 41.658285115546)