CRASH_RECORD_ID,RD_NO,CRASH_DATE_EST_I,CRASH_DATE,POSTED_SPEED_LIMIT,TRAFFIC_CONTROL_DEVICE,DEVICE_CONDITION,WEATHER_CONDITION,LIGHTING_CONDITION,FIRST_CRASH_TYPE,TRAFFICWAY_TYPE,LANE_CNT,ALIGNMENT,ROADWAY_SURFACE_COND,ROAD_DEFECT,REPORT_TYPE,CRASH_TYPE,INTERSECTION_RELATED_I,NOT_RIGHT_OF_WAY_I,HIT_AND_RUN_I,DAMAGE,DATE_POLICE_NOTIFIED,PRIM_CONTRIBUTORY_CAUSE,SEC_CONTRIBUTORY_CAUSE,STREET_NO,STREET_DIRECTION,STREET_NAME,BEAT_OF_OCCURRENCE,PHOTOS_TAKEN_I,STATEMENTS_TAKEN_I,DOORING_I,WORK_ZONE_I,WORK_ZONE_TYPE,WORKERS_PRESENT_I,NUM_UNITS,MOST_SEVERE_INJURY,INJURIES_TOTAL,INJURIES_FATAL,INJURIES_INCAPACITATING,INJURIES_NON_INCAPACITATING,INJURIES_REPORTED_NOT_EVIDENT,INJURIES_NO_INDICATION,INJURIES_UNKNOWN,CRASH_HOUR,CRASH_DAY_OF_WEEK,CRASH_MONTH,LATITUDE,LONGITUDE,LOCATION
88448d6c2b538521ca17d89c423cb88bef8ec9a882b6c2520116d5849e44c65563cdee973bdcdb7f3a7454bcf1a965520d87c1e3c65fe2d8e57a062324d6dd5a,JD116835,,01/15/2020 04:20:00 PM,30,NO CONTROLS,NO CONTROLS,CLEAR,DAYLIGHT,SIDESWIPE SAME DIRECTION,NOT DIVIDED,,STRAIGHT AND LEVEL,DRY,NO DEFECTS,NOT ON SCENE (DESK REPORT),NO INJURY / DRIVE AWAY,,,,"$501 - $1,500",01/15/2020 04:41:00 PM,IMPROPER OVERTAKING/PASSING,NOT APPLICABLE,2217,S,MARSHALL BLVD,1033.0,,,,,,,2,NO INDICATION OF INJURY,0.0,0.0,0.0,0.0,0.0,3.0,0.0,16,4,1,41.8513119176,-87.6989263688,POINT (-87.698926368831 41.851311917641)
ba227e86ca15c3b3f07c7f2bc0756d58c07e2b42520b3c57f650c9c5486e80567bf888c873f9b1eb408cf344124015d6dfd60e80cc2224b4e5263aaad1c549c1,JE134314,,02/06/2021 09:00:00 AM,20,UNKNOWN,UNKNOWN,SNOW,DAYLIGHT,PARKED MOTOR VEHICLE,ONE-WAY,,STRAIGHT AND LEVEL,UNKNOWN,NO DEFECTS,NOT ON SCENE (DESK REPORT),NO INJURY / DRIVE AWAY,,,Y,"OVER $1,500",02/06/2021 01:55:00 PM,UNABLE TO DETERMINE,UNABLE TO DETERMINE,4454,N,HAMLIN AVE,1723.0,,,,,,,2,NO INDICATION OF INJURY,0.0,0.0,0.0,0.0,0.0,1.0,0.0,9,7,2,41.9625629324,-87.7231210676,POINT (-87.723121067647 41.962562932442)
299d411e55d6f27f8cfe715f21cc9a3e58339730c402940e4ae3e7c5d8c36b409cedc2542547b69c059ae3c603e67df755d9718e018645f38df16198ddf9601f,JB535933,,11/26/2018 05:00:00 AM,30,TRAFFIC SIGNAL,NO CONTROLS,CLEAR,DAYLIGHT,REAR END,DIVIDED - W/MEDIAN (NOT RAISED),,STRAIGHT AND LEVEL,DRY,NO DEFECTS,NOT ON SCENE (DESK REPORT),NO INJURY / DRIVE AWAY,,,,"$501 - $1,500",12/01/2018 12:30:00 PM,UNABLE TO DETERMINE,UNABLE TO DETERMINE,2000,W,LAKE ST,1223.0,,,,,,,2,NO INDICATION OF INJURY,0.0,0.0,0.0,0.0,0.0,3.0,0.0,5,2,11,41.8850878852,-87.676868039,POINT (-87.676868038988 41.88508788525)
62f3d5e2fe7ced9ecf3c29ab1c2e0a8ba64d65606b305dbbc5d758be635142be08114bca152b3c2393df4bb1e0a5a6dab86dc0106b0b31e84dd3c542ffcfe2f1,JG307322,,06/19/2023 01:45:00 PM,30,NO CONTROLS,NO CONTROLS,CLEAR,DAYLIGHT,SIDESWIPE SAME DIRECTION,DIVIDED - W/MEDIAN BARRIER,,STRAIGHT AND LEVEL,DRY,UNKNOWN,NOT ON SCENE (DESK REPORT),NO INJURY / DRIVE AWAY,,,,"OVER $1,500",06/19/2023 02:50:00 PM,UNABLE TO DETERMINE,NOT APPLICABLE,8455,S,COTTAGE GROVE AVE,632.0,,,,,,,2,NO INDICATION OF INJURY,0.0,0.0,0.0,0.0,0.0,2.0,0.0,13,2,6,41.7404353087,-87.6047851698,POINT (-87.604785169797 41.740435308719)
6677ed859cfe1c09f2fa0b15c26151480a1d2c386fa921de4bb06299dcec4d9207bf9bb03045cac85489d6cd6775412ac93898bfdde624591182cdde96abb657,JD431578,,11/14/2020 09:08:00 PM,30,NO CONTROLS,NO CONTROLS,RAIN,"DARKNESS, LIGHTED ROAD",SIDESWIPE SAME DIRECTION,NOT DIVIDED,,STRAIGHT AND LEVEL,WET,UNKNOWN,ON SCENE,INJURY AND / OR TOW DUE TO CRASH,,,,"OVER $1,500",11/14/2020 09:26:00 PM,UNABLE TO DETERMINE,NOT APPLICABLE,2798,W,31ST BLVD,1034.0,,,,,,,2,NO INDICATION OF INJURY,0.0,0.0,0.0,0.0,0.0,2.0,0.0,21,7,11,41.8382001948,-87.6940285514,POINT (-87.694028551358 41.838200194817)
009bc9cafd8ad735069a5d8b886db21e28b4c75a18630ad6b36abf42ae4783773691e66bf21c25467e864f3f54e0cd54ff059174f80a8ad84e1258724dc7e21a,JD125553,,01/23/2020 09:18:00 AM,20,NO CONTROLS,NO CONTROLS,SNOW,DAYLIGHT,PARKED MOTOR VEHICLE,ONE-WAY,,STRAIGHT AND LEVEL,SNOW OR SLUSH,NO DEFECTS,NOT ON SCENE (DESK REPORT),NO INJURY / DRIVE AWAY,,,,"$501 - $1,500",01/23/2020 10:00:00 AM,NOT APPLICABLE,NOT APPLICABLE,11702,S,WALLACE ST,524.0,,,,,,,2,NO INDICATION OF INJURY,0.0,0.0,0.0,0.0,0.0,1.0,0.0,9,5,1,41.6818007664,-87.6373581453,POINT (-87.637358145289 41.6818007664)
04f86a00c290e5c340cab399867ea9db67c6c8fabf7cd7e94dd0d8304deab06ac3a09561bd27758f01b893a6f9cab68fa03e81d9d67f1d903dfcdbb9f28f8c02,HZ108739,,01/08/2016 05:00:00 PM,30,TRAFFIC SIGNAL,FUNCTIONING PROPERLY,RAIN,"DARKNESS, LIGHTED ROAD",TURNING,NOT DIVIDED,4.0,STRAIGHT AND LEVEL,WET,NO DEFECTS,NOT ON SCENE (DESK REPORT),NO INJURY / DRIVE AWAY,Y,,,"OVER $1,500",01/08/2016 05:30:00 PM,IMPROPER LANE USAGE,UNABLE TO DETERMINE,1330,W,DIVISION ST,1433.0,,,,,,,2,NO INDICATION OF INJURY,0.0,0.0,0.0,0.0,0.0,2.0,0.0,17,6,1,41.9035383318,-87.6617871662,POINT (-87.661787166244 41.903538331786)
050f8c8b81419aac1732e659c917293bf2d87d27eca39f887b1214d0277b86f4ad1718191166b9a3630a9a6ede4f3c189e5e937ad3c2110445e5a5ebefbf9125,JD246483,,05/29/2020 12:49:00 PM,25,NO CONTROLS,NO CONTROLS,CLEAR,DAYLIGHT,PEDESTRIAN,ONE-WAY,,STRAIGHT AND LEVEL,DRY,NO DEFECTS,ON SCENE,INJURY AND / OR TOW DUE TO CRASH,,,,"OVER $1,500",05/29/2020 12:49:00 PM,NOT APPLICABLE,NOT APPLICABLE,7750,S,EMERALD AVE,621.0,,,,,,,2,INCAPACITATING INJURY,1.0,0.0,1.0,0.0,0.0,1.0,0.0,12,6,5,41.7527829332,-87.643024064,POINT (-87.643024063993 41.75278293318)
f1338f08f0763f4ce1c923c1075ed680d37a5afcf7a01ae767e4aeac6cfcc8e5fd66f7a23a735475d2f944e0a7f279a2367a81a0684c1a7cdd738f2d6584b03c,JE350263,,08/26/2021 02:26:00 AM,30,NO CONTROLS,NO CONTROLS,RAIN,"DARKNESS, LIGHTED ROAD",FIXED OBJECT,NOT DIVIDED,,STRAIGHT AND LEVEL,WET,NO DEFECTS,ON SCENE,INJURY AND / OR TOW DUE TO CRASH,Y,Y,,"OVER $1,500",08/26/2021 02:26:00 AM,UNABLE TO DETERMINE,NOT APPLICABLE,5958,W,WARWICK AVE,1633.0,,,,,,,1,INCAPACITATING INJURY,1.0,0.0,1.0,0.0,0.0,0.0,0.0,2,5,8,41.9486127709,-87.7764890788,POINT (-87.776489078803 41.948612770941)
b7a34fbcec7acab8bdebaeb39f417984f2fc2d16bb88fa48b9335d854421bcd5b8e1f9e6c4bd88724e26962d6543764ab3e6716b32a10bfb92196ba001c63338,JC118920,,01/16/2019 11:15:00 AM,30,NO CONTROLS,NO CONTROLS,CLEAR,DAYLIGHT,PARKED MOTOR VEHICLE,NOT DIVIDED,,STRAIGHT AND LEVEL,DRY,NO DEFECTS,,NO INJURY / DRIVE AWAY,,,,"OVER $1,500",01/16/2019 12:00:00 PM,UNABLE TO DETERMINE,UNABLE TO DETERMINE,1011,W,WELLINGTON AVE,1933.0,,,,,,,2,NO INDICATION OF INJURY,0.0,0.0,0.0,0.0,0.0,1.0,0.0,11,4,1,41.9361537189,-87.6544315465,POINT (-87.654431546489 41.936153718903)
e060f6fff72560b148ccdb74fef2f696fd5d265af217e30559791a20339aaa76171350961208da82c8ba658a29ce2ec1e5709fde55031cb63b20f43b56c4560e,JA209331,,04/02/2017 01:45:00 AM,25,NO CONTROLS,NO CONTROLS,CLEAR,"DARKNESS, LIGHTED ROAD",PARKED MOTOR VEHICLE,ONE-WAY,1.0,STRAIGHT AND LEVEL,DRY,NO DEFECTS,ON SCENE,INJURY AND / OR TOW DUE TO CRASH,,,,"OVER $1,500",04/02/2017 01:45:00 AM,"OPERATING VEHICLE IN ERRATIC, RECKLESS, CARELESS, NEGLIGENT OR AGGRESSIVE MANNER",HAD BEEN DRINKING (USE WHEN ARREST IS NOT MADE),3228,W,DOUGLAS BLVD,1022.0,,,,,,,3,NO INDICATION OF INJURY,0.0,0.0,0.0,0.0,0.0,3.0,0.0,1,1,4,41.8630580492,-87.7067273693,POINT (-87.706727369255 41.863058049193)
415eaaf252a221ca96c16daee3bb86f46054c7e3b4fbdbfcc2fcb8a74772e5628509559629521bf7582215f274e233e030b1618d519833443df0740823f190bd,JA568784,,12/31/2017 10:45:00 AM,30,TRAFFIC SIGNAL,FUNCTIONING PROPERLY,CLEAR,DAYLIGHT,ANGLE,CENTER TURN LANE,3.0,STRAIGHT AND LEVEL,WET,NO DEFECTS,ON SCENE,INJURY AND / OR TOW DUE TO CRASH,Y,,Y,"OVER $1,500",12/31/2017 10:50:00 AM,DISREGARDING TRAFFIC SIGNALS,FAILING TO YIELD RIGHT-OF-WAY,7524,S,LAFAYETTE AVE,623.0,,,,,,,2,NO INDICATION OF INJURY,0.0,0.0,0.0,0.0,0.0,2.0,0.0,10,1,12,41.7573986456,-87.6265000539,POINT (-87.626500053947 41.757398645631)
f2be84d7bb5c8126690c2ae53145db7d0fd5d25303525ab99e0653a0283cb98f0c8a285fe2027054c73c7cb81e463f97912cb7fc5d3456f8dc95e04a0b34839f,JA401348,,08/22/2017 06:40:00 AM,35,NO CONTROLS,NO CONTROLS,CLEAR,DAYLIGHT,ANGLE,NOT DIVIDED,2.0,STRAIGHT AND LEVEL,DRY,NO DEFECTS,NOT ON SCENE (DESK REPORT),NO INJURY / DRIVE AWAY,,,,"$501 - $1,500",08/22/2017 10:40:00 AM,UNABLE TO DETERMINE,UNABLE TO DETERMINE,3255,W,NORTH AVE,1422.0,,,,,,,2,NO INDICATION OF INJURY,0.0,0.0,0.0,0.0,0.0,2.0,0.0,6,3,8,41.9099742633,-87.7092474093,POINT (-87.709247409336 41.909974263308)
74e95ab89208c44459c9b9d03fb2da4529dbb21b0a33476f7aba51077e11b5dff59cdb66cf7e307440f6123cd3de4ded3e2aa7528f85162e1e6dbd5d953ad4d3,JE290835,,07/05/2021 11:55:00 AM,30,NO CONTROLS,NO CONTROLS,CLEAR,DAYLIGHT,PARKED MOTOR VEHICLE,ONE-WAY,,STRAIGHT AND LEVEL,DRY,NO DEFECTS,NOT ON SCENE (DESK REPORT),NO INJURY / DRIVE AWAY,,,,$500 OR LESS,07/05/2021 12:05:00 PM,IMPROPER BACKING,NOT APPLICABLE,3353,S,MAY ST,913.0,,,,,,,2,NO INDICATION OF INJURY,0.0,0.0,0.0,0.0,0.0,1.0,0.0,11,2,7,41.8328469048,-87.6545193945,POINT (-87.654519394474 41.832846904767)
a4dd7117eef139231ba188df7c8072359cac6018e2dbe786751d5937252babbab12258914ddee1b61f3ae0127387cc5cc8cb7dcd3d18021c4c18843a6318a847,JC458730,,10/03/2019 04:00:00 PM,20,STOP SIGN/FLASHER,FUNCTIONING PROPERLY,CLEAR,DAYLIGHT,ANGLE,FOUR WAY,,STRAIGHT AND LEVEL,DRY,NO DEFECTS,ON SCENE,NO INJURY / DRIVE AWAY,Y,Y,,"OVER $1,500",10/03/2019 04:04:00 PM,DRIVING SKILLS/KNOWLEDGE/EXPERIENCE,NOT APPLICABLE,2500,S,HARDING AVE,1013.0,,,,,,,2,NO INDICATION OF INJURY,0.0,0.0,0.0,0.0,0.0,2.0,0.0,16,5,10,41.8460126794,-87.7235219482,POINT (-87.723521948227 41.846012679404)
d530b526a0bc740b81b984658c2ada9b7e76ac67e392652af602eb2545719eb8f3288701517c9ae0cf658488d44f946c2260bf3b03c5d9eb8ed178b178605fbc,JE207965,,04/23/2021 03:41:00 PM,30,NO CONTROLS,NO CONTROLS,CLEAR,DAYLIGHT,PARKED MOTOR VEHICLE,DIVIDED - W/MEDIAN (NOT RAISED),,STRAIGHT AND LEVEL,DRY,NO DEFECTS,ON SCENE,INJURY AND / OR TOW DUE TO CRASH,,,Y,"OVER $1,500",04/23/2021 04:34:00 PM,UNABLE TO DETERMINE,UNABLE TO DETERMINE,1250,W,63RD ST,713.0,,,,,,,2,NO INDICATION OF INJURY,0.0,0.0,0.0,0.0,0.0,1.0,0.0,15,6,4,41.7796915969,-87.6565444538,POINT (-87.656544453822 41.779691596882)
5dcac6c374df36e39c6d794a76dc60cef4bea90eabb0af4e6331a3eab4ee330eafafa042c69bec81e6443d609e375b7f01f2afd4e5af6bdab03223044db88066,JB539657,,11/30/2018 12:20:00 PM,30,TRAFFIC SIGNAL,FUNCTIONING PROPERLY,CLEAR,DAYLIGHT,SIDESWIPE SAME DIRECTION,NOT DIVIDED,0.0,STRAIGHT AND LEVEL,DRY,NO DEFECTS,NOT ON SCENE (DESK REPORT),NO INJURY / DRIVE AWAY,,,,"OVER $1,500",12/04/2018 11:30:00 AM,IMPROPER LANE USAGE,UNABLE TO DETERMINE,814,S,KOSTNER AVE,1131.0,,,,,,,2,NO INDICATION OF INJURY,0.0,0.0,0.0,0.0,0.0,2.0,0.0,12,6,11,41.8702727746,-87.7352574915,POINT (-87.73525749149 41.870272774636)
11f1cac363d52c19e8bda1d4e9c832c6d39a27dd4738ce3b45e3e93dae91376fdea4a560cb0a4d7cd2d9357ff7900a4987dfdc71d36092f4fe4bda3e0c5f3a83,JD154113,,02/16/2020 04:30:00 PM,25,NO CONTROLS,NO CONTROLS,CLEAR,DAYLIGHT,SIDESWIPE SAME DIRECTION,ONE-WAY,,STRAIGHT AND LEVEL,DRY,NO DEFECTS,ON SCENE,NO INJURY / DRIVE AWAY,,,,"OVER $1,500",02/16/2020 05:15:00 PM,IMPROPER OVERTAKING/PASSING,UNABLE TO DETERMINE,850,W,ALDINE AVE,1924.0,,,,,,,2,NO INDICATION OF INJURY,0.0,0.0,0.0,0.0,0.0,3.0,0.0,16,1,2,41.9418877251,-87.6513960273,POINT (-87.651396027315 41.941887725062)
f7ddb1ebcbb126ec063e9d91d983152cbc6ff6f7b2e9c5b8dda5457048c7d5f389c237272d93c8e3c6887b2fe853df0cb5c210e97e85876396d9542359159e5e,JF333901,,07/27/2022 03:20:00 PM,30,TRAFFIC SIGNAL,FUNCTIONING PROPERLY,RAIN,DAYLIGHT,REAR END,DIVIDED - W/MEDIAN (NOT RAISED),,STRAIGHT AND LEVEL,WET,UNKNOWN,NOT ON SCENE (DESK REPORT),NO INJURY / DRIVE AWAY,,,,"OVER $1,500",07/27/2022 05:30:00 PM,UNABLE TO DETERMINE,UNABLE TO DETERMINE,7598,S,STONY ISLAND AVE,411.0,,,,,,,2,NO INDICATION OF INJURY,0.0,0.0,0.0,0.0,0.0,2.0,0.0,15,4,7,41.7569877596,-87.586236471,POINT (-87.586236471042 41.756987759581)
5fc6b94ee03b1dcc3008ff0cb9f98692c0db4025f0d9aca7e1fd69f411c42cb2c35f7e868c8095ff8a1918aab05fc96f4e968e0ac8e676a44935dbb12474f793,JD145622,,02/09/2020 08:00:00 AM,20,NO CONTROLS,NO CONTROLS,CLEAR,DAYLIGHT,PARKED MOTOR VEHICLE,ONE-WAY,,STRAIGHT AND LEVEL,DRY,NO DEFECTS,ON SCENE,NO INJURY / DRIVE AWAY,,,Y,"$501 - $1,500",02/09/2020 11:25:00 AM,NOT APPLICABLE,NOT APPLICABLE,6812,S,PARNELL AVE,722.0,,,,,,,2,NO INDICATION OF INJURY,0.0,0.0,0.0,0.0,0.0,1.0,0.0,8,1,2,41.7703195671,-87.6388139503,POINT (-87.638813950288 41.77031956705)
5fd0e8f37222f74a5eca3014499fdb59be1d6ae7f16bc3b555f98fabf6488346accd4a18cdc05ad246a63fe2d38008beb89a4a03f1eed30b0697da4c92579465,HZ369901,,07/29/2016 04:10:00 PM,30,NO CONTROLS,NO CONTROLS,CLEAR,DAYLIGHT,TURNING,NOT DIVIDED,4.0,STRAIGHT AND LEVEL,WET,NO DEFECTS,NOT ON SCENE (DESK REPORT),NO INJURY / DRIVE AWAY,,,,$500 OR LESS,07/29/2016 04:40:00 PM,IMPROPER TURNING/NO SIGNAL,NOT APPLICABLE,511,W,DIVISION ST,1823.0,,,,,,,2,NO INDICATION OF INJURY,0.0,0.0,0.0,0.0,0.0,2.0,0.0,16,6,7,41.9036308404,-87.6416874319,POINT (-87.641687431939 41.903630840413)
c9a68622b84f6ad73e0052b26bf35e06217cf3a9b010a35457769c3b262f0d2308707990af4737d28ed0c62dd5a42e2965dab12c8843d701ea9d977bdf07ded3,JG253658,,05/09/2023 09:59:00 AM,30,NO CONTROLS,NO CONTROLS,CLEAR,DAYLIGHT,SIDESWIPE SAME DIRECTION,NOT DIVIDED,,STRAIGHT AND LEVEL,DRY,NO DEFECTS,ON SCENE,INJURY AND / OR TOW DUE TO CRASH,,,,"OVER $1,500",05/09/2023 10:00:00 AM,UNABLE TO DETERMINE,NOT APPLICABLE,2102,W,OGDEN AVE,1225.0,,,,,,,2,NO INDICATION OF INJURY,0.0,0.0,0.0,0.0,0.0,2.0,0.0,9,3,5,41.8704637282,-87.6793603047,POINT (-87.679360304749 41.870463728229)
7c82d9feef2587bbfd3f9874cb35906a583e19f3e6e4ed7e767b01a62549e7be30917ccfa59df57cd6693fc9eb04d9c29ff4062b69588ad8b94ec3b1fece1b8c,JC525608,,11/26/2019 05:30:00 PM,30,TRAFFIC SIGNAL,FUNCTIONING PROPERLY,RAIN,DUSK,REAR END,DIVIDED - W/MEDIAN (NOT RAISED),,STRAIGHT AND LEVEL,WET,NO DEFECTS,ON SCENE,NO INJURY / DRIVE AWAY,,,,"OVER $1,500",11/26/2019 06:16:00 PM,FOLLOWING TOO CLOSELY,UNABLE TO DETERMINE,1945,S,HALSTED ST,1235.0,,,,,,,2,NO INDICATION OF INJURY,0.0,0.0,0.0,0.0,0.0,4.0,0.0,17,3,11,41.8554413691,-87.6464281395,POINT (-87.646428139508 41.855441369132)
a47c1b2515a108855f38c1b8fbe386e7c95fa003f07060b120a77d760f261f3bc3a0a663824e35f768ed4f00ecdf11b099224d1b2ada5e3c4778062e211fb88b,JC430421,,09/12/2019 03:00:00 PM,30,TRAFFIC SIGNAL,FUNCTIONING PROPERLY,CLEAR,DAYLIGHT,SIDESWIPE SAME DIRECTION,NOT DIVIDED,,STRAIGHT AND LEVEL,DRY,NO DEFECTS,NOT ON SCENE (DESK REPORT),NO INJURY / DRIVE AWAY,,,,"OVER $1,500",09/12/2019 04:00:00 PM,FAILING TO YIELD RIGHT-OF-WAY,UNABLE TO DETERMINE,6701,S,STONY ISLAND AVE,332.0,,,,,,,2,NO INDICATION OF INJURY,0.0,0.0,0.0,0.0,0.0,2.0,0.0,15,5,9,41.7732549134,-87.5859502967,POINT (-87.585950296714 41.773254913419)
de370579e36e07c41fe4ea156cc786a35819323034675c9bb567efce00c8353d9f77fe3323b936d2491663b4d224546f24e5a8e861fa4e1c4c7dfb86c1e0f659,JE122379,,01/23/2021 11:09:00 PM,30,NO CONTROLS,NO CONTROLS,CLEAR,"DARKNESS, LIGHTED ROAD",ANGLE,OTHER,,STRAIGHT AND LEVEL,DRY,NO DEFECTS,NOT ON SCENE (DESK REPORT),NO INJURY / DRIVE AWAY,,,Y,"$501 - $1,500",01/24/2021 11:12:00 PM,NOT APPLICABLE,NOT APPLICABLE,7859,S,STATE ST,623.0,,,,,,,2,NO INDICATION OF INJURY,0.0,0.0,0.0,0.0,0.0,2.0,0.0,23,7,1,41.7510095803,-87.6244014161,POINT (-87.624401416141 41.75100958029)
bc8391c276004ad84fa32f7cb2145210099205bab1b34087beebd2f2dc2a00a38dd36e67fcc2a2c40a7bce7a00da331d35effdce9dfbc7ea59a5981667a2e8c6,JG341214,,07/14/2023 06:18:00 PM,30,NO CONTROLS,NO CONTROLS,CLEAR,DAYLIGHT,REAR TO FRONT,DIVIDED - W/MEDIAN BARRIER,,STRAIGHT AND LEVEL,DRY,NO DEFECTS,ON SCENE,NO INJURY / DRIVE AWAY,,,,"OVER $1,500",07/14/2023 06:27:00 PM,"VISION OBSCURED (SIGNS, TREE LIMBS, BUILDINGS, ETC.)",UNABLE TO DETERMINE,3836,W,79TH ST,833.0,,,,,,,2,NO INDICATION OF INJURY,0.0,0.0,0.0,0.0,0.0,2.0,0.0,18,6,7,41.7497128557,-87.7197633253,POINT (-87.719763325296 41.749712855654)
d9abbc1527e2b2222c2f52e4f8e5fd84fe5c56cc5b2c27b72bbde530e0b5974db1328dfc4fa91d01458868974184a870b8596215e51db061b4da30a3140dd2dc,JC471492,,10/13/2019 06:38:00 PM,30,NO CONTROLS,NO CONTROLS,CLEAR,"DARKNESS, LIGHTED ROAD",SIDESWIPE SAME DIRECTION,NOT DIVIDED,,STRAIGHT AND LEVEL,DRY,NO DEFECTS,ON SCENE,NO INJURY / DRIVE AWAY,,,,"OVER $1,500",10/13/2019 06:41:00 PM,FAILING TO YIELD RIGHT-OF-WAY,IMPROPER LANE USAGE,555,E,51ST ST,233.0,,,,,,,2,NO INDICATION OF INJURY,0.0,0.0,0.0,0.0,0.0,2.0,0.0,18,1,10,41.8020498215,-87.6119283625,POINT (-87.611928362486 41.80204982153)
4920a4b65a0be93fad8dfac995f45f34ade3ee9e375c39dbc8713394da9a75875a95a2591c8ba48c770bd5112936c287b158773a24c62789f7c77480c8377175,JD433003,,11/16/2020 02:00:00 PM,30,NO CONTROLS,NO CONTROLS,CLEAR,DAYLIGHT,SIDESWIPE SAME DIRECTION,DIVIDED - W/MEDIAN (NOT RAISED),,STRAIGHT AND LEVEL,DRY,NO DEFECTS,NOT ON SCENE (DESK REPORT),NO INJURY / DRIVE AWAY,,,,"OVER $1,500",11/16/2020 02:20:00 PM,IMPROPER OVERTAKING/PASSING,NOT APPLICABLE,2199,N,CICERO AVE,2522.0,,,,,,,2,NO INDICATION OF INJURY,0.0,0.0,0.0,0.0,0.0,2.0,0.0,14,2,11,41.9205404145,-87.7460622723,POINT (-87.746062272349 41.920540414453)
9b3809378f52a25ce37a3c2e51f482cf983f2ced62061764b808173c5fae07a70fb6032d47bb686c7c6708fb3b9d9cfbd9668a45259769b4d42e3c7352028c58,HZ491617,Y,10/27/2016 04:30:00 PM,30,NO CONTROLS,NO CONTROLS,CLEAR,DAYLIGHT,REAR END,DIVIDED - W/MEDIAN (NOT RAISED),4.0,STRAIGHT AND LEVEL,DRY,NO DEFECTS,NOT ON SCENE (DESK REPORT),NO INJURY / DRIVE AWAY,,,,"OVER $1,500",10/27/2016 05:21:00 PM,UNABLE TO DETERMINE,UNABLE TO DETERMINE,1410,S,MUSEUM CAMPUS DR,132.0,,,,,,,2,NO INDICATION OF INJURY,0.0,0.0,0.0,0.0,0.0,2.0,0.0,16,5,10,41.862628294,-87.6150310941,POINT (-87.615031094113 41.862628294038)
8c384ca42908a72f2b406732a17835153f5a51ff96a5a1ad57b4d824488e9efd71dcdc59e9c956a683c9753fd7e49c60028dc9469a0b634fe6ca9a08bb4db6e6,JD466687,,12/22/2020 05:50:00 PM,30,NO CONTROLS,NO CONTROLS,CLEAR,"DARKNESS, LIGHTED ROAD",SIDESWIPE SAME DIRECTION,NOT DIVIDED,,STRAIGHT AND LEVEL,DRY,NO DEFECTS,NOT ON SCENE (DESK REPORT),NO INJURY / DRIVE AWAY,Y,,,"$501 - $1,500",12/22/2020 06:15:00 PM,IMPROPER LANE USAGE,NOT APPLICABLE,3832,W,GRAND AVE,2535.0,,,,,,,2,NO INDICATION OF INJURY,0.0,0.0,0.0,0.0,0.0,3.0,0.0,17,3,12,41.9047345391,-87.722513576,POINT (-87.722513575956 41.904734539068)
5aacdfb369149c20109ad28a421413c72c21ea5c9fc4295a6f0dba68960057cf03296be16a242e147a9de792abbfc5aa75c91602b6e1bfd71068dfcd5ec57644,JF120823,,01/22/2022 12:05:00 PM,30,STOP SIGN/FLASHER,FUNCTIONING PROPERLY,CLEAR,DAYLIGHT,REAR END,FOUR WAY,,STRAIGHT AND LEVEL,DRY,NO DEFECTS,,NO INJURY / DRIVE AWAY,Y,,,"$501 - $1,500",01/22/2022 12:07:00 PM,FOLLOWING TOO CLOSELY,UNABLE TO DETERMINE,3758,W,59TH ST,822.0,,,,,,,2,NO INDICATION OF INJURY,0.0,0.0,0.0,0.0,0.0,2.0,0.0,12,7,1,41.7861250129,-87.7179374162,POINT (-87.717937416216 41.786125012916)
defebcbcf8455d18049663d80d08690f935bcea46ee80d0930c5123ec7e0096f15529ed67408dcdfb59cc993e7878a3a9bb12088ea87e6a2921c8714b5fffc6b,JB556551,,12/17/2018 06:53:00 AM,30,NO CONTROLS,NO CONTROLS,CLEAR,DAYLIGHT,TURNING,ONE-WAY,1.0,STRAIGHT AND LEVEL,DRY,NO DEFECTS,ON SCENE,NO INJURY / DRIVE AWAY,,,,"$501 - $1,500",12/17/2018 06:55:00 AM,IMPROPER BACKING,NOT APPLICABLE,3351,N,WESTERN AVE,1921.0,,,,,,,2,NO INDICATION OF INJURY,0.0,0.0,0.0,0.0,0.0,2.0,0.0,6,2,12,41.942799653,-87.687941771,POINT (-87.687941770971 41.942799652999)
8b18af9a62852b60285ca079b9e486d22c23c65eb935a89e1526fb1d13c63e59706f01481c920eb79840cf7d2e4d29bcec2b56671486600093224c82a9e14c60,JE332998,,08/10/2021 05:17:00 PM,20,NO CONTROLS,NO CONTROLS,CLEAR,DAYLIGHT,PARKED MOTOR VEHICLE,ALLEY,,STRAIGHT AND LEVEL,DRY,NO DEFECTS,ON SCENE,NO INJURY / DRIVE AWAY,,,Y,"$501 - $1,500",08/10/2021 05:22:00 PM,UNABLE TO DETERMINE,UNABLE TO DETERMINE,3019,E,91ST ST,424.0,,,,,,,2,NO INDICATION OF INJURY,0.0,0.0,0.0,0.0,0.0,1.0,0.0,17,3,8,41.7299778712,-87.5503825944,POINT (-87.550382594366 41.729977871188)