CRASH_RECORD_ID,RD_NO,CRASH_DATE_EST_I,CRASH_DATE,POSTED_SPEED_LIMIT,TRAFFIC_CONTROL_DEVICE,DEVICE_CONDITION,WEATHER_CONDITION,LIGHTING_CONDITION,FIRST_CRASH_TYPE,TRAFFICWAY_TYPE,LANE_CNT,ALIGNMENT,ROADWAY_SURFACE_COND,ROAD_DEFECT,REPORT_TYPE,CRASH_TYPE,INTERSECTION_RELATED_I,NOT_RIGHT_OF_WAY_I,HIT_AND_RUN_I,DAMAGE,DATE_POLICE_NOTIFIED,PRIM_CONTRIBUTORY_CAUSE,SEC_CONTRIBUTORY_CAUSE,STREET_NO,STREET_DIRECTION,STREET_NAME,BEAT_OF_OCCURRENCE,PHOTOS_TAKEN_I,STATEMENTS_TAKEN_I,DOORING_I,WORK_ZONE_I,WORK_ZONE_TYPE,WORKERS_PRESENT_I,NUM_UNITS,MOST_SEVERE_INJURY,INJURIES_TOTAL,INJURIES_FATAL,INJURIES_INCAPACITATING,INJURIES_NON_INCAPACITATING,INJURIES_REPORTED_NOT_EVIDENT,INJURIES_NO_INDICATION,INJURIES_UNKNOWN,CRASH_HOUR,CRASH_DAY_OF_WEEK,CRASH_MONTH,LATITUDE,LONGITUDE,LOCATION
84411083bc29d4e04ca8d6525040a6dfd86515b8a28e2e733d8efe671eaf9164b894726170143d33d22a2c6678954f00a5c96b2845c76befe2177a9f722794d4,JA412274,,08/30/2017 04:48:00 PM,30,STOP SIGN/FLASHER,FUNCTIONING PROPERLY,CLEAR,DAYLIGHT,REAR END,DIVIDED - W/MEDIAN (NOT RAISED),2.0,STRAIGHT AND LEVEL,DRY,NO DEFECTS,ON SCENE,NO INJURY / DRIVE AWAY,,,Y,"$501 - $1,500",08/30/2017 05:10:00 PM,UNABLE TO DETERMINE,UNABLE TO DETERMINE,9900,S,WENTWORTH AVE,511.0,,,,,,,2,NO INDICATION OF INJURY,0.0,0.0,0.0,0.0,0.0,4.0,0.0,16,4,8,41.7140651826,-87.6286393768,POINT (-87.628639376841 41.714065182624)
16ef869a7fba9adf471e2d021c93acb28f23130a9ffb60dd9f79c7086faa1f1fab660808f2d41962202988ccafd868d69b5c4053f3bb5ccd3e32a01783f238aa,JG263009,,05/16/2023 03:30:00 PM,15,UNKNOWN,UNKNOWN,CLEAR,DAYLIGHT,PARKED MOTOR VEHICLE,PARKING LOT,,STRAIGHT AND LEVEL,DRY,NO DEFECTS,NOT ON SCENE (DESK REPORT),NO INJURY / DRIVE AWAY,,,Y,"OVER $1,500",05/16/2023 04:45:00 PM,NOT APPLICABLE,NOT APPLICABLE,1200,N,LARRABEE ST,1822.0,,,,,,,2,NO INDICATION OF INJURY,0.0,0.0,0.0,0.0,0.0,1.0,0.0,15,3,5,41.9037696064,-87.6433689399,POINT (-87.643368939876 41.903769606378)
d968ef12ca07e5e8b16581e43fef272d5b86c361a38fb70cbb7aa1d7cfc4125cfec5e70aef498fe6b04f359b77f2acdd0b2dcaa2eead8de555ab154401eedfb5,JE453810,,11/22/2021 04:21:00 PM,30,NO CONTROLS,NO CONTROLS,CLEAR,DARKNESS,PARKED MOTOR VEHICLE,NOT DIVIDED,,STRAIGHT AND LEVEL,DRY,NO DEFECTS,NOT ON SCENE (DESK REPORT),NO INJURY / DRIVE AWAY,,,Y,"$501 - $1,500",11/22/2021 04:51:00 PM,NOT APPLICABLE,NOT APPLICABLE,3606,W,56TH PL,822.0,,,,,,,2,NO INDICATION OF INJURY,0.0,0.0,0.0,0.0,0.0,1.0,0.0,16,2,11,41.790738224,-87.7138457182,POINT (-87.713845718232 41.790738224038)
3683100032721e1a4a92d4a98bb92b8bb8d0fd364ff58a23a96ccba33834e9c965c6ca6de8d9c0185f6a4fdc536558b5adf61f1f410f5b074bc94ed31ea7aa22,JG423200,,09/13/2023 08:52:00 PM,30,NO CONTROLS,NO CONTROLS,CLEAR,"DARKNESS, LIGHTED ROAD",SIDESWIPE SAME DIRECTION,T-INTERSECTION,,STRAIGHT AND LEVEL,DRY,NO DEFECTS,ON SCENE,NO INJURY / DRIVE AWAY,,,,$500 OR LESS,09/13/2023 08:52:00 PM,UNDER THE INFLUENCE OF ALCOHOL/DRUGS (USE WHEN ARREST IS EFFECTED),DRIVING SKILLS/KNOWLEDGE/EXPERIENCE,2857,W,HARRISON ST,1135.0,,,,,,,2,NO INDICATION OF INJURY,0.0,0.0,0.0,0.0,0.0,3.0,0.0,20,4,9,41.8736648659,-87.6983538323,POINT (-87.698353832316 41.873664865943)
1235c2d567c7d73eb17059a4edd469da592ce4d1bfdd76827214abac34cd53f62171bb20ee7eab38135d9559676382e49aec251811d53fbd5d670a4a19089b9e,JF303111,,07/02/2022 08:55:00 PM,30,NO CONTROLS,NO CONTROLS,CLEAR,"DARKNESS, LIGHTED ROAD",SIDESWIPE SAME DIRECTION,DIVIDED - W/MEDIAN (NOT RAISED),,STRAIGHT AND LEVEL,DRY,OTHER,ON SCENE,NO INJURY / DRIVE AWAY,,,,"$501 - $1,500",07/02/2022 09:07:00 PM,UNABLE TO DETERMINE,UNABLE TO DETERMINE,1410,W,IRVING PARK RD,1912.0,,,,,,,2,NO INDICATION OF INJURY,0.0,0.0,0.0,0.0,0.0,4.0,0.0,20,7,7,41.9544584999,-87.6646854682,POINT (-87.664685468198 41.954458499928)
f86c0e32872fde877dbd7f25b257eb1442f9c6f6131c35529c24854cdb0007c466bec57da22cc018a6781b0a608999fd3d5763273f83b10e21bf13ee76c9f466,JD345412,,08/26/2020 02:50:00 AM,30,NO CONTROLS,NO CONTROLS,CLEAR,"DARKNESS, LIGHTED ROAD",PARKED MOTOR VEHICLE,NOT DIVIDED,,STRAIGHT AND LEVEL,DRY,NO DEFECTS,ON SCENE,INJURY AND / OR TOW DUE TO CRASH,,,,"OVER $1,500",08/26/2020 02:51:00 AM,EQUIPMENT - VEHICLE CONDITION,NOT APPLICABLE,7233,N,RIDGE BLVD,2424.0,,,,,,,4,NO INDICATION OF INJURY,0.0,0.0,0.0,0.0,0.0,1.0,0.0,2,4,8,42.0132354666,-87.6832536446,POINT (-87.683253644584 42.013235466554)
d2dee8400188a5f3588dda9804db61ceccb6850869bc7bb6689cce93f32edd68a0049d0b48ee27a42b7c94887c38d46a4bc22d5b4a69b7f2c01ee9ac6450394c,JF448834,,10/22/2022 10:30:00 PM,30,NO CONTROLS,NO CONTROLS,CLEAR,"DARKNESS, LIGHTED ROAD",REAR END,DIVIDED - W/MEDIAN (NOT RAISED),,STRAIGHT AND LEVEL,DRY,NO DEFECTS,NOT ON SCENE (DESK REPORT),INJURY AND / OR TOW DUE TO CRASH,,,,"OVER $1,500",10/25/2022 02:00:00 PM,UNABLE TO DETERMINE,NOT APPLICABLE,5359,S,HARLEM AVE,811.0,,,,,,,3,"REPORTED, NOT EVIDENT",2.0,0.0,0.0,0.0,2.0,2.0,0.0,22,7,10,41.7939666809,-87.8014433212,POINT (-87.801443321237 41.79396668089)
d82748a83fddd63314c260f670fd0c96e6725449d673858d237aefcedeeac572237416c0263ee2c1eb1e10f24d12740e989efc6aa0a8e30673f8573b5d66bcf9,JE429490,,10/31/2021 03:20:00 PM,30,TRAFFIC SIGNAL,FUNCTIONING PROPERLY,CLEAR,DAYLIGHT,TURNING,NOT DIVIDED,,STRAIGHT AND LEVEL,DRY,NO DEFECTS,NOT ON SCENE (DESK REPORT),NO INJURY / DRIVE AWAY,Y,,,"OVER $1,500",10/31/2021 09:50:00 PM,UNABLE TO DETERMINE,UNABLE TO DETERMINE,5701,S,STATE ST,232.0,Y,,,,,,2,NO INDICATION OF INJURY,0.0,0.0,0.0,0.0,0.0,2.0,0.0,15,1,10,41.7909552796,-87.6254591349,POINT (-87.625459134906 41.790955279552)
133b72d00962d34764573c9428a505a24146d6fea9b10451f3ce1f6e476e14e2b0b4249f6d9e9957f7a76d20286288a7e523a371179874c584eeb1a321459389,JA163013,,02/21/2017 06:20:00 PM,0,NO CONTROLS,NO CONTROLS,UNKNOWN,"DARKNESS, LIGHTED ROAD",SIDESWIPE SAME DIRECTION,NOT DIVIDED,2.0,STRAIGHT AND LEVEL,UNKNOWN,NO DEFECTS,NOT ON SCENE (DESK REPORT),NO INJURY / DRIVE AWAY,,,,"$501 - $1,500",02/22/2017 10:20:00 AM,FAILING TO YIELD RIGHT-OF-WAY,NOT APPLICABLE,118,W,GRAND AVE,1831.0,,,,,,,2,NO INDICATION OF INJURY,0.0,0.0,0.0,0.0,0.0,3.0,0.0,18,3,2,41.8917245906,-87.631987765,POINT (-87.631987764955 41.89172459059)
3bf5b4e3b37644aefa9a3a68c8a504a60553bf3a5986d2c722125d93082ce9d5d7b2d322867dc75ab5dcfd57bcc243f277ba59d645710faa192eb74d61630e5f,JC190441,,03/18/2019 03:46:00 PM,15,NO CONTROLS,NO CONTROLS,CLEAR,DAYLIGHT,ANGLE,ALLEY,1.0,STRAIGHT AND LEVEL,DRY,NO DEFECTS,ON SCENE,NO INJURY / DRIVE AWAY,,,,"OVER $1,500",03/18/2019 04:12:00 PM,FAILING TO YIELD RIGHT-OF-WAY,"VISION OBSCURED (SIGNS, TREE LIMBS, BUILDINGS, ETC.)",1649,N,DAMEN AVE,1434.0,,,,,,,2,NO INDICATION OF INJURY,0.0,0.0,0.0,0.0,0.0,2.0,0.0,15,2,3,41.9119712308,-87.6773519357,POINT (-87.677351935704 41.911971230797)
9045a9a1e42563243cbe303446d5ad80c17897c0bf50b6c462c67a88849fb2e510b7ec1d4235849598007976982872d734ef7992aa1f6739ccc33702fcd0d45f,HZ124569,,01/22/2016 01:00:00 PM,30,OTHER,OTHER,CLOUDY/OVERCAST,DAWN,PARKED MOTOR VEHICLE,DIVIDED - W/MEDIAN BARRIER,2.0,STRAIGHT AND LEVEL,DRY,NO DEFECTS,NOT ON SCENE (DESK REPORT),NO INJURY / DRIVE AWAY,,,Y,"OVER $1,500",01/22/2016 02:15:00 PM,UNABLE TO DETERMINE,NOT APPLICABLE,455,N,CITY FRONT PLAZA DR,1834.0,,,,,,,2,NO INDICATION OF INJURY,0.0,0.0,0.0,0.0,0.0,1.0,0.0,13,6,1,41.8900013352,-87.6214386883,POINT (-87.621438688301 41.890001335215)
da52ee562637d5aab3bcee0ca4d9973a66d18583c53414ef081f6e3b0ce2a038f7a319164b33e10c92a4e1dcab39fdc2ff85cc116d0c87ddf254dd7e4766d23f,HZ449320,,09/25/2016 04:20:00 PM,30,NO CONTROLS,NO CONTROLS,CLEAR,DAYLIGHT,REAR END,NOT DIVIDED,,STRAIGHT AND LEVEL,WET,UNKNOWN,NOT ON SCENE (DESK REPORT),NO INJURY / DRIVE AWAY,,,,$500 OR LESS,09/25/2016 04:55:00 PM,DRIVING SKILLS/KNOWLEDGE/EXPERIENCE,NOT APPLICABLE,5159,S,PULASKI RD,822.0,,,,,,,2,NO INDICATION OF INJURY,0.0,0.0,0.0,0.0,0.0,2.0,0.0,16,1,9,41.7988068949,-87.723174753,POINT (-87.723174752986 41.798806894868)
e47e26d0ebfe40f493e46bc044939ea4c811cacf7de3bf7df222d9d519d694f71e1e58418b2ac274ab4fc25ca0690057ebd35c9ba6ceac950e443c5a46573e08,JF378078,,08/31/2022 06:57:00 PM,30,TRAFFIC SIGNAL,FUNCTIONING IMPROPERLY,CLEAR,DAYLIGHT,REAR END,FOUR WAY,,STRAIGHT AND LEVEL,DRY,NO DEFECTS,ON SCENE,INJURY AND / OR TOW DUE TO CRASH,,,Y,"OVER $1,500",08/31/2022 06:57:00 PM,UNABLE TO DETERMINE,UNABLE TO DETERMINE,8700,S,STONY ISLAND AVE,412.0,,,,,,,4,NONINCAPACITATING INJURY,1.0,0.0,0.0,1.0,0.0,5.0,0.0,18,4,8,41.7368226302,-87.5857834203,POINT (-87.585783420329 41.736822630157)
5cef0cfc03d85635fa8f61ad8983ac4df42b73d7f7141b137218fb99373c2bacc02ab75946f58045cce31e475755582b94bf57d11158ea769d3bfd1c2d829706,JC310884,,06/17/2019 10:23:00 PM,30,TRAFFIC SIGNAL,FUNCTIONING PROPERLY,CLEAR,"DARKNESS, LIGHTED ROAD",TURNING,FOUR WAY,,STRAIGHT AND LEVEL,DRY,NO DEFECTS,ON SCENE,NO INJURY / DRIVE AWAY,Y,,,"OVER $1,500",06/17/2019 10:23:00 PM,"OPERATING VEHICLE IN ERRATIC, RECKLESS, CARELESS, NEGLIGENT OR AGGRESSIVE MANNER",DISREGARDING TRAFFIC SIGNALS,652,W,ROOSEVELT RD,1232.0,,,,,,,2,NO INDICATION OF INJURY,0.0,0.0,0.0,0.0,0.0,7.0,0.0,22,2,6,41.8672997743,-87.6443306921,POINT (-87.644330692089 41.867299774301)
be94a03d51ff1f42167021dca1ac5017c6b8472e394d16cafbdca5319bf5bef758af1206539bd1b2890f9af0758535e4ebf16f5cf4d473a5312b40abc2b39597,JG347249,,07/19/2023 10:00:00 AM,25,NO CONTROLS,NO CONTROLS,CLEAR,DAYLIGHT,PARKED MOTOR VEHICLE,ONE-WAY,,STRAIGHT AND LEVEL,DRY,UNKNOWN,ON SCENE,NO INJURY / DRIVE AWAY,,,,"OVER $1,500",07/19/2023 10:00:00 AM,UNABLE TO DETERMINE,UNABLE TO DETERMINE,3702,W,OGDEN AVE,1014.0,,,,,,,2,NO INDICATION OF INJURY,0.0,0.0,0.0,0.0,0.0,2.0,0.0,10,4,7,41.853764401,-87.7177328965,POINT (-87.717732896534 41.85376440097)
35799fc2783382b1e8324946a637c2158cc38782550af7d744ab724e2aad9e6d1c62c4476922cb731cab5f7bd4ae29c037b7d840ff312b9088ae97b5793436ad,JF457896,Y,11/01/2022 01:00:00 PM,30,PEDESTRIAN CROSSING SIGN,NO CONTROLS,CLEAR,DAYLIGHT,PEDESTRIAN,DIVIDED - W/MEDIAN (NOT RAISED),,STRAIGHT AND LEVEL,DRY,NO DEFECTS,ON SCENE,INJURY AND / OR TOW DUE TO CRASH,Y,,,$500 OR LESS,11/01/2022 01:05:00 PM,FAILING TO YIELD RIGHT-OF-WAY,FAILING TO YIELD RIGHT-OF-WAY,2322,W,LELAND AVE,1911.0,,,,,,,2,INCAPACITATING INJURY,1.0,0.0,1.0,0.0,0.0,1.0,0.0,13,3,11,41.9668069935,-87.6883546784,POINT (-87.68835467836 41.966806993487)
51ee03f012f63cc3149e7ba09493dc9b1d8b9c633f3c883785d810ce65b2422b014961e972d02e2b2401ab6a8453da251bc147f24e6ef156133878bb9d75cad8,HZ389260,,08/12/2016 03:50:00 PM,30,NO CONTROLS,NO CONTROLS,CLEAR,DAYLIGHT,ANGLE,ONE-WAY,1.0,STRAIGHT AND LEVEL,DRY,UNKNOWN,NOT ON SCENE (DESK REPORT),NO INJURY / DRIVE AWAY,,,,"OVER $1,500",08/12/2016 04:30:00 PM,FAILING TO YIELD RIGHT-OF-WAY,DRIVING SKILLS/KNOWLEDGE/EXPERIENCE,3918,N,GREENVIEW AVE,1922.0,,,,,,,2,NO INDICATION OF INJURY,0.0,0.0,0.0,0.0,0.0,2.0,0.0,15,6,8,41.9530859435,-87.6676161517,POINT (-87.667616151656 41.953085943531)
5c2e779cd3e31b78620c4fbe7ff27763664c793d2d9becb968a55afec2783620f5014b5a7751424aba5582644f904b5674cfa85bd7624133f5e300b990265a82,JA305086,,06/13/2017 11:41:00 AM,30,NO CONTROLS,UNKNOWN,CLEAR,DAYLIGHT,REAR END,NOT DIVIDED,2.0,STRAIGHT AND LEVEL,DRY,NO DEFECTS,NOT ON SCENE (DESK REPORT),NO INJURY / DRIVE AWAY,,,,"OVER $1,500",06/13/2017 12:18:00 PM,NOT APPLICABLE,NOT APPLICABLE,3269,W,COLUMBUS AVE,834.0,N,,,,,,2,NO INDICATION OF INJURY,0.0,0.0,0.0,0.0,0.0,2.0,0.0,11,3,6,41.7491046928,-87.7042143633,POINT (-87.704214363336 41.749104692813)
20ccdfd0f0312272970fc59c7d6ebad97de50be645a01037b0d80269b50273ef95e07b018fabfd45bd8283a6d387d2cb09f532202a372682c9cf40ccb68cc887,JB550557,,12/12/2018 05:08:00 PM,30,NO CONTROLS,NO CONTROLS,CLEAR,DARKNESS,FIXED OBJECT,NOT DIVIDED,,STRAIGHT AND LEVEL,DRY,NO DEFECTS,ON SCENE,NO INJURY / DRIVE AWAY,,,,"$501 - $1,500",12/12/2018 05:12:00 PM,UNABLE TO DETERMINE,NOT APPLICABLE,3216,W,57TH ST,822.0,,,,,,,1,NO INDICATION OF INJURY,0.0,0.0,0.0,0.0,0.0,1.0,0.0,17,4,12,41.7899795268,-87.704252401,POINT (-87.704252401033 41.789979526819)
a7d2f6da27082cdb22fa677f557247e671fd6b05cae11371626f5b856519b27f37adc226488f4c761c8aa72bf15cf84de5af0408de5e1cbc65d5533b750262b2,JB172176,,03/03/2018 12:30:00 PM,30,TRAFFIC SIGNAL,FUNCTIONING PROPERLY,CLEAR,DAYLIGHT,SIDESWIPE SAME DIRECTION,NOT DIVIDED,2.0,STRAIGHT AND LEVEL,DRY,NO DEFECTS,NOT ON SCENE (DESK REPORT),NO INJURY / DRIVE AWAY,,,,"OVER $1,500",03/03/2018 01:00:00 PM,UNABLE TO DETERMINE,NOT APPLICABLE,1602,W,21ST ST,1234.0,,,,,,,2,NO INDICATION OF INJURY,0.0,0.0,0.0,0.0,0.0,3.0,0.0,12,7,3,41.8542521351,-87.6662271228,POINT (-87.666227122842 41.854252135123)
038685c53a9350acc25629e1f223ed0cba52b45630cd7624621007281985934ad41787d16deffabbc9f13c134ee64944b142e8512255b4c3b482d8d25a089c26,JB419519,,09/02/2018 01:32:00 PM,15,NO CONTROLS,NO CONTROLS,CLEAR,DAYLIGHT,ANGLE,PARKING LOT,,STRAIGHT AND LEVEL,DRY,NO DEFECTS,NOT ON SCENE (DESK REPORT),NO INJURY / DRIVE AWAY,,,,"$501 - $1,500",09/02/2018 07:15:00 PM,UNABLE TO DETERMINE,NOT APPLICABLE,1543,E,87TH ST,412.0,,,,,,,2,NO INDICATION OF INJURY,0.0,0.0,0.0,0.0,0.0,2.0,0.0,13,1,9,41.7367954576,-87.5862725091,POINT (-87.586272509131 41.736795457643)
bc8c9611b35dff1223297ae98a68526925c23f871b93c653c991bd929577593a256f17e8cf6c0a605dd2b077fa510d996e358a927e5697cfc86f5dc2c2aee3fd,JA346133,,07/13/2017 11:00:00 AM,30,NO CONTROLS,NO CONTROLS,CLEAR,DAYLIGHT,PARKED MOTOR VEHICLE,DIVIDED - W/MEDIAN (NOT RAISED),4.0,STRAIGHT AND LEVEL,DRY,NO DEFECTS,ON SCENE,NO INJURY / DRIVE AWAY,,,,"OVER $1,500",07/13/2017 11:02:00 AM,DRIVING SKILLS/KNOWLEDGE/EXPERIENCE,NOT APPLICABLE,4942,W,FULLERTON AVE,2521.0,,,,,,,2,NO INDICATION OF INJURY,0.0,0.0,0.0,0.0,0.0,2.0,0.0,11,5,7,41.9242934205,-87.7504934462,POINT (-87.750493446173 41.924293420525)
77781d15f3d598f51c71a988cb65037b1cc560220c65b40883b799d891744d201e75417882588c7078f45f0d88579671cab59a56eec212fe8fc25a2808d5e6dd,JB562540,,12/21/2018 01:29:00 PM,30,NO CONTROLS,NO CONTROLS,CLEAR,DAYLIGHT,REAR END,NOT DIVIDED,,STRAIGHT AND LEVEL,DRY,NO DEFECTS,ON SCENE,NO INJURY / DRIVE AWAY,,,,$500 OR LESS,12/21/2018 01:30:00 PM,FOLLOWING TOO CLOSELY,NOT APPLICABLE,1124,S,SACRAMENTO BLVD,1134.0,,,,,,,2,NO INDICATION OF INJURY,0.0,0.0,0.0,0.0,0.0,2.0,0.0,13,6,12,41.8674831555,-87.7009625501,POINT (-87.700962550057 41.867483155468)
bdfe4438928fe5102c5c0f92a872fabc32c4e41a924eded0498acfc8e5748badf3e0f80eb5a48ae4c2e6fb0560fd7f0ed3add2ef9283bd114dfd0d26e0d02179,JF281093,,06/15/2022 05:15:00 PM,30,TRAFFIC SIGNAL,FUNCTIONING PROPERLY,CLEAR,DAYLIGHT,REAR END,NOT DIVIDED,,STRAIGHT AND LEVEL,DRY,NO DEFECTS,NOT ON SCENE (DESK REPORT),NO INJURY / DRIVE AWAY,,,,"OVER $1,500",06/15/2022 07:20:00 PM,FAILING TO REDUCE SPEED TO AVOID CRASH,DRIVING SKILLS/KNOWLEDGE/EXPERIENCE,6300,S,CALIFORNIA AVE,823.0,,,,,,,2,NO INDICATION OF INJURY,0.0,0.0,0.0,0.0,0.0,2.0,0.0,17,4,6,41.7790199096,-87.6935354824,POINT (-87.69353548242 41.779019909594)
9476ac6356d91dc7e5ec01492291ef60561a0bef64056111de192dcc57863e5d664d7f4bbf56e4b2244d814f1427bc38218adf162f909e3a0d27a2f789b935e4,JE207615,,04/23/2021 10:35:00 AM,30,TRAFFIC SIGNAL,FUNCTIONING PROPERLY,CLEAR,DAYLIGHT,REAR END,NOT DIVIDED,,STRAIGHT AND LEVEL,DRY,NO DEFECTS,NOT ON SCENE (DESK REPORT),NO INJURY / DRIVE AWAY,,,,"OVER $1,500",04/23/2021 11:10:00 AM,DISTRACTION - FROM OUTSIDE VEHICLE,DISTRACTION - FROM OUTSIDE VEHICLE,6856,S,ASHLAND AVE,725.0,,,,,,,2,NO INDICATION OF INJURY,0.0,0.0,0.0,0.0,0.0,2.0,0.0,10,6,4,41.7686932284,-87.6640553964,POINT (-87.664055396358 41.76869322837)
b22ac55af5354f2b50cde9e73aea20a9e0036f30bd146ce89fb4087f6e7f143b3d2663bb6b553588beccd789e7bd49490cac625085abc52b900a812f31b31a43,HZ147335,,02/10/2016 07:33:00 PM,30,OTHER,OTHER,CLEAR,DAYLIGHT,FIXED OBJECT,NOT DIVIDED,2.0,STRAIGHT AND LEVEL,DRY,NO DEFECTS,NOT ON SCENE (DESK REPORT),NO INJURY / DRIVE AWAY,,,,"$501 - $1,500",02/10/2016 07:33:00 PM,UNABLE TO DETERMINE,NOT APPLICABLE,506,W,HARRISON ST,124.0,,,,,,,2,NO INDICATION OF INJURY,0.0,0.0,0.0,0.0,0.0,1.0,0.0,19,4,2,41.8745121542,-87.6398647091,POINT (-87.639864709144 41.874512154226)
ffaaf2310cdff8b3698687cf283c8e41ea19c6874c7ee32eac8161790474adabe296a149335ec89d82446134a4d8f05de657170d360ac72de7e49c9861f87134,JC352882,,07/17/2019 02:30:00 PM,30,NO CONTROLS,NO CONTROLS,CLEAR,DAYLIGHT,REAR END,NOT DIVIDED,,STRAIGHT AND LEVEL,DRY,NO DEFECTS,,NO INJURY / DRIVE AWAY,,,,"$501 - $1,500",07/17/2019 03:23:00 PM,NOT APPLICABLE,NOT APPLICABLE,11400,S,PULASKI RD,2211.0,,,,,,,2,NO INDICATION OF INJURY,0.0,0.0,0.0,0.0,0.0,3.0,0.0,14,4,7,41.6857048697,-87.7202635724,POINT (-87.720263572365 41.685704869729)
94dc59bafe97b7852698ce74dae01ce94555d62813d1db12e064ae28581485f48dfc1b88be707256d1bf727eeb90e16e93bc919181cb970fd74ef6f3f054c90f,JA443555,Y,09/23/2017 12:00:00 PM,30,UNKNOWN,UNKNOWN,UNKNOWN,UNKNOWN,PARKED MOTOR VEHICLE,NOT DIVIDED,2.0,STRAIGHT AND LEVEL,UNKNOWN,UNKNOWN,NOT ON SCENE (DESK REPORT),NO INJURY / DRIVE AWAY,,,,"OVER $1,500",09/23/2017 03:00:00 PM,UNABLE TO DETERMINE,UNABLE TO DETERMINE,3419,W,GRENSHAW ST,1133.0,,,,,,,2,NO INDICATION OF INJURY,0.0,0.0,0.0,0.0,0.0,1.0,0.0,12,7,9,41.8671855628,-87.7113716996,POINT (-87.711371699645 41.867185562847)
5a1ce608f863bb9b196c090648be515ba780adaefd762d2855f088bcaa39dfd07a76d12e42b6a0fd1100b3b23f6ccbc67878a6f5ec76bae40b01530945623bd0,JG251962,,05/08/2023 01:13:00 AM,30,TRAFFIC SIGNAL,FUNCTIONING PROPERLY,CLEAR,"DARKNESS, LIGHTED ROAD",TURNING,NOT DIVIDED,,STRAIGHT AND LEVEL,DRY,UNKNOWN,ON SCENE,INJURY AND / OR TOW DUE TO CRASH,,,,"OVER $1,500",05/08/2023 01:14:00 AM,IMPROPER TURNING/NO SIGNAL,IMPROPER TURNING/NO SIGNAL,2831,N,MILWAUKEE AVE,1412.0,,,,,,,2,NO INDICATION OF INJURY,0.0,0.0,0.0,0.0,0.0,3.0,0.0,1,2,5,41.93269603,-87.7131201962,POINT (-87.713120196243 41.932696029958)
11aaf44a7bf5b5ad00c99f7c3712c4d9299797858d874e24441fb1f46989d17d5d9ebfc5ca5603f619b0439b124235f35005c9b11c85da52ee6b5e072ebde4c2,JC274937,,05/22/2019 01:15:00 PM,30,NO CONTROLS,NO CONTROLS,CLEAR,DAYLIGHT,PARKED MOTOR VEHICLE,ONE-WAY,,STRAIGHT AND LEVEL,DRY,NO DEFECTS,NOT ON SCENE (DESK REPORT),NO INJURY / DRIVE AWAY,,,,$500 OR LESS,05/23/2019 10:00:00 AM,IMPROPER BACKING,NOT APPLICABLE,3722,S,INDIANA AVE,212.0,,,,,,,2,NO INDICATION OF INJURY,0.0,0.0,0.0,0.0,0.0,1.0,0.0,13,4,5,41.8267254467,-87.6218121965,POINT (-87.621812196537 41.826725446665)
6f1a20030835228c96e53c29c2d56f13aa7fbf8c7b50cbe37085153d2d2a50d6ea402e82f085d131ae761f3c3dda31bcc645428f8a680cef8bed6984aae44c04,JD321179,,08/05/2020 12:48:00 AM,30,NO CONTROLS,NO CONTROLS,CLEAR,"DARKNESS, LIGHTED ROAD",FIXED OBJECT,NOT DIVIDED,,STRAIGHT AND LEVEL,DRY,NO DEFECTS,ON SCENE,INJURY AND / OR TOW DUE TO CRASH,,,Y,"OVER $1,500",08/05/2020 12:48:00 AM,UNABLE TO DETERMINE,UNABLE TO DETERMINE,4819,S,PRINCETON AVE,935.0,,,,,,,1,NO INDICATION OF INJURY,0.0,0.0,0.0,0.0,0.0,1.0,0.0,0,4,8,41.8066505679,-87.633153341,POINT (-87.633153341004 41.806650567889)
90c6b6fcd1e57c3fbf13f877efd291949f010fd877c7319fbb39fa8727079418d39c85762cbcf35ef89255e567e07bcf0c5cc42349974c7d176bf01ef9ad64e3,JF131470,,02/02/2022 12:30:00 AM,30,NO CONTROLS,NO CONTROLS,SNOW,"DARKNESS, LIGHTED ROAD",FIXED OBJECT,DIVIDED - W/MEDIAN (NOT RAISED),,STRAIGHT AND LEVEL,SNOW OR SLUSH,NO DEFECTS,ON SCENE,INJURY AND / OR TOW DUE TO CRASH,,,,"OVER $1,500",02/02/2022 12:33:00 AM,WEATHER,WEATHER,4132,W,MADISON ST,1115.0,,,,,,,1,NO INDICATION OF INJURY,0.0,0.0,0.0,0.0,0.0,1.0,0.0,0,4,2,41.8807906991,-87.7294232861,POINT (-87.729423286063 41.880790699085)
b74124948f63daf7d3be4fe4bac726b4fae2d49b930f702c2db2f91a1d1a44d514c8afdd1e1ada72f0a0911102cebe8a236a2da9a991398c16e619d6f6b36169,JF124674,,01/26/2022 12:30:00 PM,30,NO CONTROLS,NO CONTROLS,CLEAR,DAYLIGHT,TURNING,NOT DIVIDED,,STRAIGHT AND LEVEL,DRY,NO DEFECTS,NOT ON SCENE (DESK REPORT),NO INJURY / DRIVE AWAY,,,,"OVER $1,500",01/26/2022 01:31:00 PM,IMPROPER TURNING/NO SIGNAL,NOT APPLICABLE,6600,S,MARQUETTE RD,312.0,,,,,,,2,NO INDICATION OF INJURY,0.0,0.0,0.0,0.0,0.0,2.0,0.0,12,4,1,41.7747383284,-87.6132404634,POINT (-87.613240463362 41.774738328394)
7f396ab58ba8fb6263719da9a429fa1d7fb9467ea09f1902caae1a32d35b090ff8c3aaea990adb118432ab10fbdabed163a2566d4b302e585b9c9e79de32dfdc,JE139035,,02/11/2021 03:57:00 PM,30,NO CONTROLS,NO CONTROLS,SNOW,DAYLIGHT,SIDESWIPE SAME DIRECTION,ONE-WAY,,STRAIGHT AND LEVEL,SNOW OR SLUSH,UNKNOWN,NOT ON SCENE (DESK REPORT),NO INJURY / DRIVE AWAY,,,Y,"OVER $1,500",02/11/2021 04:55:00 PM,UNABLE TO DETERMINE,UNABLE TO DETERMINE,1506,N,KILDARE AVE,2534.0,,,,,,,2,NO INDICATION OF INJURY,0.0,0.0,0.0,0.0,0.0,3.0,0.0,15,5,2,41.9079214612,-87.7339702162,POINT (-87.733970216172 41.907921461225)