CRASH_RECORD_ID,RD_NO,CRASH_DATE_EST_I,CRASH_DATE,POSTED_SPEED_LIMIT,TRAFFIC_CONTROL_DEVICE,DEVICE_CONDITION,WEATHER_CONDITION,LIGHTING_CONDITION,FIRST_CRASH_TYPE,TRAFFICWAY_TYPE,LANE_CNT,ALIGNMENT,ROADWAY_SURFACE_COND,ROAD_DEFECT,REPORT_TYPE,CRASH_TYPE,INTERSECTION_RELATED_I,NOT_RIGHT_OF_WAY_I,HIT_AND_RUN_I,DAMAGE,DATE_POLICE_NOTIFIED,PRIM_CONTRIBUTORY_CAUSE,SEC_CONTRIBUTORY_CAUSE,STREET_NO,STREET_DIRECTION,STREET_NAME,BEAT_OF_OCCURRENCE,PHOTOS_TAKEN_I,STATEMENTS_TAKEN_I,DOORING_I,WORK_ZONE_I,WORK_ZONE_TYPE,WORKERS_PRESENT_I,NUM_UNITS,MOST_SEVERE_INJURY,INJURIES_TOTAL,INJURIES_FATAL,INJURIES_INCAPACITATING,INJURIES_NON_INCAPACITATING,INJURIES_REPORTED_NOT_EVIDENT,INJURIES_NO_INDICATION,INJURIES_UNKNOWN,CRASH_HOUR,CRASH_DAY_OF_WEEK,CRASH_MONTH,LATITUDE,LONGITUDE,LOCATION
316f02173dc5555be58164299f238d1c14968513011f8df23c4e9922b2d0a2c03bf2ce1857a1e5f5e44c2f70d91f624f440cd73ced2751781985200a0f16b042,JG106348,,01/06/2023 10:47:00 AM,25,NO CONTROLS,NO CONTROLS,CLEAR,DAYLIGHT,REAR TO SIDE,ONE-WAY,,STRAIGHT AND LEVEL,DRY,NO DEFECTS,ON SCENE,INJURY AND / OR TOW DUE TO CRASH,,,,"OVER $1,500",01/06/2023 10:50:00 AM,IMPROPER BACKING,NOT APPLICABLE,3432,W,27TH ST,1032.0,,,,,,,2,NO INDICATION OF INJURY,0.0,0.0,0.0,0.0,0.0,4.0,0.0,10,6,1,41.8427145261,-87.7111434652,POINT (-87.711143465235 41.842714526149)
bc782489233b097b57722f87186ec0563a6602831d0ef546f12e34416c3a9ccc4e6d04d3bca8581397acd86d2d60d37df29d922cd267d0439f86d0dabd1098f6,JC163868,,02/24/2019 03:50:00 AM,30,TRAFFIC SIGNAL,FUNCTIONING PROPERLY,RAIN,DARKNESS,ANGLE,DIVIDED - W/MEDIAN (NOT RAISED),,STRAIGHT AND LEVEL,WET,NO DEFECTS,NOT ON SCENE (DESK REPORT),NO INJURY / DRIVE AWAY,Y,,Y,"$501 - $1,500",02/24/2019 05:15:00 AM,IMPROPER BACKING,UNABLE TO DETERMINE,240,S,HALSTED ST,1232.0,,,,,,,2,NO INDICATION OF INJURY,0.0,0.0,0.0,0.0,0.0,3.0,0.0,3,1,2,41.877978227,-87.6473889426,POINT (-87.647388942575 41.877978227046)
09dc3f4da2db98d6ebd0edaf6e9a6e3883291fbbb5b100f941db1468b768ecefafee3332b09c57f9d56e9ca582a9276dd5665f4943360eaaa0f0be3224856b0d,JB366705,,07/26/2018 06:35:00 PM,30,NO CONTROLS,NO CONTROLS,CLEAR,DAYLIGHT,TURNING,NOT DIVIDED,,STRAIGHT AND LEVEL,DRY,NO DEFECTS,ON SCENE,INJURY AND / OR TOW DUE TO CRASH,,,,"OVER $1,500",07/26/2018 06:42:00 PM,FAILING TO YIELD RIGHT-OF-WAY,UNABLE TO DETERMINE,4540,S,PULASKI RD,815.0,,,,,,,2,NO INDICATION OF INJURY,0.0,0.0,0.0,0.0,0.0,2.0,0.0,18,5,7,41.8103044437,-87.7238220069,POINT (-87.723822006889 41.810304443688)
24dc8215b9f7a21cdc038a792d4417a29bcf97269dfa468fdaeee5e68f33e8d0437af84ddddd7b5ac2649a649887a4f8ad9dcc3455f7a82fd243301395ee8ff5,JF143869,,02/14/2022 09:50:00 AM,30,NO CONTROLS,NO CONTROLS,CLEAR,DAYLIGHT,SIDESWIPE SAME DIRECTION,NOT DIVIDED,,STRAIGHT AND LEVEL,DRY,NO DEFECTS,ON SCENE,INJURY AND / OR TOW DUE TO CRASH,,,Y,"OVER $1,500",02/14/2022 09:55:00 AM,UNABLE TO DETERMINE,UNABLE TO DETERMINE,816,W,71ST ST,733.0,,,,,,,2,NO INDICATION OF INJURY,0.0,0.0,0.0,0.0,0.0,3.0,0.0,9,2,2,41.765301087,-87.6451509961,POINT (-87.645150996109 41.765301087018)
f72bc922a40594014cf71def4b9412aeb2c46564e0f408e8d4a9a033257b8ae3f143c19907208869c50282ffa5578b3b5c61d3686fce5d10b3ec390634a5c948,JA445685,,09/25/2017 09:10:00 AM,30,NO CONTROLS,NO CONTROLS,CLEAR,DAYLIGHT,SIDESWIPE SAME DIRECTION,NOT DIVIDED,,STRAIGHT AND LEVEL,DRY,NO DEFECTS,NOT ON SCENE (DESK REPORT),NO INJURY / DRIVE AWAY,,,,"$501 - $1,500",09/25/2017 09:22:00 AM,IMPROPER LANE USAGE,UNABLE TO DETERMINE,600,W,IRVING PARK DR,1915.0,,,,,,,2,NO INDICATION OF INJURY,0.0,0.0,0.0,0.0,0.0,2.0,0.0,9,2,9,41.954745513,-87.6453293959,POINT (-87.645329395868 41.954745512967)
fbae84c36bc5b748d37d7b13fa2940265d6f3f3ad84bb68efaec9d45f1ded832fdeaf231ddcae4b761136574911d2bd59602539e7d047cf3826365299c44eaca,JG331272,,07/07/2023 09:45:00 AM,30,NO CONTROLS,FUNCTIONING PROPERLY,CLEAR,UNKNOWN,PARKED MOTOR VEHICLE,NOT DIVIDED,,STRAIGHT AND LEVEL,UNKNOWN,NO DEFECTS,NOT ON SCENE (DESK REPORT),NO INJURY / DRIVE AWAY,,,,"OVER $1,500",07/07/2023 11:47:00 AM,UNABLE TO DETERMINE,NOT APPLICABLE,601,S,ALBANY AVE,1134.0,,,,,,,2,NO INDICATION OF INJURY,0.0,0.0,0.0,0.0,0.0,1.0,0.0,9,6,7,41.8736726916,-87.7033178318,POINT (-87.703317831798 41.873672691595)
1f97182806807afa7f11a0b507175d61fe865d7071cb54f9167926d646cc280ac60009584bb94bc73568602e5ac1031ccdb7a5191c16fe6e9c279b8e932a329c,JA218456,Y,04/09/2017 12:02:00 PM,20,UNKNOWN,UNKNOWN,CLEAR,DAYLIGHT,TURNING,DIVIDED - W/MEDIAN (NOT RAISED),2.0,STRAIGHT AND LEVEL,DRY,UNKNOWN,NOT ON SCENE (DESK REPORT),NO INJURY / DRIVE AWAY,,,,"OVER $1,500",04/09/2017 01:00:00 PM,UNABLE TO DETERMINE,UNABLE TO DETERMINE,3230,W,CHICAGO AVE,1121.0,Y,,,Y,CONSTRUCTION,,2,NO INDICATION OF INJURY,0.0,0.0,0.0,0.0,0.0,2.0,0.0,12,1,4,41.8956516626,-87.7077174303,POINT (-87.707717430272 41.895651662649)
660cecc847cb4eaec73a5ce1a9a9c2b9b1ae4c7cdf82680e48affcfbd84ed16d365bf093cd2ce5eba9f59570243ed8b5d455c1473f0b666eb953768cae86027b,HZ562887,,12/23/2016 04:30:00 PM,30,UNKNOWN,UNKNOWN,UNKNOWN,UNKNOWN,ANGLE,UNKNOWN,4.0,STRAIGHT AND LEVEL,UNKNOWN,UNKNOWN,NOT ON SCENE (DESK REPORT),NO INJURY / DRIVE AWAY,,,Y,"OVER $1,500",12/23/2016 05:10:00 PM,UNABLE TO DETERMINE,UNABLE TO DETERMINE,9420,S,ASHLAND AVE,2221.0,,,,,,,2,NO INDICATION OF INJURY,0.0,0.0,0.0,0.0,0.0,2.0,0.0,16,6,12,41.7223769811,-87.6628493795,POINT (-87.662849379458 41.722376981145)
376863c524b9ad60b3d28a960be4d37b17a48479f6d709403a265911c9647fdac2bcd496ca21c4940d9ec5763900f436d92bfb6bac246a8e68fcb107e1de6dc2,JF502124,,12/07/2022 06:45:00 PM,25,NO CONTROLS,NO CONTROLS,CLEAR,"DARKNESS, LIGHTED ROAD",REAR END,NOT DIVIDED,,STRAIGHT AND LEVEL,DRY,NO DEFECTS,NOT ON SCENE (DESK REPORT),NO INJURY / DRIVE AWAY,Y,,,"$501 - $1,500",12/07/2022 10:45:00 PM,UNABLE TO DETERMINE,UNABLE TO DETERMINE,1947,W,HOWARD ST,2424.0,,,,,,,2,NO INDICATION OF INJURY,0.0,0.0,0.0,0.0,0.0,3.0,0.0,18,4,12,42.0193301321,-87.6795818958,POINT (-87.67958189582 42.019330132116)
3a92c3ffd99f8188a78f3c5c60ec13c8844dc80f5763f7707eb5a2f4a1e37f7cc9939b58b4bef6bd955f837b0cbe9e3db42d963a2d46bfe218489c89e606ca3c,JG244273,,04/27/2023 04:58:00 PM,30,UNKNOWN,UNKNOWN,UNKNOWN,UNKNOWN,REAR END,UNKNOWN,,STRAIGHT AND LEVEL,UNKNOWN,UNKNOWN,NOT ON SCENE (DESK REPORT),NO INJURY / DRIVE AWAY,,,Y,"OVER $1,500",05/01/2023 05:00:00 PM,UNABLE TO DETERMINE,NOT APPLICABLE,10000,W,OHARE ST,1651.0,,,,,,,2,NO INDICATION OF INJURY,0.0,0.0,0.0,0.0,0.0,2.0,0.0,16,5,4,41.976201139,-87.9053091251,POINT (-87.905309125103 41.976201139024)
acee9e4ddc0ed075fa0d4330784d3fb6577ef7e9a3913ead9c76bd7a0b02ee1abddbdcd7ef875c45b8e81bb9b62375ef48c429d836a5b7f497e8e34570607164,JC318804,,06/23/2019 06:45:00 PM,30,TRAFFIC SIGNAL,FUNCTIONING PROPERLY,CLEAR,DAYLIGHT,REAR END,DIVIDED - W/MEDIAN BARRIER,,STRAIGHT AND LEVEL,WET,NO DEFECTS,NOT ON SCENE (DESK REPORT),NO INJURY / DRIVE AWAY,,,,"OVER $1,500",06/23/2019 07:00:00 PM,UNABLE TO DETERMINE,UNABLE TO DETERMINE,2500,S,DR MARTIN LUTHER KING JR DR,133.0,,,,,,,2,NO INDICATION OF INJURY,0.0,0.0,0.0,0.0,0.0,4.0,0.0,18,1,6,41.8475166554,-87.6178626679,POINT (-87.617862667903 41.847516655358)
dd0518f0f1222e6014c8f90a0af71769ca4ffde612502be3aaf08accb1e46bf444657902dc1620df93cebbd6817c452982e0598ed34a782c0c401d220259304b,JG411853,,09/01/2023 03:30:00 PM,30,NO CONTROLS,NO CONTROLS,UNKNOWN,DAYLIGHT,PARKED MOTOR VEHICLE,NOT DIVIDED,,STRAIGHT AND LEVEL,UNKNOWN,NO DEFECTS,ON SCENE,NO INJURY / DRIVE AWAY,,,,"OVER $1,500",09/05/2023 10:17:00 AM,UNABLE TO DETERMINE,NOT APPLICABLE,3137,W,JARVIS AVE,2411.0,,,,,,,2,NO INDICATION OF INJURY,0.0,0.0,0.0,0.0,0.0,1.0,0.0,15,6,9,42.0153983196,-87.7083839251,POINT (-87.708383925122 42.015398319569)
42a49a1225dfaf6aa7e75e375b3a27ed8e80e2577a4ea43016b81f797299c2604fb63b6657410ef14583f5348c01d48f3b82a62d068796f4382cf3fdcaf0d3ee,JF379681,,09/01/2022 09:30:00 PM,30,UNKNOWN,UNKNOWN,CLEAR,"DARKNESS, LIGHTED ROAD",PEDESTRIAN,NOT DIVIDED,,STRAIGHT AND LEVEL,DRY,NO DEFECTS,NOT ON SCENE (DESK REPORT),INJURY AND / OR TOW DUE TO CRASH,,,Y,"OVER $1,500",09/02/2022 12:15:00 AM,UNABLE TO DETERMINE,UNABLE TO DETERMINE,10600,S,INDIANA AVE,512.0,,,,,,,2,NONINCAPACITATING INJURY,1.0,0.0,0.0,1.0,0.0,1.0,0.0,21,5,9,41.7015323263,-87.6186328329,POINT (-87.618632832876 41.701532326322)
65e3c5f86909655487ef3a0527208b3a1978834090978bbb80812356b98c16a12f7d15b34b1eaa17ebf50ae4caa3bf8c1c5847e445e9b961328279229781d7c0,JF422487,,10/04/2022 11:08:00 PM,30,STOP SIGN/FLASHER,FUNCTIONING PROPERLY,CLEAR,"DARKNESS, LIGHTED ROAD",ANGLE,FOUR WAY,,STRAIGHT AND LEVEL,DRY,NO DEFECTS,NOT ON SCENE (DESK REPORT),NO INJURY / DRIVE AWAY,Y,,,"OVER $1,500",10/04/2022 11:57:00 PM,FAILING TO REDUCE SPEED TO AVOID CRASH,UNABLE TO DETERMINE,7600,S,COLFAX AVE,421.0,,,,,,,2,NO INDICATION OF INJURY,0.0,0.0,0.0,0.0,0.0,2.0,0.0,23,3,10,41.7571414781,-87.5616350665,POINT (-87.561635066494 41.757141478144)
0eb6f580f86f97700c0ce333cd9e76dc1211be5644ebcb5d3d046d6d09ec05f1a07b72ed9bc20fd56ea154e30d5b987af02093456a40bb996119f66ba9f017e0,JD331944,,08/13/2020 01:05:00 AM,20,NO CONTROLS,NO CONTROLS,CLEAR,DARKNESS,SIDESWIPE OPPOSITE DIRECTION,NOT DIVIDED,,STRAIGHT AND LEVEL,DRY,UNKNOWN,NOT ON SCENE (DESK REPORT),NO INJURY / DRIVE AWAY,,,Y,"OVER $1,500",08/14/2020 11:00:00 AM,"OPERATING VEHICLE IN ERRATIC, RECKLESS, CARELESS, NEGLIGENT OR AGGRESSIVE MANNER",UNABLE TO DETERMINE,355,W,56TH PL,711.0,,,,,,,2,NO INDICATION OF INJURY,0.0,0.0,0.0,0.0,0.0,3.0,0.0,1,5,8,41.7916481099,-87.6349126804,POINT (-87.634912680351 41.791648109909)
b880d283e0620a14961914107405d9f7ef7c8a9bf27f9dccf4bff98f2f6d15684e84c2e3799a1717c96ed51de3cadd4e956c5fab74f69549b93ff55706f20955,JD101372,,01/02/2020 08:10:00 AM,30,NO CONTROLS,NOT FUNCTIONING,CLEAR,DAYLIGHT,REAR END,NOT DIVIDED,,STRAIGHT AND LEVEL,DRY,NO DEFECTS,NOT ON SCENE (DESK REPORT),NO INJURY / DRIVE AWAY,,,,"$501 - $1,500",01/02/2020 08:40:00 AM,FOLLOWING TOO CLOSELY,UNABLE TO DETERMINE,240,S,LA SALLE ST,122.0,,,,,,,2,NO INDICATION OF INJURY,0.0,0.0,0.0,0.0,0.0,2.0,0.0,8,5,1,41.8783503964,-87.6324089353,POINT (-87.632408935331 41.878350396441)
74177e6e019c5fb361df41d70f78c9ae79e5723a1ce87d6361446f379f2d62d1ae49b83b8b999727a35fbbd4962c3a1ef4a44e2cdb591e7ac2d86cd8201e8bf6,JB223618,,04/14/2018 12:11:00 PM,15,NO CONTROLS,NO CONTROLS,RAIN,DAYLIGHT,ANGLE,ALLEY,,STRAIGHT AND LEVEL,DRY,NO DEFECTS,ON SCENE,INJURY AND / OR TOW DUE TO CRASH,,,,"$501 - $1,500",04/14/2018 12:15:00 PM,FAILING TO YIELD RIGHT-OF-WAY,"OPERATING VEHICLE IN ERRATIC, RECKLESS, CARELESS, NEGLIGENT OR AGGRESSIVE MANNER",4412,N,WHIPPLE ST,1724.0,,,,,,,2,NO INDICATION OF INJURY,0.0,0.0,0.0,0.0,0.0,2.0,0.0,12,7,4,41.9616427915,-87.7047422233,POINT (-87.704742223293 41.961642791527)
28f86ad69100fbf4838497bde9bd8330aa5829dff3b628693f4566ddf40766861aa159d2d416dd92bb1107287a3c03ce1fb3d77f12f3628b2ad75c8b9d16a918,JD232894,,05/15/2020 09:30:00 AM,30,TRAFFIC SIGNAL,FUNCTIONING PROPERLY,RAIN,DAYLIGHT,TURNING,NOT DIVIDED,,STRAIGHT AND LEVEL,WET,NO DEFECTS,ON SCENE,NO INJURY / DRIVE AWAY,Y,,,"$501 - $1,500",05/15/2020 09:40:00 AM,FAILING TO YIELD RIGHT-OF-WAY,NOT APPLICABLE,2387,S,KOSTNER AVE,1013.0,,,,,,,2,NO INDICATION OF INJURY,0.0,0.0,0.0,0.0,0.0,2.0,0.0,9,6,5,41.8477896877,-87.7342442082,POINT (-87.734244208158 41.847789687673)
e42dd8634cecd3268e4a398d3216192cd4dfc4421c9ff584f2d8e05acdea13a78cdb4b39ef2369b842b96da14347ad1709688eb2baf2808339172ab0c122e127,JF254046,,05/24/2022 03:32:00 PM,30,NO CONTROLS,UNKNOWN,CLEAR,DAYLIGHT,SIDESWIPE SAME DIRECTION,DIVIDED - W/MEDIAN (NOT RAISED),,STRAIGHT AND LEVEL,DRY,NO DEFECTS,ON SCENE,NO INJURY / DRIVE AWAY,,,,"OVER $1,500",05/24/2022 03:34:00 PM,IMPROPER OVERTAKING/PASSING,UNABLE TO DETERMINE,1516,W,GRAND AVE,1215.0,,,,,,,3,NO INDICATION OF INJURY,0.0,0.0,0.0,0.0,0.0,4.0,0.0,15,3,5,41.8911026914,-87.6662498275,POINT (-87.66624982747 41.891102691399)
7954fc0aa5938631e35b8145207ef6adbbd24ba671995030108a857e26c9742e7b1e51dcbf3b65300faad1bccd0815db5f04f7336c099bd0dcbb9ddb1ef5ca6b,JE459234,,11/28/2021 11:57:00 AM,30,TRAFFIC SIGNAL,FUNCTIONING PROPERLY,CLEAR,DAYLIGHT,PEDALCYCLIST,DIVIDED - W/MEDIAN (NOT RAISED),,STRAIGHT AND LEVEL,UNKNOWN,UNKNOWN,ON SCENE,INJURY AND / OR TOW DUE TO CRASH,Y,,Y,$500 OR LESS,11/28/2021 12:10:00 PM,UNABLE TO DETERMINE,UNABLE TO DETERMINE,1398,N,PULASKI RD,2534.0,,,,,,,2,NONINCAPACITATING INJURY,1.0,0.0,0.0,1.0,0.0,1.0,0.0,11,1,11,41.9061278752,-87.7265540309,POINT (-87.726554030886 41.906127875249)
f3739aa677e95aff639770e965408ab6fab4301ecd9c7fa46d5bb5c8ef3451b64571b5a6505cafa9d4ae9ecaeb5e78ba863eaa0b77d8ead83a8c55ef4807a15a,JC359546,,07/22/2019 12:10:00 PM,30,NO CONTROLS,NO CONTROLS,CLEAR,DAYLIGHT,OTHER OBJECT,DIVIDED - W/MEDIAN BARRIER,,STRAIGHT AND LEVEL,DRY,NO DEFECTS,ON SCENE,INJURY AND / OR TOW DUE TO CRASH,,,,"OVER $1,500",07/22/2019 12:14:00 PM,UNABLE TO DETERMINE,UNABLE TO DETERMINE,2130,W,GARFIELD BLVD,932.0,,,,,,,1,NO INDICATION OF INJURY,0.0,0.0,0.0,0.0,0.0,1.0,0.0,12,2,7,41.793986983,-87.6779663326,POINT (-87.677966332608 41.793986982962)
76ac1aec39bfdef77ef3cabc4c1825ff6474a45d415cc38dcf3a9a2fff37a3b4a99a78ebf47e274a633b1c9da40cabf70fb0f781378039141ec24b67bd0b1571,JA375183,,08/03/2017 08:30:00 AM,35,NO CONTROLS,NO CONTROLS,CLEAR,DAYLIGHT,FIXED OBJECT,DIVIDED - W/MEDIAN (NOT RAISED),2.0,STRAIGHT AND LEVEL,DRY,NO DEFECTS,ON SCENE,NO INJURY / DRIVE AWAY,,N,,"OVER $1,500",08/03/2017 08:50:00 AM,DRIVING SKILLS/KNOWLEDGE/EXPERIENCE,UNABLE TO DETERMINE,1140,S,CANAL ST,124.0,,,,,,,1,NO INDICATION OF INJURY,0.0,0.0,0.0,0.0,0.0,1.0,0.0,8,5,8,41.8678154946,-87.6393563746,POINT (-87.639356374554 41.867815494618)
d82fbcf9b68afa453e6634fc32c0b60364b103df8a323db4715d138ef0e4a148388891b5f74706f1829290fac00ef528d2784251d3ef083734439370499023af,JD322637,Y,08/05/2020 03:00:00 PM,30,NO CONTROLS,NO CONTROLS,UNKNOWN,UNKNOWN,PARKED MOTOR VEHICLE,ONE-WAY,,STRAIGHT AND LEVEL,UNKNOWN,UNKNOWN,NOT ON SCENE (DESK REPORT),NO INJURY / DRIVE AWAY,,,Y,"OVER $1,500",08/06/2020 11:20:00 AM,UNABLE TO DETERMINE,NOT APPLICABLE,8023,S,PAULINA ST,611.0,,,,,,,2,NO INDICATION OF INJURY,0.0,0.0,0.0,0.0,0.0,1.0,0.0,15,4,8,41.7477921251,-87.6656528081,POINT (-87.665652808122 41.747792125071)
f5c0f682d45d7f42d2e4ebb6d48f18e45383d9dc99bb5dfae84ab0b2796264dc086ddcccff4a2cbe9e326fec372735c0fdabe7ab37b08e7a60736ecc840dd118,JF250275,Y,05/18/2022 05:30:00 AM,25,NO CONTROLS,NO CONTROLS,CLEAR,DAYLIGHT,PARKED MOTOR VEHICLE,ONE-WAY,,STRAIGHT AND LEVEL,DRY,NO DEFECTS,NOT ON SCENE (DESK REPORT),NO INJURY / DRIVE AWAY,,,Y,"$501 - $1,500",05/21/2022 09:05:00 AM,UNABLE TO DETERMINE,UNABLE TO DETERMINE,8331,S,ELLIS AVE,632.0,,,,,,,2,NO INDICATION OF INJURY,0.0,0.0,0.0,0.0,0.0,1.0,0.0,5,4,5,41.7430869935,-87.599998841,POINT (-87.599998840953 41.743086993484)
03c2f04239a78591c2f4fff478a0ac5b0487233892a4886c88cfcacfb8045a8f9980cbcee49df8af4479e58434480c91414a497d29691a426ba8682d0ad9e1bb,JD157054,,02/19/2020 07:00:00 AM,15,NO CONTROLS,NO CONTROLS,CLEAR,DAYLIGHT,PARKED MOTOR VEHICLE,ONE-WAY,,STRAIGHT AND LEVEL,WET,UNKNOWN,ON SCENE,NO INJURY / DRIVE AWAY,,,Y,"OVER $1,500",02/19/2020 07:07:00 AM,UNABLE TO DETERMINE,UNABLE TO DETERMINE,1042,N,LAVERGNE AVE,1531.0,,,,,,,3,NO INDICATION OF INJURY,0.0,0.0,0.0,0.0,0.0,1.0,0.0,7,4,2,41.8999109377,-87.7509656247,POINT (-87.75096562468 41.89991093773)
1e09b1dffe192032f49b157de66506e3ced558cbb1f6fe0dd186b47366fa98b9c8668d5d43b9d4f171c9d7bcd50f2796855c0eeecd3fed9837d77af4e9f41b5c,JC304900,,06/13/2019 03:30:00 PM,30,NO CONTROLS,NO CONTROLS,CLEAR,DAYLIGHT,REAR END,DIVIDED - W/MEDIAN (NOT RAISED),,STRAIGHT AND LEVEL,DRY,NO DEFECTS,NOT ON SCENE (DESK REPORT),NO INJURY / DRIVE AWAY,,,,"OVER $1,500",06/13/2019 04:26:00 PM,FOLLOWING TOO CLOSELY,FOLLOWING TOO CLOSELY,1101,W,BRYN MAWR AVE,2023.0,,,,,,,2,NO INDICATION OF INJURY,0.0,0.0,0.0,0.0,0.0,2.0,0.0,15,5,6,41.9835469945,-87.6581060882,POINT (-87.658106088246 41.983546994513)
2ca8c45de7cda5d6474d42d7670af7470a9a833691669be12c24187e713540413773803863cc377df3f71e78348ddfb6762ed9a4b501e63b94fa8ad4cf49db83,JF390606,,09/10/2022 10:27:00 AM,30,NO CONTROLS,NO CONTROLS,CLEAR,DAYLIGHT,TURNING,NOT DIVIDED,,STRAIGHT AND LEVEL,DRY,NO DEFECTS,NOT ON SCENE (DESK REPORT),NO INJURY / DRIVE AWAY,,,,"$501 - $1,500",09/10/2022 11:36:00 AM,UNABLE TO DETERMINE,UNABLE TO DETERMINE,7834,S,COTTAGE GROVE AVE,624.0,,,,,,,2,NO INDICATION OF INJURY,0.0,0.0,0.0,0.0,0.0,2.0,0.0,10,7,9,41.7520535445,-87.6053705099,POINT (-87.605370509937 41.75205354452)
b671c84021448dcccbfaddc37cb8dad5211e1872df05ccae5c0f73ba97c9e45da5f054162e281b9eca130ead40a9be85e0db8bdfe97475c2e9062fd06a39d16a,JB274525,,05/22/2018 10:10:00 PM,30,TRAFFIC SIGNAL,FUNCTIONING PROPERLY,CLEAR,"DARKNESS, LIGHTED ROAD",SIDESWIPE OPPOSITE DIRECTION,NOT DIVIDED,,STRAIGHT AND LEVEL,DRY,NO DEFECTS,ON SCENE,NO INJURY / DRIVE AWAY,,,,"$501 - $1,500",05/22/2018 10:12:00 PM,IMPROPER LANE USAGE,CELL PHONE USE OTHER THAN TEXTING,1900,W,MONTEREY AVE,2212.0,,Y,,,,,2,NO INDICATION OF INJURY,0.0,0.0,0.0,0.0,0.0,2.0,0.0,22,3,5,41.6914347795,-87.6685203937,POINT (-87.668520393669 41.691434779531)
2e16e7138f60332b5c3c2280edff6afc0d9511428a8891103770cc61d5e7d4856fae733274e3917401a85eb8785b2c55d8c6f33248309cb4cccaf7987333aea9,JE288918,,07/03/2021 07:30:00 PM,30,NO CONTROLS,NO CONTROLS,CLEAR,DAYLIGHT,REAR TO FRONT,OTHER,,STRAIGHT AND LEVEL,DRY,NO DEFECTS,NOT ON SCENE (DESK REPORT),NO INJURY / DRIVE AWAY,,,Y,"$501 - $1,500",07/03/2021 08:10:00 PM,DRIVING SKILLS/KNOWLEDGE/EXPERIENCE,NOT APPLICABLE,7600,S,KOSTNER AVE,833.0,,,,,,,2,NO INDICATION OF INJURY,0.0,0.0,0.0,0.0,0.0,2.0,0.0,19,7,7,41.7548789478,-87.732515348,POINT (-87.732515348028 41.754878947819)
4c3d918fa6d955ce8387966f2bc2776ffac0deb317dffb3c0112f82ab4fc7b71ebec71bcdec7f2cad87dba297eaaaf5accb1bb7bae7f2c331fce46c8a7955fb3,JB370395,,07/29/2018 02:40:00 PM,10,NO CONTROLS,NO CONTROLS,CLEAR,DAYLIGHT,PARKED MOTOR VEHICLE,PARKING LOT,,STRAIGHT AND LEVEL,DRY,NO DEFECTS,NOT ON SCENE (DESK REPORT),NO INJURY / DRIVE AWAY,,,,"$501 - $1,500",07/29/2018 04:14:00 PM,UNABLE TO DETERMINE,NOT APPLICABLE,7500,S,ASHLAND AVE,611.0,,,,,,,2,NO INDICATION OF INJURY,0.0,0.0,0.0,0.0,0.0,1.0,0.0,14,1,7,41.7577325515,-87.6637545548,POINT (-87.663754554797 41.757732551539)
b66c2638fd8437190f3fd951501b96e4dd7ab7b56982e1952d3fcb026421051c40fe0b958fbe4d6a73fbfdc1db1b1200a0f06eebef9bfc7859bdd712e8259c43,JC518035,,11/20/2019 05:00:00 PM,30,NO CONTROLS,NO CONTROLS,CLEAR,"DARKNESS, LIGHTED ROAD",ANGLE,NOT DIVIDED,,STRAIGHT AND LEVEL,DRY,NO DEFECTS,NOT ON SCENE (DESK REPORT),NO INJURY / DRIVE AWAY,,,,"$501 - $1,500",11/20/2019 05:30:00 PM,UNABLE TO DETERMINE,UNABLE TO DETERMINE,3600,S,WESTERN BLVD,911.0,,,,,,,2,NO INDICATION OF INJURY,0.0,0.0,0.0,0.0,0.0,2.0,0.0,17,4,11,41.8284035223,-87.6845505847,POINT (-87.684550584737 41.828403522284)
682bc9ebd01638358ca050909c0aacf711cc01bbd258f6d07a61245c50f7f441c7a7501bed04f16e719d201ce8211cc3fba222d1686a0f4b5c115bea18495088,JF394195,,09/13/2022 09:20:00 AM,35,TRAFFIC SIGNAL,FUNCTIONING PROPERLY,CLEAR,DAYLIGHT,TURNING,DIVIDED - W/MEDIAN BARRIER,,STRAIGHT AND LEVEL,DRY,NO DEFECTS,NOT ON SCENE (DESK REPORT),NO INJURY / DRIVE AWAY,Y,,,$500 OR LESS,09/13/2022 10:30:00 AM,FOLLOWING TOO CLOSELY,NOT APPLICABLE,100,W,CONGRESS PKWY,122.0,,,,,,,2,NO INDICATION OF INJURY,0.0,0.0,0.0,0.0,0.0,2.0,0.0,9,3,9,41.8757194148,-87.6307628076,POINT (-87.63076280757 41.875719414832)
b939d00632e093a0ab4a9b2836609af850cc9db50fc90400a90ffa189fe404048245c3ac86f9495f1288e95704019fd2fd8d2915903b101380ea615609292066,JA228215,,04/17/2017 01:20:00 PM,30,NO CONTROLS,NO CONTROLS,CLEAR,DAYLIGHT,REAR END,NOT DIVIDED,4.0,STRAIGHT AND LEVEL,DRY,NO DEFECTS,NOT ON SCENE (DESK REPORT),NO INJURY / DRIVE AWAY,,,,$500 OR LESS,04/17/2017 01:50:00 PM,UNABLE TO DETERMINE,UNABLE TO DETERMINE,3019,W,PETERSON AVE,2011.0,,,,,,,2,NO INDICATION OF INJURY,0.0,0.0,0.0,0.0,0.0,2.0,0.0,13,2,4,41.9902996887,-87.7051332139,POINT (-87.705133213892 41.990299688692)