CRASH_RECORD_ID,RD_NO,CRASH_DATE_EST_I,CRASH_DATE,POSTED_SPEED_LIMIT,TRAFFIC_CONTROL_DEVICE,DEVICE_CONDITION,WEATHER_CONDITION,LIGHTING_CONDITION,FIRST_CRASH_TYPE,TRAFFICWAY_TYPE,LANE_CNT,ALIGNMENT,ROADWAY_SURFACE_COND,ROAD_DEFECT,REPORT_TYPE,CRASH_TYPE,INTERSECTION_RELATED_I,NOT_RIGHT_OF_WAY_I,HIT_AND_RUN_I,DAMAGE,DATE_POLICE_NOTIFIED,PRIM_CONTRIBUTORY_CAUSE,SEC_CONTRIBUTORY_CAUSE,STREET_NO,STREET_DIRECTION,STREET_NAME,BEAT_OF_OCCURRENCE,PHOTOS_TAKEN_I,STATEMENTS_TAKEN_I,DOORING_I,WORK_ZONE_I,WORK_ZONE_TYPE,WORKERS_PRESENT_I,NUM_UNITS,MOST_SEVERE_INJURY,INJURIES_TOTAL,INJURIES_FATAL,INJURIES_INCAPACITATING,INJURIES_NON_INCAPACITATING,INJURIES_REPORTED_NOT_EVIDENT,INJURIES_NO_INDICATION,INJURIES_UNKNOWN,CRASH_HOUR,CRASH_DAY_OF_WEEK,CRASH_MONTH,LATITUDE,LONGITUDE,LOCATION
5a1a998fc8ddcb9a838186f6d12221384b8bf0f9f06c4ce4caaa62f19e44f78f840a8172783034cfa079927c04a20040b881d5ef814a207136a89c915e92024c,JA169719,,02/28/2017 08:15:00 AM,30,STOP SIGN/FLASHER,FUNCTIONING PROPERLY,CLOUDY/OVERCAST,DAYLIGHT,ANGLE,DIVIDED - W/MEDIAN (NOT RAISED),0.0,STRAIGHT AND LEVEL,WET,NO DEFECTS,NOT ON SCENE (DESK REPORT),NO INJURY / DRIVE AWAY,Y,,,"OVER $1,500",02/28/2017 09:15:00 AM,FAILING TO YIELD RIGHT-OF-WAY,NOT APPLICABLE,750,N,OGDEN AVE,1215.0,,,,,,,2,NO INDICATION OF INJURY,0.0,0.0,0.0,0.0,0.0,4.0,0.0,8,3,2,41.8955426017,-87.6554242482,POINT (-87.655424248165 41.8955426017)
a56c7ded7f5f157d696bad61ad0a131aa4a08cc89f97419bb9b9192463e31165005d1984ddee82c3e0f06d5b442a4945cd454cdd48b7d8d243e15a9a6dd5ef7b,JF124328,,01/26/2022 07:55:00 AM,30,TRAFFIC SIGNAL,FUNCTIONING PROPERLY,CLEAR,DAYLIGHT,TURNING,FOUR WAY,,STRAIGHT AND LEVEL,SNOW OR SLUSH,NO DEFECTS,ON SCENE,NO INJURY / DRIVE AWAY,Y,,,"$501 - $1,500",01/26/2022 07:59:00 AM,UNABLE TO DETERMINE,UNABLE TO DETERMINE,2600,S,WESTERN AVE,1034.0,,,,,,,2,NO INDICATION OF INJURY,0.0,0.0,0.0,0.0,0.0,2.0,0.0,7,4,1,41.8448203764,-87.6855931141,POINT (-87.685593114094 41.84482037639)
5fd84421158f2d85f03179b460325a31c7dd777a1c1c8892956c21468286efac6e552512144a70540f5dc513374defe4da2c0f429afe045a219ed57ef77268d2,JD190157,,03/19/2020 03:59:00 PM,30,NO CONTROLS,NO CONTROLS,RAIN,DAYLIGHT,ANGLE,NOT DIVIDED,,STRAIGHT AND LEVEL,WET,NO DEFECTS,ON SCENE,INJURY AND / OR TOW DUE TO CRASH,Y,,,"OVER $1,500",03/19/2020 03:59:00 PM,UNABLE TO DETERMINE,UNABLE TO DETERMINE,4100,W,JACKSON BLVD,1115.0,,,,,,,2,NONINCAPACITATING INJURY,2.0,0.0,0.0,1.0,1.0,2.0,0.0,15,5,3,41.8771653445,-87.7281232551,POINT (-87.728123255087 41.877165344452)
d8e6ff10e232670e4462b9cfd4c762c753476725b3bbe912ffbe1a298b3b595aa5f121b3e1b5fd72282c6d7d070b6f7e817e338584447a4113f3415964220e6c,JG307440,,06/19/2023 03:50:00 PM,25,TRAFFIC SIGNAL,FUNCTIONING PROPERLY,CLEAR,DAYLIGHT,REAR END,NOT DIVIDED,,STRAIGHT AND LEVEL,DRY,NO DEFECTS,NOT ON SCENE (DESK REPORT),NO INJURY / DRIVE AWAY,Y,,,"OVER $1,500",06/19/2023 04:00:00 PM,FOLLOWING TOO CLOSELY,FOLLOWING TOO CLOSELY,905,E,HYDE PARK BLVD,233.0,,,,,,,2,NO INDICATION OF INJURY,0.0,0.0,0.0,0.0,0.0,2.0,0.0,15,2,6,41.8021810934,-87.6035552402,POINT (-87.603555240172 41.802181093356)
8efc6716da34721e96aef6410b7444271f5fc4265c1c74b692e2a3f4089dabad81426ec2099b6912d17b4df3ec48ea3ab8c2d3e31c3c78ab092fc3f482612f3b,JE208076,,04/23/2021 05:15:00 PM,30,NO CONTROLS,NO CONTROLS,CLEAR,DAYLIGHT,REAR END,NOT DIVIDED,,STRAIGHT AND LEVEL,DRY,NO DEFECTS,NOT ON SCENE (DESK REPORT),NO INJURY / DRIVE AWAY,,,,$500 OR LESS,04/23/2021 06:00:00 PM,NOT APPLICABLE,NOT APPLICABLE,1501,W,63RD ST,725.0,,,,,,,2,NO INDICATION OF INJURY,0.0,0.0,0.0,0.0,0.0,2.0,0.0,17,6,4,41.7793977988,-87.6618416865,POINT (-87.661841686514 41.779397798764)
3709979fad684158a58d8b5262b4ca6611a29d6993d36b30429c7a6e116b25bc3606d6efaa2cc9abe0450322eca9a31e2724c151c6d8281f0c42652e8e47207e,JA437894,,09/08/2017 02:00:00 PM,30,NO CONTROLS,NO CONTROLS,CLEAR,DAYLIGHT,PARKED MOTOR VEHICLE,NOT DIVIDED,2.0,STRAIGHT AND LEVEL,DRY,UNKNOWN,NOT ON SCENE (DESK REPORT),NO INJURY / DRIVE AWAY,,,Y,"OVER $1,500",09/19/2017 01:00:00 PM,UNABLE TO DETERMINE,UNABLE TO DETERMINE,4011,N,BROADWAY,1915.0,,,,,,,2,NO INDICATION OF INJURY,0.0,0.0,0.0,0.0,0.0,1.0,0.0,14,6,9,41.9548999038,-87.6505960348,POINT (-87.650596034839 41.95489990378)
dc5c254ca616f7f80fbef683c72726e0889438f12ef445600dcccd6d46a031c6b39e23e0d1073aa60e00bdd93fc8611068ceddccb9db7d4f7d038d1b4aabef76,JE285423,,06/30/2021 12:25:00 PM,30,NO CONTROLS,NO CONTROLS,CLEAR,DAYLIGHT,PARKED MOTOR VEHICLE,ONE-WAY,,STRAIGHT AND LEVEL,DRY,NO DEFECTS,NOT ON SCENE (DESK REPORT),NO INJURY / DRIVE AWAY,,,,"OVER $1,500",06/30/2021 11:00:00 PM,DRIVING SKILLS/KNOWLEDGE/EXPERIENCE,UNABLE TO DETERMINE,126,E,CHESTNUT ST,1833.0,,,,,,,2,NO INDICATION OF INJURY,0.0,0.0,0.0,0.0,0.0,1.0,0.0,12,4,6,41.898488909,-87.6245528841,POINT (-87.624552884098 41.898488909026)
b5ceb65cdcfa7e563e9541d1bf56fab829d239419625f5f1db501cc567376d355b6e86f6f112d76ca0a6ef0df5c7ed98e28ba4d4de45977115c25e7b70dde453,JF484647,,11/23/2022 03:40:00 AM,30,TRAFFIC SIGNAL,FUNCTIONING PROPERLY,CLEAR,"DARKNESS, LIGHTED ROAD",FIXED OBJECT,FOUR WAY,,STRAIGHT AND LEVEL,DRY,NO DEFECTS,ON SCENE,INJURY AND / OR TOW DUE TO CRASH,Y,,Y,"OVER $1,500",11/23/2022 03:45:00 AM,UNABLE TO DETERMINE,NOT APPLICABLE,400,N,WELLS ST,1831.0,,,,,,,1,NONINCAPACITATING INJURY,1.0,0.0,0.0,1.0,0.0,1.0,0.0,3,4,11,41.8891980218,-87.6341572967,POINT (-87.634157296675 41.889198021771)
0e5f8b5ed8cbe280619b293bfeb021b8a9083b2f4bceacfb7944ccdf6784c39a6b2b4e70586de31cbaa4b267ba1670a31bd79d95e40453892c8902608286ecc4,JG160407,,02/21/2023 08:30:00 AM,30,NO CONTROLS,NO CONTROLS,CLEAR,DAYLIGHT,SIDESWIPE SAME DIRECTION,NOT DIVIDED,,STRAIGHT AND LEVEL,DRY,NO DEFECTS,NOT ON SCENE (DESK REPORT),NO INJURY / DRIVE AWAY,,,,"OVER $1,500",02/21/2023 09:35:00 AM,IMPROPER LANE USAGE,UNABLE TO DETERMINE,651,S,DAMEN AVE,1225.0,,,,,,,2,NO INDICATION OF INJURY,0.0,0.0,0.0,0.0,0.0,2.0,0.0,8,3,2,41.8733465258,-87.6762915407,POINT (-87.676291540725 41.87334652581)
305e127cc8737a508ae1e2cd509c585ddc2e674944732b6ee5fcccf5bc8023a0634d4abac58cd8e83641586385198e34247f41b72a616af220e35955efe42379,JA292360,,06/04/2017 03:25:00 PM,30,NO CONTROLS,NO CONTROLS,CLEAR,DAYLIGHT,PARKED MOTOR VEHICLE,OTHER,1.0,STRAIGHT AND LEVEL,DRY,NO DEFECTS,NOT ON SCENE (DESK REPORT),NO INJURY / DRIVE AWAY,,,N,"$501 - $1,500",06/04/2017 04:00:00 PM,UNABLE TO DETERMINE,UNABLE TO DETERMINE,5706,S,KENWOOD AVE,235.0,,,,,,,2,NO INDICATION OF INJURY,0.0,0.0,0.0,0.0,0.0,1.0,0.0,15,1,6,41.7912178737,-87.5933580765,POINT (-87.593358076478 41.791217873748)
adb5a0552d657aa2f243d9a2bf3d22be2955c42ef1ed242e17f7a234498a5a3628213658e27c8d14adbc89a0104fa77db7df37e6ffb288a6d3df2ca3d94f8f08,JG124005,,01/21/2023 07:40:00 AM,30,NO CONTROLS,NO CONTROLS,CLEAR,DAYLIGHT,TURNING,NOT DIVIDED,,STRAIGHT AND LEVEL,DRY,NO DEFECTS,ON SCENE,INJURY AND / OR TOW DUE TO CRASH,,,,"OVER $1,500",01/21/2023 08:00:00 AM,IMPROPER LANE USAGE,UNABLE TO DETERMINE,1232,W,NORTH AVE,1433.0,,,,,,,2,NO INDICATION OF INJURY,0.0,0.0,0.0,0.0,0.0,2.0,0.0,7,7,1,41.910875544,-87.6582782399,POINT (-87.658278239858 41.910875543991)
8010b975d4bc24a0a932b45de911d5569ffa09ff4d8461ce12aa58e592863396fc6c29765f7df73a5af5be7d007e7b60baf7e2e91eca09d1ac1c5d1879199c3d,JF216022,,04/22/2022 10:00:00 AM,25,NO CONTROLS,NO CONTROLS,CLEAR,DAYLIGHT,PARKED MOTOR VEHICLE,NOT DIVIDED,,STRAIGHT AND LEVEL,DRY,UNKNOWN,NOT ON SCENE (DESK REPORT),NO INJURY / DRIVE AWAY,,,Y,"$501 - $1,500",04/22/2022 01:22:00 PM,NOT APPLICABLE,NOT APPLICABLE,2400,W,CONGRESS PKWY,1135.0,,,,,,,2,NO INDICATION OF INJURY,0.0,0.0,0.0,0.0,0.0,1.0,0.0,10,6,4,41.8751052191,-87.6863070725,POINT (-87.686307072463 41.875105219072)
63e56b08b510692da49bf294ac1ac687d87e49498571a6573afc49a3667bfd68be3c2f19903940971706a0cfb6167abe83e8da86e2b5278d2f56d89f30740963,JF123866,,01/25/2022 04:10:00 PM,30,TRAFFIC SIGNAL,FUNCTIONING PROPERLY,CLEAR,DAYLIGHT,TURNING,T-INTERSECTION,,STRAIGHT AND LEVEL,DRY,NO DEFECTS,ON SCENE,NO INJURY / DRIVE AWAY,Y,,Y,"OVER $1,500",01/25/2022 04:26:00 PM,IMPROPER OVERTAKING/PASSING,"OPERATING VEHICLE IN ERRATIC, RECKLESS, CARELESS, NEGLIGENT OR AGGRESSIVE MANNER",998,N,CENTRAL AVE,1511.0,,,,,,,2,NO INDICATION OF INJURY,0.0,0.0,0.0,0.0,0.0,2.0,0.0,16,3,1,41.8984482078,-87.7656703624,POINT (-87.765670362376 41.898448207825)
b8a5bdd645d51f59b17ee2f4f8fca383e5fe1fdd3c82ed085eb0cd3a0bf95e2f3ac0152236911a70c6446a86265316bd0e24a4957531371101b4af606d95d410,JA470479,,10/13/2017 10:30:00 PM,30,NO CONTROLS,UNKNOWN,CLEAR,"DARKNESS, LIGHTED ROAD",PARKED MOTOR VEHICLE,ONE-WAY,,STRAIGHT AND LEVEL,DRY,NO DEFECTS,ON SCENE,INJURY AND / OR TOW DUE TO CRASH,,,Y,"OVER $1,500",10/13/2017 11:52:00 PM,NOT APPLICABLE,NOT APPLICABLE,7611,S,SAGINAW AVE,421.0,,,,,,,2,NO INDICATION OF INJURY,0.0,0.0,0.0,0.0,0.0,1.0,0.0,22,6,10,41.7568842973,-87.5598672135,POINT (-87.559867213495 41.756884297254)
8eec58642ff46ee6d6659dac9ef274e5dca262c8e84be3348422de622bb022cc950fdf87fa8478695fde3bf3e58a3140c04e1a5bd18f855b22abb37d976db62a,JD284681,,07/03/2020 03:15:00 PM,30,TRAFFIC SIGNAL,FUNCTIONING PROPERLY,CLEAR,DAYLIGHT,PEDALCYCLIST,NOT DIVIDED,,STRAIGHT AND LEVEL,DRY,NO DEFECTS,,INJURY AND / OR TOW DUE TO CRASH,,,,$500 OR LESS,07/03/2020 03:15:00 PM,NOT APPLICABLE,NOT APPLICABLE,101,E,BALBO DR,114.0,,,,,,,2,"REPORTED, NOT EVIDENT",1.0,0.0,0.0,0.0,1.0,1.0,0.0,15,6,7,41.8730529266,-87.6241198784,POINT (-87.624119878427 41.873052926585)
cc5afc0e12a47d2e8d4028f7d5bca467f78ba45cd97c7611969c66dbdc46e76a13b4f3feddf373fccd99fc83d7b811fe8a484a6031de543550d35a79d0a2a824,JB208406,,04/02/2018 11:20:00 AM,30,NO CONTROLS,NO CONTROLS,CLEAR,DAYLIGHT,PEDESTRIAN,NOT DIVIDED,4.0,STRAIGHT AND LEVEL,DRY,NO DEFECTS,ON SCENE,INJURY AND / OR TOW DUE TO CRASH,Y,,Y,$500 OR LESS,04/02/2018 11:26:00 AM,FAILING TO YIELD RIGHT-OF-WAY,UNABLE TO DETERMINE,3801,W,63RD ST,823.0,,,N,,,,2,"REPORTED, NOT EVIDENT",1.0,0.0,0.0,0.0,1.0,1.0,0.0,11,2,4,41.7786229648,-87.7179740942,POINT (-87.71797409418 41.778622964818)
976f618a510d3dcd28ad0971ae125c99cc6e605712d95df70a8127b2112da1c81dff9be2819b56ff26ff59320fef5a13c5c7967065ecf93911de1c31cd0afda1,JE356239,,08/31/2021 06:55:00 AM,30,UNKNOWN,UNKNOWN,CLEAR,DAYLIGHT,PARKED MOTOR VEHICLE,NOT DIVIDED,,STRAIGHT AND LEVEL,UNKNOWN,UNKNOWN,NOT ON SCENE (DESK REPORT),NO INJURY / DRIVE AWAY,,,Y,"$501 - $1,500",08/31/2021 08:43:00 AM,UNABLE TO DETERMINE,NOT APPLICABLE,3800,W,MYRICK ST,833.0,,,,,,,2,NO INDICATION OF INJURY,0.0,0.0,0.0,0.0,0.0,1.0,0.0,6,3,8,41.7500886669,-87.718346902,POINT (-87.718346901964 41.750088666855)
bfb6c2fe785fa54e952548b4b795d14996e8ecc4942a969fde25519f074d20a3449d6d72e0355150929c3ee65c64e5f08613c6903deaf84a2303fe807dd20a5d,JG400130,,08/27/2023 05:00:00 PM,25,STOP SIGN/FLASHER,FUNCTIONING PROPERLY,CLEAR,DAYLIGHT,PEDALCYCLIST,FOUR WAY,,STRAIGHT AND LEVEL,DRY,NO DEFECTS,ON SCENE,INJURY AND / OR TOW DUE TO CRASH,Y,,,"OVER $1,500",08/27/2023 05:07:00 PM,FAILING TO YIELD RIGHT-OF-WAY,FAILING TO REDUCE SPEED TO AVOID CRASH,5800,W,BERENICE AVE,1633.0,,,,,,,2,NONINCAPACITATING INJURY,1.0,0.0,0.0,1.0,0.0,2.0,0.0,17,1,8,41.9504797319,-87.7719196331,POINT (-87.771919633142 41.950479731946)
c4ad3db9750b9d451f783c1518d1807e49a79f59b5dfd1977b634c7ec9fe86062d231c766b855179318092838ae80c6ad66b40560b0a3a8951472386440784e0,JG210349,,04/04/2023 08:10:00 AM,55,NO CONTROLS,NO CONTROLS,CLOUDY/OVERCAST,DAYLIGHT,SIDESWIPE SAME DIRECTION,DIVIDED - W/MEDIAN BARRIER,,STRAIGHT AND LEVEL,DRY,NO DEFECTS,ON SCENE,NO INJURY / DRIVE AWAY,,,,"OVER $1,500",04/04/2023 08:22:00 AM,FAILING TO YIELD RIGHT-OF-WAY,FAILING TO YIELD RIGHT-OF-WAY,3260,N,LAKE SHORE DR,1925.0,,,,,,,2,NO INDICATION OF INJURY,0.0,0.0,0.0,0.0,0.0,5.0,0.0,8,3,4,41.9418632403,-87.6399223965,POINT (-87.639922396514 41.94186324032)
2a022118ed99f2031bbf49a32faf58c3379bc4285f2a8799d6a173457661f60a3b7349edfcce8cb198624e80c3cb7b0500086b2e2d7aad4bd7f1956f7d7ac7c4,JD472911,,12/29/2020 05:15:00 PM,30,NO CONTROLS,NO CONTROLS,CLEAR,DAYLIGHT,PARKED MOTOR VEHICLE,NOT DIVIDED,,STRAIGHT AND LEVEL,SNOW OR SLUSH,NO DEFECTS,NOT ON SCENE (DESK REPORT),NO INJURY / DRIVE AWAY,,,,"OVER $1,500",12/29/2020 05:54:00 PM,UNABLE TO DETERMINE,NOT APPLICABLE,8444,S,ASHLAND AVE,614.0,,,,,,,2,NO INDICATION OF INJURY,0.0,0.0,0.0,0.0,0.0,1.0,0.0,17,3,12,41.7399161807,-87.6633158447,POINT (-87.663315844665 41.739916180667)
cb2adb8f2d9d1d0eaa86dd6e164f12e44e119fbc2b5ea84392db598aaab234086687b5f2aba60a70e1c1d23e9b43fd8560b916878ced35d7f9cac98c2c418528,JA235609,,04/23/2017 03:30:00 AM,30,TRAFFIC SIGNAL,FUNCTIONING PROPERLY,CLEAR,"DARKNESS, LIGHTED ROAD",REAR END,NOT DIVIDED,4.0,STRAIGHT AND LEVEL,UNKNOWN,UNKNOWN,NOT ON SCENE (DESK REPORT),NO INJURY / DRIVE AWAY,Y,,,$500 OR LESS,04/23/2017 03:30:00 AM,HAD BEEN DRINKING (USE WHEN ARREST IS NOT MADE),UNABLE TO DETERMINE,3134,N,HALSTED ST,1933.0,,,,,,,2,NO INDICATION OF INJURY,0.0,0.0,0.0,0.0,0.0,2.0,0.0,3,1,4,41.9388852926,-87.649380817,POINT (-87.64938081698 41.938885292551)
84b68f162ba0319a0976bb40923f9c2a44d9a0dea49fe216bfd991722ef5ec9a82485c920909e23287282f8f82c9dd93bf94abd685c88a249eb001efcfa719b6,HZ131431,,01/28/2016 07:47:00 AM,30,NO CONTROLS,NO CONTROLS,CLEAR,DAYLIGHT,REAR END,DIVIDED - W/MEDIAN BARRIER,2.0,STRAIGHT AND LEVEL,DRY,NO DEFECTS,ON SCENE,INJURY AND / OR TOW DUE TO CRASH,,,,"OVER $1,500",01/28/2016 07:49:00 AM,FAILING TO REDUCE SPEED TO AVOID CRASH,FOLLOWING TOO CLOSELY,1531,S,DAMEN AVE,1233.0,,,,,,,2,NONINCAPACITATING INJURY,1.0,0.0,0.0,1.0,0.0,1.0,0.0,7,5,1,41.8603970635,-87.6759323593,POINT (-87.675932359286 41.860397063493)
e85dd1feba3d737d9754a3f1507dc0e7e166ee801bb0578258becffcb84acea03d216c41ec3f93b1f5966d9a299070ada42fa5ccffe5c34f77a3402efc069115,JD121666,,01/19/2020 10:45:00 AM,30,NO CONTROLS,NO CONTROLS,OTHER,"DARKNESS, LIGHTED ROAD",TURNING,UNKNOWN,,STRAIGHT AND LEVEL,ICE,UNKNOWN,ON SCENE,INJURY AND / OR TOW DUE TO CRASH,,,,"OVER $1,500",01/19/2020 10:42:00 PM,WEATHER,NOT APPLICABLE,1359,S,KEDVALE AVE,1011.0,,,,,,,2,NONINCAPACITATING INJURY,4.0,0.0,0.0,4.0,0.0,2.0,0.0,10,1,1,41.8625640906,-87.7285878589,POINT (-87.728587858883 41.862564090644)
012e6e286533da13506a5638522162863e346e64aadec4e7e6881cfd876aeb66c245a5ad36bfab0b16213b0eddda4cc14f5434754c485730d645be6f2df4800d,JB248997,,05/03/2018 08:40:00 PM,30,STOP SIGN/FLASHER,FUNCTIONING PROPERLY,CLEAR,DARKNESS,TURNING,NOT DIVIDED,,STRAIGHT AND LEVEL,DRY,NO DEFECTS,NOT ON SCENE (DESK REPORT),NO INJURY / DRIVE AWAY,,,,"OVER $1,500",05/03/2018 09:50:00 PM,IMPROPER TURNING/NO SIGNAL,FAILING TO REDUCE SPEED TO AVOID CRASH,801,W,87TH ST,2223.0,,,,,,,2,NO INDICATION OF INJURY,0.0,0.0,0.0,0.0,0.0,3.0,0.0,20,5,5,41.7359636473,-87.6436817244,POINT (-87.643681724352 41.735963647349)
dae53f59f2473698e95db59f5ad4bc0d2a52f721a6b26ecc470cad12a91c444c6a3a28ea0f03578a9ca63273fe93bdc250035e0d239a0e972eb7bd6625eb1743,JG409048,,09/03/2023 06:30:00 AM,30,TRAFFIC SIGNAL,FUNCTIONING PROPERLY,CLEAR,DAYLIGHT,ANGLE,TRAFFIC ROUTE,,STRAIGHT AND LEVEL,DRY,NO DEFECTS,ON SCENE,INJURY AND / OR TOW DUE TO CRASH,Y,,,"OVER $1,500",09/03/2023 06:50:00 AM,UNABLE TO DETERMINE,UNABLE TO DETERMINE,232,W,GARFIELD BLVD,935.0,,,,,,,2,NO INDICATION OF INJURY,0.0,0.0,0.0,0.0,0.0,3.0,0.0,6,1,9,41.7946423304,-87.6318434161,POINT (-87.631843416063 41.794642330446)
dbf39f9a1da615366c573b055509fcc350bcd9267bd65cfd9c360e375863bc3110788d0150f7698f62fb25e6430d5a723618cf2e7c3c0cfa93ec1f0d028512ee,JB289417,,06/02/2018 08:12:00 AM,35,TRAFFIC SIGNAL,FUNCTIONING PROPERLY,CLEAR,DAYLIGHT,TURNING,NOT DIVIDED,,STRAIGHT AND LEVEL,DRY,NO DEFECTS,ON SCENE,INJURY AND / OR TOW DUE TO CRASH,Y,,,"OVER $1,500",06/02/2018 08:20:00 AM,FAILING TO YIELD RIGHT-OF-WAY,NOT APPLICABLE,4201,W,MONTROSE AVE,1722.0,,,,,,,3,NO INDICATION OF INJURY,0.0,0.0,0.0,0.0,0.0,3.0,0.0,8,7,6,41.9607816598,-87.7327919907,POINT (-87.732791990685 41.960781659759)
b411a0eeecff122485bc438c1bf3261d85e5ca936b4c75e697db19534a36edb498eb20287c8c9823254461d3154a667b0f9c93c6bd698a76c87172edded5272f,JG173365,,03/04/2023 05:20:00 AM,30,NO CONTROLS,NO CONTROLS,CLEAR,"DARKNESS, LIGHTED ROAD",PARKED MOTOR VEHICLE,ONE-WAY,,STRAIGHT AND LEVEL,DRY,NO DEFECTS,NOT ON SCENE (DESK REPORT),NO INJURY / DRIVE AWAY,,,Y,"OVER $1,500",03/04/2023 05:35:00 AM,UNABLE TO DETERMINE,UNABLE TO DETERMINE,3202,W,MAYPOLE AVE,1123.0,,,,,,,2,NO INDICATION OF INJURY,0.0,0.0,0.0,0.0,0.0,1.0,0.0,5,7,3,41.8837265383,-87.7063920461,POINT (-87.706392046056 41.883726538327)
e9fdc5578a65a293a488ba65edf81f78b05468ef22e3a1e723315bb0c070b5df668a1af0b32466c94fbf31b869337e9874df98b84de8f7d6e0ab79198731ecbe,JC146167,,02/09/2019 01:45:00 PM,15,NO CONTROLS,NO CONTROLS,CLEAR,DAYLIGHT,HEAD ON,PARKING LOT,1.0,STRAIGHT AND LEVEL,DRY,UNKNOWN,ON SCENE,NO INJURY / DRIVE AWAY,,Y,Y,"OVER $1,500",02/09/2019 02:38:00 PM,IMPROPER BACKING,NOT APPLICABLE,4066,N,MILWAUKEE AVE,1624.0,,,,,,,2,NO INDICATION OF INJURY,0.0,0.0,0.0,0.0,0.0,3.0,0.0,13,7,2,41.9546534021,-87.7494774363,POINT (-87.749477436285 41.954653402104)
6d6e78b8a13c973771b62093e4ec7362dce90af73697507d05a809ca05dc80840bbf62207761bf66ba9230957f6e674c02116fd40ad215789c4ba7e3bbef0cd9,JF350532,,07/17/2022 09:20:00 AM,30,NO CONTROLS,FUNCTIONING PROPERLY,CLEAR,DAYLIGHT,PARKED MOTOR VEHICLE,OTHER,,STRAIGHT AND LEVEL,DRY,NO DEFECTS,NOT ON SCENE (DESK REPORT),NO INJURY / DRIVE AWAY,,Y,Y,"OVER $1,500",07/17/2022 09:47:00 AM,IMPROPER BACKING,IMPROPER BACKING,1647,N,LA SALLE DR,1814.0,,,,,,,2,NO INDICATION OF INJURY,0.0,0.0,0.0,0.0,0.0,1.0,0.0,9,1,7,41.9125032395,-87.6330119329,POINT (-87.633011932875 41.912503239452)
96bf449c266a8ce9f33c5b6cadfc715e9927bc7701255d05e3cdf6b53677d954f4bfb655f97447d73bcbe862ca0dfc3eceba1b46929c766bec052341f4b70889,JF484078,,11/22/2022 03:05:00 PM,35,TRAFFIC SIGNAL,UNKNOWN,UNKNOWN,DAYLIGHT,TURNING,OTHER,,STRAIGHT AND LEVEL,UNKNOWN,OTHER,NOT ON SCENE (DESK REPORT),NO INJURY / DRIVE AWAY,,,,"OVER $1,500",11/22/2022 03:30:00 PM,UNABLE TO DETERMINE,UNABLE TO DETERMINE,8300,S,ASHLAND AVE,614.0,,,,,,,2,NO INDICATION OF INJURY,0.0,0.0,0.0,0.0,0.0,3.0,0.0,15,3,11,41.7429840898,-87.6633965553,POINT (-87.663396555268 41.742984089771)
257f81b5176a7193275ea79e601205176b6b202c5a05d5d4f117d9e91a38d4e10fa7dcbb5e9f003c5fcd862673f7ad6d7a547ea7cf6851f0d663c6e4420ac692,JB541486,,12/05/2018 08:40:00 AM,15,NO CONTROLS,NO CONTROLS,CLEAR,DAYLIGHT,PARKED MOTOR VEHICLE,PARKING LOT,2.0,STRAIGHT AND LEVEL,DRY,NO DEFECTS,NOT ON SCENE (DESK REPORT),NO INJURY / DRIVE AWAY,,Y,Y,"$501 - $1,500",12/05/2018 05:45:00 PM,UNABLE TO DETERMINE,UNABLE TO DETERMINE,1258,N,CLARK ST,1821.0,,,,,,,2,NO INDICATION OF INJURY,0.0,0.0,0.0,0.0,0.0,1.0,0.0,8,4,12,41.9055745834,-87.6316469213,POINT (-87.631646921251 41.905574583403)
a40c95cc8014e2d1755173d7f58b342413d2544b60993957e06beb1d72d399df911e08f0372d23034568b1da36f8a61a66e272aa17383efc4f838f67fe9b54fc,JB433067,,09/12/2018 10:10:00 AM,30,TRAFFIC SIGNAL,FUNCTIONING PROPERLY,CLEAR,DAYLIGHT,SIDESWIPE SAME DIRECTION,DIVIDED - W/MEDIAN (NOT RAISED),2.0,STRAIGHT AND LEVEL,DRY,NO DEFECTS,NOT ON SCENE (DESK REPORT),NO INJURY / DRIVE AWAY,Y,,,"OVER $1,500",09/12/2018 10:20:00 PM,UNABLE TO DETERMINE,UNABLE TO DETERMINE,5516,S,MAPLEWOOD AVE,824.0,,,,,,,2,NO INDICATION OF INJURY,0.0,0.0,0.0,0.0,0.0,2.0,0.0,10,4,9,41.7932551419,-87.6878357589,POINT (-87.687835758942 41.79325514186)
4a0adfdbfb1378f54befb50504f627c0f0854f1c638be16df1bcb53bee067780f4e2ad34de92a9a8f898367c6a9e2f9bebe50cfb041adcd3eafe7666c9008a12,JG172503,,03/03/2023 11:49:00 AM,30,NO CONTROLS,NO CONTROLS,CLEAR,DAYLIGHT,OTHER OBJECT,NOT DIVIDED,,STRAIGHT AND LEVEL,DRY,NO DEFECTS,NOT ON SCENE (DESK REPORT),NO INJURY / DRIVE AWAY,,,,"OVER $1,500",03/03/2023 12:20:00 PM,UNABLE TO DETERMINE,UNABLE TO DETERMINE,2100,W,MARQUETTE RD,726.0,,,,,,,1,NO INDICATION OF INJURY,0.0,0.0,0.0,0.0,0.0,1.0,0.0,11,6,3,41.7721547034,-87.6762090021,POINT (-87.676209002099 41.772154703374)