CRASH_RECORD_ID,RD_NO,CRASH_DATE_EST_I,CRASH_DATE,POSTED_SPEED_LIMIT,TRAFFIC_CONTROL_DEVICE,DEVICE_CONDITION,WEATHER_CONDITION,LIGHTING_CONDITION,FIRST_CRASH_TYPE,TRAFFICWAY_TYPE,LANE_CNT,ALIGNMENT,ROADWAY_SURFACE_COND,ROAD_DEFECT,REPORT_TYPE,CRASH_TYPE,INTERSECTION_RELATED_I,NOT_RIGHT_OF_WAY_I,HIT_AND_RUN_I,DAMAGE,DATE_POLICE_NOTIFIED,PRIM_CONTRIBUTORY_CAUSE,SEC_CONTRIBUTORY_CAUSE,STREET_NO,STREET_DIRECTION,STREET_NAME,BEAT_OF_OCCURRENCE,PHOTOS_TAKEN_I,STATEMENTS_TAKEN_I,DOORING_I,WORK_ZONE_I,WORK_ZONE_TYPE,WORKERS_PRESENT_I,NUM_UNITS,MOST_SEVERE_INJURY,INJURIES_TOTAL,INJURIES_FATAL,INJURIES_INCAPACITATING,INJURIES_NON_INCAPACITATING,INJURIES_REPORTED_NOT_EVIDENT,INJURIES_NO_INDICATION,INJURIES_UNKNOWN,CRASH_HOUR,CRASH_DAY_OF_WEEK,CRASH_MONTH,LATITUDE,LONGITUDE,LOCATION
9ea192a931a428a1f4b8783a39d01bc7543b9ac643ed98063250dd00170cf10a68874238f65d6a2907601058ad238f2cb51066b5d18e5ec98b7d3a78b1a10892,JG288763,,05/28/2023 03:45:00 PM,15,NO CONTROLS,NO CONTROLS,CLEAR,DAYLIGHT,OTHER OBJECT,OTHER,,STRAIGHT AND LEVEL,DRY,NO DEFECTS,NOT ON SCENE (DESK REPORT),NO INJURY / DRIVE AWAY,,Y,,"OVER $1,500",06/05/2023 10:25:00 AM,NOT APPLICABLE,NOT APPLICABLE,63,E,LOWER WACKER DR,111.0,,,,,,,2,NO INDICATION OF INJURY,0.0,0.0,0.0,0.0,0.0,1.0,0.0,15,1,5,41.8874815345,-87.6257518489,POINT (-87.625751848893 41.88748153455)
c7615865f94c1ba74e6475ebc1881985d5debb8a7c68c4d6179e397b6d5f545061fdc1fe485034a5e7041aeef42bf9f401383a94c15c7cd9f320106424605a29,JB471728,,10/11/2018 04:55:00 PM,30,NO CONTROLS,NO CONTROLS,CLEAR,DAYLIGHT,SIDESWIPE SAME DIRECTION,DIVIDED - W/MEDIAN (NOT RAISED),2.0,STRAIGHT AND LEVEL,DRY,NO DEFECTS,ON SCENE,NO INJURY / DRIVE AWAY,,,Y,"$501 - $1,500",10/11/2018 04:55:00 PM,IMPROPER OVERTAKING/PASSING,NOT APPLICABLE,1258,S,HALSTED ST,1232.0,,Y,,,,,3,NO INDICATION OF INJURY,0.0,0.0,0.0,0.0,0.0,4.0,0.0,16,5,10,41.865416813,-87.6470127365,POINT (-87.647012736504 41.865416812982)
0182298853741fe12460fabf4b093355b5e78db4241e15347ed87dcdfb809cda75f69d71944e2df137f705b473b9f2756947f4dd3d18e92a3471b33040cd43bb,JF524470,,12/27/2022 05:20:00 PM,30,STOP SIGN/FLASHER,FUNCTIONING PROPERLY,OTHER,"DARKNESS, LIGHTED ROAD",SIDESWIPE SAME DIRECTION,NOT DIVIDED,,STRAIGHT AND LEVEL,SNOW OR SLUSH,UNKNOWN,ON SCENE,NO INJURY / DRIVE AWAY,,,,$500 OR LESS,12/27/2022 06:16:00 PM,UNABLE TO DETERMINE,UNABLE TO DETERMINE,2331,N,HARLEM AVE,2512.0,,,,,,,2,NO INDICATION OF INJURY,0.0,0.0,0.0,0.0,0.0,3.0,0.0,17,3,12,41.9220518972,-87.8060456683,POINT (-87.806045668278 41.922051897221)
7e016a472f7932d98f38299e10545de39ad400b8ae3f87901a82a8c9475021ea9a6749cffc8ea141e8fbb6cae30b0907b6193a1cbdfa7bcd0ff3c8e44cd2d5fc,JC275495,,05/23/2019 03:30:00 PM,30,STOP SIGN/FLASHER,FUNCTIONING PROPERLY,CLEAR,DAYLIGHT,SIDESWIPE SAME DIRECTION,NOT DIVIDED,,STRAIGHT AND LEVEL,DRY,NO DEFECTS,ON SCENE,NO INJURY / DRIVE AWAY,Y,,,"OVER $1,500",05/23/2019 04:34:00 PM,FAILING TO YIELD RIGHT-OF-WAY,NOT APPLICABLE,5657,W,PALMER ST,2515.0,,,,,,,3,NO INDICATION OF INJURY,0.0,0.0,0.0,0.0,0.0,2.0,0.0,15,5,5,41.9201871701,-87.768144803,POINT (-87.768144802972 41.920187170092)
7718495ec9f201e7360b115c1ee22aea062b39b165bd52cd5d0b0b9137963bd3d5869e5f0d0e5d831610a47088f8a464a7f23d9f971ecd253664d4987d933fbb,JE274546,,06/21/2021 04:16:00 PM,30,STOP SIGN/FLASHER,FUNCTIONING PROPERLY,CLEAR,DAYLIGHT,ANGLE,FOUR WAY,,STRAIGHT AND LEVEL,DRY,NO DEFECTS,ON SCENE,INJURY AND / OR TOW DUE TO CRASH,Y,,,"OVER $1,500",06/21/2021 04:42:00 PM,FAILING TO YIELD RIGHT-OF-WAY,NOT APPLICABLE,1900,W,GRAND AVE,1221.0,,,,,,,2,"REPORTED, NOT EVIDENT",2.0,0.0,0.0,0.0,2.0,0.0,0.0,16,2,6,41.8909724651,-87.6745905831,POINT (-87.674590583081 41.890972465107)
355811acdb48e21c93f5286f215f1c4f1d753134075b531b0140ce55504cefe59221bf7c0e084e46683f857f0c59ff49230382fd59c38d9bd5ef098d1da70db9,JC203825,,03/29/2019 08:14:00 AM,30,TRAFFIC SIGNAL,FUNCTIONING PROPERLY,CLEAR,DAYLIGHT,TURNING,ONE-WAY,3.0,STRAIGHT AND LEVEL,DRY,NO DEFECTS,NOT ON SCENE (DESK REPORT),NO INJURY / DRIVE AWAY,Y,,,"OVER $1,500",03/29/2019 09:00:00 AM,IMPROPER OVERTAKING/PASSING,IMPROPER TURNING/NO SIGNAL,141,W,PERSHING RD,925.0,,,,,,,2,NO INDICATION OF INJURY,0.0,0.0,0.0,0.0,0.0,4.0,0.0,8,6,3,41.8235539972,-87.6301616745,POINT (-87.630161674451 41.823553997189)
9a93929895661d9f8ac510737f7b426cdeb2536a4f261eba694e3f386e78e2e55b7bd10e54fd63131c29a12a102421f1f3e1896509bf06aaf339ee9d309969d7,JE235419,,05/19/2021 02:40:00 PM,30,TRAFFIC SIGNAL,FUNCTIONING PROPERLY,CLEAR,DAYLIGHT,TURNING,NOT DIVIDED,,STRAIGHT AND LEVEL,DRY,NO DEFECTS,ON SCENE,INJURY AND / OR TOW DUE TO CRASH,Y,,,"OVER $1,500",05/19/2021 02:45:00 PM,UNABLE TO DETERMINE,NOT APPLICABLE,4799,W,FOSTER AVE,1712.0,,,,,,,2,NO INDICATION OF INJURY,0.0,0.0,0.0,0.0,0.0,2.0,0.0,14,4,5,41.9752312978,-87.7479698462,POINT (-87.747969846164 41.975231297835)
3d6db812eab63697eae1857a59ddab53f675e1a47f3f8bfca2c8993dc6d6b5518d1af5b7ef0e10d46737ebb8772c7a8d0759363762ce8f1ea75ec10aab97a2de,HZ372905,,07/30/2016 09:00:00 PM,30,NO CONTROLS,NO CONTROLS,CLEAR,DAYLIGHT,PARKED MOTOR VEHICLE,NOT DIVIDED,,STRAIGHT AND LEVEL,DRY,NO DEFECTS,NOT ON SCENE (DESK REPORT),NO INJURY / DRIVE AWAY,,,Y,"$501 - $1,500",07/31/2016 08:55:00 PM,UNABLE TO DETERMINE,UNABLE TO DETERMINE,1200,E,71ST ST,321.0,,,,,,,2,NO INDICATION OF INJURY,0.0,0.0,0.0,0.0,0.0,1.0,0.0,21,7,7,41.7660124521,-87.5958409183,POINT (-87.595840918275 41.766012452065)
f4227a474240f2358a704ef10c374ec7a28b5235806077f870fcb16b7be086d25309c87e83909b44f04bbf19cc7ac4b779dbda3190f78fabdb37f3beb1896777,JB364732,,07/23/2018 02:30:00 PM,30,TRAFFIC SIGNAL,FUNCTIONING PROPERLY,CLEAR,DAYLIGHT,SIDESWIPE SAME DIRECTION,NOT DIVIDED,,STRAIGHT AND LEVEL,DRY,NO DEFECTS,NOT ON SCENE (DESK REPORT),NO INJURY / DRIVE AWAY,,,,"$501 - $1,500",07/25/2018 03:00:00 PM,IMPROPER LANE USAGE,NOT APPLICABLE,1960,W,HARRISON ST,1225.0,,,,Y,CONSTRUCTION,,2,NO INDICATION OF INJURY,0.0,0.0,0.0,0.0,0.0,2.0,0.0,14,2,7,41.8741529529,-87.6763782383,POINT (-87.676378238338 41.874152952936)
cfbf86784bd0accaffba2d2502b627d532bb82ed0aa473ddff2008b39df48c145d76dc8fc3654b073893db9b5726173e5f2cf3adbc660f0adedb092981fc9e19,JG300420,,06/14/2023 07:20:00 AM,30,NO CONTROLS,NO CONTROLS,CLEAR,DAYLIGHT,REAR END,NOT DIVIDED,,STRAIGHT AND LEVEL,DRY,NO DEFECTS,NOT ON SCENE (DESK REPORT),NO INJURY / DRIVE AWAY,Y,,,"$501 - $1,500",06/14/2023 09:12:00 AM,FOLLOWING TOO CLOSELY,NOT APPLICABLE,1000,N,STATE ST,1824.0,,,,,,,2,NO INDICATION OF INJURY,0.0,0.0,0.0,0.0,0.0,2.0,0.0,7,4,6,41.9005978565,-87.628459869,POINT (-87.628459869002 41.900597856491)
5495101a733ef074bb86431269e84841e70aa65d8fabdedff82a8bdced4d82af2c54aa40871c32779f2141eb1d96616590b73b84e3a10e4d9c406645ad3fa5b8,JE169614,,03/15/2021 01:45:00 PM,30,NO CONTROLS,NO CONTROLS,SNOW,DUSK,FIXED OBJECT,RAMP,,STRAIGHT AND LEVEL,SNOW OR SLUSH,UNKNOWN,ON SCENE,INJURY AND / OR TOW DUE TO CRASH,,,,"OVER $1,500",03/15/2021 01:45:00 PM,WEATHER,UNABLE TO DETERMINE,5300,S,SHORE DR,234.0,,,,,,,1,INCAPACITATING INJURY,1.0,0.0,1.0,0.0,0.0,1.0,0.0,13,2,3,41.7995692549,-87.5824650372,POINT (-87.582465037155 41.799569254868)
4e0ec8ac2a3ce6bad595c423f371ed6c49d9bea2981a5c73da81666df02b17c45f2f75fbd47ed64397536583ffe76afb0a014bc100c0abdbc07a11e7f6c6ae47,JG171455,,02/22/2023 11:30:00 AM,30,STOP SIGN/FLASHER,FUNCTIONING PROPERLY,RAIN,DAYLIGHT,ANGLE,NOT DIVIDED,,STRAIGHT AND LEVEL,WET,NO DEFECTS,NOT ON SCENE (DESK REPORT),NO INJURY / DRIVE AWAY,,,Y,"$501 - $1,500",03/02/2023 02:13:00 PM,DISREGARDING STOP SIGN,NOT APPLICABLE,3900,W,MARQUETTE RD,833.0,,,,,,,2,NO INDICATION OF INJURY,0.0,0.0,0.0,0.0,0.0,2.0,0.0,11,4,2,41.7715194535,-87.7202502195,POINT (-87.720250219473 41.771519453472)
36733deab95fdcca24dde5ad111a9055700e42f156d1661c274a0168b19c07e5d66104c4ee4a5362c761c1c62d982f2bc2af4fa9dd6da7587cc5b87c0b35d50b,JD159963,,02/21/2020 03:15:00 PM,30,TRAFFIC SIGNAL,FUNCTIONING PROPERLY,CLEAR,DAYLIGHT,REAR END,NOT DIVIDED,,STRAIGHT AND LEVEL,DRY,NO DEFECTS,NOT ON SCENE (DESK REPORT),NO INJURY / DRIVE AWAY,,,,$500 OR LESS,02/21/2020 03:55:00 PM,UNABLE TO DETERMINE,NOT APPLICABLE,1535,W,DIVISION ST,1213.0,,,,,,,2,NO INDICATION OF INJURY,0.0,0.0,0.0,0.0,0.0,3.0,0.0,15,6,2,41.903248153,-87.6665338117,POINT (-87.666533811725 41.903248153043)
e37608cdc24b1f64530768319f88aec8fd48da803f7673f5f296ca11d7bca564930319ab24f908b648a0737cc7a8cb4acdf9459d696508eec3f309f5447b9c0f,JB496565,,10/30/2018 02:50:00 PM,30,TRAFFIC SIGNAL,FUNCTIONING PROPERLY,CLEAR,DAYLIGHT,REAR END,NOT DIVIDED,6.0,STRAIGHT AND LEVEL,DRY,NO DEFECTS,,INJURY AND / OR TOW DUE TO CRASH,,,,"OVER $1,500",10/30/2018 02:52:00 PM,UNABLE TO DETERMINE,UNABLE TO DETERMINE,5701,S,HARLEM AVE,811.0,,,,,,,2,"REPORTED, NOT EVIDENT",1.0,0.0,0.0,0.0,1.0,1.0,0.0,14,3,10,41.7882604361,-87.8012241186,POINT (-87.801224118635 41.78826043611)
9bdcb2100935809552faa79c1357657b1122b95fa37cde4193f65797ba1e36476cc1b7a55c358a302086294b539682e3f8199036f4ab0de820eb07fe84c7b16d,JG193721,,03/21/2023 01:29:00 PM,25,NO CONTROLS,NO CONTROLS,CLEAR,DAYLIGHT,PARKED MOTOR VEHICLE,NOT DIVIDED,,STRAIGHT AND LEVEL,DRY,NO DEFECTS,NOT ON SCENE (DESK REPORT),NO INJURY / DRIVE AWAY,,,,"$501 - $1,500",03/21/2023 02:46:00 PM,NOT APPLICABLE,NOT APPLICABLE,2821,W,POLK ST,1135.0,,,,,,,2,NO INDICATION OF INJURY,0.0,0.0,0.0,0.0,0.0,1.0,0.0,13,3,3,41.8709455011,-87.6969049547,POINT (-87.696904954696 41.87094550107)
e04fb95b041769d5fd8ae126547b3a6b089045e08c1c3bb10715b384c94c74edd818b5578d8a7a984a0f41b9be57c850144226c37d408e12d8410c2cb1e7d917,JB430046,,09/09/2018 03:30:00 PM,30,TRAFFIC SIGNAL,FUNCTIONING PROPERLY,CLEAR,DAYLIGHT,ANGLE,NOT DIVIDED,,STRAIGHT AND LEVEL,DRY,NO DEFECTS,NOT ON SCENE (DESK REPORT),NO INJURY / DRIVE AWAY,,,,"OVER $1,500",09/10/2018 05:26:00 PM,DISREGARDING TRAFFIC SIGNALS,IMPROPER LANE USAGE,5101,S,WENTWORTH AVE,225.0,,,,,,,2,NO INDICATION OF INJURY,0.0,0.0,0.0,0.0,0.0,2.0,0.0,15,1,9,41.8018110912,-87.6305601801,POINT (-87.630560180083 41.801811091232)
84b09c89365c7c37c5c688d1856452b0573c664108f510b903bca2574956b2ec862e4db99021df0247873d36241c4127b721099002dcc3708060efc4c7bf41ba,JC392261,,08/14/2019 02:54:00 PM,30,NO CONTROLS,NO CONTROLS,CLEAR,DAYLIGHT,SIDESWIPE SAME DIRECTION,NOT DIVIDED,,STRAIGHT AND LEVEL,DRY,NO DEFECTS,ON SCENE,NO INJURY / DRIVE AWAY,,,,$500 OR LESS,08/14/2019 02:55:00 PM,"VISION OBSCURED (SIGNS, TREE LIMBS, BUILDINGS, ETC.)",NOT APPLICABLE,720,W,PERSHING RD,915.0,,,,,,,2,NO INDICATION OF INJURY,0.0,0.0,0.0,0.0,0.0,2.0,0.0,14,4,8,41.8235855653,-87.6444758197,POINT (-87.644475819659 41.823585565317)
9052d80b47563d026f638167a8f8eb3247ac4e03b1cb8793c3ad57103f271a9096247562d36ce1de859d9a50b0593b07263959e778e9a0490f986a9cdf904e4e,HY546295,,12/20/2015 04:42:00 AM,0,NO CONTROLS,NO CONTROLS,CLEAR,DARKNESS,PEDESTRIAN,PARKING LOT,0.0,STRAIGHT AND LEVEL,DRY,NO DEFECTS,NOT ON SCENE (DESK REPORT),INJURY AND / OR TOW DUE TO CRASH,,,,$500 OR LESS,12/22/2015 11:15:00 AM,UNABLE TO DETERMINE,UNABLE TO DETERMINE,308,W,ERIE ST,1831.0,,,,,,,2,INCAPACITATING INJURY,1.0,0.0,1.0,0.0,0.0,3.0,0.0,4,1,12,41.8940729044,-87.6360658566,POINT (-87.636065856557 41.894072904382)
f9a44e046967641f8cf0f3e649098037299749c40826e39e54e5b98b8eabaf72e58cb158684ea342030c437b35061e66b98d3b6895b6ffe5f03b3828d295858d,JA212321,,04/04/2017 03:28:00 PM,30,TRAFFIC SIGNAL,FUNCTIONING PROPERLY,CLEAR,DAYLIGHT,FIXED OBJECT,NOT DIVIDED,,STRAIGHT AND LEVEL,DRY,NO DEFECTS,NOT ON SCENE (DESK REPORT),NO INJURY / DRIVE AWAY,,,,$500 OR LESS,04/04/2017 03:55:00 PM,UNABLE TO DETERMINE,UNABLE TO DETERMINE,839,W,LAKE ST,1224.0,,,,,,,1,NO INDICATION OF INJURY,0.0,0.0,0.0,0.0,0.0,2.0,0.0,15,3,4,41.8855295837,-87.6489588071,POINT (-87.648958807146 41.885529583678)
40428245020749d0206f8986bce247be45ab709e2b605912fd7536bd139303ae4e9e1bfe0e639ae8a9e3c8550b457afc793677af3b001ee29e535f09d15f40d9,JF452429,,10/28/2022 07:45:00 AM,30,NO CONTROLS,NO CONTROLS,CLEAR,DAYLIGHT,ANGLE,FOUR WAY,,STRAIGHT AND LEVEL,UNKNOWN,UNKNOWN,NOT ON SCENE (DESK REPORT),NO INJURY / DRIVE AWAY,Y,,,"OVER $1,500",10/28/2022 08:25:00 AM,UNABLE TO DETERMINE,UNABLE TO DETERMINE,4258,W,SCHOOL ST,1731.0,,,,,,,2,NO INDICATION OF INJURY,0.0,0.0,0.0,0.0,0.0,2.0,0.0,7,6,10,41.9409277679,-87.734500626,POINT (-87.734500626018 41.940927767933)
ca6e07d420a2f8c899ffb9048671fd1eab5ab1e80e221f685a879fcba1866644f484b6cf714a354285c75e4222f3fafe889f781d7e9798dd366cd54ff04bfdaa,JG219124,,04/11/2023 01:20:00 PM,30,TRAFFIC SIGNAL,FUNCTIONING PROPERLY,CLEAR,DAYLIGHT,REAR END,NOT DIVIDED,,STRAIGHT AND LEVEL,DRY,NO DEFECTS,NOT ON SCENE (DESK REPORT),NO INJURY / DRIVE AWAY,,,,"$501 - $1,500",04/11/2023 02:11:00 PM,FOLLOWING TOO CLOSELY,NOT APPLICABLE,6300,S,KILBOURN AVE,813.0,,,,,,,2,NO INDICATION OF INJURY,0.0,0.0,0.0,0.0,0.0,2.0,0.0,13,3,4,41.7784228856,-87.7351106648,POINT (-87.735110664751 41.778422885588)
9393f6715f983666b43a9c7f27d05180bb6ffdcb95b54390dcac788e4bfe7291fe20f61803d80fd39e6c47869c05009cc54cdc39e3057c604ad9b377d8d83356,JE168015,,03/13/2021 02:10:00 PM,20,NO CONTROLS,NO CONTROLS,CLEAR,DAYLIGHT,TURNING,NOT DIVIDED,,STRAIGHT AND LEVEL,DRY,NO DEFECTS,NOT ON SCENE (DESK REPORT),NO INJURY / DRIVE AWAY,,,,"OVER $1,500",03/13/2021 03:30:00 PM,UNABLE TO DETERMINE,UNABLE TO DETERMINE,2954,W,SCHOOL ST,1733.0,,,,,,,2,NO INDICATION OF INJURY,0.0,0.0,0.0,0.0,0.0,2.0,0.0,14,7,3,41.9411789495,-87.7021248272,POINT (-87.702124827183 41.941178949547)
65fa9e2e42a5b3999f78e2f01e953963c5eb8698ac0bc93b8c666f41b096b3920fe4ecf908f79caafce1af9f79f526d32f9fc4d4515d46c9434a4c9e1ad2032a,JC446971,,09/24/2019 05:55:00 PM,35,NO CONTROLS,NO CONTROLS,CLEAR,DAYLIGHT,TURNING,DIVIDED - W/MEDIAN (NOT RAISED),,STRAIGHT AND LEVEL,DRY,NO DEFECTS,ON SCENE,INJURY AND / OR TOW DUE TO CRASH,Y,,,"OVER $1,500",09/24/2019 06:00:00 PM,IMPROPER TURNING/NO SIGNAL,IMPROPER OVERTAKING/PASSING,2936,E,126TH ST,433.0,,,,,,,2,NO INDICATION OF INJURY,0.0,0.0,0.0,0.0,0.0,2.0,0.0,17,3,9,41.666814503,-87.5518504754,POINT (-87.551850475358 41.666814503002)
646e406e39edbcc3e73b9d4aa626abc21730d374e56db51073d1297d6f2e5ff18195606890de0e1da061b60faae784423bbd86d844d4dbec02b8545b4f648035,JB358786,,07/21/2018 08:00:00 AM,30,NO CONTROLS,NO CONTROLS,RAIN,DAYLIGHT,SIDESWIPE SAME DIRECTION,NOT DIVIDED,4.0,STRAIGHT ON GRADE,WET,NO DEFECTS,ON SCENE,INJURY AND / OR TOW DUE TO CRASH,,,Y,"OVER $1,500",07/21/2018 08:00:00 AM,DRIVING SKILLS/KNOWLEDGE/EXPERIENCE,EXCEEDING SAFE SPEED FOR CONDITIONS,2001,N,CENTRAL AVE,2515.0,,,,,,,3,NO INDICATION OF INJURY,0.0,0.0,0.0,0.0,0.0,4.0,0.0,8,7,7,41.9169361233,-87.7655955669,POINT (-87.765595566948 41.916936123292)
cfe97bffa02794a1027d5cfc9383725887ce73e07b2939c7989cbb8a8061d9ba70d976e93ff898b275e0fb6fed61283cb48584953a881edfe9c1f93ff8e8c6a8,JA542209,,12/08/2017 11:35:00 PM,30,TRAFFIC SIGNAL,FUNCTIONING PROPERLY,CLEAR,"DARKNESS, LIGHTED ROAD",SIDESWIPE SAME DIRECTION,DIVIDED - W/MEDIAN (NOT RAISED),,STRAIGHT AND LEVEL,DRY,NO DEFECTS,ON SCENE,INJURY AND / OR TOW DUE TO CRASH,Y,,,"OVER $1,500",12/08/2017 11:40:00 PM,DRIVING SKILLS/KNOWLEDGE/EXPERIENCE,IMPROPER LANE USAGE,1400,W,63RD ST,713.0,,,,,,,2,"REPORTED, NOT EVIDENT",1.0,0.0,0.0,0.0,1.0,3.0,0.0,23,6,12,41.7796520916,-87.6594242292,POINT (-87.659424229248 41.77965209155)
4b12de58019e7aeb079bddd0d53350f2917a16f77e324a4f31ab61a8e7b567a6eb5fcfe33f68c0451dbb7dbc8f135dbd35e69c9875395ab222f1180dcd48068a,JC134982,,01/31/2019 05:30:00 AM,30,NO CONTROLS,NO CONTROLS,CLEAR,"DARKNESS, LIGHTED ROAD",REAR END,NOT DIVIDED,2.0,STRAIGHT AND LEVEL,ICE,NO DEFECTS,NOT ON SCENE (DESK REPORT),NO INJURY / DRIVE AWAY,,,,"$501 - $1,500",01/31/2019 05:55:00 AM,UNABLE TO DETERMINE,UNABLE TO DETERMINE,3231,S,PULASKI RD,1031.0,,,,,,,2,NO INDICATION OF INJURY,0.0,0.0,0.0,0.0,0.0,2.0,0.0,5,5,1,41.8341485477,-87.7241463146,POINT (-87.724146314614 41.834148547725)
df9bb7c5559c3f62d19fded6c55bda1ae422eae73e2fcb34be0292177d309eabe53ee03cc1b01215047d88cd610d71ed2c71fe2df64c15ded35e3d3870e4e447,JE100264,,01/01/2021 06:15:00 AM,30,TRAFFIC SIGNAL,FUNCTIONING PROPERLY,CLEAR,"DARKNESS, LIGHTED ROAD",PARKED MOTOR VEHICLE,NOT DIVIDED,,STRAIGHT AND LEVEL,DRY,NO DEFECTS,ON SCENE,INJURY AND / OR TOW DUE TO CRASH,,,,"OVER $1,500",01/01/2021 06:47:00 AM,FAILING TO REDUCE SPEED TO AVOID CRASH,UNABLE TO DETERMINE,7904,S,LAWNDALE AVE,834.0,,,,,,,2,NO INDICATION OF INJURY,0.0,0.0,0.0,0.0,0.0,1.0,0.0,6,6,1,41.7493892032,-87.7147320242,POINT (-87.714732024247 41.749389203204)
20304919b56257228c52b43f39b5f998269e54a52e135960baa686b482284b99fcd468e60ec646b70c11b673dd82379c917202ce7033a44bc901b45b590baddb,JC426352,,09/09/2019 03:45:00 PM,30,NO CONTROLS,NO CONTROLS,CLEAR,DAYLIGHT,PARKED MOTOR VEHICLE,NOT DIVIDED,,STRAIGHT AND LEVEL,DRY,NO DEFECTS,NOT ON SCENE (DESK REPORT),NO INJURY / DRIVE AWAY,,,Y,"$501 - $1,500",09/09/2019 05:00:00 PM,UNABLE TO DETERMINE,UNABLE TO DETERMINE,3235,S,PULASKI RD,1031.0,,,,,,,2,NO INDICATION OF INJURY,0.0,0.0,0.0,0.0,0.0,1.0,0.0,15,2,9,41.8340381746,-87.7241437548,POINT (-87.72414375485 41.834038174587)
e93a79bbd0808441adf2215df9cf41a15dc084776d97fcc163c6308985e66c81713665f85fd573c99cb484f771a95f9dd809355eaf8fc24e8c93367d3d488334,HY491594,,11/01/2015 12:30:00 PM,30,UNKNOWN,UNKNOWN,UNKNOWN,UNKNOWN,PARKED MOTOR VEHICLE,NOT DIVIDED,2.0,STRAIGHT AND LEVEL,UNKNOWN,NO DEFECTS,NOT ON SCENE (DESK REPORT),NO INJURY / DRIVE AWAY,,,Y,"OVER $1,500",11/06/2015 01:22:00 PM,UNABLE TO DETERMINE,UNABLE TO DETERMINE,1423,S,WASHTENAW AVE,1023.0,,,,,,,2,NO INDICATION OF INJURY,0.0,0.0,0.0,0.0,0.0,1.0,0.0,12,1,11,41.8621178845,-87.6931361003,POINT (-87.693136100292 41.862117884501)
7ec0e59c3fb3cf70d0c6430e8140c9f8382d6b0f59ee1640c8e24da7b16705a89c512cda387c81a8d8b82fff71bce53ba77574a787076997ba12aeb27932854c,JF333954,,07/27/2022 05:53:00 PM,30,NO CONTROLS,NO CONTROLS,CLEAR,DAYLIGHT,TURNING,DIVIDED - W/MEDIAN (NOT RAISED),,STRAIGHT AND LEVEL,DRY,NO DEFECTS,ON SCENE,INJURY AND / OR TOW DUE TO CRASH,Y,,,"OVER $1,500",07/27/2022 05:53:00 PM,UNABLE TO DETERMINE,UNABLE TO DETERMINE,3359,N,HARLEM AVE,1632.0,,,,,,,2,NO INDICATION OF INJURY,0.0,0.0,0.0,0.0,0.0,4.0,0.0,17,4,7,41.9414631513,-87.8067227864,POINT (-87.806722786353 41.941463151346)
de1ae1e113a2daf5ab9d3c5f06641c3cce3e3c334734a32918479758bab2ad9d15336f85eb6c00c66f096d0504046f938cc3b463d8e088251446a327d405446f,HZ104715,N,01/05/2016 12:30:00 AM,30,NO CONTROLS,NO CONTROLS,CLEAR,"DARKNESS, LIGHTED ROAD",PARKED MOTOR VEHICLE,ONE-WAY,1.0,STRAIGHT AND LEVEL,DRY,NO DEFECTS,NOT ON SCENE (DESK REPORT),NO INJURY / DRIVE AWAY,,,Y,"$501 - $1,500",01/05/2016 11:35:00 AM,UNABLE TO DETERMINE,UNABLE TO DETERMINE,8328,S,DREXEL AVE,632.0,,,,,,,2,NO INDICATION OF INJURY,0.0,0.0,0.0,0.0,0.0,1.0,0.0,0,3,1,41.7431086582,-87.6027233414,POINT (-87.602723341355 41.74310865823)
37cb2637e06b70ea84747d283c8a30e04c1f4119167715a1c1ddc8d3597ded51017aaebe2b590597ade0a7fd79ebaa544a18b83547cc385aad640a988a31bd5d,JE273023,,06/20/2021 11:25:00 AM,30,NO CONTROLS,NO CONTROLS,CLEAR,DAYLIGHT,ANGLE,PARKING LOT,,STRAIGHT AND LEVEL,UNKNOWN,UNKNOWN,NOT ON SCENE (DESK REPORT),NO INJURY / DRIVE AWAY,,N,,"OVER $1,500",06/20/2021 11:54:00 AM,UNABLE TO DETERMINE,UNABLE TO DETERMINE,5562,N,LINCOLN AVE,2011.0,,,,,,,2,NO INDICATION OF INJURY,0.0,0.0,0.0,0.0,0.0,3.0,0.0,11,1,6,41.9826089688,-87.6944754126,POINT (-87.694475412623 41.982608968774)
59e4d0c5810eae2e5e22c08d4832d6712f229cc5094bcef792a45ac9cd60edc9f4d22049efcefc21c112935cb62fc9b83090f27c24cb05c8f547e074b749b7fd,JA358255,,07/22/2017 01:08:00 AM,30,TRAFFIC SIGNAL,FUNCTIONING PROPERLY,RAIN,"DARKNESS, LIGHTED ROAD",PEDESTRIAN,ONE-WAY,2.0,STRAIGHT AND LEVEL,WET,NO DEFECTS,ON SCENE,INJURY AND / OR TOW DUE TO CRASH,,,Y,$500 OR LESS,07/22/2017 01:10:00 AM,FAILING TO YIELD RIGHT-OF-WAY,UNABLE TO DETERMINE,100,W,ILLINOIS ST,1831.0,,,,,,,2,NONINCAPACITATING INJURY,1.0,0.0,0.0,1.0,0.0,1.0,0.0,1,7,7,41.8909324687,-87.6311808912,POINT (-87.631180891189 41.89093246868)