CRASH_RECORD_ID,RD_NO,CRASH_DATE_EST_I,CRASH_DATE,POSTED_SPEED_LIMIT,TRAFFIC_CONTROL_DEVICE,DEVICE_CONDITION,WEATHER_CONDITION,LIGHTING_CONDITION,FIRST_CRASH_TYPE,TRAFFICWAY_TYPE,LANE_CNT,ALIGNMENT,ROADWAY_SURFACE_COND,ROAD_DEFECT,REPORT_TYPE,CRASH_TYPE,INTERSECTION_RELATED_I,NOT_RIGHT_OF_WAY_I,HIT_AND_RUN_I,DAMAGE,DATE_POLICE_NOTIFIED,PRIM_CONTRIBUTORY_CAUSE,SEC_CONTRIBUTORY_CAUSE,STREET_NO,STREET_DIRECTION,STREET_NAME,BEAT_OF_OCCURRENCE,PHOTOS_TAKEN_I,STATEMENTS_TAKEN_I,DOORING_I,WORK_ZONE_I,WORK_ZONE_TYPE,WORKERS_PRESENT_I,NUM_UNITS,MOST_SEVERE_INJURY,INJURIES_TOTAL,INJURIES_FATAL,INJURIES_INCAPACITATING,INJURIES_NON_INCAPACITATING,INJURIES_REPORTED_NOT_EVIDENT,INJURIES_NO_INDICATION,INJURIES_UNKNOWN,CRASH_HOUR,CRASH_DAY_OF_WEEK,CRASH_MONTH,LATITUDE,LONGITUDE,LOCATION
27f1fe6abd74b08b5896d62b24c7a10d0c4fd446896f7df04c09d364349a9f29eae657040bba7900be96a8c25a4c825621afaef2c50528cf7a7f26916740b95c,JF295043,,06/26/2022 01:30:00 AM,30,NO CONTROLS,NO CONTROLS,CLEAR,"DARKNESS, LIGHTED ROAD",REAR END,DIVIDED - W/MEDIAN (NOT RAISED),,STRAIGHT AND LEVEL,DRY,NO DEFECTS,NOT ON SCENE (DESK REPORT),NO INJURY / DRIVE AWAY,,,Y,"OVER $1,500",06/26/2022 06:20:00 PM,FOLLOWING TOO CLOSELY,UNABLE TO DETERMINE,1835,W,NORTH AVE,1424.0,,,,,,,2,NO INDICATION OF INJURY,0.0,0.0,0.0,0.0,0.0,2.0,0.0,1,1,6,41.9104296259,-87.6739416811,POINT (-87.673941681121 41.910429625867)
9326f4e5a4c24c5390f8d3df9b1c217344025577f0b6daa0b7bd533f9ae364030d9e3b5b0fbffbdef5fe9a6fa2ac0b23b50a2f8916bebc814fe56c5f485b3517,JC269870,,05/19/2019 06:45:00 PM,30,NO CONTROLS,NO CONTROLS,CLEAR,DAYLIGHT,PARKED MOTOR VEHICLE,NOT DIVIDED,,STRAIGHT AND LEVEL,DRY,NO DEFECTS,ON SCENE,INJURY AND / OR TOW DUE TO CRASH,,,Y,"OVER $1,500",05/19/2019 07:01:00 PM,UNDER THE INFLUENCE OF ALCOHOL/DRUGS (USE WHEN ARREST IS EFFECTED),NOT APPLICABLE,2529,W,JACKSON BLVD,1125.0,,N,,,,,2,NO INDICATION OF INJURY,0.0,0.0,0.0,0.0,0.0,1.0,0.0,18,1,5,41.877398096,-87.6900087859,POINT (-87.690008785869 41.877398096038)
54529f10eaddfd541e36632b2ac9f86fa4973343034d3a4076ab60f4c6d27fff1d2c2fc4614b4932c2153486429759bc6cbf5fdf728fceaba8e94441ad3ef71e,JA131744,,01/27/2017 10:15:00 AM,35,NO CONTROLS,NO CONTROLS,CLEAR,DAYLIGHT,PARKED MOTOR VEHICLE,ALLEY,,STRAIGHT AND LEVEL,DRY,NO DEFECTS,NOT ON SCENE (DESK REPORT),NO INJURY / DRIVE AWAY,Y,,,$500 OR LESS,01/27/2017 10:25:00 AM,IMPROPER OVERTAKING/PASSING,IMPROPER OVERTAKING/PASSING,817,W,33RD ST,913.0,,,,,,,2,NO INDICATION OF INJURY,0.0,0.0,0.0,0.0,0.0,1.0,0.0,10,6,1,41.8347089242,-87.6469505802,POINT (-87.646950580161 41.834708924192)
e7e9be103d82ee27de0f12a4add7c8aa9f89aa3f96a2d7dc10252c0d9efadd9eaa448954019d444f8ad2fd6030525cb945bed82e69b3f41c244b6b4a837cc0ff,JE441001,,11/05/2021 11:05:00 PM,30,UNKNOWN,UNKNOWN,CLEAR,"DARKNESS, LIGHTED ROAD",REAR END,NOT DIVIDED,,STRAIGHT AND LEVEL,DRY,NO DEFECTS,NOT ON SCENE (DESK REPORT),NO INJURY / DRIVE AWAY,,,Y,"$501 - $1,500",11/10/2021 08:00:00 PM,UNABLE TO DETERMINE,UNABLE TO DETERMINE,1,E,18TH ST,131.0,,,,,,,2,NO INDICATION OF INJURY,0.0,0.0,0.0,0.0,0.0,2.0,0.0,23,6,11,41.857701805,-87.6271520942,POINT (-87.627152094212 41.857701804976)
3bb1706865c553041a5bbb6a6458c6062cc79b66b201800fff384f894ee2dd57fa8c70cc32e2b311a9e4b1bdb6c14e27ebbf5331e1d7b3d807afc0b903a4cb17,JG204518,Y,03/30/2023 09:30:00 AM,20,TRAFFIC SIGNAL,FUNCTIONING PROPERLY,CLEAR,DAYLIGHT,REAR END,DIVIDED - W/MEDIAN (NOT RAISED),,STRAIGHT AND LEVEL,DRY,NO DEFECTS,,NO INJURY / DRIVE AWAY,,,,"OVER $1,500",03/30/2023 10:45:00 AM,UNABLE TO DETERMINE,NOT APPLICABLE,759,N,CICERO AVE,1111.0,,,,,,,3,NO INDICATION OF INJURY,0.0,0.0,0.0,0.0,0.0,3.0,0.0,9,5,3,41.8949590936,-87.7456588987,POINT (-87.74565889869 41.894959093611)
437b8a6d82848265b72d640af36dec3b15e800486ac0661ab1fc53907c5fd6beb5995e09cc2501824f37b3ae0f51b07cc0287f14fdf807410ebe499320ad8c54,JB535341,,11/30/2018 09:20:00 PM,25,TRAFFIC SIGNAL,FUNCTIONING PROPERLY,UNKNOWN,"DARKNESS, LIGHTED ROAD",TURNING,NOT DIVIDED,2.0,STRAIGHT AND LEVEL,UNKNOWN,UNKNOWN,NOT ON SCENE (DESK REPORT),NO INJURY / DRIVE AWAY,Y,,,"OVER $1,500",11/30/2018 09:40:00 PM,IMPROPER TURNING/NO SIGNAL,UNABLE TO DETERMINE,1223,S,CANAL ST,124.0,,,,,,,2,NO INDICATION OF INJURY,0.0,0.0,0.0,0.0,0.0,3.0,0.0,21,6,11,41.8665973373,-87.6390795897,POINT (-87.639079589722 41.866597337291)
3a85ea5a56fddd11d512dc9be4eeb525a099b6b32e54b8016c2a42665e42ee1ad845df154b43ac453b2a4ce3d3ca55ef6bab1b33295a829d102cf326735e7606,JE287814,,07/02/2021 08:50:00 PM,35,TRAFFIC SIGNAL,FUNCTIONING PROPERLY,CLEAR,DUSK,SIDESWIPE SAME DIRECTION,DIVIDED - W/MEDIAN BARRIER,,STRAIGHT AND LEVEL,DRY,NO DEFECTS,ON SCENE,NO INJURY / DRIVE AWAY,,,,"$501 - $1,500",07/02/2021 08:59:00 PM,UNABLE TO DETERMINE,NOT APPLICABLE,7300,S,STONY ISLAND AVE,324.0,,,,,,,2,NO INDICATION OF INJURY,0.0,0.0,0.0,0.0,0.0,5.0,0.0,20,6,7,41.7623619184,-87.5863772347,POINT (-87.586377234748 41.762361918371)
6d39dfc2ffeaeecb285d43998dc67ef56bb2aa8c68ee8fad76129ad800f13c7f2ae259ec9682f72ef70f4571c8be75fe469688e316ded891ab594bbc6f8fbd5e,JD112104,,01/11/2020 12:00:00 PM,30,TRAFFIC SIGNAL,FUNCTIONING PROPERLY,SNOW,DAYLIGHT,REAR END,NOT DIVIDED,,STRAIGHT AND LEVEL,WET,NO DEFECTS,NOT ON SCENE (DESK REPORT),NO INJURY / DRIVE AWAY,Y,,,$500 OR LESS,01/11/2020 01:15:00 PM,FOLLOWING TOO CLOSELY,UNABLE TO DETERMINE,957,S,HALSTED ST,1232.0,,,,,,,2,NO INDICATION OF INJURY,0.0,0.0,0.0,0.0,0.0,2.0,0.0,12,7,1,41.8696441211,-87.6468159146,POINT (-87.646815914602 41.869644121054)
55e4641bdc4f7c93cb408d61c9bd3c524b2aea18a865c9af92921ef3f611d585c648aae978377d5d316364f0f0d59cc509174018db5cae5d097df911f08f5a54,JA545034,,12/02/2017 09:00:00 AM,30,NO CONTROLS,NO CONTROLS,CLEAR,DAYLIGHT,PARKED MOTOR VEHICLE,NOT DIVIDED,2.0,STRAIGHT AND LEVEL,DRY,NO DEFECTS,NOT ON SCENE (DESK REPORT),NO INJURY / DRIVE AWAY,,,Y,$500 OR LESS,12/11/2017 01:30:00 PM,UNABLE TO DETERMINE,UNABLE TO DETERMINE,4026,W,LEXINGTON ST,1132.0,,,,,,,2,NO INDICATION OF INJURY,0.0,0.0,0.0,0.0,0.0,1.0,0.0,9,7,12,41.8719448724,-87.7264918315,POINT (-87.726491831453 41.871944872384)
92602ee4ef2509ccb686dbf1a862dae626f3e1e294d742d949e05608a054222b9dd0f87e95ec58692d8567cbc21b454ec07646781cbd3a3e4965500394362f80,JA417473,,09/03/2017 04:50:00 PM,30,TRAFFIC SIGNAL,FUNCTIONING PROPERLY,CLEAR,DAYLIGHT,SIDESWIPE SAME DIRECTION,NOT DIVIDED,,STRAIGHT AND LEVEL,DRY,NO DEFECTS,NOT ON SCENE (DESK REPORT),NO INJURY / DRIVE AWAY,Y,,,"OVER $1,500",09/03/2017 05:20:00 PM,UNABLE TO DETERMINE,UNABLE TO DETERMINE,540,N,STATE ST,1831.0,,,,,,,2,NO INDICATION OF INJURY,0.0,0.0,0.0,0.0,0.0,2.0,0.0,16,1,9,41.8920694945,-87.6282244283,POINT (-87.628224428293 41.892069494494)
4725b3ea7035d6b04037d698871684c7e1ef27b3efd6b07c9fe9dad48b235374a88d7e10e56ec9ba321b0ba2efdcf0a04f68900fef65e93bd7fc99bae274b039,JE382662,,09/21/2021 10:15:00 PM,40,NO CONTROLS,NO CONTROLS,CLEAR,"DARKNESS, LIGHTED ROAD",REAR END,NOT DIVIDED,,STRAIGHT AND LEVEL,WET,NO DEFECTS,NOT ON SCENE (DESK REPORT),NO INJURY / DRIVE AWAY,,,,"OVER $1,500",09/21/2021 10:45:00 PM,FOLLOWING TOO CLOSELY,FOLLOWING TOO CLOSELY,140,N,LAKE SHORE DR SB,114.0,,,,,,,2,NO INDICATION OF INJURY,0.0,0.0,0.0,0.0,0.0,2.0,0.0,22,3,9,41.8841140542,-87.6147624185,POINT (-87.614762418465 41.88411405421)
f0b289b4e3e3811370d3e4b2121fde7df611a0bbec2f1bf07874a5788690e27946dd9b3436cc45e5a5c95313cc4592971a8765616ab8fb38aa3e334185093490,JE116389,,01/18/2021 03:30:00 PM,30,STOP SIGN/FLASHER,FUNCTIONING PROPERLY,CLEAR,DAYLIGHT,TURNING,NOT DIVIDED,,STRAIGHT AND LEVEL,DRY,NO DEFECTS,NOT ON SCENE (DESK REPORT),INJURY AND / OR TOW DUE TO CRASH,Y,,,"OVER $1,500",01/18/2021 04:08:00 PM,IMPROPER TURNING/NO SIGNAL,FAILING TO REDUCE SPEED TO AVOID CRASH,5029,W,LE MOYNE ST,2533.0,,,,,,,2,NO INDICATION OF INJURY,0.0,0.0,0.0,0.0,0.0,4.0,0.0,15,2,1,41.9076231768,-87.7521595058,POINT (-87.752159505789 41.90762317681)
27db9763ef89a3d84bf7a7391ec143792b553063a7f15af0e97c15e7fdaaf5c58665a316f4d2c2edac0074d90d6a1c47279f6a0789160c80901edec8fc19d1ff,JE235422,,05/17/2021 02:52:00 PM,25,NO CONTROLS,NO CONTROLS,UNKNOWN,UNKNOWN,PARKED MOTOR VEHICLE,ONE-WAY,,STRAIGHT AND LEVEL,UNKNOWN,UNKNOWN,,NO INJURY / DRIVE AWAY,,,Y,"OVER $1,500",05/19/2021 03:58:00 PM,UNABLE TO DETERMINE,NOT APPLICABLE,2200,S,HAMLIN AVE,1013.0,,,,,,,2,NO INDICATION OF INJURY,0.0,0.0,0.0,0.0,0.0,3.0,0.0,14,2,5,41.8515178086,-87.7200176005,POINT (-87.720017600545 41.851517808627)
32d9f80102f8445435930226f94f201e3126d3e90f3e32423797bb10c931404fab639b2d0b6373cd0c9f61b814510a204a13c2ee7a8ac9882d0e0c8a51697d1b,JB526451,,11/23/2018 05:02:00 PM,30,NO CONTROLS,NO CONTROLS,CLEAR,DUSK,PEDESTRIAN,NOT DIVIDED,4.0,STRAIGHT AND LEVEL,DRY,NO DEFECTS,ON SCENE,INJURY AND / OR TOW DUE TO CRASH,,,,$500 OR LESS,11/23/2018 05:04:00 PM,IMPROPER BACKING,UNABLE TO DETERMINE,1025,W,63RD ST,724.0,,,,,,,2,NONINCAPACITATING INJURY,1.0,0.0,0.0,1.0,0.0,1.0,0.0,17,6,11,41.7795525223,-87.6507946107,POINT (-87.650794610746 41.779552522255)
45ffa410c33734dad8480b7c20b40df4f1a5023910a1381e0fa94ca9f9384d10b3c359b5233c40b0c00d0adcafd54fb1600bc21c9ab4d333ad8d9e7aa18cf536,JD181258,,03/10/2020 07:30:00 PM,30,TRAFFIC SIGNAL,FUNCTIONING PROPERLY,CLEAR,"DARKNESS, LIGHTED ROAD",REAR TO SIDE,OTHER,,STRAIGHT AND LEVEL,DRY,NO DEFECTS,ON SCENE,NO INJURY / DRIVE AWAY,Y,,,"$501 - $1,500",03/10/2020 07:37:00 PM,FAILING TO YIELD RIGHT-OF-WAY,NOT APPLICABLE,1201,W,RANDOLPH ST,1224.0,,,,,,,2,NO INDICATION OF INJURY,0.0,0.0,0.0,0.0,0.0,3.0,0.0,19,3,3,41.8841324317,-87.6567813311,POINT (-87.65678133108 41.884132431679)
6efd08e9ed91228bed16b70f0fe8946b9c714e54989210b6a9ef848ee8573a3ff3c43d60696c72322150b198e5b53f070af0b0e3d3472d6947c5e74ef6bb280c,JB530893,,11/27/2018 02:25:00 PM,35,TRAFFIC SIGNAL,OTHER,CLEAR,DAYLIGHT,ANGLE,NOT DIVIDED,,STRAIGHT AND LEVEL,WET,NO DEFECTS,ON SCENE,INJURY AND / OR TOW DUE TO CRASH,Y,,,"OVER $1,500",11/27/2018 03:28:00 PM,"VISION OBSCURED (SIGNS, TREE LIMBS, BUILDINGS, ETC.)",FAILING TO YIELD RIGHT-OF-WAY,5749,N,CUMBERLAND AVE,1614.0,,,,,,,2,NONINCAPACITATING INJURY,1.0,0.0,0.0,1.0,0.0,1.0,0.0,14,3,11,41.9841345659,-87.836434003,POINT (-87.836434003035 41.984134565931)
75f65fd07deefd7b5e52a755507769d572f9bff14e40e6812e3513d8da18d73432c2ac80d58bec4190437f420c7354a26f5e1f94559ade7a6d14fefc0b0b7078,JB117276,Y,01/15/2018 06:00:00 PM,30,TRAFFIC SIGNAL,FUNCTIONING PROPERLY,SNOW,"DARKNESS, LIGHTED ROAD",TURNING,DIVIDED - W/MEDIAN (NOT RAISED),4.0,STRAIGHT AND LEVEL,WET,NO DEFECTS,ON SCENE,INJURY AND / OR TOW DUE TO CRASH,Y,,,"OVER $1,500",01/15/2018 06:31:00 PM,FAILING TO YIELD RIGHT-OF-WAY,FAILING TO REDUCE SPEED TO AVOID CRASH,4300,S,WESTERN AVE,922.0,,,,,,,2,NO INDICATION OF INJURY,0.0,0.0,0.0,0.0,0.0,3.0,0.0,18,2,1,41.8156032045,-87.6847727236,POINT (-87.684772723609 41.815603204509)
6021a315938c765aa3cf8e0428a5bc2a6fbb86a3fac1b1d470904dc72e383893178bfc354be3f9f7aa6c4d9000461e98c7a4bce52e4c04d2691110eebfe174a1,JC490025,,10/28/2019 06:19:00 PM,30,NO CONTROLS,NO CONTROLS,CLEAR,"DARKNESS, LIGHTED ROAD",PARKED MOTOR VEHICLE,ONE-WAY,,STRAIGHT AND LEVEL,DRY,NO DEFECTS,ON SCENE,INJURY AND / OR TOW DUE TO CRASH,,,Y,"$501 - $1,500",10/28/2019 06:19:00 PM,UNABLE TO DETERMINE,UNABLE TO DETERMINE,4317,S,ALBANY AVE,922.0,,,,,,,2,NO INDICATION OF INJURY,0.0,0.0,0.0,0.0,0.0,1.0,0.0,18,2,10,41.814894243,-87.7016060535,POINT (-87.701606053466 41.814894242996)
6abfa3ae7b8de76fe7be6af9861b6a5734e085d7ac6285fbc7adae23145cdffd018b3a5dc84bb126c4890772cd4576c99c8e181b3ebd7637f36454dfdb52bc0d,JF170005,,03/11/2022 04:27:00 AM,45,NO CONTROLS,NO CONTROLS,SNOW,"DARKNESS, LIGHTED ROAD",FIXED OBJECT,DIVIDED - W/MEDIAN BARRIER,,STRAIGHT AND LEVEL,SNOW OR SLUSH,UNKNOWN,ON SCENE,INJURY AND / OR TOW DUE TO CRASH,,,,"OVER $1,500",03/11/2022 04:31:00 AM,WEATHER,NOT APPLICABLE,5417,S,LAKE SHORE DR NB,234.0,,,,,,,1,NO INDICATION OF INJURY,0.0,0.0,0.0,0.0,0.0,1.0,0.0,4,6,3,41.7976778627,-87.5801554956,POINT (-87.580155495614 41.797677862716)
2ccecde82939a0504234ce6a2a9a43af6718d59202807d74c42caac7a8c87fa783e3afd13ee6749664e45818905383d47040ea98b47ff55d3580ea5912ad9de5,JF280234,,06/15/2022 07:10:00 AM,30,NO CONTROLS,NO CONTROLS,CLEAR,DAYLIGHT,TURNING,NOT DIVIDED,,STRAIGHT AND LEVEL,DRY,NO DEFECTS,NOT ON SCENE (DESK REPORT),INJURY AND / OR TOW DUE TO CRASH,,,,"OVER $1,500",06/15/2022 07:33:00 AM,IMPROPER TURNING/NO SIGNAL,UNABLE TO DETERMINE,1621,E,95TH ST,431.0,,,,,,,2,"REPORTED, NOT EVIDENT",1.0,0.0,0.0,0.0,1.0,1.0,0.0,7,4,6,41.7222455539,-87.5842259143,POINT (-87.584225914281 41.722245553874)
b2a73dfa489d5c5b691c4a2ebc73fdfa8b119447df7fa7f441cd58a907045ff3b28232dfb85210e17fe3897e861ee6e7e12d5da435024f20bc585870517b311e,JD361603,,09/09/2020 12:20:00 PM,30,TRAFFIC SIGNAL,FUNCTIONING PROPERLY,CLEAR,DAYLIGHT,SIDESWIPE SAME DIRECTION,ONE-WAY,,STRAIGHT AND LEVEL,DRY,NO DEFECTS,ON SCENE,INJURY AND / OR TOW DUE TO CRASH,Y,,,"OVER $1,500",09/09/2020 12:40:00 PM,IMPROPER OVERTAKING/PASSING,UNABLE TO DETERMINE,802,W,98TH PL,2223.0,,,,,,,2,"REPORTED, NOT EVIDENT",2.0,0.0,0.0,0.0,2.0,2.0,0.0,12,4,9,41.7152192036,-87.643196922,POINT (-87.643196922015 41.715219203636)
9fe41bee1f8b212c606d739066e10b02b5355d8233e925cb131b67edea367f6c6c470e2186aadbb45a9bb2c3926c061cdfadb105883edf3cd432d4fc91cba398,JB301826,,06/11/2018 08:00:00 AM,15,NO CONTROLS,NO CONTROLS,RAIN,DAYLIGHT,FIXED OBJECT,ALLEY,,STRAIGHT AND LEVEL,WET,NO DEFECTS,ON SCENE,NO INJURY / DRIVE AWAY,,Y,,$500 OR LESS,06/11/2018 08:05:00 AM,NOT APPLICABLE,NOT APPLICABLE,3046,W,BELMONT AVE,1733.0,,,,,,,1,NO INDICATION OF INJURY,0.0,0.0,0.0,0.0,0.0,1.0,0.0,8,2,6,41.9394637216,-87.7045556808,POINT (-87.704555680793 41.93946372164)
43314aa210256c883bed48b9071581466558e2839d755dca1df4264a640ef62ce43a4b98ec2925446246c0386c347aeae13d5fd4a73c7121b77d68117384ae8b,JE233253,,05/17/2021 04:30:00 PM,30,STOP SIGN/FLASHER,FUNCTIONING PROPERLY,CLEAR,DAYLIGHT,REAR END,NOT DIVIDED,,STRAIGHT AND LEVEL,DRY,NO DEFECTS,NOT ON SCENE (DESK REPORT),NO INJURY / DRIVE AWAY,,,,"$501 - $1,500",05/17/2021 05:00:00 PM,FOLLOWING TOO CLOSELY,UNABLE TO DETERMINE,11501,S,CAMPBELL AVE,2212.0,,,,,,,2,NO INDICATION OF INJURY,0.0,0.0,0.0,0.0,0.0,2.0,0.0,16,2,5,41.6844198561,-87.6832320868,POINT (-87.683232086782 41.684419856053)
0d34dff37e077cb4212f014aac830be0bd9c69c7793cab566cd7b081e4f4634cc10b115cee8cc8ecf008a6b8a1de7e9cfa7ed85b2b0c4b9551940ae0c8e7abee,JC241039,,04/27/2019 07:51:00 PM,30,NO CONTROLS,NO CONTROLS,SNOW,"DARKNESS, LIGHTED ROAD",SIDESWIPE SAME DIRECTION,DIVIDED - W/MEDIAN (NOT RAISED),,STRAIGHT AND LEVEL,SNOW OR SLUSH,NO DEFECTS,NOT ON SCENE (DESK REPORT),NO INJURY / DRIVE AWAY,,,,"OVER $1,500",04/27/2019 07:56:00 PM,FAILING TO YIELD RIGHT-OF-WAY,NOT APPLICABLE,2532,W,DEVON AVE,2412.0,,N,,,,,2,NO INDICATION OF INJURY,0.0,0.0,0.0,0.0,0.0,2.0,0.0,19,7,4,41.9977764457,-87.6936075804,POINT (-87.693607580409 41.997776445739)
37850c744ecb43e7cd011adaf25ab9c6b443da9c3860f5f17e47b5a38287aaa83b84d602c945f7562501cfa9c597aa67ed3ced78e8bda55f8fe12ae5870c86b7,JC345820,,07/12/2019 03:48:00 PM,30,STOP SIGN/FLASHER,FUNCTIONING PROPERLY,CLEAR,DAYLIGHT,REAR END,T-INTERSECTION,,STRAIGHT AND LEVEL,DRY,UNKNOWN,ON SCENE,NO INJURY / DRIVE AWAY,Y,,Y,$500 OR LESS,07/12/2019 03:50:00 PM,UNABLE TO DETERMINE,UNABLE TO DETERMINE,300,E,115TH ST,531.0,,,,,,,2,NO INDICATION OF INJURY,0.0,0.0,0.0,0.0,0.0,2.0,0.0,15,6,7,41.6855099752,-87.6155350088,POINT (-87.61553500879 41.685509975177)
069af36fc13c920f90f34e94f53d1b7976d5feb13ce2640e6301d96ab6be9ffbf0da9fc9275d6aa36ab30addd315d43fc3c3d137d5c0266508fd16912c0b1c9a,JA283421,,05/29/2017 08:45:00 AM,25,NO CONTROLS,NO CONTROLS,CLEAR,DAYLIGHT,PARKED MOTOR VEHICLE,OTHER,0.0,STRAIGHT AND LEVEL,DRY,NO DEFECTS,ON SCENE,NO INJURY / DRIVE AWAY,,,Y,"$501 - $1,500",05/29/2017 09:14:00 AM,EXCEEDING AUTHORIZED SPEED LIMIT,"OPERATING VEHICLE IN ERRATIC, RECKLESS, CARELESS, NEGLIGENT OR AGGRESSIVE MANNER",1455,W,MONROE ST,1224.0,,,,,,,2,NO INDICATION OF INJURY,0.0,0.0,0.0,0.0,0.0,3.0,0.0,8,2,5,41.8801076736,-87.6641108547,POINT (-87.664110854744 41.88010767358)
542da549229391ce1ab4fb664207b681d9a8b9c824c62f0c86951d00f5039526a51704e07349e53f57b6d6d4ef07595df0f96b512deb3a3cd01029c86e4cb965,JD458437,,12/13/2020 06:00:00 PM,30,NO CONTROLS,NO CONTROLS,CLEAR,DUSK,PARKED MOTOR VEHICLE,ONE-WAY,,STRAIGHT AND LEVEL,DRY,NO DEFECTS,ON SCENE,NO INJURY / DRIVE AWAY,,,Y,"OVER $1,500",12/14/2020 12:20:00 AM,UNABLE TO DETERMINE,UNABLE TO DETERMINE,5460,W,FERDINAND ST,1523.0,,,,,,,2,NO INDICATION OF INJURY,0.0,0.0,0.0,0.0,0.0,1.0,0.0,18,1,12,41.8889910009,-87.7625814582,POINT (-87.762581458154 41.888991000927)
f8cc5fa9515edb9bb058f1f4aede4d1ec4ccdf5a6795110a03a14cc18ea0ab5f43024e419846f33123ae5d523b13bc05479def52c085b1c9bf64c29f3156ae36,HZ423065,,08/17/2016 09:00:00 PM,30,NO CONTROLS,NO CONTROLS,RAIN,DARKNESS,FIXED OBJECT,DIVIDED - W/MEDIAN BARRIER,2.0,STRAIGHT AND LEVEL,WET,"RUT, HOLES",NOT ON SCENE (DESK REPORT),NO INJURY / DRIVE AWAY,,,,"$501 - $1,500",09/06/2016 05:18:00 PM,UNABLE TO DETERMINE,UNABLE TO DETERMINE,391,N,PINE AVE,1523.0,,,,,,,1,NO INDICATION OF INJURY,0.0,0.0,0.0,0.0,0.0,2.0,0.0,21,4,8,41.8877101518,-87.7631450085,POINT (-87.763145008539 41.88771015182)
307246176643d8198e89513a3c24ba50980f200dc4aea7533293c2b1a7c1e0cd46ecc8d01329042911b3c53c3898d8fb40f1273d2743309bf2de52e1998cbe2d,JF450284,,10/26/2022 02:18:00 PM,30,STOP SIGN/FLASHER,FUNCTIONING PROPERLY,CLEAR,DAYLIGHT,ANGLE,FOUR WAY,,STRAIGHT AND LEVEL,DRY,NO DEFECTS,ON SCENE,INJURY AND / OR TOW DUE TO CRASH,,,,"OVER $1,500",10/26/2022 02:18:00 PM,NOT APPLICABLE,NOT APPLICABLE,7401,S,EXCHANGE AVE,334.0,,,,,,,2,"REPORTED, NOT EVIDENT",1.0,0.0,0.0,0.0,1.0,7.0,0.0,14,4,10,41.7609352889,-87.5615288596,POINT (-87.561528859575 41.760935288944)
846ead6b27ab694fa0890baddf7facf23462ee8673573ff1ca0646897835f9731d67b99b806f3573bade4ab5243afb31d946548f9593c2d00dc59c249e34337d,JF348044,Y,08/06/2022 05:24:00 PM,30,UNKNOWN,UNKNOWN,UNKNOWN,UNKNOWN,PARKED MOTOR VEHICLE,ONE-WAY,,STRAIGHT AND LEVEL,UNKNOWN,UNKNOWN,NOT ON SCENE (DESK REPORT),NO INJURY / DRIVE AWAY,,,,"OVER $1,500",08/07/2022 05:00:00 PM,UNABLE TO DETERMINE,UNABLE TO DETERMINE,639,W,ALDINE AVE,1925.0,,,,,,,2,NO INDICATION OF INJURY,0.0,0.0,0.0,0.0,0.0,1.0,0.0,17,7,8,41.941738213,-87.6459546764,POINT (-87.645954676411 41.941738213023)
16321dc727a6ee7d0f3481f8b7fff25f38f77a5a5af6eef059d01054307de80e97e609ca008b5182b01f82d9f5bc933987a22f566c886efd28b39492fd2bacbd,JA189189,,03/16/2017 02:48:00 PM,30,STOP SIGN/FLASHER,FUNCTIONING PROPERLY,CLEAR,DAYLIGHT,REAR END,NOT DIVIDED,,STRAIGHT AND LEVEL,DRY,NO DEFECTS,NOT ON SCENE (DESK REPORT),NO INJURY / DRIVE AWAY,,,,"$501 - $1,500",03/16/2017 03:05:00 PM,FOLLOWING TOO CLOSELY,FOLLOWING TOO CLOSELY,2851,N,CENTRAL AVE,2514.0,,,,,,,2,NO INDICATION OF INJURY,0.0,0.0,0.0,0.0,0.0,2.0,0.0,14,5,3,41.9327856677,-87.766152449,POINT (-87.766152448995 41.932785667654)
05d3b55d35e2c3306284be682104ea32349804f867e4613c429fdd690c0382158328537cb2d048e06dd231f891a8910dbff2091f4d906b799742b8e70f7633f4,JC540680,,12/09/2019 03:05:00 PM,30,NO CONTROLS,NO CONTROLS,CLOUDY/OVERCAST,DAYLIGHT,REAR TO REAR,PARKING LOT,,STRAIGHT AND LEVEL,WET,NO DEFECTS,ON SCENE,NO INJURY / DRIVE AWAY,,Y,,"OVER $1,500",12/09/2019 03:45:00 PM,UNABLE TO DETERMINE,NOT APPLICABLE,1940,W,33RD ST,912.0,,,,,,,2,NO INDICATION OF INJURY,0.0,0.0,0.0,0.0,0.0,3.0,0.0,15,2,12,41.8341473875,-87.6745978564,POINT (-87.674597856436 41.834147387528)
4ed611816a64035f1a37dfb3f929648d46955ea413c63db8d086f879e603051c366ca32aa630d8f1baecc88d578038a1277206b898f3b3c1204453dc8fdcbed4,JF107022,,01/08/2022 05:12:00 PM,25,NO CONTROLS,NO CONTROLS,FREEZING RAIN/DRIZZLE,DARKNESS,REAR END,NOT DIVIDED,,STRAIGHT AND LEVEL,OTHER,NO DEFECTS,ON SCENE,INJURY AND / OR TOW DUE TO CRASH,,,,"OVER $1,500",01/08/2022 05:26:00 PM,WEATHER,UNABLE TO DETERMINE,6833,N,KEDZIE AVE,2411.0,,,,,,,2,NO INDICATION OF INJURY,0.0,0.0,0.0,0.0,0.0,2.0,0.0,17,7,1,42.0056145366,-87.7091715264,POINT (-87.709171526438 42.005614536586)