CRASH_RECORD_ID,RD_NO,CRASH_DATE_EST_I,CRASH_DATE,POSTED_SPEED_LIMIT,TRAFFIC_CONTROL_DEVICE,DEVICE_CONDITION,WEATHER_CONDITION,LIGHTING_CONDITION,FIRST_CRASH_TYPE,TRAFFICWAY_TYPE,LANE_CNT,ALIGNMENT,ROADWAY_SURFACE_COND,ROAD_DEFECT,REPORT_TYPE,CRASH_TYPE,INTERSECTION_RELATED_I,NOT_RIGHT_OF_WAY_I,HIT_AND_RUN_I,DAMAGE,DATE_POLICE_NOTIFIED,PRIM_CONTRIBUTORY_CAUSE,SEC_CONTRIBUTORY_CAUSE,STREET_NO,STREET_DIRECTION,STREET_NAME,BEAT_OF_OCCURRENCE,PHOTOS_TAKEN_I,STATEMENTS_TAKEN_I,DOORING_I,WORK_ZONE_I,WORK_ZONE_TYPE,WORKERS_PRESENT_I,NUM_UNITS,MOST_SEVERE_INJURY,INJURIES_TOTAL,INJURIES_FATAL,INJURIES_INCAPACITATING,INJURIES_NON_INCAPACITATING,INJURIES_REPORTED_NOT_EVIDENT,INJURIES_NO_INDICATION,INJURIES_UNKNOWN,CRASH_HOUR,CRASH_DAY_OF_WEEK,CRASH_MONTH,LATITUDE,LONGITUDE,LOCATION
f2053ada6ec048dcbd74a4761941c9b5342345b5fbfa0e356bcf667ca1217ea01eee23bdb5cb254dc3fa07b2c7d0d9242ae722265b5fb5b3466a6cc55af8bd13,JF149764,,02/19/2022 04:24:00 PM,30,TRAFFIC SIGNAL,FUNCTIONING PROPERLY,CLEAR,DAYLIGHT,OTHER NONCOLLISION,DIVIDED - W/MEDIAN (NOT RAISED),,STRAIGHT AND LEVEL,DRY,"RUT, HOLES",NOT ON SCENE (DESK REPORT),NO INJURY / DRIVE AWAY,,,,"$501 - $1,500",02/19/2022 05:40:00 PM,NOT APPLICABLE,NOT APPLICABLE,4200,W,IRVING PARK RD,1722.0,,,,,,,1,NO INDICATION OF INJURY,0.0,0.0,0.0,0.0,0.0,1.0,0.0,16,7,2,41.9537055097,-87.7325509812,POINT (-87.732550981181 41.953705509686)
b58941ba1829c790e6fc06f43b892b0a28d7765b9e8423bf476ed16971da699ddeb2a3e3f49737ec4e8b81a81bce2caafe3ec0957633f4a87ccf0594990daf96,JF295157,,06/26/2022 07:22:00 PM,30,STOP SIGN/FLASHER,OTHER,CLEAR,DUSK,ANGLE,FOUR WAY,,STRAIGHT AND LEVEL,DRY,UNKNOWN,ON SCENE,INJURY AND / OR TOW DUE TO CRASH,,,Y,"OVER $1,500",06/26/2022 08:28:00 PM,FAILING TO YIELD RIGHT-OF-WAY,NOT APPLICABLE,8000,S,WENTWORTH AVE,623.0,,,,,,,2,NONINCAPACITATING INJURY,2.0,0.0,0.0,2.0,0.0,1.0,0.0,19,1,6,41.7489489272,-87.629595441,POINT (-87.629595440969 41.748948927151)
0cf4b6b53ea41ed48c848a325faf09894e673930fe8dace99deea3c77cba3163b5a08d01e733632e0932315ad202a4e2320c06344d5ad1651334fc8198951c4b,JA189789,,03/16/2017 11:15:00 PM,20,NO CONTROLS,NO CONTROLS,CLEAR,"DARKNESS, LIGHTED ROAD",PARKED MOTOR VEHICLE,OTHER,1.0,STRAIGHT AND LEVEL,DRY,NO DEFECTS,ON SCENE,NO INJURY / DRIVE AWAY,,,Y,"OVER $1,500",03/16/2017 11:40:00 PM,UNABLE TO DETERMINE,UNABLE TO DETERMINE,1919,N,WHIPPLE ST,1421.0,,,,,,,3,NO INDICATION OF INJURY,0.0,0.0,0.0,0.0,0.0,1.0,0.0,23,5,3,41.9162036073,-87.7037638601,POINT (-87.703763860105 41.916203607337)
7314353f2e2e6070cb0c4472c615e4d2d564c31900ec2d9c5b3ce0187c88714ccdf6a8ace8e452637b2e908f11a24d9c299be8cd926af9bfd1d9aace574d3f29,JA247907,,05/02/2017 04:00:00 PM,30,TRAFFIC SIGNAL,FUNCTIONING PROPERLY,CLEAR,DAYLIGHT,REAR END,NOT DIVIDED,4.0,STRAIGHT AND LEVEL,DRY,NO DEFECTS,NOT ON SCENE (DESK REPORT),INJURY AND / OR TOW DUE TO CRASH,,,,"OVER $1,500",05/02/2017 04:05:00 PM,FOLLOWING TOO CLOSELY,NOT APPLICABLE,240,S,WESTERN AVE,1125.0,,,,,,,3,"REPORTED, NOT EVIDENT",1.0,0.0,0.0,0.0,1.0,2.0,0.0,16,3,5,41.877601915,-87.6864900793,POINT (-87.686490079284 41.877601914971)
fc749fb4895660e45c8d384f89cf021518f9cb431b288dc835806796f5128a22a43761958f12d672c06e59f96acac794ae110311b2563a1729d98ec29f12f798,JA568415,,12/30/2017 05:45:00 PM,30,TRAFFIC SIGNAL,FUNCTIONING PROPERLY,UNKNOWN,UNKNOWN,REAR END,NOT DIVIDED,4.0,STRAIGHT AND LEVEL,WET,UNKNOWN,NOT ON SCENE (DESK REPORT),NO INJURY / DRIVE AWAY,,,,"OVER $1,500",12/30/2017 09:10:00 PM,UNABLE TO DETERMINE,UNABLE TO DETERMINE,8245,S,ELLIS AVE,631.0,,,,,,,2,NO INDICATION OF INJURY,0.0,0.0,0.0,0.0,0.0,3.0,0.0,17,7,12,41.7445213219,-87.5999964043,POINT (-87.599996404331 41.744521321899)
29d9b885353dab9bccae2363d3448f96920541898fbaf354b3c0764344af2e11bf89186880915352dd5899ce5d181b744bbfad9dee47a3c1f641db0c367b3ac4,JD246806,,05/29/2020 05:40:00 PM,30,UNKNOWN,UNKNOWN,CLEAR,DAYLIGHT,REAR TO FRONT,PARKING LOT,,STRAIGHT AND LEVEL,DRY,UNKNOWN,NOT ON SCENE (DESK REPORT),NO INJURY / DRIVE AWAY,,Y,Y,"OVER $1,500",05/29/2020 06:20:00 PM,UNABLE TO DETERMINE,UNABLE TO DETERMINE,1214,E,53RD ST,234.0,,,,,,,2,NO INDICATION OF INJURY,0.0,0.0,0.0,0.0,0.0,2.0,0.0,17,6,5,41.7995723295,-87.5959973319,POINT (-87.595997331925 41.799572329461)
356e01ce0413621b5d6b3afb7637c9beafd85b603130f879af09ddc04ab6e4b23f70c5164fa65de704878a7f10052517daba86c7f65be849d3acb0604a0fedc3,JF417947,,10/01/2022 01:18:00 PM,30,TRAFFIC SIGNAL,FUNCTIONING PROPERLY,CLEAR,DAYLIGHT,SIDESWIPE SAME DIRECTION,NOT DIVIDED,,STRAIGHT ON GRADE,DRY,NO DEFECTS,NOT ON SCENE (DESK REPORT),NO INJURY / DRIVE AWAY,Y,,,"$501 - $1,500",10/01/2022 02:52:00 PM,IMPROPER OVERTAKING/PASSING,IMPROPER OVERTAKING/PASSING,4000,W,76TH ST,833.0,,,,,,,2,NO INDICATION OF INJURY,0.0,0.0,0.0,0.0,0.0,3.0,0.0,13,7,10,41.7551933349,-87.7222304313,POINT (-87.722230431257 41.755193334868)
3e1a2b0234ae610b8c1d0ffbe4c6a7da8eefa329aadab912110892098cc7d9fe81543a2e8f20ce51d14a9bb45c0d3d1c3540e64c1b481df8d0b9c80ca2388aab,HZ115337,,01/14/2016 01:25:00 PM,30,NO CONTROLS,NO CONTROLS,CLEAR,DAYLIGHT,SIDESWIPE SAME DIRECTION,DIVIDED - W/MEDIAN BARRIER,4.0,STRAIGHT AND LEVEL,DRY,NO DEFECTS,NOT ON SCENE (DESK REPORT),NO INJURY / DRIVE AWAY,,,,"$501 - $1,500",01/14/2016 01:49:00 PM,IMPROPER LANE USAGE,NOT APPLICABLE,4900,N,ASHLAND AVE,2032.0,,,,,,,2,NO INDICATION OF INJURY,0.0,0.0,0.0,0.0,0.0,4.0,0.0,13,5,1,41.9718832537,-87.6696684777,POINT (-87.66966847772 41.971883253741)
a4a48489fed2a76f1520db757069dbf8755c7b626272ee61bf62e8445415bbe7d6e9463cccb34579eecd38e0e04d6d165539f071a576b265db9c4ac09ba65c39,JA433201,,09/15/2017 05:10:00 PM,30,UNKNOWN,UNKNOWN,UNKNOWN,UNKNOWN,ANGLE,UNKNOWN,,STRAIGHT AND LEVEL,UNKNOWN,UNKNOWN,NOT ON SCENE (DESK REPORT),INJURY AND / OR TOW DUE TO CRASH,,,Y,"$501 - $1,500",09/16/2017 12:50:00 AM,UNABLE TO DETERMINE,UNABLE TO DETERMINE,1766,E,71ST PL,324.0,,,,,,,2,INCAPACITATING INJURY,1.0,0.0,1.0,0.0,0.0,2.0,0.0,17,6,9,41.7653053417,-87.5812296224,POINT (-87.581229622396 41.765305341696)
4420de31d02f15fe31c1f13ae2f212c3f15aef9e8f2884860298a6ca45d4b4f2b47da055ab354f5017d86c13481ecd3d10072a811013377df1f01afe8e57039c,JE358193,,09/01/2021 05:45:00 PM,30,UNKNOWN,UNKNOWN,CLEAR,DAYLIGHT,PARKED MOTOR VEHICLE,DIVIDED - W/MEDIAN (NOT RAISED),,STRAIGHT AND LEVEL,DRY,NO DEFECTS,,NO INJURY / DRIVE AWAY,,,,"OVER $1,500",09/01/2021 06:00:00 PM,UNABLE TO DETERMINE,UNABLE TO DETERMINE,3198,N,WOLCOTT AVE,1931.0,,,,,,,2,NO INDICATION OF INJURY,0.0,0.0,0.0,0.0,0.0,1.0,0.0,17,4,9,41.9395537116,-87.6760769486,POINT (-87.676076948636 41.939553711562)
2d8a5ea559e25412fc7e6f49f2199dfeb35e59f4ce432d6743e2dce64f9d2bdeeed0294d0fc21389fe4b19f3c4929ec53ce2fdb1662e02f260f3a11394b29951,HZ131001,,01/27/2016 05:46:00 PM,30,TRAFFIC SIGNAL,FUNCTIONING PROPERLY,CLEAR,"DARKNESS, LIGHTED ROAD",REAR END,NOT DIVIDED,2.0,STRAIGHT AND LEVEL,DRY,NO DEFECTS,NOT ON SCENE (DESK REPORT),NO INJURY / DRIVE AWAY,Y,,,"OVER $1,500",01/27/2016 06:50:00 PM,FOLLOWING TOO CLOSELY,UNABLE TO DETERMINE,7600,S,DR MARTIN LUTHER KING JR DR,623.0,,,,,,,2,NO INDICATION OF INJURY,0.0,0.0,0.0,0.0,0.0,2.0,0.0,17,4,1,41.7564901494,-87.6152267936,POINT (-87.61522679361 41.756490149368)
8e325dbb1c8bcab8b0dac991f96f713595aa978825ed822de78446a2613026de7ba0bbcdb00040a5929bac602237a7bc562c74ce8d643c188a12895ea97571e4,HZ490406,,10/26/2016 02:30:00 PM,30,UNKNOWN,UNKNOWN,UNKNOWN,DAYLIGHT,ANGLE,ONE-WAY,,STRAIGHT AND LEVEL,UNKNOWN,UNKNOWN,NOT ON SCENE (DESK REPORT),NO INJURY / DRIVE AWAY,,,,"OVER $1,500",10/26/2016 06:30:00 PM,NOT APPLICABLE,NOT APPLICABLE,2440,N,GENEVA TER,1935.0,,,,,,,2,NO INDICATION OF INJURY,0.0,0.0,0.0,0.0,0.0,3.0,0.0,14,4,10,41.926663878,-87.6441368446,POINT (-87.644136844648 41.926663878027)
145d4587585c5919d87243e7e32bb0c1851eaaea0c7624656f36840f1e3d4c3d9633b96d18b82a570d09b7d5733c1252ece6a89d30c1243b4f5c251628cb5ec1,JA473488,,10/16/2017 02:30:00 PM,30,NO CONTROLS,UNKNOWN,CLEAR,DAYLIGHT,REAR END,ONE-WAY,1.0,STRAIGHT AND LEVEL,DRY,UNKNOWN,ON SCENE,NO INJURY / DRIVE AWAY,,,Y,$500 OR LESS,10/16/2017 03:25:00 PM,FOLLOWING TOO CLOSELY,UNABLE TO DETERMINE,5114,W,QUINCY ST,1533.0,,,,,,,2,NO INDICATION OF INJURY,0.0,0.0,0.0,0.0,0.0,2.0,0.0,14,2,10,41.8776862368,-87.7541246799,POINT (-87.754124679863 41.877686236754)
5f6618d2dfee4ab900ed5bd427157f9cae47a2f8857e3bc16ef6e816a90f003416115294f47896444e1495ba76bbc371c14cc2a3a50a0b7186ec06dbb96db4ec,JF351771,,08/10/2022 03:45:00 PM,30,NO CONTROLS,NO CONTROLS,CLEAR,DAYLIGHT,PARKED MOTOR VEHICLE,ONE-WAY,,STRAIGHT AND LEVEL,DRY,NO DEFECTS,ON SCENE,INJURY AND / OR TOW DUE TO CRASH,,,,"OVER $1,500",08/10/2022 03:47:00 PM,UNABLE TO DETERMINE,NOT APPLICABLE,8130,S,LAFAYETTE AVE,622.0,,,,,,,2,"REPORTED, NOT EVIDENT",1.0,0.0,0.0,0.0,1.0,1.0,0.0,15,4,8,41.7463397005,-87.6258405122,POINT (-87.625840512152 41.746339700471)
980e18459ca2d417b7246ae6cd0bc27dfc119df242f3c99c5e4659581b3dd2c5108c3491d49d2a07b4e991222ea1e8bc953899e9d3462cd39fa0224c8aa142e1,JF352853,,08/10/2022 07:00:00 PM,25,NO CONTROLS,NO CONTROLS,CLEAR,UNKNOWN,PARKED MOTOR VEHICLE,ONE-WAY,,STRAIGHT AND LEVEL,UNKNOWN,NO DEFECTS,ON SCENE,INJURY AND / OR TOW DUE TO CRASH,,,Y,"OVER $1,500",08/11/2022 01:45:00 PM,UNABLE TO DETERMINE,UNABLE TO DETERMINE,136,W,108TH ST,513.0,,,,,,,2,NO INDICATION OF INJURY,0.0,0.0,0.0,0.0,0.0,1.0,0.0,19,4,8,41.698113013,-87.6270841147,POINT (-87.627084114654 41.698113012991)
27df5aa35d9a7ef0dc35ead2c9e3d92b90271a51ee63326a4369a8e1ecfdce173fb9e375aff19b72f2f596dedd37ee684325bf2d6775db9288d67fcc6016f9f5,JF367464,,08/23/2022 02:00:00 PM,25,NO CONTROLS,NO CONTROLS,CLEAR,DAYLIGHT,SIDESWIPE SAME DIRECTION,ONE-WAY,,STRAIGHT AND LEVEL,DRY,NO DEFECTS,NOT ON SCENE (DESK REPORT),NO INJURY / DRIVE AWAY,,,,"$501 - $1,500",08/23/2022 02:20:00 PM,FAILING TO YIELD RIGHT-OF-WAY,NOT APPLICABLE,21,W,CHESTNUT ST,1832.0,,,,,,,2,NO INDICATION OF INJURY,0.0,0.0,0.0,0.0,0.0,2.0,0.0,14,3,8,41.8978902944,-87.6291493505,POINT (-87.629149350519 41.897890294438)
1dc84dbafb967e7a5a7035f5c249be8036c8516b9a3c6dcce75c02aec5c69b64e6c132fce5ba553e298a303213b8031ca3d530b2d6e1d2f07d7494b075fb418f,JE287553,,07/02/2021 10:00:00 AM,35,NO CONTROLS,NO CONTROLS,CLEAR,DAYLIGHT,PARKED MOTOR VEHICLE,DIVIDED - W/MEDIAN (NOT RAISED),,STRAIGHT AND LEVEL,DRY,NO DEFECTS,NOT ON SCENE (DESK REPORT),NO INJURY / DRIVE AWAY,,,Y,"OVER $1,500",07/02/2021 05:00:00 PM,IMPROPER OVERTAKING/PASSING,NOT APPLICABLE,711,E,81ST ST,631.0,,,,,,,2,NO INDICATION OF INJURY,0.0,0.0,0.0,0.0,0.0,1.0,0.0,10,6,7,41.7474894713,-87.6070751403,POINT (-87.607075140346 41.747489471254)
1642f8606983bb48bb79f88abb831f0dfa738161222e7a17817301e5de828f163afde95ee74985aa84476421c51429f09987424c3938743765f02561631724c6,JE385610,,09/24/2021 12:22:00 PM,30,NO CONTROLS,NO CONTROLS,CLEAR,DAYLIGHT,PEDALCYCLIST,NOT DIVIDED,,STRAIGHT AND LEVEL,DRY,NO DEFECTS,,INJURY AND / OR TOW DUE TO CRASH,Y,,Y,"OVER $1,500",09/24/2021 12:25:00 PM,DRIVING ON WRONG SIDE/WRONG WAY,UNABLE TO DETERMINE,2323,S,DAMEN AVE,1034.0,,Y,,,,,2,INCAPACITATING INJURY,1.0,0.0,1.0,0.0,0.0,1.0,0.0,12,6,9,41.8496739563,-87.6756288576,POINT (-87.67562885757 41.849673956282)
c8fe49812610713b4bf1e30d8c377be5061f61819e227d0bca324c7532f6f24bb10d416cbbe89536242dc6fa270280902dcc550a98f7417f01727043ec385355,JG335207,,07/10/2023 11:59:00 AM,20,NO CONTROLS,NO CONTROLS,CLEAR,DAYLIGHT,PARKED MOTOR VEHICLE,NOT DIVIDED,,STRAIGHT AND LEVEL,DRY,NO DEFECTS,ON SCENE,INJURY AND / OR TOW DUE TO CRASH,,,,"OVER $1,500",07/10/2023 12:30:00 PM,DRIVING SKILLS/KNOWLEDGE/EXPERIENCE,FAILING TO REDUCE SPEED TO AVOID CRASH,5100,S,SPRINGFIELD AVE,822.0,,,,,,,4,NO INDICATION OF INJURY,0.0,0.0,0.0,0.0,0.0,2.0,0.0,11,2,7,41.8004924563,-87.7210637514,POINT (-87.721063751393 41.800492456278)
fdffb09732e80f34a7c32b0eef7539ce3d2515cc237db6aebe0ba5db6ae9ea4fc6f0ad5997e76f71dd14a7ea3514a8e0d3a9e6a5b394413fde736a79a2549a2b,JD462128,,12/17/2020 10:50:00 PM,15,NO CONTROLS,NO CONTROLS,CLEAR,"DARKNESS, LIGHTED ROAD",PARKED MOTOR VEHICLE,PARKING LOT,,STRAIGHT AND LEVEL,UNKNOWN,UNKNOWN,ON SCENE,NO INJURY / DRIVE AWAY,,,,"$501 - $1,500",12/17/2020 10:51:00 PM,DRIVING SKILLS/KNOWLEDGE/EXPERIENCE,UNABLE TO DETERMINE,6648,S,BISHOP ST,725.0,,,,,,,2,NO INDICATION OF INJURY,0.0,0.0,0.0,0.0,0.0,1.0,0.0,22,5,12,41.7726155871,-87.6605294325,POINT (-87.660529432541 41.772615587108)
27fe2ecd813af55bca6a853e31f90719bb80b346bd5bd699a56ff551fa074e840c51ec99431aef6ed7ab983526b7df50fe7fe9f45acea75378277fad149f2e30,JF452935,,10/28/2022 02:45:00 PM,30,TRAFFIC SIGNAL,FUNCTIONING PROPERLY,CLEAR,DAYLIGHT,OTHER OBJECT,NOT DIVIDED,,STRAIGHT AND LEVEL,DRY,NO DEFECTS,ON SCENE,NO INJURY / DRIVE AWAY,Y,,Y,$500 OR LESS,10/28/2022 02:58:00 PM,FAILING TO YIELD RIGHT-OF-WAY,UNABLE TO DETERMINE,4355,N,SHERIDAN RD,1915.0,,Y,,,,,2,NO INDICATION OF INJURY,0.0,0.0,0.0,0.0,0.0,2.0,0.0,14,6,10,41.9613977799,-87.6545929748,POINT (-87.654592974847 41.961397779903)
e0f1a29773599d3f6776344dfa38b5372235759e8d2a5d6916facb152f4ecea08a53199769121654b5d1ef1a51f2f08b2ab927a0c8925949a6e1a2b4bad9aa7a,JA120752,Y,01/12/2017 12:15:00 AM,15,NO CONTROLS,NO CONTROLS,UNKNOWN,"DARKNESS, LIGHTED ROAD",OTHER OBJECT,ALLEY,1.0,STRAIGHT AND LEVEL,UNKNOWN,UNKNOWN,NOT ON SCENE (DESK REPORT),NO INJURY / DRIVE AWAY,,,Y,"$501 - $1,500",01/18/2017 05:00:00 PM,UNABLE TO DETERMINE,UNABLE TO DETERMINE,2645,W,AUGUSTA BLVD,1211.0,,,,,,,1,NO INDICATION OF INJURY,0.0,0.0,0.0,0.0,0.0,1.0,0.0,0,5,1,41.8992058783,-87.693667478,POINT (-87.693667478031 41.899205878292)
f9fd0ed2afdc0a1349914add3623f92e3e47f515ec8c4b3ac0b4dbad1043811dc0450aeea368be6108bc928f0e7088f490d19e0b0fc66fd96208b33525500695,JC218419,,04/09/2019 09:00:00 PM,30,TRAFFIC SIGNAL,FUNCTIONING PROPERLY,CLEAR,"DARKNESS, LIGHTED ROAD",SIDESWIPE SAME DIRECTION,NOT DIVIDED,,STRAIGHT AND LEVEL,DRY,NO DEFECTS,NOT ON SCENE (DESK REPORT),NO INJURY / DRIVE AWAY,,,Y,"$501 - $1,500",04/09/2019 09:30:00 PM,IMPROPER OVERTAKING/PASSING,IMPROPER LANE USAGE,9901,S,HALSTED ST,2232.0,,,,,,,2,NO INDICATION OF INJURY,0.0,0.0,0.0,0.0,0.0,3.0,0.0,21,3,4,41.7141256493,-87.6428525474,POINT (-87.642852547443 41.714125649277)
dc59761f74f545ca09611282de9d16c79b98377bb5689075892e80e1e8c76aa98dba1b6b3edf35fe7bde214d27da2361282cd8270d177ec11c72f628fa477d1c,JA129082,,01/25/2017 08:30:00 AM,5,NO CONTROLS,NO CONTROLS,CLEAR,DAYLIGHT,REAR END,PARKING LOT,,STRAIGHT AND LEVEL,DRY,NO DEFECTS,NOT ON SCENE (DESK REPORT),NO INJURY / DRIVE AWAY,,,,"$501 - $1,500",01/25/2017 08:55:00 AM,UNABLE TO DETERMINE,UNABLE TO DETERMINE,5953,W,63RD ST,812.0,,,,,,,2,NO INDICATION OF INJURY,0.0,0.0,0.0,0.0,0.0,2.0,0.0,8,4,1,41.7777575387,-87.7711939682,POINT (-87.7711939682 41.777757538723)
0c62fa8e753bd25b1964703f7444cf501397da3dd19a84ab4476835a3177e55e9d331c45299a311b8d1b1eccfd8983d8ab919cace0209cc6f5078a7a9655fce7,JC328349,,06/30/2019 07:38:00 AM,30,NO CONTROLS,NO CONTROLS,CLEAR,DAYLIGHT,PARKED MOTOR VEHICLE,DIVIDED - W/MEDIAN (NOT RAISED),,STRAIGHT AND LEVEL,DRY,NO DEFECTS,ON SCENE,INJURY AND / OR TOW DUE TO CRASH,,,,"OVER $1,500",06/30/2019 07:40:00 AM,IMPROPER LANE USAGE,PHYSICAL CONDITION OF DRIVER,2041,W,FULLERTON AVE,1432.0,,,,,,,4,NONINCAPACITATING INJURY,1.0,0.0,0.0,1.0,0.0,0.0,0.0,7,1,6,41.924896706,-87.6794957556,POINT (-87.679495755581 41.924896705977)
e4433199f28df00eec5d5eec9f62675f351659f9b08188efbf87ba839be36b124b5a4525fa7089088e324a9994b4d81452d21a4ce825ccf54746c48ae7789105,JC258066,,05/10/2019 05:50:00 PM,30,STOP SIGN/FLASHER,FUNCTIONING PROPERLY,CLEAR,DAYLIGHT,ANGLE,ROUNDABOUT,,STRAIGHT AND LEVEL,DRY,NO DEFECTS,NOT ON SCENE (DESK REPORT),NO INJURY / DRIVE AWAY,Y,,,"OVER $1,500",05/10/2019 06:40:00 PM,UNABLE TO DETERMINE,UNABLE TO DETERMINE,3200,S,LITUANICA AVE,913.0,,,,,,,2,NO INDICATION OF INJURY,0.0,0.0,0.0,0.0,0.0,2.0,0.0,17,6,5,41.8363838704,-87.6488135387,POINT (-87.648813538685 41.836383870357)
e23fe19e005d2c2214bd60a572ecb74abc2174acb733919f7f7302d8f0257d518d44e377d02382b9686b42deb2463d59c0b2b170323e8044037bc99317e24ba1,JF159207,,02/28/2022 09:00:00 PM,30,NO CONTROLS,NO CONTROLS,CLEAR,"DARKNESS, LIGHTED ROAD",PARKED MOTOR VEHICLE,NOT DIVIDED,,STRAIGHT AND LEVEL,DRY,NO DEFECTS,ON SCENE,INJURY AND / OR TOW DUE TO CRASH,,,,"OVER $1,500",02/28/2022 09:04:00 PM,NOT APPLICABLE,NOT APPLICABLE,8211,W,IRVING PARK RD,1631.0,,,,,,,2,NO INDICATION OF INJURY,0.0,0.0,0.0,0.0,0.0,1.0,0.0,21,2,2,41.9520420511,-87.8322762635,POINT (-87.832276263503 41.952042051133)
651a4faed2d1925cd6609296e7e5328eb6909d97d4af76ee3258e8d7ed1e7362ee7dd70e91c71f2eacbef214d3d5726b6561bce318e9c4a089f14a22b4d38e8d,JE273005,,06/20/2021 10:55:00 AM,20,NO CONTROLS,NO CONTROLS,CLEAR,DAYLIGHT,PARKED MOTOR VEHICLE,PARKING LOT,,STRAIGHT AND LEVEL,DRY,NO DEFECTS,NOT ON SCENE (DESK REPORT),NO INJURY / DRIVE AWAY,,,,$500 OR LESS,06/20/2021 11:35:00 AM,UNABLE TO DETERMINE,UNABLE TO DETERMINE,4453,S,ARCHER AVE,821.0,,,,,,,2,NO INDICATION OF INJURY,0.0,0.0,0.0,0.0,0.0,3.0,0.0,10,1,6,41.8123074902,-87.7069186299,POINT (-87.706918629869 41.812307490196)
99917f1da2250f8c71cedc45762458ce002af86a9b037f5823c3c3889495aefcf74795efa45f40901c77c532366b98a00a3b1c5608b22cdb6e7b90cf56378b04,JD385693,,10/01/2020 06:55:00 PM,10,NO CONTROLS,NO CONTROLS,RAIN,"DARKNESS, LIGHTED ROAD",PARKED MOTOR VEHICLE,PARKING LOT,,STRAIGHT ON GRADE,WET,NO DEFECTS,NOT ON SCENE (DESK REPORT),NO INJURY / DRIVE AWAY,,Y,,"OVER $1,500",10/01/2020 08:05:00 PM,IMPROPER BACKING,DRIVING SKILLS/KNOWLEDGE/EXPERIENCE,10943,S,WESTERN AVE,2212.0,,,,,,,2,NO INDICATION OF INJURY,0.0,0.0,0.0,0.0,0.0,1.0,0.0,18,5,10,41.6941015698,-87.681081293,POINT (-87.681081293005 41.694101569797)
d52411ccfd88755bcf680628c26368ee196bdaceb6054b400be5f3cc3fff18129dfb95ba6cc72a7c8bee14d65b6e1879e5b4f4f0f39ed9448e9fbb774b1062e8,JE195350,Y,04/10/2021 01:00:00 PM,30,NO CONTROLS,NO CONTROLS,RAIN,DAYLIGHT,PARKED MOTOR VEHICLE,DIVIDED - W/MEDIAN (NOT RAISED),,STRAIGHT AND LEVEL,WET,NO DEFECTS,,NO INJURY / DRIVE AWAY,,,Y,"OVER $1,500",04/10/2021 01:15:00 PM,UNABLE TO DETERMINE,NOT APPLICABLE,1847,W,LAKE ST,1223.0,,,,,,,2,NO INDICATION OF INJURY,0.0,0.0,0.0,0.0,0.0,1.0,0.0,13,7,4,41.8849803666,-87.6737097959,POINT (-87.673709795871 41.884980366635)
9088dbe2933e45bf8666cc95b73af322e6f0b891d142b85c6ba468e1f835ba00089db486191a133d94606600f4515b191153bece4ee87ce086baa26c0b4f4cdd,JF231581,Y,05/05/2022 03:30:00 PM,15,NO CONTROLS,NO CONTROLS,RAIN,DAYLIGHT,PARKED MOTOR VEHICLE,ONE-WAY,,STRAIGHT AND LEVEL,WET,NO DEFECTS,ON SCENE,NO INJURY / DRIVE AWAY,,,Y,$500 OR LESS,05/05/2022 06:42:00 PM,UNABLE TO DETERMINE,NOT APPLICABLE,3914,W,61ST PL,823.0,,,,,,,2,NO INDICATION OF INJURY,0.0,0.0,0.0,0.0,0.0,1.0,0.0,15,5,5,41.7815230802,-87.721058717,POINT (-87.721058716998 41.78152308017)
f63cdd3f25a9964e753dd90f72b984247670225761076568db37d8b6d56a2f64a42449276bdfbcfbbe6850e1589f4e43e534339f767ec34dc33db7fe3e688e4d,JA299301,,06/09/2017 09:10:00 AM,5,NO CONTROLS,NO CONTROLS,CLEAR,DAYLIGHT,TURNING,PARKING LOT,0.0,STRAIGHT AND LEVEL,DRY,NO DEFECTS,NOT ON SCENE (DESK REPORT),NO INJURY / DRIVE AWAY,,,,$500 OR LESS,06/09/2017 12:00:00 PM,UNABLE TO DETERMINE,UNABLE TO DETERMINE,5130,W,JACKSON BLVD,1533.0,,,,,,,2,NO INDICATION OF INJURY,0.0,0.0,0.0,0.0,0.0,2.0,0.0,9,6,6,41.87677136,-87.7547713647,POINT (-87.754771364685 41.876771359965)
66dc5d13a6fc682fab22df60a8cb7806261c163d4787b62b11e9661bf901486ec310a1a72cdf718aa3fcfaaad22afbfb06742730d453250713d5a609cd23a1fe,JF474231,,11/11/2022 08:20:00 AM,30,NO CONTROLS,NO CONTROLS,CLEAR,DAYLIGHT,PARKED MOTOR VEHICLE,NOT DIVIDED,,STRAIGHT AND LEVEL,WET,NO DEFECTS,NOT ON SCENE (DESK REPORT),NO INJURY / DRIVE AWAY,,,Y,"OVER $1,500",11/14/2022 12:24:00 PM,IMPROPER BACKING,IMPROPER BACKING,1399,N,WOOD ST,1424.0,,,,,,,2,NO INDICATION OF INJURY,0.0,0.0,0.0,0.0,0.0,1.0,0.0,8,6,11,41.9063897039,-87.6712683403,POINT (-87.671268340305 41.906389703885)