CRASH_RECORD_ID,RD_NO,CRASH_DATE_EST_I,CRASH_DATE,POSTED_SPEED_LIMIT,TRAFFIC_CONTROL_DEVICE,DEVICE_CONDITION,WEATHER_CONDITION,LIGHTING_CONDITION,FIRST_CRASH_TYPE,TRAFFICWAY_TYPE,LANE_CNT,ALIGNMENT,ROADWAY_SURFACE_COND,ROAD_DEFECT,REPORT_TYPE,CRASH_TYPE,INTERSECTION_RELATED_I,NOT_RIGHT_OF_WAY_I,HIT_AND_RUN_I,DAMAGE,DATE_POLICE_NOTIFIED,PRIM_CONTRIBUTORY_CAUSE,SEC_CONTRIBUTORY_CAUSE,STREET_NO,STREET_DIRECTION,STREET_NAME,BEAT_OF_OCCURRENCE,PHOTOS_TAKEN_I,STATEMENTS_TAKEN_I,DOORING_I,WORK_ZONE_I,WORK_ZONE_TYPE,WORKERS_PRESENT_I,NUM_UNITS,MOST_SEVERE_INJURY,INJURIES_TOTAL,INJURIES_FATAL,INJURIES_INCAPACITATING,INJURIES_NON_INCAPACITATING,INJURIES_REPORTED_NOT_EVIDENT,INJURIES_NO_INDICATION,INJURIES_UNKNOWN,CRASH_HOUR,CRASH_DAY_OF_WEEK,CRASH_MONTH,LATITUDE,LONGITUDE,LOCATION
569d3fd6f3c32576c93b7f21d7a6ef08707fb3ca083f183c0cad8352b643e93759ddaa8ee5bd4ad7db58bcda9e7c888a34c05317af26de9aa46503eacef4aca5,JC252500,Y,05/06/2019 05:55:00 PM,30,NO CONTROLS,NO CONTROLS,CLEAR,DAYLIGHT,PEDALCYCLIST,DIVIDED - W/MEDIAN (NOT RAISED),,STRAIGHT AND LEVEL,DRY,NO DEFECTS,ON SCENE,NO INJURY / DRIVE AWAY,,,,"$501 - $1,500",05/06/2019 06:01:00 PM,NOT APPLICABLE,UNABLE TO DETERMINE,723,N,MILWAUKEE AVE,1214.0,,,,,,,2,NO INDICATION OF INJURY,0.0,0.0,0.0,0.0,0.0,3.0,0.0,17,2,5,41.8947953223,-87.6529483347,POINT (-87.652948334744 41.894795322334)
10ff8dc561351dae39bcce126c727f7ce92b7615923b5c09d125d5c1b3bf2ca103b78d60f79caf462a86034233580e8bb0e48227defb2d201df9b44bf4eaf066,JC525664,,11/26/2019 06:20:00 PM,30,STOP SIGN/FLASHER,OTHER,RAIN,DARKNESS,ANGLE,NOT DIVIDED,,STRAIGHT AND LEVEL,WET,NO DEFECTS,ON SCENE,INJURY AND / OR TOW DUE TO CRASH,,,,"OVER $1,500",11/26/2019 06:23:00 PM,FAILING TO YIELD RIGHT-OF-WAY,WEATHER,6200,W,HIGGINS AVE,1622.0,,,,,,,2,NONINCAPACITATING INJURY,1.0,0.0,0.0,1.0,0.0,1.0,0.0,18,3,11,41.9748474386,-87.7830453755,POINT (-87.783045375528 41.974847438552)
d7aad8b3c5e4b7f2463937f918701c38ea0c593047ea3cd1088b33c6a306e43d59ae66b985ea350b6cc1c66101ae1ab6dd0e50a25b1ca944db3669c90503118c,JD447260,,12/02/2020 08:30:00 AM,30,TRAFFIC SIGNAL,UNKNOWN,CLEAR,DAYLIGHT,REAR END,NOT DIVIDED,,STRAIGHT AND LEVEL,DRY,UNKNOWN,NOT ON SCENE (DESK REPORT),NO INJURY / DRIVE AWAY,,,,"$501 - $1,500",12/02/2020 08:46:00 AM,UNABLE TO DETERMINE,UNABLE TO DETERMINE,1555,W,WILSON AVE,1912.0,,,,,,,2,NO INDICATION OF INJURY,0.0,0.0,0.0,0.0,0.0,2.0,0.0,8,4,12,41.9651254561,-87.6692661162,POINT (-87.669266116243 41.965125456127)
0a44b9df62ad5b7dbfaa3b71804c7381879662e5a35224333bdcac44d5849c8e25cda350f08cbfd86652b7af260183fa41f07dcecf0df46b4131d476c59af474,JB415449,,08/30/2018 05:33:00 PM,30,STOP SIGN/FLASHER,UNKNOWN,CLEAR,DAYLIGHT,ANGLE,NOT DIVIDED,2.0,STRAIGHT AND LEVEL,DRY,UNKNOWN,ON SCENE,INJURY AND / OR TOW DUE TO CRASH,,,,"OVER $1,500",08/30/2018 05:34:00 PM,FAILING TO YIELD RIGHT-OF-WAY,UNABLE TO DETERMINE,6401,W,ARGYLE ST,1613.0,,,,,,,3,NO INDICATION OF INJURY,0.0,0.0,0.0,0.0,0.0,3.0,0.0,17,5,8,41.9719169391,-87.7880109488,POINT (-87.788010948815 41.971916939137)
12a8a32646a77f838045e765b951824b783303bae61e38ad91c4993b0824fada9d7a24c50bf7d903207225ef4c90d54d7bd2c8c6da0164621b579c830ec034fd,JC535215,,12/05/2019 07:20:00 AM,30,NO CONTROLS,NO CONTROLS,CLEAR,DAYLIGHT,SIDESWIPE OPPOSITE DIRECTION,DIVIDED - W/MEDIAN (NOT RAISED),,STRAIGHT AND LEVEL,WET,NO DEFECTS,ON SCENE,NO INJURY / DRIVE AWAY,,,,"OVER $1,500",12/05/2019 07:40:00 AM,UNABLE TO DETERMINE,UNABLE TO DETERMINE,318,W,51ST ST,935.0,,,,,,,2,NO INDICATION OF INJURY,0.0,0.0,0.0,0.0,0.0,3.0,0.0,7,5,12,41.8019071152,-87.6340341042,POINT (-87.634034104208 41.801907115247)
18cddf3500c9b83b9e71ed84507984f2373db0b319d7aa911101b218ac0a34e30d1650816ccb036a3d8641706a583db9d1b57701b8ea2a2b2c7005c062f74d48,JG237772,,04/25/2023 05:59:00 PM,30,NO CONTROLS,NO CONTROLS,CLEAR,DAYLIGHT,PARKED MOTOR VEHICLE,ONE-WAY,,STRAIGHT AND LEVEL,DRY,UNKNOWN,NOT ON SCENE (DESK REPORT),INJURY AND / OR TOW DUE TO CRASH,,,,"OVER $1,500",04/26/2023 10:20:00 AM,UNABLE TO DETERMINE,NOT APPLICABLE,3929,W,VAN BUREN ST,1132.0,,,,,,,2,NONINCAPACITATING INJURY,1.0,0.0,0.0,1.0,0.0,1.0,0.0,17,3,4,41.8751754323,-87.7242217317,POINT (-87.724221731718 41.875175432277)
671d3a051b421f0b15edf53c32538e453aa3f206052cb735f33489ab8e698146f79ca850a643cd1f8b221737f569369c207fa30c7158e68a7be0c5b36fadeb17,HZ526029,,11/22/2016 08:30:00 PM,30,TRAFFIC SIGNAL,FUNCTIONING PROPERLY,RAIN,"DARKNESS, LIGHTED ROAD",REAR END,NOT DIVIDED,3.0,STRAIGHT AND LEVEL,WET,NO DEFECTS,NOT ON SCENE (DESK REPORT),NO INJURY / DRIVE AWAY,,,Y,$500 OR LESS,11/22/2016 09:30:00 PM,FOLLOWING TOO CLOSELY,NOT APPLICABLE,8700,S,MORGAN ST,2222.0,,,,,,,2,NO INDICATION OF INJURY,0.0,0.0,0.0,0.0,0.0,2.0,0.0,20,3,11,41.7359123855,-87.6486391961,POINT (-87.648639196132 41.73591238555)
4455b8a6995002c18f491c83e5a6e13d435d98e698c6edfe40fd088b01912590f764a2db865df571a1e904ec3f690f13270c1a0bab9952e363208bc09e1f7a4b,JG136145,,01/31/2023 03:30:00 PM,30,TRAFFIC SIGNAL,FUNCTIONING PROPERLY,CLEAR,DAYLIGHT,SIDESWIPE SAME DIRECTION,DIVIDED - W/MEDIAN (NOT RAISED),,STRAIGHT AND LEVEL,DRY,NO DEFECTS,NOT ON SCENE (DESK REPORT),NO INJURY / DRIVE AWAY,,,,"$501 - $1,500",01/31/2023 04:15:00 PM,FAILING TO YIELD RIGHT-OF-WAY,UNABLE TO DETERMINE,11081,S,KEDZIE AVE,2211.0,,,,,,,2,NO INDICATION OF INJURY,0.0,0.0,0.0,0.0,0.0,2.0,0.0,15,3,1,41.6916621835,-87.7006847707,POINT (-87.700684770716 41.691662183497)
dbbfd9f7c930a20085d5bf2e96c373000ca3c8836680c3f627494f3b943e812bd29e98bcc4cf5ddbdd5f38ea0c1b6f503ee15f98ea5be3a0e684ed5aa464e701,JB130582,,01/26/2018 11:30:00 AM,30,NO CONTROLS,NO CONTROLS,CLEAR,DAYLIGHT,REAR END,DIVIDED - W/MEDIAN (NOT RAISED),4.0,STRAIGHT AND LEVEL,DRY,NO DEFECTS,NOT ON SCENE (DESK REPORT),INJURY AND / OR TOW DUE TO CRASH,,,,"OVER $1,500",01/26/2018 03:45:00 PM,UNABLE TO DETERMINE,UNABLE TO DETERMINE,4339,W,NORTH AVE,2534.0,,,,,,,2,"REPORTED, NOT EVIDENT",1.0,0.0,0.0,0.0,1.0,1.0,0.0,11,6,1,41.909656501,-87.7355555467,POINT (-87.73555554671 41.909656500982)
f64c46e26cc9bb1645014d9ee5b6d3532ffeaf474e6fac34928397cbe920ba752e886ac900c5f68b11878911cd4ac983fee8990f3affb0028de0115b625722a3,JG391752,,08/21/2023 01:45:00 PM,30,UNKNOWN,UNKNOWN,UNKNOWN,UNKNOWN,PARKED MOTOR VEHICLE,UNKNOWN,,STRAIGHT AND LEVEL,UNKNOWN,UNKNOWN,NOT ON SCENE (DESK REPORT),NO INJURY / DRIVE AWAY,,,Y,$500 OR LESS,08/21/2023 02:34:00 PM,UNABLE TO DETERMINE,UNABLE TO DETERMINE,7750,N,HASKINS AVE,2422.0,,,,,,,2,NO INDICATION OF INJURY,0.0,0.0,0.0,0.0,0.0,1.0,0.0,13,2,8,42.022247905,-87.6752749682,POINT (-87.675274968152 42.022247904954)
5e603abe21132b2e0fe55a10bceb75da9890ac5bda7ae55ced27d1446b563b453b327f7390d075a91f752806d628d7457b02c5af9ca87e8177014262e8a0624b,JB297834,,06/08/2018 07:00:00 AM,25,OTHER,FUNCTIONING PROPERLY,CLOUDY/OVERCAST,DAYLIGHT,PEDALCYCLIST,DIVIDED - W/MEDIAN (NOT RAISED),,STRAIGHT AND LEVEL,DRY,NO DEFECTS,ON SCENE,INJURY AND / OR TOW DUE TO CRASH,,,Y,$500 OR LESS,06/08/2018 07:11:00 AM,IMPROPER TURNING/NO SIGNAL,IMPROPER OVERTAKING/PASSING,4413,W,ARMITAGE AVE,2533.0,,,,,,,2,NONINCAPACITATING INJURY,1.0,0.0,0.0,1.0,0.0,2.0,0.0,7,6,6,41.9169275229,-87.7369386595,POINT (-87.736938659513 41.916927522869)
f76a718804f598215fbf09081e2f731ec09832e55ea37fbfd908e43dd76fa7a0793a5a78d086d6eb08008cf639502775f08cd1f010854012b909a05275e6f62f,JB177126,,03/07/2018 03:15:00 PM,30,STOP SIGN/FLASHER,FUNCTIONING PROPERLY,CLEAR,DAYLIGHT,ANGLE,OTHER,3.0,STRAIGHT AND LEVEL,DRY,NO DEFECTS,ON SCENE,INJURY AND / OR TOW DUE TO CRASH,Y,,Y,"OVER $1,500",03/07/2018 03:17:00 PM,FAILING TO YIELD RIGHT-OF-WAY,UNABLE TO DETERMINE,4099,W,LAKE ST,1114.0,,,,,,,2,NONINCAPACITATING INJURY,1.0,0.0,0.0,1.0,0.0,2.0,0.0,15,4,3,41.8854824106,-87.7281522939,POINT (-87.728152293867 41.885482410558)
b157510c4b0ae74e7bb5fb6dceecf33e36e87d84942a854d91bc1281999e4fc14c88d7ea65d6a303c8a0b85ac567628f5390ee1d610e517e0c6667d51d85bc1d,JC557736,,12/23/2019 01:15:00 PM,30,NO CONTROLS,NO CONTROLS,CLEAR,DAYLIGHT,SIDESWIPE SAME DIRECTION,DIVIDED - W/MEDIAN (NOT RAISED),,STRAIGHT AND LEVEL,DRY,NO DEFECTS,NOT ON SCENE (DESK REPORT),NO INJURY / DRIVE AWAY,,,,"OVER $1,500",12/23/2019 02:15:00 PM,FAILING TO YIELD RIGHT-OF-WAY,NOT APPLICABLE,2066,N,WESTERN AVE,1431.0,,,,,,,2,NO INDICATION OF INJURY,0.0,0.0,0.0,0.0,0.0,2.0,0.0,13,2,12,41.9195216797,-87.6876207971,POINT (-87.687620797095 41.919521679718)
7034f3742234a0f806d50cb7af76a2132247928d197e271b9ef266ebaef465f099c0b8675657ea29c66d4655dcd84adaf3d5aea8e4834d786726133c2bb7b78d,JF242628,Y,05/14/2022 11:15:00 PM,30,NO CONTROLS,NO CONTROLS,CLEAR,"DARKNESS, LIGHTED ROAD",PARKED MOTOR VEHICLE,ONE-WAY,,STRAIGHT AND LEVEL,DRY,NO DEFECTS,ON SCENE,NO INJURY / DRIVE AWAY,,,Y,"OVER $1,500",05/14/2022 11:56:00 PM,UNABLE TO DETERMINE,NOT APPLICABLE,3201,N,SEMINARY AVE,1924.0,,,,,,,2,NO INDICATION OF INJURY,0.0,0.0,0.0,0.0,0.0,1.0,0.0,23,7,5,41.9399678062,-87.6563926066,POINT (-87.656392606599 41.93996780622)
34f6a1d561b9600cb24c9f4d2062c7e587b1167c906ebdae15da9083768fa86c1e7d6f966fa4d232b13241865e381286a964e5b45e5455aaa4e1d345fd974936,JF453638,,10/29/2022 02:58:00 AM,30,TRAFFIC SIGNAL,FUNCTIONING PROPERLY,CLEAR,"DARKNESS, LIGHTED ROAD",REAR END,UNKNOWN,,STRAIGHT AND LEVEL,DRY,UNKNOWN,NOT ON SCENE (DESK REPORT),NO INJURY / DRIVE AWAY,,,Y,"OVER $1,500",10/29/2022 03:55:00 AM,UNABLE TO DETERMINE,UNABLE TO DETERMINE,7900,S,SOUTH SHORE DR,422.0,,,,,,,2,NO INDICATION OF INJURY,0.0,0.0,0.0,0.0,0.0,2.0,0.0,2,7,10,41.7518556025,-87.5482503373,POINT (-87.548250337339 41.751855602467)
8c9b1a4a67db8da5f97da2a61de718c88019f0b6b210ababb83167064c9c6bdb36da793f1a5f02b62d04a6164081d75889853ccb36500e9872a624d9fb994414,JA543766,,12/10/2017 10:00:00 AM,30,TRAFFIC SIGNAL,FUNCTIONING PROPERLY,CLEAR,DAYLIGHT,TURNING,NOT DIVIDED,4.0,STRAIGHT AND LEVEL,DRY,NO DEFECTS,ON SCENE,INJURY AND / OR TOW DUE TO CRASH,Y,,,"OVER $1,500",12/10/2017 10:17:00 AM,IMPROPER TURNING/NO SIGNAL,FAILING TO YIELD RIGHT-OF-WAY,3399,W,PETERSON AVE,1711.0,,,,,,,2,"REPORTED, NOT EVIDENT",1.0,0.0,0.0,0.0,1.0,1.0,0.0,10,1,12,41.9902135884,-87.7139205888,POINT (-87.713920588846 41.99021358843)
73fc2e5eb8b495c50706e2382c6f815eea1f03494714ef384662d040c59f7a33bc9d37a602e2f18d3621969fc14721ebb0f5b7451ea0cb16be9148e4fdc2dbd9,HY431685,,09/20/2015 11:35:00 PM,30,TRAFFIC SIGNAL,FUNCTIONING PROPERLY,CLEAR,"DARKNESS, LIGHTED ROAD",TURNING,NOT DIVIDED,3.0,STRAIGHT AND LEVEL,DRY,NO DEFECTS,NOT ON SCENE (DESK REPORT),NO INJURY / DRIVE AWAY,Y,,Y,"OVER $1,500",09/20/2015 11:45:00 PM,UNABLE TO DETERMINE,UNABLE TO DETERMINE,8255,S,HALSTED ST,622.0,,,,,,,2,NO INDICATION OF INJURY,0.0,0.0,0.0,0.0,0.0,3.0,0.0,23,1,9,41.743565451,-87.6436896549,POINT (-87.643689654938 41.743565450957)
082d750ab14f9ec002526530f714c32d6c5dda814d6487a66f51b4a87398541d62738ead100a1b56a6db3ac547a9fed48f762ae2e7275cfa233a2f0fd2f10ce5,JA138329,,02/01/2017 06:20:00 PM,30,UNKNOWN,UNKNOWN,CLEAR,DARKNESS,TURNING,ONE-WAY,,STRAIGHT AND LEVEL,UNKNOWN,UNKNOWN,NOT ON SCENE (DESK REPORT),NO INJURY / DRIVE AWAY,,,,"$501 - $1,500",02/01/2017 06:30:00 PM,IMPROPER BACKING,IMPROPER BACKING,3751,N,SEMINARY AVE,1923.0,,,,,,,2,NO INDICATION OF INJURY,0.0,0.0,0.0,0.0,0.0,4.0,0.0,18,4,2,41.9504857327,-87.6566513152,POINT (-87.656651315201 41.9504857327)
4b30719c315c1dfa42bf40abf1a2f10ea5490454979a423e5a33d1381efd5fd66093875394010cfc98740841ac00add8ee8cf720b21f8a7e124a782452d4bb64,JB355475,,07/18/2018 07:12:00 PM,30,TRAFFIC SIGNAL,FUNCTIONING PROPERLY,CLEAR,DAYLIGHT,ANGLE,DIVIDED - W/MEDIAN (NOT RAISED),0.0,STRAIGHT AND LEVEL,DRY,NO DEFECTS,ON SCENE,INJURY AND / OR TOW DUE TO CRASH,Y,,,"OVER $1,500",07/18/2018 07:14:00 PM,DISREGARDING OTHER TRAFFIC SIGNS,NOT APPLICABLE,200,E,43RD ST,213.0,,,,,,,2,NO INDICATION OF INJURY,0.0,0.0,0.0,0.0,0.0,2.0,0.0,19,4,7,41.8166750351,-87.6213297993,POINT (-87.621329799286 41.816675035086)
e62e4ec9c5a9b19ea9630bf1a2232d59ef85e93de87306c33f11a9b9e67fd5431d88994a00d91fdb91c7043a6c91f14023c6444802ea47ce13282270fdd5301b,JC554083,,12/20/2019 02:46:00 PM,30,TRAFFIC SIGNAL,FUNCTIONING PROPERLY,CLEAR,DAYLIGHT,TURNING,NOT DIVIDED,,STRAIGHT AND LEVEL,DRY,NO DEFECTS,ON SCENE,INJURY AND / OR TOW DUE TO CRASH,Y,,,"OVER $1,500",12/20/2019 03:20:00 PM,FAILING TO YIELD RIGHT-OF-WAY,NOT APPLICABLE,9298,S,JEFFERY AVE,413.0,,,,,,,2,NO INDICATION OF INJURY,0.0,0.0,0.0,0.0,0.0,2.0,0.0,14,6,12,41.7262049026,-87.5755945659,POINT (-87.575594565874 41.726204902597)
14ead741c6d187649744383c4d79f3d3a612ffbd52ab0e17997609a66526717b8a3b7c5b5e3f047984ea2fa58901ed36ae98dc351ad2b55891bb6de97a81feee,JD231666,,05/13/2020 07:03:00 PM,35,NO CONTROLS,NO CONTROLS,CLEAR,DAYLIGHT,ANGLE,DIVIDED - W/MEDIAN (NOT RAISED),,STRAIGHT AND LEVEL,DRY,NO DEFECTS,NOT ON SCENE (DESK REPORT),NO INJURY / DRIVE AWAY,,,,"OVER $1,500",05/13/2020 07:15:00 PM,FAILING TO YIELD RIGHT-OF-WAY,NOT APPLICABLE,7700,S,LAFLIN ST,612.0,,,,,,,2,NO INDICATION OF INJURY,0.0,0.0,0.0,0.0,0.0,2.0,0.0,19,4,5,41.7539251686,-87.6620636871,POINT (-87.662063687122 41.753925168572)
619ba3193c56b30f000d8ad8c8ef7fa798e7de5c2291068f1964e8a3ed3e53b9c95a1971aa315674fff986533b368b474e02149ee15c5860e525610dcb6c5236,JF445349,,10/23/2022 01:52:00 AM,30,TRAFFIC SIGNAL,FUNCTIONING PROPERLY,CLEAR,"DARKNESS, LIGHTED ROAD",ANGLE,FOUR WAY,,STRAIGHT AND LEVEL,DRY,NO DEFECTS,ON SCENE,INJURY AND / OR TOW DUE TO CRASH,Y,,,"OVER $1,500",10/23/2022 01:52:00 AM,FAILING TO YIELD RIGHT-OF-WAY,NOT APPLICABLE,2801,W,PETERSON AVE,2011.0,,,,,,,2,NO INDICATION OF INJURY,0.0,0.0,0.0,0.0,0.0,2.0,0.0,1,1,10,41.9903325587,-87.6994621162,POINT (-87.699462116166 41.990332558688)
37a084658c82c2e6c9bab6d9f1fce6018b8a1b486bfd3faa77fc8e21992c62d94a3ac40c50eb869984215f84cf1e0b58024a90fd38b216d6ce81a075a7cde179,JF170890,,03/10/2022 08:04:00 AM,30,TRAFFIC SIGNAL,FUNCTIONING PROPERLY,CLEAR,DAYLIGHT,REAR END,NOT DIVIDED,,STRAIGHT AND LEVEL,DRY,NO DEFECTS,NOT ON SCENE (DESK REPORT),NO INJURY / DRIVE AWAY,,,,"$501 - $1,500",03/11/2022 08:30:00 PM,FOLLOWING TOO CLOSELY,FAILING TO REDUCE SPEED TO AVOID CRASH,5559,N,NAGLE AVE,1622.0,,,,,,,2,NO INDICATION OF INJURY,0.0,0.0,0.0,0.0,0.0,2.0,0.0,8,5,3,41.9826025959,-87.7875938169,POINT (-87.787593816926 41.982602595923)
15ce926a4478d7485228833e96fc424ce7f30a29a0c5545530c679a9d453ff2573f5f92e44743464a774bd267f97efdcd9d83b84253244624cbdf4ba4b6126dd,JF420563,,10/03/2022 02:51:00 PM,30,TRAFFIC SIGNAL,FUNCTIONING PROPERLY,CLEAR,DAYLIGHT,ANGLE,NOT DIVIDED,,STRAIGHT AND LEVEL,DRY,NO DEFECTS,ON SCENE,INJURY AND / OR TOW DUE TO CRASH,,,,"OVER $1,500",10/03/2022 04:24:00 PM,FAILING TO YIELD RIGHT-OF-WAY,NOT APPLICABLE,2307,N,NARRAGANSETT AVE,2512.0,,,,,,,2,"REPORTED, NOT EVIDENT",1.0,0.0,0.0,0.0,1.0,1.0,0.0,14,2,10,41.9221334882,-87.7852489337,POINT (-87.785248933657 41.922133488158)
ee562d369b85b930a3a637b3ae027485e04ab8eaf7f8a1c84442b2684fec97a0a32ddaeab0ee1156476e0e5452f09791d4db0b76425e5164c86b3a6743203182,JA564700,,12/27/2017 02:38:00 PM,30,TRAFFIC SIGNAL,FUNCTIONING PROPERLY,CLEAR,DAYLIGHT,REAR END,NOT DIVIDED,4.0,STRAIGHT AND LEVEL,DRY,NO DEFECTS,NOT ON SCENE (DESK REPORT),NO INJURY / DRIVE AWAY,,,,"OVER $1,500",12/27/2017 04:26:00 PM,FOLLOWING TOO CLOSELY,NOT APPLICABLE,1631,W,OGDEN AVE,1224.0,,,,,,,2,NO INDICATION OF INJURY,0.0,0.0,0.0,0.0,0.0,3.0,0.0,14,4,12,41.8800146073,-87.6675852101,POINT (-87.667585210063 41.880014607289)
b17337ce83e1dc33d51f0140631e2de6a8613d72adedd4d35d2a11c944cfa9018f12c60cade57436bfbadeea4fa13b0cfe716c646bfc3afb6eeb51ad773ff1ba,JB216780,,04/09/2018 09:35:00 AM,30,NO CONTROLS,NO CONTROLS,SNOW,DAYLIGHT,REAR END,NOT DIVIDED,,STRAIGHT AND LEVEL,SNOW OR SLUSH,NO DEFECTS,NOT ON SCENE (DESK REPORT),NO INJURY / DRIVE AWAY,,,,"OVER $1,500",04/09/2018 09:45:00 AM,WEATHER,NOT APPLICABLE,611,W,CHICAGO AVE,1831.0,,,,,,,2,NO INDICATION OF INJURY,0.0,0.0,0.0,0.0,0.0,3.0,0.0,9,2,4,41.8963587007,-87.6434057788,POINT (-87.643405778817 41.896358700736)
7e2c5fe2a478d2c4f8e964132eb784abc4541eacdfbc454a92e14f9db188456942e1dc71652b537d7b342207424e22a36f13838c91b7827971130508f7f43249,JF363278,,08/19/2022 12:00:00 AM,30,TRAFFIC SIGNAL,FUNCTIONING PROPERLY,CLEAR,"DARKNESS, LIGHTED ROAD",REAR END,NOT DIVIDED,,STRAIGHT AND LEVEL,DRY,NO DEFECTS,NOT ON SCENE (DESK REPORT),NO INJURY / DRIVE AWAY,N,,,"OVER $1,500",08/20/2022 01:30:00 AM,FOLLOWING TOO CLOSELY,NOT APPLICABLE,4001,N,WESTERN AVE,1911.0,,,,,,,2,NO INDICATION OF INJURY,0.0,0.0,0.0,0.0,0.0,2.0,0.0,0,6,8,41.9540610259,-87.6883204303,POINT (-87.688320430258 41.954061025874)
1f45fae291d4a27a15906a11d0ac2df8c087863fe344b72f0cd30132fc543519488bfca2af2c70f70408591e93855ebc9da68bdec470842a90852a5d36f9f331,JA244194,,04/29/2017 03:45:00 PM,30,TRAFFIC SIGNAL,FUNCTIONING PROPERLY,RAIN,DAYLIGHT,ANGLE,DIVIDED - W/MEDIAN (NOT RAISED),2.0,STRAIGHT AND LEVEL,WET,NO DEFECTS,NOT ON SCENE (DESK REPORT),NO INJURY / DRIVE AWAY,Y,,,"$501 - $1,500",04/29/2017 03:50:00 PM,FAILING TO YIELD RIGHT-OF-WAY,NOT APPLICABLE,142,N,HALSTED ST,1224.0,,,,,,,2,NO INDICATION OF INJURY,0.0,0.0,0.0,0.0,0.0,3.0,0.0,15,7,4,41.8842756915,-87.6475792251,POINT (-87.647579225147 41.884275691546)
385c28edcea419ba556b709eab8e2164e2e3e15bf9aef61c650a5397ee99b350bedfa18b0c356fbfb8ac6c17f0063fde45bf989367b05f6bd2382a8dabf503eb,JB500744,,11/01/2018 08:45:00 AM,35,UNKNOWN,NO CONTROLS,CLEAR,DAYLIGHT,OTHER OBJECT,NOT DIVIDED,,STRAIGHT AND LEVEL,DRY,NO DEFECTS,NOT ON SCENE (DESK REPORT),NO INJURY / DRIVE AWAY,,,,"$501 - $1,500",11/02/2018 03:40:00 PM,UNABLE TO DETERMINE,NOT APPLICABLE,5800,N,EAST RIVER RD,1614.0,,,,,,,1,NO INDICATION OF INJURY,0.0,0.0,0.0,0.0,0.0,1.0,0.0,8,5,11,41.9842391535,-87.8465969256,POINT (-87.846596925632 41.984239153541)
a4a56bd43460a3ec5a69749d7a8625bd9febabd7ad91a89eecc59bbc92ac3663262688460d61114a9f9ebcebc6abc163ef51e5e783741f8a616607ccdf3e9367,JB156647,,02/18/2018 02:10:00 PM,30,NO CONTROLS,NO CONTROLS,CLEAR,DAYLIGHT,PARKED MOTOR VEHICLE,NOT DIVIDED,2.0,STRAIGHT AND LEVEL,DRY,NO DEFECTS,ON SCENE,INJURY AND / OR TOW DUE TO CRASH,,,,"OVER $1,500",02/18/2018 02:10:00 PM,DISTRACTION - FROM INSIDE VEHICLE,NOT APPLICABLE,1639,W,TOUHY AVE,2423.0,,,,,,,3,NONINCAPACITATING INJURY,1.0,0.0,0.0,1.0,0.0,0.0,0.0,14,1,2,42.0125758432,-87.6717863518,POINT (-87.671786351794 42.012575843175)
dbd472d92feab7f8e00556ee0166b67e886cbe85d351d37cb2c76d1d00274013d240aac380ee8850d70ceeb9ac82d194b0f67850597701e07f453c036b24a5c9,JA507797,,11/11/2017 12:37:00 PM,30,NO CONTROLS,NO CONTROLS,CLEAR,DAYLIGHT,REAR END,NOT DIVIDED,2.0,STRAIGHT AND LEVEL,DRY,NO DEFECTS,ON SCENE,NO INJURY / DRIVE AWAY,,,,"OVER $1,500",11/11/2017 12:38:00 PM,FOLLOWING TOO CLOSELY,UNABLE TO DETERMINE,114,S,SACRAMENTO BLVD,1124.0,,,,,,,2,NO INDICATION OF INJURY,0.0,0.0,0.0,0.0,0.0,3.0,0.0,12,7,11,41.8792286723,-87.7013016985,POINT (-87.701301698472 41.879228672313)
0278c223cca95649d58c01eb9e256e684d07f713c0514d88f4aad425d7222ac74c6821e6da08fe3db3748626314e19db5065fdd6850afc4dd88356d15ab823e9,JB306706,,06/12/2018 10:00:00 PM,30,TRAFFIC SIGNAL,FUNCTIONING PROPERLY,CLEAR,"DARKNESS, LIGHTED ROAD",FIXED OBJECT,NOT DIVIDED,4.0,STRAIGHT AND LEVEL,DRY,"RUT, HOLES",NOT ON SCENE (DESK REPORT),NO INJURY / DRIVE AWAY,Y,,,"$501 - $1,500",06/14/2018 03:00:00 PM,ROAD ENGINEERING/SURFACE/MARKING DEFECTS,NOT APPLICABLE,501,S,ASHLAND AVE,1231.0,,,,,,,1,NO INDICATION OF INJURY,0.0,0.0,0.0,0.0,0.0,1.0,0.0,22,3,6,41.8751307931,-87.666478112,POINT (-87.66647811201 41.875130793115)
d487f3f754e9c48ecab41b4ed027b648ebfcf9c1d7aee3f9067d2d84c4c2a63da594a9faab568922c26e16a5a1ef15bddeb7d720e567fbc3f4c36f7900df7665,JF477185,,11/16/2022 03:55:00 PM,30,NO CONTROLS,NO CONTROLS,CLEAR,DAYLIGHT,ANGLE,DIVIDED - W/MEDIAN (NOT RAISED),,STRAIGHT AND LEVEL,DRY,NO DEFECTS,NOT ON SCENE (DESK REPORT),NO INJURY / DRIVE AWAY,,,,"OVER $1,500",11/16/2022 05:40:00 PM,FAILING TO YIELD RIGHT-OF-WAY,UNABLE TO DETERMINE,2367,W,LOGAN BLVD,1432.0,,,,,,,2,NO INDICATION OF INJURY,0.0,0.0,0.0,0.0,0.0,2.0,0.0,15,4,11,41.9289996871,-87.6870243359,POINT (-87.687024335923 41.928999687057)
e0ffa1db9a0b839a4c03c127f8fb59a9764fe6c707631bb545d2c6d742fed38a0208b95fdb1c6b722dd17056dbb32255ceef225897dbec182acccc6bda067790,JB245633,,05/01/2018 03:40:00 PM,30,TRAFFIC SIGNAL,FUNCTIONING PROPERLY,CLEAR,DAYLIGHT,SIDESWIPE SAME DIRECTION,DIVIDED - W/MEDIAN (NOT RAISED),4.0,STRAIGHT AND LEVEL,DRY,NO DEFECTS,ON SCENE,NO INJURY / DRIVE AWAY,Y,,,$500 OR LESS,05/01/2018 03:45:00 PM,IMPROPER OVERTAKING/PASSING,NOT APPLICABLE,3159,W,ROOSEVELT RD,1022.0,,,,,,,2,NO INDICATION OF INJURY,0.0,0.0,0.0,0.0,0.0,2.0,0.0,15,3,5,41.8662983408,-87.7055196512,POINT (-87.705519651182 41.866298340803)