CRASH_RECORD_ID,RD_NO,CRASH_DATE_EST_I,CRASH_DATE,POSTED_SPEED_LIMIT,TRAFFIC_CONTROL_DEVICE,DEVICE_CONDITION,WEATHER_CONDITION,LIGHTING_CONDITION,FIRST_CRASH_TYPE,TRAFFICWAY_TYPE,LANE_CNT,ALIGNMENT,ROADWAY_SURFACE_COND,ROAD_DEFECT,REPORT_TYPE,CRASH_TYPE,INTERSECTION_RELATED_I,NOT_RIGHT_OF_WAY_I,HIT_AND_RUN_I,DAMAGE,DATE_POLICE_NOTIFIED,PRIM_CONTRIBUTORY_CAUSE,SEC_CONTRIBUTORY_CAUSE,STREET_NO,STREET_DIRECTION,STREET_NAME,BEAT_OF_OCCURRENCE,PHOTOS_TAKEN_I,STATEMENTS_TAKEN_I,DOORING_I,WORK_ZONE_I,WORK_ZONE_TYPE,WORKERS_PRESENT_I,NUM_UNITS,MOST_SEVERE_INJURY,INJURIES_TOTAL,INJURIES_FATAL,INJURIES_INCAPACITATING,INJURIES_NON_INCAPACITATING,INJURIES_REPORTED_NOT_EVIDENT,INJURIES_NO_INDICATION,INJURIES_UNKNOWN,CRASH_HOUR,CRASH_DAY_OF_WEEK,CRASH_MONTH,LATITUDE,LONGITUDE,LOCATION
a01110d0a074005f6f387c8482cda96040ddd14d4e2a4c580435c7c506dc0e3a550fbcb514dfc4e16a1fdacaade016542a1052e738ab914fa1942dfe1370e4ab,JD399962,,10/15/2020 08:25:00 AM,30,TRAFFIC SIGNAL,FUNCTIONING PROPERLY,CLEAR,DAYLIGHT,TURNING,FOUR WAY,,STRAIGHT AND LEVEL,DRY,NO DEFECTS,ON SCENE,INJURY AND / OR TOW DUE TO CRASH,Y,,,"OVER $1,500",10/15/2020 08:27:00 AM,FAILING TO YIELD RIGHT-OF-WAY,NOT APPLICABLE,5890,S,ARCHER AVE,811.0,,,,,,,2,"REPORTED, NOT EVIDENT",1.0,0.0,0.0,0.0,1.0,1.0,0.0,8,5,10,41.7958059149,-87.7624643898,POINT (-87.762464389829 41.7958059149)
f41a37cdfcd6f10d3bd365067b0f577718002101f165a7cc90b5851a7c0e643347b88c6bcd4549aefa52e0672460ec67758f92c3011522fddcc991185e104739,JF280208,,06/14/2022 12:45:00 PM,30,NO CONTROLS,NO CONTROLS,CLEAR,DAWN,REAR END,NOT DIVIDED,,STRAIGHT AND LEVEL,DRY,NO DEFECTS,NOT ON SCENE (DESK REPORT),NO INJURY / DRIVE AWAY,,,,"OVER $1,500",06/15/2022 05:45:00 AM,UNABLE TO DETERMINE,UNABLE TO DETERMINE,2,S,CICERO AVE,1533.0,,,,,,,2,NO INDICATION OF INJURY,0.0,0.0,0.0,0.0,0.0,2.0,0.0,12,3,6,41.8804450632,-87.7454225261,POINT (-87.745422526067 41.880445063162)
c2d35f439ff15dc38dbafebf9d5ec23ed25b64d5c060b2f5d335d9bb0a290f72d49bf1ee7185d67f5cee5873dbb98f3ea73256ddbd2c6e84203c8631f2e3fd51,JE440816,,11/10/2021 04:39:00 PM,30,TRAFFIC SIGNAL,FUNCTIONING PROPERLY,CLEAR,"DARKNESS, LIGHTED ROAD",REAR END,NOT DIVIDED,,STRAIGHT AND LEVEL,DRY,NO DEFECTS,ON SCENE,INJURY AND / OR TOW DUE TO CRASH,,,,"OVER $1,500",11/10/2021 04:40:00 PM,UNABLE TO DETERMINE,NOT APPLICABLE,6300,N,SHERIDAN RD,2433.0,,,,,,,3,"REPORTED, NOT EVIDENT",1.0,0.0,0.0,0.0,1.0,2.0,0.0,16,4,11,41.9965100574,-87.655730774,POINT (-87.655730773958 41.996510057378)
76aa65bc50db27a80e5dace1dc66c1ee5cbee697849717687d5ab5105f6a9a37a2c27f71204aacda421497d393d800cde4a624ca22df3c9886bf19b6d6b200ef,JG115120,,01/13/2023 06:07:00 PM,30,NO CONTROLS,OTHER,CLEAR,"DARKNESS, LIGHTED ROAD",HEAD ON,OTHER,,STRAIGHT AND LEVEL,DRY,NO DEFECTS,ON SCENE,INJURY AND / OR TOW DUE TO CRASH,,,Y,"OVER $1,500",01/13/2023 06:12:00 PM,DRIVING ON WRONG SIDE/WRONG WAY,UNABLE TO DETERMINE,3661,S,CALIFORNIA AVE,911.0,,,,,,,2,NO INDICATION OF INJURY,0.0,0.0,0.0,0.0,0.0,2.0,0.0,18,6,1,41.8264683721,-87.6945681335,POINT (-87.694568133479 41.826468372089)
c39f4ab4461998cf0be2dca416d763c57c7499778456149d9972e4c7c6322b9e48348bf572a842275a8a92acafc7c34f5d01f948db59d028fe26bbbadffebd92,JG441495,,09/27/2023 04:20:00 PM,30,TRAFFIC SIGNAL,FUNCTIONING PROPERLY,CLEAR,DAYLIGHT,REAR END,DIVIDED - W/MEDIAN (NOT RAISED),,STRAIGHT AND LEVEL,DRY,NO DEFECTS,NOT ON SCENE (DESK REPORT),NO INJURY / DRIVE AWAY,,,,"OVER $1,500",09/27/2023 05:30:00 PM,FOLLOWING TOO CLOSELY,UNABLE TO DETERMINE,801,W,EASTMAN ST,1822.0,,,,,,,2,NO INDICATION OF INJURY,0.0,0.0,0.0,0.0,0.0,2.0,0.0,16,4,9,41.907362274,-87.6482476566,POINT (-87.648247656625 41.907362274024)
794966971ec1b9eeef61de553381a9664bfc680ad51326a310518b3504e7ac7e50f8fe7ac21ca3a7e5daf4f22f20ba22c56b7421ef21241e649ca1c85c23b6fe,JG295392,,06/10/2023 07:50:00 AM,30,NO CONTROLS,NO CONTROLS,UNKNOWN,UNKNOWN,PARKED MOTOR VEHICLE,ONE-WAY,,STRAIGHT AND LEVEL,UNKNOWN,UNKNOWN,NOT ON SCENE (DESK REPORT),NO INJURY / DRIVE AWAY,,,Y,"OVER $1,500",06/10/2023 09:00:00 AM,UNABLE TO DETERMINE,UNABLE TO DETERMINE,7555,S,YALE AVE,623.0,,,,,,,2,NO INDICATION OF INJURY,0.0,0.0,0.0,0.0,0.0,1.0,0.0,7,7,6,41.7564860212,-87.6310652474,POINT (-87.63106524744 41.756486021219)
1c7f5b4b98544ee3f62cf62033d8a0a6c0d006c677c1d18fc795f1bc228832f9fcf2762c8ad631f82b2b04d761d6a66f7495a78f8715275ebdccfc0c083e93cd,JC360863,,07/23/2019 09:15:00 AM,30,STOP SIGN/FLASHER,FUNCTIONING PROPERLY,CLEAR,DAYLIGHT,FIXED OBJECT,DIVIDED - W/MEDIAN BARRIER,,STRAIGHT AND LEVEL,DRY,NO DEFECTS,ON SCENE,INJURY AND / OR TOW DUE TO CRASH,,,,"OVER $1,500",07/23/2019 10:01:00 AM,DISREGARDING OTHER TRAFFIC SIGNS,NOT APPLICABLE,1400,S,DAMEN AVE,1233.0,,,,,,,1,NO INDICATION OF INJURY,0.0,0.0,0.0,0.0,0.0,1.0,0.0,9,3,7,41.8631031773,-87.676296565,POINT (-87.676296565004 41.863103177295)
5ff191471d18b80a65cf7bc4a3189af2d922300cff4897275011e5a9c92f0b049ca480e98cf23fa96112b42f8968a2c55eaa3c6e69f2339f6deff1b0a443c808,JA285605,,05/15/2017 07:40:00 PM,30,NO CONTROLS,NO CONTROLS,CLEAR,DAYLIGHT,SIDESWIPE OPPOSITE DIRECTION,PARKING LOT,,STRAIGHT AND LEVEL,DRY,NO DEFECTS,NOT ON SCENE (DESK REPORT),NO INJURY / DRIVE AWAY,,,,"OVER $1,500",05/30/2017 08:00:00 PM,UNABLE TO DETERMINE,UNABLE TO DETERMINE,1599,N,MOHAWK ST,1821.0,,,,,,,2,NO INDICATION OF INJURY,0.0,0.0,0.0,0.0,0.0,2.0,0.0,19,2,5,41.9110307706,-87.6420765832,POINT (-87.642076583244 41.911030770586)
c2556bc625eab7f3517f2bd5ae223d755bee82bee881a2b35e769cdb77c3f4cc4e80600731231706dbd50d84484f9fd48f5e0c500aa88a977c66319cfd8f29ff,JD334177,,08/16/2020 05:02:00 AM,30,OTHER,OTHER,CLEAR,"DARKNESS, LIGHTED ROAD",PARKED MOTOR VEHICLE,NOT DIVIDED,,STRAIGHT AND LEVEL,DRY,NO DEFECTS,ON SCENE,NO INJURY / DRIVE AWAY,,,,"OVER $1,500",08/16/2020 05:03:00 AM,PHYSICAL CONDITION OF DRIVER,NOT APPLICABLE,5324,S,PRAIRIE AVE,231.0,,Y,,,,,2,NO INDICATION OF INJURY,0.0,0.0,0.0,0.0,0.0,1.0,0.0,5,1,8,41.7976338444,-87.6194451849,POINT (-87.619445184858 41.797633844422)
a4876f2918daedf296be62c441a28fc4ad1284c5634235e4dfbcca32208d83464c0162bbdaaea7e949f9583ef1056d6bfea634c312632578dd72be669c50a3f3,JG203729,,03/28/2023 09:15:00 PM,30,TRAFFIC SIGNAL,FUNCTIONING PROPERLY,CLEAR,DAWN,TURNING,FOUR WAY,,STRAIGHT AND LEVEL,DRY,NO DEFECTS,NOT ON SCENE (DESK REPORT),NO INJURY / DRIVE AWAY,Y,,,"OVER $1,500",03/29/2023 05:10:00 PM,IMPROPER TURNING/NO SIGNAL,IMPROPER TURNING/NO SIGNAL,3196,N,MILWAUKEE AVE,2523.0,,,,,,,2,NO INDICATION OF INJURY,0.0,0.0,0.0,0.0,0.0,2.0,0.0,21,3,3,41.9389731434,-87.723891982,POINT (-87.723891981952 41.938973143366)
bb78f2ca5a14f0480806daab55398aa08d17174bc9041eb309baa43bf5256544350ea522cd5b78cc1519629e495335fcc18f12c49dd649ef85327b1563ab5578,JD332425,,08/14/2020 04:00:00 PM,30,OTHER,UNKNOWN,CLEAR,DAYLIGHT,REAR TO FRONT,PARKING LOT,,STRAIGHT AND LEVEL,DRY,NO DEFECTS,ON SCENE,NO INJURY / DRIVE AWAY,,,,"OVER $1,500",08/14/2020 04:22:00 PM,NOT APPLICABLE,IMPROPER BACKING,4148,S,ASHLAND AVE,924.0,,,,,,,2,NO INDICATION OF INJURY,0.0,0.0,0.0,0.0,0.0,3.0,0.0,16,6,8,41.8181325209,-87.6653439311,POINT (-87.66534393113 41.818132520875)
4343918b791d288299eb93e7244f86fa6283186ce1d4d71f6b951d32c5659d1a04d89b101c3726b902e4eb63eb602dfc6d1aeeb8d24eab5de22e575da492a657,JC379082,Y,08/05/2019 07:30:00 AM,30,TRAFFIC SIGNAL,FUNCTIONING PROPERLY,CLEAR,DAYLIGHT,SIDESWIPE SAME DIRECTION,NOT DIVIDED,,STRAIGHT AND LEVEL,DRY,NO DEFECTS,ON SCENE,NO INJURY / DRIVE AWAY,,,,$500 OR LESS,08/05/2019 07:45:00 AM,IMPROPER LANE USAGE,UNABLE TO DETERMINE,11900,S,HALSTED ST,524.0,,,,,,,3,NO INDICATION OF INJURY,0.0,0.0,0.0,0.0,0.0,6.0,0.0,7,2,8,41.6777208292,-87.642051845,POINT (-87.642051844982 41.677720829248)
cc92a1d9101f8039595e3aa7b43f6e397508f49ebdacff4389caac87879513b65711afe80711cd077499f8e6763cd85b83b62b8ae2d8d034cf1f1af3ffdb3579,JE160220,,03/05/2021 01:15:00 PM,30,NO CONTROLS,NO CONTROLS,CLEAR,DAYLIGHT,TURNING,NOT DIVIDED,,STRAIGHT AND LEVEL,DRY,NO DEFECTS,ON SCENE,NO INJURY / DRIVE AWAY,,,Y,"OVER $1,500",03/05/2021 05:20:00 PM,IMPROPER TURNING/NO SIGNAL,IMPROPER OVERTAKING/PASSING,3900,S,WENTWORTH AVE,925.0,,,,,,,2,NO INDICATION OF INJURY,0.0,0.0,0.0,0.0,0.0,2.0,0.0,13,6,3,41.8236543304,-87.6314876745,POINT (-87.631487674469 41.823654330426)
d09e7c229d3243c708e610407dcc0b759d064609b2d1c35128b0846bf658e442ebbdef55364331867bc67b31bbdbf3efc31d29fd400cfc07f078c70e6d8efe7e,JE387715,,07/03/2021 03:00:00 AM,30,NO CONTROLS,FUNCTIONING PROPERLY,CLEAR,"DARKNESS, LIGHTED ROAD",ANGLE,NOT DIVIDED,,STRAIGHT AND LEVEL,DRY,UNKNOWN,NOT ON SCENE (DESK REPORT),INJURY AND / OR TOW DUE TO CRASH,Y,,,"OVER $1,500",09/26/2021 09:30:00 AM,DISREGARDING TRAFFIC SIGNALS,NOT APPLICABLE,1300,S,WESTERN AVE,1023.0,,,,,,,2,NONINCAPACITATING INJURY,1.0,0.0,0.0,1.0,0.0,2.0,0.0,3,7,7,41.8647399412,-87.6861340632,POINT (-87.686134063238 41.864739941196)
035dc17fd10e553ef04bd279b697899ab92c2f9cd5cfbb34e81623a6d3ab7d7526a3ad07efd238728d2d87e7e0f372fd2b8865f154f23bfb857f218497f5e843,JC307558,,06/15/2019 12:30:00 PM,30,NO CONTROLS,NO CONTROLS,RAIN,DAYLIGHT,REAR END,NOT DIVIDED,,STRAIGHT AND LEVEL,WET,NO DEFECTS,NOT ON SCENE (DESK REPORT),NO INJURY / DRIVE AWAY,,,,"OVER $1,500",06/15/2019 01:15:00 PM,UNABLE TO DETERMINE,UNABLE TO DETERMINE,2238,W,FOSTER AVE,2012.0,,,,,,,2,NO INDICATION OF INJURY,0.0,0.0,0.0,0.0,0.0,2.0,0.0,12,7,6,41.97604903,-87.685854901,POINT (-87.685854901023 41.976049030028)
98b29421797c820e11a150d89fa47416f668eb50580a5f315c9a2c2774d22e352d0dcb389c4b1a1406e44a180032fa0815b4086fd57a5474db64e43a68762a2e,JG359364,,07/28/2023 11:18:00 AM,30,STOP SIGN/FLASHER,FUNCTIONING PROPERLY,CLEAR,DAYLIGHT,TURNING,NOT DIVIDED,,STRAIGHT AND LEVEL,DRY,NO DEFECTS,ON SCENE,INJURY AND / OR TOW DUE TO CRASH,Y,,,"OVER $1,500",07/28/2023 11:19:00 AM,IMPROPER TURNING/NO SIGNAL,UNABLE TO DETERMINE,600,N,LARAMIE AVE,1524.0,,,,,,,2,NONINCAPACITATING INJURY,2.0,0.0,0.0,2.0,0.0,0.0,0.0,11,6,7,41.8912503944,-87.7556115463,POINT (-87.755611546255 41.891250394402)
1b3cb05b6130ec59551b2f9709c77f1d3455889fed4589188ea7a701155a743d0807cca42c35ff34876ef12027c087a745adbcac8f180d8a6a8951e3891b1e04,JG361587,,07/30/2023 02:36:00 AM,30,TRAFFIC SIGNAL,UNKNOWN,CLEAR,"DARKNESS, LIGHTED ROAD",REAR END,ONE-WAY,,STRAIGHT AND LEVEL,DRY,UNKNOWN,ON SCENE,INJURY AND / OR TOW DUE TO CRASH,,,,"OVER $1,500",07/30/2023 02:36:00 AM,UNABLE TO DETERMINE,UNABLE TO DETERMINE,7433,S,STATE ST,323.0,,,,,,,2,NO INDICATION OF INJURY,0.0,0.0,0.0,0.0,0.0,2.0,0.0,2,1,7,41.7590617344,-87.6246327852,POINT (-87.624632785194 41.759061734361)
d1b0cda0649065d7c146be37bc49d141ca7bd118ad9c9e40c392517d7f072364517e337a9e918250772c0058c4532c483478cffa3a578b3a35ba2c9fefd7d270,JA435471,,09/17/2017 06:15:00 PM,30,TRAFFIC SIGNAL,FUNCTIONING PROPERLY,CLEAR,DAYLIGHT,REAR END,NOT DIVIDED,,STRAIGHT AND LEVEL,DRY,NO DEFECTS,NOT ON SCENE (DESK REPORT),NO INJURY / DRIVE AWAY,N,,Y,"$501 - $1,500",09/17/2017 07:13:00 PM,IMPROPER BACKING,UNABLE TO DETERMINE,220,W,47TH ST,925.0,,,,,,,2,NO INDICATION OF INJURY,0.0,0.0,0.0,0.0,0.0,4.0,0.0,18,1,9,41.8092371636,-87.6318670982,POINT (-87.631867098157 41.809237163628)
3e5bc2727ad11bd9ea2371f75361fe433606011cdb73098b35e78e3ff709697d2c4332767c2a05932c9129c3de95acf719eedfd4452083b447db5eaae42cee26,JF157924,,02/27/2022 03:00:00 AM,30,NO CONTROLS,NO CONTROLS,CLEAR,"DARKNESS, LIGHTED ROAD",PARKED MOTOR VEHICLE,ONE-WAY,,STRAIGHT AND LEVEL,DRY,NO DEFECTS,NOT ON SCENE (DESK REPORT),NO INJURY / DRIVE AWAY,,,Y,"OVER $1,500",02/27/2022 05:20:00 PM,UNABLE TO DETERMINE,NOT APPLICABLE,10746,S,CHURCH ST,2212.0,,,,,,,2,NO INDICATION OF INJURY,0.0,0.0,0.0,0.0,0.0,1.0,0.0,3,1,2,41.6981796275,-87.6610462981,POINT (-87.661046298071 41.698179627539)
7266bedee3206823ef8c89c42e69a1c65cf5d37e08753a31d65294f18d6703a0cdb57fc6274b81a0916b20d876c9dd9b31645dd699831066ceb3468cec70c162,JF467522,,11/08/2022 06:01:00 PM,35,UNKNOWN,NO CONTROLS,CLEAR,DAYLIGHT,ANGLE,NOT DIVIDED,,STRAIGHT AND LEVEL,DRY,UNKNOWN,NOT ON SCENE (DESK REPORT),NO INJURY / DRIVE AWAY,,,,"$501 - $1,500",11/08/2022 06:01:00 PM,NOT APPLICABLE,NOT APPLICABLE,1032,W,95TH ST,2223.0,,,,,,,2,NO INDICATION OF INJURY,0.0,0.0,0.0,0.0,0.0,2.0,0.0,18,3,11,41.7214954393,-87.6493439453,POINT (-87.649343945342 41.72149543934)
320b0dfbfe2af96e57020615d9ac2c18e9cfcc83abbc2ef9a956d5e50a4a52dc8d32b1a37804791b62d0a45df27924fa871a5a07da2e94897de670ebf97c19be,JG187916,,03/16/2023 02:43:00 PM,30,STOP SIGN/FLASHER,FUNCTIONING PROPERLY,RAIN,DAYLIGHT,FIXED OBJECT,NOT DIVIDED,,STRAIGHT AND LEVEL,WET,UNKNOWN,ON SCENE,INJURY AND / OR TOW DUE TO CRASH,,,,"OVER $1,500",03/16/2023 03:07:00 PM,WEATHER,WEATHER,4601,W,ROSCOE ST,1731.0,,,,,,,1,INCAPACITATING INJURY,1.0,0.0,1.0,0.0,0.0,1.0,0.0,14,5,3,41.9424292321,-87.7422640213,POINT (-87.742264021261 41.94242923207)
1619ac79dd24ee97e23424973a6b69c69315a2d8060f668069481db285b572543d853d968548fa77a8b39cabb8f70a924f49fd77bdeb82bfbddf228761f6d6b4,JA121804,,01/19/2017 02:40:00 PM,15,TRAFFIC SIGNAL,FUNCTIONING PROPERLY,CLEAR,DAYLIGHT,REAR END,NOT DIVIDED,2.0,STRAIGHT AND LEVEL,DRY,NO DEFECTS,NOT ON SCENE (DESK REPORT),NO INJURY / DRIVE AWAY,Y,,,"OVER $1,500",01/19/2017 03:00:00 PM,FOLLOWING TOO CLOSELY,UNABLE TO DETERMINE,800,E,71ST ST,321.0,,,,N,,,2,NO INDICATION OF INJURY,0.0,0.0,0.0,0.0,0.0,2.0,0.0,14,5,1,41.7659788987,-87.6054638688,POINT (-87.605463868765 41.765978898721)
481e4a3d141562042071d4cc35646da47b65e2c368536dcae08befdcf9657ca095c3c2b4f7e2e0d4bcd335ee09f7ed4c66bdf89b7f13140129291414a29a46f3,JF151652,,02/21/2022 04:20:00 PM,35,TRAFFIC SIGNAL,FUNCTIONING PROPERLY,CLEAR,DAYLIGHT,TURNING,NOT DIVIDED,,STRAIGHT AND LEVEL,DRY,NO DEFECTS,ON SCENE,NO INJURY / DRIVE AWAY,,,,"$501 - $1,500",02/21/2022 05:40:00 PM,NOT APPLICABLE,NOT APPLICABLE,7858,S,PULASKI RD,834.0,,,,,,,2,NO INDICATION OF INJURY,0.0,0.0,0.0,0.0,0.0,2.0,0.0,16,2,2,41.7496568092,-87.7220643582,POINT (-87.722064358198 41.749656809157)
9170b912970568d25a71b7291bd0e13f6fcd9735492006d069e70a17328a6ceca4d316c9804793d16bd319fd39178f9383afbca01a07e89a57d77835e05a95f5,JA185710,,03/11/2017 11:00:00 AM,30,NO CONTROLS,NO CONTROLS,UNKNOWN,DAYLIGHT,PARKED MOTOR VEHICLE,NOT DIVIDED,2.0,STRAIGHT AND LEVEL,UNKNOWN,NO DEFECTS,NOT ON SCENE (DESK REPORT),NO INJURY / DRIVE AWAY,,,,"$501 - $1,500",03/13/2017 04:20:00 PM,UNABLE TO DETERMINE,NOT APPLICABLE,6057,W,BELMONT AVE,2511.0,,,,,,,2,NO INDICATION OF INJURY,0.0,0.0,0.0,0.0,0.0,1.0,0.0,11,7,3,41.9383088133,-87.7784447171,POINT (-87.778444717052 41.938308813251)
cdc793efc720fa6c51b249ef3e7eb469df63ad02dc719e172159bbb6f7b9965d10f7b0934db7e858d039b87993be09990864808a43415da05fec4a97297528ce,JE408904,,10/13/2021 10:05:00 PM,25,TRAFFIC SIGNAL,FUNCTIONING PROPERLY,CLEAR,"DARKNESS, LIGHTED ROAD",TURNING,T-INTERSECTION,,STRAIGHT AND LEVEL,DRY,NO DEFECTS,ON SCENE,INJURY AND / OR TOW DUE TO CRASH,Y,,,"OVER $1,500",10/13/2021 10:08:00 PM,FAILING TO YIELD RIGHT-OF-WAY,UNABLE TO DETERMINE,913,E,63RD ST,314.0,,,,,,,3,NO INDICATION OF INJURY,0.0,0.0,0.0,0.0,0.0,3.0,0.0,22,4,10,41.7803429441,-87.6024472328,POINT (-87.602447232805 41.78034294412)
2c3dfeffb8c0d682a18fcb3018dd1d6c2c64e238d71d96e6438ad621f7026af35b36108a4419b5248d1c53f6974c7c74e765435763114ee3d4e5d7f149e88978,JD315477,,07/30/2020 05:32:00 PM,30,STOP SIGN/FLASHER,FUNCTIONING PROPERLY,CLEAR,DAYLIGHT,REAR END,NOT DIVIDED,,STRAIGHT AND LEVEL,DRY,NO DEFECTS,NOT ON SCENE (DESK REPORT),NO INJURY / DRIVE AWAY,Y,,,$500 OR LESS,07/30/2020 06:00:00 PM,FOLLOWING TOO CLOSELY,NOT APPLICABLE,3110,W,MARQUETTE RD,831.0,,,,,,,2,NO INDICATION OF INJURY,0.0,0.0,0.0,0.0,0.0,2.0,0.0,17,5,7,41.7718142722,-87.7010279304,POINT (-87.701027930406 41.771814272213)
41efe1315eba013952e1dcc2cdf1d62a92c89cea440a09ecd60fb04c4177eb769ecfb8bf3679362f14e6366fad2fa5676b86aee6c085a4a64ee256b02b19a118,JB148502,,02/11/2018 05:45:00 PM,40,NO CONTROLS,NO CONTROLS,CLEAR,"DARKNESS, LIGHTED ROAD",OTHER NONCOLLISION,DIVIDED - W/MEDIAN (NOT RAISED),8.0,STRAIGHT AND LEVEL,WET,"RUT, HOLES",ON SCENE,NO INJURY / DRIVE AWAY,,,,$500 OR LESS,02/11/2018 06:00:00 PM,ROAD CONSTRUCTION/MAINTENANCE,UNABLE TO DETERMINE,2000,N,LAKE SHORE DR SB,1814.0,,,,,,,1,NO INDICATION OF INJURY,0.0,0.0,0.0,0.0,0.0,1.0,0.0,17,1,2,41.9184162335,-87.6292248208,POINT (-87.62922482077 41.918416233534)
3ba1475745fbd7b19132a7df2e8956573eea14d1cb87bebe5705398b906c48ada0a9bf6dbf9057fb58f21e27b9c373c102ee239f0d82260ef49cecb1bda24275,JC170770,,03/02/2019 12:38:00 AM,30,NO CONTROLS,NO CONTROLS,SNOW,"DARKNESS, LIGHTED ROAD",SIDESWIPE SAME DIRECTION,NOT DIVIDED,4.0,STRAIGHT AND LEVEL,WET,NO DEFECTS,ON SCENE,NO INJURY / DRIVE AWAY,,,Y,"$501 - $1,500",03/02/2019 12:38:00 AM,"OPERATING VEHICLE IN ERRATIC, RECKLESS, CARELESS, NEGLIGENT OR AGGRESSIVE MANNER",UNABLE TO DETERMINE,2024,W,PETERSON AVE,2413.0,,,,,,,2,NO INDICATION OF INJURY,0.0,0.0,0.0,0.0,0.0,2.0,0.0,0,7,3,41.9907681157,-87.6808559081,POINT (-87.680855908136 41.990768115659)
ad3a1834329650930431a01534c3ff7381e6c4b56f4f74924f7fca2ca03811b45fe0db55b2dd3609e7b5bd754566deca3867c07591c954b3919da15cc6bd22e7,JB155254,,02/17/2018 06:00:00 AM,30,NO CONTROLS,NO CONTROLS,CLEAR,DAYLIGHT,PARKED MOTOR VEHICLE,NOT DIVIDED,2.0,STRAIGHT AND LEVEL,DRY,UNKNOWN,ON SCENE,INJURY AND / OR TOW DUE TO CRASH,,,Y,"OVER $1,500",02/17/2018 09:00:00 AM,NOT APPLICABLE,NOT APPLICABLE,2911,E,81ST ST,422.0,,,,,,,2,NO INDICATION OF INJURY,0.0,0.0,0.0,0.0,0.0,1.0,0.0,6,7,2,41.7481568591,-87.5535596081,POINT (-87.553559608102 41.748156859113)
037c6e700128b125789c948f97dc33d525cdf52eb50b813e550bdbd27c131a7e7136330d63caa8322b870a39ca80279667ba11d54fafb7b25da10cfdfb5b4331,JC514794,,11/18/2019 10:00:00 AM,5,NO CONTROLS,NO CONTROLS,CLEAR,DAYLIGHT,PARKED MOTOR VEHICLE,PARKING LOT,,STRAIGHT AND LEVEL,DRY,NO DEFECTS,ON SCENE,NO INJURY / DRIVE AWAY,,Y,Y,$500 OR LESS,11/18/2019 10:10:00 AM,UNABLE TO DETERMINE,UNABLE TO DETERMINE,1600,N,NARRAGANSETT AVE,2513.0,,,,,,,2,NO INDICATION OF INJURY,0.0,0.0,0.0,0.0,0.0,1.0,0.0,10,2,11,41.9092357102,-87.7851522385,POINT (-87.785152238478 41.909235710242)
8627d67955cc923f5f5372aca124917331006558c5ca1f3911818ff0382ad63b785907bc513adadee5154ba352d7c9803be008d57496520706b6384e0ce8d9ec,JD285654,Y,07/01/2020 03:00:00 PM,30,NO CONTROLS,NO CONTROLS,UNKNOWN,UNKNOWN,REAR END,NOT DIVIDED,,STRAIGHT AND LEVEL,UNKNOWN,UNKNOWN,NOT ON SCENE (DESK REPORT),INJURY AND / OR TOW DUE TO CRASH,,,,$500 OR LESS,07/04/2020 02:00:00 PM,UNABLE TO DETERMINE,NOT APPLICABLE,4151,N,KEDZIE AVE,1724.0,,,,,,,2,"REPORTED, NOT EVIDENT",1.0,0.0,0.0,0.0,1.0,1.0,0.0,15,4,7,41.9572797324,-87.7079717399,POINT (-87.707971739934 41.957279732395)
c636780448c50d3e0e5db3624e9d9f5cb026a214dca51633fb36c406972fc8c40f0344818ab3f66a22d9348b3a66d528fb9890a7c73239cee13d73a8036ffcb0,JA464783,,10/09/2017 11:30:00 AM,30,NO CONTROLS,NO CONTROLS,CLEAR,DAYLIGHT,REAR END,NOT DIVIDED,,STRAIGHT AND LEVEL,DRY,NO DEFECTS,NOT ON SCENE (DESK REPORT),INJURY AND / OR TOW DUE TO CRASH,,,,"OVER $1,500",10/09/2017 05:04:00 PM,NOT APPLICABLE,NOT APPLICABLE,8600,S,PULASKI RD,834.0,,,,,,,2,NONINCAPACITATING INJURY,1.0,0.0,0.0,1.0,0.0,2.0,0.0,11,2,10,41.7366282832,-87.7216400829,POINT (-87.721640082906 41.736628283167)
c4f01bba26e485c5aff166b440c68253196231a0baa649098736779a1c58ba9c1f954c0688d0dc5570b966348b7a53eed5bb086572165e11b6334e3739caa9a3,JA270607,Y,05/17/2017 08:00:00 AM,30,UNKNOWN,UNKNOWN,UNKNOWN,UNKNOWN,PARKED MOTOR VEHICLE,ONE-WAY,1.0,STRAIGHT AND LEVEL,UNKNOWN,UNKNOWN,NOT ON SCENE (DESK REPORT),NO INJURY / DRIVE AWAY,,,Y,"$501 - $1,500",05/19/2017 01:30:00 PM,UNABLE TO DETERMINE,IMPROPER LANE USAGE,1235,S,HARDING AVE,1011.0,,,,,,,2,NO INDICATION OF INJURY,0.0,0.0,0.0,0.0,0.0,1.0,0.0,8,4,5,41.8650998944,-87.7237744781,POINT (-87.72377447813 41.865099894449)