CRASH_RECORD_ID,RD_NO,CRASH_DATE_EST_I,CRASH_DATE,POSTED_SPEED_LIMIT,TRAFFIC_CONTROL_DEVICE,DEVICE_CONDITION,WEATHER_CONDITION,LIGHTING_CONDITION,FIRST_CRASH_TYPE,TRAFFICWAY_TYPE,LANE_CNT,ALIGNMENT,ROADWAY_SURFACE_COND,ROAD_DEFECT,REPORT_TYPE,CRASH_TYPE,INTERSECTION_RELATED_I,NOT_RIGHT_OF_WAY_I,HIT_AND_RUN_I,DAMAGE,DATE_POLICE_NOTIFIED,PRIM_CONTRIBUTORY_CAUSE,SEC_CONTRIBUTORY_CAUSE,STREET_NO,STREET_DIRECTION,STREET_NAME,BEAT_OF_OCCURRENCE,PHOTOS_TAKEN_I,STATEMENTS_TAKEN_I,DOORING_I,WORK_ZONE_I,WORK_ZONE_TYPE,WORKERS_PRESENT_I,NUM_UNITS,MOST_SEVERE_INJURY,INJURIES_TOTAL,INJURIES_FATAL,INJURIES_INCAPACITATING,INJURIES_NON_INCAPACITATING,INJURIES_REPORTED_NOT_EVIDENT,INJURIES_NO_INDICATION,INJURIES_UNKNOWN,CRASH_HOUR,CRASH_DAY_OF_WEEK,CRASH_MONTH,LATITUDE,LONGITUDE,LOCATION
7a087fd37352f00003ea8856ac3710e5409d1420498f20f71c30b4b70afb7647afb1801707ccd7bc30bbc3c324d3cd71d35011701a6a4212a22864921f5c0883,JB452956,,09/27/2018 09:57:00 AM,10,NO CONTROLS,NO CONTROLS,CLEAR,DAYLIGHT,REAR END,PARKING LOT,,STRAIGHT AND LEVEL,DRY,NO DEFECTS,NOT ON SCENE (DESK REPORT),NO INJURY / DRIVE AWAY,,,,$500 OR LESS,09/28/2018 12:44:00 PM,UNABLE TO DETERMINE,UNABLE TO DETERMINE,1100,S,HAMILTON AVE,1225.0,,,,,,,2,NO INDICATION OF INJURY,0.0,0.0,0.0,0.0,0.0,3.0,0.0,9,5,9,41.867807964,-87.6804533191,POINT (-87.680453319056 41.867807963965)
23c9d03572a4c8f7a74bc6a72e444c6148449cb8ba89251d30afd005e6858a5fa04353cdd4b800d3f019b3e1aaf61271c191d54ba315bc29821400cd934ad205,JB128573,,01/24/2018 09:42:00 PM,30,NO CONTROLS,NO CONTROLS,CLEAR,"DARKNESS, LIGHTED ROAD",ANGLE,OTHER,,STRAIGHT AND LEVEL,DRY,NO DEFECTS,ON SCENE,INJURY AND / OR TOW DUE TO CRASH,,,,"$501 - $1,500",01/24/2018 09:45:00 PM,UNABLE TO DETERMINE,NOT APPLICABLE,199,E,BELLEVUE PL,1824.0,,,,,,,2,NO INDICATION OF INJURY,0.0,0.0,0.0,0.0,0.0,4.0,0.0,21,4,1,,,
7d8ba707a13014b3ac1d21d727b1ac7669c26c61164f724045e36395c788f0a616e83ac348509db21c7fc582ed7bb3eea471903430e6d4f3d8ba4364bf0bc1ab,JG225026,,04/15/2023 08:00:00 PM,35,TRAFFIC SIGNAL,FUNCTIONING PROPERLY,CLEAR,"DARKNESS, LIGHTED ROAD",REAR END,FOUR WAY,,STRAIGHT AND LEVEL,DRY,NO DEFECTS,NOT ON SCENE (DESK REPORT),INJURY AND / OR TOW DUE TO CRASH,Y,,,$500 OR LESS,04/15/2023 09:40:00 PM,UNABLE TO DETERMINE,UNABLE TO DETERMINE,4754,W,FULLERTON AVE,2521.0,,,,,,,2,"REPORTED, NOT EVIDENT",2.0,0.0,0.0,0.0,2.0,1.0,0.0,20,7,4,41.9243523792,-87.7460861408,POINT (-87.746086140838 41.9243523792)
91b295baba93caa0e7e53626d004ffd6b6440a5ee953025e1b5eabf6063114b00484f8d0a3a0ba41170292218a7619c9d30178569a142844eef49a4d40ee6990,JE327389,,08/05/2021 05:11:00 PM,30,TRAFFIC SIGNAL,FUNCTIONING PROPERLY,CLEAR,DAYLIGHT,PEDALCYCLIST,ONE-WAY,,STRAIGHT AND LEVEL,DRY,NO DEFECTS,ON SCENE,INJURY AND / OR TOW DUE TO CRASH,,,,"OVER $1,500",08/05/2021 05:11:00 PM,IMPROPER OVERTAKING/PASSING,NOT APPLICABLE,31,W,OHIO ST,1831.0,,,Y,,,,2,NONINCAPACITATING INJURY,1.0,0.0,0.0,1.0,0.0,0.0,0.0,17,5,8,41.8923404773,-87.6294262788,POINT (-87.629426278833 41.892340477333)
4450ca0077bf7b0335d3ea7439ce241c1896d18f91236dbff42ca8baaf2beeb33757dfa7a62821a69fc9876e651d936554dc11b2db2a96990f346228bf34204e,JF473046,,11/13/2022 10:15:00 AM,15,NO CONTROLS,NO CONTROLS,CLEAR,DAYLIGHT,PARKED MOTOR VEHICLE,ALLEY,,STRAIGHT AND LEVEL,DRY,NO DEFECTS,NOT ON SCENE (DESK REPORT),NO INJURY / DRIVE AWAY,,,Y,$500 OR LESS,11/13/2022 11:00:00 AM,IMPROPER BACKING,DRIVING SKILLS/KNOWLEDGE/EXPERIENCE,9636,S,GREENWOOD AVE,511.0,,,,,,,2,NO INDICATION OF INJURY,0.0,0.0,0.0,0.0,0.0,3.0,0.0,10,1,11,41.7191907003,-87.5972616584,POINT (-87.597261658441 41.719190700258)
7513470d8ea2903a7bba82d0ccb81b5770b478a6f875f65099d4106afb98b3d4275777a653211b85e7f0bb4edab63a9a136d917c5c42983b66eb313df9f66223,JC160589,N,02/20/2019 08:00:00 PM,30,NO CONTROLS,NO CONTROLS,CLEAR,DARKNESS,PARKED MOTOR VEHICLE,DIVIDED - W/MEDIAN (NOT RAISED),2.0,STRAIGHT AND LEVEL,WET,NO DEFECTS,NOT ON SCENE (DESK REPORT),NO INJURY / DRIVE AWAY,,,Y,"$501 - $1,500",02/21/2019 02:00:00 PM,UNABLE TO DETERMINE,UNABLE TO DETERMINE,3920,W,OGDEN AVE,1014.0,,,,,,,2,NO INDICATION OF INJURY,0.0,0.0,0.0,0.0,0.0,1.0,0.0,20,4,2,41.8518166556,-87.7232021755,POINT (-87.723202175463 41.851816655566)
c0df092c7d758610cbdeb1325ce84456016feaee43903b6ac4a94c127e4bed9162b5ce42bf658781b1cf66de79c6dc34755dba5ab9f04d911297a9861bb4cdb2,JC157948,,02/19/2019 09:20:00 AM,30,NO CONTROLS,NO CONTROLS,CLEAR,DAYLIGHT,REAR END,DIVIDED - W/MEDIAN (NOT RAISED),,STRAIGHT AND LEVEL,DRY,NO DEFECTS,NOT ON SCENE (DESK REPORT),NO INJURY / DRIVE AWAY,,,,"$501 - $1,500",02/19/2019 10:00:00 AM,UNABLE TO DETERMINE,NOT APPLICABLE,633,E,51ST ST,233.0,,,,,,,2,NO INDICATION OF INJURY,0.0,0.0,0.0,0.0,0.0,2.0,0.0,9,3,2,41.8020799645,-87.609971834,POINT (-87.609971833988 41.802079964472)
c41c39874c779b5eae0ed94164a34228e1a5ceda381c8f9274eab6fef0990350bc7430d391ac428dd3df771ce5fc4ac1aefe1717e618d7eb77023a6223a26a01,JB225472,,04/16/2018 05:17:00 AM,30,TRAFFIC SIGNAL,FUNCTIONING PROPERLY,SNOW,"DARKNESS, LIGHTED ROAD",TURNING,NOT DIVIDED,2.0,STRAIGHT AND LEVEL,SNOW OR SLUSH,NO DEFECTS,ON SCENE,INJURY AND / OR TOW DUE TO CRASH,Y,,,"OVER $1,500",04/16/2018 05:20:00 AM,DISREGARDING TRAFFIC SIGNALS,WEATHER,958,N,CENTRAL AVE,1511.0,,,,,,,2,NONINCAPACITATING INJURY,3.0,0.0,0.0,3.0,0.0,0.0,0.0,5,2,4,41.8984482078,-87.7656703624,POINT (-87.765670362376 41.898448207825)
7332ba119da25cc03bc4dc19176ff88cc6da91facd4a3096f88c6a5d6cac91b5bf82e7c06ab4496b7f2b9f63ed8c44c09d2dc266cab23e597babe1f7beb203a0,JC315948,,06/14/2019 01:00:00 PM,30,NO CONTROLS,NO CONTROLS,UNKNOWN,UNKNOWN,PARKED MOTOR VEHICLE,NOT DIVIDED,,STRAIGHT AND LEVEL,UNKNOWN,NO DEFECTS,NOT ON SCENE (DESK REPORT),NO INJURY / DRIVE AWAY,,,,$500 OR LESS,06/21/2019 04:30:00 PM,FAILING TO REDUCE SPEED TO AVOID CRASH,UNABLE TO DETERMINE,5325,W,BELDEN AVE,2515.0,,,,,,,2,NO INDICATION OF INJURY,0.0,0.0,0.0,0.0,0.0,2.0,0.0,13,6,6,41.9221237463,-87.7596301088,POINT (-87.759630108823 41.922123746315)
c1b271db991971a415f77e9cb333492d59bb851218331dc19fa70665d07123b088bac55d2ee1f18120cad7701c6f7bfe17c0299cfcdc656690255acbf288c15e,JB416754,,08/31/2018 04:37:00 PM,30,NO CONTROLS,NO CONTROLS,CLEAR,DAYLIGHT,REAR END,NOT DIVIDED,2.0,STRAIGHT AND LEVEL,DRY,NO DEFECTS,ON SCENE,INJURY AND / OR TOW DUE TO CRASH,,,,"OVER $1,500",08/31/2018 04:43:00 PM,UNABLE TO DETERMINE,NOT APPLICABLE,7201,S,JEFFERY BLVD,333.0,,,,,,,2,NO INDICATION OF INJURY,0.0,0.0,0.0,0.0,0.0,3.0,0.0,16,6,8,41.7642876792,-87.5761134864,POINT (-87.576113486367 41.764287679227)
74ac4e8c8cc1f25c3c2dc570de4f287cc3e667e7b84e5f1234fc353285221f0c35c784f88a2e8f84b2056f1d7a1b57bc8c919ddde4b9efa6967fa29a17b98f21,JA454321,,10/01/2017 11:30:00 AM,15,NO CONTROLS,NO CONTROLS,CLEAR,DAYLIGHT,PARKED MOTOR VEHICLE,PARKING LOT,0.0,STRAIGHT AND LEVEL,DRY,NO DEFECTS,NOT ON SCENE (DESK REPORT),NO INJURY / DRIVE AWAY,,,,"$501 - $1,500",10/01/2017 05:33:00 PM,FAILING TO YIELD RIGHT-OF-WAY,NOT APPLICABLE,5151,W,FULLERTON AVE,2522.0,,,,,,,2,NO INDICATION OF INJURY,0.0,0.0,0.0,0.0,0.0,1.0,0.0,11,1,10,41.9240044406,-87.7557144585,POINT (-87.755714458465 41.924004440569)
5cd9d479059e388e345eaae0ffc959254ad4b0796f4e92ef224e8a1d375b307225dddc665dc4c0a6034c8ef52f59e7279c2793437a79203071e0f1b1f233cb7e,JG109918,,01/06/2023 08:15:00 PM,30,NO CONTROLS,NO CONTROLS,CLEAR,DARKNESS,SIDESWIPE SAME DIRECTION,NOT DIVIDED,,STRAIGHT AND LEVEL,DRY,NO DEFECTS,NOT ON SCENE (DESK REPORT),NO INJURY / DRIVE AWAY,,,Y,"OVER $1,500",01/09/2023 03:35:00 PM,UNABLE TO DETERMINE,NOT APPLICABLE,1800,W,AUGUSTA BLVD,1212.0,,,,,,,2,NO INDICATION OF INJURY,0.0,0.0,0.0,0.0,0.0,2.0,0.0,20,6,1,41.8997415415,-87.6723457348,POINT (-87.672345734806 41.899741541503)
777faee58da9a72e4ae611cfcfd8f8caeafba55453bb72a5cc420ea3f5b8b037a96cee06cf45b58044ea2218f3280b3f5494116ced8dd5a12a5d5a20fd435fc6,JB160012,,02/21/2018 12:00:00 PM,10,NO CONTROLS,NO CONTROLS,CLEAR,DAYLIGHT,FIXED OBJECT,PARKING LOT,0.0,STRAIGHT AND LEVEL,DRY,NO DEFECTS,NOT ON SCENE (DESK REPORT),NO INJURY / DRIVE AWAY,,Y,,"OVER $1,500",02/21/2018 12:40:00 PM,"VISION OBSCURED (SIGNS, TREE LIMBS, BUILDINGS, ETC.)",NOT APPLICABLE,2845,N,SHERIDAN RD,1934.0,,,,,,,1,NO INDICATION OF INJURY,0.0,0.0,0.0,0.0,0.0,1.0,0.0,12,4,2,41.934123041,-87.6391875191,POINT (-87.639187519133 41.934123041017)
2aef4a3b142ee3a190461a83c2463572a7ee22bf8feb8b82da16dfb574096361dd57a90be8b20704a7401e8f5607c4a02255b5f1f0df2a30fd7b417f708d08b7,JB121152,,01/18/2018 08:42:00 PM,30,TRAFFIC SIGNAL,FUNCTIONING PROPERLY,CLEAR,"DARKNESS, LIGHTED ROAD",TURNING,DIVIDED - W/MEDIAN (NOT RAISED),5.0,STRAIGHT AND LEVEL,DRY,NO DEFECTS,ON SCENE,NO INJURY / DRIVE AWAY,Y,,,"$501 - $1,500",01/18/2018 09:00:00 PM,DISREGARDING TRAFFIC SIGNALS,FAILING TO YIELD RIGHT-OF-WAY,140,W,DIVISION ST,1821.0,,,,,,,2,NO INDICATION OF INJURY,0.0,0.0,0.0,0.0,0.0,3.0,0.0,20,5,1,41.903986409,-87.6330022048,POINT (-87.633002204832 41.903986409044)
33481953291152ba089e94b14999d2ae82360e335fd22455517598f0cdd102e5447d01ed69b4ff118b3e1c9b36019392b5c7ba9123014f5a81932cb36942f4a5,JE193583,,04/08/2021 04:15:00 PM,30,TRAFFIC SIGNAL,FUNCTIONING PROPERLY,RAIN,DAYLIGHT,REAR END,NOT DIVIDED,,STRAIGHT AND LEVEL,WET,NO DEFECTS,NOT ON SCENE (DESK REPORT),NO INJURY / DRIVE AWAY,,,,"OVER $1,500",04/08/2021 04:48:00 PM,FAILING TO YIELD RIGHT-OF-WAY,FAILING TO YIELD RIGHT-OF-WAY,5702,S,DR MARTIN LUTHER KING JR DR,232.0,,,,,,,2,NO INDICATION OF INJURY,0.0,0.0,0.0,0.0,0.0,2.0,0.0,16,5,4,41.7910229199,-87.6160333245,POINT (-87.616033324467 41.791022919879)
d4a188ec9c4dbdee9d6fb26c714c18985e1192c38d75b30fd6a3869f20ae3c1e3d326fec890ed6b57a88c1144762ab0093b1c7f9d6899686817967367bf4e316,JG315057,,06/24/2023 09:30:00 PM,30,NO CONTROLS,FUNCTIONING PROPERLY,CLEAR,DAYLIGHT,SIDESWIPE SAME DIRECTION,DIVIDED - W/MEDIAN (NOT RAISED),,STRAIGHT AND LEVEL,DRY,NO DEFECTS,NOT ON SCENE (DESK REPORT),NO INJURY / DRIVE AWAY,,,,"$501 - $1,500",06/25/2023 08:30:00 AM,IMPROPER OVERTAKING/PASSING,NOT APPLICABLE,1449,S,MICHIGAN AVE,132.0,,,,,,,2,NO INDICATION OF INJURY,0.0,0.0,0.0,0.0,0.0,3.0,0.0,21,7,6,41.8627361349,-87.6238993956,POINT (-87.623899395591 41.862736134942)
54766f92684e155bfb6136f8131459c7c38fa794716ab6393dda1e088d542e0ace697ef75bd9769313910a6889dacb03acc00c4a79db7afe6c4dfa5b45fb6b0a,JA521441,,11/21/2017 05:00:00 PM,30,NO CONTROLS,NO CONTROLS,CLEAR,"DARKNESS, LIGHTED ROAD",REAR END,PARKING LOT,,STRAIGHT AND LEVEL,DRY,NO DEFECTS,NOT ON SCENE (DESK REPORT),NO INJURY / DRIVE AWAY,,,,"$501 - $1,500",11/22/2017 10:30:00 AM,NOT APPLICABLE,NOT APPLICABLE,9831,S,WESTERN AVE,2213.0,,,,,,,2,NO INDICATION OF INJURY,0.0,0.0,0.0,0.0,0.0,2.0,0.0,17,3,11,41.7145544707,-87.6817205965,POINT (-87.681720596489 41.714554470687)
a01e6d279d5159b37eabb56cc941ed80e209f8c118ef122e8c0d87d0be3d8a6209f869931a3feefb27c2c843155f8e4ad84dcf8e6911a4a42d6c3128c08a6a80,JB558270,,12/18/2018 11:39:00 AM,30,NO CONTROLS,NO CONTROLS,CLEAR,DAYLIGHT,REAR END,NOT DIVIDED,1.0,STRAIGHT AND LEVEL,DRY,NO DEFECTS,ON SCENE,INJURY AND / OR TOW DUE TO CRASH,,,,"OVER $1,500",12/18/2018 11:39:00 AM,FOLLOWING TOO CLOSELY,FOLLOWING TOO CLOSELY,6944,S,JEFFERY BLVD,332.0,,,,,,,3,NO INDICATION OF INJURY,0.0,0.0,0.0,0.0,0.0,4.0,0.0,11,3,12,41.7684651867,-87.5765089485,POINT (-87.576508948521 41.768465186739)
2e6d263bf856aae9a52a8387844aef57e767587c62cf9191921cfb86847ad2931db7b96f60099f6426d7f5bc5419c603f5f6614bae12ee86c1616de26b0f7822,JD242130,,05/25/2020 08:50:00 AM,30,TRAFFIC SIGNAL,FUNCTIONING PROPERLY,CLEAR,DAYLIGHT,ANGLE,NOT DIVIDED,,STRAIGHT AND LEVEL,DRY,NO DEFECTS,ON SCENE,INJURY AND / OR TOW DUE TO CRASH,Y,,Y,"OVER $1,500",05/25/2020 08:55:00 AM,DISREGARDING TRAFFIC SIGNALS,UNABLE TO DETERMINE,2030,S,HALSTED ST,1235.0,,,,,,,2,NO INDICATION OF INJURY,0.0,0.0,0.0,0.0,0.0,2.0,0.0,8,2,5,41.8546054008,-87.6466966326,POINT (-87.646696632605 41.854605400757)
fce4b9a3ac10810c33f836f2c2a0d43513b53d299797a29c5f003c3a29624ce7a1bb5ce9de22dcec88bacff727fbc85a7105beb2e95bb929e0237fdb39287cae,JA528783,,11/28/2017 06:04:00 PM,30,NO CONTROLS,NO CONTROLS,CLEAR,"DARKNESS, LIGHTED ROAD",REAR END,DIVIDED - W/MEDIAN (NOT RAISED),4.0,STRAIGHT AND LEVEL,DRY,NO DEFECTS,NOT ON SCENE (DESK REPORT),NO INJURY / DRIVE AWAY,,,,"OVER $1,500",11/28/2017 06:04:00 PM,FOLLOWING TOO CLOSELY,NOT APPLICABLE,736,W,DIVISION ST,1822.0,,,,,,,2,NO INDICATION OF INJURY,0.0,0.0,0.0,0.0,0.0,2.0,0.0,18,3,11,41.903756029,-87.6475259774,POINT (-87.647525977443 41.903756029012)
c20c26d350daca09059ae6063e5da8e8a1986b415fe3453152c17ba6fb2ca4122a49e22e3a0c2b1e14fef4a408faef312dc08fc43ee93f4c66d9d26366437663,JE203812,,04/19/2021 12:00:00 PM,30,STOP SIGN/FLASHER,FUNCTIONING PROPERLY,RAIN,DAYLIGHT,ANGLE,NOT DIVIDED,,STRAIGHT AND LEVEL,SNOW OR SLUSH,NO DEFECTS,ON SCENE,INJURY AND / OR TOW DUE TO CRASH,Y,,,"OVER $1,500",04/19/2021 12:11:00 PM,FAILING TO YIELD RIGHT-OF-WAY,FAILING TO YIELD RIGHT-OF-WAY,5820,W,BRYN MAWR AVE,1622.0,,,,,,,2,NONINCAPACITATING INJURY,1.0,0.0,0.0,1.0,0.0,1.0,0.0,12,2,4,41.9830274193,-87.7741200159,POINT (-87.774120015854 41.983027419259)
b421f82b845e13da6bf92e06385a2b36f4c8ac53fec3219ba32d01bd24ee0da0e58778bfcd086089e3a695d8c173c511626ac43213766c48170a378f1a7e9135,JB389836,,08/12/2018 05:17:00 AM,25,NO CONTROLS,NO CONTROLS,CLEAR,DAWN,PARKED MOTOR VEHICLE,NOT DIVIDED,,STRAIGHT AND LEVEL,DRY,NO DEFECTS,ON SCENE,INJURY AND / OR TOW DUE TO CRASH,,,,"OVER $1,500",08/12/2018 05:17:00 AM,UNDER THE INFLUENCE OF ALCOHOL/DRUGS (USE WHEN ARREST IS EFFECTED),FAILING TO REDUCE SPEED TO AVOID CRASH,6325,N,LENOX AVE,1621.0,,,,,,,4,NO INDICATION OF INJURY,0.0,0.0,0.0,0.0,0.0,1.0,0.0,5,1,8,41.9960760874,-87.7530314533,POINT (-87.753031453313 41.996076087447)
4f4ccac7bd3069d7ebc81abba0e8d5a69dc3a8c03aac06ca11811658e64b4217905ed9e88f416af23f350c9ef1b32e8584b42c9e890dea94645c7ff9e037c2ef,JF240576,,05/13/2022 10:00:00 AM,30,NO CONTROLS,NO CONTROLS,CLEAR,DAYLIGHT,PARKED MOTOR VEHICLE,ALLEY,,STRAIGHT AND LEVEL,DRY,NO DEFECTS,NOT ON SCENE (DESK REPORT),NO INJURY / DRIVE AWAY,,,,"OVER $1,500",05/13/2022 11:20:00 AM,UNABLE TO DETERMINE,UNABLE TO DETERMINE,4313,N,WESTERN AVE,1911.0,,,,,,,2,NO INDICATION OF INJURY,0.0,0.0,0.0,0.0,0.0,1.0,0.0,10,6,5,41.9598913562,-87.6884938229,POINT (-87.688493822908 41.959891356196)
6c2d629f2e72eac261d36319bce0d0fb4fa91201a8c68f22b21108e2747ac0a989493fe638867d451a74699c71ced0ba2def93ec47e4834b53562760c0c4a68e,HZ287340,,05/31/2016 12:30:00 PM,30,UNKNOWN,UNKNOWN,UNKNOWN,DAYLIGHT,REAR END,UNKNOWN,0.0,STRAIGHT AND LEVEL,UNKNOWN,UNKNOWN,NOT ON SCENE (DESK REPORT),NO INJURY / DRIVE AWAY,Y,,,"OVER $1,500",05/31/2016 01:30:00 PM,UNABLE TO DETERMINE,UNABLE TO DETERMINE,3000,S,WENTWORTH AVE,914.0,,,,,,,2,NO INDICATION OF INJURY,0.0,0.0,0.0,0.0,0.0,2.0,0.0,12,3,5,41.8396416246,-87.6318610322,POINT (-87.631861032164 41.839641624592)
71eaa23c64f9b188c342c56fff2f63f49da5b39e3b73c45806cc0780cd51d74513a96f42baeb510e9ee628b0ee00f7eb12e6566917237ffaa95ef52b19dbef52,JG280756,,05/30/2023 10:30:00 AM,30,STOP SIGN/FLASHER,FUNCTIONING PROPERLY,CLEAR,DAYLIGHT,PEDESTRIAN,FOUR WAY,,STRAIGHT AND LEVEL,DRY,NO DEFECTS,,INJURY AND / OR TOW DUE TO CRASH,Y,,Y,"OVER $1,500",05/30/2023 11:45:00 AM,FAILING TO YIELD RIGHT-OF-WAY,DISREGARDING STOP SIGN,1061,W,MADISON ST,1232.0,,,,,,,2,NONINCAPACITATING INJURY,1.0,0.0,0.0,1.0,0.0,1.0,0.0,10,3,5,41.8815599572,-87.6543723977,POINT (-87.654372397718 41.88155995724)
c4edac351ffea628e20cebd2ec2b392af34bb65be7b7aaf648d6452ddcc178e3314c22043f5477320b1781d318767677a23956f78912aa708bffcafee901cb61,JC285792,,05/28/2019 09:00:00 AM,30,NO CONTROLS,NO CONTROLS,UNKNOWN,UNKNOWN,PARKED MOTOR VEHICLE,ONE-WAY,,STRAIGHT AND LEVEL,UNKNOWN,UNKNOWN,NOT ON SCENE (DESK REPORT),NO INJURY / DRIVE AWAY,,,Y,"$501 - $1,500",05/31/2019 08:00:00 AM,UNABLE TO DETERMINE,UNABLE TO DETERMINE,5142,W,AINSLIE ST,1623.0,,,,,,,2,NO INDICATION OF INJURY,0.0,0.0,0.0,0.0,0.0,1.0,0.0,9,3,5,41.9698540824,-87.7567876183,POINT (-87.756787618312 41.969854082368)
b0a57cf4ebf5dbbe85692b2a9929639d6b111f554fc79ea08c232bcf9080ee90a9b4b376e67731e045c954206393b5e4767cd7ce56942ebf164cf29cee127fde,JA381341,,08/07/2017 03:06:00 PM,30,TRAFFIC SIGNAL,FUNCTIONING PROPERLY,CLEAR,DAYLIGHT,TURNING,DIVIDED - W/MEDIAN (NOT RAISED),6.0,STRAIGHT AND LEVEL,DRY,NO DEFECTS,ON SCENE,NO INJURY / DRIVE AWAY,Y,,,"OVER $1,500",08/07/2017 03:15:00 PM,IMPROPER OVERTAKING/PASSING,UNABLE TO DETERMINE,3200,W,FULLERTON AVE,1413.0,,,,,,,2,NO INDICATION OF INJURY,0.0,0.0,0.0,0.0,0.0,2.0,0.0,15,2,8,41.9248233083,-87.7076531502,POINT (-87.707653150182 41.924823308285)
8608975fca1abfc1b345fb19f720b365fb1df2d885de14c77023ba7cb6010d9a4d57da05705378f64c718ee5f0f5ba27157b28093ddc86948fa42ad7a4c1ea9c,JG435979,,09/23/2023 01:00:00 AM,30,TRAFFIC SIGNAL,FUNCTIONING PROPERLY,UNKNOWN,"DARKNESS, LIGHTED ROAD",REAR TO SIDE,NOT DIVIDED,,STRAIGHT AND LEVEL,UNKNOWN,UNKNOWN,NOT ON SCENE (DESK REPORT),INJURY AND / OR TOW DUE TO CRASH,,,Y,"OVER $1,500",09/23/2023 02:31:00 PM,UNABLE TO DETERMINE,NOT APPLICABLE,9,S,KILBOURN AVE,1113.0,,,,,,,2,NO INDICATION OF INJURY,0.0,0.0,0.0,0.0,0.0,2.0,0.0,1,7,9,41.8802469415,-87.7377688307,POINT (-87.737768830727 41.880246941515)
a61628b2286875419b29213bdaf2e1797b468235ed166aeb7f118d8482a0ecca6236838ad8a7864e14f2f517c13e6996d8bd46b5a007d16bcf1f0a408d9fac5b,JG330793,,07/06/2023 05:20:00 PM,30,NO CONTROLS,NO CONTROLS,CLEAR,DAYLIGHT,SIDESWIPE SAME DIRECTION,DIVIDED - W/MEDIAN (NOT RAISED),,STRAIGHT AND LEVEL,UNKNOWN,UNKNOWN,NOT ON SCENE (DESK REPORT),INJURY AND / OR TOW DUE TO CRASH,,,,"OVER $1,500",07/07/2023 12:30:00 AM,UNABLE TO DETERMINE,NOT APPLICABLE,721,W,COURT PL,1224.0,,,,,,,2,NO INDICATION OF INJURY,0.0,0.0,0.0,0.0,0.0,2.0,0.0,17,5,7,41.8836283782,-87.6465402627,POINT (-87.646540262652 41.883628378163)
5fbe08f097aa961a4ec1cfa3f5a934087d0a8ea2f3c795d46b553534fbe5c72e5cb24dc21fabc7a81c83d0019b4c3155a8ad56569b90f34d7fea9f0b0f5568c2,JD221079,N,04/30/2020 11:40:00 PM,25,NO CONTROLS,NO CONTROLS,CLEAR,"DARKNESS, LIGHTED ROAD",PARKED MOTOR VEHICLE,NOT DIVIDED,,STRAIGHT AND LEVEL,DRY,UNKNOWN,ON SCENE,NO INJURY / DRIVE AWAY,,,,$500 OR LESS,04/30/2020 11:46:00 PM,"OPERATING VEHICLE IN ERRATIC, RECKLESS, CARELESS, NEGLIGENT OR AGGRESSIVE MANNER",DRIVING ON WRONG SIDE/WRONG WAY,9805,S,THROOP ST,2213.0,,,,,,,4,NO INDICATION OF INJURY,0.0,0.0,0.0,0.0,0.0,1.0,0.0,23,5,4,41.7156827217,-87.6550807455,POINT (-87.655080745516 41.715682721723)
db012bd7f948960d3aa385892d7b0d353cfc4c45c43ff004a90c7b839f9c5948a2500df609c38be784bbbed77b9b6334e621ac33c02189e93cd3ec29495d16e5,JC311308,,06/17/2019 02:00:00 AM,30,NO CONTROLS,NO CONTROLS,CLEAR,DAYLIGHT,PARKED MOTOR VEHICLE,ONE-WAY,,STRAIGHT AND LEVEL,DRY,NO DEFECTS,NOT ON SCENE (DESK REPORT),NO INJURY / DRIVE AWAY,,,,"$501 - $1,500",06/18/2019 12:20:00 PM,UNABLE TO DETERMINE,UNABLE TO DETERMINE,6845,S,INDIANA AVE,322.0,,,,,,,2,NO INDICATION OF INJURY,0.0,0.0,0.0,0.0,0.0,1.0,0.0,2,2,6,41.7697351505,-87.6200776858,POINT (-87.62007768581 41.769735150516)
d5c41350f4711ca7ef1f7dbe3e2921983afb91aadfdfd47b9993e2e0eea4e07d22e387b050700de3c00b9cd343ca263ebb1d7a7f2a9dda8be3a43c2fef5a9a18,JF223285,,04/28/2022 03:44:00 PM,30,TRAFFIC SIGNAL,FUNCTIONING PROPERLY,RAIN,DAYLIGHT,TURNING,T-INTERSECTION,,STRAIGHT AND LEVEL,WET,NO DEFECTS,ON SCENE,NO INJURY / DRIVE AWAY,Y,,,"OVER $1,500",04/28/2022 04:07:00 PM,IMPROPER OVERTAKING/PASSING,NOT APPLICABLE,171,W,WASHINGTON ST,122.0,,,,,,,2,NO INDICATION OF INJURY,0.0,0.0,0.0,0.0,0.0,2.0,0.0,15,5,4,41.8830977299,-87.6330252027,POINT (-87.633025202742 41.883097729882)
537eeba9ca0a9d5c1f568b5b2ecbdf39ea20ea4686aa769f483bc080a7b275e8184bf96f1207cdb5adb45e1ffb4939ebad857f019947a130c2bb37b5d906cb7b,JC351157,,07/16/2019 11:20:00 AM,30,STOP SIGN/FLASHER,FUNCTIONING PROPERLY,CLOUDY/OVERCAST,UNKNOWN,TURNING,NOT DIVIDED,,STRAIGHT AND LEVEL,DRY,NO DEFECTS,NOT ON SCENE (DESK REPORT),NO INJURY / DRIVE AWAY,Y,,,"$501 - $1,500",07/16/2019 12:15:00 PM,IMPROPER TURNING/NO SIGNAL,NOT APPLICABLE,800,E,79TH ST,624.0,,,,,,,2,NO INDICATION OF INJURY,0.0,0.0,0.0,0.0,0.0,2.0,0.0,11,3,7,41.7513967014,-87.6051546581,POINT (-87.605154658072 41.751396701356)