CRASH_RECORD_ID,RD_NO,CRASH_DATE_EST_I,CRASH_DATE,POSTED_SPEED_LIMIT,TRAFFIC_CONTROL_DEVICE,DEVICE_CONDITION,WEATHER_CONDITION,LIGHTING_CONDITION,FIRST_CRASH_TYPE,TRAFFICWAY_TYPE,LANE_CNT,ALIGNMENT,ROADWAY_SURFACE_COND,ROAD_DEFECT,REPORT_TYPE,CRASH_TYPE,INTERSECTION_RELATED_I,NOT_RIGHT_OF_WAY_I,HIT_AND_RUN_I,DAMAGE,DATE_POLICE_NOTIFIED,PRIM_CONTRIBUTORY_CAUSE,SEC_CONTRIBUTORY_CAUSE,STREET_NO,STREET_DIRECTION,STREET_NAME,BEAT_OF_OCCURRENCE,PHOTOS_TAKEN_I,STATEMENTS_TAKEN_I,DOORING_I,WORK_ZONE_I,WORK_ZONE_TYPE,WORKERS_PRESENT_I,NUM_UNITS,MOST_SEVERE_INJURY,INJURIES_TOTAL,INJURIES_FATAL,INJURIES_INCAPACITATING,INJURIES_NON_INCAPACITATING,INJURIES_REPORTED_NOT_EVIDENT,INJURIES_NO_INDICATION,INJURIES_UNKNOWN,CRASH_HOUR,CRASH_DAY_OF_WEEK,CRASH_MONTH,LATITUDE,LONGITUDE,LOCATION
10d6b526b459cc31514ec62738a9189825d25311543227156d50fd7db05ecb7542238d257a665b026196b1793b742dce0099e5b1074b63d1814ba2385362f8bf,JC266046,,05/16/2019 07:50:00 PM,30,NO CONTROLS,NO CONTROLS,CLEAR,"DARKNESS, LIGHTED ROAD",SIDESWIPE SAME DIRECTION,NOT DIVIDED,,STRAIGHT AND LEVEL,DRY,"RUT, HOLES",NOT ON SCENE (DESK REPORT),NO INJURY / DRIVE AWAY,,,,"$501 - $1,500",05/16/2019 08:16:00 PM,IMPROPER OVERTAKING/PASSING,FAILING TO REDUCE SPEED TO AVOID CRASH,4650,W,NORTH AVE,2533.0,,,,,,,2,NO INDICATION OF INJURY,0.0,0.0,0.0,0.0,0.0,5.0,0.0,19,5,5,41.909764527,-87.7433762957,POINT (-87.743376295706 41.909764527033)
cc752474ef586ebd47c3d6cc2df5a07f61e7adfb4d191e189e1c7182b2599c0c87cbed62cced54b526fa7dfd43c03506000f962c494a98fd459600978905ac05,HZ278105,Y,05/24/2016 04:00:00 PM,30,UNKNOWN,UNKNOWN,CLEAR,DAYLIGHT,REAR END,NOT DIVIDED,2.0,STRAIGHT AND LEVEL,DRY,UNKNOWN,NOT ON SCENE (DESK REPORT),NO INJURY / DRIVE AWAY,Y,,,$500 OR LESS,05/24/2016 06:00:00 PM,NOT APPLICABLE,NOT APPLICABLE,8900,S,STONY ISLAND AVE,413.0,,,,,,,2,NO INDICATION OF INJURY,0.0,0.0,0.0,0.0,0.0,2.0,0.0,16,3,5,41.7331879659,-87.5857126979,POINT (-87.585712697936 41.733187965898)
c2e32ba72bd48bb102e1051a861899646462a8818d06ad714111783fd05da9d7396682ade3cd80e1e5b76bedd8dc934775814da28aaf346ce4561a051bd838f3,JC119689,,01/16/2019 07:05:00 PM,30,TRAFFIC SIGNAL,FUNCTIONING PROPERLY,CLEAR,"DARKNESS, LIGHTED ROAD",SIDESWIPE SAME DIRECTION,DIVIDED - W/MEDIAN (NOT RAISED),,STRAIGHT AND LEVEL,DRY,NO DEFECTS,NOT ON SCENE (DESK REPORT),NO INJURY / DRIVE AWAY,,,,"$501 - $1,500",01/16/2019 09:15:00 PM,IMPROPER OVERTAKING/PASSING,NOT APPLICABLE,501,N,CLARK ST,1831.0,,,,,,,2,NO INDICATION OF INJURY,0.0,0.0,0.0,0.0,0.0,2.0,0.0,19,4,1,41.8908653375,-87.6309595541,POINT (-87.630959554086 41.890865337518)
7d44524f00dac02419e7776ef78805172f98520d702d0cb4c0f0191dde5cac161fbd0dfc17d342d3bccd6ab61f16ceaf9876ee49f3aa3b6aeeb5d7bc72c5cbc0,JF190455,,03/29/2022 03:00:00 PM,30,TRAFFIC SIGNAL,UNKNOWN,CLEAR,DAYLIGHT,REAR END,NOT DIVIDED,,STRAIGHT AND LEVEL,UNKNOWN,UNKNOWN,NOT ON SCENE (DESK REPORT),NO INJURY / DRIVE AWAY,,,,"OVER $1,500",03/29/2022 03:15:00 PM,UNABLE TO DETERMINE,UNABLE TO DETERMINE,5200,N,CICERO AVE,1621.0,,,,,,,2,NO INDICATION OF INJURY,0.0,0.0,0.0,0.0,0.0,2.0,0.0,15,3,3,41.9754383945,-87.7481451665,POINT (-87.748145166467 41.975438394487)
72e00472e574c4378b67c79001031ab1fa17eb9b56291acd4a0e2abc2d6f284974e80bf96be10cebab9e0bfdcffd2fa69ff46abf1d280e909bf51804a14290b5,JG355512,,07/25/2023 12:10:00 PM,15,NO CONTROLS,NO CONTROLS,CLEAR,DAYLIGHT,SIDESWIPE SAME DIRECTION,PARKING LOT,,STRAIGHT AND LEVEL,DRY,NO DEFECTS,NOT ON SCENE (DESK REPORT),NO INJURY / DRIVE AWAY,,,,"$501 - $1,500",07/25/2023 02:46:00 PM,UNABLE TO DETERMINE,UNABLE TO DETERMINE,5401,S,WESTERN AVE,923.0,,,,,,,2,NO INDICATION OF INJURY,0.0,0.0,0.0,0.0,0.0,2.0,0.0,12,3,7,41.795174135,-87.6839261096,POINT (-87.683926109649 41.795174134977)
75d4f84928cba04a7403cd7892dcf3e1da3fdbf161b3eb867b1d8ffeab31431e9581d6ec8690f35b805a4e1aa7b87c8fc9aa2d69675d32289aa0a9ec03949ba7,HZ480389,,10/19/2016 09:00:00 AM,30,NO CONTROLS,NO CONTROLS,CLEAR,DAYLIGHT,SIDESWIPE SAME DIRECTION,NOT DIVIDED,3.0,STRAIGHT AND LEVEL,DRY,NO DEFECTS,NOT ON SCENE (DESK REPORT),NO INJURY / DRIVE AWAY,Y,,N,"OVER $1,500",10/19/2016 10:32:00 AM,"EVASIVE ACTION DUE TO ANIMAL, OBJECT, NONMOTORIST",NOT APPLICABLE,4700,S,EVANS AVE,223.0,Y,,,,,,2,NO INDICATION OF INJURY,0.0,0.0,0.0,0.0,0.0,2.0,0.0,9,4,10,41.8094221361,-87.6079459959,POINT (-87.607945995937 41.809422136095)
0074e1f3793dc8681f19c29f8d107e6421cc2061d301f1af704ddc0ef95f0b909f7151362955ad4f31f57c961d24984e6ea95f47144c77a55438b8c54c4ef3c2,JB167661,,02/27/2018 04:30:00 PM,30,NO CONTROLS,NO CONTROLS,CLEAR,DAYLIGHT,PARKED MOTOR VEHICLE,ONE-WAY,1.0,STRAIGHT AND LEVEL,DRY,NO DEFECTS,NOT ON SCENE (DESK REPORT),NO INJURY / DRIVE AWAY,,,Y,"OVER $1,500",02/27/2018 05:37:00 PM,UNABLE TO DETERMINE,UNABLE TO DETERMINE,6751,S,BISHOP ST,725.0,,,,,,,2,NO INDICATION OF INJURY,0.0,0.0,0.0,0.0,0.0,1.0,0.0,16,3,2,41.7707436881,-87.660190414,POINT (-87.660190413998 41.770743688119)
a4ebe8411ae612cd04fc6773e6fe7e8ec397a35528d17c9774c2ef7f1b3a59abc49f2ec27ba9be60c20ebc6712108a61f6e36964fba9d2e2bbff18293441d790,JE336063,,08/13/2021 01:07:00 PM,15,TRAFFIC SIGNAL,FUNCTIONING PROPERLY,CLEAR,DAYLIGHT,TURNING,NOT DIVIDED,,STRAIGHT AND LEVEL,DRY,NO DEFECTS,ON SCENE,NO INJURY / DRIVE AWAY,,,,"OVER $1,500",08/13/2021 01:10:00 PM,UNABLE TO DETERMINE,UNABLE TO DETERMINE,2398,W,43RD ST,921.0,,,,,,,2,NO INDICATION OF INJURY,0.0,0.0,0.0,0.0,0.0,2.0,0.0,13,6,8,41.8158059023,-87.6846020605,POINT (-87.684602060471 41.815805902263)
54f926984f2a20a7fbc29d237f80022a4d12a3def6d352895929cc6562020245e4c492e7e941921024eb730ee2a92834c957bc914ce4cf79be30f66eed677b88,JF433944,,10/14/2022 08:00:00 AM,30,STOP SIGN/FLASHER,FUNCTIONING PROPERLY,CLEAR,DAYLIGHT,SIDESWIPE OPPOSITE DIRECTION,Y-INTERSECTION,,STRAIGHT AND LEVEL,DRY,NO DEFECTS,NOT ON SCENE (DESK REPORT),NO INJURY / DRIVE AWAY,Y,,Y,"$501 - $1,500",10/14/2022 08:45:00 AM,UNABLE TO DETERMINE,UNABLE TO DETERMINE,10300,S,VINCENNES AVE,2212.0,,,,,,,2,NO INDICATION OF INJURY,0.0,0.0,0.0,0.0,0.0,2.0,0.0,8,6,10,41.7067235779,-87.6561945409,POINT (-87.65619454086 41.706723577926)
bee498edc87ab96665656da177b137106bf77a16f2a37501cb3bf9b04ea6fc7160441722d4286f5df8c2ab912aa080426419f9be3be75b405f4f054b45470161,JE178561,,03/24/2021 01:45:00 PM,30,NO CONTROLS,NO CONTROLS,CLOUDY/OVERCAST,DAYLIGHT,TURNING,FOUR WAY,,STRAIGHT AND LEVEL,DRY,NO DEFECTS,,NO INJURY / DRIVE AWAY,,,,$500 OR LESS,03/24/2021 04:20:00 PM,IMPROPER OVERTAKING/PASSING,IMPROPER OVERTAKING/PASSING,4800,N,CICERO AVE,1623.0,,,,,,,2,NO INDICATION OF INJURY,0.0,0.0,0.0,0.0,0.0,2.0,0.0,13,4,3,41.9680480073,-87.7478759847,POINT (-87.747875984681 41.968048007294)
49a9364b76b41dbd93691f0d7e34ee366f22e63e39cf167d7c40c7841e9954e481976d0832d41f4f69e619e1cf70b3f1c0cf439715077a23c93c4cfe85cddd21,JF120148,,01/20/2022 05:30:00 PM,20,NO CONTROLS,NO CONTROLS,CLEAR,"DARKNESS, LIGHTED ROAD",PARKED MOTOR VEHICLE,NOT DIVIDED,,STRAIGHT AND LEVEL,WET,NO DEFECTS,NOT ON SCENE (DESK REPORT),NO INJURY / DRIVE AWAY,,,Y,"$501 - $1,500",01/21/2022 05:45:00 PM,IMPROPER OVERTAKING/PASSING,NOT APPLICABLE,3320,W,HIRSCH ST,1422.0,,,,,,,2,NO INDICATION OF INJURY,0.0,0.0,0.0,0.0,0.0,1.0,0.0,17,5,1,41.9065468399,-87.7102327858,POINT (-87.710232785759 41.906546839888)
6254df12f489396db1a20344f5e4b4f2f7ffefefddce98fff0553ce0c98e1e47b5530ad095490c3b82eebd305ce628150af165137a445eb4ec2182bb10b8a977,HY528667,,12/07/2015 06:00:00 PM,30,NO CONTROLS,NO CONTROLS,CLEAR,DARKNESS,PARKED MOTOR VEHICLE,NOT DIVIDED,1.0,STRAIGHT AND LEVEL,DRY,NO DEFECTS,NOT ON SCENE (DESK REPORT),NO INJURY / DRIVE AWAY,,,Y,"OVER $1,500",12/07/2015 08:00:00 PM,UNABLE TO DETERMINE,UNABLE TO DETERMINE,4908,W,CONGRESS PKWY,1533.0,,,,,,,2,NO INDICATION OF INJURY,0.0,0.0,0.0,0.0,0.0,1.0,0.0,18,2,12,41.8741462349,-87.7476319508,POINT (-87.747631950754 41.874146234904)
7485e7980ba3d6e3d85555f0bdc52e8fed28e345846e8f3de90e4477555aeea06f699ce47b2cf5951589d396d7012994ddf677c028f1d8ed5169f43ae7f63ed0,JB143154,,02/06/2018 01:40:00 PM,30,TRAFFIC SIGNAL,FUNCTIONING PROPERLY,CLEAR,DAYLIGHT,TURNING,NOT DIVIDED,4.0,STRAIGHT AND LEVEL,DRY,NO DEFECTS,NOT ON SCENE (DESK REPORT),NO INJURY / DRIVE AWAY,Y,,,"$501 - $1,500",02/06/2018 02:00:00 PM,UNABLE TO DETERMINE,NOT APPLICABLE,5600,W,FULLERTON AVE,2515.0,,,,,,,2,NO INDICATION OF INJURY,0.0,0.0,0.0,0.0,0.0,3.0,0.0,13,3,2,41.9240901988,-87.7660535302,POINT (-87.766053530161 41.924090198835)
105ce49e071b816836f7e14ea5d8e798d15c9f9c2b35b15fed3f8e22e750ac626ea1686dbce10670506afbaeb61fda78da86f469480e27a6ba6916d886991f91,JA477625,,10/19/2017 04:40:00 PM,30,NO CONTROLS,NO CONTROLS,CLEAR,DAYLIGHT,SIDESWIPE SAME DIRECTION,ONE-WAY,,STRAIGHT AND LEVEL,DRY,NO DEFECTS,NOT ON SCENE (DESK REPORT),NO INJURY / DRIVE AWAY,Y,,,"$501 - $1,500",10/19/2017 05:10:00 PM,UNABLE TO DETERMINE,NOT APPLICABLE,2936,W,PALMER ST,1414.0,,,,,,,3,NO INDICATION OF INJURY,0.0,0.0,0.0,0.0,0.0,4.0,0.0,16,5,10,41.9215702518,-87.7018095464,POINT (-87.701809546442 41.921570251782)
d6a5ef72c9d318dca6282baa5cca094f857f6b3ea31e828f007d578bb598b103d1a33486d0fb13ce773cc8a9c59ff39987ce1a6a38852b42bd11ae570e77c0c4,JG393503,,08/22/2023 03:28:00 PM,25,TRAFFIC SIGNAL,FUNCTIONING PROPERLY,CLEAR,DAYLIGHT,SIDESWIPE SAME DIRECTION,FOUR WAY,,STRAIGHT AND LEVEL,DRY,NO DEFECTS,ON SCENE,NO INJURY / DRIVE AWAY,Y,,,"$501 - $1,500",08/22/2023 05:45:00 PM,UNABLE TO DETERMINE,NOT APPLICABLE,755,W,NORTH AVE,1822.0,,,,,,,2,NO INDICATION OF INJURY,0.0,0.0,0.0,0.0,0.0,2.0,0.0,15,3,8,41.9108134728,-87.6480104515,POINT (-87.648010451475 41.910813472762)
cd2b81925b0d853e0d6ee85b50608c9aa4bae4c5febf9abb8913166f9baaef9f69595159c946cede86c68d4bf01b53cb06a6cb5b48b168793442ecb28e695583,JB391259,,08/13/2018 07:30:00 AM,30,TRAFFIC SIGNAL,FUNCTIONING PROPERLY,CLEAR,DAYLIGHT,PEDALCYCLIST,NOT DIVIDED,,STRAIGHT AND LEVEL,DRY,NO DEFECTS,ON SCENE,INJURY AND / OR TOW DUE TO CRASH,,,Y,$500 OR LESS,08/13/2018 09:30:00 AM,UNABLE TO DETERMINE,UNABLE TO DETERMINE,2758,N,CICERO AVE,2521.0,,,,,,,2,NONINCAPACITATING INJURY,1.0,0.0,0.0,1.0,0.0,1.0,0.0,7,2,8,41.9314847047,-87.7467398263,POINT (-87.746739826261 41.931484704659)
7754fed140ea5f45c89023751b2381979039aa49872b02e57972f90b09e43336336988642525a4cb5f2d5f81b5081c63738ff78a89fc26c82883969c33d0554f,JC397884,,08/18/2019 01:00:00 PM,30,TRAFFIC SIGNAL,FUNCTIONING IMPROPERLY,CLEAR,DAYLIGHT,ANGLE,FOUR WAY,,STRAIGHT AND LEVEL,DRY,NO DEFECTS,NOT ON SCENE (DESK REPORT),NO INJURY / DRIVE AWAY,Y,,,"$501 - $1,500",08/18/2019 06:30:00 PM,DISREGARDING TRAFFIC SIGNALS,NOT APPLICABLE,4655,N,ELSTON AVE,1722.0,,,,,,,2,NO INDICATION OF INJURY,0.0,0.0,0.0,0.0,0.0,4.0,0.0,13,1,8,41.9657555236,-87.7364988383,POINT (-87.73649883831 41.965755523635)
47db1f239a41314f66a0d0217d69a63d3721a9f256326cbb687a006509954d5e7648dd87390ac359d46b5496bc663308052b3c70853cc45cd07dae5a08ae2a18,JG223749,,04/14/2023 08:40:00 PM,30,TRAFFIC SIGNAL,FUNCTIONING PROPERLY,CLEAR,"DARKNESS, LIGHTED ROAD",REAR END,NOT DIVIDED,,STRAIGHT AND LEVEL,DRY,NO DEFECTS,ON SCENE,INJURY AND / OR TOW DUE TO CRASH,,,,"OVER $1,500",04/14/2023 08:45:00 PM,FAILING TO REDUCE SPEED TO AVOID CRASH,FOLLOWING TOO CLOSELY,6212,N,BROADWAY,2433.0,,,,,,,2,"REPORTED, NOT EVIDENT",2.0,0.0,0.0,0.0,2.0,2.0,0.0,20,6,4,41.9949691332,-87.6605652371,POINT (-87.660565237139 41.994969133224)
1e51272e1be411e199748267a0ede482ff5b2807c191641fa712952bdb6519eeb375373dea38cae880fe2b8a506336200290128b0cef531db2c598c89b8c00c2,JB388518,,08/11/2018 05:30:00 AM,30,NO CONTROLS,NO CONTROLS,CLEAR,DAWN,PARKED MOTOR VEHICLE,ONE-WAY,,STRAIGHT AND LEVEL,DRY,UNKNOWN,ON SCENE,INJURY AND / OR TOW DUE TO CRASH,,,,"$501 - $1,500",08/11/2018 05:44:00 AM,DISTRACTION - FROM INSIDE VEHICLE,NOT APPLICABLE,7509,S,GREEN ST,621.0,,Y,,,,,2,NO INDICATION OF INJURY,0.0,0.0,0.0,0.0,0.0,2.0,0.0,5,7,8,41.7574304929,-87.6452812847,POINT (-87.645281284668 41.757430492896)
d95cd1df6c2b61d6a24eb98306a549684b51c66335cb750301b21e499b7daa35170784a7390b1e551391dcd486683d1349debccc9d923086c03a304557da614f,JF195074,,04/02/2022 06:18:00 PM,25,NO CONTROLS,NO CONTROLS,CLEAR,DAYLIGHT,REAR END,NOT DIVIDED,,STRAIGHT AND LEVEL,WET,NO DEFECTS,,INJURY AND / OR TOW DUE TO CRASH,,,,"OVER $1,500",04/02/2022 06:21:00 PM,UNABLE TO DETERMINE,UNABLE TO DETERMINE,4545,W,NORTH AVE,2533.0,,,,,,,2,NONINCAPACITATING INJURY,2.0,0.0,0.0,1.0,1.0,3.0,0.0,18,7,4,41.9095859637,-87.7405259672,POINT (-87.74052596724 41.909585963669)
cd63b726d800bea673a64c0a4282cdd24664fd200eca133c36efff503c8e992ed5420233521f4bcd16ecd501922fbcb2716b5cca99c8cf7f190e496a75a85ff1,JG306772,Y,06/19/2023 06:20:00 AM,15,NO CONTROLS,NO CONTROLS,CLEAR,DAYLIGHT,FIXED OBJECT,ALLEY,,STRAIGHT AND LEVEL,DRY,UNKNOWN,ON SCENE,NO INJURY / DRIVE AWAY,,,Y,"OVER $1,500",06/19/2023 07:14:00 AM,UNABLE TO DETERMINE,UNABLE TO DETERMINE,6331,S,ROCKWELL ST,825.0,,,,,,,2,NO INDICATION OF INJURY,0.0,0.0,0.0,0.0,0.0,1.0,0.0,6,2,6,41.7782338365,-87.6883575468,POINT (-87.688357546795 41.778233836465)
5618b611f1f94b4dc2705be770631420f07a6f9019c2af79f3b99160938f9c5f375b982f833fba027983eb7d9f2eef8fc059c4bca2f68a6d88e8114ef1c6a987,JF261846,,05/30/2022 07:30:00 PM,25,NO CONTROLS,NO CONTROLS,CLEAR,DAYLIGHT,TURNING,PARKING LOT,,STRAIGHT AND LEVEL,DRY,NO DEFECTS,NOT ON SCENE (DESK REPORT),NO INJURY / DRIVE AWAY,,Y,Y,"$501 - $1,500",05/31/2022 05:45:00 AM,FAILING TO YIELD RIGHT-OF-WAY,"OPERATING VEHICLE IN ERRATIC, RECKLESS, CARELESS, NEGLIGENT OR AGGRESSIVE MANNER",4833,W,DIVERSEY AVE,2521.0,,,,,,,2,NO INDICATION OF INJURY,0.0,0.0,0.0,0.0,0.0,2.0,0.0,19,2,5,41.931406291,-87.7479369735,POINT (-87.747936973516 41.931406291047)
606fa95165b07362d8a0ea02912455d577b215ce751182a46dc4a6637226a465885cb569fb640fb23cb1204a12eb44a6b3005953c2b45dbf4ccf5765bc7d3423,JB159445,,02/20/2018 05:00:00 PM,20,STOP SIGN/FLASHER,FUNCTIONING PROPERLY,RAIN,DAYLIGHT,TURNING,DIVIDED - W/MEDIAN (NOT RAISED),3.0,STRAIGHT AND LEVEL,WET,NO DEFECTS,NOT ON SCENE (DESK REPORT),NO INJURY / DRIVE AWAY,Y,,,"OVER $1,500",02/20/2018 09:00:00 PM,IMPROPER TURNING/NO SIGNAL,UNABLE TO DETERMINE,5559,S,KILPATRICK AVE,813.0,,,,,,,2,NO INDICATION OF INJURY,0.0,0.0,0.0,0.0,0.0,2.0,0.0,17,3,2,41.7913371155,-87.7398933427,POINT (-87.739893342685 41.791337115519)
8f4b3cc6f3a1c4f96423a8aad0f674e67827ca5c2a5fdab2eb5a33c4fb34a24da1fff320e187dce5d24dae9bc3678837aa640b194f77ca59f8f2458f24825dbd,JC376645,,08/03/2019 12:20:00 PM,20,NO CONTROLS,NO CONTROLS,CLEAR,DAYLIGHT,ANGLE,ONE-WAY,,STRAIGHT AND LEVEL,DRY,NO DEFECTS,ON SCENE,NO INJURY / DRIVE AWAY,Y,,,"$501 - $1,500",08/03/2019 12:30:00 PM,DRIVING ON WRONG SIDE/WRONG WAY,NOT APPLICABLE,6825,N,GREENVIEW AVE,2431.0,,,,,,,2,NO INDICATION OF INJURY,0.0,0.0,0.0,0.0,0.0,2.0,0.0,12,7,8,42.0061861815,-87.6676596181,POINT (-87.667659618118 42.006186181458)
8ce28b89cf212d266af5c6d206c5189bba2711a5b956a624e16dcbbc3b4ed6a0b675fb692042e94f993e968877c3a43b8caabaa72ee45fb208c530b0247929bf,JC447257,,09/24/2019 10:07:00 PM,30,STOP SIGN/FLASHER,FUNCTIONING PROPERLY,CLEAR,"DARKNESS, LIGHTED ROAD",PEDALCYCLIST,FOUR WAY,,STRAIGHT AND LEVEL,DRY,NO DEFECTS,ON SCENE,NO INJURY / DRIVE AWAY,Y,,Y,$500 OR LESS,09/24/2019 10:15:00 PM,DISREGARDING STOP SIGN,UNABLE TO DETERMINE,3400,W,BELDEN AVE,1413.0,,,,,,,2,NO INDICATION OF INJURY,0.0,0.0,0.0,0.0,0.0,2.0,0.0,22,3,9,41.9229440947,-87.7121347113,POINT (-87.712134711349 41.922944094686)
72c5cf1895ee33e26a53479d0335bc69927e5707a7058d5ce687b2aa6467db031561c42e2bac92ba7c78a8dc3586348a13a33664978f459bfb45e0a14709e3b6,JE314518,,07/26/2021 09:40:00 AM,15,NO CONTROLS,NO CONTROLS,CLEAR,DAYLIGHT,SIDESWIPE SAME DIRECTION,ONE-WAY,,STRAIGHT AND LEVEL,DRY,NO DEFECTS,ON SCENE,INJURY AND / OR TOW DUE TO CRASH,,,,"OVER $1,500",07/26/2021 09:50:00 AM,IMPROPER LANE USAGE,FAILING TO YIELD RIGHT-OF-WAY,219,W,ALEXANDER ST,914.0,,,,,,,2,NO INDICATION OF INJURY,0.0,0.0,0.0,0.0,0.0,3.0,0.0,9,2,7,41.8513311514,-87.6327833158,POINT (-87.63278331579 41.851331151427)
05b90de471c9e3293de910e6f70c7eb2aa9794cde38b83f6562a1a7c51e7fad18d4bc37e088c9e8e2a325067656d885dfe94ce0d44b389729089f3e35196cc54,JC131555,,01/27/2019 02:25:00 PM,30,TRAFFIC SIGNAL,FUNCTIONING PROPERLY,CLEAR,DAYLIGHT,REAR END,DIVIDED - W/MEDIAN (NOT RAISED),5.0,STRAIGHT AND LEVEL,DRY,NO DEFECTS,NOT ON SCENE (DESK REPORT),NO INJURY / DRIVE AWAY,,,,"OVER $1,500",01/27/2019 03:20:00 PM,FOLLOWING TOO CLOSELY,NOT APPLICABLE,140,E,LAKE SHORE DR,1824.0,,,,,,,2,NO INDICATION OF INJURY,0.0,0.0,0.0,0.0,0.0,2.0,0.0,14,1,1,41.9009344594,-87.6240082599,POINT (-87.624008259948 41.900934459395)
c338c73e40c1ba081ebe0e0764abf1f5896ef6b37c281af33bc68a1f0cd84cddc2c31e35caeceb4abdcb742fe123864aa9ef0aa135784a46eccc9ced4acffa00,JG188198,,03/16/2023 06:07:00 PM,30,NO CONTROLS,NO CONTROLS,RAIN,DAYLIGHT,PARKED MOTOR VEHICLE,NOT DIVIDED,,STRAIGHT AND LEVEL,WET,NO DEFECTS,ON SCENE,NO INJURY / DRIVE AWAY,,,,"OVER $1,500",03/16/2023 06:14:00 PM,UNABLE TO DETERMINE,UNABLE TO DETERMINE,1101,S,CANAL ST,124.0,,Y,,,,,2,NO INDICATION OF INJURY,0.0,0.0,0.0,0.0,0.0,2.0,0.0,18,5,3,41.8688897111,-87.6390989281,POINT (-87.639098928088 41.868889711112)
946a821ff98161ae5014447e8efc046a6a1cbd36ece3c8b62306908288b69773a489946047312f1c854547b4e16ecc87d12b20dba74bbfba067dd6b4d037d7fb,JG123874,,01/21/2023 02:49:00 AM,30,NO CONTROLS,NO CONTROLS,CLEAR,"DARKNESS, LIGHTED ROAD",HEAD ON,NOT DIVIDED,,STRAIGHT AND LEVEL,DRY,UNKNOWN,ON SCENE,INJURY AND / OR TOW DUE TO CRASH,,,,"OVER $1,500",01/21/2023 02:49:00 AM,IMPROPER OVERTAKING/PASSING,NOT APPLICABLE,3135,E,126TH ST,433.0,,,,,,,2,NO INDICATION OF INJURY,0.0,0.0,0.0,0.0,0.0,2.0,0.0,2,7,1,41.666590758,-87.5468137685,POINT (-87.546813768468 41.666590757988)
4b2d412f7894ebe62daac433381c2c515101f756b9f010abcf99303e98ab702a78dd734dda745133a83f4cccad0d494c5da1540187c9bbe9140b0a99db5385c2,JE452680,,11/21/2021 02:44:00 PM,25,STOP SIGN/FLASHER,FUNCTIONING PROPERLY,CLEAR,DAYLIGHT,ANGLE,NOT DIVIDED,,STRAIGHT AND LEVEL,DRY,NO DEFECTS,ON SCENE,INJURY AND / OR TOW DUE TO CRASH,Y,,,"OVER $1,500",11/21/2021 03:18:00 PM,FAILING TO YIELD RIGHT-OF-WAY,NOT APPLICABLE,1701,N,HARLEM AVE,2513.0,,,,,,,2,NO INDICATION OF INJURY,0.0,0.0,0.0,0.0,0.0,2.0,0.0,14,1,11,41.9108003188,-87.8056827151,POINT (-87.805682715111 41.91080031883)
aee57de225c5a4e069c0fb0ecb0517c0d22b5ec30c343ad9c982cc17f8b209c92bf5fd8b2dc22dd6b580264c86f50984603c3d912f9c8ae5f9c7ca7401fc5af1,JE337141,Y,08/14/2021 12:35:00 PM,30,STOP SIGN/FLASHER,FUNCTIONING PROPERLY,CLEAR,DAYLIGHT,PEDESTRIAN,ONE-WAY,,STRAIGHT AND LEVEL,DRY,NO DEFECTS,,INJURY AND / OR TOW DUE TO CRASH,Y,,Y,"OVER $1,500",08/14/2021 12:35:00 PM,"OPERATING VEHICLE IN ERRATIC, RECKLESS, CARELESS, NEGLIGENT OR AGGRESSIVE MANNER",FAILING TO YIELD RIGHT-OF-WAY,3558,N,FREMONT ST,1924.0,Y,Y,,,,,3,FATAL,3.0,1.0,1.0,1.0,0.0,1.0,0.0,12,7,8,41.9471867872,-87.6520440358,POINT (-87.652044035846 41.947186787199)
a522cb25b2931a3d8cbdd29b6f45dcac6da09238450d8d5bacbfba2802253a5a7a44b623740429e4dc458e8cfea56818d17cd90ac9265493d46e0633e1b1216d,JD244290,,05/26/2020 11:00:00 AM,10,NO CONTROLS,NO CONTROLS,CLEAR,DAYLIGHT,PARKED MOTOR VEHICLE,PARKING LOT,,STRAIGHT AND LEVEL,DRY,NO DEFECTS,,NO INJURY / DRIVE AWAY,,,Y,"OVER $1,500",05/27/2020 11:15:00 AM,UNABLE TO DETERMINE,NOT APPLICABLE,2654,W,NORTH AVE,1421.0,,,,,,,2,NO INDICATION OF INJURY,0.0,0.0,0.0,0.0,0.0,1.0,0.0,11,3,5,41.9103544922,-87.6943256397,POINT (-87.694325639687 41.910354492239)
6eacc24512f7e45ae5e4807e604b61a29c6e4b6b65a1cd9a4f52ed8b39128f260832646ff027d312003dfbb1a35b45244b3d858e438d0c99d2916af4f801a344,JE423267,,10/26/2021 01:20:00 PM,30,TRAFFIC SIGNAL,FUNCTIONING PROPERLY,CLEAR,DAYLIGHT,SIDESWIPE SAME DIRECTION,NOT DIVIDED,,STRAIGHT AND LEVEL,DRY,NO DEFECTS,ON SCENE,INJURY AND / OR TOW DUE TO CRASH,,,,"OVER $1,500",10/26/2021 01:21:00 PM,UNABLE TO DETERMINE,UNABLE TO DETERMINE,502,N,STATE ST,1831.0,,,,,,,2,NO INDICATION OF INJURY,0.0,0.0,0.0,0.0,0.0,2.0,0.0,13,3,10,41.8909762699,-87.6281884078,POINT (-87.628188407832 41.890976269905)