CRASH_RECORD_ID,RD_NO,CRASH_DATE_EST_I,CRASH_DATE,POSTED_SPEED_LIMIT,TRAFFIC_CONTROL_DEVICE,DEVICE_CONDITION,WEATHER_CONDITION,LIGHTING_CONDITION,FIRST_CRASH_TYPE,TRAFFICWAY_TYPE,LANE_CNT,ALIGNMENT,ROADWAY_SURFACE_COND,ROAD_DEFECT,REPORT_TYPE,CRASH_TYPE,INTERSECTION_RELATED_I,NOT_RIGHT_OF_WAY_I,HIT_AND_RUN_I,DAMAGE,DATE_POLICE_NOTIFIED,PRIM_CONTRIBUTORY_CAUSE,SEC_CONTRIBUTORY_CAUSE,STREET_NO,STREET_DIRECTION,STREET_NAME,BEAT_OF_OCCURRENCE,PHOTOS_TAKEN_I,STATEMENTS_TAKEN_I,DOORING_I,WORK_ZONE_I,WORK_ZONE_TYPE,WORKERS_PRESENT_I,NUM_UNITS,MOST_SEVERE_INJURY,INJURIES_TOTAL,INJURIES_FATAL,INJURIES_INCAPACITATING,INJURIES_NON_INCAPACITATING,INJURIES_REPORTED_NOT_EVIDENT,INJURIES_NO_INDICATION,INJURIES_UNKNOWN,CRASH_HOUR,CRASH_DAY_OF_WEEK,CRASH_MONTH,LATITUDE,LONGITUDE,LOCATION
7282ab95685f2492895fbbaa2192d1ec4633d4580f061a49d38efa598899af6b6938dc745acbf34169157eb18cf2e72c501b75fd21ba7f17a4fc64d533748b4a,JE329835,Y,08/06/2021 08:20:00 PM,25,NO CONTROLS,NO CONTROLS,UNKNOWN,"DARKNESS, LIGHTED ROAD",PARKED MOTOR VEHICLE,ONE-WAY,,STRAIGHT AND LEVEL,UNKNOWN,NO DEFECTS,ON SCENE,NO INJURY / DRIVE AWAY,,,Y,"OVER $1,500",08/07/2021 08:36:00 PM,UNABLE TO DETERMINE,UNABLE TO DETERMINE,5610,S,KOLMAR AVE,813.0,Y,,,,,,2,NO INDICATION OF INJURY,0.0,0.0,0.0,0.0,0.0,1.0,0.0,20,6,8,41.7908900358,-87.7367206461,POINT (-87.736720646088 41.7908900358)
edd30f2a6ffcc0ca0306135d0e2d6857c2f3b95f548246607b577e6417ae5a657a11d6862e540aa771e491b0aee8189d61930ae44f518d4e922a20f9b7016055,JF460537,,11/03/2022 11:30:00 AM,5,NO CONTROLS,NO CONTROLS,CLEAR,DAYLIGHT,PARKED MOTOR VEHICLE,PARKING LOT,,STRAIGHT AND LEVEL,DRY,NO DEFECTS,ON SCENE,NO INJURY / DRIVE AWAY,,,Y,"OVER $1,500",11/03/2022 11:41:00 AM,UNABLE TO DETERMINE,UNABLE TO DETERMINE,1546,N,CENTRAL AVE,2531.0,,,,,,,2,NO INDICATION OF INJURY,0.0,0.0,0.0,0.0,0.0,1.0,0.0,11,5,11,41.9089789212,-87.766009355,POINT (-87.766009354989 41.908978921192)
14c9098873ce41adb614b424200941ba8f9e9d3c93be9e06c3580f098c64083e372005a207545252af933ed4c17fee63761009b8bb9bfd480b8b7042f243878c,JG136162,N,01/31/2023 03:08:00 PM,30,STOP SIGN/FLASHER,FUNCTIONING PROPERLY,CLEAR,DAYLIGHT,ANGLE,PARKING LOT,,STRAIGHT AND LEVEL,SNOW OR SLUSH,NO DEFECTS,ON SCENE,INJURY AND / OR TOW DUE TO CRASH,,,N,"OVER $1,500",01/31/2023 04:15:00 PM,FAILING TO YIELD RIGHT-OF-WAY,UNABLE TO DETERMINE,7535,S,ASHLAND AVE,612.0,,,,,,,3,NO INDICATION OF INJURY,0.0,0.0,0.0,0.0,0.0,3.0,0.0,15,3,1,41.7565454141,-87.6634438529,POINT (-87.663443852852 41.756545414126)
4c5ac08d10a796a1a0bd9c07c416a0245495e81298a70d2e5393cf040869229250fc1eee00c5c5c1921680ea63a83fc66b0229d1ec56bad981780dda9cc7572c,JC429589,,09/11/2019 09:00:00 PM,15,NO CONTROLS,NO CONTROLS,CLEAR,DAYLIGHT,PARKED MOTOR VEHICLE,OTHER,,STRAIGHT AND LEVEL,DRY,NO DEFECTS,NOT ON SCENE (DESK REPORT),NO INJURY / DRIVE AWAY,,,Y,$500 OR LESS,09/11/2019 10:15:00 PM,UNABLE TO DETERMINE,UNABLE TO DETERMINE,3323,N,OCONTO AVE,1631.0,,,,,,,2,NO INDICATION OF INJURY,0.0,0.0,0.0,0.0,0.0,1.0,0.0,21,4,9,41.9404703003,-87.8078960344,POINT (-87.807896034444 41.940470300303)
e4670bb068b92cb152a1aa797c1bb75408b5133af3db9d89816166fcb79fec640d8ed3beaf574a8a3d64d141a4487e96f996fdb240dc77b96ec5a25478fd078b,JF436239,,10/16/2022 01:58:00 AM,30,NO CONTROLS,NO CONTROLS,CLEAR,"DARKNESS, LIGHTED ROAD",FIXED OBJECT,DIVIDED - W/MEDIAN BARRIER,,STRAIGHT AND LEVEL,DRY,NO DEFECTS,ON SCENE,INJURY AND / OR TOW DUE TO CRASH,,,,"OVER $1,500",10/16/2022 01:58:00 AM,UNABLE TO DETERMINE,UNABLE TO DETERMINE,535,E,MORGAN DR,233.0,,,,,,,1,NO INDICATION OF INJURY,0.0,0.0,0.0,0.0,0.0,1.0,0.0,1,1,10,41.79329302,-87.6120148015,POINT (-87.612014801526 41.793293019999)
eace764cee7a8147965fad1fdc09109bc655d6c95a444b43e740fdb9c2f69f76b00c68c8f3fa63928e4f93e35d24ffea845402e79680de5835b20f9d636c1eff,JF408838,Y,09/23/2022 02:50:00 PM,25,NO CONTROLS,NO CONTROLS,UNKNOWN,UNKNOWN,PARKED MOTOR VEHICLE,ONE-WAY,,STRAIGHT AND LEVEL,UNKNOWN,NO DEFECTS,NOT ON SCENE (DESK REPORT),NO INJURY / DRIVE AWAY,,,,"OVER $1,500",09/24/2022 12:30:00 PM,UNABLE TO DETERMINE,NOT APPLICABLE,901,E,80TH ST,631.0,,,,,,,2,NO INDICATION OF INJURY,0.0,0.0,0.0,0.0,0.0,1.0,0.0,14,6,9,41.7493763027,-87.6026450262,POINT (-87.602645026244 41.749376302657)
9b9482f8c7130e49e54999ef655d16784d306aaaab98081688c9008c1a2fd54d7c609a7f05f2a215e2f9b7484a077f390a4c21113a8cab6f0ae48f37609704ce,JE270299,Y,06/17/2021 11:30:00 AM,30,NO CONTROLS,NO CONTROLS,CLEAR,DAYLIGHT,PARKED MOTOR VEHICLE,NOT DIVIDED,,STRAIGHT AND LEVEL,DRY,NO DEFECTS,NOT ON SCENE (DESK REPORT),NO INJURY / DRIVE AWAY,,,,"$501 - $1,500",06/18/2021 10:00:00 AM,UNABLE TO DETERMINE,UNABLE TO DETERMINE,10208,S,WENTWORTH AVE,511.0,,,,,,,4,NO INDICATION OF INJURY,0.0,0.0,0.0,0.0,0.0,1.0,0.0,11,5,6,41.708611082,-87.6285013991,POINT (-87.628501399125 41.708611082046)
9783225d37b48a301c7a9058ac68d09336273ceaf5f25e9b698b2537c8ce1c3f15036670b479507d86e04807cbd2c92501db171ec973e49181b1979e138a7bef,JE345609,,08/22/2021 01:20:00 AM,30,TRAFFIC SIGNAL,FUNCTIONING PROPERLY,CLEAR,"DARKNESS, LIGHTED ROAD",PARKED MOTOR VEHICLE,FOUR WAY,,STRAIGHT AND LEVEL,DRY,NO DEFECTS,ON SCENE,INJURY AND / OR TOW DUE TO CRASH,Y,,,"OVER $1,500",08/22/2021 01:23:00 AM,IMPROPER LANE USAGE,DRIVING SKILLS/KNOWLEDGE/EXPERIENCE,4798,S,ARCHER AVE,821.0,,,,,,,2,NO INDICATION OF INJURY,0.0,0.0,0.0,0.0,0.0,1.0,0.0,1,1,8,41.8063482297,-87.7171059096,POINT (-87.717105909608 41.806348229734)
02298e1e9f7da6dc1d864f24be843b1988674b9e0b6f0561ef4d35fc8b08019e81dbdeb732cf8653ff3ed6034089e369a5c6827e67fd6d42f49abfbdbe5e691d,JG429099,,09/16/2023 11:00:00 AM,15,OTHER REG. SIGN,FUNCTIONING PROPERLY,CLEAR,DAYLIGHT,PARKED MOTOR VEHICLE,ONE-WAY,,STRAIGHT AND LEVEL,DRY,NO DEFECTS,NOT ON SCENE (DESK REPORT),NO INJURY / DRIVE AWAY,,,,"OVER $1,500",09/18/2023 11:30:00 AM,UNABLE TO DETERMINE,UNABLE TO DETERMINE,4330,W,25TH ST,1013.0,,,,,,,2,NO INDICATION OF INJURY,0.0,0.0,0.0,0.0,0.0,5.0,0.0,11,7,9,41.8460782069,-87.7324643831,POINT (-87.73246438311 41.846078206878)
5f6258aa7665a7a3090e5b80bd9159d3f425e1864e76e9dabc7335243dbcfb1e2c34a8f16fecce01bbae4df832bf5c97e1df29d2a725989ad8c11b5bea890ba3,JD298162,,07/15/2020 11:39:00 AM,35,NO CONTROLS,FUNCTIONING PROPERLY,CLEAR,DAYLIGHT,FIXED OBJECT,NOT DIVIDED,,STRAIGHT AND LEVEL,DRY,NO DEFECTS,ON SCENE,INJURY AND / OR TOW DUE TO CRASH,,,,"OVER $1,500",07/15/2020 11:49:00 AM,NOT APPLICABLE,NOT APPLICABLE,3300,E,100TH ST,431.0,,,,,,,2,NO INDICATION OF INJURY,0.0,0.0,0.0,0.0,0.0,2.0,0.0,11,4,7,41.7139240814,-87.5432164061,POINT (-87.543216406098 41.713924081379)
76224ac78b7450ee934de39bec83534c66296b6efec9d31a34c6a92744abc47ee84f38094f7d8a9ee55f56550c4910abcbebdabfaa7ed1f528ed66c0fcedd3b7,HZ334106,,07/03/2016 04:55:00 PM,30,NO CONTROLS,NO CONTROLS,CLEAR,DAYLIGHT,SIDESWIPE SAME DIRECTION,NOT DIVIDED,,STRAIGHT AND LEVEL,DRY,UNKNOWN,NOT ON SCENE (DESK REPORT),NO INJURY / DRIVE AWAY,,,,"OVER $1,500",07/03/2016 05:30:00 PM,DRIVING SKILLS/KNOWLEDGE/EXPERIENCE,NOT APPLICABLE,3500,S,WESTERN AVE,911.0,,,,,,,2,NO INDICATION OF INJURY,0.0,0.0,0.0,0.0,0.0,2.0,0.0,16,1,7,41.8301872553,-87.6851779251,POINT (-87.685177925102 41.830187255269)
a9459278cbe697c767c6aebd12bd666cf6d075dc32a20da48ba594faf770ab0a9f5fa6bf6cdfdab87eb45a13a2a423127c6650632cb9e1c3c229bfe2e35ff493,JE110443,,01/12/2021 09:00:00 AM,20,STOP SIGN/FLASHER,OTHER,CLEAR,DAYLIGHT,SIDESWIPE SAME DIRECTION,NOT DIVIDED,,STRAIGHT AND LEVEL,DRY,UNKNOWN,NOT ON SCENE (DESK REPORT),NO INJURY / DRIVE AWAY,,,,"OVER $1,500",01/12/2021 10:10:00 AM,UNABLE TO DETERMINE,UNABLE TO DETERMINE,1658,W,BYRON ST,1922.0,,,,,,,2,NO INDICATION OF INJURY,0.0,0.0,0.0,0.0,0.0,2.0,0.0,9,3,1,41.9525441467,-87.6713773583,POINT (-87.671377358347 41.952544146685)
73c8abe2e60b4b01b0ee8b947c500f62bfa24ad0592a972bccf2a8c1d04166948d74f01fbc5b11980913fc8b5c0e76ed4617ea7406d589700448d063957fb1a6,JB372688,,07/31/2018 10:19:00 AM,30,NO CONTROLS,NO CONTROLS,CLEAR,DAYLIGHT,FIXED OBJECT,DIVIDED - W/MEDIAN (NOT RAISED),2.0,STRAIGHT AND LEVEL,DRY,NO DEFECTS,ON SCENE,NO INJURY / DRIVE AWAY,,,,"OVER $1,500",07/31/2018 10:20:00 AM,UNABLE TO DETERMINE,NOT APPLICABLE,8140,S,ELLIOTT AVE,414.0,,,,,,,1,NO INDICATION OF INJURY,0.0,0.0,0.0,0.0,0.0,1.0,0.0,10,3,7,41.7469486848,-87.5809824248,POINT (-87.580982424796 41.746948684773)
8845783587775869359b473df5c444a1d8e6c990a9ceb71b29c16530aef7610292b580a3c7a23376e34658785e41ac3f2a29d76e6c7c519072fee0ff65402f73,JB134902,,01/26/2018 06:20:00 PM,30,NO CONTROLS,NO CONTROLS,UNKNOWN,"DARKNESS, LIGHTED ROAD",REAR END,NOT DIVIDED,2.0,STRAIGHT AND LEVEL,UNKNOWN,NO DEFECTS,NOT ON SCENE (DESK REPORT),NO INJURY / DRIVE AWAY,,,,$500 OR LESS,01/30/2018 10:45:00 AM,DISTRACTION - FROM INSIDE VEHICLE,NOT APPLICABLE,4350,N,KEDZIE AVE,1724.0,,,,,,,2,NO INDICATION OF INJURY,0.0,0.0,0.0,0.0,0.0,2.0,0.0,18,6,1,41.9608667006,-87.7083839353,POINT (-87.708383935282 41.960866700574)
e9d1d2c0978f26593bc1bf8c562bb2aff0bbda5ffdff1c9da47152f0bc00db71775cd7488ae45b64e48f32adce5d74c17639b8ce5ea641444ff3910e41913cc2,JC549512,,12/16/2019 08:05:00 PM,20,NO CONTROLS,NO CONTROLS,CLEAR,DARKNESS,PARKED MOTOR VEHICLE,OTHER,,STRAIGHT AND LEVEL,DRY,NO DEFECTS,ON SCENE,INJURY AND / OR TOW DUE TO CRASH,,,,"OVER $1,500",12/16/2019 08:15:00 PM,DRIVING ON WRONG SIDE/WRONG WAY,DRIVING SKILLS/KNOWLEDGE/EXPERIENCE,6150,S,NASHVILLE AVE,812.0,,Y,,,,,2,NONINCAPACITATING INJURY,1.0,0.0,0.0,1.0,0.0,0.0,0.0,20,2,12,41.7797527018,-87.7863764619,POINT (-87.786376461897 41.779752701779)
731042d474d1ddbd8e9c0682254afad6ebda402ab22554da9a8e339d425eb976836ac9ee23034a16e10d267566e16e8086443e3cc5be8cee29987565acdee82a,JE387192,,09/25/2021 06:16:00 PM,30,NO CONTROLS,NO CONTROLS,CLEAR,DAYLIGHT,REAR TO FRONT,NOT DIVIDED,,STRAIGHT AND LEVEL,WET,NO DEFECTS,ON SCENE,NO INJURY / DRIVE AWAY,,,,"$501 - $1,500",09/25/2021 06:16:00 PM,DRIVING SKILLS/KNOWLEDGE/EXPERIENCE,FOLLOWING TOO CLOSELY,2560,W,CERMAK RD,1023.0,,,,,,,2,NO INDICATION OF INJURY,0.0,0.0,0.0,0.0,0.0,3.0,0.0,18,7,9,41.8520817279,-87.6904130529,POINT (-87.690413052881 41.852081727919)
0ab6d5092acf159201b6b61f541b4cb966e833f746497e33332a9ef20c8b7147ada67b3f7415543efe8b21c1bafd09e73ec3f594d652351496c62157eefb7dd6,JC290292,,06/03/2019 01:10:00 PM,35,NO CONTROLS,NO CONTROLS,CLEAR,DAYLIGHT,PARKED MOTOR VEHICLE,PARKING LOT,,STRAIGHT AND LEVEL,DRY,NO DEFECTS,NOT ON SCENE (DESK REPORT),NO INJURY / DRIVE AWAY,,,,"$501 - $1,500",06/03/2019 01:25:00 PM,UNABLE TO DETERMINE,UNABLE TO DETERMINE,1301,S,WESTERN AVE,1233.0,,,,,,,2,NO INDICATION OF INJURY,0.0,0.0,0.0,0.0,0.0,1.0,0.0,13,2,6,41.8647450693,-87.6858404547,POINT (-87.685840454681 41.864745069282)
9b72a9b602c53d4dbba30dac5ef7e91129f989ff4c696838c1d9803c533cf0b54797660996ace835fe8cde1203a3507de02d45b497434d0202b33013079998f4,JD378511,,09/25/2020 07:35:00 AM,20,NO CONTROLS,NO CONTROLS,CLEAR,DAYLIGHT,PARKED MOTOR VEHICLE,ONE-WAY,,STRAIGHT AND LEVEL,DRY,NO DEFECTS,ON SCENE,NO INJURY / DRIVE AWAY,,,,$500 OR LESS,09/25/2020 07:40:00 AM,IMPROPER BACKING,NOT APPLICABLE,1430,S,TALMAN AVE,1023.0,,,,,,,2,NO INDICATION OF INJURY,0.0,0.0,0.0,0.0,0.0,1.0,0.0,7,6,9,41.861932151,-87.6921398016,POINT (-87.692139801633 41.861932150975)
e0256dd1b6fbbab7dd884717e60d7189d81bf4abe67973d14b4beb4ceee0775c9df3b8e7fb9f42363ef360b53763c1809518c5ddd6dde874051935ef4136679f,HZ504792,,11/06/2016 09:45:00 AM,30,NO CONTROLS,NO CONTROLS,CLEAR,DAYLIGHT,TURNING,NOT DIVIDED,2.0,STRAIGHT AND LEVEL,DRY,NO DEFECTS,NOT ON SCENE (DESK REPORT),NO INJURY / DRIVE AWAY,,,,"$501 - $1,500",11/06/2016 11:00:00 AM,"OPERATING VEHICLE IN ERRATIC, RECKLESS, CARELESS, NEGLIGENT OR AGGRESSIVE MANNER",UNABLE TO DETERMINE,9756,S,HALSTED ST,2223.0,,,,,,,2,NO INDICATION OF INJURY,0.0,0.0,0.0,0.0,0.0,5.0,0.0,9,1,11,41.7160914415,-87.6432165171,POINT (-87.643216517133 41.716091441476)
6bbe8c2fbbbd26b42ada0d5dd09f7ee9b91d8c79033ef7c4a47134db708d2cb77c121edd7f260ed6ff513e1221cc5e2a244a540123af1eaf875a406724878474,JA372280,,08/01/2017 08:30:00 AM,0,TRAFFIC SIGNAL,FUNCTIONING PROPERLY,CLEAR,DAYLIGHT,REAR END,DIVIDED - W/MEDIAN BARRIER,6.0,STRAIGHT AND LEVEL,DRY,NO DEFECTS,NOT ON SCENE (DESK REPORT),NO INJURY / DRIVE AWAY,,,,"OVER $1,500",08/01/2017 08:45:00 AM,UNABLE TO DETERMINE,NOT APPLICABLE,8701,S,STONY ISLAND AVE,412.0,,,,,,,2,NO INDICATION OF INJURY,0.0,0.0,0.0,0.0,0.0,3.0,0.0,8,3,8,41.736827829,-87.5850605801,POINT (-87.585060580126 41.73682782899)
66b5883f433fa571cbebb24b0a33c64b705a2652060feb9f453522816132a617929d215d2e409dc115c8c8efde016a6602d69ad46c0dab11447502814e1847f1,JE431718,,11/02/2021 03:20:00 PM,30,NO CONTROLS,NO CONTROLS,CLEAR,DAYLIGHT,ANGLE,NOT DIVIDED,,STRAIGHT AND LEVEL,DRY,NO DEFECTS,NOT ON SCENE (DESK REPORT),NO INJURY / DRIVE AWAY,,,Y,"OVER $1,500",11/02/2021 05:26:00 PM,FOLLOWING TOO CLOSELY,FOLLOWING TOO CLOSELY,4432,W,59TH ST,813.0,,,,,,,2,NO INDICATION OF INJURY,0.0,0.0,0.0,0.0,0.0,2.0,0.0,15,3,11,41.7859309454,-87.7340299562,POINT (-87.734029956226 41.785930945403)
b4ec182537558349fddb4025395aa9fbb7112be4c1d1363489cddcf105af72fd4ecdf38c9d748addfa557e4b50626344174497064faf5d678605ed1e27492357,JB392754,,08/14/2018 08:50:00 AM,20,NO CONTROLS,NO CONTROLS,CLEAR,DAYLIGHT,SIDESWIPE SAME DIRECTION,ONE-WAY,,STRAIGHT AND LEVEL,DRY,NO DEFECTS,ON SCENE,NO INJURY / DRIVE AWAY,,,,"OVER $1,500",08/14/2018 08:55:00 AM,IMPROPER OVERTAKING/PASSING,NOT APPLICABLE,1531,W,THORNDALE AVE,2013.0,,,,,,,2,NO INDICATION OF INJURY,0.0,0.0,0.0,0.0,0.0,2.0,0.0,8,3,8,41.9898132328,-87.6692020217,POINT (-87.669202021666 41.98981323284)
a26ff4f137a05ac87bb81e85c197d16a2cf1858cce0a4be2a1f3a59b4be53bd06812f048be88aa6735eca4a59da26f491252ebad65bbd46228fcf62a62aaab99,JD356631,,09/04/2020 07:00:00 PM,30,NO CONTROLS,NO CONTROLS,CLEAR,DUSK,ANGLE,NOT DIVIDED,,STRAIGHT AND LEVEL,DRY,NO DEFECTS,NOT ON SCENE (DESK REPORT),NO INJURY / DRIVE AWAY,,,,"$501 - $1,500",09/04/2020 07:48:00 PM,NOT APPLICABLE,NOT APPLICABLE,6300,S,KILBOURN AVE,813.0,,,,,,,2,NO INDICATION OF INJURY,0.0,0.0,0.0,0.0,0.0,3.0,0.0,19,6,9,41.7784228856,-87.7351106648,POINT (-87.735110664751 41.778422885588)
9301d6ab61cf96ba4de406445a54d1a887e592f9653364c1e7537fd8d061813c6d17b6639cc0408f42132477d771b7e35d1f3c19c5e961c247fd3eddc17fd668,JA152643,,02/13/2017 06:30:00 PM,30,TRAFFIC SIGNAL,FUNCTIONING PROPERLY,CLEAR,"DARKNESS, LIGHTED ROAD",SIDESWIPE SAME DIRECTION,DIVIDED - W/MEDIAN (NOT RAISED),2.0,STRAIGHT AND LEVEL,DRY,NO DEFECTS,NOT ON SCENE (DESK REPORT),NO INJURY / DRIVE AWAY,,,,"OVER $1,500",02/13/2017 06:45:00 PM,UNABLE TO DETERMINE,UNABLE TO DETERMINE,3200,N,KIMBALL AVE,1732.0,,,,,,,2,NO INDICATION OF INJURY,0.0,0.0,0.0,0.0,0.0,5.0,0.0,18,2,2,41.9393196632,-87.7126412851,POINT (-87.712641285082 41.939319663188)
a28803a9d8ab4a29f332eadfe592948f94931b34f220c0c6212eb0b2b4d734e1e421ea2c8131c8d7808882ad3628df19bcd2f55a2255cc974d183205ef08fa4d,JB393091,,08/14/2018 01:10:00 PM,30,STOP SIGN/FLASHER,FUNCTIONING PROPERLY,CLEAR,DAYLIGHT,ANGLE,NOT DIVIDED,,STRAIGHT AND LEVEL,DRY,NO DEFECTS,NOT ON SCENE (DESK REPORT),INJURY AND / OR TOW DUE TO CRASH,Y,,Y,"OVER $1,500",08/14/2018 01:52:00 PM,NOT APPLICABLE,NOT APPLICABLE,900,E,MARQUETTE RD,321.0,,,,,,,2,"REPORTED, NOT EVIDENT",1.0,0.0,0.0,0.0,1.0,2.0,0.0,13,3,8,41.7750966458,-87.6033149925,POINT (-87.603314992491 41.775096645838)
05566c3507369cfa8cf49c53c5a538d6b1837364038d70e155d4e6fd12f3663693698200c37f60b0d50eb1f0cfad6eac132e82250ff50c1671331f7236f26649,JC280908,,05/27/2019 05:16:00 PM,30,NO CONTROLS,NO CONTROLS,RAIN,DAWN,PARKED MOTOR VEHICLE,ONE-WAY,,STRAIGHT AND LEVEL,WET,NO DEFECTS,ON SCENE,NO INJURY / DRIVE AWAY,,,,"OVER $1,500",05/27/2019 05:36:00 PM,IMPROPER TURNING/NO SIGNAL,IMPROPER TURNING/NO SIGNAL,1138,E,52ND ST,233.0,,,,,,,2,NO INDICATION OF INJURY,0.0,0.0,0.0,0.0,0.0,1.0,0.0,17,2,5,41.8010146689,-87.5982905249,POINT (-87.598290524851 41.801014668911)
779e6ef502a355ee5491ef5403465c1e0dd1cb8e8b7c714b1070150faf234f344ad347b78c9cd401b7186793d92eba57856ae6e9951e164daaf94f69f607863b,JB305725,,06/13/2018 08:20:00 PM,30,NO CONTROLS,NO CONTROLS,CLEAR,DAYLIGHT,REAR END,DIVIDED - W/MEDIAN (NOT RAISED),2.0,STRAIGHT AND LEVEL,DRY,NO DEFECTS,ON SCENE,NO INJURY / DRIVE AWAY,,,,"$501 - $1,500",06/13/2018 08:30:00 PM,UNABLE TO DETERMINE,UNABLE TO DETERMINE,3950,W,BRYN MAWR AVE,1711.0,,,,,,,2,NO INDICATION OF INJURY,0.0,0.0,0.0,0.0,0.0,2.0,0.0,20,4,6,41.9829359033,-87.7278677913,POINT (-87.727867791321 41.982935903282)
1cccf1b213498c04e140a4c710c9b698e380a2f2811a16e99cca496a67f3709ae31c2a6552bce223627386787bd3bf39fbcb76daa040c00b613c460f13698da0,JF248736,,05/19/2022 09:15:00 PM,25,UNKNOWN,UNKNOWN,UNKNOWN,UNKNOWN,TURNING,UNKNOWN INTERSECTION TYPE,,STRAIGHT AND LEVEL,UNKNOWN,UNKNOWN,NOT ON SCENE (DESK REPORT),NO INJURY / DRIVE AWAY,,,Y,"OVER $1,500",05/20/2022 12:01:00 AM,NOT APPLICABLE,NOT APPLICABLE,2815,E,95TH ST,431.0,,,,,,,2,NO INDICATION OF INJURY,0.0,0.0,0.0,0.0,0.0,2.0,0.0,21,5,5,41.7225980372,-87.5559116881,POINT (-87.555911688077 41.722598037247)
702081fb1801df221418bb731ab68faf9fda389d2e9968b7d3cce6c93bdcb9e6296f5f1e754bd36e4d45da3360eb8f4c17253d0231f2d48ed182f2aeb252c374,JC387975,Y,08/11/2019 06:00:00 AM,30,UNKNOWN,UNKNOWN,UNKNOWN,UNKNOWN,PARKED MOTOR VEHICLE,NOT DIVIDED,,STRAIGHT AND LEVEL,UNKNOWN,UNKNOWN,,NO INJURY / DRIVE AWAY,,,Y,$500 OR LESS,08/11/2019 12:13:00 PM,UNABLE TO DETERMINE,NOT APPLICABLE,6133,W,BELMONT AVE,2511.0,,,,,,,3,NO INDICATION OF INJURY,0.0,0.0,0.0,0.0,0.0,1.0,0.0,6,1,8,41.9382892237,-87.7799691584,POINT (-87.779969158381 41.938289223728)
f7c1eaccb4ac7c4b9bfa3717b57a88abb8bb732537d36ae3ddd6c707ef533a896b2ed4bbd669c80fb9e141f8f0052dc9bcca40705cadcc0dc40c5079dd2c178b,JG394613,,08/23/2023 03:34:00 PM,30,STOP SIGN/FLASHER,FUNCTIONING PROPERLY,CLEAR,DAYLIGHT,ANGLE,FOUR WAY,,STRAIGHT ON GRADE,DRY,NO DEFECTS,ON SCENE,INJURY AND / OR TOW DUE TO CRASH,Y,,,"OVER $1,500",08/23/2023 03:48:00 PM,FAILING TO YIELD RIGHT-OF-WAY,NOT APPLICABLE,439,W,24TH ST,914.0,,,,,,,2,NONINCAPACITATING INJURY,1.0,0.0,0.0,1.0,0.0,2.0,0.0,15,4,8,41.8489609576,-87.6383522068,POINT (-87.638352206777 41.848960957626)
e7d45a698663e626e4b200840a149324d5f55ead15c87ead807fc1285fa559ff08d1ecf8f3e9d4f267555572a86913d2a44fde423e3e0554b03d1cd2d52ca78e,JC153919,,02/15/2019 06:00:00 PM,30,NO CONTROLS,NO CONTROLS,CLEAR,"DARKNESS, LIGHTED ROAD",REAR END,NOT DIVIDED,,STRAIGHT AND LEVEL,DRY,NO DEFECTS,ON SCENE,INJURY AND / OR TOW DUE TO CRASH,,,,"OVER $1,500",02/15/2019 06:01:00 PM,FOLLOWING TOO CLOSELY,FAILING TO REDUCE SPEED TO AVOID CRASH,4050,W,115TH ST,2211.0,,,,,,,3,NO INDICATION OF INJURY,0.0,0.0,0.0,0.0,0.0,3.0,0.0,18,6,2,41.684044161,-87.7219628752,POINT (-87.721962875224 41.684044160978)
5e19c8696a58c5700627e88e3bbc37f2471c963f05230c875b8434486cb113d4d58201a7968d53169ef7b5ef6c7d72afddab494584d68936ccf2081ce5281f6c,JE209676,,04/25/2021 01:25:00 PM,30,TRAFFIC SIGNAL,FUNCTIONING PROPERLY,CLEAR,DAYLIGHT,REAR END,DIVIDED - W/MEDIAN BARRIER,,STRAIGHT AND LEVEL,DRY,NO DEFECTS,ON SCENE,NO INJURY / DRIVE AWAY,,,Y,"OVER $1,500",04/25/2021 01:30:00 PM,UNABLE TO DETERMINE,UNABLE TO DETERMINE,4800,W,63RD ST,813.0,,,,,,,3,NO INDICATION OF INJURY,0.0,0.0,0.0,0.0,0.0,3.0,0.0,13,1,4,41.7785380711,-87.7423558784,POINT (-87.74235587842 41.778538071066)
2233384f2d1990b6d1cdaf10652b76baca834265d11b01f8f21cf96d908ea48327649d8bec5f99363f21d59e39c7f878e1d9adb5060b3a3a89d31a072b4bd43b,JE471091,,12/09/2021 07:24:00 AM,35,TRAFFIC SIGNAL,FUNCTIONING PROPERLY,CLEAR,DAYLIGHT,ANGLE,T-INTERSECTION,,STRAIGHT AND LEVEL,DRY,NO DEFECTS,ON SCENE,INJURY AND / OR TOW DUE TO CRASH,Y,,,"OVER $1,500",12/09/2021 07:49:00 AM,UNABLE TO DETERMINE,EQUIPMENT - VEHICLE CONDITION,5100,S,WELLS ST,935.0,,Y,,,,,2,NONINCAPACITATING INJURY,1.0,0.0,0.0,1.0,0.0,1.0,0.0,7,5,12,41.8017945403,-87.6321527164,POINT (-87.632152716406 41.801794540257)