CRASH_RECORD_ID,RD_NO,CRASH_DATE_EST_I,CRASH_DATE,POSTED_SPEED_LIMIT,TRAFFIC_CONTROL_DEVICE,DEVICE_CONDITION,WEATHER_CONDITION,LIGHTING_CONDITION,FIRST_CRASH_TYPE,TRAFFICWAY_TYPE,LANE_CNT,ALIGNMENT,ROADWAY_SURFACE_COND,ROAD_DEFECT,REPORT_TYPE,CRASH_TYPE,INTERSECTION_RELATED_I,NOT_RIGHT_OF_WAY_I,HIT_AND_RUN_I,DAMAGE,DATE_POLICE_NOTIFIED,PRIM_CONTRIBUTORY_CAUSE,SEC_CONTRIBUTORY_CAUSE,STREET_NO,STREET_DIRECTION,STREET_NAME,BEAT_OF_OCCURRENCE,PHOTOS_TAKEN_I,STATEMENTS_TAKEN_I,DOORING_I,WORK_ZONE_I,WORK_ZONE_TYPE,WORKERS_PRESENT_I,NUM_UNITS,MOST_SEVERE_INJURY,INJURIES_TOTAL,INJURIES_FATAL,INJURIES_INCAPACITATING,INJURIES_NON_INCAPACITATING,INJURIES_REPORTED_NOT_EVIDENT,INJURIES_NO_INDICATION,INJURIES_UNKNOWN,CRASH_HOUR,CRASH_DAY_OF_WEEK,CRASH_MONTH,LATITUDE,LONGITUDE,LOCATION
421bbe9dd3a6c69846664c5f7489855a6a39aa30a5cea5617fa80d60ab5b84ace80ceaba97b1e2b41e02c88ac96ea4a21a883d482923d91c0e4ce3ee07e3031a,JC293046,,06/04/2019 04:52:00 PM,15,NO CONTROLS,NO CONTROLS,CLEAR,DAYLIGHT,PARKED MOTOR VEHICLE,PARKING LOT,,STRAIGHT AND LEVEL,WET,NO DEFECTS,NOT ON SCENE (DESK REPORT),NO INJURY / DRIVE AWAY,,Y,,"OVER $1,500",06/05/2019 11:40:00 AM,UNABLE TO DETERMINE,UNABLE TO DETERMINE,1775,W,HIGHLAND AVE,2433.0,,,,,,,2,NO INDICATION OF INJURY,0.0,0.0,0.0,0.0,0.0,1.0,0.0,16,3,6,41.9966775017,-87.6748169681,POINT (-87.674816968097 41.996677501653)
487753e4f37ba43f093a6c7398ca2015d646205f8a05bb55a04930571ecf3834049388859569c4c2d9580a03a5759dd95f4f99802aba52513e3cc58d841b97b2,JA256739,,05/07/2017 10:00:00 AM,30,STOP SIGN/FLASHER,FUNCTIONING PROPERLY,CLEAR,DAYLIGHT,REAR END,ONE-WAY,2.0,STRAIGHT AND LEVEL,DRY,NO DEFECTS,NOT ON SCENE (DESK REPORT),NO INJURY / DRIVE AWAY,,,,"OVER $1,500",05/09/2017 01:45:00 PM,UNABLE TO DETERMINE,UNABLE TO DETERMINE,2230,W,SCHOOL ST,1921.0,,,,,,,2,NO INDICATION OF INJURY,0.0,0.0,0.0,0.0,0.0,2.0,0.0,10,1,5,41.9414296889,-87.6844027978,POINT (-87.684402797849 41.941429688864)
7b8433eba027cc4b020ff8c09cf30bb545fee5ccf794a2cbcf56a57b28ce85f22f8c2e26b5c3f023b10d96a4f9f98033f18a6ec58497edaad66a14017ff042c7,JB419218,,09/02/2018 01:10:00 PM,30,NO CONTROLS,NO CONTROLS,CLEAR,DAYLIGHT,SIDESWIPE OPPOSITE DIRECTION,ONE-WAY,,STRAIGHT AND LEVEL,DRY,NO DEFECTS,NOT ON SCENE (DESK REPORT),NO INJURY / DRIVE AWAY,,,Y,"OVER $1,500",09/02/2018 01:40:00 PM,FAILING TO YIELD RIGHT-OF-WAY,NOT APPLICABLE,5109,W,HENDERSON ST,1634.0,,,,,,,2,NO INDICATION OF INJURY,0.0,0.0,0.0,0.0,0.0,3.0,0.0,13,1,9,41.9413550131,-87.7547516776,POINT (-87.754751677637 41.9413550131)
2fdc8459f38fbacf03c3d3fed23dc6efd0d2c650afae8ed85cac9d1af686ffae2b8681ab42b81b97dcf08aaf5559fb45d769921a4cc20862d227d338506848c5,JE334020,,08/11/2021 03:39:00 PM,30,TRAFFIC SIGNAL,FUNCTIONING PROPERLY,CLEAR,DAYLIGHT,SIDESWIPE SAME DIRECTION,DIVIDED - W/MEDIAN BARRIER,,STRAIGHT AND LEVEL,DRY,NO DEFECTS,ON SCENE,NO INJURY / DRIVE AWAY,,,,"$501 - $1,500",08/11/2021 03:45:00 PM,IMPROPER LANE USAGE,DRIVING SKILLS/KNOWLEDGE/EXPERIENCE,3950,N,ASHLAND AVE,1922.0,,,,,,,2,NO INDICATION OF INJURY,0.0,0.0,0.0,0.0,0.0,2.0,0.0,15,4,8,41.9539232571,-87.6691848419,POINT (-87.669184841931 41.953923257078)
25f58b1059daa34242fe2ce7f32f4cdbce56f409fc325bc1449fba531d38f68552342d9f31ee3a743c13f7121c95c6894263d85020e059a6c16adefc5b67173d,JB268343,,05/18/2018 09:15:00 AM,30,NO CONTROLS,NO CONTROLS,CLEAR,DAYLIGHT,HEAD ON,NOT DIVIDED,,STRAIGHT AND LEVEL,DRY,NO DEFECTS,NOT ON SCENE (DESK REPORT),NO INJURY / DRIVE AWAY,,,,$500 OR LESS,05/18/2018 09:45:00 AM,IMPROPER BACKING,FAILING TO YIELD RIGHT-OF-WAY,8453,W,CATHERINE AVE,1614.0,,,,,,,2,NO INDICATION OF INJURY,0.0,0.0,0.0,0.0,0.0,2.0,0.0,9,6,5,41.9773380682,-87.8388648247,POINT (-87.8388648247 41.977338068202)
ade39189442703e3d2129a1e97dbe14580fdff20d9321cd43e538c157bd476d7e747b5ad3340d46e036f6550c828147fd9b647bad84e90a78d5dc044c2c2b3e4,JE197282,,04/12/2021 02:38:00 PM,30,NO CONTROLS,NO CONTROLS,CLEAR,DAYLIGHT,TURNING,DIVIDED - W/MEDIAN (NOT RAISED),,STRAIGHT AND LEVEL,DRY,NO DEFECTS,ON SCENE,INJURY AND / OR TOW DUE TO CRASH,,,,"OVER $1,500",04/12/2021 02:42:00 PM,"VISION OBSCURED (SIGNS, TREE LIMBS, BUILDINGS, ETC.)",UNABLE TO DETERMINE,2656,N,ELSTON AVE,1432.0,,,,,,,2,"REPORTED, NOT EVIDENT",1.0,0.0,0.0,0.0,1.0,1.0,0.0,14,2,4,41.9298489966,-87.6846437835,POINT (-87.684643783527 41.929848996597)
b654c5bdb8d49fbd634b5362bf8b8f47e6b294f9d241e504df0fa57522510b4c890f5f1cb1b7517f813a6dba814fe8d0cec72f7829e31a326b9efed4468d5f79,JE354477,,08/29/2021 05:45:00 PM,30,NO CONTROLS,NO CONTROLS,CLEAR,DAYLIGHT,REAR END,NOT DIVIDED,,STRAIGHT AND LEVEL,DRY,NO DEFECTS,ON SCENE,INJURY AND / OR TOW DUE TO CRASH,,,,"OVER $1,500",08/29/2021 05:48:00 PM,NOT APPLICABLE,NOT APPLICABLE,2354,W,35TH ST,911.0,,,,,,,2,NO INDICATION OF INJURY,0.0,0.0,0.0,0.0,0.0,4.0,0.0,17,1,8,41.8303928269,-87.6849044453,POINT (-87.684904445316 41.830392826927)
ca354cd7243ae734d650fa6d0d846f7195f122b56d4b5c27dd11d19b19dbf0d940e7c835b48a7fdf9c5be1cdd688598480efaab1b5b5f054dca3065693af4cfb,HZ498289,,10/31/2016 04:30:00 PM,30,TRAFFIC SIGNAL,FUNCTIONING PROPERLY,CLEAR,DAYLIGHT,SIDESWIPE SAME DIRECTION,NOT DIVIDED,2.0,STRAIGHT AND LEVEL,DRY,NO DEFECTS,NOT ON SCENE (DESK REPORT),NO INJURY / DRIVE AWAY,,,,"OVER $1,500",11/01/2016 04:04:00 PM,IMPROPER LANE USAGE,NOT APPLICABLE,1599,N,FREMONT ST,1822.0,,,,,,,2,NO INDICATION OF INJURY,0.0,0.0,0.0,0.0,0.0,2.0,0.0,16,2,10,41.9108233433,-87.6509571756,POINT (-87.650957175631 41.910823343256)
bb861f83e42d25108d2bdf70bb9eaf92e9fe0aa2d550957f48460213ed30ba36f7f4064d138a55527a934b6d9b4efca8b1169b6142e2ad9781b2fa2d1da969d4,JE333936,,08/10/2021 07:30:00 PM,15,NO CONTROLS,NO CONTROLS,RAIN,DAWN,OTHER OBJECT,NOT DIVIDED,,STRAIGHT AND LEVEL,WET,UNKNOWN,NOT ON SCENE (DESK REPORT),NO INJURY / DRIVE AWAY,,,,"OVER $1,500",08/11/2021 02:30:00 PM,UNABLE TO DETERMINE,NOT APPLICABLE,3802,W,24TH ST,1013.0,,,,,,,1,,,,,,,,,19,3,8,41.8480929499,-87.7199311652,POINT (-87.719931165216 41.848092949936)
dbee1b4dc1b86eb0cdcff58807f527564d40ab040ae98803f1b39f8b3ed884faecb46089ab2ac368e3735e0cccb8e349815d4617b6198a84e11b4ac191841e08,JF334099,,07/27/2022 05:20:00 PM,30,TRAFFIC SIGNAL,FUNCTIONING PROPERLY,CLEAR,DAYLIGHT,PEDALCYCLIST,NOT DIVIDED,,STRAIGHT AND LEVEL,DRY,NO DEFECTS,NOT ON SCENE (DESK REPORT),NO INJURY / DRIVE AWAY,Y,,Y,"$501 - $1,500",07/27/2022 08:33:00 PM,IMPROPER TURNING/NO SIGNAL,UNABLE TO DETERMINE,1535,W,DIVISION ST,1213.0,,,,,,,2,NO INDICATION OF INJURY,0.0,0.0,0.0,0.0,0.0,2.0,0.0,17,4,7,41.903248153,-87.6665338117,POINT (-87.666533811725 41.903248153043)
fcdcd518e1da164b83015b6b9d67873c02b188d8673d57f0d72d58cb44ae9d68c40fc6faacf7a15481f290379ff64cd8bed23cd0329ae98169d66de55e607214,JE280290,,06/26/2021 02:24:00 PM,30,NO CONTROLS,NO CONTROLS,CLOUDY/OVERCAST,DAYLIGHT,REAR END,NOT DIVIDED,,STRAIGHT AND LEVEL,WET,NO DEFECTS,ON SCENE,NO INJURY / DRIVE AWAY,,,,"$501 - $1,500",06/26/2021 02:28:00 PM,UNABLE TO DETERMINE,UNABLE TO DETERMINE,1521,N,MILWAUKEE AVE,1424.0,,,,,,,2,NO INDICATION OF INJURY,0.0,0.0,0.0,0.0,0.0,2.0,0.0,14,7,6,41.9092359592,-87.6754555411,POINT (-87.675455541103 41.909235959216)
293653d01a729a76c70abd4d59f3ef2f95e22ef5cf27ea52d517d2f7334ff8be4c1afbd5a390cf3ab3a547c509a91ad40c57852e6057428461e99ab8e833f32b,JC255040,,05/08/2019 03:15:00 PM,0,STOP SIGN/FLASHER,FUNCTIONING PROPERLY,CLEAR,DAYLIGHT,TURNING,T-INTERSECTION,,STRAIGHT AND LEVEL,DRY,NO DEFECTS,NOT ON SCENE (DESK REPORT),NO INJURY / DRIVE AWAY,Y,,N,"OVER $1,500",05/08/2019 04:10:00 PM,DISREGARDING TRAFFIC SIGNALS,FAILING TO YIELD RIGHT-OF-WAY,444,W,79TH ST,621.0,,,,,,,3,NO INDICATION OF INJURY,0.0,0.0,0.0,0.0,0.0,2.0,0.0,15,4,5,41.7508657388,-87.6360837945,POINT (-87.636083794524 41.750865738756)
c227e8ee573315cb8a649726f198c04b4c9ca718f7ac9cf3dfa3055638c1ff3b8810ccc261c1caf108ab1347136c60fda255d3d7042706d2d263274c24b593a7,JE105262,,01/06/2021 05:09:00 PM,30,NO CONTROLS,NO CONTROLS,CLEAR,"DARKNESS, LIGHTED ROAD",REAR END,NOT DIVIDED,,STRAIGHT AND LEVEL,DRY,UNKNOWN,ON SCENE,INJURY AND / OR TOW DUE TO CRASH,Y,,,"OVER $1,500",01/06/2021 05:10:00 PM,FAILING TO REDUCE SPEED TO AVOID CRASH,NOT APPLICABLE,38,E,103RD ST,511.0,,,,,,,3,NO INDICATION OF INJURY,0.0,0.0,0.0,0.0,0.0,5.0,0.0,17,4,1,41.7072962159,-87.622012394,POINT (-87.622012394013 41.707296215853)
27f0eff24869274727d9b1515abece0063c7985f07afaa85ba4d35ae7a57a08720b67aee5884779de0996dac861c920734a72ff190b4a1b205a7dd84ef50c43c,JD156618,,02/18/2020 05:45:00 PM,30,TRAFFIC SIGNAL,FUNCTIONING PROPERLY,CLEAR,DARKNESS,REAR END,NOT DIVIDED,,STRAIGHT AND LEVEL,DRY,NO DEFECTS,ON SCENE,NO INJURY / DRIVE AWAY,,,Y,"OVER $1,500",02/18/2020 05:50:00 PM,FOLLOWING TOO CLOSELY,UNABLE TO DETERMINE,2375,W,59TH ST,825.0,,,,,,,2,NO INDICATION OF INJURY,0.0,0.0,0.0,0.0,0.0,2.0,0.0,17,3,2,41.786411608,-87.6837870974,POINT (-87.683787097403 41.786411607967)
057a6b44a33f516965207d27a5505817f51b14f508d2a77cc875542d14f7c7ac35545ead9f3f83625ba96c4ecd5fde0f79487beb45a37d281ce295a8d154c739,JG254516,Y,05/09/2023 07:50:00 PM,30,NO CONTROLS,NO CONTROLS,CLEAR,"DARKNESS, LIGHTED ROAD",REAR END,NOT DIVIDED,,STRAIGHT AND LEVEL,DRY,NO DEFECTS,ON SCENE,INJURY AND / OR TOW DUE TO CRASH,,,Y,"OVER $1,500",05/09/2023 07:55:00 PM,FOLLOWING TOO CLOSELY,NOT APPLICABLE,4625,W,LAKE ST,1113.0,,,,,,,2,NO INDICATION OF INJURY,0.0,0.0,0.0,0.0,0.0,2.0,0.0,19,3,5,41.8862487138,-87.7414184878,POINT (-87.741418487823 41.886248713831)
fc0d106b429872339189c043e9ebe2b86a76c5599c82df27f27493529902cee626f16e02ae1cd7fc0a3d10f2722541df3e5527987d0542ae467c61a960fde8e3,JF282418,,06/16/2022 06:00:00 PM,30,TRAFFIC SIGNAL,FUNCTIONING PROPERLY,CLEAR,DAYLIGHT,TURNING,FOUR WAY,,STRAIGHT AND LEVEL,DRY,NO DEFECTS,NOT ON SCENE (DESK REPORT),NO INJURY / DRIVE AWAY,Y,,,"OVER $1,500",06/16/2022 06:45:00 PM,UNABLE TO DETERMINE,NOT APPLICABLE,3500,S,CALIFORNIA AVE,911.0,,,,,,,2,NO INDICATION OF INJURY,0.0,0.0,0.0,0.0,0.0,2.0,0.0,18,5,6,41.8300272836,-87.6949378391,POINT (-87.69493783907 41.830027283593)
e75c04434b56542e56f2e01b3d323c8388a28f4c0485cc694f5c0ef7477dbb791f8b2e02ce9c8971d4796b5a917b9ac7e401522f3ef8d8b59d1c85f56ec46abf,JG335522,,07/10/2023 02:57:00 PM,30,NO CONTROLS,NO CONTROLS,CLEAR,DAYLIGHT,SIDESWIPE SAME DIRECTION,NOT DIVIDED,,STRAIGHT AND LEVEL,DRY,NO DEFECTS,NOT ON SCENE (DESK REPORT),NO INJURY / DRIVE AWAY,,,,"$501 - $1,500",07/10/2023 03:50:00 PM,FAILING TO YIELD RIGHT-OF-WAY,FAILING TO YIELD RIGHT-OF-WAY,3058,W,MONTROSE AVE,1724.0,,,,,,,2,NO INDICATION OF INJURY,0.0,0.0,0.0,0.0,0.0,2.0,0.0,14,2,7,41.9613137951,-87.7057404242,POINT (-87.70574042417 41.961313795145)
b4878a28d01b833558330f33a90291758ce2f1768eba3d8a13c9401ccdcdabdcc77412ef82d1711870cdf9649d64930cfc5d1e589a6920047aa89b7bd9d7eded,JA494158,,11/01/2017 09:05:00 AM,30,NO CONTROLS,NO CONTROLS,CLEAR,DAYLIGHT,ANGLE,DIVIDED - W/MEDIAN (NOT RAISED),4.0,STRAIGHT AND LEVEL,DRY,NO DEFECTS,ON SCENE,NO INJURY / DRIVE AWAY,,,,"OVER $1,500",11/01/2017 09:07:00 AM,FAILING TO YIELD RIGHT-OF-WAY,UNABLE TO DETERMINE,1805,S,CANAL ST,1235.0,,,,,,,2,NO INDICATION OF INJURY,0.0,0.0,0.0,0.0,0.0,2.0,0.0,9,4,11,41.8574626844,-87.6387814541,POINT (-87.638781454132 41.857462684388)
7ff91376d831d2f572a0467d918a14a0e0e95e476f8878ca93bb14e77087009b260ef41f2d6e15072f5f494f9ed40b47e82e1cebccbb033d061fbd323ae1760a,JA566276,,12/28/2017 11:46:00 PM,30,NO CONTROLS,NO CONTROLS,SNOW,DARKNESS,PARKED MOTOR VEHICLE,ONE-WAY,,STRAIGHT AND LEVEL,SNOW OR SLUSH,NO DEFECTS,ON SCENE,NO INJURY / DRIVE AWAY,,,Y,"OVER $1,500",12/28/2017 11:46:00 PM,UNABLE TO DETERMINE,UNABLE TO DETERMINE,4902,W,DAKIN ST,1634.0,,,,,,,2,NO INDICATION OF INJURY,0.0,0.0,0.0,0.0,0.0,1.0,0.0,23,5,12,41.9525500404,-87.750032618,POINT (-87.750032618041 41.952550040354)
ca3f71e6da31c7b5b813685af7f230587b64f91fad7c32585302dbbede967f8e23896363a69206b2a9c2f60fb06de83cff7b9d21c07911d5ae8c9967bfd6f500,JC524905,,11/26/2019 08:00:00 AM,30,TRAFFIC SIGNAL,FUNCTIONING PROPERLY,CLEAR,DAYLIGHT,ANGLE,DIVIDED - W/MEDIAN (NOT RAISED),,STRAIGHT AND LEVEL,DRY,NO DEFECTS,NOT ON SCENE (DESK REPORT),NO INJURY / DRIVE AWAY,,,,"$501 - $1,500",11/26/2019 08:45:00 AM,UNABLE TO DETERMINE,UNABLE TO DETERMINE,800,S,HALSTED ST,1232.0,,,,,,,2,NO INDICATION OF INJURY,0.0,0.0,0.0,0.0,0.0,2.0,0.0,8,3,11,41.8718503749,-87.6471664652,POINT (-87.647166465184 41.871850374852)
089a469b6a8adc174f18e966326eac404ffe790ae4399ada949df5365219e832d88abf073a9e1b5e21463f80d36b2687e4edac5c778009f9008663ca6f88eef4,JG260012,,05/13/2023 07:50:00 PM,30,UNKNOWN,UNKNOWN,UNKNOWN,UNKNOWN,ANGLE,ALLEY,,STRAIGHT AND LEVEL,UNKNOWN,UNKNOWN,NOT ON SCENE (DESK REPORT),NO INJURY / DRIVE AWAY,,,,"$501 - $1,500",05/14/2023 08:10:00 AM,UNABLE TO DETERMINE,NOT APPLICABLE,5538,W,54TH ST,814.0,,,,,,,2,NO INDICATION OF INJURY,0.0,0.0,0.0,0.0,0.0,2.0,0.0,19,7,5,41.7946632366,-87.7615206993,POINT (-87.76152069926 41.794663236601)
ff4b4ece7d720778e42d19ef9bb7e266cefaae822b7f6852cf0545e962bbd6f03d68e4dc5a34a9832ced80d394757ab3a71706ee61a61039c2389882d2abc151,HZ379630,,08/05/2016 04:45:00 PM,30,NO CONTROLS,NO CONTROLS,CLEAR,DAYLIGHT,ANGLE,NOT DIVIDED,,STRAIGHT AND LEVEL,DRY,UNKNOWN,NOT ON SCENE (DESK REPORT),NO INJURY / DRIVE AWAY,,,,"OVER $1,500",08/05/2016 04:57:00 PM,DRIVING SKILLS/KNOWLEDGE/EXPERIENCE,NOT APPLICABLE,4750,W,63RD ST,813.0,,,,,,,2,NO INDICATION OF INJURY,0.0,0.0,0.0,0.0,0.0,2.0,0.0,16,6,8,41.7785441877,-87.7418953542,POINT (-87.741895354166 41.778544187675)
554a2c99ac7c0a4b32aae73329f3f10aca876c29c12f600d3ab319900b47d5ed75fa355d5cd38ad04f41f2710a4555ef3ab1b3bafcf850ec03320497a8b415bf,JD437970,,11/21/2020 03:52:00 PM,30,NO CONTROLS,NO CONTROLS,CLEAR,DAYLIGHT,TURNING,DIVIDED - W/MEDIAN (NOT RAISED),,STRAIGHT AND LEVEL,DRY,NO DEFECTS,ON SCENE,NO INJURY / DRIVE AWAY,Y,,,"OVER $1,500",11/21/2020 03:54:00 PM,FAILING TO YIELD RIGHT-OF-WAY,NOT APPLICABLE,8320,S,CALIFORNIA AVE,835.0,,,,,,,2,NO INDICATION OF INJURY,0.0,0.0,0.0,0.0,0.0,2.0,0.0,15,7,11,41.7419528944,-87.692567925,POINT (-87.692567925026 41.741952894423)
c5d55e17ef4b682ccbb8a9c5124eec1a8d221c740ba5c6c7fcb52d2c6eb9af6f268cd9cfe7002c1da6ba01a67c7b3051d4a71e471aa6772105b4f60745e0d119,JF112494,Y,01/14/2022 01:00:00 AM,15,NO CONTROLS,NO CONTROLS,CLOUDY/OVERCAST,DARKNESS,FIXED OBJECT,ALLEY,,STRAIGHT AND LEVEL,ICE,NO DEFECTS,ON SCENE,NO INJURY / DRIVE AWAY,,Y,Y,"OVER $1,500",01/14/2022 10:22:00 AM,DRIVING SKILLS/KNOWLEDGE/EXPERIENCE,UNABLE TO DETERMINE,11801,S,SANGAMON ST,524.0,,,,,,,2,NO INDICATION OF INJURY,0.0,0.0,0.0,0.0,0.0,2.0,0.0,1,6,1,41.6794924413,-87.6454732134,POINT (-87.645473213403 41.679492441277)
4bc900b88061cb9676028e8a4feae3e33d30f168f40c7ed2cd366eae62b4c1f5c06affeda796bbe66224327d3f6175e41840bd51de2bf87d80bd95135d2073ca,JC302252,,06/11/2019 05:15:00 PM,30,NO CONTROLS,NO CONTROLS,CLEAR,DAYLIGHT,TURNING,NOT DIVIDED,,STRAIGHT AND LEVEL,DRY,NO DEFECTS,NOT ON SCENE (DESK REPORT),NO INJURY / DRIVE AWAY,,,,"OVER $1,500",06/11/2019 07:00:00 PM,UNABLE TO DETERMINE,NOT APPLICABLE,5400,S,KEDZIE AVE,822.0,,,,,,,2,NO INDICATION OF INJURY,0.0,0.0,0.0,0.0,0.0,4.0,0.0,17,3,6,41.7952933504,-87.7037582724,POINT (-87.703758272415 41.795293350415)
ae87c32b6e5818177da95099a4164c9a0fc3daa11e4bd1ded60fc13f27152e7389cfac1f84cb5985137e1f62922a27a014bab01990dab7e9ed5e443a882ac6d9,JF340696,,08/01/2022 09:00:00 PM,30,NO CONTROLS,NO CONTROLS,UNKNOWN,UNKNOWN,REAR END,ONE-WAY,,STRAIGHT AND LEVEL,UNKNOWN,UNKNOWN,NOT ON SCENE (DESK REPORT),INJURY AND / OR TOW DUE TO CRASH,,,,"OVER $1,500",08/01/2022 10:10:00 PM,UNABLE TO DETERMINE,UNABLE TO DETERMINE,13311,S,PRAIRIE AVE,533.0,,,,,,,3,NO INDICATION OF INJURY,0.0,0.0,0.0,0.0,0.0,2.0,0.0,21,2,8,41.6532757028,-87.6154808243,POINT (-87.615480824251 41.65327570276)
b9909e2080f7df2555eae572f08a03851e944040b029116e36e26ad775bab5de3435ecda625e45a2ea245fe34e1e49504043148003e3023fc4aacff09949a8a7,JD212401,,04/19/2020 02:00:00 PM,30,UNKNOWN,NO CONTROLS,CLEAR,DAYLIGHT,OTHER OBJECT,ONE-WAY,,STRAIGHT AND LEVEL,DRY,UNKNOWN,ON SCENE,INJURY AND / OR TOW DUE TO CRASH,,,,"OVER $1,500",04/19/2020 02:02:00 PM,IMPROPER OVERTAKING/PASSING,NOT APPLICABLE,4825,S,DREXEL BLVD,222.0,,,,,,,1,NO INDICATION OF INJURY,0.0,0.0,0.0,0.0,0.0,2.0,0.0,14,1,4,41.8069783867,-87.603696081,POINT (-87.603696081048 41.806978386677)
55cb3bd21f239a7697d5a26f03c0c4489459f0c2fe00a30a4d3eccd17bb52524a5208bc6a271bb4d73732adb74e21eaf9122016fe5e55f976d9b7da432445a45,JC177884,,03/08/2019 11:30:00 AM,30,NO CONTROLS,NO CONTROLS,CLEAR,DAYLIGHT,SIDESWIPE SAME DIRECTION,NOT DIVIDED,4.0,STRAIGHT AND LEVEL,DRY,NO DEFECTS,ON SCENE,NO INJURY / DRIVE AWAY,,,,"OVER $1,500",03/08/2019 11:32:00 AM,UNABLE TO DETERMINE,NOT APPLICABLE,3826,N,ASHLAND AVE,1922.0,,,,,,,2,NO INDICATION OF INJURY,0.0,0.0,0.0,0.0,0.0,2.0,0.0,11,6,3,41.9514659649,-87.6691261782,POINT (-87.66912617821 41.951465964866)
bb1229e2101bdf4ceedd8ca6026a8de28593c9969e45be2a4879fcb499fae0ae8161b2cc0645c01414bfcc13242b39de5244d4d6471f4057b62ee903f724e58e,JA518274,,11/19/2017 06:55:00 PM,30,NO CONTROLS,NO CONTROLS,CLEAR,DARKNESS,PARKED MOTOR VEHICLE,NOT DIVIDED,1.0,STRAIGHT AND LEVEL,DRY,NO DEFECTS,ON SCENE,INJURY AND / OR TOW DUE TO CRASH,,,Y,"$501 - $1,500",11/19/2017 06:59:00 PM,UNABLE TO DETERMINE,UNABLE TO DETERMINE,9444,S,GENOA AVE,2223.0,,,,,,,2,NO INDICATION OF INJURY,0.0,0.0,0.0,0.0,0.0,1.0,0.0,18,1,11,41.7216121696,-87.6493544411,POINT (-87.649354441142 41.721612169572)
8fa92d05372684f085ee2d3cfcbf3c9d24a4db1d6d34531d0e0041f89a577b6f4385cf232af42db2929e08168f6a8e7a4260635d31569f4409ab07b696e6315c,JB392695,,07/31/2018 10:30:00 AM,0,NO CONTROLS,NO CONTROLS,RAIN,DAYLIGHT,PARKED MOTOR VEHICLE,NOT DIVIDED,4.0,STRAIGHT AND LEVEL,DRY,NO DEFECTS,ON SCENE,NO INJURY / DRIVE AWAY,,,,"OVER $1,500",07/31/2018 10:30:00 AM,IMPROPER BACKING,UNABLE TO DETERMINE,918,N,LARRABEE ST,1822.0,,,,,,,2,NO INDICATION OF INJURY,0.0,0.0,0.0,0.0,0.0,2.0,0.0,10,3,7,41.8994123315,-87.6431991659,POINT (-87.643199165857 41.899412331469)
4a36f08e06ca762e78705893cdf0a74767c092a23270d01331684bd2b713dfc0c8f6a68b96a1cfcc01554fe65ac8326da7f50e629206d361eab40e8f2763ea94,JE475666,Y,12/13/2021 08:08:00 AM,30,TRAFFIC SIGNAL,NO CONTROLS,CLEAR,DAYLIGHT,SIDESWIPE SAME DIRECTION,OTHER,,STRAIGHT AND LEVEL,DRY,NO DEFECTS,NOT ON SCENE (DESK REPORT),NO INJURY / DRIVE AWAY,,,,"$501 - $1,500",12/13/2021 09:00:00 AM,DRIVING SKILLS/KNOWLEDGE/EXPERIENCE,UNABLE TO DETERMINE,154,E,LOWER WACKER DR,114.0,,,,,,,2,NO INDICATION OF INJURY,0.0,0.0,0.0,0.0,0.0,2.0,0.0,8,2,12,41.8883627449,-87.622438851,POINT (-87.622438851014 41.888362744949)
f28aee978c50701e1c9faec2eb3e5aec05ae6c72b0c61c7210aa42b31f2701c7645ffc8e7b63a33f5ee57d37f984a77a50da214bd61f7a5c21053fdb228b5189,HY466231,,10/17/2015 11:00:00 PM,25,NO CONTROLS,NO CONTROLS,CLEAR,"DARKNESS, LIGHTED ROAD",REAR END,DIVIDED - W/MEDIAN (NOT RAISED),4.0,STRAIGHT AND LEVEL,DRY,NO DEFECTS,NOT ON SCENE (DESK REPORT),INJURY AND / OR TOW DUE TO CRASH,,,,"$501 - $1,500",10/17/2015 11:25:00 PM,FOLLOWING TOO CLOSELY,FOLLOWING TOO CLOSELY,1235,N,WELLS ST,1821.0,,,,,,,2,NO INDICATION OF INJURY,0.0,0.0,0.0,0.0,0.0,2.0,0.0,23,7,10,41.9049906157,-87.6343726696,POINT (-87.634372669631 41.904990615671)
a93e040311aff4d9238b6cd0c4d5a2bf490494cc3242820ffa5d3276925ab90911450ce85a4e4e8ab2e498bea964e78241dd983edbac471192eec0b723dedcda,JG389771,,08/20/2023 01:20:00 AM,30,STOP SIGN/FLASHER,FUNCTIONING IMPROPERLY,CLEAR,"DARKNESS, LIGHTED ROAD",PARKED MOTOR VEHICLE,NOT DIVIDED,,STRAIGHT AND LEVEL,DRY,NO DEFECTS,ON SCENE,INJURY AND / OR TOW DUE TO CRASH,,,Y,"OVER $1,500",08/20/2023 01:34:00 AM,UNABLE TO DETERMINE,NOT APPLICABLE,6836,W,WRIGHTWOOD AVE,2512.0,,,,,,,3,NO INDICATION OF INJURY,0.0,0.0,0.0,0.0,0.0,1.0,0.0,1,1,8,41.9273353351,-87.796874946,POINT (-87.796874946044 41.927335335055)
9f20b1eb5267e25faf6deaaf581af8761ff22953785d6b4191ef23e81347349525be85cdb4013a7a90054f6b619f08c8c3dfa5c48dbe30e7e53dae715412e95b,JG272975,,05/24/2023 08:34:00 AM,30,TRAFFIC SIGNAL,FUNCTIONING PROPERLY,CLEAR,DAYLIGHT,SIDESWIPE SAME DIRECTION,NOT DIVIDED,,STRAIGHT AND LEVEL,DRY,NO DEFECTS,ON SCENE,NO INJURY / DRIVE AWAY,Y,,Y,"$501 - $1,500",05/24/2023 08:40:00 AM,NOT APPLICABLE,NOT APPLICABLE,3301,N,CICERO AVE,1731.0,,,,,,,2,NO INDICATION OF INJURY,0.0,0.0,0.0,0.0,0.0,12.0,0.0,8,4,5,41.9406987829,-87.7467709573,POINT (-87.74677095732 41.940698782934)