CRASH_RECORD_ID,RD_NO,CRASH_DATE_EST_I,CRASH_DATE,POSTED_SPEED_LIMIT,TRAFFIC_CONTROL_DEVICE,DEVICE_CONDITION,WEATHER_CONDITION,LIGHTING_CONDITION,FIRST_CRASH_TYPE,TRAFFICWAY_TYPE,LANE_CNT,ALIGNMENT,ROADWAY_SURFACE_COND,ROAD_DEFECT,REPORT_TYPE,CRASH_TYPE,INTERSECTION_RELATED_I,NOT_RIGHT_OF_WAY_I,HIT_AND_RUN_I,DAMAGE,DATE_POLICE_NOTIFIED,PRIM_CONTRIBUTORY_CAUSE,SEC_CONTRIBUTORY_CAUSE,STREET_NO,STREET_DIRECTION,STREET_NAME,BEAT_OF_OCCURRENCE,PHOTOS_TAKEN_I,STATEMENTS_TAKEN_I,DOORING_I,WORK_ZONE_I,WORK_ZONE_TYPE,WORKERS_PRESENT_I,NUM_UNITS,MOST_SEVERE_INJURY,INJURIES_TOTAL,INJURIES_FATAL,INJURIES_INCAPACITATING,INJURIES_NON_INCAPACITATING,INJURIES_REPORTED_NOT_EVIDENT,INJURIES_NO_INDICATION,INJURIES_UNKNOWN,CRASH_HOUR,CRASH_DAY_OF_WEEK,CRASH_MONTH,LATITUDE,LONGITUDE,LOCATION
53d32a4bc81a9250b47c59111873b1a9fe0f5e1eb2c5ee61d7067badd66f8b0b3b6ded9547e6926d0346a7fbc9c854c7714c461b6819d6da6b70bd167b9be438,JG339784,,07/13/2023 05:50:00 PM,30,NO CONTROLS,NO CONTROLS,CLEAR,DUSK,SIDESWIPE OPPOSITE DIRECTION,NOT DIVIDED,,STRAIGHT AND LEVEL,UNKNOWN,UNKNOWN,NOT ON SCENE (DESK REPORT),NO INJURY / DRIVE AWAY,,,,"$501 - $1,500",07/13/2023 06:40:00 PM,UNABLE TO DETERMINE,NOT APPLICABLE,3245,N,HARLEM AVE,1632.0,,,,,,,2,NO INDICATION OF INJURY,0.0,0.0,0.0,0.0,0.0,2.0,0.0,17,5,7,41.9393300087,-87.8066473031,POINT (-87.80664730313 41.939330008736)
728ce44e4abebe549e9aeff9a2eb28285f6456b74efac6aad4acfc162a286e23e18949306cb841d28c75e66eebfd957c4d0bd7ebe1453cf41f85fbe1c681e75b,JF287607,,06/20/2022 06:15:00 PM,30,NO CONTROLS,NO CONTROLS,CLEAR,DAYLIGHT,PARKED MOTOR VEHICLE,NOT DIVIDED,,STRAIGHT AND LEVEL,DRY,NO DEFECTS,ON SCENE,INJURY AND / OR TOW DUE TO CRASH,,,,"OVER $1,500",06/20/2022 06:27:00 PM,FAILING TO REDUCE SPEED TO AVOID CRASH,UNABLE TO DETERMINE,344,W,119TH ST,522.0,,,,,,,3,NO INDICATION OF INJURY,0.0,0.0,0.0,0.0,0.0,1.0,0.0,18,2,6,41.6780359262,-87.6316313705,POINT (-87.631631370476 41.67803592622)
5ca4ce62cc76072fd801715c7f4c7b62900c439132b442539303e37b0d382b8ee444805d17ee9d74183a01df9bbb7017ac943aa6d81b58347e2b88d126c99ccf,JD186333,,03/15/2020 08:57:00 AM,30,TRAFFIC SIGNAL,FUNCTIONING PROPERLY,CLEAR,DAYLIGHT,ANGLE,T-INTERSECTION,,STRAIGHT AND LEVEL,DRY,NO DEFECTS,ON SCENE,INJURY AND / OR TOW DUE TO CRASH,Y,N,,"OVER $1,500",03/15/2020 09:15:00 AM,DISREGARDING TRAFFIC SIGNALS,NOT APPLICABLE,11100,S,WENTWORTH AVE,522.0,,,,N,,,2,NO INDICATION OF INJURY,0.0,0.0,0.0,0.0,0.0,3.0,0.0,8,1,3,41.6924822339,-87.6280540569,POINT (-87.628054056872 41.692482233944)
fee145bde8f28f07c7a32adf1b38bdcb521205b4dfac1247d588c35014d69cac43ef515423ee35581e5e49fa9e9b96b18aafb45433261df1dd56eed189ee1772,JC434717,,09/15/2019 06:36:00 PM,30,STOP SIGN/FLASHER,FUNCTIONING PROPERLY,CLEAR,DAYLIGHT,ANGLE,NOT DIVIDED,,STRAIGHT AND LEVEL,DRY,NO DEFECTS,NOT ON SCENE (DESK REPORT),NO INJURY / DRIVE AWAY,,,,"$501 - $1,500",09/15/2019 06:59:00 PM,NOT APPLICABLE,NOT APPLICABLE,6600,S,CALIFORNIA AVE,831.0,,,,,,,2,NO INDICATION OF INJURY,0.0,0.0,0.0,0.0,0.0,3.0,0.0,18,1,9,41.7735441443,-87.6933956507,POINT (-87.693395650731 41.773544144314)
b3125c811132f93ca906def370757139478aba924e1d5e4585f62ef2e5df90eb38984a0d21cf9a2eb5f7ae61bbd572cfeb7f3ad131d48c7abc0bf7a4b3e5aade,HY511765,,11/23/2015 07:40:00 AM,30,NO CONTROLS,NO CONTROLS,CLEAR,DAYLIGHT,SIDESWIPE OPPOSITE DIRECTION,DIVIDED - W/MEDIAN (NOT RAISED),4.0,STRAIGHT AND LEVEL,WET,NO DEFECTS,NOT ON SCENE (DESK REPORT),NO INJURY / DRIVE AWAY,,,,"OVER $1,500",11/23/2015 08:30:00 AM,FAILING TO YIELD RIGHT-OF-WAY,DRIVING SKILLS/KNOWLEDGE/EXPERIENCE,4815,W,MADISON ST,1533.0,,,,,,,2,NO INDICATION OF INJURY,0.0,0.0,0.0,0.0,0.0,6.0,0.0,7,2,11,41.8803797074,-87.7459105471,POINT (-87.745910547075 41.880379707423)
006c3b7c1c4c6e566cfb14e4c1a88a442d7c326631a800892b59a9311e5af3ac994b3bd8410e9e68936d34306476ac7ce5572fdc04f8f14e30328191f720c353,JE460397,,11/25/2021 04:30:00 PM,30,NO CONTROLS,NO CONTROLS,CLEAR,DAYLIGHT,PARKED MOTOR VEHICLE,PARKING LOT,,STRAIGHT AND LEVEL,DRY,NO DEFECTS,NOT ON SCENE (DESK REPORT),NO INJURY / DRIVE AWAY,,Y,Y,"$501 - $1,500",11/29/2021 03:51:00 PM,NOT APPLICABLE,NOT APPLICABLE,5320,S,PULASKI RD,815.0,,,,,,,2,NO INDICATION OF INJURY,0.0,0.0,0.0,0.0,0.0,1.0,0.0,16,5,11,41.7961975914,-87.7233918834,POINT (-87.723391883445 41.796197591416)
d0344f8a8f8745f90b4f3ae65fb3e918acb945abec3000241b9c26ce8e360bf9df24bd7558717a0f18c4e135c682ba4f0aa7d1115f733efc6b38a7f42ca52f2c,JA449064,,09/26/2017 02:50:00 PM,10,NO CONTROLS,NO CONTROLS,CLEAR,DAYLIGHT,PARKED MOTOR VEHICLE,PARKING LOT,,STRAIGHT AND LEVEL,DRY,NO DEFECTS,NOT ON SCENE (DESK REPORT),NO INJURY / DRIVE AWAY,,,,"OVER $1,500",09/27/2017 03:30:00 PM,UNABLE TO DETERMINE,NOT APPLICABLE,8045,S,KENWOOD AVE,411.0,,,,,,,2,NO INDICATION OF INJURY,0.0,0.0,0.0,0.0,0.0,2.0,0.0,14,3,9,41.7482663631,-87.5916176139,POINT (-87.591617613941 41.748266363065)
23a1032e341ccf5250873f149f2c4178d9dab7d3a08cc088891bd02ba76a975a14fe9c1ea86b92873f6e6633d36d6dc1435cddb6e13a427ba83bb22618771dd5,JA525002,,11/25/2017 05:30:00 PM,30,NO CONTROLS,NO CONTROLS,CLEAR,DAYLIGHT,TURNING,NOT DIVIDED,4.0,STRAIGHT AND LEVEL,DRY,NO DEFECTS,NOT ON SCENE (DESK REPORT),NO INJURY / DRIVE AWAY,,,,"OVER $1,500",11/25/2017 06:01:00 PM,DRIVING SKILLS/KNOWLEDGE/EXPERIENCE,IMPROPER TURNING/NO SIGNAL,4801,W,63RD ST,813.0,,,,,,,2,NO INDICATION OF INJURY,0.0,0.0,0.0,0.0,0.0,2.0,0.0,17,7,11,41.778318567,-87.7423506743,POINT (-87.742350674334 41.77831856698)
b3744398b0727edd057bf4f1169cfe28dc43c9e8981647c7c5ed7faab5813acfd755da8995a8659b3eb0bbb47c724a3aee531d21161ba5865a5740445aae685e,JG425932,,09/15/2023 09:14:00 PM,10,NO CONTROLS,NO CONTROLS,CLEAR,"DARKNESS, LIGHTED ROAD",PARKED MOTOR VEHICLE,ONE-WAY,,STRAIGHT AND LEVEL,DRY,NO DEFECTS,NOT ON SCENE (DESK REPORT),NO INJURY / DRIVE AWAY,,,Y,"OVER $1,500",09/15/2023 10:40:00 PM,UNABLE TO DETERMINE,NOT APPLICABLE,3400,W,66TH PL,831.0,,,,,,,2,NO INDICATION OF INJURY,0.0,0.0,0.0,0.0,0.0,1.0,0.0,21,6,9,41.7726385235,-87.7079586328,POINT (-87.707958632849 41.772638523526)
d280918c7ee17731db6013fc89970ecaba9c267b106081e40c7eba5cdf19e9c4aa5df33aeeabc12f8ed33b19392eebf124ff65cf2a1f2f8ca918a83551870775,JF169899,,03/10/2022 10:40:00 PM,30,TRAFFIC SIGNAL,FUNCTIONING PROPERLY,SNOW,"DARKNESS, LIGHTED ROAD",PEDESTRIAN,T-INTERSECTION,,STRAIGHT AND LEVEL,WET,NO DEFECTS,ON SCENE,INJURY AND / OR TOW DUE TO CRASH,,,Y,$500 OR LESS,03/10/2022 10:42:00 PM,FAILING TO YIELD RIGHT-OF-WAY,UNABLE TO DETERMINE,2400,E,75TH ST,334.0,,,,,,,2,NONINCAPACITATING INJURY,1.0,0.0,0.0,1.0,0.0,1.0,0.0,22,5,3,41.7590982973,-87.566314986,POINT (-87.566314986034 41.759098297286)
340864756e441b14eaf00a5b0770e68ad2a9940b98d0cf19f454b280e6262386df1bbd2ca4049faa610e05ae50ac064d717234ebcea0ce7089950e56ef137a12,JE302481,,07/15/2021 03:32:00 PM,30,NO CONTROLS,NO CONTROLS,CLEAR,DAYLIGHT,PARKED MOTOR VEHICLE,NOT DIVIDED,,STRAIGHT AND LEVEL,DRY,NO DEFECTS,ON SCENE,NO INJURY / DRIVE AWAY,,,,"OVER $1,500",07/15/2021 03:45:00 PM,UNABLE TO DETERMINE,NOT APPLICABLE,2408,W,JARVIS AVE,2411.0,,,,,,,2,NO INDICATION OF INJURY,0.0,0.0,0.0,0.0,0.0,1.0,0.0,15,5,7,42.0160080838,-87.6906284146,POINT (-87.690628414618 42.01600808384)
21e8bec7514088f2731724ce1e57eabecc2e49315c08064a8181af6e02fd11099bb77acc2a66ae27c9c4c2fec3b6afb28dc867fb59d3cae61a4e6e8e2bb9455b,JC150059,,02/12/2019 06:18:00 PM,30,NO CONTROLS,NO CONTROLS,SNOW,"DARKNESS, LIGHTED ROAD",REAR END,NOT DIVIDED,,STRAIGHT AND LEVEL,ICE,UNKNOWN,NOT ON SCENE (DESK REPORT),NO INJURY / DRIVE AWAY,,,,"OVER $1,500",02/12/2019 06:45:00 PM,FOLLOWING TOO CLOSELY,NOT APPLICABLE,2857,S,HALSTED ST,914.0,,,,,,,2,NO INDICATION OF INJURY,0.0,0.0,0.0,0.0,0.0,3.0,0.0,18,3,2,41.8418102657,-87.6462273654,POINT (-87.646227365435 41.84181026572)
0d786ffdb4c5808ff4de1a4eaebc6cdfe40d5cb8e812b74c98b088ad18d7867642a83bbccccb1117b3360cc780b9089048ace7ae180cb22f48d9d2d6a039256b,JC271319,,05/20/2019 07:45:00 AM,30,TRAFFIC SIGNAL,FUNCTIONING PROPERLY,CLOUDY/OVERCAST,DAYLIGHT,SIDESWIPE SAME DIRECTION,NOT DIVIDED,,STRAIGHT AND LEVEL,DRY,NO DEFECTS,NOT ON SCENE (DESK REPORT),NO INJURY / DRIVE AWAY,Y,,Y,"$501 - $1,500",05/20/2019 06:35:00 PM,DISREGARDING ROAD MARKINGS,NOT APPLICABLE,7158,W,NORTH AVE,2513.0,,,,,,,2,NO INDICATION OF INJURY,0.0,0.0,0.0,0.0,0.0,2.0,0.0,7,2,5,41.90898946,-87.8043628415,POINT (-87.804362841452 41.908989459958)
c35545cb56cc0520a60ddd6e007e329400257f5e1d037004a73b74a71fec8e645be3de65077edd46eeb1139cec000232cae46736a9966c1d805b28fcd810d6f6,JG292422,Y,06/07/2023 07:00:00 PM,35,STOP SIGN/FLASHER,FUNCTIONING PROPERLY,CLEAR,DAYLIGHT,PARKED MOTOR VEHICLE,ONE-WAY,,STRAIGHT AND LEVEL,DRY,NO DEFECTS,ON SCENE,NO INJURY / DRIVE AWAY,,,Y,"OVER $1,500",06/07/2023 08:33:00 PM,FAILING TO REDUCE SPEED TO AVOID CRASH,UNABLE TO DETERMINE,2857,W,64TH ST,823.0,,,,,,,2,NO INDICATION OF INJURY,0.0,0.0,0.0,0.0,0.0,2.0,0.0,19,4,6,41.7771503836,-87.6956381443,POINT (-87.695638144263 41.777150383581)
99c3db9aa718bf2d34d104eb484989330b87793a301878054f97d0253f8767310993f4253cdb4011a2da24cc50bc2135e647528c9a38d60f3df928279fb1a55e,JB446952,,09/22/2018 10:00:00 PM,30,TRAFFIC SIGNAL,UNKNOWN,CLEAR,"DARKNESS, LIGHTED ROAD",REAR END,NOT DIVIDED,2.0,STRAIGHT AND LEVEL,UNKNOWN,UNKNOWN,NOT ON SCENE (DESK REPORT),NO INJURY / DRIVE AWAY,Y,,,"OVER $1,500",09/22/2018 10:20:00 PM,UNABLE TO DETERMINE,NOT APPLICABLE,4000,N,BROADWAY,1915.0,,,,,,,2,NO INDICATION OF INJURY,0.0,0.0,0.0,0.0,0.0,3.0,0.0,22,7,9,41.9545457769,-87.6506927692,POINT (-87.65069276917 41.954545776938)
e175d009e29e370661a4881432e80e0b1c9af6a7522489b03f7e978a8ef8f012d5808e1bb994ae1f8b56d405838ccb8d8a6b62d765806297cbf696b44a3cc0fa,JE359087,,09/02/2021 01:25:00 PM,30,TRAFFIC SIGNAL,FUNCTIONING PROPERLY,CLEAR,DAYLIGHT,TURNING,T-INTERSECTION,,STRAIGHT AND LEVEL,DRY,NO DEFECTS,ON SCENE,NO INJURY / DRIVE AWAY,Y,,,"OVER $1,500",09/02/2021 01:35:00 PM,EQUIPMENT - VEHICLE CONDITION,EQUIPMENT - VEHICLE CONDITION,10306,S,TORRENCE AVE,434.0,,,,,,,2,NO INDICATION OF INJURY,0.0,0.0,0.0,0.0,0.0,3.0,0.0,13,5,9,41.7079127461,-87.5598032189,POINT (-87.5598032189 41.707912746095)
8806ddaab6c49e2cc2969ecc7184ea4c5db603e61fbec602757c45fada9bb0100d4ed8a2ff29f896b81da0314653c522317acbeb9dc4031f10eb247cee2d1990,JF322282,,07/18/2022 04:17:00 PM,15,NO CONTROLS,NO CONTROLS,CLEAR,DAYLIGHT,PARKED MOTOR VEHICLE,PARKING LOT,,STRAIGHT AND LEVEL,DRY,NO DEFECTS,ON SCENE,NO INJURY / DRIVE AWAY,,Y,,$500 OR LESS,07/18/2022 04:22:00 PM,UNABLE TO DETERMINE,NOT APPLICABLE,6717,W,IRVING PARK RD,1632.0,,,,,,,2,NO INDICATION OF INJURY,0.0,0.0,0.0,0.0,0.0,1.0,0.0,16,2,7,41.9526651592,-87.7945656401,POINT (-87.794565640124 41.952665159213)
078ce231aa8b6a5f4d045494db9ef2b9ab520c767d0845090eb9d69bf20e23029c05fca573a8049b4e7e2e63ef85051843bedf43e57923a9c079630f2b503e45,JD280337,,06/29/2020 01:30:00 PM,30,NO CONTROLS,NO CONTROLS,CLEAR,DAYLIGHT,FIXED OBJECT,DRIVEWAY,,STRAIGHT AND LEVEL,DRY,UNKNOWN,ON SCENE,NO INJURY / DRIVE AWAY,,,Y,"OVER $1,500",06/29/2020 02:30:00 PM,DRIVING SKILLS/KNOWLEDGE/EXPERIENCE,NOT APPLICABLE,5800,N,PULASKI RD,1711.0,,,,,,,1,NO INDICATION OF INJURY,0.0,0.0,0.0,0.0,0.0,1.0,0.0,13,2,6,41.9859279924,-87.7286634185,POINT (-87.728663418531 41.9859279924)
3ea6dbe8d6dbcfa9408c250412212764af2d93ce51e77042c88bbc5a4ed7529d6bbe86e004031c5677a7135bc89f7a454ddb0e81aaa8258b88028fd43cf51899,JA188192,,03/15/2017 04:30:00 PM,30,NO CONTROLS,NO CONTROLS,CLEAR,DAYLIGHT,SIDESWIPE SAME DIRECTION,ONE-WAY,3.0,STRAIGHT AND LEVEL,DRY,NO DEFECTS,NOT ON SCENE (DESK REPORT),NO INJURY / DRIVE AWAY,,,Y,"OVER $1,500",03/15/2017 05:35:00 PM,IMPROPER OVERTAKING/PASSING,FOLLOWING TOO CLOSELY,1139,S,JEFFERSON ST,124.0,,,,,,,2,NO INDICATION OF INJURY,0.0,0.0,0.0,0.0,0.0,2.0,0.0,16,4,3,41.8677860639,-87.6420611326,POINT (-87.64206113256 41.867786063931)
0cd5c5ad45f075f2beb3f3bb55fad9ec08466b68c24d3da528e76bc5aa0351196b9b8eb09ec764e258ee7833846061f8d53bc64cde551b1ab1880531b80abf13,JB108283,Y,01/08/2018 03:00:00 AM,30,NO CONTROLS,NO CONTROLS,CLEAR,"DARKNESS, LIGHTED ROAD",PARKED MOTOR VEHICLE,ONE-WAY,1.0,STRAIGHT AND LEVEL,WET,NO DEFECTS,NOT ON SCENE (DESK REPORT),NO INJURY / DRIVE AWAY,,,Y,"OVER $1,500",01/08/2018 09:15:00 AM,UNABLE TO DETERMINE,UNABLE TO DETERMINE,5953,S,MARSHFIELD AVE,714.0,,,,,,,2,NO INDICATION OF INJURY,0.0,0.0,0.0,0.0,0.0,1.0,0.0,3,2,1,41.7851758025,-87.6654252704,POINT (-87.665425270417 41.785175802516)
7731f369d29f7f154e5e7d66c0c5df453151bd31a75f2f2c32fa1938cf9a1702fe80b6b67dad16ce56ac018f523762d8bfd61e22d303d99ca76325cc5329a919,JD134715,,01/31/2020 06:30:00 AM,40,TRAFFIC SIGNAL,FUNCTIONING PROPERLY,SNOW,DAWN,REAR TO SIDE,DIVIDED - W/MEDIAN (NOT RAISED),,STRAIGHT AND LEVEL,SNOW OR SLUSH,NO DEFECTS,ON SCENE,NO INJURY / DRIVE AWAY,,,,"$501 - $1,500",01/31/2020 06:30:00 AM,IMPROPER TURNING/NO SIGNAL,NOT APPLICABLE,6331,S,WESTERN AVE,825.0,,Y,,,,,2,NO INDICATION OF INJURY,0.0,0.0,0.0,0.0,0.0,2.0,0.0,6,6,1,41.7782289204,-87.6834686049,POINT (-87.683468604901 41.77822892043)
e9ee3d4c633c85e68ff514911e82aa027e123bb46dad42f9b3691bff2ebb6c0164e9301de702694e9edd3500e04a7841a1daa7674a62ddfb05109eeb05a4fdff,JD364015,,09/11/2020 10:40:00 AM,30,NO CONTROLS,NO CONTROLS,CLEAR,DAYLIGHT,PARKED MOTOR VEHICLE,ONE-WAY,,STRAIGHT AND LEVEL,UNKNOWN,UNKNOWN,,NO INJURY / DRIVE AWAY,,,Y,$500 OR LESS,09/11/2020 04:40:00 PM,UNABLE TO DETERMINE,NOT APPLICABLE,911,N,RICHMOND ST,1211.0,,,,,,,2,NO INDICATION OF INJURY,0.0,0.0,0.0,0.0,0.0,1.0,0.0,10,6,9,41.8984033319,-87.7002980782,POINT (-87.70029807821 41.898403331934)
306007b2c24696c2038104cac6955065e491c30a575bd33b36e795d90c690e1873cc618cfda59fa47a0b6d87adee23457170b861e377a7220fe0e8aa111e933f,JC209334,,04/02/2019 02:30:00 PM,30,NO CONTROLS,NO CONTROLS,CLEAR,DAYLIGHT,SIDESWIPE SAME DIRECTION,PARKING LOT,,STRAIGHT AND LEVEL,DRY,NO DEFECTS,NOT ON SCENE (DESK REPORT),NO INJURY / DRIVE AWAY,,,,"OVER $1,500",04/02/2019 06:21:00 PM,IMPROPER BACKING,NOT APPLICABLE,6700,S,JEFFERY BLVD,332.0,,,,,,,2,NO INDICATION OF INJURY,0.0,0.0,0.0,0.0,0.0,2.0,0.0,14,3,4,41.7733684085,-87.5766385522,POINT (-87.576638552177 41.773368408547)
ba23c0b8728ba8c31d568eaebf270a082668c3d18443c2006e54b66bbba5920ea441e3194f2d4b9a984b15e70c5e2221172303224478a7c741b164f781d39c29,JE423350,,10/26/2021 09:00:00 AM,30,NO CONTROLS,NO CONTROLS,CLEAR,DAYLIGHT,REAR END,NOT DIVIDED,,STRAIGHT AND LEVEL,DRY,NO DEFECTS,NOT ON SCENE (DESK REPORT),NO INJURY / DRIVE AWAY,,,,"$501 - $1,500",10/26/2021 05:26:00 PM,NOT APPLICABLE,NOT APPLICABLE,5150,W,55TH ST,814.0,,,,,,,2,NO INDICATION OF INJURY,0.0,0.0,0.0,0.0,0.0,3.0,0.0,9,3,10,41.7930028559,-87.7521195809,POINT (-87.752119580929 41.793002855945)
dc306484fd5bf20e6687c26eddf1567db4ab952a05ee999f97d44191dc7a2c18439a92f9c8a6b8c5beec04d0d4ee4ac947f477010ff88374692e1b18f4d85fda,JD217166,,04/25/2020 08:14:00 PM,30,STOP SIGN/FLASHER,FUNCTIONING PROPERLY,RAIN,"DARKNESS, LIGHTED ROAD",PEDESTRIAN,DIVIDED - W/MEDIAN (NOT RAISED),,STRAIGHT AND LEVEL,WET,NO DEFECTS,ON SCENE,INJURY AND / OR TOW DUE TO CRASH,Y,,,"OVER $1,500",04/25/2020 08:19:00 PM,DRIVING SKILLS/KNOWLEDGE/EXPERIENCE,FAILING TO YIELD RIGHT-OF-WAY,3000,S,KOSTNER AVE,1031.0,,,,,,,2,NONINCAPACITATING INJURY,1.0,0.0,0.0,1.0,0.0,1.0,0.0,20,7,4,41.8385324659,-87.7342677722,POINT (-87.734267772157 41.838532465925)
6e603558f52dc2cf868434d54205c56b6a5ffb66d19f15d545615affa0ee9e3650c3eaa9413b5f5ddfd8c212ba6616d9db5f4b02dfc7059316d2ca814d9fa9d6,JF372504,,08/04/2023 02:36:00 PM,30,STOP SIGN/FLASHER,FUNCTIONING PROPERLY,CLEAR,DAYLIGHT,TURNING,NOT DIVIDED,,STRAIGHT AND LEVEL,DRY,NO DEFECTS,NOT ON SCENE (DESK REPORT),NO INJURY / DRIVE AWAY,,,Y,"$501 - $1,500",08/07/2023 07:15:00 AM,IMPROPER OVERTAKING/PASSING,UNABLE TO DETERMINE,869,N,LARRABEE ST,1823.0,,,,,,,2,NO INDICATION OF INJURY,0.0,0.0,0.0,0.0,0.0,2.0,0.0,14,6,8,41.8984512934,-87.6428646842,POINT (-87.642864684175 41.898451293367)
d935c2fbc46b7e339273c8279d76fec6d38fabec6afe3664ec81b89f1fe4fcf66948e8a92b0b1ffd5c2dfa7076d81f0bb9b354d6240c38e11391150086a2905f,JD253999,Y,06/04/2020 12:00:00 AM,30,NO CONTROLS,NO CONTROLS,CLEAR,DARKNESS,PARKED MOTOR VEHICLE,PARKING LOT,,STRAIGHT AND LEVEL,DRY,NO DEFECTS,ON SCENE,NO INJURY / DRIVE AWAY,,,Y,"$501 - $1,500",06/04/2020 08:22:00 PM,UNABLE TO DETERMINE,UNABLE TO DETERMINE,2334,W,VAN BUREN ST,1225.0,,,,,,,2,NO INDICATION OF INJURY,0.0,0.0,0.0,0.0,0.0,1.0,0.0,0,5,6,41.8762136128,-87.6852400373,POINT (-87.685240037294 41.876213612815)
af7fab1febf2b493c6cc7d944c54f87f4fbaf07afa8795dfacf3e534dee0ea007cd2110273958b9255bdedf798d80af384deb1eabec4ee2fa62dbae6a773a197,HY524772,,12/04/2015 03:10:00 PM,30,NO CONTROLS,NO CONTROLS,CLEAR,DAYLIGHT,PARKED MOTOR VEHICLE,NOT DIVIDED,2.0,STRAIGHT AND LEVEL,DRY,NO DEFECTS,ON SCENE,NO INJURY / DRIVE AWAY,,,,$500 OR LESS,12/04/2015 03:30:00 PM,UNABLE TO DETERMINE,NOT APPLICABLE,1821,E,90TH ST,413.0,,,,,,,2,NO INDICATION OF INJURY,0.0,0.0,0.0,0.0,0.0,1.0,0.0,15,6,12,41.7314201026,-87.5795403927,POINT (-87.579540392684 41.731420102631)
44d2cf8a4c06607f6dabed90b2470ec7633898d2fdffaf7f4e43324e1beb7e099099de3cca0510499e2786bbf7da5d26d2fddeece80b728586f7d0fd4a301d44,JD331041,,08/13/2020 02:20:00 PM,25,STOP SIGN/FLASHER,FUNCTIONING PROPERLY,CLEAR,DAYLIGHT,ANGLE,DIVIDED - W/MEDIAN (NOT RAISED),,STRAIGHT AND LEVEL,DRY,NO DEFECTS,ON SCENE,INJURY AND / OR TOW DUE TO CRASH,,,,"OVER $1,500",08/13/2020 02:23:00 PM,FAILING TO YIELD RIGHT-OF-WAY,NOT APPLICABLE,332,S,LARAMIE AVE,1522.0,,,,,,,2,NONINCAPACITATING INJURY,2.0,0.0,0.0,2.0,0.0,1.0,0.0,14,5,8,41.8757957178,-87.7550425496,POINT (-87.755042549612 41.875795717752)
12f30900a407ac9a35b1409a53b69e814bb68d257e96ff6a1927286b73928370200d72ab1c81cd3b6f5122925e046960befd261c5fc187742c7a1803982118e3,JA486411,,10/26/2017 08:30:00 AM,30,NO CONTROLS,NO CONTROLS,CLEAR,DAYLIGHT,PARKED MOTOR VEHICLE,DIVIDED - W/MEDIAN BARRIER,2.0,STRAIGHT AND LEVEL,DRY,NO DEFECTS,NOT ON SCENE (DESK REPORT),NO INJURY / DRIVE AWAY,,,,"$501 - $1,500",10/26/2017 09:42:00 AM,IMPROPER TURNING/NO SIGNAL,DRIVING SKILLS/KNOWLEDGE/EXPERIENCE,2200,W,95TH ST,2221.0,,,,,,,2,NO INDICATION OF INJURY,0.0,0.0,0.0,0.0,0.0,1.0,0.0,8,5,10,41.7211194132,-87.6772828232,POINT (-87.677282823239 41.721119413196)
8d34d07881e0533742555081533b404ef90b18949cbdbc6e7fa0db71ecf19c860dbc590e94395d3f431acd5e0b2c925e6fb372cde69185305422ed19315d04b3,JG418475,,09/10/2023 08:30:00 AM,30,NO CONTROLS,NO CONTROLS,CLEAR,DAYLIGHT,HEAD ON,NOT DIVIDED,,STRAIGHT AND LEVEL,DRY,NO DEFECTS,ON SCENE,INJURY AND / OR TOW DUE TO CRASH,,,,"OVER $1,500",09/10/2023 08:40:00 AM,EQUIPMENT - VEHICLE CONDITION,NOT APPLICABLE,1515,W,AUGUSTA BLVD,1213.0,,,,,,,3,NO INDICATION OF INJURY,0.0,0.0,0.0,0.0,0.0,2.0,0.0,8,1,9,41.8996283573,-87.6655604098,POINT (-87.665560409768 41.899628357337)
b6520307ddba74de9f0226114fa0531f5cbac3341b57afcc485a336bb7a95225ffa73dbfa75d5bf1099f9517350a873130e1744927c0c6f0910a7f365e863d97,JA205325,,03/29/2017 04:15:00 PM,30,NO CONTROLS,NO CONTROLS,RAIN,DUSK,TURNING,ONE-WAY,4.0,STRAIGHT AND LEVEL,WET,NO DEFECTS,NOT ON SCENE (DESK REPORT),NO INJURY / DRIVE AWAY,Y,,,"OVER $1,500",03/29/2017 07:15:00 PM,IMPROPER LANE USAGE,UNABLE TO DETERMINE,5720,S,INDIANA AVE,232.0,,,,,,,2,NO INDICATION OF INJURY,0.0,0.0,0.0,0.0,0.0,2.0,0.0,16,4,3,41.7904326484,-87.6208846025,POINT (-87.620884602504 41.790432648427)
eba274d5de9fbeba463d0897293d3d9c5623d1ed4a181756ab1b9ccdcf1435cafedb890d6bca9b7e3b7b86371f1f4c05c30c99cc27d7f5b33d701050591091eb,JB196472,,03/23/2018 08:05:00 AM,30,TRAFFIC SIGNAL,FUNCTIONING PROPERLY,CLEAR,DAYLIGHT,ANGLE,NOT DIVIDED,0.0,STRAIGHT AND LEVEL,DRY,NO DEFECTS,ON SCENE,INJURY AND / OR TOW DUE TO CRASH,Y,,,"OVER $1,500",03/23/2018 08:10:00 AM,DISREGARDING TRAFFIC SIGNALS,UNABLE TO DETERMINE,101,N,PULASKI RD,1122.0,,,,,,,2,NO INDICATION OF INJURY,0.0,0.0,0.0,0.0,0.0,2.0,0.0,8,6,3,41.8819885724,-87.7255608436,POINT (-87.725560843628 41.881988572417)