CRASH_RECORD_ID,RD_NO,CRASH_DATE_EST_I,CRASH_DATE,POSTED_SPEED_LIMIT,TRAFFIC_CONTROL_DEVICE,DEVICE_CONDITION,WEATHER_CONDITION,LIGHTING_CONDITION,FIRST_CRASH_TYPE,TRAFFICWAY_TYPE,LANE_CNT,ALIGNMENT,ROADWAY_SURFACE_COND,ROAD_DEFECT,REPORT_TYPE,CRASH_TYPE,INTERSECTION_RELATED_I,NOT_RIGHT_OF_WAY_I,HIT_AND_RUN_I,DAMAGE,DATE_POLICE_NOTIFIED,PRIM_CONTRIBUTORY_CAUSE,SEC_CONTRIBUTORY_CAUSE,STREET_NO,STREET_DIRECTION,STREET_NAME,BEAT_OF_OCCURRENCE,PHOTOS_TAKEN_I,STATEMENTS_TAKEN_I,DOORING_I,WORK_ZONE_I,WORK_ZONE_TYPE,WORKERS_PRESENT_I,NUM_UNITS,MOST_SEVERE_INJURY,INJURIES_TOTAL,INJURIES_FATAL,INJURIES_INCAPACITATING,INJURIES_NON_INCAPACITATING,INJURIES_REPORTED_NOT_EVIDENT,INJURIES_NO_INDICATION,INJURIES_UNKNOWN,CRASH_HOUR,CRASH_DAY_OF_WEEK,CRASH_MONTH,LATITUDE,LONGITUDE,LOCATION
65cb0b1f4778404e9d6302cdd6a93cf8fbd8093f683f341d03ed1af8f784f19729a406300d99201a06a9c4ccdbd20e91aabbdd3fb8a21c188fcf953383ca6106,JD359184,,09/07/2020 01:25:00 AM,30,TRAFFIC SIGNAL,NO CONTROLS,CLEAR,"DARKNESS, LIGHTED ROAD",REAR END,DIVIDED - W/MEDIAN (NOT RAISED),,STRAIGHT AND LEVEL,DRY,NO DEFECTS,NOT ON SCENE (DESK REPORT),NO INJURY / DRIVE AWAY,,,,"$501 - $1,500",09/07/2020 02:30:00 AM,FOLLOWING TOO CLOSELY,NOT APPLICABLE,5105,W,51ST ST,814.0,,,,,,,2,NO INDICATION OF INJURY,0.0,0.0,0.0,0.0,0.0,2.0,0.0,1,2,9,41.8001106876,-87.7505338029,POINT (-87.750533802913 41.800110687626)
3bc38037bc2cc5a4db4d4e7c7e96da14947f019222a6b7ce8a4fce6b1c9ef751c29ec2c73e70f8be4a94560e6543da96ffe5b3dbea854de90bf5ecb5572ec88b,HY539858,,12/16/2015 06:30:00 PM,30,NO CONTROLS,NO CONTROLS,CLEAR,"DARKNESS, LIGHTED ROAD",SIDESWIPE SAME DIRECTION,NOT DIVIDED,6.0,STRAIGHT AND LEVEL,DRY,NO DEFECTS,NOT ON SCENE (DESK REPORT),NO INJURY / DRIVE AWAY,,,,"OVER $1,500",12/16/2015 07:40:00 PM,IMPROPER OVERTAKING/PASSING,NOT APPLICABLE,450,W,CHICAGO AVE,1823.0,,,,,,,2,NO INDICATION OF INJURY,0.0,0.0,0.0,0.0,0.0,2.0,0.0,18,4,12,41.8966140919,-87.6407139109,POINT (-87.640713910901 41.896614091948)
f69bee9eea4f719e28bcf2f2897a5a3b9e01869e4eac25dac0ee39983d6b4865d74915536161804b024e2cd9cc67c3f33dc470abfd3a06fd717a3afcb633dac3,JB301626,,06/10/2018 11:40:00 PM,30,TRAFFIC SIGNAL,FUNCTIONING PROPERLY,RAIN,DARKNESS,REAR END,NOT DIVIDED,2.0,STRAIGHT AND LEVEL,WET,NO DEFECTS,ON SCENE,INJURY AND / OR TOW DUE TO CRASH,Y,,,"OVER $1,500",06/10/2018 11:40:00 PM,UNDER THE INFLUENCE OF ALCOHOL/DRUGS (USE WHEN ARREST IS EFFECTED),FOLLOWING TOO CLOSELY,5900,S,NORMAL BLVD,711.0,,,,,,,2,NO INDICATION OF INJURY,0.0,0.0,0.0,0.0,0.0,2.0,0.0,23,1,6,41.7870550747,-87.6378071729,POINT (-87.637807172888 41.787055074662)
c36d7cf718f0e1a0c8e73189f3cc3a08f711ee02469bdbd8863ac3d58480b5743a474e7cdde9845efdf6e0759822af94ee1b46a3c01b318d5c95d74e02fa3066,JD164028,,02/25/2020 08:45:00 AM,35,NO CONTROLS,NO CONTROLS,CLEAR,DAYLIGHT,REAR END,NOT DIVIDED,,STRAIGHT AND LEVEL,DRY,NO DEFECTS,ON SCENE,INJURY AND / OR TOW DUE TO CRASH,,,,"OVER $1,500",02/25/2020 09:00:00 AM,FOLLOWING TOO CLOSELY,FOLLOWING TOO CLOSELY,3567,W,COLUMBUS AVE,834.0,,,,,,,3,"REPORTED, NOT EVIDENT",1.0,0.0,0.0,0.0,1.0,2.0,0.0,8,3,2,41.7436196651,-87.7111625063,POINT (-87.711162506252 41.743619665089)
aafc23cc618ed4a97b0a417e373d0f2ba67afafac3c40ffe8cb11dcf86c9a9dda616b7e20f91164bea63883e8eb0df0c718938376d778c1ff3ab234242c30df4,JB284846,Y,05/30/2018 09:04:00 AM,25,STOP SIGN/FLASHER,FUNCTIONING PROPERLY,CLEAR,DAYLIGHT,REAR END,NOT DIVIDED,4.0,STRAIGHT AND LEVEL,DRY,NO DEFECTS,ON SCENE,INJURY AND / OR TOW DUE TO CRASH,,,Y,$500 OR LESS,05/30/2018 09:10:00 AM,FOLLOWING TOO CLOSELY,UNABLE TO DETERMINE,4256,W,CHICAGO AVE,1111.0,,,,,,,2,NO INDICATION OF INJURY,0.0,0.0,0.0,0.0,0.0,2.0,0.0,9,4,5,41.8953442156,-87.7333357221,POINT (-87.733335722091 41.895344215622)
67b2234449061f7de2b711e8147b2ea3c752d34e5a5276eccb3228480cee4d874fef989c871b391cdd1a6e1bd5c2b0971a854f8715302031248807273a766784,JC163075,,02/23/2019 01:08:00 PM,5,NO CONTROLS,NO CONTROLS,RAIN,DAYLIGHT,PARKED MOTOR VEHICLE,PARKING LOT,2.0,STRAIGHT AND LEVEL,WET,NO DEFECTS,NOT ON SCENE (DESK REPORT),NO INJURY / DRIVE AWAY,,Y,,"OVER $1,500",02/23/2019 01:45:00 PM,IMPROPER BACKING,UNABLE TO DETERMINE,11105,S,HALSTED ST,2233.0,,,,,,,2,NO INDICATION OF INJURY,0.0,0.0,0.0,0.0,0.0,1.0,0.0,13,7,2,41.6921541883,-87.6422271012,POINT (-87.64222710123 41.692154188339)
9784d98ad365c6b519c4221722ae6bf325bad0c6f2e5237322d4ac24698082fc2f6a328c450132f71a2feb3ba88975553adabdcc9294ee07eedb24b6a804b772,JG282868,,05/31/2023 07:35:00 PM,30,TRAFFIC SIGNAL,FUNCTIONING PROPERLY,CLEAR,DUSK,REAR END,FOUR WAY,,STRAIGHT AND LEVEL,DRY,NO DEFECTS,NOT ON SCENE (DESK REPORT),NO INJURY / DRIVE AWAY,Y,,Y,"$501 - $1,500",05/31/2023 08:10:00 PM,UNABLE TO DETERMINE,NOT APPLICABLE,2401,W,ROOSEVELT RD,1023.0,,,,,,,2,NO INDICATION OF INJURY,0.0,0.0,0.0,0.0,0.0,2.0,0.0,19,4,5,41.866501191,-87.686157599,POINT (-87.686157599021 41.866501191036)
c5ec5e2193e263c19783eb2a2cf03ebb1188531844a2a862574c79313f10714afdce7d38bd60a235212b45cc25de5aed39fcb312ba62bf74ca20bfd4385832d7,JA344780,,07/12/2017 09:20:00 AM,30,TRAFFIC SIGNAL,FUNCTIONING PROPERLY,RAIN,DAYLIGHT,SIDESWIPE SAME DIRECTION,NOT DIVIDED,,STRAIGHT AND LEVEL,WET,NO DEFECTS,NOT ON SCENE (DESK REPORT),NO INJURY / DRIVE AWAY,,,Y,"OVER $1,500",07/12/2017 12:16:00 PM,FOLLOWING TOO CLOSELY,FOLLOWING TOO CLOSELY,541,N,FAIRBANKS CT,1834.0,,,,,,,2,NO INDICATION OF INJURY,0.0,0.0,0.0,0.0,0.0,2.0,0.0,9,4,7,41.8922749656,-87.6200987945,POINT (-87.620098794549 41.892274965647)
7fcb07d0c0b949ca02b04f5f3cd870702bd44fcfe4e2eba255351651d67812beeb23590f57edca40bddd7fc800c1dde6f4117feb24a41090e7ae3174f5c36e0e,JB139198,,02/02/2018 07:48:00 PM,30,STOP SIGN/FLASHER,FUNCTIONING PROPERLY,CLEAR,"DARKNESS, LIGHTED ROAD",ANGLE,DIVIDED - W/MEDIAN (NOT RAISED),2.0,STRAIGHT AND LEVEL,DRY,NO DEFECTS,NOT ON SCENE (DESK REPORT),NO INJURY / DRIVE AWAY,Y,,,"$501 - $1,500",02/02/2018 08:00:00 PM,FAILING TO YIELD RIGHT-OF-WAY,NOT APPLICABLE,901,N,ORLEANS ST,1823.0,,,,,,,2,NO INDICATION OF INJURY,0.0,0.0,0.0,0.0,0.0,5.0,0.0,19,6,2,41.8989860035,-87.6371165168,POINT (-87.637116516794 41.898986003545)
fb2b9e279646a6cd4f71799cb97c0f020b6e6d2b5aa0ee471657b305d13a1b8c53dffd36446f779b925953d83f56901ce41c4e3666d77d4fb081b1433ae59f6e,HZ398275,,08/17/2016 06:00:00 AM,30,NO CONTROLS,NO CONTROLS,UNKNOWN,UNKNOWN,PARKED MOTOR VEHICLE,ONE-WAY,1.0,STRAIGHT AND LEVEL,UNKNOWN,UNKNOWN,NOT ON SCENE (DESK REPORT),NO INJURY / DRIVE AWAY,,,Y,"OVER $1,500",08/19/2016 08:30:00 AM,NOT APPLICABLE,NOT APPLICABLE,4700,N,DAMEN AVE,1911.0,,,,,,,2,NO INDICATION OF INJURY,0.0,0.0,0.0,0.0,0.0,1.0,0.0,6,4,8,41.9669620117,-87.6792815301,POINT (-87.679281530067 41.96696201174)
05235ad66ab4c69521e0c8f24d83269c5fe05445be732681d8bd7ec5421bd504f265181833c2147744bd0d5721b65ea1520ec1c6d5e91b983b722cd12d9656ae,JC224827,N,04/15/2019 01:50:00 AM,35,NO CONTROLS,NOT FUNCTIONING,CLOUDY/OVERCAST,"DARKNESS, LIGHTED ROAD",PARKED MOTOR VEHICLE,NOT DIVIDED,2.0,STRAIGHT AND LEVEL,WET,WORN SURFACE,ON SCENE,INJURY AND / OR TOW DUE TO CRASH,,,Y,"OVER $1,500",04/15/2019 01:53:00 AM,NOT APPLICABLE,NOT APPLICABLE,322,W,72ND ST,731.0,,,,,,,4,NO INDICATION OF INJURY,0.0,0.0,0.0,0.0,0.0,1.0,0.0,1,2,4,41.7636653525,-87.633170604,POINT (-87.63317060398 41.763665352484)
2b436029ddde729a74a29d8a199c238276a5f7cc16482ab3aae4a255cd551a62aa4ef6cb0ee4fd677bc20345ab91338eddcc76f6f1c86b9ce1c81a780279b1e3,JF188738,,03/28/2022 12:10:00 AM,30,TRAFFIC SIGNAL,FUNCTIONING PROPERLY,UNKNOWN,"DARKNESS, LIGHTED ROAD",REAR END,CENTER TURN LANE,,STRAIGHT AND LEVEL,UNKNOWN,UNKNOWN,ON SCENE,NO INJURY / DRIVE AWAY,,,Y,"OVER $1,500",03/28/2022 12:19:00 AM,UNABLE TO DETERMINE,UNABLE TO DETERMINE,1601,W,NORTH AVE,1433.0,,,,,,,2,NO INDICATION OF INJURY,0.0,0.0,0.0,0.0,0.0,5.0,0.0,0,2,3,41.9105196353,-87.6677496863,POINT (-87.667749686328 41.910519635296)
6859581a2e8e0efb5498f88f0dfc6c14818776908a2940e3f1e3df591b25b02f683b04478f4c1c8a1bfd8c6002a2ed0c44e649b490351ad8704c0b84ec4dec2d,JB120965,,01/18/2018 06:00:00 PM,35,LANE USE MARKING,FUNCTIONING PROPERLY,CLEAR,DUSK,REAR END,DIVIDED - W/MEDIAN BARRIER,4.0,STRAIGHT ON HILLCREST,DRY,NO DEFECTS,ON SCENE,NO INJURY / DRIVE AWAY,,,,"OVER $1,500",01/18/2018 06:15:00 PM,FAILING TO REDUCE SPEED TO AVOID CRASH,FOLLOWING TOO CLOSELY,5601,N,EAST RIVER RD,1614.0,,Y,,,,,4,NO INDICATION OF INJURY,0.0,0.0,0.0,0.0,0.0,4.0,0.0,18,5,1,41.9810867794,-87.8462872048,POINT (-87.846287204837 41.981086779444)
152181f6473771873a917b8694dab866a1d8653e2ec69f23c9a26786387647138ab4a7f3844927d5756d64e91ce89fb1b46d01e814e1644bd0946c23ac816048,JA212982,,04/04/2017 08:00:00 PM,30,NO CONTROLS,NO CONTROLS,CLEAR,DARKNESS,SIDESWIPE SAME DIRECTION,UNKNOWN,2.0,STRAIGHT AND LEVEL,DRY,NO DEFECTS,NOT ON SCENE (DESK REPORT),NO INJURY / DRIVE AWAY,,,,"OVER $1,500",04/05/2017 03:17:00 AM,UNABLE TO DETERMINE,UNABLE TO DETERMINE,5400,S,WESTERN AVE,923.0,,,,,,,2,NO INDICATION OF INJURY,0.0,0.0,0.0,0.0,0.0,2.0,0.0,20,3,4,41.7951704412,-87.6842194389,POINT (-87.684219438912 41.795170441201)
3d22f3a19657572e883eb8e38aecfa9642d5becf50aa3bb5eac48029e744543dff2f93ce6de5ba2a90931848031a9c0071914d09247c213df0756e768fc01011,JG193625,Y,03/21/2023 01:00:00 PM,30,UNKNOWN,UNKNOWN,UNKNOWN,UNKNOWN,PARKED MOTOR VEHICLE,NOT DIVIDED,,STRAIGHT AND LEVEL,UNKNOWN,UNKNOWN,NOT ON SCENE (DESK REPORT),NO INJURY / DRIVE AWAY,,,Y,"$501 - $1,500",03/21/2023 01:28:00 PM,UNABLE TO DETERMINE,UNABLE TO DETERMINE,4800,N,MARINE DR,2024.0,,,,,,,2,NO INDICATION OF INJURY,0.0,0.0,0.0,0.0,0.0,1.0,0.0,13,3,3,41.9691990956,-87.6497928198,POINT (-87.649792819803 41.96919909557)
35939b111a0a43aed2677b8cb6306a95217109dfd839039e73ec7ffe90807a28f730e6d822a4507232ffcaa84a0878f11f9f0874660a5e1fc82e3c2290c2a0ec,HY532330,,12/10/2015 06:00:00 PM,30,TRAFFIC SIGNAL,FUNCTIONING PROPERLY,CLEAR,DARKNESS,SIDESWIPE SAME DIRECTION,DIVIDED - W/MEDIAN (NOT RAISED),4.0,STRAIGHT AND LEVEL,DRY,NO DEFECTS,NOT ON SCENE (DESK REPORT),NO INJURY / DRIVE AWAY,,,,"$501 - $1,500",12/10/2015 07:00:00 PM,IMPROPER LANE USAGE,NOT APPLICABLE,800,N,HALSTED ST,1213.0,,,,,,,2,NO INDICATION OF INJURY,0.0,0.0,0.0,0.0,0.0,3.0,0.0,18,5,12,41.8964740178,-87.6478949927,POINT (-87.647894992663 41.896474017804)
6c2303e2a6c2e38f326fc4b11f86b402305105b659748b14a57d190a862df48541276c7aa5eb500adecbf506bdf35187bda24a1924e1b4cd295a4f0b76035fff,JF306663,N,07/05/2022 06:00:00 PM,30,STOP SIGN/FLASHER,UNKNOWN,UNKNOWN,UNKNOWN,PEDESTRIAN,UNKNOWN,,STRAIGHT AND LEVEL,UNKNOWN,UNKNOWN,ON SCENE,INJURY AND / OR TOW DUE TO CRASH,Y,,,"OVER $1,500",07/05/2022 06:43:00 PM,FAILING TO REDUCE SPEED TO AVOID CRASH,NOT APPLICABLE,6700,S,EAST END AVE,332.0,,,,,,,2,"REPORTED, NOT EVIDENT",1.0,0.0,0.0,0.0,1.0,1.0,0.0,18,3,7,41.7732670268,-87.5840057692,POINT (-87.584005769245 41.773267026768)
8c6d972c1def3e835ea7da9117373733e202e0a5fbded8bc8a28710708f71aca3554bcca3d8fb1a1ea3c1a4d64120999fada8b67ff903d334e05c56f8bfbf539,JF247698,Y,05/19/2022 07:30:00 AM,10,NO CONTROLS,NO CONTROLS,CLEAR,DAYLIGHT,PARKED MOTOR VEHICLE,PARKING LOT,,STRAIGHT AND LEVEL,DRY,NO DEFECTS,ON SCENE,NO INJURY / DRIVE AWAY,,Y,Y,$500 OR LESS,05/19/2022 08:15:00 AM,UNABLE TO DETERMINE,UNABLE TO DETERMINE,125,W,OHIO ST,1831.0,,,,,,,2,NO INDICATION OF INJURY,0.0,0.0,0.0,0.0,0.0,1.0,0.0,7,5,5,41.8923036656,-87.6322686074,POINT (-87.632268607442 41.892303665638)
2437c14d658f4b8973bd34e8e43f99bdf915bbd14e4bbebac8d21d4c593052aaedd116466884f9c6fa5dce37666aefe7ebd810b77658443530d3f341ee8910f3,JF267782,,06/04/2022 05:45:00 PM,30,NO CONTROLS,NO CONTROLS,CLEAR,DAYLIGHT,ANGLE,NOT DIVIDED,,STRAIGHT AND LEVEL,DRY,NO DEFECTS,NOT ON SCENE (DESK REPORT),NO INJURY / DRIVE AWAY,,,,"$501 - $1,500",06/04/2022 06:30:00 PM,UNABLE TO DETERMINE,NOT APPLICABLE,5959,N,SHERIDAN RD,2433.0,,,,,,,2,NO INDICATION OF INJURY,0.0,0.0,0.0,0.0,0.0,2.0,0.0,17,7,6,41.9908012733,-87.6552605922,POINT (-87.655260592201 41.990801273307)
3e7d93915cd0989285edb727d042d189d34ccb7ce98a2ba8921bb328736ee8180491f7ec1e2b0a22dd5f1d0853f424705359ab4ecf58a7e8baa2318a9946cc79,JB485173,,10/21/2018 05:30:00 PM,35,NO CONTROLS,NO CONTROLS,CLEAR,DAYLIGHT,PARKED MOTOR VEHICLE,NOT DIVIDED,2.0,STRAIGHT AND LEVEL,DRY,NO DEFECTS,NOT ON SCENE (DESK REPORT),NO INJURY / DRIVE AWAY,,,,"$501 - $1,500",10/22/2018 10:13:00 AM,IMPROPER BACKING,IMPROPER BACKING,7231,S,HERMITAGE AVE,735.0,,,,,,,2,NO INDICATION OF INJURY,0.0,0.0,0.0,0.0,0.0,1.0,0.0,17,1,10,41.7621150317,-87.6672377389,POINT (-87.667237738914 41.762115031683)
15959ec6f3b5738f39e324fc1437e7628bf2582e326eef498d91b93e2debb67da2d3b40454dbb5056a82fde2173e3cb2ad7588e510742c70d929f46958857463,JG195716,,03/23/2023 06:52:00 AM,30,NO CONTROLS,NO CONTROLS,RAIN,DAYLIGHT,ANGLE,DIVIDED - W/MEDIAN (NOT RAISED),,STRAIGHT AND LEVEL,WET,NO DEFECTS,,INJURY AND / OR TOW DUE TO CRASH,,,Y,"OVER $1,500",03/23/2023 06:52:00 AM,UNABLE TO DETERMINE,UNABLE TO DETERMINE,6220,S,WESTERN AVE,825.0,,,,,,,2,NONINCAPACITATING INJURY,1.0,0.0,0.0,1.0,0.0,2.0,0.0,6,5,3,41.780390452,-87.683818193,POINT (-87.683818193019 41.780390451976)
f03c42062a352f6502d09203ed0a73dac93cfab811393b5d9e2a7c279e3cddba4b54ed0462f2e406a38155b1d9d409c46b87f1461dad5b4feca7926c75d4bd57,JB178922,,03/09/2018 03:00:00 AM,30,NO CONTROLS,NO CONTROLS,CLEAR,"DARKNESS, LIGHTED ROAD",FIXED OBJECT,ONE-WAY,2.0,STRAIGHT AND LEVEL,DRY,NO DEFECTS,ON SCENE,INJURY AND / OR TOW DUE TO CRASH,,,N,"OVER $1,500",03/09/2018 03:10:00 AM,UNABLE TO DETERMINE,UNABLE TO DETERMINE,902,S,INDEPENDENCE BLVD,1133.0,,,,,,,1,NO INDICATION OF INJURY,0.0,0.0,0.0,0.0,0.0,1.0,0.0,3,6,3,41.8697544178,-87.7203821861,POINT (-87.720382186053 41.869754417818)
12bda824afecacd90e571f46117d7c3c2d56ee7df9f015f30357fb4feeedf20d35acf44e126b19a9e29d402ba78dbd66af914d3754b90f3135a6dfa86b83912d,JE281089,,06/26/2021 01:38:00 PM,30,NO CONTROLS,NO CONTROLS,CLOUDY/OVERCAST,DAYLIGHT,REAR END,DIVIDED - W/MEDIAN (NOT RAISED),,STRAIGHT AND LEVEL,WET,NO DEFECTS,NOT ON SCENE (DESK REPORT),NO INJURY / DRIVE AWAY,,,,"$501 - $1,500",06/27/2021 10:20:00 AM,FOLLOWING TOO CLOSELY,NOT APPLICABLE,3501,W,FULLERTON AVE,1413.0,,,,,,,2,NO INDICATION OF INJURY,0.0,0.0,0.0,0.0,0.0,3.0,0.0,13,7,6,41.9245341658,-87.7137768714,POINT (-87.713776871358 41.924534165828)
206589b1d68735654f5a982d320862b7c098f7c79e014727890b24df3e393b1d64dd134ae175d3b36f7c4d42c7cdfe8ea82a7a6b02254aeb4587a6248766b58c,JF523245,,12/26/2022 12:43:00 AM,35,TRAFFIC SIGNAL,FUNCTIONING PROPERLY,FREEZING RAIN/DRIZZLE,"DARKNESS, LIGHTED ROAD",PEDESTRIAN,FOUR WAY,,STRAIGHT AND LEVEL,SNOW OR SLUSH,NO DEFECTS,NOT ON SCENE (DESK REPORT),INJURY AND / OR TOW DUE TO CRASH,N,,Y,"OVER $1,500",12/26/2022 04:11:00 PM,TURNING RIGHT ON RED,NOT APPLICABLE,800,W,ADDISON ST,1923.0,,,,,,,2,"REPORTED, NOT EVIDENT",1.0,0.0,0.0,0.0,1.0,1.0,0.0,0,2,12,41.9474264204,-87.649540425,POINT (-87.649540424981 41.9474264204)
42c7b28ed32bf92ceb76b964496aaf6aff0d2c31c08d91fae193ec7fe0c72606dc9b7ab4e98533e6a56acd842983e40dcdb0d2a160fa48c79ef8aa91b9a98196,JF228905,,05/03/2022 02:50:00 PM,25,NO CONTROLS,NO CONTROLS,RAIN,DAYLIGHT,PARKED MOTOR VEHICLE,NOT DIVIDED,,STRAIGHT AND LEVEL,WET,NO DEFECTS,,NO INJURY / DRIVE AWAY,,,Y,"OVER $1,500",05/03/2022 03:30:00 PM,UNABLE TO DETERMINE,UNABLE TO DETERMINE,4700,W,FLOURNOY ST,1131.0,,,,,,,2,NO INDICATION OF INJURY,0.0,0.0,0.0,0.0,0.0,1.0,0.0,14,3,5,41.8724190745,-87.742600422,POINT (-87.742600421981 41.872419074484)
57d24ee1493ae61e9bd54f100d6a563d9aa47febcf599de6628fa87a86cca5f1266d74fcd98bcbfeab0732d7ac495f32154b046808efc14aa112fe26bc1b112b,HZ124604,,01/22/2016 11:15:00 AM,30,UNKNOWN,UNKNOWN,UNKNOWN,UNKNOWN,SIDESWIPE SAME DIRECTION,NOT DIVIDED,4.0,STRAIGHT AND LEVEL,UNKNOWN,UNKNOWN,NOT ON SCENE (DESK REPORT),NO INJURY / DRIVE AWAY,,,,"OVER $1,500",01/22/2016 02:50:00 PM,UNABLE TO DETERMINE,NOT APPLICABLE,4300,N,LARAMIE AVE,1624.0,,,,,,,2,NO INDICATION OF INJURY,0.0,0.0,0.0,0.0,0.0,4.0,0.0,11,6,1,41.958819269,-87.7574743731,POINT (-87.757474373098 41.958819269036)
312d68c2595294fc935b685f6a14224d26fc74a0f862dd68003b56fb660dd6cdb3525239bef65ab6f696259375620b71332ba90672ab030bc0eb9a3266a8ade0,JC255787,,05/09/2019 07:30:00 AM,30,TRAFFIC SIGNAL,FUNCTIONING PROPERLY,CLEAR,DAYLIGHT,TURNING,NOT DIVIDED,,STRAIGHT AND LEVEL,DRY,NO DEFECTS,NOT ON SCENE (DESK REPORT),NO INJURY / DRIVE AWAY,,,,"OVER $1,500",05/09/2019 08:30:00 AM,FAILING TO YIELD RIGHT-OF-WAY,UNABLE TO DETERMINE,2200,S,LEAVITT ST,1034.0,,,,,,,2,NO INDICATION OF INJURY,0.0,0.0,0.0,0.0,0.0,4.0,0.0,7,5,5,41.8520506227,-87.6808888562,POINT (-87.68088885618 41.852050622684)
81232584fbc9f3e512ee5a0ce6b4dc08c59a83969958058c15bbe0a756d581cead29f624a65b7c51a88f096e94d88d4d07fe59c30ac794d3bd23764006d268b4,JG152450,,02/12/2023 01:00:00 AM,30,NO CONTROLS,NO CONTROLS,CLEAR,"DARKNESS, LIGHTED ROAD",FIXED OBJECT,FOUR WAY,,STRAIGHT AND LEVEL,DRY,NO DEFECTS,NOT ON SCENE (DESK REPORT),INJURY AND / OR TOW DUE TO CRASH,Y,,,"$501 - $1,500",02/14/2023 01:22:00 PM,UNABLE TO DETERMINE,UNABLE TO DETERMINE,10701,S,WENTWORTH AVE,513.0,,,,,,,1,NO INDICATION OF INJURY,0.0,0.0,0.0,0.0,0.0,3.0,0.0,1,1,2,41.6997705865,-87.6279401551,POINT (-87.627940155053 41.699770586498)
93b3f68463b07bf73b907fc181fa0d4535da7feeb019d42a8f57b34bf273f131bd11f6b46b372712b20d402176894c0fefefba0a324e323f10208514c2ca50f7,JG277119,,05/27/2023 10:25:00 AM,30,NO CONTROLS,NO CONTROLS,CLEAR,DAYLIGHT,PARKED MOTOR VEHICLE,DIVIDED - W/MEDIAN (NOT RAISED),,STRAIGHT AND LEVEL,DRY,UNKNOWN,ON SCENE,INJURY AND / OR TOW DUE TO CRASH,,,,"OVER $1,500",05/27/2023 10:30:00 AM,UNABLE TO DETERMINE,UNABLE TO DETERMINE,1840,N,KIMBALL AVE,1422.0,,,,,,,2,NONINCAPACITATING INJURY,1.0,0.0,0.0,1.0,0.0,0.0,0.0,10,7,5,41.9149157608,-87.7119866922,POINT (-87.711986692232 41.914915760761)
a23b0555ba2686af64333bd98b1a6f212d413797b2888625d4d5f1e5aaa78f0ff7156fbd763a2cdd553f93894162b5ff9b0db6bec5b3c4cd22c9372563bef7c6,JF478575,,11/17/2022 07:30:00 PM,30,NO CONTROLS,NO CONTROLS,CLEAR,"DARKNESS, LIGHTED ROAD",PARKED MOTOR VEHICLE,ONE-WAY,,STRAIGHT AND LEVEL,DRY,NO DEFECTS,NOT ON SCENE (DESK REPORT),NO INJURY / DRIVE AWAY,,,Y,"OVER $1,500",11/17/2022 08:40:00 PM,UNABLE TO DETERMINE,UNABLE TO DETERMINE,4237,W,GLADYS AVE,1132.0,,,,,,,2,NO INDICATION OF INJURY,0.0,0.0,0.0,0.0,0.0,1.0,0.0,19,5,11,41.8759880138,-87.7319061543,POINT (-87.731906154317 41.875988013769)
8fe2b443f8d90e87d844daa8746bb5818a1d6f322d1a4cdff6bfa0c20848cec0eec64238544c971ad82451fdb9ed004d7ff32021b8eb6a2382613e93ef292eaa,JA482267,,10/23/2017 09:15:00 AM,30,TRAFFIC SIGNAL,FUNCTIONING PROPERLY,RAIN,DAYLIGHT,SIDESWIPE OPPOSITE DIRECTION,NOT DIVIDED,4.0,STRAIGHT AND LEVEL,WET,UNKNOWN,,NO INJURY / DRIVE AWAY,Y,,,$500 OR LESS,10/23/2017 09:48:00 AM,UNABLE TO DETERMINE,NOT APPLICABLE,3000,W,LAKE ST,1222.0,,,,,,,2,NO INDICATION OF INJURY,0.0,0.0,0.0,0.0,0.0,3.0,0.0,9,2,10,41.884187654,-87.7014111681,POINT (-87.701411168075 41.884187653953)
3e008370a38c2b0a0438eb2260c68fea6a04aa5a5e7cfc3c9c7d820bf9c56a8001ff5e003d2c81bc13e4b2f6a31fc8e6ad9beef09193650c89e283409dab0640,JE295783,,07/01/2021 05:00:00 PM,30,STOP SIGN/FLASHER,FUNCTIONING PROPERLY,CLEAR,DAYLIGHT,REAR END,DIVIDED - W/MEDIAN BARRIER,,STRAIGHT AND LEVEL,DRY,NO DEFECTS,NOT ON SCENE (DESK REPORT),NO INJURY / DRIVE AWAY,,,,"$501 - $1,500",07/09/2021 02:45:00 PM,UNABLE TO DETERMINE,NOT APPLICABLE,101,S,LAKE SHORE DR SB,114.0,,,,,,,2,NO INDICATION OF INJURY,0.0,0.0,0.0,0.0,0.0,2.0,0.0,17,5,7,41.8808569263,-87.6171033844,POINT (-87.617103384378 41.880856926277)
e0bfb9a8a1f0e5525b5907457c7726045b40e0f0197c823fda898dfb19eabb92a4f3d0faacd8c63bd76f18d49ba48816be380e6531eb597135deddfc5bc633f1,JA497040,,11/01/2017 12:15:00 PM,30,TRAFFIC SIGNAL,FUNCTIONING PROPERLY,CLEAR,DAYLIGHT,REAR END,NOT DIVIDED,,STRAIGHT AND LEVEL,DRY,UNKNOWN,NOT ON SCENE (DESK REPORT),NO INJURY / DRIVE AWAY,,,,$500 OR LESS,11/03/2017 10:51:00 AM,FOLLOWING TOO CLOSELY,DISTRACTION - FROM INSIDE VEHICLE,1600,E,93RD ST,413.0,,,,,,,2,NO INDICATION OF INJURY,0.0,0.0,0.0,0.0,0.0,2.0,0.0,12,4,11,41.7261003822,-87.5849155191,POINT (-87.584915519134 41.726100382181)