CRASH_RECORD_ID,RD_NO,CRASH_DATE_EST_I,CRASH_DATE,POSTED_SPEED_LIMIT,TRAFFIC_CONTROL_DEVICE,DEVICE_CONDITION,WEATHER_CONDITION,LIGHTING_CONDITION,FIRST_CRASH_TYPE,TRAFFICWAY_TYPE,LANE_CNT,ALIGNMENT,ROADWAY_SURFACE_COND,ROAD_DEFECT,REPORT_TYPE,CRASH_TYPE,INTERSECTION_RELATED_I,NOT_RIGHT_OF_WAY_I,HIT_AND_RUN_I,DAMAGE,DATE_POLICE_NOTIFIED,PRIM_CONTRIBUTORY_CAUSE,SEC_CONTRIBUTORY_CAUSE,STREET_NO,STREET_DIRECTION,STREET_NAME,BEAT_OF_OCCURRENCE,PHOTOS_TAKEN_I,STATEMENTS_TAKEN_I,DOORING_I,WORK_ZONE_I,WORK_ZONE_TYPE,WORKERS_PRESENT_I,NUM_UNITS,MOST_SEVERE_INJURY,INJURIES_TOTAL,INJURIES_FATAL,INJURIES_INCAPACITATING,INJURIES_NON_INCAPACITATING,INJURIES_REPORTED_NOT_EVIDENT,INJURIES_NO_INDICATION,INJURIES_UNKNOWN,CRASH_HOUR,CRASH_DAY_OF_WEEK,CRASH_MONTH,LATITUDE,LONGITUDE,LOCATION
80aff1aed17e47dffc4d9de1b233233e3c93e8a5f246dc21ac64d5ca40130bb62e11a098f73f7345c46be07268d87d5043db8c55f7a7906abd733f3154b1004a,JD316802,Y,07/31/2020 08:13:00 PM,35,TRAFFIC SIGNAL,UNKNOWN,CLEAR,DAWN,FIXED OBJECT,FOUR WAY,,STRAIGHT AND LEVEL,DRY,NO DEFECTS,ON SCENE,INJURY AND / OR TOW DUE TO CRASH,Y,,,"$501 - $1,500",07/31/2020 08:13:00 PM,NOT APPLICABLE,NOT APPLICABLE,1001,W,79TH ST,612.0,,,,,,,1,NO INDICATION OF INJURY,0.0,0.0,0.0,0.0,0.0,1.0,0.0,20,6,7,41.7504589467,-87.6489475217,POINT (-87.648947521654 41.750458946688)
f07648e4a521efbfe60af0d6c3f7a4b322dda2ca03d8fe8b1126abec18ff38af54b046b5b3e8c4e363551648ac8b7626b8c23de009ed23bf12b96a8b223b7d8b,JA115148,,01/09/2017 03:40:00 PM,30,NO CONTROLS,NO CONTROLS,CLEAR,DAWN,SIDESWIPE SAME DIRECTION,NOT DIVIDED,2.0,STRAIGHT AND LEVEL,DRY,NO DEFECTS,NOT ON SCENE (DESK REPORT),NO INJURY / DRIVE AWAY,,,,"$501 - $1,500",01/13/2017 08:15:00 PM,"EVASIVE ACTION DUE TO ANIMAL, OBJECT, NONMOTORIST","EVASIVE ACTION DUE TO ANIMAL, OBJECT, NONMOTORIST",2600,N,AUSTIN AVE,2512.0,,,,,,,2,NO INDICATION OF INJURY,0.0,0.0,0.0,0.0,0.0,2.0,0.0,15,2,1,41.9275038303,-87.7759890491,POINT (-87.775989049051 41.927503830282)
c06524521e32afada46a39d96ed7625dba3bb234187d2d8183eaf6f8bf89af53e8e5032fb311c0760a2bea02767597bc7bec1295128dddb5dc5ce6aaded2d5a4,JB131064,,01/26/2018 09:00:00 PM,30,NO CONTROLS,UNKNOWN,CLEAR,"DARKNESS, LIGHTED ROAD",SIDESWIPE SAME DIRECTION,DIVIDED - W/MEDIAN (NOT RAISED),2.0,STRAIGHT AND LEVEL,DRY,NO DEFECTS,NOT ON SCENE (DESK REPORT),NO INJURY / DRIVE AWAY,,,,"OVER $1,500",01/26/2018 09:20:00 PM,IMPROPER LANE USAGE,UNABLE TO DETERMINE,5028,N,CLARK ST,2032.0,,,,,,,2,NO INDICATION OF INJURY,0.0,0.0,0.0,0.0,0.0,4.0,0.0,21,6,1,41.9733590797,-87.6682237956,POINT (-87.668223795595 41.973359079658)
d2f3b781743656f148008795f94e835bcc30681754dcec259a13078fee1afd133c48391aadc5bbf91d0c3611aa1c16c4403008dda9665818679be01d8d6a8483,HZ369889,,07/29/2016 01:30:00 PM,0,NO CONTROLS,NO CONTROLS,CLEAR,DAYLIGHT,ANGLE,DIVIDED - W/MEDIAN BARRIER,,STRAIGHT AND LEVEL,WET,NO DEFECTS,NOT ON SCENE (DESK REPORT),NO INJURY / DRIVE AWAY,,,,"$501 - $1,500",07/29/2016 04:13:00 PM,IMPROPER BACKING,UNABLE TO DETERMINE,8700,S,PARNELL AVE,2223.0,,,,,,,2,NO INDICATION OF INJURY,0.0,0.0,0.0,0.0,0.0,4.0,0.0,13,6,7,41.7358218831,-87.6376761835,POINT (-87.637676183482 41.735821883134)
10ceb6ccd5b93e7fd3d016b7ca892d2a943e383bd7bd17bcecfed29e6f79dd9ad2303a5cb28177b70369e6f84cc7e9db07c9f0d8f067ed1816c1938c06f01f19,JD278270,,06/27/2020 01:30:00 PM,30,NO CONTROLS,NO CONTROLS,CLEAR,DAYLIGHT,PARKED MOTOR VEHICLE,PARKING LOT,,STRAIGHT AND LEVEL,DRY,NO DEFECTS,NOT ON SCENE (DESK REPORT),NO INJURY / DRIVE AWAY,,N,Y,"OVER $1,500",06/27/2020 04:25:00 PM,IMPROPER BACKING,NOT APPLICABLE,3857,S,DR MARTIN LUTHER KING JR DR,212.0,,,,,,,2,NO INDICATION OF INJURY,0.0,0.0,0.0,0.0,0.0,1.0,0.0,13,7,6,41.8239832515,-87.6168538908,POINT (-87.616853890785 41.823983251515)
4e1dcf09bbc1400f205fdb38913910a8da4238ed1763b22146d5c1ae0956c8b98e45f742887862de207b67f7d5c678bf2d92601b998dcffbcda77e9149d0b7e3,JE493225,,12/25/2021 11:00:00 PM,30,NO CONTROLS,NO CONTROLS,CLEAR,"DARKNESS, LIGHTED ROAD",PARKED MOTOR VEHICLE,ONE-WAY,,STRAIGHT AND LEVEL,DRY,NO DEFECTS,NOT ON SCENE (DESK REPORT),NO INJURY / DRIVE AWAY,,,,"$501 - $1,500",12/30/2021 05:46:00 PM,UNABLE TO DETERMINE,NOT APPLICABLE,8820,S,PARNELL AVE,2223.0,,,,,,,2,NO INDICATION OF INJURY,0.0,0.0,0.0,0.0,0.0,1.0,0.0,23,7,12,41.733692396,-87.6376162325,POINT (-87.637616232508 41.733692395987)
0958b4759814923b0f890623abf74c1e550d9c437b3bfef6fa9d754b40a80fb70d2b16a56fc3af9a207b544bed72d47965164320ff2680f960969415ab78ec8f,JE427995,,10/30/2021 03:00:00 PM,30,NO CONTROLS,NO CONTROLS,CLEAR,DAYLIGHT,TURNING,NOT DIVIDED,,STRAIGHT AND LEVEL,DRY,NO DEFECTS,NOT ON SCENE (DESK REPORT),NO INJURY / DRIVE AWAY,,,,"$501 - $1,500",10/30/2021 03:25:00 PM,FAILING TO YIELD RIGHT-OF-WAY,NOT APPLICABLE,8400,W,BRYN MAWR AVE,1614.0,,,,,,,2,NO INDICATION OF INJURY,0.0,0.0,0.0,0.0,0.0,2.0,0.0,15,7,10,41.9796502194,-87.836658111,POINT (-87.836658110996 41.979650219435)
4f45d1694298cdb5fc1e0566c87cbc716519f50c0b2cf493958866b2f3dee936ad5c0b0562bb82a8bda76f74637833ae74fc3fc00788ee739437d0d0f26aef8b,JC395895,,08/17/2019 07:00:00 AM,30,NO CONTROLS,NO CONTROLS,CLEAR,DAYLIGHT,SIDESWIPE SAME DIRECTION,DIVIDED - W/MEDIAN BARRIER,,STRAIGHT AND LEVEL,DRY,NO DEFECTS,ON SCENE,INJURY AND / OR TOW DUE TO CRASH,,,N,"OVER $1,500",08/17/2019 07:07:00 AM,IMPROPER LANE USAGE,FAILING TO YIELD RIGHT-OF-WAY,1000,N,LAKE SHORE DR SB,1824.0,,,,,,,3,NO INDICATION OF INJURY,0.0,0.0,0.0,0.0,0.0,3.0,0.0,7,7,8,41.9009589191,-87.6199281737,POINT (-87.619928173678 41.900958919109)
3c48286205fbd7a6569eada0703aa196d12e058c92fbc060a2031a4f8f02331b413d9494a5ec1b1590164412ca5b07330c6b074b2854d06b38136c6aefc2a7ac,JE207581,,04/06/2021 06:23:00 PM,40,NO CONTROLS,UNKNOWN,CLEAR,DAYLIGHT,OTHER OBJECT,DIVIDED - W/MEDIAN BARRIER,,"CURVE, LEVEL",DRY,"RUT, HOLES",NOT ON SCENE (DESK REPORT),INJURY AND / OR TOW DUE TO CRASH,,,,"OVER $1,500",04/23/2021 10:30:00 AM,ROAD ENGINEERING/SURFACE/MARKING DEFECTS,NOT APPLICABLE,5400,S,LAKE SHORE DR SB,234.0,,,,,,,1,NONINCAPACITATING INJURY,1.0,0.0,0.0,1.0,0.0,0.0,0.0,18,3,4,41.7979610492,-87.5809148817,POINT (-87.58091488167 41.797961049216)
4b88d679cf3fdc435d37a147d1cf69d2156e85fde190c69ef0eb37b5eab905757aea4d77f9453284b04e255b240b72bfa770b5926d1ad700715c61b625055a54,JA279033,,05/25/2017 02:30:00 PM,30,NO CONTROLS,NO CONTROLS,CLEAR,DAYLIGHT,REAR END,NOT DIVIDED,2.0,STRAIGHT AND LEVEL,DRY,UNKNOWN,NOT ON SCENE (DESK REPORT),NO INJURY / DRIVE AWAY,,,,"OVER $1,500",05/25/2017 06:30:00 PM,UNABLE TO DETERMINE,UNABLE TO DETERMINE,1038,W,CHICAGO AVE,1213.0,,,,,,,2,NO INDICATION OF INJURY,0.0,0.0,0.0,0.0,0.0,2.0,0.0,14,5,5,41.8963951096,-87.6541109081,POINT (-87.654110908113 41.896395109558)
d79a0926008eb68161c89e04168028ba34913a8fc21de2dc6310ee199419863a0e5365363169dd5f95c479d464dad508e08e49f7f7546e4c5648510a1c615fa8,JB510735,,11/09/2018 12:53:00 PM,30,TRAFFIC SIGNAL,FUNCTIONING PROPERLY,CLEAR,DAYLIGHT,SIDESWIPE SAME DIRECTION,NOT DIVIDED,,STRAIGHT AND LEVEL,DRY,NO DEFECTS,NOT ON SCENE (DESK REPORT),NO INJURY / DRIVE AWAY,,,,"OVER $1,500",11/10/2018 10:30:00 AM,UNABLE TO DETERMINE,UNABLE TO DETERMINE,4343,N,KEDZIE AVE,1724.0,,,,,,,2,NO INDICATION OF INJURY,0.0,0.0,0.0,0.0,0.0,4.0,0.0,12,6,11,41.9606458833,-87.7080815092,POINT (-87.708081509175 41.960645883331)
fb7c712f9ec1bf263a8cde6cf19e3443dc97b2aff215116a133ba54cf18564ade0abe8d21f7a27e905cbb5d6c64881e297421a876f686f02e8f3c8ce78691600,JB425081,,09/06/2018 05:40:00 PM,30,TRAFFIC SIGNAL,FUNCTIONING PROPERLY,CLEAR,DAYLIGHT,REAR END,NOT DIVIDED,,STRAIGHT AND LEVEL,DRY,NO DEFECTS,NOT ON SCENE (DESK REPORT),NO INJURY / DRIVE AWAY,,,Y,$500 OR LESS,09/06/2018 06:10:00 PM,NOT APPLICABLE,NOT APPLICABLE,400,W,63RD ST,711.0,,,,,,,2,NO INDICATION OF INJURY,0.0,0.0,0.0,0.0,0.0,2.0,0.0,17,5,9,41.7800180367,-87.6351127639,POINT (-87.635112763932 41.780018036652)
74711647b34f073d791aa90b823a1c21a0b1da0d838d79c78266d257e4a2653030fed7d53020f0a37abd7361bd02a1b7bc3e49870e75817794eed261f2093b7b,JC292778,,06/05/2019 07:30:00 AM,30,NO CONTROLS,NO CONTROLS,CLEAR,DAYLIGHT,REAR TO SIDE,NOT DIVIDED,,STRAIGHT AND LEVEL,DRY,NO DEFECTS,NOT ON SCENE (DESK REPORT),NO INJURY / DRIVE AWAY,,,,"OVER $1,500",06/05/2019 08:00:00 AM,UNABLE TO DETERMINE,NOT APPLICABLE,2028,N,KIMBALL AVE,1413.0,,,,,,,2,NO INDICATION OF INJURY,0.0,0.0,0.0,0.0,0.0,2.0,0.0,7,4,6,41.91820575,-87.7120502194,POINT (-87.712050219444 41.918205749979)
e8f5f39a2bca69387487e7e96cdc925d02555df799dba76f61bb06df32d9b66c3dfbca16a24132ab9276228bb940243947390993f21adeb4e4242a7fcfbfd27a,JC552921,,12/19/2019 03:40:00 PM,30,NO CONTROLS,NO CONTROLS,CLEAR,DUSK,SIDESWIPE SAME DIRECTION,DIVIDED - W/MEDIAN (NOT RAISED),,STRAIGHT AND LEVEL,DRY,NO DEFECTS,ON SCENE,NO INJURY / DRIVE AWAY,,,,$500 OR LESS,12/19/2019 04:18:00 PM,UNABLE TO DETERMINE,UNABLE TO DETERMINE,4652,N,KIMBALL AVE,1723.0,,,,,,,2,NO INDICATION OF INJURY,0.0,0.0,0.0,0.0,0.0,2.0,0.0,15,5,12,41.9661999724,-87.7134429281,POINT (-87.713442928078 41.966199972371)
411b93ebfae4ef83472895e03dd99d49edb07292ef3c59d50ee95fa02d127c57abe269ebc59d7406ef2bbdab27a57d3bad6046bad4c7256a37edd4d38ebbfa45,JF170285,,03/11/2022 09:15:00 AM,30,UNKNOWN,UNKNOWN,CLEAR,DAYLIGHT,TURNING,DIVIDED - W/MEDIAN (NOT RAISED),,STRAIGHT AND LEVEL,DRY,UNKNOWN,NOT ON SCENE (DESK REPORT),NO INJURY / DRIVE AWAY,,,,"$501 - $1,500",03/11/2022 11:00:00 AM,IMPROPER TURNING/NO SIGNAL,UNABLE TO DETERMINE,4645,N,BROADWAY,1914.0,,,,,,,2,NO INDICATION OF INJURY,0.0,0.0,0.0,0.0,0.0,2.0,0.0,9,6,3,41.9666027944,-87.6580771638,POINT (-87.658077163772 41.966602794442)
a214df909c24f511de9d856fd63de41f37ea519372d128064185f388ed385641bc492d471abe8b1e8dbf3cb9e19fb481a04223f8f8601fa8decc539e5841a40b,JC461749,,10/06/2019 01:05:00 AM,30,TRAFFIC SIGNAL,FUNCTIONING PROPERLY,CLEAR,"DARKNESS, LIGHTED ROAD",TURNING,DIVIDED - W/MEDIAN (NOT RAISED),,STRAIGHT AND LEVEL,DRY,NO DEFECTS,ON SCENE,NO INJURY / DRIVE AWAY,Y,,Y,"OVER $1,500",10/06/2019 02:17:00 AM,FAILING TO YIELD RIGHT-OF-WAY,UNABLE TO DETERMINE,301,W,WACKER DR,122.0,,,,,,,2,NO INDICATION OF INJURY,0.0,0.0,0.0,0.0,0.0,4.0,0.0,1,1,10,41.8865996212,-87.6354069742,POINT (-87.635406974242 41.886599621239)
a4c8769ed8138e957e46c46f42c2aa6c8f5e314bdedcfea1d0a0c53ca0744766a179feb64459c80f49e2d7f10db4ab256cf11953c6251db8d7973b1cbb8aba5d,HZ456044,,09/30/2016 01:40:00 PM,30,TRAFFIC SIGNAL,FUNCTIONING PROPERLY,CLEAR,DAYLIGHT,TURNING,DIVIDED - W/MEDIAN (NOT RAISED),2.0,STRAIGHT AND LEVEL,DRY,UNKNOWN,NOT ON SCENE (DESK REPORT),NO INJURY / DRIVE AWAY,Y,,,"OVER $1,500",09/30/2016 05:00:00 PM,UNABLE TO DETERMINE,UNABLE TO DETERMINE,601,E,75TH ST,624.0,,,,,,,2,NO INDICATION OF INJURY,0.0,0.0,0.0,0.0,0.0,2.0,0.0,13,6,9,41.7583765747,-87.6101921144,POINT (-87.610192114446 41.758376574697)
7cc6ed7d72e6e2494545c0786eca87a707e44edca48531bd3268ef3944d842f922676b659cfedec5ee19de03273344151d628146029b44bacf7d8440457cb7e4,JE301887,,07/09/2021 11:38:00 PM,15,NO CONTROLS,NO CONTROLS,UNKNOWN,"DARKNESS, LIGHTED ROAD",PARKED MOTOR VEHICLE,NOT DIVIDED,,STRAIGHT AND LEVEL,UNKNOWN,NO DEFECTS,ON SCENE,NO INJURY / DRIVE AWAY,,,Y,"$501 - $1,500",07/15/2021 04:18:00 AM,FAILING TO REDUCE SPEED TO AVOID CRASH,NOT APPLICABLE,8505,S,KOSTNER AVE,834.0,,,,,,,2,NO INDICATION OF INJURY,0.0,0.0,0.0,0.0,0.0,1.0,0.0,23,6,7,41.7381484366,-87.7311086747,POINT (-87.731108674748 41.738148436599)
51c37f4196977b7b76f86c7a32e967a25a3ace514b38a91c49561623143df723bb05a7702b7ee28ea34e2971dc15c18725995306a53c764c4e1be011792b70fd,JG383446,,08/15/2023 10:55:00 AM,15,NO CONTROLS,NO CONTROLS,RAIN,DAYLIGHT,FIXED OBJECT,PARKING LOT,,STRAIGHT AND LEVEL,WET,NO DEFECTS,ON SCENE,INJURY AND / OR TOW DUE TO CRASH,,,,"OVER $1,500",08/15/2023 10:57:00 AM,UNABLE TO DETERMINE,UNABLE TO DETERMINE,4049,W,DIVERSEY AVE,2524.0,,,,,,,1,NO INDICATION OF INJURY,0.0,0.0,0.0,0.0,0.0,1.0,0.0,10,3,8,41.9316509511,-87.7289237107,POINT (-87.728923710662 41.931650951066)
454cca005c23f271ddcd2ee6ff5bc7fbed96d4c90c4d08ae5eab33af447f0755001a753ecd229abaa4ef429ce5b20bc1505045d82b702568fd0e85764b154d65,JB427563,,09/08/2018 06:30:00 AM,0,TRAFFIC SIGNAL,FUNCTIONING PROPERLY,CLEAR,DAYLIGHT,REAR END,DIVIDED - W/MEDIAN (NOT RAISED),4.0,STRAIGHT AND LEVEL,DRY,NO DEFECTS,NOT ON SCENE (DESK REPORT),NO INJURY / DRIVE AWAY,,,,"$501 - $1,500",09/08/2018 04:14:00 PM,FOLLOWING TOO CLOSELY,UNABLE TO DETERMINE,5991,N,RIDGE AVE,2012.0,,,,,,,2,NO INDICATION OF INJURY,0.0,0.0,0.0,0.0,0.0,2.0,0.0,6,7,9,41.9907022856,-87.6717422169,POINT (-87.671742216894 41.990702285627)
4ef47e151830cc6721195cc913ecf95c25ec1a999b87950e8308f75843a8917fdd43bcde45e86cebe37975d6cc0dab828e64c0051e1b8d082a97e2993ccb33a8,JB186745,,03/14/2018 08:25:00 PM,20,NO CONTROLS,NO CONTROLS,CLEAR,"DARKNESS, LIGHTED ROAD",TURNING,NOT DIVIDED,,STRAIGHT AND LEVEL,DRY,UNKNOWN,NOT ON SCENE (DESK REPORT),NO INJURY / DRIVE AWAY,,,,"OVER $1,500",03/15/2018 02:10:00 PM,IMPROPER OVERTAKING/PASSING,UNABLE TO DETERMINE,4645,N,SIMONDS DR,1914.0,,,,,,,2,NO INDICATION OF INJURY,0.0,0.0,0.0,0.0,0.0,3.0,0.0,20,4,3,41.9675561856,-87.6438080972,POINT (-87.643808097212 41.967556185592)
309facd731fa96a592300c49cc4defcac4cdc5df2e7a0dc6480490f50ef89eadc38ead511c10bb2458d243c12383552acd98a10f17ec2a7dec67f64c68fb9ada,JC543083,,12/11/2019 02:00:00 PM,30,NO CONTROLS,NO CONTROLS,CLEAR,DAYLIGHT,SIDESWIPE SAME DIRECTION,ONE-WAY,,STRAIGHT AND LEVEL,DRY,NO DEFECTS,NOT ON SCENE (DESK REPORT),NO INJURY / DRIVE AWAY,,,,"$501 - $1,500",12/11/2019 03:00:00 PM,FAILING TO YIELD RIGHT-OF-WAY,HAD BEEN DRINKING (USE WHEN ARREST IS NOT MADE),607,W,WELLINGTON AVE,1934.0,,,,,,,2,NO INDICATION OF INJURY,0.0,0.0,0.0,0.0,0.0,2.0,0.0,14,4,12,41.9363922824,-87.6445773328,POINT (-87.644577332751 41.936392282403)
e4c6b8369b181bb2dc5c98701302a92ead14f603e7e5c2e2f6f300d710c7832bc0fdb4ade35ca77491f1f66169c734acb36c35bf205a87efd113d2e21036ba67,JC508858,,11/13/2019 11:41:00 AM,30,NO CONTROLS,NO CONTROLS,CLOUDY/OVERCAST,DAYLIGHT,HEAD ON,NOT DIVIDED,,STRAIGHT AND LEVEL,ICE,NO DEFECTS,ON SCENE,INJURY AND / OR TOW DUE TO CRASH,,,,"OVER $1,500",11/13/2019 11:44:00 AM,WEATHER,UNABLE TO DETERMINE,1004,W,58TH ST,712.0,,,,,,,2,NO INDICATION OF INJURY,0.0,0.0,0.0,0.0,0.0,2.0,0.0,11,4,11,41.7888799692,-87.6501269152,POINT (-87.650126915158 41.788879969175)
b875d72d46aa24d544c91ce8f1b03dc2d2fce0d452a1543493204f5351561ee09633a5f92352ea0a07b6311a666a2f73983b12aa3324a93f6aa387e620229f0e,JC226859,,04/16/2019 12:30:00 PM,25,NO CONTROLS,NO CONTROLS,CLEAR,DAYLIGHT,PARKED MOTOR VEHICLE,ONE-WAY,1.0,STRAIGHT AND LEVEL,DRY,NO DEFECTS,NOT ON SCENE (DESK REPORT),NO INJURY / DRIVE AWAY,,,,"OVER $1,500",04/16/2019 04:35:00 PM,IMPROPER BACKING,NOT APPLICABLE,7758,S,WOLCOTT AVE,611.0,,,,,,,2,NO INDICATION OF INJURY,0.0,0.0,0.0,0.0,0.0,1.0,0.0,12,3,4,41.7521731482,-87.6709079954,POINT (-87.670907995365 41.752173148248)
9efb744a54d67ed2478a3526512d6ee243ddf9bcd920b47c1d39886e5d0bef8d79274829f37fade4f7f64e99eb34186fd75d3fe8b6c714e594e75a09fda76524,HZ123691,,01/21/2016 04:50:00 AM,30,TRAFFIC SIGNAL,FUNCTIONING PROPERLY,CLEAR,DAWN,REAR END,NOT DIVIDED,4.0,STRAIGHT AND LEVEL,WET,UNKNOWN,NOT ON SCENE (DESK REPORT),NO INJURY / DRIVE AWAY,Y,,Y,"OVER $1,500",01/21/2016 06:35:00 PM,UNABLE TO DETERMINE,UNABLE TO DETERMINE,5322,S,CENTRAL AVE,811.0,,,,,,,2,NO INDICATION OF INJURY,0.0,0.0,0.0,0.0,0.0,2.0,0.0,4,5,1,41.79573461,-87.762555326,POINT (-87.762555325992 41.795734610035)
28e78387740ef41e14c7f948f471070c07a7e0080df8d98046a2dfa41c958afca285addc79c51d4cf21de0214ca1d155ed1593d74bc18af515e3170bc53c1192,JB107893,,01/07/2018 07:30:00 PM,30,NO CONTROLS,NO CONTROLS,SLEET/HAIL,"DARKNESS, LIGHTED ROAD",PEDESTRIAN,ONE-WAY,2.0,STRAIGHT AND LEVEL,WET,NO DEFECTS,ON SCENE,INJURY AND / OR TOW DUE TO CRASH,,,,"$501 - $1,500",01/07/2018 07:35:00 PM,FAILING TO REDUCE SPEED TO AVOID CRASH,NOT APPLICABLE,9,E,ILLINOIS ST,1834.0,,,N,,,,2,INCAPACITATING INJURY,1.0,0.0,1.0,0.0,0.0,1.0,0.0,19,1,1,41.8907619329,-87.6276332513,POINT (-87.627633251272 41.890761932866)
884d23e402978534c980b491823d9b6d4db5d84a211a3705e996a8a67d4ba8c7c4c6f7cdb765b10f378c3e233dd08fa0b90cd2b0811d2df1fe73d1b5e712726d,JG220829,,04/12/2023 05:30:00 PM,45,NO CONTROLS,NO CONTROLS,CLEAR,DAYLIGHT,REAR END,DIVIDED - W/MEDIAN BARRIER,,STRAIGHT AND LEVEL,DRY,NO DEFECTS,ON SCENE,INJURY AND / OR TOW DUE TO CRASH,,,,"OVER $1,500",04/12/2023 05:33:00 PM,IMPROPER LANE USAGE,FOLLOWING TOO CLOSELY,3850,S,LAKE SHORE DR SB,212.0,,,,,,,2,NO INDICATION OF INJURY,0.0,0.0,0.0,0.0,0.0,3.0,0.0,17,4,4,41.8264775353,-87.601439544,POINT (-87.601439544019 41.82647753533)
51415e58dfcab414092d9d48f6a04e0ec4c9b5499b2e87c8397393b73e66a9273ff36ed5a2f59c7a29c5320cb48b6900de13e83f609e96d921d144faa9f2d871,JG348119,,07/19/2023 08:00:00 PM,10,NO CONTROLS,NO CONTROLS,CLEAR,DAYLIGHT,PARKED MOTOR VEHICLE,PARKING LOT,,STRAIGHT AND LEVEL,UNKNOWN,UNKNOWN,NOT ON SCENE (DESK REPORT),NO INJURY / DRIVE AWAY,,Y,Y,"OVER $1,500",07/19/2023 09:18:00 PM,IMPROPER BACKING,NOT APPLICABLE,10759,S,EWING AVE,432.0,,,,,,,2,,,,,,,,,20,4,7,41.6991936006,-87.5351347558,POINT (-87.535134755768 41.699193600626)
2d3f9f2ea1025ac0591457111e4857f3e25976486b8dad719a62713bcb8682ad27c457b4544094389f5626aa856b585419389cdea0182a9e776c3bb7a508e339,JC520887,,11/22/2019 08:25:00 PM,30,NO CONTROLS,NO CONTROLS,CLEAR,"DARKNESS, LIGHTED ROAD",REAR END,NOT DIVIDED,,STRAIGHT ON GRADE,DRY,NO DEFECTS,ON SCENE,INJURY AND / OR TOW DUE TO CRASH,,,,"OVER $1,500",11/22/2019 08:27:00 PM,FAILING TO REDUCE SPEED TO AVOID CRASH,UNABLE TO DETERMINE,4720,W,ADDISON ST,1731.0,,,,,,,3,"REPORTED, NOT EVIDENT",2.0,0.0,0.0,0.0,2.0,1.0,0.0,20,6,11,41.9462594275,-87.7453612921,POINT (-87.745361292139 41.946259427545)
a8183a150257cf63f4aa83af4f1a45c19746befe9d9866643cb484f37bfa1378ba408c82fa6625c46ee1cafef0e02119e6339e780b44f24345b85a9f1b4d8b6b,JC506338,,11/08/2019 09:30:00 AM,30,NO CONTROLS,NO CONTROLS,CLEAR,DAYLIGHT,REAR TO SIDE,NOT DIVIDED,,STRAIGHT AND LEVEL,DRY,NO DEFECTS,NOT ON SCENE (DESK REPORT),NO INJURY / DRIVE AWAY,Y,,,"OVER $1,500",11/11/2019 10:45:00 AM,IMPROPER BACKING,NOT APPLICABLE,547,W,BELDEN AVE,1812.0,,,,,,,2,NO INDICATION OF INJURY,0.0,0.0,0.0,0.0,0.0,2.0,0.0,9,6,11,41.9236015127,-87.6433231219,POINT (-87.643323121932 41.923601512673)
330f4b70c6388cf15abe64e3e7cf98314b894fa5c1d9f627b372a899ab5cd56005e32f8dab012b6c52bc2ae6c2f5ef517fcbabfe85403e61e510473ce3b30168,JB275296,,05/23/2018 02:30:00 PM,25,TRAFFIC SIGNAL,OTHER,CLEAR,DAYLIGHT,TURNING,PARKING LOT,,STRAIGHT AND LEVEL,UNKNOWN,UNKNOWN,NOT ON SCENE (DESK REPORT),NO INJURY / DRIVE AWAY,Y,,,$500 OR LESS,05/23/2018 02:50:00 PM,IMPROPER LANE USAGE,UNABLE TO DETERMINE,160,W,87TH ST,622.0,,,,,,,2,NO INDICATION OF INJURY,0.0,0.0,0.0,0.0,0.0,2.0,0.0,14,4,5,41.7363347132,-87.6286452216,POINT (-87.62864522161 41.736334713231)
5329f13a80062483e701f18adfaa3f2d4550d918d349acc548a99e0bb499339838c508e26f49bef8d4b343c28262896d9d379a1f60a8aa0b2e613d1e2419d6c4,JD463827,,12/19/2020 05:58:00 PM,30,TRAFFIC SIGNAL,FUNCTIONING PROPERLY,CLEAR,DUSK,ANGLE,DIVIDED - W/MEDIAN (NOT RAISED),,STRAIGHT AND LEVEL,DRY,NO DEFECTS,ON SCENE,INJURY AND / OR TOW DUE TO CRASH,,,,"OVER $1,500",12/19/2020 06:06:00 PM,DRIVING SKILLS/KNOWLEDGE/EXPERIENCE,PHYSICAL CONDITION OF DRIVER,7900,S,STONY ISLAND AVE,411.0,,,,,,,2,NONINCAPACITATING INJURY,1.0,0.0,0.0,1.0,0.0,1.0,0.0,17,7,12,41.7514606032,-87.585971993,POINT (-87.585971992965 41.751460603167)
c6bb83bf7b0dfe1498435f075f9cd90e3b3ee2bc933a1f234268fa95fc598b336680fd20df67872793aab090c83bc1d2b3d8d6b1c5fbce61895df5609c9efa7f,JF260954,,05/30/2022 10:30:00 AM,30,NO CONTROLS,NO CONTROLS,CLEAR,DAYLIGHT,HEAD ON,NOT DIVIDED,,STRAIGHT AND LEVEL,DRY,NO DEFECTS,ON SCENE,INJURY AND / OR TOW DUE TO CRASH,,,,"OVER $1,500",05/30/2022 10:40:00 AM,IMPROPER LANE USAGE,UNDER THE INFLUENCE OF ALCOHOL/DRUGS (USE WHEN ARREST IS EFFECTED),3030,E,100TH ST,431.0,,,,,,,2,NONINCAPACITATING INJURY,3.0,0.0,0.0,3.0,0.0,1.0,0.0,10,2,5,41.7135314764,-87.5497479032,POINT (-87.549747903223 41.713531476375)