CRASH_RECORD_ID,RD_NO,CRASH_DATE_EST_I,CRASH_DATE,POSTED_SPEED_LIMIT,TRAFFIC_CONTROL_DEVICE,DEVICE_CONDITION,WEATHER_CONDITION,LIGHTING_CONDITION,FIRST_CRASH_TYPE,TRAFFICWAY_TYPE,LANE_CNT,ALIGNMENT,ROADWAY_SURFACE_COND,ROAD_DEFECT,REPORT_TYPE,CRASH_TYPE,INTERSECTION_RELATED_I,NOT_RIGHT_OF_WAY_I,HIT_AND_RUN_I,DAMAGE,DATE_POLICE_NOTIFIED,PRIM_CONTRIBUTORY_CAUSE,SEC_CONTRIBUTORY_CAUSE,STREET_NO,STREET_DIRECTION,STREET_NAME,BEAT_OF_OCCURRENCE,PHOTOS_TAKEN_I,STATEMENTS_TAKEN_I,DOORING_I,WORK_ZONE_I,WORK_ZONE_TYPE,WORKERS_PRESENT_I,NUM_UNITS,MOST_SEVERE_INJURY,INJURIES_TOTAL,INJURIES_FATAL,INJURIES_INCAPACITATING,INJURIES_NON_INCAPACITATING,INJURIES_REPORTED_NOT_EVIDENT,INJURIES_NO_INDICATION,INJURIES_UNKNOWN,CRASH_HOUR,CRASH_DAY_OF_WEEK,CRASH_MONTH,LATITUDE,LONGITUDE,LOCATION
cb311045b8b4c6f28eaf2ceaaa6ef0966e02ee0a2db3edc6581147c30b17b1d93c074fba1e718047bf71e97a97941a68fb8ff237fdb1cd18adf6240edf1a75ac,JC471356,,10/13/2019 03:00:00 PM,30,TRAFFIC SIGNAL,FUNCTIONING PROPERLY,CLEAR,DAYLIGHT,REAR END,NOT DIVIDED,,STRAIGHT AND LEVEL,DRY,NO DEFECTS,NOT ON SCENE (DESK REPORT),NO INJURY / DRIVE AWAY,Y,,,"OVER $1,500",10/13/2019 05:00:00 PM,FOLLOWING TOO CLOSELY,NOT APPLICABLE,219,S,STATE ST,113.0,,,,,,,2,NO INDICATION OF INJURY,0.0,0.0,0.0,0.0,0.0,2.0,0.0,15,1,10,41.8790215753,-87.6275533377,POINT (-87.627553337672 41.879021575305)
1d7422cd08e90d53e9ea0abb4b7f293ab9563a492a0bc87e6ab147ae43695716e31f08931fe8f2d52a597c458ff02ae3d6e219e59fec1ded7e4440ae77f32a20,JA258731,,05/10/2017 08:50:00 PM,35,NO CONTROLS,NO CONTROLS,RAIN,"DARKNESS, LIGHTED ROAD",SIDESWIPE SAME DIRECTION,NOT DIVIDED,4.0,STRAIGHT AND LEVEL,WET,NO DEFECTS,NOT ON SCENE (DESK REPORT),NO INJURY / DRIVE AWAY,,,Y,"OVER $1,500",05/10/2017 09:30:00 PM,UNABLE TO DETERMINE,UNABLE TO DETERMINE,1600,N,LAKE SHORE DR,1814.0,,,,,,,2,NO INDICATION OF INJURY,0.0,0.0,0.0,0.0,0.0,2.0,0.0,20,4,5,41.9112245556,-87.6264825724,POINT (-87.626482572426 41.911224555611)
f34bcc6fed3dda99133ab67a605d0e2c46dafb7dc0bd6cff8748602488abdbd675ba7965ea919b100bff3d116ddfcd6fa09023ca5bba58e12ecdab7857c7fe32,JD183953,,03/13/2020 06:18:00 AM,35,NO CONTROLS,NO CONTROLS,CLEAR,DAWN,HEAD ON,DIVIDED - W/MEDIAN (NOT RAISED),,STRAIGHT AND LEVEL,DRY,NO DEFECTS,ON SCENE,INJURY AND / OR TOW DUE TO CRASH,,,,"OVER $1,500",03/13/2020 06:20:00 AM,FAILING TO YIELD RIGHT-OF-WAY,UNABLE TO DETERMINE,3402,S,WESTERN AVE,911.0,,,,,,,2,NONINCAPACITATING INJURY,2.0,0.0,0.0,1.0,1.0,1.0,0.0,6,6,3,41.8319798783,-87.6852205306,POINT (-87.685220530618 41.831979878334)
f049d1b267334221af4f6b14b04ac3b3a234339d0adca379ed4a3e5ffc689fbcb358b01dae682b66db25397b07e4c927d451df48566bf2b7046f4afd4ce0b015,JF274097,,06/10/2022 04:35:00 AM,30,TRAFFIC SIGNAL,FUNCTIONING PROPERLY,CLEAR,DAWN,TURNING,NOT DIVIDED,,STRAIGHT AND LEVEL,DRY,NO DEFECTS,ON SCENE,INJURY AND / OR TOW DUE TO CRASH,Y,,,"OVER $1,500",06/10/2022 04:37:00 AM,UNABLE TO DETERMINE,UNABLE TO DETERMINE,630,W,LAKE ST,1214.0,,,,,,,2,NO INDICATION OF INJURY,0.0,0.0,0.0,0.0,0.0,2.0,0.0,4,6,6,41.8858070197,-87.6441718947,POINT (-87.644171894657 41.885807019662)
3b29dc5d48e180167fa16248d38d8cc2e0f5e591d24f32506a334655c92f246c527d7023fe9990648aa3762cdd76dec83ff7bb4c2e96fa3d79fb86805d1e3b1b,JC218111,,04/09/2019 11:00:00 AM,15,NO CONTROLS,NO CONTROLS,CLEAR,DAYLIGHT,PARKED MOTOR VEHICLE,ONE-WAY,1.0,STRAIGHT AND LEVEL,DRY,NO DEFECTS,NOT ON SCENE (DESK REPORT),NO INJURY / DRIVE AWAY,,,,"OVER $1,500",04/09/2019 03:00:00 PM,IMPROPER OVERTAKING/PASSING,UNABLE TO DETERMINE,6710,S,CREGIER AVE,332.0,,,,,,,2,NO INDICATION OF INJURY,0.0,0.0,0.0,0.0,0.0,1.0,0.0,11,3,4,41.7730156645,-87.5815525816,POINT (-87.581552581558 41.773015664482)
76f5f44668118db22aea382537faba5f43f3be1e4bc0d0dedde69c879ca832e1f5f3c642773741474c97bb03f083377a71012f55afec4a67d8f7a94e9a6a83c3,JD474237,,12/30/2020 09:00:00 PM,25,NO CONTROLS,NO CONTROLS,SNOW,DARKNESS,PARKED MOTOR VEHICLE,ONE-WAY,,STRAIGHT AND LEVEL,SNOW OR SLUSH,NO DEFECTS,NOT ON SCENE (DESK REPORT),NO INJURY / DRIVE AWAY,,,Y,"OVER $1,500",12/31/2020 06:30:00 AM,UNABLE TO DETERMINE,UNABLE TO DETERMINE,9641,S,WALLACE ST,2223.0,Y,,,,,,2,NO INDICATION OF INJURY,0.0,0.0,0.0,0.0,0.0,1.0,0.0,21,4,12,41.718492375,-87.6381339392,POINT (-87.638133939156 41.71849237504)
b8931980a308e7e88ae9f972bec40997660648d9e42209dab9c8c7ee763a627ea13a80e933208aea83fc61ad47136a55b6ac2a0d149dd49a032553e84cd3ea4c,JF275716,,06/11/2022 01:00:00 PM,30,STOP SIGN/FLASHER,FUNCTIONING PROPERLY,CLEAR,DAYLIGHT,ANGLE,NOT DIVIDED,,STRAIGHT AND LEVEL,DRY,NO DEFECTS,ON SCENE,INJURY AND / OR TOW DUE TO CRASH,Y,,,"OVER $1,500",06/11/2022 01:04:00 PM,FAILING TO YIELD RIGHT-OF-WAY,DRIVING SKILLS/KNOWLEDGE/EXPERIENCE,2100,W,DIVISION ST,1424.0,,,,,,,2,"REPORTED, NOT EVIDENT",1.0,0.0,0.0,0.0,1.0,2.0,0.0,13,7,6,41.903254515,-87.6798250453,POINT (-87.679825045347 41.903254515018)
ae940ab18c869e72109e6784c7b7b3c105e9ca2d73ae84fe6e21938ef1a567890a52aa36da814cfdcc6350afca2cdae8a97e8f1158e187a107085e4551af44d7,JA354133,,07/19/2017 07:15:00 AM,30,NO CONTROLS,NO CONTROLS,CLEAR,DAYLIGHT,PARKED MOTOR VEHICLE,ONE-WAY,1.0,STRAIGHT AND LEVEL,DRY,NO DEFECTS,ON SCENE,NO INJURY / DRIVE AWAY,,,,"OVER $1,500",07/19/2017 07:18:00 AM,IMPROPER TURNING/NO SIGNAL,"EVASIVE ACTION DUE TO ANIMAL, OBJECT, NONMOTORIST",5202,W,RACE AVE,1523.0,,,,,,,2,NO INDICATION OF INJURY,0.0,0.0,0.0,0.0,0.0,5.0,0.0,7,4,7,41.8901626603,-87.7556222205,POINT (-87.755622220497 41.890162660266)
b2fbb0c7b5659d7de50c2e26e76336a788207025a8d5ebdf8271717950dbd0242951190d2d21f9bb7b176a8089d7af3f785b5b36ceacaf23756977c72b17301f,JC104417,,12/29/2018 05:30:00 PM,30,NO CONTROLS,NO CONTROLS,SNOW,DARKNESS,TURNING,DIVIDED - W/MEDIAN (NOT RAISED),4.0,STRAIGHT AND LEVEL,WET,UNKNOWN,NOT ON SCENE (DESK REPORT),NO INJURY / DRIVE AWAY,Y,,,"OVER $1,500",01/04/2019 02:03:00 PM,FAILING TO YIELD RIGHT-OF-WAY,DRIVING SKILLS/KNOWLEDGE/EXPERIENCE,3721,W,LAWRENCE AVE,1723.0,,,,,,,2,NO INDICATION OF INJURY,0.0,0.0,0.0,0.0,0.0,3.0,0.0,17,7,12,41.9682017629,-87.7216010853,POINT (-87.721601085254 41.968201762915)
49c6191d5868017148ee1c0206557be2c4e9ae1d21c84cfb09b67f230e9d375ce4051d6b2ef8fe59592243129e14c6aed2deec391f25f226bc440cf929d786af,JD279870,,06/28/2020 11:30:00 PM,30,TRAFFIC SIGNAL,FUNCTIONING PROPERLY,CLEAR,DARKNESS,REAR END,NOT DIVIDED,,STRAIGHT AND LEVEL,DRY,NO DEFECTS,NOT ON SCENE (DESK REPORT),NO INJURY / DRIVE AWAY,,,,"OVER $1,500",06/29/2020 10:15:00 AM,UNABLE TO DETERMINE,UNABLE TO DETERMINE,10,E,CERMAK RD,131.0,,,,,,,2,NO INDICATION OF INJURY,0.0,0.0,0.0,0.0,0.0,2.0,0.0,23,1,6,41.8529492611,-87.6266527346,POINT (-87.626652734603 41.852949261139)
5dd6b26a663d833a84c0a64e1f040e25dd3d855fd28255207ef25d55a7b5219821e2b301123259858ec33eb40f3570900b94eea7dc696cf01fe1e703d25090cc,JD447749,,12/02/2020 02:45:00 PM,30,NO CONTROLS,NO CONTROLS,CLEAR,DAYLIGHT,REAR END,DIVIDED - W/MEDIAN (NOT RAISED),,STRAIGHT AND LEVEL,DRY,NO DEFECTS,NOT ON SCENE (DESK REPORT),NO INJURY / DRIVE AWAY,,,,"$501 - $1,500",12/02/2020 04:45:00 PM,FOLLOWING TOO CLOSELY,NOT APPLICABLE,5900,W,DIVISION ST,2531.0,,,,,,,2,NO INDICATION OF INJURY,0.0,0.0,0.0,0.0,0.0,2.0,0.0,14,4,12,41.9021430669,-87.7730021951,POINT (-87.773002195106 41.902143066913)
36823701461d3b9f24e2db3b7cb640cbbc5d96f20c2bbc2b9dfc12ae52988db60ff9e88ce18a123982b501da76678c8dc3e16532804d4f9a25ae5ee22b40a152,JC492487,,10/30/2019 05:11:00 PM,30,TRAFFIC SIGNAL,FUNCTIONING PROPERLY,RAIN,DAYLIGHT,REAR END,NOT DIVIDED,,STRAIGHT AND LEVEL,WET,NO DEFECTS,NOT ON SCENE (DESK REPORT),INJURY AND / OR TOW DUE TO CRASH,Y,,Y,"$501 - $1,500",10/30/2019 06:45:00 PM,FOLLOWING TOO CLOSELY,FOLLOWING TOO CLOSELY,200,S,STATE ST,113.0,,,,,,,2,"REPORTED, NOT EVIDENT",1.0,0.0,0.0,0.0,1.0,1.0,0.0,17,4,10,41.879427045,-87.6278564858,POINT (-87.627856485786 41.879427045001)
50c9ff38be3b8ed3159d4f23b19e9997f186f8f34f4d6c0463572fd2a8056c7322d355e896886fbbb9d8ec467a47ae3cc077eeb5ce9092de66d8d0f7dca220db,JD168508,Y,02/28/2020 09:30:00 PM,30,NO CONTROLS,NO CONTROLS,CLEAR,"DARKNESS, LIGHTED ROAD",REAR TO FRONT,DIVIDED - W/MEDIAN (NOT RAISED),,STRAIGHT AND LEVEL,DRY,NO DEFECTS,ON SCENE,NO INJURY / DRIVE AWAY,,,,"$501 - $1,500",02/28/2020 09:34:00 PM,IMPROPER BACKING,NOT APPLICABLE,7924,S,VINCENNES AVE,621.0,,,,,,,2,NO INDICATION OF INJURY,0.0,0.0,0.0,0.0,0.0,3.0,0.0,21,6,2,41.7500007143,-87.6345687305,POINT (-87.6345687305 41.750000714274)
a1dbf382fb42428be698db44edd516545025059f9da1ff41ca8dfac02400c22456a81b9a72be061c311b3249ba2e79b9f1bcf96f8afd439f6ca104d030c46640,JE350906,,08/26/2021 04:36:00 PM,25,TRAFFIC SIGNAL,UNKNOWN,CLEAR,DAYLIGHT,REAR END,DIVIDED - W/MEDIAN (NOT RAISED),,STRAIGHT AND LEVEL,DRY,NO DEFECTS,ON SCENE,NO INJURY / DRIVE AWAY,,,,$500 OR LESS,08/26/2021 04:37:00 PM,FAILING TO REDUCE SPEED TO AVOID CRASH,NOT APPLICABLE,5948,W,GRAND AVE,2515.0,,,,,,,2,NO INDICATION OF INJURY,0.0,0.0,0.0,0.0,0.0,4.0,0.0,16,5,8,41.9205676521,-87.7750351018,POINT (-87.775035101826 41.920567652063)
a63c1d509b1691f4414ed7ddf07ec25abcd49a704ad5af884927b953ab8f3a2b00352c88f2d0a57afd8d53e0780661da5665f55eb1b9b7519dfa3ff8331be1d2,JD207973,,04/13/2020 08:00:00 AM,30,TRAFFIC SIGNAL,FUNCTIONING PROPERLY,CLEAR,DAYLIGHT,REAR END,FOUR WAY,,STRAIGHT AND LEVEL,DRY,NO DEFECTS,NOT ON SCENE (DESK REPORT),NO INJURY / DRIVE AWAY,Y,,,"OVER $1,500",04/13/2020 08:30:00 AM,UNABLE TO DETERMINE,UNABLE TO DETERMINE,6406,N,HARLEM AVE,1611.0,,,,,,,2,NO INDICATION OF INJURY,0.0,0.0,0.0,0.0,0.0,2.0,0.0,8,2,4,41.9971971656,-87.8069458274,POINT (-87.806945827411 41.997197165573)
77d94e8011e06ac0d9aae0f50ca4e8538c1eeaa28210692b27c6793be3488a66f04337b78e69e3b362d16fe97b849f978134959d87fffcabf1170c9183c48804,,,10/24/2023 04:09:00 PM,20,NO CONTROLS,NO CONTROLS,CLEAR,DAYLIGHT,SIDESWIPE SAME DIRECTION,ONE-WAY,,STRAIGHT AND LEVEL,DRY,NO DEFECTS,,INJURY AND / OR TOW DUE TO CRASH,,,,"OVER $1,500",10/24/2023 04:18:00 PM,FAILING TO YIELD RIGHT-OF-WAY,FAILING TO YIELD RIGHT-OF-WAY,2837,S,HARDING AVE,1031.0,,,,,,,5,NONINCAPACITATING INJURY,1.0,0.0,0.0,1.0,0.0,1.0,0.0,16,3,10,41.839466833,-87.7230518908,POINT (-87.723051890772 41.839466832982)
1b139f5fa307dff89331badb2f14b8e87a443b2d22888eb650e8dc313a403a4b2580e510b35b05b5330f436a349b12fdc226f9a2e2beff6ffd90aea5c8e0d6fc,JG118558,,01/16/2023 04:58:00 PM,35,NO CONTROLS,NO CONTROLS,FREEZING RAIN/DRIZZLE,"DARKNESS, LIGHTED ROAD",REAR END,FOUR WAY,,STRAIGHT AND LEVEL,WET,NO DEFECTS,ON SCENE,NO INJURY / DRIVE AWAY,Y,,,"OVER $1,500",01/16/2023 05:05:00 PM,FOLLOWING TOO CLOSELY,UNABLE TO DETERMINE,7111,N,CALDWELL AVE,1621.0,,,,,,,2,NO INDICATION OF INJURY,0.0,0.0,0.0,0.0,0.0,2.0,0.0,16,2,1,42.0105295841,-87.7872950166,POINT (-87.787295016586 42.010529584071)
14f114715acf390bc15d3ee9e9292a9e649697d11d08a39533f5020ed21a9e01a493e9505cd4a516c4b5f5fd8c303f50529f1dd4b35c9b8847da7537b8f98591,JA414395,,09/01/2017 09:00:00 AM,30,NO CONTROLS,NO CONTROLS,CLEAR,DAYLIGHT,SIDESWIPE SAME DIRECTION,NOT DIVIDED,,STRAIGHT AND LEVEL,DRY,WORN SURFACE,NOT ON SCENE (DESK REPORT),NO INJURY / DRIVE AWAY,,,Y,"$501 - $1,500",09/01/2017 09:50:00 AM,FAILING TO YIELD RIGHT-OF-WAY,NOT APPLICABLE,2740,W,FOSTER AVE,2011.0,,,,,,,2,NO INDICATION OF INJURY,0.0,0.0,0.0,0.0,0.0,2.0,0.0,9,6,9,41.9759333833,-87.6981216772,POINT (-87.698121677158 41.975933383327)
05a3ca7f00f8becf6a34eb1eda07cdbe0c33dbe77790ccd7ccaac780e10e423f40ac1c87c83528d3d546d19200513d7ff2978f75993d74888b6338d74d2d25a7,JA384215,,08/06/2017 05:00:00 PM,30,NO CONTROLS,NO CONTROLS,CLEAR,DAYLIGHT,REAR END,NOT DIVIDED,2.0,STRAIGHT AND LEVEL,DRY,NO DEFECTS,NOT ON SCENE (DESK REPORT),NO INJURY / DRIVE AWAY,,,,"OVER $1,500",08/09/2017 03:39:00 PM,UNABLE TO DETERMINE,UNABLE TO DETERMINE,3950,S,WESTERN AVE,921.0,,,,,,,2,NO INDICATION OF INJURY,0.0,0.0,0.0,0.0,0.0,2.0,0.0,17,1,8,41.8215308836,-87.6849260827,POINT (-87.684926082707 41.821530883606)
187f459ed41fb3efb0e5c3dc62a3f9a6a67d955a6a2e79fc6a3945c70866f503258a017986dec309e332fcb3f7a59672e909c390cba33f55aff096157c26f20e,JC486527,,10/25/2019 08:29:00 PM,30,TRAFFIC SIGNAL,FUNCTIONING PROPERLY,CLEAR,DARKNESS,SIDESWIPE SAME DIRECTION,NOT DIVIDED,,STRAIGHT AND LEVEL,DRY,NO DEFECTS,NOT ON SCENE (DESK REPORT),NO INJURY / DRIVE AWAY,,,,"OVER $1,500",10/25/2019 08:36:00 PM,UNABLE TO DETERMINE,NOT APPLICABLE,799,W,76TH ST,621.0,,,,,,,2,NO INDICATION OF INJURY,0.0,0.0,0.0,0.0,0.0,4.0,0.0,20,6,10,41.7559768628,-87.6441786268,POINT (-87.644178626755 41.755976862816)
fbfd255ca645590e07c1f7c96722f560756f23c94e7bc5ce01645f2a8c139bf27b68ebdb55d90c3de1e36807d0c26f45a762998ce4be9c930edeffa392bc1038,JF500525,,12/06/2022 04:30:00 PM,30,NO CONTROLS,NO CONTROLS,RAIN,DARKNESS,PARKED MOTOR VEHICLE,NOT DIVIDED,,STRAIGHT AND LEVEL,DRY,NO DEFECTS,NOT ON SCENE (DESK REPORT),NO INJURY / DRIVE AWAY,,,,"OVER $1,500",12/06/2022 05:15:00 PM,IMPROPER OVERTAKING/PASSING,UNABLE TO DETERMINE,9220,S,STONY ISLAND AVE,413.0,,,,,,,2,NO INDICATION OF INJURY,0.0,0.0,0.0,0.0,0.0,2.0,0.0,16,3,12,41.7271722249,-87.585587007,POINT (-87.585587007044 41.727172224913)
956e79146a1f9fab21059eaa75cc98d3e1b41341f731346884acc0829b282870ad6ddffb503d3dd47b3407842a47d8562647aa419dd4b47e080b973102b254bb,JB281137,,05/27/2018 04:15:00 PM,30,NO CONTROLS,NO CONTROLS,CLEAR,DAYLIGHT,SIDESWIPE SAME DIRECTION,DIVIDED - W/MEDIAN BARRIER,,STRAIGHT AND LEVEL,DRY,NO DEFECTS,ON SCENE,NO INJURY / DRIVE AWAY,,,,"OVER $1,500",05/27/2018 04:22:00 PM,FAILING TO YIELD RIGHT-OF-WAY,UNABLE TO DETERMINE,8038,S,CHAMPLAIN AVE,631.0,,,,,,,3,NO INDICATION OF INJURY,0.0,0.0,0.0,0.0,0.0,2.0,0.0,16,1,5,41.7482226254,-87.6089354451,POINT (-87.608935445144 41.74822262543)
f12d509a901f576303c634c62dc17d04e24ecd1846703cbe6eb6304fc8a48ad272ddcfc90e9afc9dd920fcad25db31abe9f051538a87da50c8a9025e899d439f,,,10/23/2023 07:00:00 AM,30,TRAFFIC SIGNAL,FUNCTIONING PROPERLY,CLEAR,DAYLIGHT,REAR END,NOT DIVIDED,,STRAIGHT AND LEVEL,DRY,NO DEFECTS,NOT ON SCENE (DESK REPORT),NO INJURY / DRIVE AWAY,,,,$500 OR LESS,10/23/2023 07:30:00 AM,FAILING TO REDUCE SPEED TO AVOID CRASH,FOLLOWING TOO CLOSELY,3948,W,59TH ST,822.0,,,,,,,3,NO INDICATION OF INJURY,0.0,0.0,0.0,0.0,0.0,3.0,0.0,7,2,10,41.7860552369,-87.7224609411,POINT (-87.722460941119 41.786055236897)
9c9531886384c7300fee13948176b01cc461b01d7ff73ce2aa59f403a8ae6e7ee548a15c9613da9f3eda970a7aa0f4d8d517862fbfd144cb19fac38ca750616e,JE435944,,11/06/2021 11:20:00 AM,30,TRAFFIC SIGNAL,FUNCTIONING PROPERLY,CLEAR,DAYLIGHT,PEDESTRIAN,DIVIDED - W/MEDIAN (NOT RAISED),,STRAIGHT AND LEVEL,DRY,NO DEFECTS,ON SCENE,INJURY AND / OR TOW DUE TO CRASH,Y,,,$500 OR LESS,11/06/2021 11:20:00 AM,FAILING TO YIELD RIGHT-OF-WAY,UNABLE TO DETERMINE,3500,S,MORGAN ST,915.0,,,,,,,2,INCAPACITATING INJURY,1.0,0.0,1.0,0.0,0.0,1.0,0.0,11,7,11,41.8306327569,-87.6511140261,POINT (-87.651114026097 41.830632756899)
c39c8f637443d91bcbb5d284ea18c8469deb65e00609c16e1a0265449b5828959a4d4f51bd11b56dd49c9072acf1048e5d778d2dd25f709f1e4e3ce4ca83e4f4,JA340659,,07/09/2017 09:30:00 AM,30,TRAFFIC SIGNAL,FUNCTIONING PROPERLY,CLEAR,DAYLIGHT,SIDESWIPE SAME DIRECTION,DIVIDED - W/MEDIAN (NOT RAISED),2.0,STRAIGHT AND LEVEL,DRY,NO DEFECTS,NOT ON SCENE (DESK REPORT),NO INJURY / DRIVE AWAY,,,,"$501 - $1,500",07/09/2017 09:45:00 AM,IMPROPER LANE USAGE,UNABLE TO DETERMINE,500,W,63RD ST,711.0,,,,,,,2,NO INDICATION OF INJURY,0.0,0.0,0.0,0.0,0.0,2.0,0.0,9,1,7,41.7799768795,-87.6375677558,POINT (-87.637567755839 41.77997687947)
1b3013c5d98164b85f357580fc4c695ef86d8767a88bba6c600ed19b88f290851c3cdd5b9418e43a08bfce874eee3824015851be5d12a7d2e7767a5f8ea06f5c,JC559846,,12/25/2019 10:37:00 AM,30,NO CONTROLS,NO CONTROLS,CLEAR,DAYLIGHT,PARKED MOTOR VEHICLE,DIVIDED - W/MEDIAN (NOT RAISED),,STRAIGHT AND LEVEL,DRY,NO DEFECTS,NOT ON SCENE (DESK REPORT),NO INJURY / DRIVE AWAY,,,,$500 OR LESS,12/25/2019 01:40:00 PM,UNABLE TO DETERMINE,NOT APPLICABLE,723,W,71ST ST,732.0,,,,,,,2,NO INDICATION OF INJURY,0.0,0.0,0.0,0.0,0.0,1.0,0.0,10,4,12,41.7651236501,-87.6425314284,POINT (-87.642531428396 41.765123650058)
13ad336763ade8755310454647b94459f2d881834dbf7b1909756610efe5f4548b555f3dabbc668d181cc2938e25724170dbc4f152d05c739b5b12844789eb4d,JB365097,,07/25/2018 06:30:00 PM,25,TRAFFIC SIGNAL,NO CONTROLS,CLEAR,DAYLIGHT,REAR END,DIVIDED - W/MEDIAN (NOT RAISED),,STRAIGHT AND LEVEL,DRY,NO DEFECTS,NOT ON SCENE (DESK REPORT),NO INJURY / DRIVE AWAY,Y,,,"OVER $1,500",07/25/2018 06:45:00 PM,FOLLOWING TOO CLOSELY,FOLLOWING TOO CLOSELY,6799,N,RIDGE BLVD,2432.0,,,,,,,2,NO INDICATION OF INJURY,0.0,0.0,0.0,0.0,0.0,2.0,0.0,18,4,7,42.0051867384,-87.6800060435,POINT (-87.680006043493 42.005186738411)
10a8c94a9ef9c1d55e30a185e7395761e59a2b6c1bc214f5d088ff21cc6987dd917a6b7dd7421329e3d780e052fd68397e7b23bd42a938644c48a78651c6fee9,JA424098,,08/09/2017 06:20:00 PM,10,NO CONTROLS,NO CONTROLS,CLEAR,DUSK,PARKED MOTOR VEHICLE,PARKING LOT,,STRAIGHT AND LEVEL,DRY,NO DEFECTS,NOT ON SCENE (DESK REPORT),NO INJURY / DRIVE AWAY,,,,"OVER $1,500",09/08/2017 09:49:00 PM,UNABLE TO DETERMINE,UNABLE TO DETERMINE,4201,S,PULASKI RD,821.0,,,,,,,2,NO INDICATION OF INJURY,0.0,0.0,0.0,0.0,0.0,1.0,0.0,18,4,8,41.8169056947,-87.7237581135,POINT (-87.723758113509 41.8169056947)
b9212f865c407081187ecd409c60db1e26cd53228a6d1283060770c3a91b1e95e8466823a868339977dcbc403456dc131cdfc075aabf97957f7c259f47db9a1d,JE426226,,10/29/2021 06:58:00 AM,30,NO CONTROLS,NO CONTROLS,RAIN,"DARKNESS, LIGHTED ROAD",REAR END,DIVIDED - W/MEDIAN (NOT RAISED),,STRAIGHT AND LEVEL,WET,NO DEFECTS,ON SCENE,INJURY AND / OR TOW DUE TO CRASH,,,,"OVER $1,500",10/29/2021 07:00:00 AM,WEATHER,NOT APPLICABLE,4019,N,LINCOLN AVE,1911.0,,,,,,,2,"REPORTED, NOT EVIDENT",2.0,0.0,0.0,0.0,2.0,0.0,0.0,6,6,10,41.9549277439,-87.6791278394,POINT (-87.67912783945 41.954927743902)
dfb72e6b6b50639c8ea5c7851a17e5aa832ab1af1f012155e07eaee4d4e439ba3aac0df8cf63758a357dbae72f5033b58354fb3fe106bc34ce22e7e9c94b768d,JC127676,,01/24/2019 08:20:00 AM,30,NO CONTROLS,NO CONTROLS,CLEAR,DAYLIGHT,REAR END,NOT DIVIDED,2.0,STRAIGHT AND LEVEL,OTHER,UNKNOWN,ON SCENE,INJURY AND / OR TOW DUE TO CRASH,,,Y,"OVER $1,500",01/24/2019 08:27:00 AM,FOLLOWING TOO CLOSELY,NOT APPLICABLE,3521,E,95TH ST,432.0,,,,,,,2,NONINCAPACITATING INJURY,2.0,0.0,0.0,2.0,0.0,1.0,0.0,8,5,1,41.7228140586,-87.538019414,POINT (-87.538019413973 41.722814058564)
4f8eb0edd00ef6e5c5200c6340b4469bcb6072bd0389f3fee3fede84313b5c28f50f01eeff3b0bb11623a02fddcd703d3754ecb2d22af40edf2641e5a925db08,JC171148,Y,02/28/2019 11:30:00 PM,30,NO CONTROLS,NO CONTROLS,CLEAR,"DARKNESS, LIGHTED ROAD",PARKED MOTOR VEHICLE,NOT DIVIDED,1.0,STRAIGHT AND LEVEL,DRY,NO DEFECTS,NOT ON SCENE (DESK REPORT),NO INJURY / DRIVE AWAY,,,Y,"$501 - $1,500",03/02/2019 12:14:00 PM,UNABLE TO DETERMINE,UNABLE TO DETERMINE,8856,S,EXCHANGE AVE,423.0,,,,,,,2,NO INDICATION OF INJURY,0.0,0.0,0.0,0.0,0.0,1.0,0.0,23,5,2,41.7338586472,-87.552878583,POINT (-87.552878582951 41.733858647239)
19cb70c0fddc27c05d7aeec1e6b0e35c80683c42a2481e55c60492b2aa757a54206da6ea0b6c055ae4d07479ef670b2d64868aa274754d6d8ed137bf48801d40,JC276658,,05/24/2019 09:00:00 AM,30,TRAFFIC SIGNAL,FUNCTIONING PROPERLY,UNKNOWN,DAYLIGHT,SIDESWIPE SAME DIRECTION,UNKNOWN,,STRAIGHT AND LEVEL,WET,UNKNOWN,ON SCENE,NO INJURY / DRIVE AWAY,,,,"$501 - $1,500",05/24/2019 01:20:00 PM,NOT APPLICABLE,NOT APPLICABLE,7601,S,JEFFERY BLVD,414.0,,,,,,,2,NO INDICATION OF INJURY,0.0,0.0,0.0,0.0,0.0,2.0,0.0,9,6,5,41.7569700964,-87.5759544623,POINT (-87.575954462331 41.756970096425)
3cb522147e97a6cea4d16b5fad0f3b456fd251e80960787b7661465514f0a0715777131f525cd00aad14a3850a417a26f24713bf539a7d6ba98e952fc9f3d4e5,JC165508,,02/25/2019 02:30:00 PM,30,TRAFFIC SIGNAL,FUNCTIONING PROPERLY,CLEAR,DAYLIGHT,REAR END,NOT DIVIDED,,STRAIGHT AND LEVEL,DRY,NO DEFECTS,NOT ON SCENE (DESK REPORT),NO INJURY / DRIVE AWAY,,,,"$501 - $1,500",02/25/2019 05:31:00 PM,FOLLOWING TOO CLOSELY,FAILING TO REDUCE SPEED TO AVOID CRASH,2958,N,NARRAGANSETT AVE,2511.0,,,,,,,2,NO INDICATION OF INJURY,0.0,0.0,0.0,0.0,0.0,2.0,0.0,14,2,2,41.9345664637,-87.7859541887,POINT (-87.7859541887 41.934566463706)