CRASH_RECORD_ID,RD_NO,CRASH_DATE_EST_I,CRASH_DATE,POSTED_SPEED_LIMIT,TRAFFIC_CONTROL_DEVICE,DEVICE_CONDITION,WEATHER_CONDITION,LIGHTING_CONDITION,FIRST_CRASH_TYPE,TRAFFICWAY_TYPE,LANE_CNT,ALIGNMENT,ROADWAY_SURFACE_COND,ROAD_DEFECT,REPORT_TYPE,CRASH_TYPE,INTERSECTION_RELATED_I,NOT_RIGHT_OF_WAY_I,HIT_AND_RUN_I,DAMAGE,DATE_POLICE_NOTIFIED,PRIM_CONTRIBUTORY_CAUSE,SEC_CONTRIBUTORY_CAUSE,STREET_NO,STREET_DIRECTION,STREET_NAME,BEAT_OF_OCCURRENCE,PHOTOS_TAKEN_I,STATEMENTS_TAKEN_I,DOORING_I,WORK_ZONE_I,WORK_ZONE_TYPE,WORKERS_PRESENT_I,NUM_UNITS,MOST_SEVERE_INJURY,INJURIES_TOTAL,INJURIES_FATAL,INJURIES_INCAPACITATING,INJURIES_NON_INCAPACITATING,INJURIES_REPORTED_NOT_EVIDENT,INJURIES_NO_INDICATION,INJURIES_UNKNOWN,CRASH_HOUR,CRASH_DAY_OF_WEEK,CRASH_MONTH,LATITUDE,LONGITUDE,LOCATION
0b8951bcb7e83fa6f3f4257178ae6bc8274f46efee3657dac90293dd55890ae23976333b50e31dce7d6399f7a0b4109e606db62a9b9e491ed89e6f556bbf146a,JA448646,,09/26/2017 07:30:00 PM,30,NO CONTROLS,NO CONTROLS,CLEAR,DUSK,ANGLE,ALLEY,1.0,STRAIGHT AND LEVEL,DRY,NO DEFECTS,NOT ON SCENE (DESK REPORT),NO INJURY / DRIVE AWAY,,,,"OVER $1,500",09/27/2017 10:55:00 AM,IMPROPER BACKING,UNABLE TO DETERMINE,5359,S,DAMEN AVE,932.0,,,,,,,2,NO INDICATION OF INJURY,0.0,0.0,0.0,0.0,0.0,4.0,0.0,19,3,9,41.7958160421,-87.6742106893,POINT (-87.674210689304 41.795816042082)
a5a5bfcb4cd542404d6011c595c0d303689369f35573aa63d9b36131605e3674f14ca4ea6f0fffdc3f97c9d7e894efe72bbe0564e62bc2b7790cfeac0b35fb6e,JA548632,,12/14/2017 07:40:00 AM,35,NO CONTROLS,NO CONTROLS,CLEAR,DAYLIGHT,REAR END,NOT DIVIDED,2.0,STRAIGHT AND LEVEL,DRY,NO DEFECTS,NOT ON SCENE (DESK REPORT),NO INJURY / DRIVE AWAY,,,,"$501 - $1,500",12/14/2017 09:00:00 AM,UNABLE TO DETERMINE,UNABLE TO DETERMINE,5737,N,ASHLAND AVE,2012.0,,,,,,,2,NO INDICATION OF INJURY,0.0,0.0,0.0,0.0,0.0,2.0,0.0,7,5,12,41.9864356194,-87.6695921902,POINT (-87.669592190213 41.986435619355)
673c8841f457bc3b0b8246d0187751a69b00366182f4c4dfe3d53a5a987dc7fd02f54d23ea44f7130bfd7575e5021eb8d7b2c848c023642ca3f09e8c5dbab06a,JA211216,,04/03/2017 04:50:00 PM,30,NO CONTROLS,NO CONTROLS,RAIN,DAYLIGHT,REAR END,NOT DIVIDED,4.0,STRAIGHT AND LEVEL,WET,UNKNOWN,ON SCENE,NO INJURY / DRIVE AWAY,,,,"OVER $1,500",04/03/2017 05:30:00 PM,FOLLOWING TOO CLOSELY,WEATHER,804,S,CICERO AVE,1533.0,,,,,,,2,NO INDICATION OF INJURY,0.0,0.0,0.0,0.0,0.0,3.0,0.0,16,2,4,41.870121573,-87.7450371953,POINT (-87.745037195306 41.870121573036)
42d7c59516146ef64af9d42bb3c30c821205e91df24b286848f87715f92fce4bd0267592ef36234a329f07f8658a8ecdeb1d48e05ee251e6285aa89db66792fc,JD449244,,12/04/2020 09:20:00 AM,30,UNKNOWN,UNKNOWN,CLEAR,DAYLIGHT,REAR TO FRONT,NOT DIVIDED,,STRAIGHT AND LEVEL,UNKNOWN,UNKNOWN,NOT ON SCENE (DESK REPORT),NO INJURY / DRIVE AWAY,,,,"OVER $1,500",12/04/2020 11:00:00 AM,UNABLE TO DETERMINE,NOT APPLICABLE,9457,S,JEFFERY AVE,413.0,,,,,,,2,NO INDICATION OF INJURY,0.0,0.0,0.0,0.0,0.0,2.0,0.0,9,6,12,41.7225673919,-87.5752111314,POINT (-87.575211131416 41.722567391871)
9bce948f9c1d844a5ea172314c28d133ae8772aa21b5ab739188058366b4ee29d5d191922006e053bec0ccc452046635e1cdeadb02bd5403449a15aa2d063f97,JF154801,,02/24/2022 03:27:00 PM,10,NO CONTROLS,NO CONTROLS,SNOW,DAYLIGHT,PARKED MOTOR VEHICLE,PARKING LOT,,STRAIGHT AND LEVEL,SNOW OR SLUSH,UNKNOWN,ON SCENE,NO INJURY / DRIVE AWAY,,Y,,"$501 - $1,500",02/24/2022 03:42:00 PM,UNABLE TO DETERMINE,UNABLE TO DETERMINE,4137,N,ELSTON AVE,1723.0,,,,,,,2,NO INDICATION OF INJURY,0.0,0.0,0.0,0.0,0.0,2.0,0.0,15,5,2,41.9561262015,-87.7224828263,POINT (-87.722482826292 41.956126201479)
4f489f5972970d15fa1222c7193bb6f7c6e20b45fadfca7c09281f809c948147f1675e9172d0d29d11b5448f8861355444432f474f2ffb5e72e8f88d84d76dbe,JA514987,,11/17/2017 08:00:00 AM,30,STOP SIGN/FLASHER,FUNCTIONING PROPERLY,CLEAR,DAYLIGHT,TURNING,DIVIDED - W/MEDIAN (NOT RAISED),,STRAIGHT AND LEVEL,DRY,NO DEFECTS,,NO INJURY / DRIVE AWAY,,,,"$501 - $1,500",11/17/2017 08:10:00 AM,FAILING TO YIELD RIGHT-OF-WAY,FOLLOWING TOO CLOSELY,6399,W,GREGORY ST,1622.0,,,,,,,2,NO INDICATION OF INJURY,0.0,0.0,0.0,0.0,0.0,2.0,0.0,8,6,11,41.9819516451,-87.787689957,POINT (-87.787689956981 41.981951645103)
093e530766f3336169860fe464c3afd510b0f2056d3a477251707d08256eea1d1b8128324af4cb6e6e26ab6fce09dffa5583429f61018ca0d6c94a99af29b98a,JE125497,Y,01/28/2021 03:00:00 AM,30,NO CONTROLS,NO CONTROLS,SNOW,"DARKNESS, LIGHTED ROAD",FIXED OBJECT,NOT DIVIDED,,STRAIGHT ON GRADE,SNOW OR SLUSH,NO DEFECTS,ON SCENE,NO INJURY / DRIVE AWAY,,Y,,"OVER $1,500",01/28/2021 11:00:00 AM,UNABLE TO DETERMINE,NOT APPLICABLE,2039,W,83RD ST,614.0,,,,,,,1,NO INDICATION OF INJURY,0.0,0.0,0.0,0.0,0.0,1.0,0.0,3,5,1,41.7428138425,-87.6744916038,POINT (-87.674491603773 41.742813842453)
cc0823777c288b5f3456a2c2668b48144b3451b8fdb147af64a2c729648966445a84b14af80d0ca58ee88aff0237673cdd12345c5f3b4eb7c5b8c4a33c7c3100,HZ129863,,01/26/2016 06:10:00 PM,30,UNKNOWN,UNKNOWN,UNKNOWN,UNKNOWN,SIDESWIPE OPPOSITE DIRECTION,PARKING LOT,1.0,STRAIGHT AND LEVEL,UNKNOWN,UNKNOWN,NOT ON SCENE (DESK REPORT),NO INJURY / DRIVE AWAY,,,,"OVER $1,500",01/26/2016 06:45:00 PM,UNABLE TO DETERMINE,NOT APPLICABLE,3541,N,CICERO AVE,1731.0,,,,,,,2,NO INDICATION OF INJURY,0.0,0.0,0.0,0.0,0.0,2.0,0.0,18,3,1,41.9459050644,-87.7469075158,POINT (-87.746907515773 41.945905064376)
518d6e46a2de46cc1d0c342fa760680bdcaee7299311de119a1846e4ccd61c202a4cd332822f7cd7103dc4e8be73010cdfaad9a049d37845296d25ad942f2e6e,JT106941,,01/08/2022 03:30:00 PM,35,TRAFFIC SIGNAL,FUNCTIONING PROPERLY,CLEAR,DAYLIGHT,ANGLE,DIVIDED - W/MEDIAN (NOT RAISED),,STRAIGHT AND LEVEL,WET,NO DEFECTS,NOT ON SCENE (DESK REPORT),NO INJURY / DRIVE AWAY,,,,"OVER $1,500",01/08/2022 03:45:00 PM,FAILING TO YIELD RIGHT-OF-WAY,UNABLE TO DETERMINE,1200,E,103RD ST,511.0,,,,,,,2,NO INDICATION OF INJURY,0.0,0.0,0.0,0.0,0.0,2.0,0.0,15,7,1,41.7077400141,-87.594141282,POINT (-87.594141281998 41.707740014125)
b2006627402bca6d96255bf0e78ee0b16f3df5a074b1bad818b4813a4364f43fb6b7a56ac901f6e0f2dea993aeac640c4c6758216c9a6fbb45f7d607f7d88228,JC342826,,07/10/2019 10:10:00 AM,30,UNKNOWN,UNKNOWN,UNKNOWN,UNKNOWN,REAR END,UNKNOWN,,STRAIGHT AND LEVEL,UNKNOWN,UNKNOWN,NOT ON SCENE (DESK REPORT),NO INJURY / DRIVE AWAY,Y,,,"$501 - $1,500",07/10/2019 02:30:00 PM,UNABLE TO DETERMINE,UNABLE TO DETERMINE,450,E,LOWER WACKER DR,114.0,,,,,,,2,NO INDICATION OF INJURY,0.0,0.0,0.0,0.0,0.0,2.0,0.0,10,4,7,41.8875273824,-87.6165999096,POINT (-87.616599909647 41.887527382373)
a262b6cc832f0dfe7735f380e5a59baa7dba1b5a41bce643cc1b1a790a1db74b47ef7f660ee53210ff62d2b7844df53782cf8d5e1bbae8c1585c6bd658b9b52e,JC558409,,12/24/2019 12:20:00 AM,35,NO CONTROLS,NO CONTROLS,CLEAR,"DARKNESS, LIGHTED ROAD",PARKED MOTOR VEHICLE,NOT DIVIDED,,STRAIGHT AND LEVEL,DRY,NO DEFECTS,ON SCENE,INJURY AND / OR TOW DUE TO CRASH,Y,,,"OVER $1,500",12/24/2019 12:23:00 AM,UNABLE TO DETERMINE,UNABLE TO DETERMINE,3521,S,WESTERN BLVD,912.0,,,,,,,4,NO INDICATION OF INJURY,0.0,0.0,0.0,0.0,0.0,1.0,0.0,0,3,12,41.8295998974,-87.6842929644,POINT (-87.684292964369 41.829599897393)
9506374d0321e2cd43243476b267bf98e34d60c57b922256cf164e38c3b233cd71b641f3d1ffc9ff521ac91033ca0141ddb4d66d5d6f15449a85a6be29308d89,JD456328,,12/11/2020 04:01:00 PM,30,STOP SIGN/FLASHER,NO CONTROLS,RAIN,DAYLIGHT,ANGLE,NOT DIVIDED,,STRAIGHT AND LEVEL,WET,NO DEFECTS,ON SCENE,NO INJURY / DRIVE AWAY,,,,"$501 - $1,500",12/11/2020 05:01:00 PM,UNABLE TO DETERMINE,NOT APPLICABLE,2428,E,100TH ST,431.0,,,,,,,2,NO INDICATION OF INJURY,0.0,0.0,0.0,0.0,0.0,2.0,0.0,16,6,12,41.7136351405,-87.5646496394,POINT (-87.564649639365 41.713635140503)
4d8aa4598fc3714e745272a2649128ab412ff0b3cbd579f8eea1b5ed693ac5594b022d89cd68851f6b7571ac6977cf5abe5881c785f5ad58874bcd667fc7e08c,JF365412,,08/21/2022 11:30:00 PM,30,STOP SIGN/FLASHER,FUNCTIONING PROPERLY,CLEAR,UNKNOWN,TURNING,DIVIDED - W/MEDIAN (NOT RAISED),,STRAIGHT AND LEVEL,UNKNOWN,UNKNOWN,NOT ON SCENE (DESK REPORT),INJURY AND / OR TOW DUE TO CRASH,Y,,,"OVER $1,500",08/22/2022 12:12:00 AM,FAILING TO YIELD RIGHT-OF-WAY,NOT APPLICABLE,1700,N,CENTRAL AVE,2531.0,,,,,,,2,NO INDICATION OF INJURY,0.0,0.0,0.0,0.0,0.0,2.0,0.0,23,1,8,41.9112735977,-87.7657217898,POINT (-87.765721789825 41.911273597738)
be538466fac19207963fd1047bb8df2015ba006f8570fa73c20dee47cfbf4c03bdacbe9e7f90aaec434ad5564d816ab308f28586a3e9e78af87aa25f8b18d640,JD354216,,09/02/2020 05:15:00 PM,30,NO CONTROLS,NO CONTROLS,CLEAR,DAYLIGHT,SIDESWIPE SAME DIRECTION,NOT DIVIDED,,STRAIGHT AND LEVEL,DRY,NO DEFECTS,ON SCENE,NO INJURY / DRIVE AWAY,,,,$500 OR LESS,09/02/2020 05:21:00 PM,DRIVING SKILLS/KNOWLEDGE/EXPERIENCE,DRIVING SKILLS/KNOWLEDGE/EXPERIENCE,2950,N,LAVERGNE AVE,2521.0,,,,,,,2,NO INDICATION OF INJURY,0.0,0.0,0.0,0.0,0.0,2.0,0.0,17,4,9,41.9348341716,-87.7517857634,POINT (-87.751785763358 41.934834171632)
2b5ec470f5e74529c85af45ceecbe7f55a3f38e18d3ced190643179b15ed7927e09e08dfd719a9e3c342a262da5a95f65182d2b06300114c22acbe720d552170,JE290104,,07/04/2021 09:00:00 PM,30,NO CONTROLS,NO CONTROLS,CLEAR,"DARKNESS, LIGHTED ROAD",TURNING,NOT DIVIDED,,"CURVE, LEVEL",DRY,NO DEFECTS,ON SCENE,NO INJURY / DRIVE AWAY,,,Y,"$501 - $1,500",07/04/2021 09:27:00 PM,UNABLE TO DETERMINE,UNABLE TO DETERMINE,988,W,GRANVILLE AVE,2433.0,,,,,,,2,NO INDICATION OF INJURY,0.0,0.0,0.0,0.0,0.0,2.0,0.0,21,1,7,41.9947058691,-87.6554775588,POINT (-87.65547755877 41.994705869108)
9b268b4cef933dc1ed5669e4199b5232e6f4ee0b7a3a9a91cb220e2cd2c685b37bdce8403afa5671e5917508d3f9ff24e9c2702b1fb5b61c087abec865e3798a,JE406066,,10/07/2021 07:13:00 AM,30,NO CONTROLS,NO CONTROLS,CLEAR,DAYLIGHT,ANGLE,ALLEY,,STRAIGHT AND LEVEL,DRY,NO DEFECTS,NOT ON SCENE (DESK REPORT),NO INJURY / DRIVE AWAY,,,,"OVER $1,500",10/11/2021 02:05:00 PM,UNABLE TO DETERMINE,NOT APPLICABLE,4139,W,LELAND AVE,1722.0,,,,,,,2,NO INDICATION OF INJURY,0.0,0.0,0.0,0.0,0.0,5.0,0.0,7,5,10,41.9669850079,-87.7320327232,POINT (-87.732032723197 41.966985007869)
edc97e3ed878962b5005458fa3f57355a6d199a68d909caa0141e25c7fc4d4d36dffaf1874a22863c5cbec8af5498ea37d06c869000ea3592032c025a6108c32,JC187066,,03/15/2019 07:55:00 PM,30,NO CONTROLS,NO CONTROLS,CLEAR,"DARKNESS, LIGHTED ROAD",TURNING,DIVIDED - W/MEDIAN (NOT RAISED),4.0,STRAIGHT AND LEVEL,DRY,NO DEFECTS,NOT ON SCENE (DESK REPORT),NO INJURY / DRIVE AWAY,,,,"OVER $1,500",03/15/2019 08:55:00 PM,FAILING TO YIELD RIGHT-OF-WAY,NOT APPLICABLE,1525,W,MADISON ST,1224.0,,,,,,,2,NO INDICATION OF INJURY,0.0,0.0,0.0,0.0,0.0,2.0,0.0,19,6,3,41.8813567444,-87.6654993453,POINT (-87.665499345299 41.881356744361)
31e4afb16eb35f48161186126d3bd3fb3da7e31f082c5b1f4580e9ba2db6b3b378263d1210f2ed382fdb8c222b20ce609a40740e0dbd55cd9fcb8389de1bc3d0,JA425188,,09/09/2017 07:00:00 PM,30,NO CONTROLS,NO CONTROLS,CLEAR,DAYLIGHT,ANGLE,DIVIDED - W/MEDIAN (NOT RAISED),2.0,STRAIGHT AND LEVEL,DRY,NO DEFECTS,ON SCENE,NO INJURY / DRIVE AWAY,,,,"OVER $1,500",09/09/2017 07:15:00 PM,FAILING TO YIELD RIGHT-OF-WAY,UNABLE TO DETERMINE,3333,W,BELMONT AVE,1412.0,,,,,,,2,NO INDICATION OF INJURY,0.0,0.0,0.0,0.0,0.0,3.0,0.0,19,7,9,41.9391944665,-87.7114162566,POINT (-87.711416256597 41.93919446649)
58252014080ddd4c63bfc6e87b3d3a62ba2c0c74f09143089ed92e1ba9d621edccd30326b79cbe4d47d4cdc7ae38f0fa249394c083c59e6e8896b1af9ee47321,JE225464,Y,05/10/2021 11:26:00 AM,30,UNKNOWN,UNKNOWN,CLEAR,UNKNOWN,PARKED MOTOR VEHICLE,ONE-WAY,,STRAIGHT AND LEVEL,DRY,UNKNOWN,NOT ON SCENE (DESK REPORT),NO INJURY / DRIVE AWAY,,,Y,"OVER $1,500",05/10/2021 11:29:00 AM,DRIVING SKILLS/KNOWLEDGE/EXPERIENCE,NOT APPLICABLE,7935,S,UNION AVE,621.0,,,,,,,2,NO INDICATION OF INJURY,0.0,0.0,0.0,0.0,0.0,1.0,0.0,11,2,5,41.7496291672,-87.6414233329,POINT (-87.64142333291 41.749629167215)
e5f9fe49f5eca39e8af4f99cfcf2fa50411ed757d2709529457b51df2d26a91ed73b16895c17b723456070c37ac15168f7a63b12b5a4320d923c6a46ee54ba63,JD277316,,06/26/2020 05:52:00 PM,30,NO CONTROLS,NO CONTROLS,CLEAR,DAYLIGHT,PARKED MOTOR VEHICLE,NOT DIVIDED,,STRAIGHT ON GRADE,WET,NO DEFECTS,ON SCENE,NO INJURY / DRIVE AWAY,,,,$500 OR LESS,06/26/2020 06:14:00 PM,DRIVING SKILLS/KNOWLEDGE/EXPERIENCE,NOT APPLICABLE,3829,W,78TH PL,833.0,,,,,,,2,NO INDICATION OF INJURY,0.0,0.0,0.0,0.0,0.0,1.0,0.0,17,6,6,41.7505717307,-87.7194552469,POINT (-87.719455246924 41.75057173066)
8e3f4f12bed5e42f608582559720e94f6e8e79207edd8619c04857ea2824eb25e29fede4e7e0829106dbde774b73d0ca1a8143d3c6c5846f1e32bf7f28e58446,JC292731,Y,06/05/2019 06:51:00 AM,40,NO CONTROLS,NO CONTROLS,RAIN,DAYLIGHT,SIDESWIPE SAME DIRECTION,DIVIDED - W/MEDIAN BARRIER,,STRAIGHT AND LEVEL,WET,NO DEFECTS,,NO INJURY / DRIVE AWAY,,,,$500 OR LESS,06/05/2019 07:04:00 AM,FAILING TO REDUCE SPEED TO AVOID CRASH,IMPROPER LANE USAGE,862,N,LAKE SHORE DR,1833.0,,,,,,,2,NO INDICATION OF INJURY,0.0,0.0,0.0,0.0,0.0,2.0,0.0,6,4,6,41.8983811242,-87.6182880172,POINT (-87.618288017243 41.898381124242)
68381bbfc1f736a9ac46d7cb5ec961fad7c5a40b38136f604db8e16d83c6306d3fd2ae9ea4f5bde6d96687564784a171d6896b6ae6d36cc75f3867d9ad0a03b5,JD208894,,04/14/2020 10:15:00 AM,30,NO CONTROLS,NO CONTROLS,CLEAR,DAYLIGHT,REAR TO FRONT,NOT DIVIDED,,STRAIGHT AND LEVEL,DRY,NO DEFECTS,NOT ON SCENE (DESK REPORT),NO INJURY / DRIVE AWAY,,,,"OVER $1,500",04/14/2020 01:35:00 PM,IMPROPER BACKING,UNABLE TO DETERMINE,60,E,36TH PL,213.0,,,,,,,2,NO INDICATION OF INJURY,0.0,0.0,0.0,0.0,0.0,2.0,0.0,10,3,4,41.8288529605,-87.6241984302,POINT (-87.624198430161 41.828852960536)
f6ccd0bddc3cad516c9e6879c8f877322358f685d7655ce63f266245961ee5adeabf55bd27637aaf27d1ee95e986250fbbba8d36b3d715021e28d7498fcde52d,JF347694,,08/05/2022 05:45:00 PM,25,NO CONTROLS,NO CONTROLS,CLEAR,DAYLIGHT,PARKED MOTOR VEHICLE,NOT DIVIDED,,STRAIGHT AND LEVEL,DRY,UNKNOWN,NOT ON SCENE (DESK REPORT),NO INJURY / DRIVE AWAY,,,,"$501 - $1,500",08/07/2022 11:00:00 AM,UNABLE TO DETERMINE,UNABLE TO DETERMINE,10234,S,BENSLEY AVE,431.0,,,,,,,2,NO INDICATION OF INJURY,0.0,0.0,0.0,0.0,0.0,1.0,0.0,17,6,8,41.7089497417,-87.5634615925,POINT (-87.563461592483 41.708949741678)
1a9c7f081de4dfe41331c2e05d36a5599e9011ea277bebc4a3b6f611a46cb11e73760743ad469f2f6b184ce5d6005a80685e75d08f48345a89381b5cdee201d7,JE484308,,12/20/2021 10:33:00 PM,35,NO CONTROLS,NO CONTROLS,CLEAR,"DARKNESS, LIGHTED ROAD",REAR END,NOT DIVIDED,,STRAIGHT AND LEVEL,DRY,NO DEFECTS,ON SCENE,INJURY AND / OR TOW DUE TO CRASH,,,,"OVER $1,500",12/20/2021 10:36:00 PM,DRIVING SKILLS/KNOWLEDGE/EXPERIENCE,NOT APPLICABLE,3545,W,DIVISION ST,1121.0,,Y,,,,,2,NONINCAPACITATING INJURY,2.0,0.0,0.0,2.0,0.0,1.0,0.0,22,2,12,41.9026497832,-87.715898156,POINT (-87.71589815603 41.902649783191)
6f103a085615c10f57f46faa350a55322686861ff6dd67b8b92461d65603ce0e5e4b1c84dcdaeacc7c672e73324d0bc204eaba446a7d28a93b5cc5e042f5de0c,JE460131,,11/29/2021 08:20:00 AM,30,TRAFFIC SIGNAL,FUNCTIONING PROPERLY,CLOUDY/OVERCAST,DAYLIGHT,TURNING,FOUR WAY,,STRAIGHT AND LEVEL,DRY,NO DEFECTS,NOT ON SCENE (DESK REPORT),NO INJURY / DRIVE AWAY,,,Y,"OVER $1,500",11/29/2021 11:20:00 AM,IMPROPER OVERTAKING/PASSING,IMPROPER TURNING/NO SIGNAL,2801,W,31ST ST,1033.0,,,,,,,2,NO INDICATION OF INJURY,0.0,0.0,0.0,0.0,0.0,3.0,0.0,8,2,11,41.8373012424,-87.6951565828,POINT (-87.695156582798 41.837301242428)
4e89eb8a67ee9181786696b188c40809172dec4343df1ef51a535307ff1335533e64bfdf9f83cc21d7ceda1dfd318c3e6d7161def308d684a5b510f7912416f4,JC302599,,06/11/2019 11:01:00 PM,20,UNKNOWN,UNKNOWN,CLEAR,"DARKNESS, LIGHTED ROAD",PARKED MOTOR VEHICLE,UNKNOWN,,STRAIGHT AND LEVEL,UNKNOWN,UNKNOWN,ON SCENE,NO INJURY / DRIVE AWAY,,,Y,"OVER $1,500",06/11/2019 11:01:00 PM,"OPERATING VEHICLE IN ERRATIC, RECKLESS, CARELESS, NEGLIGENT OR AGGRESSIVE MANNER",NOT APPLICABLE,10153,S,VERNON AVE,511.0,,,,,,,2,NO INDICATION OF INJURY,0.0,0.0,0.0,0.0,0.0,2.0,0.0,23,3,6,41.7094193042,-87.6124584848,POINT (-87.612458484785 41.7094193042)
5a2a38aa112307821cca9f1f7b1143afe687fae87e5dc3ac215cb094fe31f53c45c30250aeb4b9800c6c7933d417ce139e4953742c1b3c931a911451fba1e56e,JD459587,,12/15/2020 09:47:00 AM,30,TRAFFIC SIGNAL,FUNCTIONING PROPERLY,CLEAR,DAYLIGHT,TURNING,NOT DIVIDED,,STRAIGHT AND LEVEL,DRY,UNKNOWN,ON SCENE,INJURY AND / OR TOW DUE TO CRASH,,,Y,"OVER $1,500",12/15/2020 10:02:00 AM,UNABLE TO DETERMINE,NOT APPLICABLE,5900,S,PULASKI RD,813.0,,,,,,,3,NO INDICATION OF INJURY,0.0,0.0,0.0,0.0,0.0,3.0,0.0,9,3,12,41.7858884944,-87.7231065914,POINT (-87.72310659145 41.785888494434)
5a69cb6137dec38f2f9375014c0f8fa798c1b0eaedc8a7652d43c56b4d05805729b0b2709d878c5535266c56662d024c181712e9aec7dbdfc49274c2c1676f74,HZ537682,,12/02/2016 06:30:00 PM,30,TRAFFIC SIGNAL,FUNCTIONING PROPERLY,CLEAR,DARKNESS,REAR END,NOT DIVIDED,2.0,STRAIGHT AND LEVEL,DRY,NO DEFECTS,NOT ON SCENE (DESK REPORT),NO INJURY / DRIVE AWAY,,,,"OVER $1,500",12/02/2016 08:00:00 PM,UNABLE TO DETERMINE,UNABLE TO DETERMINE,134,N,LARAMIE AVE,1523.0,,,,,,,3,NO INDICATION OF INJURY,0.0,0.0,0.0,0.0,0.0,3.0,0.0,18,6,12,41.8833969842,-87.7553221079,POINT (-87.755322107888 41.883396984161)
f2d0d94ebd3345436b8cb6cf51f055902876680990b8ff4252f5b953531f6004b909c32dd321a57647a90c4a4f57100184ee3e06fdbdc3dce8ab31e7f8cd921e,JB208137,,04/02/2018 06:40:00 AM,30,NO CONTROLS,UNKNOWN,CLEAR,DAYLIGHT,SIDESWIPE SAME DIRECTION,ONE-WAY,2.0,STRAIGHT AND LEVEL,DRY,NO DEFECTS,NOT ON SCENE (DESK REPORT),NO INJURY / DRIVE AWAY,,,Y,$500 OR LESS,04/02/2018 06:50:00 AM,IMPROPER LANE USAGE,DRIVING SKILLS/KNOWLEDGE/EXPERIENCE,6300,S,YALE AVE,722.0,,,,,,,2,NO INDICATION OF INJURY,0.0,0.0,0.0,0.0,0.0,2.0,0.0,6,2,4,41.7799265177,-87.6319793256,POINT (-87.631979325574 41.779926517686)
083a0fd87814b01f57395da2809bc1940777087bf5d8c74814a47469efbef03b003e0ec159accb3e8b033f896cb855234949003baf15aed2f54569a6b3254cf2,JG395019,,08/23/2023 08:50:00 PM,30,STOP SIGN/FLASHER,FUNCTIONING PROPERLY,CLEAR,"DARKNESS, LIGHTED ROAD",ANGLE,FOUR WAY,,STRAIGHT AND LEVEL,DRY,NO DEFECTS,NOT ON SCENE (DESK REPORT),NO INJURY / DRIVE AWAY,Y,,,"$501 - $1,500",08/23/2023 09:10:00 PM,UNABLE TO DETERMINE,FAILING TO YIELD RIGHT-OF-WAY,6600,S,MARQUETTE RD,312.0,,,,,,,2,NO INDICATION OF INJURY,0.0,0.0,0.0,0.0,0.0,2.0,0.0,20,4,8,41.7747383284,-87.6132404634,POINT (-87.613240463362 41.774738328394)
dc4aafca08566800a6d1e3c5e71155b13487ade45eb8385cdb0d933ac2c527a4b2eb4116212f9b22c650a4799ec49b3f06d727fe29536a837de719f28fedadd5,JF387239,,09/07/2022 07:37:00 PM,30,NO CONTROLS,NO CONTROLS,CLEAR,"DARKNESS, LIGHTED ROAD",PARKED MOTOR VEHICLE,ONE-WAY,,STRAIGHT AND LEVEL,DRY,NO DEFECTS,ON SCENE,INJURY AND / OR TOW DUE TO CRASH,,,,"OVER $1,500",09/07/2022 07:38:00 PM,UNABLE TO DETERMINE,UNABLE TO DETERMINE,8352,S,ABERDEEN ST,613.0,,,,,,,4,INCAPACITATING INJURY,1.0,0.0,1.0,0.0,0.0,0.0,0.0,19,4,9,41.7416885098,-87.6512177955,POINT (-87.651217795499 41.741688509795)
27410591bb6530f5bd7d83fe9b3b7552e38e2210491707599abcf457a5c2e60f2893ff02e3c4ba5c845b65840e7df7e34f8648657646196bb185c20b82f00dbb,JG435722,,09/23/2023 10:30:00 AM,30,NO CONTROLS,NO CONTROLS,CLEAR,DAYLIGHT,PEDALCYCLIST,DIVIDED - W/MEDIAN (NOT RAISED),,STRAIGHT AND LEVEL,DRY,UNKNOWN,ON SCENE,INJURY AND / OR TOW DUE TO CRASH,,,,"OVER $1,500",09/23/2023 10:36:00 AM,UNABLE TO DETERMINE,UNABLE TO DETERMINE,2669,N,CICERO AVE,2521.0,,,,,,,2,NONINCAPACITATING INJURY,1.0,0.0,0.0,1.0,0.0,4.0,0.0,10,7,9,41.9294813055,-87.7463625462,POINT (-87.746362546241 41.929481305532)
2a7288fd49d2149fb011cffada0c98a5dacd0925de24a29e7d91a6a25a10aaa684a795814092b774ab67ca21d2b9c127873c9d07cb6c7120a1f8c3239eaf552b,JA569206,N,12/31/2017 05:00:00 PM,30,TRAFFIC SIGNAL,FUNCTIONING PROPERLY,CLEAR,"DARKNESS, LIGHTED ROAD",PEDESTRIAN,UNKNOWN,,STRAIGHT AND LEVEL,UNKNOWN,UNKNOWN,ON SCENE,INJURY AND / OR TOW DUE TO CRASH,,,Y,$500 OR LESS,12/31/2017 05:27:00 PM,DISREGARDING TRAFFIC SIGNALS,FAILING TO REDUCE SPEED TO AVOID CRASH,4700,S,LAKE PARK AVE,222.0,,,,,,,2,NONINCAPACITATING INJURY,1.0,0.0,0.0,1.0,0.0,1.0,0.0,17,1,12,41.8095347808,-87.5924502234,POINT (-87.592450223394 41.809534780826)
5e5920b8d632c2b34fe46d1cfba94d1d082dfe43865bc0f24630130a9070c92eb8e1ea3697752ff58b1111f2a7608b2df1a6ba5235e6b2c3acadb1c8cd476f29,JG281315,,05/28/2023 03:00:00 PM,30,NO CONTROLS,NO CONTROLS,CLEAR,DAYLIGHT,REAR TO FRONT,NOT DIVIDED,,STRAIGHT AND LEVEL,DRY,NO DEFECTS,,NO INJURY / DRIVE AWAY,,,,"$501 - $1,500",05/30/2023 06:28:00 PM,FOLLOWING TOO CLOSELY,IMPROPER BACKING,11630,S,THROOP ST,524.0,,,,,,,2,NO INDICATION OF INJURY,0.0,0.0,0.0,0.0,0.0,2.0,0.0,15,1,5,41.6821605384,-87.6543686222,POINT (-87.654368622242 41.682160538388)