CRASH_RECORD_ID,RD_NO,CRASH_DATE_EST_I,CRASH_DATE,POSTED_SPEED_LIMIT,TRAFFIC_CONTROL_DEVICE,DEVICE_CONDITION,WEATHER_CONDITION,LIGHTING_CONDITION,FIRST_CRASH_TYPE,TRAFFICWAY_TYPE,LANE_CNT,ALIGNMENT,ROADWAY_SURFACE_COND,ROAD_DEFECT,REPORT_TYPE,CRASH_TYPE,INTERSECTION_RELATED_I,NOT_RIGHT_OF_WAY_I,HIT_AND_RUN_I,DAMAGE,DATE_POLICE_NOTIFIED,PRIM_CONTRIBUTORY_CAUSE,SEC_CONTRIBUTORY_CAUSE,STREET_NO,STREET_DIRECTION,STREET_NAME,BEAT_OF_OCCURRENCE,PHOTOS_TAKEN_I,STATEMENTS_TAKEN_I,DOORING_I,WORK_ZONE_I,WORK_ZONE_TYPE,WORKERS_PRESENT_I,NUM_UNITS,MOST_SEVERE_INJURY,INJURIES_TOTAL,INJURIES_FATAL,INJURIES_INCAPACITATING,INJURIES_NON_INCAPACITATING,INJURIES_REPORTED_NOT_EVIDENT,INJURIES_NO_INDICATION,INJURIES_UNKNOWN,CRASH_HOUR,CRASH_DAY_OF_WEEK,CRASH_MONTH,LATITUDE,LONGITUDE,LOCATION
ce997ffbec8f1c1f6320ce5a12d826554a3cc830c72b04f950c13744a89985e2602fc9f77dd00f2384a577f8f35d08d6f51cbf2ede0b2fb6ba717ec74aaef12a,JD161088,,02/22/2020 01:40:00 PM,30,TRAFFIC SIGNAL,FUNCTIONING PROPERLY,CLEAR,DAYLIGHT,TURNING,DIVIDED - W/MEDIAN BARRIER,,STRAIGHT AND LEVEL,DRY,NO DEFECTS,NOT ON SCENE (DESK REPORT),NO INJURY / DRIVE AWAY,Y,,,"$501 - $1,500",02/22/2020 03:10:00 PM,IMPROPER TURNING/NO SIGNAL,IMPROPER TURNING/NO SIGNAL,250,E,ROOSEVELT RD,114.0,,,,,,,2,NO INDICATION OF INJURY,0.0,0.0,0.0,0.0,0.0,2.0,0.0,13,7,2,41.8676219357,-87.6204325068,POINT (-87.620432506772 41.867621935698)
2d23e10d4eb3a4005eb6866620bf47668ea650c7b4af6b222b685529e3ad791c654947f11ba3b765ac30d2a367941d2c35b340e72767ad5a1a98b802d5ece934,JC141557,,02/04/2019 12:40:00 PM,30,NO CONTROLS,NO CONTROLS,CLEAR,DAYLIGHT,SIDESWIPE OPPOSITE DIRECTION,ONE-WAY,,STRAIGHT AND LEVEL,DRY,NO DEFECTS,NOT ON SCENE (DESK REPORT),NO INJURY / DRIVE AWAY,,,,"$501 - $1,500",02/05/2019 06:41:00 PM,IMPROPER OVERTAKING/PASSING,UNABLE TO DETERMINE,6254,N,OAKLEY AVE,2413.0,,,,,,,2,NO INDICATION OF INJURY,0.0,0.0,0.0,0.0,0.0,2.0,0.0,12,2,2,41.9957453538,-87.6875190147,POINT (-87.687519014701 41.995745353828)
d233f66115090ba357102416b81b7b0bd9cd946c3042264c377f77109daaf7202c8ecd3f36ab11eae0725990333d6bd67c16d345e017849699e6f4e09abaebbc,JC156270,Y,02/17/2019 08:12:00 PM,30,NO CONTROLS,NO CONTROLS,SNOW,"DARKNESS, LIGHTED ROAD",SIDESWIPE SAME DIRECTION,NOT DIVIDED,2.0,STRAIGHT AND LEVEL,SNOW OR SLUSH,NO DEFECTS,ON SCENE,NO INJURY / DRIVE AWAY,,,,"OVER $1,500",02/17/2019 08:12:00 PM,UNABLE TO DETERMINE,NOT APPLICABLE,2442,N,CLARK ST,1935.0,,,,,,,2,NO INDICATION OF INJURY,0.0,0.0,0.0,0.0,0.0,2.0,0.0,20,1,2,41.926655245,-87.6412882407,POINT (-87.641288240677 41.926655245022)
e99d7c0adb1c6dabaea31d71e6563005bc651aab59ef7f4f8fa7ab66d9715ce99121e975bb3a6eb367b375d8818b501380ab5ac4a965d4cc8c46d7fff09d8435,JF106854,,01/08/2022 01:57:00 PM,25,TRAFFIC SIGNAL,FUNCTIONING PROPERLY,CLEAR,DAYLIGHT,REAR END,NOT DIVIDED,,STRAIGHT AND LEVEL,DRY,NO DEFECTS,,NO INJURY / DRIVE AWAY,,,Y,"OVER $1,500",01/08/2022 02:23:00 PM,FOLLOWING TOO CLOSELY,NOT APPLICABLE,5500,S,ASHLAND AVE,715.0,,,,,,,2,NO INDICATION OF INJURY,0.0,0.0,0.0,0.0,0.0,3.0,0.0,13,7,1,41.7935901159,-87.6647209959,POINT (-87.664720995935 41.793590115883)
9f5e21a830b87e65afdb285c19927937d2c7fa114b2c1cc87eab99bdb2d83cfc34c2e12c04292a656445a4ca0299946ee6222b948f8eb6bbc9a3a5bfe69e3379,JA529246,,11/12/2017 04:25:00 PM,30,NO CONTROLS,NO CONTROLS,RAIN,DAYLIGHT,REAR END,NOT DIVIDED,4.0,STRAIGHT AND LEVEL,WET,NO DEFECTS,ON SCENE,INJURY AND / OR TOW DUE TO CRASH,,,,"OVER $1,500",11/12/2017 04:41:00 PM,FOLLOWING TOO CLOSELY,CELL PHONE USE OTHER THAN TEXTING,3737,N,PULASKI RD,1732.0,,,,,,,3,NONINCAPACITATING INJURY,1.0,0.0,0.0,1.0,0.0,3.0,0.0,16,1,11,41.9492925937,-87.7273381809,POINT (-87.727338180874 41.949292593736)
4587bd9a6f16d7cb931ac6cfd42a8ff52220669e7349568f0b4368f894a1e51bf26053b28a035fb1cf95712ebf54bbbdc7eaec2934b5b04b55d7a93abcad6086,JD307495,,07/23/2020 04:40:00 PM,30,STOP SIGN/FLASHER,FUNCTIONING PROPERLY,CLEAR,DAYLIGHT,REAR TO FRONT,NOT DIVIDED,,STRAIGHT AND LEVEL,DRY,NO DEFECTS,NOT ON SCENE (DESK REPORT),NO INJURY / DRIVE AWAY,Y,,Y,"OVER $1,500",07/23/2020 04:55:00 PM,DRIVING SKILLS/KNOWLEDGE/EXPERIENCE,UNABLE TO DETERMINE,307,S,KILBOURN AVE,1131.0,,,,,,,2,NO INDICATION OF INJURY,0.0,0.0,0.0,0.0,0.0,4.0,0.0,16,5,7,41.8766887231,-87.7376428736,POINT (-87.737642873586 41.876688723111)
816dc28ac4aa4d998d85a7f61361af43a64a089bde150d06224f6688ba2f7b683a0d75c9adcd663e3ccacffd024edd93b727e3f1ab3d407ac17c58f41eb58786,JE376465,Y,09/16/2021 08:20:00 AM,30,NO CONTROLS,NO CONTROLS,CLEAR,"DARKNESS, LIGHTED ROAD",FIXED OBJECT,ONE-WAY,,STRAIGHT AND LEVEL,DRY,NO DEFECTS,ON SCENE,NO INJURY / DRIVE AWAY,,Y,Y,$500 OR LESS,09/16/2021 08:56:00 PM,UNABLE TO DETERMINE,NOT APPLICABLE,5407,W,GRACE ST,1633.0,,,,,,,1,NO INDICATION OF INJURY,0.0,0.0,0.0,0.0,0.0,1.0,0.0,8,5,9,41.9495847508,-87.7623120501,POINT (-87.762312050069 41.949584750764)
8cabf33f91b8c0e222ee1ff4086179cf97330c6a7bb955147b3f5683a16e78152538f1c432dceab08188ebbf2210ecab84bd9560f3765c9ebd9589ddf60921cf,JF451717,,10/27/2022 03:20:00 PM,30,NO CONTROLS,NO CONTROLS,CLEAR,DAYLIGHT,PARKED MOTOR VEHICLE,ALLEY,,STRAIGHT AND LEVEL,DRY,NO DEFECTS,NOT ON SCENE (DESK REPORT),NO INJURY / DRIVE AWAY,,,,$500 OR LESS,10/27/2022 03:48:00 PM,IMPROPER BACKING,IMPROPER BACKING,4747,N,LINCOLN AVE,1911.0,,,,,,,2,NO INDICATION OF INJURY,0.0,0.0,0.0,0.0,0.0,1.0,0.0,15,5,10,41.9679006777,-87.6879406512,POINT (-87.687940651208 41.967900677686)
ce5fff7174315963f15d2a44c1533c40bc30ce46187028fe4adc7a00f26af0a1a8cb2cd2cb34c7c6576bc29d347a508a0919f6a96978bf43692204a7ac1b47ed,JF378851,,09/01/2022 12:00:00 PM,30,NO CONTROLS,NO CONTROLS,CLEAR,DAYLIGHT,FIXED OBJECT,NOT DIVIDED,,STRAIGHT AND LEVEL,DRY,NO DEFECTS,ON SCENE,NO INJURY / DRIVE AWAY,,,,"OVER $1,500",09/01/2022 12:26:00 PM,IMPROPER BACKING,DRIVING SKILLS/KNOWLEDGE/EXPERIENCE,2047,W,DIVISION ST,1212.0,,,,,,,5,NO INDICATION OF INJURY,0.0,0.0,0.0,0.0,0.0,4.0,0.0,12,5,9,41.903046998,-87.6791193272,POINT (-87.679119327173 41.903046997993)
1a6c6cd5f438903ae2bdca6752b6700aff44e4d1906db6aead700401c500f42b75b0a261454aa4dbafa55cf05ec7dbc56558d98b25bba4ee5550cc1f2c9c27a2,JG129693,,01/26/2023 12:57:00 AM,20,STOP SIGN/FLASHER,FUNCTIONING PROPERLY,SNOW,"DARKNESS, LIGHTED ROAD",PARKED MOTOR VEHICLE,T-INTERSECTION,,STRAIGHT AND LEVEL,WET,UNKNOWN,,NO INJURY / DRIVE AWAY,,,Y,"OVER $1,500",01/26/2023 01:06:00 AM,UNABLE TO DETERMINE,NOT APPLICABLE,2761,W,WINDSOR AVE,1724.0,,,,,,,2,NO INDICATION OF INJURY,0.0,0.0,0.0,0.0,0.0,1.0,0.0,0,5,1,41.9638138389,-87.6986623455,POINT (-87.698662345463 41.963813838882)
ba46818f3d9217fb61a52eb6ff3264a5cc3e1f13a609516c50e8b3dfbd471d97234de54aa5d98e17ea2ca66b8a2c4c798c46cb19b2b0db044ede0d78f7030ba5,JG302776,,06/15/2023 09:20:00 PM,30,NO CONTROLS,NO CONTROLS,CLEAR,"DARKNESS, LIGHTED ROAD",ANGLE,DIVIDED - W/MEDIAN (NOT RAISED),,STRAIGHT AND LEVEL,DRY,NO DEFECTS,NOT ON SCENE (DESK REPORT),NO INJURY / DRIVE AWAY,,,Y,"$501 - $1,500",06/15/2023 09:40:00 PM,FAILING TO YIELD RIGHT-OF-WAY,UNABLE TO DETERMINE,7600,S,EGGLESTON AVE,621.0,,,,,,,2,NO INDICATION OF INJURY,0.0,0.0,0.0,0.0,0.0,5.0,0.0,21,5,6,41.7561413772,-87.6357998607,POINT (-87.635799860722 41.756141377245)
9c41a3f2871821dbc077c2a368127e2321eac9375161da66692ded7f9afca84727012d5b1afb3d85bf238833508f067c0070f5379547b09a95754e52b4802e91,JF252881,,05/22/2022 05:45:00 PM,30,TRAFFIC SIGNAL,FUNCTIONING PROPERLY,CLEAR,"DARKNESS, LIGHTED ROAD",ANGLE,NOT DIVIDED,,STRAIGHT AND LEVEL,DRY,NO DEFECTS,NOT ON SCENE (DESK REPORT),NO INJURY / DRIVE AWAY,,,,"$501 - $1,500",05/23/2022 04:27:00 PM,UNABLE TO DETERMINE,UNABLE TO DETERMINE,11900,S,STATE ST,522.0,,,,,,,2,NO INDICATION OF INJURY,0.0,0.0,0.0,0.0,0.0,3.0,0.0,17,1,5,41.6779769595,-87.6228027668,POINT (-87.622802766789 41.677976959484)
31f25b666004b3cdd478d1559b1f865d0be61cdbe349bab090253b8be53c18dceaa10e8c36ae94b106103a7cbc3805d7dd1c071a44807770a583821f9cec7bea,JF215021,,04/21/2022 04:17:00 PM,30,TRAFFIC SIGNAL,FUNCTIONING PROPERLY,CLEAR,DAYLIGHT,ANGLE,FOUR WAY,,STRAIGHT ON HILLCREST,DRY,NO DEFECTS,ON SCENE,INJURY AND / OR TOW DUE TO CRASH,Y,,,"OVER $1,500",04/21/2022 04:17:00 PM,DISREGARDING TRAFFIC SIGNALS,NOT APPLICABLE,6900,S,WESTERN AVE,832.0,,,,,,,2,NONINCAPACITATING INJURY,2.0,0.0,0.0,2.0,0.0,0.0,0.0,16,5,4,41.7682384769,-87.6834869571,POINT (-87.68348695709 41.76823847692)
6076222284d8cc88c79671cd9699290dc94560292241dedc7de1c8d3356c96ec2715d1e2c5106778b6a0b5db659a53c609e6070367fb37d27b3bf7eae4f6aaae,JE116822,,01/19/2021 07:15:00 AM,30,TRAFFIC SIGNAL,FUNCTIONING PROPERLY,CLEAR,DAYLIGHT,REAR END,DIVIDED - W/MEDIAN (NOT RAISED),,STRAIGHT AND LEVEL,DRY,NO DEFECTS,ON SCENE,NO INJURY / DRIVE AWAY,,,Y,$500 OR LESS,01/19/2021 07:18:00 AM,UNABLE TO DETERMINE,NOT APPLICABLE,7101,S,KEDZIE AVE,831.0,,,,,,,2,NO INDICATION OF INJURY,0.0,0.0,0.0,0.0,0.0,2.0,0.0,7,3,1,41.7642989911,-87.702663979,POINT (-87.702663978997 41.764298991134)
49cfc885fafb135d4f7f60fec9fd54653228d1b960800bff99b9c240aff9159c1f7bab842825b2d9c99c827ccfa732726a15acedc16df33e29337619add888ee,JA324472,,06/25/2017 12:28:00 PM,30,TRAFFIC SIGNAL,FUNCTIONING PROPERLY,CLEAR,DAYLIGHT,REAR END,NOT DIVIDED,4.0,STRAIGHT AND LEVEL,DRY,UNKNOWN,NOT ON SCENE (DESK REPORT),NO INJURY / DRIVE AWAY,,,Y,$500 OR LESS,06/27/2017 10:00:00 AM,UNABLE TO DETERMINE,UNABLE TO DETERMINE,2820,S,DAMEN AVE,912.0,Y,,,,,,2,NO INDICATION OF INJURY,0.0,0.0,0.0,0.0,0.0,5.0,0.0,12,1,6,41.8410696526,-87.6755793114,POINT (-87.675579311415 41.841069652611)
adc371a3f501a72fa8f638b639e4e4e9844d5f0770eff4dd09bd3e87d51c563e391a9bc4d683e7a74de981741c56bb5d6de945c6a967eca86ac94625a2c79420,JA520711,Y,11/21/2017 05:00:00 PM,10,NO CONTROLS,NO CONTROLS,CLEAR,DAYLIGHT,PARKED MOTOR VEHICLE,NOT DIVIDED,0.0,STRAIGHT AND LEVEL,DRY,NO DEFECTS,NOT ON SCENE (DESK REPORT),NO INJURY / DRIVE AWAY,,,,"$501 - $1,500",11/21/2017 05:24:00 PM,IMPROPER LANE USAGE,IMPROPER LANE USAGE,1224,S,WABASH AVE,131.0,,,,,,,2,NO INDICATION OF INJURY,0.0,0.0,0.0,0.0,0.0,1.0,0.0,17,3,11,41.8667243541,-87.6259611484,POINT (-87.625961148378 41.866724354056)
f43287affa266217e1682e288e9cfe5cd8c37cb41212c998b119aa5d0371152c26d064063bc58831f52bd0636b0068ce9b2caf3a3017f67fe72796770246a50c,JB552613,,12/14/2018 07:30:00 AM,30,TRAFFIC SIGNAL,FUNCTIONING PROPERLY,RAIN,DAYLIGHT,REAR END,DIVIDED - W/MEDIAN BARRIER,,STRAIGHT AND LEVEL,WET,"RUT, HOLES",ON SCENE,INJURY AND / OR TOW DUE TO CRASH,Y,,,"OVER $1,500",12/14/2018 07:40:00 AM,WEATHER,UNABLE TO DETERMINE,432,W,26TH ST,914.0,,,,,,,2,NONINCAPACITATING INJURY,3.0,0.0,0.0,3.0,0.0,7.0,0.0,7,6,12,41.8455488608,-87.6381266209,POINT (-87.638126620913 41.845548860776)
2b6073c396e9bfa1d4f24b8b519c0d5119bc365162cc5d8367b52e01d3684e6567a1f52856c0b698ca876ff18e7e204090d85652a7a94e6650b5241b3975d8de,JF466479,,11/07/2022 11:31:00 PM,30,NO CONTROLS,NO CONTROLS,CLEAR,"DARKNESS, LIGHTED ROAD",TURNING,NOT DIVIDED,,STRAIGHT AND LEVEL,DRY,NO DEFECTS,ON SCENE,INJURY AND / OR TOW DUE TO CRASH,N,,Y,"OVER $1,500",11/07/2022 11:32:00 PM,DISREGARDING TRAFFIC SIGNALS,NOT APPLICABLE,4851,W,BELMONT AVE,2521.0,,,,,,,2,NO INDICATION OF INJURY,0.0,0.0,0.0,0.0,0.0,5.0,0.0,23,2,11,41.9386911763,-87.7489077998,POINT (-87.748907799808 41.938691176349)
132e154c7d9282b70966d461b68fdbc723a881c30d9c680ed25d265bd07925a78ea1963202aef2fe9e6fb6e5a3e95dc96f55c8c58052f68d6307d821464f318a,JE360701,,09/03/2021 02:00:00 PM,30,STOP SIGN/FLASHER,FUNCTIONING PROPERLY,CLEAR,DAYLIGHT,ANGLE,NOT DIVIDED,,STRAIGHT AND LEVEL,DRY,UNKNOWN,NOT ON SCENE (DESK REPORT),NO INJURY / DRIVE AWAY,,,Y,"OVER $1,500",09/03/2021 08:00:00 PM,UNABLE TO DETERMINE,UNABLE TO DETERMINE,898,S,CICERO AVE,1533.0,,,,,,,2,NO INDICATION OF INJURY,0.0,0.0,0.0,0.0,0.0,2.0,0.0,14,6,9,41.8694461533,-87.7450100114,POINT (-87.745010011424 41.86944615326)
d5bd538be2393241a9b5756f2054653e3ad5da065d54bc8e97681e3838ff0f390ad9e9ee40bf3e053de1b851cdcd5d0108a96b75f6ca10608d21bb5f27cf4e08,JE324854,,08/03/2021 02:05:00 PM,30,TRAFFIC SIGNAL,FUNCTIONING PROPERLY,CLEAR,DAYLIGHT,TURNING,DIVIDED - W/MEDIAN (NOT RAISED),,STRAIGHT AND LEVEL,DRY,NO DEFECTS,ON SCENE,INJURY AND / OR TOW DUE TO CRASH,Y,,,"OVER $1,500",08/03/2021 05:16:00 PM,UNABLE TO DETERMINE,NOT APPLICABLE,2400,S,BLUE ISLAND AVE,1034.0,,,,,,,2,NO INDICATION OF INJURY,0.0,0.0,0.0,0.0,0.0,3.0,0.0,14,3,8,41.8488452978,-87.6752627174,POINT (-87.67526271744 41.848845297763)
cafea87bad2a69b61dc4dfcf11d1267d10c891d3f75bdedcd7edcc7739f6f18210cd54968ac1f08e3027459353183b0de0862e4df77625c9b8c4233613ee9c58,JC119504,,01/16/2019 06:15:00 PM,30,UNKNOWN,UNKNOWN,CLEAR,"DARKNESS, LIGHTED ROAD",REAR END,NOT DIVIDED,2.0,STRAIGHT AND LEVEL,WET,UNKNOWN,ON SCENE,INJURY AND / OR TOW DUE TO CRASH,,,Y,$500 OR LESS,01/16/2019 06:22:00 PM,UNABLE TO DETERMINE,NOT APPLICABLE,5300,W,WASHINGTON BLVD,1523.0,,,,,,,2,NO INDICATION OF INJURY,0.0,0.0,0.0,0.0,0.0,3.0,0.0,18,4,1,41.8824482204,-87.7576439135,POINT (-87.75764391353 41.882448220395)
1e1d90f195fd032d7201fc79419d3b8ae3b609e0643c8c8ff3bac0df94200a69109b90e4ec87adeab2ab54bf79ab9ce341ecbca48ac662eeaacc4bcad49badea,JC120680,,01/17/2019 03:00:00 PM,15,NO CONTROLS,NO CONTROLS,CLEAR,DAYLIGHT,PARKED MOTOR VEHICLE,PARKING LOT,1.0,STRAIGHT AND LEVEL,ICE,OTHER,NOT ON SCENE (DESK REPORT),NO INJURY / DRIVE AWAY,,,,"$501 - $1,500",01/17/2019 05:35:00 PM,WEATHER,NOT APPLICABLE,2550,S,LEAVITT ST,1034.0,,,,,,,2,NO INDICATION OF INJURY,0.0,0.0,0.0,0.0,0.0,1.0,0.0,15,5,1,41.8451216081,-87.6807000587,POINT (-87.680700058693 41.845121608115)
19390af8e8f304570cea07d91d4dd0e058b81eed81604521c12fe770683dd68c85eb963a4aeb05cf1b915ba6873f68924e3c92d4780dd90207ecc095f01da855,JA421054,,09/06/2017 02:45:00 PM,30,NO CONTROLS,NO CONTROLS,CLEAR,DAYLIGHT,SIDESWIPE SAME DIRECTION,NOT DIVIDED,4.0,STRAIGHT AND LEVEL,DRY,NO DEFECTS,NOT ON SCENE (DESK REPORT),NO INJURY / DRIVE AWAY,,,Y,"$501 - $1,500",09/06/2017 03:05:00 PM,"OPERATING VEHICLE IN ERRATIC, RECKLESS, CARELESS, NEGLIGENT OR AGGRESSIVE MANNER",UNABLE TO DETERMINE,9000,S,HALSTED ST,2223.0,,,,,,,2,NO INDICATION OF INJURY,0.0,0.0,0.0,0.0,0.0,2.0,0.0,14,4,9,41.7307413963,-87.6436122776,POINT (-87.643612277572 41.730741396308)
9ebcb277a64168216677824dc8e1b3c4331808b3d3089a938dcdbcc9a8dc1dda59be6a536a7412d7ead098e9190c68a07bc886c2622a4a17ad9ab83671807c0a,HZ223551,,04/12/2016 04:04:00 PM,30,NO CONTROLS,NO CONTROLS,CLEAR,DAYLIGHT,ANGLE,NOT DIVIDED,2.0,STRAIGHT AND LEVEL,DRY,UNKNOWN,NOT ON SCENE (DESK REPORT),NO INJURY / DRIVE AWAY,,,,$500 OR LESS,04/12/2016 06:07:00 PM,IMPROPER BACKING,NOT APPLICABLE,5854,W,ROOSEVELT RD,1513.0,,,,,,,2,NO INDICATION OF INJURY,0.0,0.0,0.0,0.0,0.0,2.0,0.0,16,3,4,41.8656083547,-87.7714285686,POINT (-87.771428568609 41.865608354685)
4c58dc974bf1dae90919c47e7442003501241799bc22631a26f0491eb8133972943530ffbd2fb2f0908dfc9ca59915f0701ab18ebd5d17701ddcc0756e590929,JB135240,,01/30/2018 01:20:00 PM,30,NO CONTROLS,NO CONTROLS,CLEAR,DAYLIGHT,REAR END,DIVIDED - W/MEDIAN BARRIER,6.0,STRAIGHT AND LEVEL,DRY,NO DEFECTS,NOT ON SCENE (DESK REPORT),NO INJURY / DRIVE AWAY,,,,$500 OR LESS,01/30/2018 02:30:00 PM,FAILING TO YIELD RIGHT-OF-WAY,UNABLE TO DETERMINE,361,W,GARFIELD BLVD,711.0,,,,,,,3,NO INDICATION OF INJURY,0.0,0.0,0.0,0.0,0.0,3.0,0.0,13,3,1,41.7940086781,-87.6355234072,POINT (-87.635523407168 41.794008678056)
0ee16e5b71ff0f0df95a0b2561e34290b094acf87ad93d935d36b1fbb341a9086844d183a5cd6fefb4f88b3e59fdb5978d0ebb2616a6030ba9090394bacd8812,JB383534,,08/07/2018 05:05:00 PM,30,TRAFFIC SIGNAL,FUNCTIONING PROPERLY,CLOUDY/OVERCAST,DAYLIGHT,REAR END,DIVIDED - W/MEDIAN (NOT RAISED),2.0,STRAIGHT AND LEVEL,WET,NO DEFECTS,ON SCENE,NO INJURY / DRIVE AWAY,Y,,Y,"$501 - $1,500",08/07/2018 05:10:00 PM,DISREGARDING TRAFFIC SIGNALS,"OPERATING VEHICLE IN ERRATIC, RECKLESS, CARELESS, NEGLIGENT OR AGGRESSIVE MANNER",2416,W,LITHUANIAN PLAZA CT,832.0,,,,,,,3,NO INDICATION OF INJURY,0.0,0.0,0.0,0.0,0.0,5.0,0.0,17,3,8,41.7684320499,-87.6840826279,POINT (-87.684082627862 41.76843204992)
3bf94af15c15a42380ae62406b191516339f73c40c8b7a834c4760be18aa558a4f243717b2b1996dc2adb226284daa56c0425c49985061050a9dcb0e02e75333,JE198286,,04/13/2021 02:00:00 PM,30,TRAFFIC SIGNAL,FUNCTIONING PROPERLY,CLEAR,DAYLIGHT,TURNING,T-INTERSECTION,,STRAIGHT AND LEVEL,UNKNOWN,UNKNOWN,NOT ON SCENE (DESK REPORT),NO INJURY / DRIVE AWAY,Y,,,"OVER $1,500",04/13/2021 02:40:00 PM,UNABLE TO DETERMINE,UNABLE TO DETERMINE,6001,S,STONY ISLAND AVE,331.0,,,,,,,2,NO INDICATION OF INJURY,0.0,0.0,0.0,0.0,0.0,2.0,0.0,14,3,4,41.7860297803,-87.5864452182,POINT (-87.586445218215 41.786029780315)
1527d09f0455c8e517297718910414bd3097a616f70e73f718cd35a19d923477b19d90f2fdd4195c301ad321649de2546bc6927b87111e81ce009ab2a8e213f5,JE186498,,04/01/2021 04:01:00 PM,30,TRAFFIC SIGNAL,UNKNOWN,UNKNOWN,DAYLIGHT,REAR END,DIVIDED - W/MEDIAN (NOT RAISED),,STRAIGHT AND LEVEL,UNKNOWN,UNKNOWN,NOT ON SCENE (DESK REPORT),NO INJURY / DRIVE AWAY,,,Y,"OVER $1,500",04/01/2021 06:00:00 PM,UNABLE TO DETERMINE,NOT APPLICABLE,232,W,63RD ST,711.0,,,,,,,2,NO INDICATION OF INJURY,0.0,0.0,0.0,0.0,0.0,3.0,0.0,16,5,4,41.7800791899,-87.6313982279,POINT (-87.631398227912 41.780079189939)
047e8cd9a73c54ae48ec42c9ceeaa3cd0cace702716ce13b89cc841dfccef5452500a7577d8964030771c707f03e06a8e1688a5c3561b52e7a963454899988a4,JE201006,,04/16/2021 11:15:00 AM,10,NO CONTROLS,NO CONTROLS,CLEAR,DAYLIGHT,REAR TO FRONT,PARKING LOT,,STRAIGHT ON GRADE,DRY,NO DEFECTS,ON SCENE,NO INJURY / DRIVE AWAY,,,,$500 OR LESS,04/16/2021 11:16:00 AM,UNABLE TO DETERMINE,NOT APPLICABLE,6145,N,MILWAUKEE AVE,1611.0,,,,,,,2,NO INDICATION OF INJURY,0.0,0.0,0.0,0.0,0.0,2.0,0.0,11,6,4,41.9933892351,-87.7839313863,POINT (-87.7839313863 41.993389235096)
bddbb78074b752af6b662a51d64d8d20e3e3dd32b0a656c081427f947879792addda52497ec13e08009a25260313317695541af3b6af406a35b69b9e2f310659,JB110243,,01/09/2018 06:00:00 PM,30,NO CONTROLS,NO CONTROLS,CLEAR,DARKNESS,REAR END,DIVIDED - W/MEDIAN (NOT RAISED),2.0,STRAIGHT AND LEVEL,DRY,NO DEFECTS,ON SCENE,NO INJURY / DRIVE AWAY,,,Y,"OVER $1,500",01/09/2018 06:10:00 PM,FOLLOWING TOO CLOSELY,UNABLE TO DETERMINE,330,N,SACRAMENTO BLVD,1222.0,,,,,,,2,NO INDICATION OF INJURY,0.0,0.0,0.0,0.0,0.0,2.0,0.0,18,3,1,41.8875214782,-87.7015342463,POINT (-87.701534246329 41.887521478216)
a7ea6f044b2eb18182079d4f68f9d0882e41a647e902cd042f506879a499aad639420e9e4faacf0aa76b0603afa6a780f080bbaf4ab424e2b1765c812bc849dc,JB260963,,05/12/2018 01:30:00 PM,30,NO CONTROLS,NO CONTROLS,CLEAR,DAYLIGHT,TURNING,NOT DIVIDED,,STRAIGHT AND LEVEL,DRY,NO DEFECTS,NOT ON SCENE (DESK REPORT),INJURY AND / OR TOW DUE TO CRASH,,,,"OVER $1,500",05/12/2018 04:13:00 PM,NOT APPLICABLE,NOT APPLICABLE,5832,W,63RD ST,812.0,,,,,,,2,NONINCAPACITATING INJURY,1.0,0.0,0.0,1.0,0.0,1.0,0.0,13,7,5,41.7780455011,-87.7677669984,POINT (-87.76776699842 41.778045501138)
df4976681b779c68f01ccc22117bbba99e9cf487652873e772d4c508766d80a8d20ec35dad05258780ac49546602b71a8ff710277c9cd33d5a0d30792fd52cb2,JD412868,,10/27/2020 08:07:00 PM,30,NO CONTROLS,NO CONTROLS,CLEAR,DARKNESS,TURNING,NOT DIVIDED,,STRAIGHT AND LEVEL,DRY,NO DEFECTS,ON SCENE,INJURY AND / OR TOW DUE TO CRASH,,,Y,"OVER $1,500",10/27/2020 08:07:00 PM,FAILING TO YIELD RIGHT-OF-WAY,FAILING TO YIELD RIGHT-OF-WAY,1440,N,PULASKI RD,2534.0,,,,,,,2,NO INDICATION OF INJURY,0.0,0.0,0.0,0.0,0.0,2.0,0.0,20,3,10,41.907442154,-87.7265941406,POINT (-87.726594140556 41.907442154044)
aa89c01a5612b2ce3475774223af46e619d28209ba4bc541d0167bdd04785d5857c7d32148297869c70891a0234ed33a05858b9340b6e86452e0add5e5986dc8,HZ412686,,08/29/2016 07:15:00 PM,30,NO CONTROLS,NO CONTROLS,CLEAR,"DARKNESS, LIGHTED ROAD",PARKED MOTOR VEHICLE,NOT DIVIDED,2.0,STRAIGHT AND LEVEL,DRY,NO DEFECTS,NOT ON SCENE (DESK REPORT),NO INJURY / DRIVE AWAY,,,,"OVER $1,500",08/29/2016 10:00:00 PM,UNABLE TO DETERMINE,UNABLE TO DETERMINE,5314,S,LAKE PARK AVE W,234.0,,,,,,,2,NO INDICATION OF INJURY,0.0,0.0,0.0,0.0,0.0,1.0,0.0,19,2,8,41.7990645889,-87.5879154188,POINT (-87.587915418813 41.799064588898)