CRASH_RECORD_ID,RD_NO,CRASH_DATE_EST_I,CRASH_DATE,POSTED_SPEED_LIMIT,TRAFFIC_CONTROL_DEVICE,DEVICE_CONDITION,WEATHER_CONDITION,LIGHTING_CONDITION,FIRST_CRASH_TYPE,TRAFFICWAY_TYPE,LANE_CNT,ALIGNMENT,ROADWAY_SURFACE_COND,ROAD_DEFECT,REPORT_TYPE,CRASH_TYPE,INTERSECTION_RELATED_I,NOT_RIGHT_OF_WAY_I,HIT_AND_RUN_I,DAMAGE,DATE_POLICE_NOTIFIED,PRIM_CONTRIBUTORY_CAUSE,SEC_CONTRIBUTORY_CAUSE,STREET_NO,STREET_DIRECTION,STREET_NAME,BEAT_OF_OCCURRENCE,PHOTOS_TAKEN_I,STATEMENTS_TAKEN_I,DOORING_I,WORK_ZONE_I,WORK_ZONE_TYPE,WORKERS_PRESENT_I,NUM_UNITS,MOST_SEVERE_INJURY,INJURIES_TOTAL,INJURIES_FATAL,INJURIES_INCAPACITATING,INJURIES_NON_INCAPACITATING,INJURIES_REPORTED_NOT_EVIDENT,INJURIES_NO_INDICATION,INJURIES_UNKNOWN,CRASH_HOUR,CRASH_DAY_OF_WEEK,CRASH_MONTH,LATITUDE,LONGITUDE,LOCATION
e3846ebb77618bc25c9daa5efee5e3c7d54e0c85cc8506ed5a6d516591c57e599a7433365d14931f6870deb481341d69951a424b3988d3f96b9de4acc6b21e8c,HZ495582,,10/30/2016 03:35:00 PM,30,TRAFFIC SIGNAL,FUNCTIONING PROPERLY,CLEAR,DAYLIGHT,REAR END,DIVIDED - W/MEDIAN (NOT RAISED),4.0,STRAIGHT AND LEVEL,DRY,NO DEFECTS,NOT ON SCENE (DESK REPORT),NO INJURY / DRIVE AWAY,Y,,,"OVER $1,500",10/30/2016 04:10:00 PM,FOLLOWING TOO CLOSELY,NOT APPLICABLE,3142,W,CERMAK RD,1022.0,,,,,,,2,NO INDICATION OF INJURY,0.0,0.0,0.0,0.0,0.0,2.0,0.0,15,1,10,41.8518859623,-87.7044649037,POINT (-87.70446490367 41.851885962322)
fe28f7a53aafeb6f4c35f68d2d0ec8fcdeaf539f16874e5123631a723476e90c3384917a3b5cc56127330f44503c52adae05e5dc47a0abc8fd3a311f33640744,JA484165,,10/24/2017 01:50:00 PM,30,NO CONTROLS,NO CONTROLS,RAIN,DAYLIGHT,SIDESWIPE SAME DIRECTION,DIVIDED - W/MEDIAN BARRIER,6.0,STRAIGHT AND LEVEL,WET,NO DEFECTS,NOT ON SCENE (DESK REPORT),NO INJURY / DRIVE AWAY,,,,"$501 - $1,500",10/24/2017 02:30:00 PM,IMPROPER LANE USAGE,NOT APPLICABLE,5900,S,LAKE SHORE DR,331.0,,,,,,,2,NO INDICATION OF INJURY,0.0,0.0,0.0,0.0,0.0,2.0,0.0,13,3,10,41.7877235356,-87.5779401845,POINT (-87.577940184491 41.787723535558)
a985fe67fbcd819dc9a366b02ced3cd0759f75a2bab0544473075bd5d677c41801ca7270f9ee1831324780d700953a155ac6cc74e8c4f147628e2caefeec7399,HY517547,Y,11/28/2015 05:00:00 AM,30,NO CONTROLS,NO CONTROLS,UNKNOWN,UNKNOWN,PARKED MOTOR VEHICLE,NOT DIVIDED,4.0,STRAIGHT AND LEVEL,UNKNOWN,UNKNOWN,NOT ON SCENE (DESK REPORT),NO INJURY / DRIVE AWAY,,,Y,"OVER $1,500",11/28/2015 01:45:00 PM,UNABLE TO DETERMINE,UNABLE TO DETERMINE,6823,S,PULASKI RD,833.0,,,,,,,2,NO INDICATION OF INJURY,0.0,0.0,0.0,0.0,0.0,1.0,0.0,5,7,11,41.7687635622,-87.722362434,POINT (-87.722362434044 41.768763562193)
32769d8b33e812435df9ca8a980a87666710ac5baf42554679b73dc985c750308d6321148acbd8e6c039b2697117681e65dc75c062b95a5844239e008636a712,JC166764,,02/26/2019 04:40:00 PM,15,NO CONTROLS,NO CONTROLS,CLEAR,DAYLIGHT,PARKED MOTOR VEHICLE,OTHER,,STRAIGHT AND LEVEL,DRY,NO DEFECTS,NOT ON SCENE (DESK REPORT),NO INJURY / DRIVE AWAY,,,,"$501 - $1,500",02/26/2019 05:39:00 PM,UNABLE TO DETERMINE,NOT APPLICABLE,2352,E,75TH ST,334.0,,,,,,,2,NO INDICATION OF INJURY,0.0,0.0,0.0,0.0,0.0,1.0,0.0,16,3,2,41.7590939802,-87.5666892139,POINT (-87.566689213935 41.75909398024)
0019ea2edb1c1bd073832711fb65a6ac97ff0f5387e35ee01d3b0d9bc022700e051de163ce441d61113258b3f6a983e7fa4fa46fd9460fb4b2bfd6996c34a267,HZ386858,,08/10/2016 05:45:00 PM,40,NO CONTROLS,NO CONTROLS,CLEAR,"DARKNESS, LIGHTED ROAD",SIDESWIPE SAME DIRECTION,DIVIDED - W/MEDIAN BARRIER,8.0,STRAIGHT AND LEVEL,DRY,NO DEFECTS,NOT ON SCENE (DESK REPORT),NO INJURY / DRIVE AWAY,,,Y,"$501 - $1,500",08/10/2016 09:59:00 PM,UNABLE TO DETERMINE,UNABLE TO DETERMINE,3200,N,LAKE SHORE DR,1925.0,,,,,,,2,NO INDICATION OF INJURY,0.0,0.0,0.0,0.0,0.0,2.0,0.0,17,4,8,41.9409091633,-87.63936916,POINT (-87.639369159955 41.940909163268)
940a3438a844389dbdab09e161cfccd4645936d458edf0b00a7fc0dbad8fa66cc5eedb01774efa1c414d4f3d61d3e959702a5f825cf87c885a9cb8d41654e788,JF183790,,03/23/2022 12:45:00 PM,30,NO CONTROLS,NO CONTROLS,CLEAR,DAYLIGHT,SIDESWIPE SAME DIRECTION,DIVIDED - W/MEDIAN BARRIER,,STRAIGHT AND LEVEL,DRY,NO DEFECTS,ON SCENE,NO INJURY / DRIVE AWAY,,,,"OVER $1,500",03/23/2022 12:50:00 PM,IMPROPER LANE USAGE,IMPROPER OVERTAKING/PASSING,198,S,LOWER WACKER DR,122.0,,,,,,,2,NO INDICATION OF INJURY,0.0,0.0,0.0,0.0,0.0,2.0,0.0,12,4,3,41.8794103211,-87.63714067,POINT (-87.637140669981 41.879410321111)
cb8eebcc09a8bbdacc45ef41c2a999a6a247615f6f13f25706b11b3031f6c9b98a4a7c3bca9584f0ad23708e08e7a92adc52246f765d3b86121f9205f7151a87,JB210505,Y,04/04/2018 12:10:00 AM,30,NO CONTROLS,NO CONTROLS,RAIN,"DARKNESS, LIGHTED ROAD",SIDESWIPE SAME DIRECTION,ONE-WAY,2.0,STRAIGHT AND LEVEL,WET,NO DEFECTS,ON SCENE,INJURY AND / OR TOW DUE TO CRASH,,,Y,"OVER $1,500",04/04/2018 12:19:00 AM,IMPROPER OVERTAKING/PASSING,NOT APPLICABLE,140,N,WELLS ST,122.0,,,,,,,2,NO INDICATION OF INJURY,0.0,0.0,0.0,0.0,0.0,2.0,0.0,0,4,4,41.8842493059,-87.63403472,POINT (-87.634034720048 41.884249305944)
4ef7e611eb3244767540bde9b06c8bf05164c5ba408a5ba483902c709456982bab7626795b08a62b23d3c1b21802023204695cc70b9bddb8d04e4eee3c27e730,JD423197,,11/06/2020 05:40:00 PM,15,NO CONTROLS,NO CONTROLS,CLEAR,DAYLIGHT,PARKED MOTOR VEHICLE,PARKING LOT,,STRAIGHT AND LEVEL,DRY,NO DEFECTS,ON SCENE,NO INJURY / DRIVE AWAY,,,,$500 OR LESS,11/06/2020 06:00:00 PM,UNABLE TO DETERMINE,UNABLE TO DETERMINE,3001,N,CLARK ST,1934.0,,,,,,,2,NO INDICATION OF INJURY,0.0,0.0,0.0,0.0,0.0,1.0,0.0,17,6,11,41.9365535226,-87.6477542957,POINT (-87.647754295659 41.936553522613)
1511be31070dd2b3fb85f2e8d741873ce090c211984b43c0ba8a3b029ea139102aadefd9c61b7833be2b72b792d2c829c8cb97199f8302774339c5b11274de1b,JE191834,,04/07/2021 12:10:00 AM,30,TRAFFIC SIGNAL,FUNCTIONING PROPERLY,CLEAR,"DARKNESS, LIGHTED ROAD",PEDESTRIAN,NOT DIVIDED,,STRAIGHT AND LEVEL,DRY,NO DEFECTS,ON SCENE,INJURY AND / OR TOW DUE TO CRASH,,,Y,"OVER $1,500",04/07/2021 12:14:00 AM,IMPROPER LANE USAGE,DRIVING ON WRONG SIDE/WRONG WAY,8220,S,KEDZIE AVE,834.0,,,,,,,3,FATAL,1.0,1.0,0.0,0.0,0.0,1.0,0.0,0,4,4,41.7436636727,-87.7023693412,POINT (-87.702369341194 41.743663672674)
a0e980f0b3f7c3d4997ec3b10d99a46abd40e42380d64b322e5f04e1910e8b4f4b610e823f894fe15b082dcff2969469ae2ec032cffd4d885d9799b429a97155,JA352703,Y,07/17/2017 07:00:00 PM,30,NO CONTROLS,NO CONTROLS,CLEAR,DAYLIGHT,PARKED MOTOR VEHICLE,ONE-WAY,,STRAIGHT AND LEVEL,DRY,NO DEFECTS,NOT ON SCENE (DESK REPORT),NO INJURY / DRIVE AWAY,,,Y,"$501 - $1,500",07/18/2017 08:14:00 AM,FOLLOWING TOO CLOSELY,"OPERATING VEHICLE IN ERRATIC, RECKLESS, CARELESS, NEGLIGENT OR AGGRESSIVE MANNER",2948,S,UNION AVE,914.0,,,,,,,2,NO INDICATION OF INJURY,0.0,0.0,0.0,0.0,0.0,1.0,0.0,19,2,7,41.8402697922,-87.6440558189,POINT (-87.644055818876 41.84026979221)
a0cdb5fe32ce07230f498e5a07c2dc91e036dd030e7522f9e5ec33f9d95ce95741b416d5cfc4b09f6b173eaf584abc28d78715bd5c432b71ee8d1074434caac8,JB351811,,07/09/2018 10:40:00 AM,30,STOP SIGN/FLASHER,FUNCTIONING PROPERLY,CLEAR,DAYLIGHT,ANGLE,DIVIDED - W/MEDIAN (NOT RAISED),,STRAIGHT AND LEVEL,DRY,NO DEFECTS,ON SCENE,INJURY AND / OR TOW DUE TO CRASH,Y,,,"$501 - $1,500",07/09/2018 10:47:00 AM,FAILING TO YIELD RIGHT-OF-WAY,NOT APPLICABLE,3528,W,PETERSON AVE,1711.0,,,,,,,2,NO INDICATION OF INJURY,0.0,0.0,0.0,0.0,0.0,3.0,0.0,10,2,7,41.9903883723,-87.7175838832,POINT (-87.717583883152 41.99038837234)
25933fac101a1522eada2f0528793fde0567a880ec9088fa0b3d07134ab811b621e716ceaa52ccdb560b0a4e7d5ac8df4003d61184fd1d4b005996f154b8b2af,JC156871,N,02/18/2019 10:58:00 AM,10,NO CONTROLS,NO CONTROLS,SNOW,DAYLIGHT,PARKED MOTOR VEHICLE,ONE-WAY,,STRAIGHT AND LEVEL,SNOW OR SLUSH,NO DEFECTS,ON SCENE,NO INJURY / DRIVE AWAY,,,,"OVER $1,500",02/18/2019 12:35:00 PM,FAILING TO REDUCE SPEED TO AVOID CRASH,NOT APPLICABLE,8504,S,CRANDON AVE,412.0,,,,,,,2,NO INDICATION OF INJURY,0.0,0.0,0.0,0.0,0.0,1.0,0.0,10,2,2,41.7406082161,-87.5686446487,POINT (-87.568644648705 41.740608216063)
b6a12c9b5e90a064325c794fa7ce3283a83b42bc4f43ba44ea9cb961897957ece775f2e7201dbc765f4b58e8f13d188ddcc8056391218be3a76718b30ffdaf72,JB150769,,02/13/2018 03:45:00 PM,30,TRAFFIC SIGNAL,FUNCTIONING PROPERLY,CLEAR,DAYLIGHT,REAR END,NOT DIVIDED,2.0,STRAIGHT AND LEVEL,SNOW OR SLUSH,"RUT, HOLES",ON SCENE,NO INJURY / DRIVE AWAY,,,,"OVER $1,500",02/13/2018 03:49:00 PM,EQUIPMENT - VEHICLE CONDITION,NOT APPLICABLE,1604,N,AUSTIN AVE,2513.0,,,,,,,3,NO INDICATION OF INJURY,0.0,0.0,0.0,0.0,0.0,3.0,0.0,15,3,2,41.9094925215,-87.7755843207,POINT (-87.775584320706 41.909492521486)
0e790a122718ee0968e6dae08c5b32b7f02bacd225e16cc8119518d513da300c4eb17c2102ee97c89080ca68e30dfc551a2ecfc6c86c5eb0a06b88452c10bca7,JA519949,,11/21/2017 07:00:00 AM,30,NO CONTROLS,NO CONTROLS,CLEAR,DAYLIGHT,SIDESWIPE SAME DIRECTION,NOT DIVIDED,,STRAIGHT AND LEVEL,DRY,NO DEFECTS,NOT ON SCENE (DESK REPORT),NO INJURY / DRIVE AWAY,,,,"$501 - $1,500",11/21/2017 07:20:00 AM,UNABLE TO DETERMINE,UNABLE TO DETERMINE,1325,W,BRYN MAWR AVE,2013.0,,,,,,,2,NO INDICATION OF INJURY,0.0,0.0,0.0,0.0,0.0,2.0,0.0,7,3,11,41.9834601071,-87.6635578154,POINT (-87.663557815372 41.983460107106)
b0ee37ffb26417ace9c9512d83769a0e474e4d6788694e76eef35926468f7a19e181fad84f81977547ce8811eff4fbc897f95e3e96c5615713e9908ad56383df,JC284394,,05/30/2019 09:12:00 AM,30,NO CONTROLS,NO CONTROLS,CLEAR,DAYLIGHT,SIDESWIPE SAME DIRECTION,DIVIDED - W/MEDIAN (NOT RAISED),,STRAIGHT AND LEVEL,DRY,NO DEFECTS,ON SCENE,INJURY AND / OR TOW DUE TO CRASH,,,,"OVER $1,500",05/30/2019 09:12:00 AM,FAILING TO YIELD RIGHT-OF-WAY,NOT APPLICABLE,1849,W,79TH ST,611.0,,,,,,,2,"REPORTED, NOT EVIDENT",1.0,0.0,0.0,0.0,1.0,4.0,0.0,9,5,5,41.7501576474,-87.6702252978,POINT (-87.670225297771 41.750157647427)
60a085b1c8bdf0e3bc3e59008be4d8e4e08d7f419b06717cc072b87e6ff1a75affcb86798d859c42b7270df9dcc2043da0bb02ecc98aab8969be0ccb25509c9f,JE264787,,06/13/2021 07:05:00 PM,30,NO CONTROLS,NO CONTROLS,CLEAR,DAYLIGHT,SIDESWIPE SAME DIRECTION,NOT DIVIDED,,STRAIGHT AND LEVEL,DRY,NO DEFECTS,ON SCENE,INJURY AND / OR TOW DUE TO CRASH,,,,"OVER $1,500",06/13/2021 07:09:00 PM,FAILING TO YIELD RIGHT-OF-WAY,DRIVING SKILLS/KNOWLEDGE/EXPERIENCE,3984,S,ARCHER AVE,921.0,,,,,,,3,NO INDICATION OF INJURY,0.0,0.0,0.0,0.0,0.0,2.0,0.0,19,1,6,41.8213070589,-87.692710506,POINT (-87.692710505971 41.821307058929)
c75509aaf1ee2aff728655718a206f96945b74f3a3a89d5500a142af52fdb9860293cdc2d4055b40b055acd6da10a67a38120393f5c7840a428ab61bde980c0d,JE151256,,02/12/2021 12:34:00 PM,10,NO CONTROLS,NO CONTROLS,UNKNOWN,DAYLIGHT,PARKED MOTOR VEHICLE,PARKING LOT,,STRAIGHT AND LEVEL,UNKNOWN,UNKNOWN,NOT ON SCENE (DESK REPORT),NO INJURY / DRIVE AWAY,,Y,Y,"$501 - $1,500",02/24/2021 06:30:00 PM,UNABLE TO DETERMINE,UNABLE TO DETERMINE,5740,N,SHERIDAN RD,2022.0,,,,,,,2,NO INDICATION OF INJURY,0.0,0.0,0.0,0.0,0.0,1.0,0.0,12,6,2,41.9867615342,-87.6554323443,POINT (-87.655432344295 41.986761534199)
849a0e06984ec75d5970909c36c54219aee49a08c33705116e4d19bf9db30bd3b8feb9a2535eed83034237e9138ac7d38fb5e95519e659898bc20c87dc6a1efb,JB401882,,08/20/2018 12:40:00 PM,25,NO CONTROLS,NO CONTROLS,CLEAR,DAYLIGHT,TURNING,NOT DIVIDED,,STRAIGHT AND LEVEL,DRY,NO DEFECTS,NOT ON SCENE (DESK REPORT),NO INJURY / DRIVE AWAY,,,,"OVER $1,500",08/20/2018 05:00:00 PM,UNABLE TO DETERMINE,NOT APPLICABLE,3400,S,INDIANA AVE,211.0,,,,,,,2,NO INDICATION OF INJURY,0.0,0.0,0.0,0.0,0.0,2.0,0.0,12,2,8,41.8326759523,-87.6219440873,POINT (-87.621944087326 41.832675952258)
0c69318114d411690ac24bc3879a73bed04d028a706d8f02cb0d7c1fc90e6e06b84c36ead1690439e402740d303e1d6a2a480f6bc38cb9d1d5273c206f2590c6,JB280165,,05/26/2018 09:24:00 PM,30,NO CONTROLS,NOT FUNCTIONING,UNKNOWN,DARKNESS,PARKED MOTOR VEHICLE,ONE-WAY,,STRAIGHT AND LEVEL,DRY,"RUT, HOLES",ON SCENE,NO INJURY / DRIVE AWAY,,,,$500 OR LESS,05/26/2018 09:24:00 PM,NOT APPLICABLE,BICYCLE ADVANCING LEGALLY ON RED LIGHT,5052,S,JUSTINE ST,933.0,,,,,,,2,NO INDICATION OF INJURY,0.0,0.0,0.0,0.0,0.0,1.0,0.0,21,7,5,41.8015920175,-87.6637149244,POINT (-87.663714924379 41.801592017474)
ebe9b6c7d0acc398ade31b2e45f25cebee4be9ff08bb89c5c3686f9e8a73f4be532e34023617744cede62419fb2fdeed374c35ec253c109ae1f44defe002fa19,JE171361,,03/17/2021 11:15:00 AM,30,NO CONTROLS,NO CONTROLS,CLEAR,DAYLIGHT,SIDESWIPE SAME DIRECTION,NOT DIVIDED,,STRAIGHT AND LEVEL,DRY,NO DEFECTS,ON SCENE,INJURY AND / OR TOW DUE TO CRASH,,,,"OVER $1,500",03/17/2021 11:25:00 AM,UNABLE TO DETERMINE,UNABLE TO DETERMINE,5502,S,COTTAGE GROVE AVE,233.0,,,,,,,2,NO INDICATION OF INJURY,0.0,0.0,0.0,0.0,0.0,2.0,0.0,11,4,3,41.79482205,-87.606368112,POINT (-87.606368111975 41.794822050019)
adc9e7414dbdca4399d194c741c5395c597e1a5c929fc88e747340eb96ffbc2806ede6e84b239d9707dca32b925b086ff564fd3190be9696f876f8dd02ef5d5f,JB212940,,04/05/2018 04:30:00 PM,30,NO CONTROLS,NO CONTROLS,RAIN,DAYLIGHT,ANGLE,DIVIDED - W/MEDIAN (NOT RAISED),,STRAIGHT AND LEVEL,WET,NO DEFECTS,NOT ON SCENE (DESK REPORT),NO INJURY / DRIVE AWAY,,,,"OVER $1,500",04/05/2018 07:30:00 PM,FOLLOWING TOO CLOSELY,NOT APPLICABLE,8700,S,RACINE AVE,2222.0,,,,,,,2,NO INDICATION OF INJURY,0.0,0.0,0.0,0.0,0.0,2.0,0.0,16,5,4,41.7358416433,-87.6534839498,POINT (-87.653483949803 41.735841643319)
611417464214fa405f294082ca24cfff2a80847d775cd2e7b925737accb05cded51a0b8038be035ef0d49279aeeb4a58dcada94c8e5271eb5d58c3eca0b7ee21,JB427305,,09/08/2018 12:18:00 PM,30,NO CONTROLS,NO CONTROLS,CLOUDY/OVERCAST,DAYLIGHT,TURNING,DIVIDED - W/MEDIAN (NOT RAISED),2.0,STRAIGHT AND LEVEL,DRY,NO DEFECTS,ON SCENE,NO INJURY / DRIVE AWAY,,,Y,$500 OR LESS,09/08/2018 12:35:00 PM,IMPROPER OVERTAKING/PASSING,FAILING TO REDUCE SPEED TO AVOID CRASH,1619,W,HASTINGS ST,1233.0,,,,,,,2,NO INDICATION OF INJURY,0.0,0.0,0.0,0.0,0.0,2.0,0.0,12,7,9,41.8640529699,-87.6671419962,POINT (-87.667141996173 41.864052969852)
0f1fd94eaf3ba3dbcf5f36a9988af53fdf9faefa23c9d954b5a8bbea32e52ffc8f461bd44477893912e649a5f45e78824342ffaf27da88be252f52eee19af6f8,JC330726,,07/01/2019 07:36:00 PM,30,NO CONTROLS,NO CONTROLS,CLEAR,DAYLIGHT,PARKED MOTOR VEHICLE,ONE-WAY,,STRAIGHT AND LEVEL,DRY,NO DEFECTS,ON SCENE,NO INJURY / DRIVE AWAY,,,,"$501 - $1,500",07/01/2019 07:40:00 PM,DISTRACTION - FROM OUTSIDE VEHICLE,NOT APPLICABLE,230,E,ONTARIO ST,1834.0,,,,,,,2,NO INDICATION OF INJURY,0.0,0.0,0.0,0.0,0.0,1.0,0.0,19,2,7,41.8934836773,-87.6218827684,POINT (-87.621882768405 41.893483677312)
cd540b19196fccbab26c93fa8c9640c9f7c72139bafab7b2d00aacec4e4efa81339f08fb21801acf17efb66781f86424696d9a3ae6aec2a2ad500cbd35d257e4,JE102489,,01/03/2021 08:30:00 PM,30,NO CONTROLS,NO CONTROLS,CLEAR,"DARKNESS, LIGHTED ROAD",REAR END,NOT DIVIDED,,STRAIGHT AND LEVEL,DRY,NO DEFECTS,NOT ON SCENE (DESK REPORT),INJURY AND / OR TOW DUE TO CRASH,,,,"OVER $1,500",01/03/2021 09:20:00 PM,FAILING TO REDUCE SPEED TO AVOID CRASH,UNABLE TO DETERMINE,4952,W,IRVING PARK RD,1624.0,,,,,,,3,"REPORTED, NOT EVIDENT",1.0,0.0,0.0,0.0,1.0,4.0,0.0,20,1,1,41.9534805598,-87.7517348814,POINT (-87.751734881397 41.953480559774)
0c9dcd76859051a188dbdb113ec4a6c03d86e73d4bdb5d55ac554e7c556e2ecce3ffa2fafaee1fc45c498a92d7e4b0c64a4a491c20c317730574bacb77895744,JG339966,,07/09/2023 12:00:00 PM,30,NO CONTROLS,NO CONTROLS,UNKNOWN,UNKNOWN,PARKED MOTOR VEHICLE,ONE-WAY,,STRAIGHT AND LEVEL,UNKNOWN,NO DEFECTS,ON SCENE,NO INJURY / DRIVE AWAY,,,Y,"OVER $1,500",07/13/2023 08:45:00 PM,UNABLE TO DETERMINE,UNABLE TO DETERMINE,6038,S,RUTHERFORD AVE,812.0,,,,,,,2,NO INDICATION OF INJURY,0.0,0.0,0.0,0.0,0.0,1.0,0.0,12,1,7,41.7818683088,-87.7901174,POINT (-87.790117400016 41.78186830876)
b67a355afcf6544a06107eb7e69b75966d6c754b75c371e810a9e01d524da76b2428a7924b4e6bd4820036ae5ca8fd7cf0ab2883548858641088fb6905ee7b68,JA358164,,07/21/2017 11:21:00 PM,25,NO CONTROLS,NO CONTROLS,RAIN,"DARKNESS, LIGHTED ROAD",TURNING,OTHER,1.0,STRAIGHT AND LEVEL,WET,NO DEFECTS,ON SCENE,NO INJURY / DRIVE AWAY,,,,"OVER $1,500",07/21/2017 11:23:00 PM,IMPROPER BACKING,IMPROPER BACKING,141,N,LEAMINGTON AVE,1532.0,,,,,,,2,NO INDICATION OF INJURY,0.0,0.0,0.0,0.0,0.0,2.0,0.0,23,6,7,41.8829580196,-87.7537903177,POINT (-87.753790317692 41.882958019585)
b2df94ea7c2ad44c75672241524c8ba0a9dfa70d1f39c851562225e3f2e8b588e5c851f3c80f8b39b5603aa4269916bc1beb89e8a02475a235a55f91195635cb,JA345093,,07/12/2017 05:15:00 AM,30,STOP SIGN/FLASHER,FUNCTIONING PROPERLY,CLEAR,DAYLIGHT,TURNING,ONE-WAY,,STRAIGHT AND LEVEL,WET,NO DEFECTS,NOT ON SCENE (DESK REPORT),NO INJURY / DRIVE AWAY,,,,"$501 - $1,500",07/12/2017 03:54:00 PM,FAILING TO YIELD RIGHT-OF-WAY,FAILING TO YIELD RIGHT-OF-WAY,700,N,WABASH AVE,1834.0,,,,,,,2,NO INDICATION OF INJURY,0.0,0.0,0.0,0.0,0.0,2.0,0.0,5,4,7,41.8949345152,-87.6269543262,POINT (-87.626954326247 41.894934515217)
8fbf8b427da2a39325c9d2dd2357ed54b5c00c1088ee04914d87db163d9966a85f1859eceb188cab83b284f9a985070f222aba78989c572289050ace2082cccf,,,11/04/2023 03:45:00 PM,35,NO CONTROLS,NO CONTROLS,CLEAR,DAYLIGHT,REAR END,FOUR WAY,,STRAIGHT AND LEVEL,DRY,NO DEFECTS,NOT ON SCENE (DESK REPORT),NO INJURY / DRIVE AWAY,,,,"$501 - $1,500",11/04/2023 07:00:00 PM,FOLLOWING TOO CLOSELY,FOLLOWING TOO CLOSELY,99,E,59TH ST,232.0,,,,,,,2,NO INDICATION OF INJURY,0.0,0.0,0.0,0.0,0.0,2.0,0.0,15,7,11,41.787308149,-87.6223560509,POINT (-87.622356050851 41.787308149041)
ce1962526789cccf66b02d3135124d3bb6c9c5acf66ee8fbf358e680155e5dbe69f80610eb3218aee973c4b27924620c66686bbd11d871c35f7874cc9844ad7f,JF217143,,04/23/2022 12:50:00 PM,30,NO CONTROLS,NO CONTROLS,CLEAR,DAYLIGHT,PEDALCYCLIST,NOT DIVIDED,,STRAIGHT AND LEVEL,DRY,UNKNOWN,ON SCENE,INJURY AND / OR TOW DUE TO CRASH,,,,"$501 - $1,500",04/23/2022 01:04:00 PM,UNABLE TO DETERMINE,UNABLE TO DETERMINE,1443,W,MONTROSE AVE,1912.0,,,Y,,,,2,NONINCAPACITATING INJURY,1.0,0.0,0.0,1.0,0.0,1.0,0.0,12,7,4,41.961516411,-87.6666475788,POINT (-87.666647578783 41.961516411039)
f03c58b42ab4cd33e1025abc6fec2f6813ff65f07fc128626907a712b48d41eeadac3ff51335d6708ad15ec3f86ffdc7a29112e00bca8659d91bcc4f39b3420d,JB530817,,11/27/2018 02:50:00 PM,30,TRAFFIC SIGNAL,NOT FUNCTIONING,SNOW,DAYLIGHT,ANGLE,NOT DIVIDED,4.0,STRAIGHT AND LEVEL,WET,NO DEFECTS,ON SCENE,INJURY AND / OR TOW DUE TO CRASH,Y,,,"OVER $1,500",11/27/2018 02:58:00 PM,"VISION OBSCURED (SIGNS, TREE LIMBS, BUILDINGS, ETC.)",NOT APPLICABLE,4000,W,FULLERTON AVE,2524.0,,,,,,,2,NO INDICATION OF INJURY,0.0,0.0,0.0,0.0,0.0,2.0,0.0,14,3,11,41.9245930218,-87.7268192684,POINT (-87.726819268403 41.924593021753)
11dce3646ac7a1fb6954f458d910e74d069dbd8c6aa631e2ddc79a4d2197ab5ae957ba63df02008cc163f689d6ddebb24dd6e3eea36d962ed64b91c73e4a53f0,JA116994,,01/15/2017 02:35:00 PM,30,UNKNOWN,UNKNOWN,CLEAR,DAYLIGHT,REAR END,UNKNOWN,,STRAIGHT AND LEVEL,DRY,UNKNOWN,NOT ON SCENE (DESK REPORT),NO INJURY / DRIVE AWAY,,,,$500 OR LESS,01/15/2017 02:55:00 PM,FOLLOWING TOO CLOSELY,FOLLOWING TOO CLOSELY,2401,N,KIMBALL AVE,1413.0,,,,,,,2,NO INDICATION OF INJURY,0.0,0.0,0.0,0.0,0.0,2.0,0.0,14,1,1,41.924753893,-87.7119604593,POINT (-87.711960459266 41.924753892984)
edd421957118125f1466139e935d78afa4e5845050828f160b806ab0b58390eaac0c91176af477d7db56997a3586f605bba9656cadf8173f3d8cdd300f6851a8,JC478245,,10/19/2019 07:30:00 AM,30,NO CONTROLS,NO CONTROLS,CLEAR,DAYLIGHT,TURNING,NOT DIVIDED,,STRAIGHT AND LEVEL,DRY,NO DEFECTS,NOT ON SCENE (DESK REPORT),NO INJURY / DRIVE AWAY,,,,"$501 - $1,500",10/19/2019 08:05:00 AM,IMPROPER TURNING/NO SIGNAL,NOT APPLICABLE,1148,W,87TH ST,613.0,,,,,,,2,NO INDICATION OF INJURY,0.0,0.0,0.0,0.0,0.0,2.0,0.0,7,7,10,41.7360526982,-87.6528933137,POINT (-87.652893313694 41.736052698173)
4d5a4581500ecacbe95bd65540003964b848e99418c17fe759bcc4d4928968a371129ae853b3d7a8d892207a9eb7ce8f9a758d8a0236291101cc5757699c1873,JG264021,,05/17/2023 09:00:00 AM,10,UNKNOWN,NO CONTROLS,CLEAR,DAYLIGHT,PARKED MOTOR VEHICLE,OTHER,,CURVE ON GRADE,DRY,NO DEFECTS,NOT ON SCENE (DESK REPORT),NO INJURY / DRIVE AWAY,,,Y,"OVER $1,500",05/17/2023 12:15:00 PM,UNABLE TO DETERMINE,UNABLE TO DETERMINE,2625,S,CALIFORNIA BLVD,1034.0,,,,,,,2,NO INDICATION OF INJURY,0.0,0.0,0.0,0.0,0.0,1.0,0.0,9,4,5,41.843955257,-87.694495706,POINT (-87.694495706021 41.843955256958)