CRASH_RECORD_ID,RD_NO,CRASH_DATE_EST_I,CRASH_DATE,POSTED_SPEED_LIMIT,TRAFFIC_CONTROL_DEVICE,DEVICE_CONDITION,WEATHER_CONDITION,LIGHTING_CONDITION,FIRST_CRASH_TYPE,TRAFFICWAY_TYPE,LANE_CNT,ALIGNMENT,ROADWAY_SURFACE_COND,ROAD_DEFECT,REPORT_TYPE,CRASH_TYPE,INTERSECTION_RELATED_I,NOT_RIGHT_OF_WAY_I,HIT_AND_RUN_I,DAMAGE,DATE_POLICE_NOTIFIED,PRIM_CONTRIBUTORY_CAUSE,SEC_CONTRIBUTORY_CAUSE,STREET_NO,STREET_DIRECTION,STREET_NAME,BEAT_OF_OCCURRENCE,PHOTOS_TAKEN_I,STATEMENTS_TAKEN_I,DOORING_I,WORK_ZONE_I,WORK_ZONE_TYPE,WORKERS_PRESENT_I,NUM_UNITS,MOST_SEVERE_INJURY,INJURIES_TOTAL,INJURIES_FATAL,INJURIES_INCAPACITATING,INJURIES_NON_INCAPACITATING,INJURIES_REPORTED_NOT_EVIDENT,INJURIES_NO_INDICATION,INJURIES_UNKNOWN,CRASH_HOUR,CRASH_DAY_OF_WEEK,CRASH_MONTH,LATITUDE,LONGITUDE,LOCATION
a70b75487997d16d2beb9768bccdc113de723272a6ccafd3a5d1f488569ca81492f3ef4eadbf0db003de74ca88f6deda85464547d5bc6e23498aa4f1ea1e890c,JF421925,,10/04/2022 04:15:00 PM,30,NO CONTROLS,NO CONTROLS,CLEAR,DAYLIGHT,REAR END,NOT DIVIDED,,STRAIGHT AND LEVEL,DRY,NO DEFECTS,NOT ON SCENE (DESK REPORT),NO INJURY / DRIVE AWAY,,,,"$501 - $1,500",10/04/2022 05:30:00 PM,FOLLOWING TOO CLOSELY,NOT APPLICABLE,6205,N,SHERIDAN RD,2433.0,,,,,,,2,NO INDICATION OF INJURY,0.0,0.0,0.0,0.0,0.0,4.0,0.0,16,3,10,41.9948056201,-87.6553842103,POINT (-87.655384210319 41.994805620118)
ca6012be3fa144ee2a8081940607306a55fe0be0cc7b0e896aba63303db114fe7ec5ee4e3f6ba4407cd53dd6dcdd98e00b9e6f600172766ecffcdefda8b0e8d8,JF392630,,09/12/2022 07:30:00 AM,30,TRAFFIC SIGNAL,FUNCTIONING PROPERLY,RAIN,DAYLIGHT,TURNING,CENTER TURN LANE,,STRAIGHT AND LEVEL,WET,NO DEFECTS,ON SCENE,NO INJURY / DRIVE AWAY,Y,,Y,"OVER $1,500",09/12/2022 07:30:00 AM,DISREGARDING TRAFFIC SIGNALS,NOT APPLICABLE,2400,W,63RD ST,825.0,,,,,,,2,NO INDICATION OF INJURY,0.0,0.0,0.0,0.0,0.0,3.0,0.0,7,2,9,41.7793318443,-87.6836757608,POINT (-87.683675760848 41.779331844298)
485a6e7afa1f7ab1415e733d7d3cac2c5e2b8e992fa9453dcba19a6692c2f6cdd292cb3546f244ee5ac9bc75fb4df5c8990301e2a8f9aefeed092c92386acb69,JE453691,,11/22/2021 02:25:00 PM,30,NO CONTROLS,NO CONTROLS,CLEAR,DAYLIGHT,PARKED MOTOR VEHICLE,NOT DIVIDED,,STRAIGHT AND LEVEL,DRY,NO DEFECTS,ON SCENE,NO INJURY / DRIVE AWAY,,,Y,"OVER $1,500",11/22/2021 03:25:00 PM,UNABLE TO DETERMINE,NOT APPLICABLE,3014,S,ALBANY AVE,1033.0,,,,,,,2,NO INDICATION OF INJURY,0.0,0.0,0.0,0.0,0.0,1.0,0.0,14,2,11,41.8385885956,-87.7025678523,POINT (-87.702567852348 41.838588595648)
4d36066b1c6e15a1e5b62a4c5c5a56f5a427336d68f246b6a56006c12a446ae24fc0a56d9bef89d273dddd33141eae28eec162f4b0ddbf9c8d6bb626c36adbd4,JE227108,,06/23/2021 04:58:00 PM,20,NO CONTROLS,NO CONTROLS,CLEAR,DAYLIGHT,SIDESWIPE OPPOSITE DIRECTION,OTHER,,STRAIGHT AND LEVEL,DRY,NO DEFECTS,ON SCENE,NO INJURY / DRIVE AWAY,,,,$500 OR LESS,06/23/2021 04:58:00 PM,NOT APPLICABLE,NOT APPLICABLE,1,W,TERMINAL ST,1651.0,,,,,,,2,NO INDICATION OF INJURY,0.0,0.0,0.0,0.0,0.0,2.0,0.0,16,4,6,,,
eb938abbd6ac0d197c55233b6d8b00c92bf892257014e13fc0c2841e79a63c99c8e6795863ad0511ad917a1855c51529aa4d5d0acb9c658b0caf29658081c67f,JD371558,,09/18/2020 04:15:00 PM,25,STOP SIGN/FLASHER,FUNCTIONING PROPERLY,CLEAR,DAYLIGHT,SIDESWIPE OPPOSITE DIRECTION,NOT DIVIDED,,STRAIGHT ON GRADE,DRY,NO DEFECTS,NOT ON SCENE (DESK REPORT),NO INJURY / DRIVE AWAY,,,Y,"$501 - $1,500",09/18/2020 04:59:00 PM,UNABLE TO DETERMINE,NOT APPLICABLE,6201,S,HOMAN AVE,823.0,,,,,,,2,NO INDICATION OF INJURY,0.0,0.0,0.0,0.0,0.0,2.0,0.0,16,6,9,41.780680891,-87.7078945583,POINT (-87.707894558258 41.78068089101)
826bbbb841c72bbc8143dae76f65e7e19760e559823d1a60e512fc46fdb6bc6019e107c1a22e6d894c1001a2258b3ce040a457f356290bfdf8df85a50aafbec4,JF297288,,06/28/2022 12:15:00 PM,30,UNKNOWN,UNKNOWN,CLEAR,DAYLIGHT,REAR TO SIDE,PARKING LOT,,STRAIGHT AND LEVEL,DRY,NO DEFECTS,ON SCENE,NO INJURY / DRIVE AWAY,,,,"OVER $1,500",06/28/2022 12:24:00 PM,UNABLE TO DETERMINE,UNABLE TO DETERMINE,250,S,LOWER WACKER DR,122.0,,,,,,,2,NO INDICATION OF INJURY,0.0,0.0,0.0,0.0,0.0,2.0,0.0,12,3,6,41.8781048973,-87.6371000473,POINT (-87.637100047308 41.87810489727)
4c19be237acedceea7cf60157b389a19e132815f677ebc10398814cd9c9835c71a74ce19cdfa54069300f17e7c4181cae8185105bc76e7501a17b7d95c336e39,JE439501,,11/09/2021 02:30:00 PM,30,UNKNOWN,UNKNOWN,CLEAR,DAYLIGHT,REAR END,DIVIDED - W/MEDIAN (NOT RAISED),,STRAIGHT AND LEVEL,UNKNOWN,UNKNOWN,NOT ON SCENE (DESK REPORT),INJURY AND / OR TOW DUE TO CRASH,,,Y,$500 OR LESS,11/09/2021 02:45:00 PM,UNABLE TO DETERMINE,NOT APPLICABLE,1841,W,HOWARD ST,2424.0,,,,,,,2,NONINCAPACITATING INJURY,1.0,0.0,0.0,1.0,0.0,1.0,0.0,14,3,11,42.0193174425,-87.6773423153,POINT (-87.677342315306 42.019317442491)
c03a38688e16f7874caaf0a797b534cd770ec1860a9b6eb69de7659f5b629b2666e25a86fb47eaace80114fac1d4282ebed84039dc126d8f3753f20b65737bcf,JC507140,,11/11/2019 11:50:00 PM,30,TRAFFIC SIGNAL,FUNCTIONING PROPERLY,CLEAR,"DARKNESS, LIGHTED ROAD",SIDESWIPE SAME DIRECTION,NOT DIVIDED,,STRAIGHT AND LEVEL,ICE,NO DEFECTS,ON SCENE,NO INJURY / DRIVE AWAY,,,,"OVER $1,500",11/11/2019 11:50:00 PM,WEATHER,NOT APPLICABLE,600,W,IRVING PARK RD,1915.0,,,,,,,2,NO INDICATION OF INJURY,0.0,0.0,0.0,0.0,0.0,2.0,0.0,23,2,11,41.954745513,-87.6453293959,POINT (-87.645329395868 41.954745512967)
0ecf781bfd4f529bf13777b63f5645113d7621b1f288ca879b54c17cea960bd02183de502899d514bc8fc8791fd78ef812736770dd08dc1faf585ab20bcd5541,JF115589,,01/15/2022 03:55:00 PM,30,NO CONTROLS,NO CONTROLS,CLEAR,DAYLIGHT,SIDESWIPE SAME DIRECTION,NOT DIVIDED,,STRAIGHT AND LEVEL,DRY,NO DEFECTS,NOT ON SCENE (DESK REPORT),NO INJURY / DRIVE AWAY,,,,"$501 - $1,500",01/17/2022 01:30:00 PM,UNABLE TO DETERMINE,UNABLE TO DETERMINE,8833,S,COLFAX AVE,423.0,,,,,,,2,NO INDICATION OF INJURY,0.0,0.0,0.0,0.0,0.0,2.0,0.0,15,7,1,41.7344497536,-87.5609327489,POINT (-87.560932748901 41.734449753612)
270e01295d51bfa0f5c84478122a28f9c015f40e335172e7b2c55580cd871abfcf655e6a6f343e8ea8153469ad8cbb5f3492ba858fee552687bb9473aefa6181,JF315813,,07/13/2022 09:25:00 AM,15,NO CONTROLS,NO CONTROLS,CLEAR,DAYLIGHT,FIXED OBJECT,ALLEY,,STRAIGHT AND LEVEL,DRY,NO DEFECTS,ON SCENE,NO INJURY / DRIVE AWAY,,Y,,"OVER $1,500",07/13/2022 09:27:00 AM,UNABLE TO DETERMINE,UNABLE TO DETERMINE,2715,N,MOBILE AVE,2512.0,,,,,,,2,NO INDICATION OF INJURY,0.0,0.0,0.0,0.0,0.0,2.0,0.0,9,4,7,41.929697433,-87.7830659749,POINT (-87.783065974853 41.929697432972)
940552513701efe0e89418043eefefbd05ebdbb8ca57de32983f3cc0049c83c2f5668a04a4a28aab050139e73477ff3a5abc7aead55c348c31c49ccfb75eec75,JD344124,,08/24/2020 10:46:00 PM,30,TRAFFIC SIGNAL,FUNCTIONING PROPERLY,CLEAR,"DARKNESS, LIGHTED ROAD",PEDALCYCLIST,DIVIDED - W/MEDIAN (NOT RAISED),,STRAIGHT AND LEVEL,DRY,UNKNOWN,ON SCENE,NO INJURY / DRIVE AWAY,Y,,,"$501 - $1,500",08/24/2020 11:09:00 PM,DISREGARDING TRAFFIC SIGNALS,UNABLE TO DETERMINE,100,W,HARRISON ST,123.0,,,,,,,2,NO INDICATION OF INJURY,0.0,0.0,0.0,0.0,0.0,3.0,0.0,22,2,8,41.8746307866,-87.6307286799,POINT (-87.630728679917 41.874630786641)
9e9b560e7c924ec37792f6df372ce0b19d438326e498bef938012a06b70da00adbeb1e694ee5d338876abe986791f27917be9858d36c3f414a7754ac6c37fe55,HZ270204,,05/18/2016 05:30:00 PM,30,TRAFFIC SIGNAL,FUNCTIONING PROPERLY,CLEAR,DAYLIGHT,ANGLE,DIVIDED - W/MEDIAN (NOT RAISED),1.0,STRAIGHT AND LEVEL,DRY,NO DEFECTS,NOT ON SCENE (DESK REPORT),NO INJURY / DRIVE AWAY,Y,,,"OVER $1,500",05/18/2016 09:50:00 PM,DISREGARDING TRAFFIC SIGNALS,FAILING TO YIELD RIGHT-OF-WAY,600,E,MARQUETTE RD,321.0,,,,,,,2,NO INDICATION OF INJURY,0.0,0.0,0.0,0.0,0.0,3.0,0.0,17,4,5,41.7749856333,-87.6106182962,POINT (-87.610618296172 41.774985633252)
9e5f7e17dd5fd019b90c9c41f670ec4c2c04b587af8e8901c5d2ae45d674dce6359726ce3fd50a602159df4ae1fbce2b96cc3b9c077b297de6a66d44d3248186,JC268616,,05/18/2019 06:16:00 PM,30,NO CONTROLS,NO CONTROLS,CLEAR,DAYLIGHT,SIDESWIPE SAME DIRECTION,DIVIDED - W/MEDIAN (NOT RAISED),,STRAIGHT AND LEVEL,DRY,NO DEFECTS,NOT ON SCENE (DESK REPORT),NO INJURY / DRIVE AWAY,,,Y,"$501 - $1,500",05/18/2019 06:44:00 PM,UNABLE TO DETERMINE,NOT APPLICABLE,2908,W,GRAND AVE,1221.0,,,,,,,2,NO INDICATION OF INJURY,0.0,0.0,0.0,0.0,0.0,2.0,0.0,18,7,5,41.8957406161,-87.699879515,POINT (-87.699879515009 41.895740616098)
34920aa1d268a7bef840c6e1ccf919a387f47a1ef6c06ee7ff99a087b167e32d51e5fd9f26bdba0013b389cb0cbfb9a25951f9df07c0ccd801b3f5c21d20c931,JG290178,,06/05/2023 11:15:00 AM,25,TRAFFIC SIGNAL,FUNCTIONING PROPERLY,CLEAR,DAYLIGHT,REAR END,ONE-WAY,,STRAIGHT AND LEVEL,DRY,NO DEFECTS,NOT ON SCENE (DESK REPORT),NO INJURY / DRIVE AWAY,,,Y,"OVER $1,500",06/06/2023 10:14:00 AM,FAILING TO YIELD RIGHT-OF-WAY,UNABLE TO DETERMINE,4808,W,WRIGHTWOOD AVE,2521.0,,,,,,,2,NO INDICATION OF INJURY,0.0,0.0,0.0,0.0,0.0,2.0,0.0,11,2,6,41.9280130319,-87.7468785911,POINT (-87.746878591086 41.928013031945)
36bb6238e6a9cb6fd2eba2a8ce4d0f3cab225f8ff4fb604abd8adc808729ffe69e509af3eb2572f8092da415721801c87c1ec816e17f41a07b41157f3bdb7e30,HZ524980,,11/21/2016 06:15:00 PM,30,TRAFFIC SIGNAL,FUNCTIONING PROPERLY,CLEAR,DARKNESS,TURNING,ONE-WAY,4.0,STRAIGHT AND LEVEL,DRY,NO DEFECTS,NOT ON SCENE (DESK REPORT),NO INJURY / DRIVE AWAY,,,N,"$501 - $1,500",11/22/2016 09:20:00 AM,IMPROPER TURNING/NO SIGNAL,UNABLE TO DETERMINE,11901,S,ASHLAND AVE,524.0,,,,,,,2,NO INDICATION OF INJURY,0.0,0.0,0.0,0.0,0.0,2.0,0.0,18,2,11,41.6774388699,-87.6612360274,POINT (-87.661236027425 41.677438869926)
5e5bc881388091486d9f8b3c5694ae1029f50680e05562edae7715ec0b0a840e3e387663c44822b8200f99b145535462c8fd423667bf63c23e66bff14f02ea2c,JB236335,,04/24/2018 04:30:00 PM,30,STOP SIGN/FLASHER,FUNCTIONING PROPERLY,CLEAR,DAYLIGHT,ANGLE,NOT DIVIDED,2.0,STRAIGHT AND LEVEL,DRY,NO DEFECTS,ON SCENE,NO INJURY / DRIVE AWAY,,,Y,"OVER $1,500",04/24/2018 04:34:00 PM,FAILING TO YIELD RIGHT-OF-WAY,NOT APPLICABLE,48,S,LARAMIE AVE,1522.0,,,,,,,2,NO INDICATION OF INJURY,0.0,0.0,0.0,0.0,0.0,2.0,0.0,16,3,4,41.879423449,-87.7551777389,POINT (-87.755177738918 41.879423449026)
81369fc2d3fa2b7df396e50bbebd1b64fa90bd58ccedc9b87cae038f0013f483e52bbf2a3dc3940ccda7d279ea90aa0bc7396813f5f932504553cc334f17f8d6,JE146830,,02/20/2021 11:10:00 AM,15,NO CONTROLS,NO CONTROLS,SNOW,DAYLIGHT,FIXED OBJECT,ALLEY,,STRAIGHT AND LEVEL,SNOW OR SLUSH,NO DEFECTS,ON SCENE,NO INJURY / DRIVE AWAY,,Y,,"$501 - $1,500",02/20/2021 11:17:00 AM,WEATHER,WEATHER,4173,W,EDDY ST,1731.0,,,,,,,1,NO INDICATION OF INJURY,0.0,0.0,0.0,0.0,0.0,1.0,0.0,11,7,2,41.9454675988,-87.7320586541,POINT (-87.732058654116 41.945467598827)
25aa7d79f3b9b4b79f67e83d611dee3aeecad1fbe8f6c6dbb314c9945d59eece43f1e2cb88260f79322bfcb2a1fee45c8cf55d16f2da62a06bd96ab18cf5cea3,JC128749,,01/23/2019 07:00:00 PM,30,NO CONTROLS,NO CONTROLS,CLEAR,"DARKNESS, LIGHTED ROAD",PARKED MOTOR VEHICLE,NOT DIVIDED,,STRAIGHT AND LEVEL,SNOW OR SLUSH,NO DEFECTS,NOT ON SCENE (DESK REPORT),NO INJURY / DRIVE AWAY,,,Y,$500 OR LESS,01/24/2019 10:00:00 PM,NOT APPLICABLE,NOT APPLICABLE,1257,N,WALLER AVE,2531.0,,,,,,,2,NO INDICATION OF INJURY,0.0,0.0,0.0,0.0,0.0,1.0,0.0,19,4,1,41.9037744762,-87.7679933689,POINT (-87.767993368931 41.903774476167)
c04c3da9e020b97b1eec4c2cec51ed5fb8e45fd78894215f05866f3d0068075e3e97e452a7b0ea4554712601301fe0ed47167fbfd359093df3b3e5381f519086,JF143904,,02/14/2022 07:10:00 AM,30,NO CONTROLS,NO CONTROLS,CLEAR,DAYLIGHT,ANGLE,NOT DIVIDED,,STRAIGHT AND LEVEL,ICE,NO DEFECTS,NOT ON SCENE (DESK REPORT),NO INJURY / DRIVE AWAY,,,,"OVER $1,500",02/14/2022 10:30:00 AM,FAILING TO YIELD RIGHT-OF-WAY,WEATHER,5121,S,KILPATRICK AVE,815.0,,,,,,,2,NO INDICATION OF INJURY,0.0,0.0,0.0,0.0,0.0,2.0,0.0,7,2,2,41.7996456867,-87.7403477989,POINT (-87.740347798901 41.799645686733)
8ff07d64d7eb357cb0745299f1bfcfb62924495505653436b39181e0e2b3c85d25c8639383c7b05fd03f13dce484b4127e6307cc8350cc5ea607582cadb86085,JE259785,,06/09/2021 07:15:00 AM,30,TRAFFIC SIGNAL,FUNCTIONING PROPERLY,CLEAR,DAYLIGHT,SIDESWIPE SAME DIRECTION,DIVIDED - W/MEDIAN (NOT RAISED),,STRAIGHT AND LEVEL,DRY,NO DEFECTS,NOT ON SCENE (DESK REPORT),NO INJURY / DRIVE AWAY,Y,,N,"$501 - $1,500",06/09/2021 03:45:00 PM,UNABLE TO DETERMINE,NOT APPLICABLE,400,N,SACRAMENTO BLVD,1221.0,,,,,,,2,NO INDICATION OF INJURY,0.0,0.0,0.0,0.0,0.0,2.0,0.0,7,4,6,41.8885033268,-87.7015666564,POINT (-87.701566656444 41.888503326833)
04875b42e21d927fd74e81daab2149a3ea6e1444923c73da77adfb94474f9a742944de1463207c8329843ea8cb3144800f6a69ecfb53c20a3d516a8692d9f28b,JG212746,,04/06/2023 07:03:00 AM,30,NO CONTROLS,NO CONTROLS,CLEAR,DAYLIGHT,TURNING,NOT DIVIDED,,STRAIGHT AND LEVEL,DRY,NO DEFECTS,ON SCENE,NO INJURY / DRIVE AWAY,,,,$500 OR LESS,04/06/2023 07:03:00 AM,IMPROPER TURNING/NO SIGNAL,NOT APPLICABLE,5200,S,KEDZIE AVE,822.0,,,,,,,2,NO INDICATION OF INJURY,0.0,0.0,0.0,0.0,0.0,2.0,0.0,7,5,4,41.7988996515,-87.7038579977,POINT (-87.703857997716 41.798899651482)
5935480d8f0ef12495eaa37765ce062e7f9082e177ac4c0df97794a96fbd87bd3aaaca4f95cfcffef2387178ea112248bfb4d7eec45f03ce65fe68a81d684cfa,JA274648,,05/22/2017 03:35:00 PM,30,TRAFFIC SIGNAL,FUNCTIONING PROPERLY,CLEAR,DAYLIGHT,REAR END,NOT DIVIDED,2.0,STRAIGHT AND LEVEL,DRY,NO DEFECTS,NOT ON SCENE (DESK REPORT),NO INJURY / DRIVE AWAY,,,,"OVER $1,500",05/22/2017 04:11:00 PM,FOLLOWING TOO CLOSELY,NOT APPLICABLE,3600,N,CICERO AVE,1634.0,,,,,,,2,NO INDICATION OF INJURY,0.0,0.0,0.0,0.0,0.0,2.0,0.0,15,2,5,41.9461635236,-87.747215169,POINT (-87.74721516897 41.946163523626)
500a61125826e3ba42e3bc0cd2cf90821d42bc8cc477ffa8e5a247459813f2885eaf9d24b4fbaf290e0916c0be3196236ea645020869e44b69602d3d105c7d45,JB562921,,12/21/2018 09:15:00 AM,30,NO CONTROLS,NO CONTROLS,CLEAR,DAYLIGHT,HEAD ON,NOT DIVIDED,4.0,STRAIGHT AND LEVEL,DRY,NO DEFECTS,NOT ON SCENE (DESK REPORT),NO INJURY / DRIVE AWAY,,,,$500 OR LESS,12/21/2018 06:30:00 PM,IMPROPER BACKING,FAILING TO REDUCE SPEED TO AVOID CRASH,1810,S,CANAL ST,1235.0,,,,,,,2,NO INDICATION OF INJURY,0.0,0.0,0.0,0.0,0.0,2.0,0.0,9,6,12,41.8572954251,-87.6390690106,POINT (-87.639069010612 41.857295425076)
107406831524fcab7028718e4853178ba0667ba9c6290c547012ce168ac5480a55be5c3bd835be09aa96b16b86a791563868255d071196b3d3369708eb1bf4e8,JA547421,,12/13/2017 10:00:00 AM,10,NO CONTROLS,NO CONTROLS,CLEAR,DAYLIGHT,PARKED MOTOR VEHICLE,PARKING LOT,2.0,STRAIGHT AND LEVEL,DRY,NO DEFECTS,NOT ON SCENE (DESK REPORT),NO INJURY / DRIVE AWAY,,,,"OVER $1,500",12/13/2017 11:23:00 AM,UNABLE TO DETERMINE,NOT APPLICABLE,3333,N,KIMBALL AVE,1733.0,,,,,,,2,NO INDICATION OF INJURY,0.0,0.0,0.0,0.0,0.0,1.0,0.0,10,4,12,41.9421535856,-87.7124460176,POINT (-87.712446017587 41.942153585613)
e59bdd55a693986c8231454af0727b857d3ee7099239a6dec37cba6c37c43122fd7511c955d4c79fe869f84cbbb0569ef2d16feb3a0d9880ea2b2d620830c4f1,JG399836,,08/26/2023 04:30:00 PM,30,TRAFFIC SIGNAL,FUNCTIONING PROPERLY,CLEAR,DAYLIGHT,REAR END,NOT DIVIDED,,STRAIGHT AND LEVEL,UNKNOWN,UNKNOWN,NOT ON SCENE (DESK REPORT),NO INJURY / DRIVE AWAY,,,,"$501 - $1,500",08/27/2023 01:50:00 PM,FOLLOWING TOO CLOSELY,NOT APPLICABLE,8600,S,WESTERN AVE,835.0,,,,,,,2,NO INDICATION OF INJURY,0.0,0.0,0.0,0.0,0.0,2.0,0.0,16,7,8,41.7372962464,-87.682697195,POINT (-87.682697194964 41.737296246364)
9e79be90a0267cda586fffbbef9e89d05696eef4f86584e93f7221f8fec6c2f69424e74746efe4a4882918ab5e280d4eae781297e1a79e1e2e26517b13d2cf27,JC515534,,11/18/2019 06:20:00 PM,30,NO CONTROLS,NO CONTROLS,CLEAR,DARKNESS,REAR END,DIVIDED - W/MEDIAN (NOT RAISED),,STRAIGHT AND LEVEL,DRY,NO DEFECTS,ON SCENE,INJURY AND / OR TOW DUE TO CRASH,,,,"OVER $1,500",11/18/2019 06:20:00 PM,FOLLOWING TOO CLOSELY,UNABLE TO DETERMINE,5801,N,CUMBERLAND AVE,1614.0,,,,,,,3,"REPORTED, NOT EVIDENT",1.0,0.0,0.0,0.0,1.0,3.0,0.0,18,2,11,41.9845298826,-87.8364339595,POINT (-87.836433959479 41.984529882581)
ede489dcce3af239443dcc9222f10a682586dd6d49d7d638e4bcfd530d6b427c8b7a16c834c81057ff2211da0c990539183a29f3647ab6444846d93939077e77,JC375809,,08/02/2019 06:00:00 PM,30,STOP SIGN/FLASHER,FUNCTIONING PROPERLY,CLEAR,DAYLIGHT,ANGLE,FOUR WAY,,STRAIGHT AND LEVEL,DRY,NO DEFECTS,NOT ON SCENE (DESK REPORT),NO INJURY / DRIVE AWAY,Y,,,"OVER $1,500",08/02/2019 07:30:00 PM,UNABLE TO DETERMINE,NOT APPLICABLE,727,S,KEDZIE AVE,1134.0,,,,,,,2,NO INDICATION OF INJURY,0.0,0.0,0.0,0.0,0.0,2.0,0.0,18,6,8,41.871920392,-87.7057061733,POINT (-87.705706173279 41.871920392035)
6b4cde8667938fe734515a548b115100b9409e19bfdd6a97314dc532abfe181caa9a43d8ea275dc5a521dcab8c4357dd89b60a890043bbd6a434641888b7195f,JA418768,,09/04/2017 02:00:00 PM,30,NO CONTROLS,FUNCTIONING PROPERLY,CLEAR,DAYLIGHT,REAR END,NOT DIVIDED,,STRAIGHT AND LEVEL,DRY,NO DEFECTS,NOT ON SCENE (DESK REPORT),NO INJURY / DRIVE AWAY,,,Y,"OVER $1,500",09/04/2017 06:20:00 PM,FOLLOWING TOO CLOSELY,UNABLE TO DETERMINE,7100,S,JEFFERY BLVD,333.0,,,,,,,2,NO INDICATION OF INJURY,0.0,0.0,0.0,0.0,0.0,5.0,0.0,14,2,9,41.7660277795,-87.5764431228,POINT (-87.576443122779 41.766027779516)
043bef68d4a2a1df8b5a6fb2df70dd381e002d2dfd6a2ec9acdec7728d44cdb587b0f13ebc87cd0cb8ee461038a6ba104031cf95be0605b8a9f8e8ffa275ee97,JD228488,,05/09/2020 10:33:00 PM,30,STOP SIGN/FLASHER,FUNCTIONING PROPERLY,CLEAR,"DARKNESS, LIGHTED ROAD",ANGLE,ONE-WAY,,STRAIGHT AND LEVEL,DRY,NO DEFECTS,ON SCENE,INJURY AND / OR TOW DUE TO CRASH,Y,,,"OVER $1,500",05/09/2020 10:33:00 PM,FAILING TO YIELD RIGHT-OF-WAY,NOT APPLICABLE,5800,S,MICHIGAN AVE,232.0,Y,Y,,,,,4,NO INDICATION OF INJURY,0.0,0.0,0.0,0.0,0.0,2.0,0.0,22,7,5,41.7891477191,-87.6224723614,POINT (-87.622472361425 41.789147719083)
dd9e0e0094d50c69b65c8af363190596b1ef555cd1927f9c949c73123c4d6e20f04e7daa1420f1a3cd800e2f3cb50869c1e141ff92997020a65ca7210e6e9ff0,JF223302,Y,04/28/2022 04:15:00 PM,30,TRAFFIC SIGNAL,FUNCTIONING PROPERLY,CLOUDY/OVERCAST,DAYLIGHT,REAR END,NOT DIVIDED,,STRAIGHT AND LEVEL,WET,NO DEFECTS,ON SCENE,INJURY AND / OR TOW DUE TO CRASH,N,,,"OVER $1,500",04/28/2022 04:35:00 PM,FOLLOWING TOO CLOSELY,DRIVING SKILLS/KNOWLEDGE/EXPERIENCE,1103,W,BRYN MAWR AVE,2023.0,,,,,,,2,"REPORTED, NOT EVIDENT",1.0,0.0,0.0,0.0,1.0,1.0,0.0,16,5,4,41.9835458727,-87.6581869362,POINT (-87.658186936243 41.983545872692)
b8673f155c1b86bcb71d60f7df6b7f78957f57d99cdf1e6362110b30281ae584f652e713e4a7bca6bde37685597440c048891c0c753da81696817601d4210fad,JG153349,,02/15/2023 08:00:00 AM,30,NO CONTROLS,NO CONTROLS,CLOUDY/OVERCAST,DAYLIGHT,ANGLE,FOUR WAY,,STRAIGHT AND LEVEL,DRY,NO DEFECTS,ON SCENE,NO INJURY / DRIVE AWAY,Y,,,"OVER $1,500",02/15/2023 08:09:00 AM,UNABLE TO DETERMINE,NOT APPLICABLE,299,E,61ST ST,311.0,N,N,,,,,2,NO INDICATION OF INJURY,0.0,0.0,0.0,0.0,0.0,2.0,0.0,8,4,2,41.7837161063,-87.6190231711,POINT (-87.619023171097 41.783716106263)
e4b5b7f8088d4216391403bf71227addb1489eed24d27cf22bfb81869380a3af5f40b39dc55ad27fe1fbe82a219914dcf6700c73da27acddc54af178c9d69b3b,JB348253,,07/13/2018 03:10:00 PM,35,NO CONTROLS,NO CONTROLS,CLEAR,DAYLIGHT,REAR END,DIVIDED - W/MEDIAN BARRIER,,STRAIGHT AND LEVEL,DRY,NO DEFECTS,NOT ON SCENE (DESK REPORT),INJURY AND / OR TOW DUE TO CRASH,,,,"OVER $1,500",07/13/2018 04:33:00 PM,FAILING TO REDUCE SPEED TO AVOID CRASH,NOT APPLICABLE,1245,S,CANAL ST,124.0,,,,,,,2,NONINCAPACITATING INJURY,1.0,0.0,0.0,1.0,0.0,2.0,0.0,15,6,7,41.8660211013,-87.6390599145,POINT (-87.63905991446 41.86602110131)
7077346bf7cc54a90362c0a89ab5577be79abf75520f4c4c7714165167460928a4eadf5a79d913777870ad31e80d017e8a011d74d2c21e6412d573460cc6624f,JA361449,,07/24/2017 02:30:00 PM,15,NO CONTROLS,NO CONTROLS,CLEAR,DAYLIGHT,PARKED MOTOR VEHICLE,PARKING LOT,1.0,STRAIGHT AND LEVEL,DRY,NO DEFECTS,NOT ON SCENE (DESK REPORT),NO INJURY / DRIVE AWAY,,,,"$501 - $1,500",07/24/2017 02:50:00 PM,FAILING TO YIELD RIGHT-OF-WAY,NOT APPLICABLE,3307,W,63RD ST,823.0,,,,,,,2,NO INDICATION OF INJURY,0.0,0.0,0.0,0.0,0.0,1.0,0.0,14,2,7,41.7788185771,-87.7059035755,POINT (-87.70590357549 41.778818577108)