CRASH_RECORD_ID,RD_NO,CRASH_DATE_EST_I,CRASH_DATE,POSTED_SPEED_LIMIT,TRAFFIC_CONTROL_DEVICE,DEVICE_CONDITION,WEATHER_CONDITION,LIGHTING_CONDITION,FIRST_CRASH_TYPE,TRAFFICWAY_TYPE,LANE_CNT,ALIGNMENT,ROADWAY_SURFACE_COND,ROAD_DEFECT,REPORT_TYPE,CRASH_TYPE,INTERSECTION_RELATED_I,NOT_RIGHT_OF_WAY_I,HIT_AND_RUN_I,DAMAGE,DATE_POLICE_NOTIFIED,PRIM_CONTRIBUTORY_CAUSE,SEC_CONTRIBUTORY_CAUSE,STREET_NO,STREET_DIRECTION,STREET_NAME,BEAT_OF_OCCURRENCE,PHOTOS_TAKEN_I,STATEMENTS_TAKEN_I,DOORING_I,WORK_ZONE_I,WORK_ZONE_TYPE,WORKERS_PRESENT_I,NUM_UNITS,MOST_SEVERE_INJURY,INJURIES_TOTAL,INJURIES_FATAL,INJURIES_INCAPACITATING,INJURIES_NON_INCAPACITATING,INJURIES_REPORTED_NOT_EVIDENT,INJURIES_NO_INDICATION,INJURIES_UNKNOWN,CRASH_HOUR,CRASH_DAY_OF_WEEK,CRASH_MONTH,LATITUDE,LONGITUDE,LOCATION
3c7b841fff013699a0d6bd77beb9c7e7fb63fdf38f1eb30c0f86bdea615fc41b1abfc083ed596157f53a70934cdab8ba4217d6dc12eec4506428fca0a8a75630,JF464170,,11/06/2022 06:45:00 AM,25,NO CONTROLS,NO CONTROLS,CLEAR,DUSK,PARKED MOTOR VEHICLE,ONE-WAY,,STRAIGHT AND LEVEL,DRY,NO DEFECTS,ON SCENE,INJURY AND / OR TOW DUE TO CRASH,N,,Y,"OVER $1,500",11/06/2022 06:50:00 AM,UNABLE TO DETERMINE,NOT APPLICABLE,5301,N,KENMORE AVE,2023.0,,,,,,,3,NO INDICATION OF INJURY,0.0,0.0,0.0,0.0,0.0,1.0,0.0,6,1,11,41.9782953218,-87.656319326,POINT (-87.65631932605 41.978295321804)
77328febcedd1cef7179fcc36115a6d6d0744a272acbba4333703d27332988ea50198534ab1a5c88353e6c0e112c92e0ff1685a12ef7fa7bb34becb45cb04c6f,JC557069,,12/22/2019 10:30:00 PM,30,NO CONTROLS,NO CONTROLS,CLEAR,"DARKNESS, LIGHTED ROAD",PARKED MOTOR VEHICLE,OTHER,,STRAIGHT AND LEVEL,DRY,NO DEFECTS,ON SCENE,NO INJURY / DRIVE AWAY,,,,$500 OR LESS,12/22/2019 10:35:00 PM,IMPROPER BACKING,NOT APPLICABLE,2124,W,HURON ST,1221.0,,,,,,,2,NO INDICATION OF INJURY,0.0,0.0,0.0,0.0,0.0,1.0,0.0,22,1,12,41.894146368,-87.6804879484,POINT (-87.680487948441 41.894146368032)
b5c6a20e0e52e7aea3ca0e189b5d5e14aae0fcb8986fde8a7fcd4c005d81f20416c8699b56b418970671145978d0221fe4310fcd4777817c319c2038a30ae19f,JG172275,,03/03/2023 08:10:00 AM,30,TRAFFIC SIGNAL,FUNCTIONING PROPERLY,CLOUDY/OVERCAST,DAYLIGHT,ANGLE,NOT DIVIDED,,STRAIGHT AND LEVEL,DRY,NO DEFECTS,,NO INJURY / DRIVE AWAY,Y,,Y,"OVER $1,500",03/03/2023 08:45:00 AM,UNABLE TO DETERMINE,NOT APPLICABLE,9900,S,VINCENNES AVE,2213.0,,,,,,,2,NO INDICATION OF INJURY,0.0,0.0,0.0,0.0,0.0,5.0,0.0,8,6,3,41.7139794991,-87.6535123131,POINT (-87.653512313106 41.713979499108)
a79a2611864398484411a57836c6bf232bbd65e22ef3e729424090e0ff20fcdb8b9d6e1c53a27e7f0d882205e55b6be0559e83e9b02ec5e284ba767252847eaf,JC411397,,08/28/2019 10:15:00 PM,30,NO CONTROLS,NO CONTROLS,CLEAR,"DARKNESS, LIGHTED ROAD",FIXED OBJECT,NOT DIVIDED,,STRAIGHT AND LEVEL,DRY,NO DEFECTS,ON SCENE,INJURY AND / OR TOW DUE TO CRASH,,,,"OVER $1,500",08/28/2019 10:24:00 PM,"EVASIVE ACTION DUE TO ANIMAL, OBJECT, NONMOTORIST",NOT APPLICABLE,4701,W,76TH ST,833.0,,,,,,,1,NO INDICATION OF INJURY,0.0,0.0,0.0,0.0,0.0,3.0,0.0,22,4,8,41.7538935443,-87.7397907916,POINT (-87.739790791616 41.753893544297)
826d4ddc2b3777774f291a72811fbdfc58df6b539043c2fc719be150b54c796dbf6bc6d4d25ba499769e3f0ba759cb9fb0d0d2122e00027e7f3826090acda574,JF101970,,01/03/2022 10:00:00 AM,30,STOP SIGN/FLASHER,FUNCTIONING PROPERLY,CLEAR,DAYLIGHT,ANGLE,OTHER,,STRAIGHT AND LEVEL,ICE,NO DEFECTS,NOT ON SCENE (DESK REPORT),NO INJURY / DRIVE AWAY,Y,,,"OVER $1,500",01/03/2022 10:40:00 AM,WEATHER,UNABLE TO DETERMINE,4300,S,FRANCISCO AVE,922.0,,,,,,,2,NO INDICATION OF INJURY,0.0,0.0,0.0,0.0,0.0,2.0,0.0,10,2,1,41.8154135698,-87.6970271467,POINT (-87.697027146669 41.815413569762)
b88ca5371dadb30e65196ef3649f240a8358ec72848b695027ef84c3e48dbbc1889aae6252297651c3a3757357fd56d429d42c2ad20ff602f6c8c68afb24629b,JC113822,,01/11/2019 06:30:00 PM,5,NO CONTROLS,NO CONTROLS,CLEAR,"DARKNESS, LIGHTED ROAD",PARKED MOTOR VEHICLE,PARKING LOT,,STRAIGHT AND LEVEL,DRY,NO DEFECTS,NOT ON SCENE (DESK REPORT),NO INJURY / DRIVE AWAY,,,Y,"$501 - $1,500",01/12/2019 07:52:00 AM,DRIVING SKILLS/KNOWLEDGE/EXPERIENCE,DRIVING SKILLS/KNOWLEDGE/EXPERIENCE,6430,W,IRVING PARK RD,1632.0,,,,,,,2,NO INDICATION OF INJURY,0.0,0.0,0.0,0.0,0.0,1.0,0.0,18,6,1,41.9530102332,-87.7877071626,POINT (-87.787707162599 41.953010233235)
e68e7682b0df7ff815d4ebfbb2cdf9c381ade21889105aca35398fec98715e13a03d62706f1b7ea457771a1d74bad2cac4e726d0fbfd0ef3b5da0c4e5a83edec,JB382233,,08/06/2018 04:45:00 PM,30,NO CONTROLS,NO CONTROLS,CLEAR,DAYLIGHT,SIDESWIPE SAME DIRECTION,NOT DIVIDED,4.0,STRAIGHT AND LEVEL,DRY,NO DEFECTS,NOT ON SCENE (DESK REPORT),NO INJURY / DRIVE AWAY,,,,"OVER $1,500",08/06/2018 06:45:00 PM,IMPROPER OVERTAKING/PASSING,IMPROPER OVERTAKING/PASSING,2600,S,WENTWORTH AVE,914.0,,,,,,,2,NO INDICATION OF INJURY,0.0,0.0,0.0,0.0,0.0,2.0,0.0,16,2,8,41.845494944,-87.6319704313,POINT (-87.631970431289 41.845494943967)
469623452e6e60a66942d390b358ad26f160109e6d5fd4af56fac6d4a49017fea64b14493a6bd2c09f7d3097fc8099d5f6d505b983837bb3ec94ad810902e1c1,JC137459,,01/31/2019 01:30:00 PM,30,TRAFFIC SIGNAL,FUNCTIONING PROPERLY,CLEAR,DAYLIGHT,REAR END,NOT DIVIDED,4.0,STRAIGHT AND LEVEL,DRY,NO DEFECTS,NOT ON SCENE (DESK REPORT),NO INJURY / DRIVE AWAY,,,,"OVER $1,500",02/02/2019 11:30:00 AM,FOLLOWING TOO CLOSELY,UNABLE TO DETERMINE,7920,W,ADDISON ST,1631.0,,,,,,,2,NO INDICATION OF INJURY,0.0,0.0,0.0,0.0,0.0,2.0,0.0,13,5,1,41.9451771678,-87.8251424627,POINT (-87.825142462714 41.945177167806)
e8a534b3c2fb8616ec8d24dc05a29ee2eae5800b0b9b50865574d7e6476e4bcffa07c721ece3165add9ee85e2d4b95ef605ef9c3099031d38879ceccd1c34287,JB514343,Y,11/13/2018 06:10:00 AM,30,UNKNOWN,UNKNOWN,UNKNOWN,UNKNOWN,PARKED MOTOR VEHICLE,ONE-WAY,1.0,STRAIGHT AND LEVEL,UNKNOWN,UNKNOWN,NOT ON SCENE (DESK REPORT),NO INJURY / DRIVE AWAY,,,Y,"$501 - $1,500",11/13/2018 12:50:00 PM,UNABLE TO DETERMINE,NOT APPLICABLE,3510,W,61ST PL,823.0,,,,,,,2,NO INDICATION OF INJURY,0.0,0.0,0.0,0.0,0.0,1.0,0.0,6,3,11,41.7816954524,-87.7109895432,POINT (-87.710989543185 41.781695452372)
c844b699a35faadc76fa511dcdfdb100d5a68f4ac83681bf5e28d82a1fbbc530590bac6b3f426ce19344d5dbe7118e6300505c37dbc5c1af78cfaad350ccf7ad,JF463570,,11/05/2022 04:08:00 PM,35,STOP SIGN/FLASHER,FUNCTIONING PROPERLY,CLEAR,DAYLIGHT,REAR TO SIDE,ONE-WAY,,STRAIGHT AND LEVEL,DRY,NO DEFECTS,NOT ON SCENE (DESK REPORT),NO INJURY / DRIVE AWAY,,,,"$501 - $1,500",11/05/2022 06:00:00 PM,IMPROPER BACKING,IMPROPER BACKING,659,W,RANDOLPH ST,121.0,,,,,,,2,NO INDICATION OF INJURY,0.0,0.0,0.0,0.0,0.0,2.0,0.0,16,7,11,41.8843094488,-87.6450296622,POINT (-87.645029662249 41.884309448849)
21f097cb53593d27aa34f1c0038db1dd5df89beef36207e56f4a3372dcb8cfa5777271d1da9ded7448b716f0f987e2f9aea757ef16aed9ca45f07720743b2ba9,JB379747,Y,08/05/2018 12:30:00 AM,30,TRAFFIC SIGNAL,FUNCTIONING PROPERLY,CLEAR,"DARKNESS, LIGHTED ROAD",REAR END,NOT DIVIDED,4.0,STRAIGHT AND LEVEL,DRY,NO DEFECTS,ON SCENE,NO INJURY / DRIVE AWAY,,,Y,"$501 - $1,500",08/05/2018 12:35:00 AM,FOLLOWING TOO CLOSELY,FOLLOWING TOO CLOSELY,2001,W,NORTH AVE,1424.0,,,,,,,2,NO INDICATION OF INJURY,0.0,0.0,0.0,0.0,0.0,2.0,0.0,0,1,8,41.9103632333,-87.677702539,POINT (-87.677702539003 41.910363233277)
7d65fdb7ec27eac2833600a23d4ae061d3a2a7ac2bb16ca8210d3105c0fed080213ee277048aa999809ecac37117ae410986596c8a2f050fcf9c43e5ae92e591,HZ269294,,05/18/2016 08:10:00 AM,30,NO CONTROLS,NO CONTROLS,CLEAR,DAYLIGHT,PARKED MOTOR VEHICLE,PARKING LOT,1.0,STRAIGHT AND LEVEL,DRY,NO DEFECTS,NOT ON SCENE (DESK REPORT),NO INJURY / DRIVE AWAY,,,Y,"$501 - $1,500",05/18/2016 11:10:00 AM,UNABLE TO DETERMINE,UNABLE TO DETERMINE,3731,W,ROOSEVELT RD,1011.0,,,,,,,2,NO INDICATION OF INJURY,0.0,0.0,0.0,0.0,0.0,1.0,0.0,8,4,5,41.8661421024,-87.7191899412,POINT (-87.719189941159 41.866142102433)
744e8af7221cab8ed7349927c005b49822fc312d63547b01b3a4ca523d2ab3904077867c5ec7d88dd2578314bec05f196ecab798ec00ac1883cd1a269cc05216,JA440698,,09/21/2017 01:55:00 PM,30,TRAFFIC SIGNAL,FUNCTIONING PROPERLY,CLEAR,DAYLIGHT,ANGLE,CENTER TURN LANE,4.0,STRAIGHT AND LEVEL,DRY,NO DEFECTS,ON SCENE,INJURY AND / OR TOW DUE TO CRASH,Y,,,"OVER $1,500",09/21/2017 01:59:00 PM,FAILING TO YIELD RIGHT-OF-WAY,FAILING TO REDUCE SPEED TO AVOID CRASH,4800,W,ROOSEVELT RD,1533.0,,,,,,,2,NONINCAPACITATING INJURY,1.0,0.0,0.0,1.0,0.0,5.0,0.0,13,5,9,41.8660060394,-87.7448173762,POINT (-87.74481737621 41.866006039367)
5b65255a54a0246c0b2b95993217e6d3b73cdc059637ce0f40fcd43e8ebc643e1bd16e8dcc48e6c128caa62ea9675649b505b3dad07457e824483fe6fb44749d,JD194084,,03/21/2020 11:20:00 PM,30,TRAFFIC SIGNAL,FUNCTIONING PROPERLY,CLEAR,"DARKNESS, LIGHTED ROAD",HEAD ON,ONE-WAY,,STRAIGHT AND LEVEL,DRY,NO DEFECTS,NOT ON SCENE (DESK REPORT),NO INJURY / DRIVE AWAY,Y,,Y,"OVER $1,500",03/24/2020 03:00:00 PM,UNABLE TO DETERMINE,UNABLE TO DETERMINE,802,W,JACKSON BLVD,1232.0,,,,,,,2,NO INDICATION OF INJURY,0.0,0.0,0.0,0.0,0.0,2.0,0.0,23,7,3,41.8780548493,-87.6473910014,POINT (-87.647391001352 41.878054849343)
2612f6e9d4bbc879b85d6f062f2b5259e33feff5bba42aa5d2b7d3b6850912506cd406f7edb6d107f8558fa6e3e66f30e318bb58b45e8a0665f4ae51caabd009,JD439568,Y,11/23/2020 01:00:00 PM,30,NO CONTROLS,NO CONTROLS,CLEAR,DAYLIGHT,PARKED MOTOR VEHICLE,DIVIDED - W/MEDIAN BARRIER,,STRAIGHT AND LEVEL,DRY,NO DEFECTS,NOT ON SCENE (DESK REPORT),NO INJURY / DRIVE AWAY,,,Y,"$501 - $1,500",11/23/2020 02:02:00 PM,FOLLOWING TOO CLOSELY,NOT APPLICABLE,5849,W,MIDWAY PARK,1512.0,,,,,,,2,NO INDICATION OF INJURY,0.0,0.0,0.0,0.0,0.0,1.0,0.0,13,2,11,41.8888743223,-87.7718997912,POINT (-87.771899791202 41.888874322261)
e2dfad351dd528f7683cee84f30d97ef629911e513687208b440f462fcf6686e3279d9602acb82b41f0dcc829fdb5234128485abc16261aeaa4f986b38ccdd2c,JG390303,,08/20/2023 12:45:00 PM,30,NO CONTROLS,NO CONTROLS,UNKNOWN,DAYLIGHT,PARKED MOTOR VEHICLE,PARKING LOT,,STRAIGHT AND LEVEL,DRY,NO DEFECTS,NOT ON SCENE (DESK REPORT),NO INJURY / DRIVE AWAY,,,,"$501 - $1,500",08/20/2023 01:15:00 PM,DRIVING SKILLS/KNOWLEDGE/EXPERIENCE,NOT APPLICABLE,4626,W,DIVERSEY AVE,2521.0,,,,,,,2,NO INDICATION OF INJURY,0.0,0.0,0.0,0.0,0.0,1.0,0.0,12,1,8,41.9316889194,-87.7430169468,POINT (-87.743016946831 41.931688919351)
9382b06a3204850182f4d8f13025a07baa4570f8a78739382938e9ca5596b5f036f976e22b2e9fb06dedb5c321cd5c351b192d2da3adbef811caa35459612523,JE199884,,04/15/2021 08:30:00 AM,30,STOP SIGN/FLASHER,OTHER,CLEAR,DAYLIGHT,TURNING,T-INTERSECTION,,STRAIGHT AND LEVEL,DRY,NO DEFECTS,ON SCENE,INJURY AND / OR TOW DUE TO CRASH,Y,,,"OVER $1,500",04/15/2021 08:30:00 AM,IMPROPER TURNING/NO SIGNAL,"VISION OBSCURED (SIGNS, TREE LIMBS, BUILDINGS, ETC.)",1199,W,WELLINGTON AVE,1933.0,,,,,,,2,NO INDICATION OF INJURY,0.0,0.0,0.0,0.0,0.0,2.0,0.0,8,5,4,41.9360877066,-87.6587753577,POINT (-87.65877535769 41.936087706628)
15179a8f09ea56029a7f39c9aee426bbef876095579c6e0a129e2d3b5c4387354e67ae6026c40de70617deb3d79ce166cdb9f0f52728fcd1859fa8ec8ad3c8d6,JC434338,,09/15/2019 01:40:00 PM,30,TRAFFIC SIGNAL,FUNCTIONING PROPERLY,CLEAR,DAYLIGHT,SIDESWIPE SAME DIRECTION,DIVIDED - W/MEDIAN BARRIER,,STRAIGHT AND LEVEL,DRY,NO DEFECTS,NOT ON SCENE (DESK REPORT),NO INJURY / DRIVE AWAY,,,,"OVER $1,500",09/15/2019 02:00:00 PM,DISTRACTION - FROM INSIDE VEHICLE,NOT APPLICABLE,100,N,LA SALLE ST,122.0,,,,,,,2,NO INDICATION OF INJURY,0.0,0.0,0.0,0.0,0.0,2.0,0.0,13,1,9,41.8832371751,-87.632555577,POINT (-87.632555577008 41.88323717512)
9ca16cd0859bea547fbd3696220a5d343dd70fd72aa5afeb005752ce1485d9dce4105e87ead26e694a830939b08e8c6dce73d1779870767af2a01955c978f125,JE239710,,05/21/2021 09:58:00 AM,30,NO CONTROLS,NO CONTROLS,CLEAR,DAYLIGHT,REAR END,ONE-WAY,,STRAIGHT AND LEVEL,DRY,NO DEFECTS,NOT ON SCENE (DESK REPORT),NO INJURY / DRIVE AWAY,,,Y,"$501 - $1,500",05/23/2021 09:58:00 AM,UNABLE TO DETERMINE,UNABLE TO DETERMINE,5451,S,WENTWORTH AVE,225.0,,,,,,,2,NO INDICATION OF INJURY,0.0,0.0,0.0,0.0,0.0,2.0,0.0,9,6,5,41.7949157408,-87.6303766654,POINT (-87.630376665403 41.794915740831)
d7d677c51ded4d7a81c0cc1d1cc6f4254795e4abfd8ac23a0fa8e88ef8e4b46574f2a3d7461fd0ca7fbf411a5e0cd1e3430e93f34b2e0af5d388728868e11828,HZ544747,,12/08/2016 04:15:00 PM,30,NO CONTROLS,NO CONTROLS,CLEAR,"DARKNESS, LIGHTED ROAD",SIDESWIPE OPPOSITE DIRECTION,NOT DIVIDED,,STRAIGHT AND LEVEL,DRY,NO DEFECTS,NOT ON SCENE (DESK REPORT),NO INJURY / DRIVE AWAY,,,,$500 OR LESS,12/08/2016 04:55:00 PM,UNABLE TO DETERMINE,UNABLE TO DETERMINE,625,N,STATE ST,1834.0,,,,,,,2,NO INDICATION OF INJURY,0.0,0.0,0.0,0.0,0.0,2.0,0.0,16,5,12,41.8932276038,-87.6279714254,POINT (-87.627971425365 41.893227603829)
56ca53d5d988d23ac3344b4373f133c8bcfad9f1f07b118c8a0a9fb2f19d2bd717389da6d87470e9b5cdba3dd5e4f2b744a473778da5d6bf6fffb27d18b26f68,JB281320,,05/27/2018 06:59:00 PM,30,NO CONTROLS,NO CONTROLS,CLEAR,DAYLIGHT,HEAD ON,NOT DIVIDED,6.0,STRAIGHT AND LEVEL,DRY,NO DEFECTS,ON SCENE,INJURY AND / OR TOW DUE TO CRASH,,,,"OVER $1,500",05/27/2018 07:02:00 PM,IMPROPER LANE USAGE,UNABLE TO DETERMINE,6276,S,ARCHER AVE,811.0,,,,,,,2,"REPORTED, NOT EVIDENT",2.0,0.0,0.0,0.0,2.0,0.0,0.0,18,1,5,41.7935182691,-87.7773923829,POINT (-87.777392382866 41.79351826907)
55124ae13bb33793e44bd8aea8befdeaa14920292b76482f6fd395a8f806f1fec36764b95202d0750dfd8a8f825d41c89bc50c3c12f219a4167f0d1a78717849,JE283863,,06/29/2021 03:46:00 PM,30,NO CONTROLS,NO CONTROLS,CLEAR,DAYLIGHT,PARKED MOTOR VEHICLE,ONE-WAY,,STRAIGHT AND LEVEL,DRY,NO DEFECTS,NOT ON SCENE (DESK REPORT),NO INJURY / DRIVE AWAY,,,,"OVER $1,500",06/29/2021 05:00:00 PM,UNABLE TO DETERMINE,UNABLE TO DETERMINE,1917,S,HAMLIN AVE,1014.0,,,,,,,2,NO INDICATION OF INJURY,0.0,0.0,0.0,0.0,0.0,1.0,0.0,15,3,6,41.8544899014,-87.7197794917,POINT (-87.719779491725 41.854489901375)
fee527032692d4c15aeb05821676eb4f56408f854e72a55bfbe0eacd5b040d6ddb690dcba4ba30df1d3b5eb700381a20c4b222be3b6d63818e35b24a0864994f,JA427240,,09/11/2017 03:05:00 PM,30,STOP SIGN/FLASHER,FUNCTIONING PROPERLY,CLEAR,DAYLIGHT,REAR END,DIVIDED - W/MEDIAN (NOT RAISED),4.0,STRAIGHT AND LEVEL,DRY,NO DEFECTS,NOT ON SCENE (DESK REPORT),INJURY AND / OR TOW DUE TO CRASH,Y,,,"OVER $1,500",09/11/2017 03:20:00 PM,FOLLOWING TOO CLOSELY,NOT APPLICABLE,2457,E,103RD ST,434.0,,,,,,,2,"REPORTED, NOT EVIDENT",1.0,0.0,0.0,0.0,1.0,1.0,0.0,15,2,9,41.7080087273,-87.563444568,POINT (-87.563444568045 41.708008727287)
cb58cae81f8ced33b06d132706208d19795c8d13f3c18f1ccf53fc2c02e83763a9785ca5dc962898b1a5df1f7c566af1e0a2c3000c7b6a3d51de68f67f9c746f,JD260076,,06/10/2020 05:08:00 PM,35,NO CONTROLS,NO CONTROLS,CLEAR,DAYLIGHT,PARKED MOTOR VEHICLE,NOT DIVIDED,,STRAIGHT AND LEVEL,DRY,UNKNOWN,NOT ON SCENE (DESK REPORT),NO INJURY / DRIVE AWAY,,,,"$501 - $1,500",06/10/2020 05:51:00 PM,IMPROPER BACKING,IMPROPER BACKING,2417,S,KEDZIE AVE,1033.0,,,,,,,2,NO INDICATION OF INJURY,0.0,0.0,0.0,0.0,0.0,2.0,0.0,17,4,6,41.8476046679,-87.7049848317,POINT (-87.704984831675 41.847604667942)
a0af51f18c39f9a5f6e25a0045e1b6ec32a595dcab3cf64d0770ac78aff92303abaaf097a0cc96dea1e9423ed6788c546d38d66ed4658d795fe84b51efb544e1,HZ201919,Y,03/25/2016 07:00:00 AM,0,NO CONTROLS,NO CONTROLS,UNKNOWN,UNKNOWN,FIXED OBJECT,OTHER,0.0,STRAIGHT AND LEVEL,UNKNOWN,NO DEFECTS,NOT ON SCENE (DESK REPORT),NO INJURY / DRIVE AWAY,,,N,"$501 - $1,500",03/26/2016 02:08:00 PM,IMPROPER BACKING,NOT APPLICABLE,3918,W,POLK ST,1132.0,,,,,,,1,NO INDICATION OF INJURY,0.0,0.0,0.0,0.0,0.0,1.0,0.0,7,6,3,41.8708489567,-87.7236964079,POINT (-87.723696407857 41.8708489567)
d57b9771d839e87139c0c38069b8addea521ff1e723df36711d7251f35b68a22a025ed0f13bb307ed83de89ea1b591bdc3620ca04f558d0871b918875b36703a,JG473349,,10/22/2023 02:22:00 AM,30,TRAFFIC SIGNAL,FUNCTIONING PROPERLY,CLEAR,"DARKNESS, LIGHTED ROAD",ANGLE,FOUR WAY,,STRAIGHT AND LEVEL,DRY,NO DEFECTS,ON SCENE,INJURY AND / OR TOW DUE TO CRASH,,,Y,"OVER $1,500",10/22/2023 02:26:00 AM,FAILING TO YIELD RIGHT-OF-WAY,NOT APPLICABLE,5100,S,CALIFORNIA AVE,923.0,,,,,,,2,"REPORTED, NOT EVIDENT",2.0,0.0,0.0,0.0,2.0,1.0,0.0,2,1,10,41.8008956363,-87.6941441217,POINT (-87.694144121738 41.800895636272)
18c791066e0e8c71f2cc8a8c32b9b2d7a26899cd3752821344433bb123a33ad3a2b6943f96cca18069433c287c9cf1e93b56768201919c05499bbdf423e67985,HZ439586,,09/18/2016 04:15:00 PM,30,TRAFFIC SIGNAL,FUNCTIONING PROPERLY,CLEAR,DAYLIGHT,TURNING,NOT DIVIDED,,STRAIGHT AND LEVEL,UNKNOWN,UNKNOWN,NOT ON SCENE (DESK REPORT),NO INJURY / DRIVE AWAY,,,,"$501 - $1,500",09/18/2016 04:30:00 PM,UNABLE TO DETERMINE,UNABLE TO DETERMINE,2201,N,AUSTIN AVE,2515.0,,,,,,,2,NO INDICATION OF INJURY,0.0,0.0,0.0,0.0,0.0,3.0,0.0,16,1,9,41.9206337346,-87.7754593507,POINT (-87.775459350704 41.920633734614)
417fa8a9549d0c3673b3f9ddf215bf68d9b82c578bad04959eae17a9dd1031ded064e381dd45456d62cb86a5ad54ddfc8b5d46f239ea873c6e9ffabb9529ee62,JD375965,,09/22/2020 08:15:00 PM,10,NO CONTROLS,NO CONTROLS,CLEAR,"DARKNESS, LIGHTED ROAD",ANGLE,PARKING LOT,,STRAIGHT AND LEVEL,DRY,NO DEFECTS,NOT ON SCENE (DESK REPORT),NO INJURY / DRIVE AWAY,,Y,,"OVER $1,500",09/22/2020 08:48:00 PM,IMPROPER BACKING,UNABLE TO DETERMINE,8700,S,PEORIA ST,2222.0,,,,,,,2,NO INDICATION OF INJURY,0.0,0.0,0.0,0.0,0.0,2.0,0.0,20,3,9,41.7359536512,-87.6462331391,POINT (-87.646233139093 41.735953651212)
6773f286ecebf8956d0e3e8012746681a5f50c1dbaeee99fda5fd85ad7caccdbf124e82eff94afea01120c509a0bef3c0cdc1791dfbaf1d31b78c02cfb668491,JA518047,,11/19/2017 01:10:00 PM,30,NO CONTROLS,NO CONTROLS,CLEAR,DAYLIGHT,SIDESWIPE SAME DIRECTION,NOT DIVIDED,4.0,STRAIGHT AND LEVEL,DRY,NO DEFECTS,NOT ON SCENE (DESK REPORT),NO INJURY / DRIVE AWAY,Y,,,"$501 - $1,500",11/19/2017 03:35:00 PM,DISTRACTION - FROM OUTSIDE VEHICLE,NOT APPLICABLE,8700,S,EGGLESTON AVE,2223.0,,,,Y,MAINTENANCE,,2,NO INDICATION OF INJURY,0.0,0.0,0.0,0.0,0.0,3.0,0.0,13,1,11,41.7358382431,-87.6352442123,POINT (-87.635244212345 41.735838243085)
aaae3d1b7f97497c7015baf14cc58930623980cc23cc5eec19f0648d5196f2880b38a97e3596a5e9f8b19ae8c7aa49d7b4933ec172111820e1fda35dff6ce8e7,JD187506,,03/15/2020 03:35:00 AM,30,TRAFFIC SIGNAL,FUNCTIONING PROPERLY,CLEAR,"DARKNESS, LIGHTED ROAD",REAR END,FOUR WAY,,STRAIGHT AND LEVEL,DRY,NO DEFECTS,NOT ON SCENE (DESK REPORT),NO INJURY / DRIVE AWAY,N,,,"OVER $1,500",03/16/2020 01:50:00 PM,FAILING TO REDUCE SPEED TO AVOID CRASH,DISREGARDING OTHER TRAFFIC SIGNS,3206,W,55TH ST,822.0,,,,N,,,2,NO INDICATION OF INJURY,0.0,0.0,0.0,0.0,0.0,2.0,0.0,3,1,3,41.7936188181,-87.7038943668,POINT (-87.703894366792 41.793618818125)
2c888ce032ef977d1ce489f048d976faa90ef2963c8da1bd83994829b05c5650d5f25c0cec6bf5399406ac9aca514bf23bd655e61b8b4ebd750034475d445964,JE439770,,10/31/2021 04:44:00 AM,20,NO CONTROLS,NO CONTROLS,CLEAR,"DARKNESS, LIGHTED ROAD",PARKED MOTOR VEHICLE,NOT DIVIDED,,STRAIGHT AND LEVEL,DRY,NO DEFECTS,NOT ON SCENE (DESK REPORT),NO INJURY / DRIVE AWAY,,,Y,"OVER $1,500",11/09/2021 06:10:00 PM,UNABLE TO DETERMINE,UNABLE TO DETERMINE,2655,N,MOODY AVE,2512.0,,,,,,,2,NO INDICATION OF INJURY,0.0,0.0,0.0,0.0,0.0,1.0,0.0,4,1,10,41.9290557055,-87.7793956496,POINT (-87.779395649601 41.929055705488)
9805dc2d81b9153307c5e07aa0f769c498a65831e71665b786d432cbea58001ea7905ceeee871a54aa3a26316d251a9d48ccbf0e04c41e0fd2f1da0b44131d08,JG350600,,07/21/2023 04:03:00 PM,30,TRAFFIC SIGNAL,FUNCTIONING PROPERLY,CLEAR,DAYLIGHT,TURNING,T-INTERSECTION,,STRAIGHT AND LEVEL,DRY,NO DEFECTS,ON SCENE,INJURY AND / OR TOW DUE TO CRASH,Y,,Y,"OVER $1,500",07/21/2023 04:03:00 PM,UNABLE TO DETERMINE,NOT APPLICABLE,5801,N,PULASKI RD,1711.0,,,,,,,2,NO INDICATION OF INJURY,0.0,0.0,0.0,0.0,0.0,2.0,0.0,16,6,7,41.9859315142,-87.72836921,POINT (-87.728369210034 41.985931514183)
8bce0f6b112fc927d33e72ecbbbdc5a7abaacbb66a6e193eedf1664ac4d1fb297532bfb39ad256c5405f7e08732d6ea30589ebdbd479bb937d69bc5b51ce5ef4,JD448997,,12/04/2020 12:20:00 AM,30,NO CONTROLS,NO CONTROLS,CLEAR,"DARKNESS, LIGHTED ROAD",SIDESWIPE SAME DIRECTION,PARKING LOT,,STRAIGHT AND LEVEL,DRY,NO DEFECTS,ON SCENE,INJURY AND / OR TOW DUE TO CRASH,,,Y,$500 OR LESS,12/04/2020 12:29:00 AM,NOT APPLICABLE,NOT APPLICABLE,5618,W,NORTH AVE,2531.0,Y,,,,,,2,"REPORTED, NOT EVIDENT",1.0,0.0,0.0,0.0,1.0,2.0,0.0,0,6,12,41.9094808302,-87.7664109704,POINT (-87.766410970375 41.909480830157)