CRASH_RECORD_ID,RD_NO,CRASH_DATE_EST_I,CRASH_DATE,POSTED_SPEED_LIMIT,TRAFFIC_CONTROL_DEVICE,DEVICE_CONDITION,WEATHER_CONDITION,LIGHTING_CONDITION,FIRST_CRASH_TYPE,TRAFFICWAY_TYPE,LANE_CNT,ALIGNMENT,ROADWAY_SURFACE_COND,ROAD_DEFECT,REPORT_TYPE,CRASH_TYPE,INTERSECTION_RELATED_I,NOT_RIGHT_OF_WAY_I,HIT_AND_RUN_I,DAMAGE,DATE_POLICE_NOTIFIED,PRIM_CONTRIBUTORY_CAUSE,SEC_CONTRIBUTORY_CAUSE,STREET_NO,STREET_DIRECTION,STREET_NAME,BEAT_OF_OCCURRENCE,PHOTOS_TAKEN_I,STATEMENTS_TAKEN_I,DOORING_I,WORK_ZONE_I,WORK_ZONE_TYPE,WORKERS_PRESENT_I,NUM_UNITS,MOST_SEVERE_INJURY,INJURIES_TOTAL,INJURIES_FATAL,INJURIES_INCAPACITATING,INJURIES_NON_INCAPACITATING,INJURIES_REPORTED_NOT_EVIDENT,INJURIES_NO_INDICATION,INJURIES_UNKNOWN,CRASH_HOUR,CRASH_DAY_OF_WEEK,CRASH_MONTH,LATITUDE,LONGITUDE,LOCATION
13eac220e559582972d90a270ddca76cdf2f5617b8d42a2a172ff42d87f6045e0b08920ba11a4d42ecf518fda5aef2df71b2d4f5248f38cc13da7e39ae1da082,JF334915,,07/28/2022 02:00:00 PM,30,TRAFFIC SIGNAL,UNKNOWN,CLEAR,DAYLIGHT,REAR END,NOT DIVIDED,,STRAIGHT AND LEVEL,UNKNOWN,UNKNOWN,NOT ON SCENE (DESK REPORT),NO INJURY / DRIVE AWAY,,,,"OVER $1,500",07/28/2022 02:45:00 PM,UNABLE TO DETERMINE,UNABLE TO DETERMINE,4400,N,CUMBERLAND AVE,1614.0,,,,,,,2,NO INDICATION OF INJURY,0.0,0.0,0.0,0.0,0.0,2.0,0.0,14,5,7,41.959386457,-87.8368459205,POINT (-87.836845920456 41.959386456978)
0bf89707c0edad8de23ef92cb5a115695545762518d5331eeb592cba850feef2ab8eea663b66a73c15b2661fd5e1f90ae4101e4b762a7750bd8361306d31007b,JB434083,,09/13/2018 04:50:00 PM,30,NO CONTROLS,NO CONTROLS,CLEAR,DAYLIGHT,SIDESWIPE SAME DIRECTION,NOT DIVIDED,,STRAIGHT AND LEVEL,DRY,NO DEFECTS,NOT ON SCENE (DESK REPORT),NO INJURY / DRIVE AWAY,,,,"OVER $1,500",09/13/2018 05:29:00 PM,IMPROPER OVERTAKING/PASSING,NOT APPLICABLE,5801,W,FOSTER AVE,1622.0,,,,,,,2,NO INDICATION OF INJURY,0.0,0.0,0.0,0.0,0.0,2.0,0.0,16,5,9,41.9755654186,-87.7733989707,POINT (-87.773398970732 41.975565418642)
c5d52cfa9662c5d1f983061b972e2e0fe63c5f3a5fdbe8a4fb49d8e2b7dba96f5eb8ffe3c7ed6e672dd8ea15f68e73ae2961283ae77a010413aaa358a5c4ed01,HY509852,Y,11/20/2015 10:00:00 PM,35,NO CONTROLS,NO CONTROLS,SNOW,"DARKNESS, LIGHTED ROAD",PARKED MOTOR VEHICLE,NOT DIVIDED,2.0,STRAIGHT AND LEVEL,WET,NO DEFECTS,NOT ON SCENE (DESK REPORT),NO INJURY / DRIVE AWAY,,,Y,"$501 - $1,500",11/21/2015 11:40:00 AM,UNABLE TO DETERMINE,NOT APPLICABLE,47,N,MENARD AVE,1513.0,,,,,,,2,NO INDICATION OF INJURY,0.0,0.0,0.0,0.0,0.0,1.0,0.0,22,6,11,41.8816094967,-87.769658583,POINT (-87.769658583025 41.881609496735)
eab2e8e402274d347a9e83727cb84ce8194097edfd068570daf601a28e711b5638f35630477e202e16291fe143d92f9282117990cf3b32f2c1547984ae0b8212,JC403884,,08/16/2019 12:15:00 AM,30,STOP SIGN/FLASHER,FUNCTIONING PROPERLY,CLEAR,"DARKNESS, LIGHTED ROAD",REAR END,NOT DIVIDED,,STRAIGHT AND LEVEL,DRY,NO DEFECTS,NOT ON SCENE (DESK REPORT),NO INJURY / DRIVE AWAY,Y,,Y,"OVER $1,500",08/16/2019 12:21:00 AM,FOLLOWING TOO CLOSELY,NOT APPLICABLE,4158,S,KEDZIE AVE,821.0,,,,,,,2,NO INDICATION OF INJURY,0.0,0.0,0.0,0.0,0.0,4.0,0.0,0,6,8,41.8172403527,-87.7044799343,POINT (-87.70447993431 41.817240352699)
3aa0432ee6e673481856f5e77c61ce6fd859bb51f5e91a6a5a584004a02ec49dca329ec091fb4dfd8c4a4e07cfa363d1b9835343994e2d77d5c5fcd167d9b6ed,JA126651,,01/19/2017 08:00:00 AM,35,NO CONTROLS,NO CONTROLS,CLEAR,DAYLIGHT,REAR END,DIVIDED - W/MEDIAN (NOT RAISED),2.0,STRAIGHT AND LEVEL,DRY,NO DEFECTS,NOT ON SCENE (DESK REPORT),NO INJURY / DRIVE AWAY,,,,"OVER $1,500",01/23/2017 12:15:00 PM,FOLLOWING TOO CLOSELY,UNABLE TO DETERMINE,6736,S,PULASKI RD,833.0,,,,,,,2,NO INDICATION OF INJURY,0.0,0.0,0.0,0.0,0.0,2.0,0.0,8,5,1,41.7702363422,-87.7226930889,POINT (-87.722693088889 41.770236342241)
1751b9ce8dd84d36efed890a49f14984657938788ae1ab809da861bb1f3d6171455e92377de7f879a2b0d780e69acad65012efef990c0941f8b7bd30cae67e5d,JE227225,,05/11/2021 09:12:00 PM,30,NO CONTROLS,NO CONTROLS,CLEAR,"DARKNESS, LIGHTED ROAD",SIDESWIPE OPPOSITE DIRECTION,NOT DIVIDED,,STRAIGHT AND LEVEL,DRY,UNKNOWN,NOT ON SCENE (DESK REPORT),NO INJURY / DRIVE AWAY,,,Y,"OVER $1,500",05/11/2021 10:10:00 PM,UNABLE TO DETERMINE,UNABLE TO DETERMINE,7120,S,ST LOUIS AVE,831.0,,,,,,,2,NO INDICATION OF INJURY,0.0,0.0,0.0,0.0,0.0,2.0,0.0,21,3,5,41.7635438234,-87.7102747698,POINT (-87.710274769842 41.763543823438)
df18aac38c73b1cb4efca7bbc371010499f62f47d7d071eedbe5c7c53031f1575a343e27165e2e2e40167c42f951eaa222dba243994ea4ff077f8297ac6282ab,JA265877,,05/16/2017 09:00:00 AM,30,NO CONTROLS,NO CONTROLS,CLEAR,DAYLIGHT,PARKED MOTOR VEHICLE,ONE-WAY,2.0,STRAIGHT AND LEVEL,DRY,NO DEFECTS,NOT ON SCENE (DESK REPORT),NO INJURY / DRIVE AWAY,,,,"OVER $1,500",05/16/2017 11:00:00 AM,NOT APPLICABLE,NOT APPLICABLE,5341,W,ADAMS ST,1522.0,,,,,,,3,NO INDICATION OF INJURY,0.0,0.0,0.0,0.0,0.0,3.0,0.0,9,3,5,41.8783095882,-87.7591788451,POINT (-87.759178845136 41.878309588195)
61dd20f6fa3f5d0ccab13bb5d8380d1cec6969b078db6cdd6d614d6f520a46db5fdfe63b3f8569a2ab4d5fb9f085edbfba17f0662f8c130e02797f1d8eb0947b,JA473505,,10/16/2017 04:00:00 PM,30,NO CONTROLS,NO CONTROLS,CLEAR,DAYLIGHT,ANGLE,NOT DIVIDED,2.0,STRAIGHT AND LEVEL,DRY,NO DEFECTS,NOT ON SCENE (DESK REPORT),NO INJURY / DRIVE AWAY,,,,"OVER $1,500",10/16/2017 04:35:00 PM,IMPROPER BACKING,IMPROPER BACKING,10820,S,DOTY AVE E,513.0,,,,,,,2,NO INDICATION OF INJURY,0.0,0.0,0.0,0.0,0.0,2.0,0.0,16,2,10,41.6975585225,-87.5950551733,POINT (-87.595055173305 41.697558522466)
d8e49eac2e5660c0dca63b3ea4f5af89026a4ebe2653b9550d17e832e9c8857d15722a56f079c50c017809328f96da33cd456cf5b297283870a15de937068468,JD127304,,01/24/2020 04:25:00 PM,30,STOP SIGN/FLASHER,FUNCTIONING PROPERLY,RAIN,DUSK,ANGLE,FOUR WAY,,STRAIGHT AND LEVEL,WET,UNKNOWN,ON SCENE,INJURY AND / OR TOW DUE TO CRASH,Y,,Y,"OVER $1,500",01/24/2020 04:28:00 PM,FAILING TO YIELD RIGHT-OF-WAY,FAILING TO YIELD RIGHT-OF-WAY,6431,W,FOSTER AVE,1613.0,,Y,,,,,2,NO INDICATION OF INJURY,0.0,0.0,0.0,0.0,0.0,2.0,0.0,16,6,1,41.9755330051,-87.7890227507,POINT (-87.789022750707 41.975533005149)
67cd016ff0bed9930f79bd11f91144cc1f1fdade93486bf7c36a1b40c4068c750b93257d9cfff01fe20cbc98d8e277c72c889fa0a9df8680010d50ad005041e8,JG289837,,06/06/2023 01:55:00 AM,30,TRAFFIC SIGNAL,FUNCTIONING PROPERLY,CLEAR,DARKNESS,REAR END,TRAFFIC ROUTE,,STRAIGHT AND LEVEL,DRY,NO DEFECTS,ON SCENE,INJURY AND / OR TOW DUE TO CRASH,,,,"OVER $1,500",06/06/2023 02:08:00 AM,UNABLE TO DETERMINE,NOT APPLICABLE,5463,S,ASHLAND AVE,934.0,,,,,,,3,INCAPACITATING INJURY,1.0,0.0,1.0,0.0,0.0,2.0,0.0,1,3,6,41.7941186462,-87.6644384439,POINT (-87.664438443865 41.794118646229)
90cba9d74bb334ef23bd8293a48d69179cdaec2f3bc32072d0b7aaac19eb5aec81691822b058365179814524e1bb9a750be531fdf2ef63c850d4f06ef967d5b1,JC256622,,05/09/2019 05:40:00 PM,30,NO CONTROLS,NO CONTROLS,CLEAR,DAYLIGHT,PEDALCYCLIST,NOT DIVIDED,,STRAIGHT AND LEVEL,DRY,UNKNOWN,ON SCENE,INJURY AND / OR TOW DUE TO CRASH,,,,$500 OR LESS,05/09/2019 05:47:00 PM,FAILING TO YIELD RIGHT-OF-WAY,NOT APPLICABLE,3015,N,HALSTED ST,1934.0,,,,,,,2,NONINCAPACITATING INJURY,1.0,0.0,0.0,1.0,0.0,1.0,0.0,17,5,5,41.9368500362,-87.6490114857,POINT (-87.649011485747 41.936850036153)
b1356ea9407d6c25ea51ebc0eadc6d2ced3c7b6c81707cbcc4e1e13df442f5a21058aed93cd4b2a734ca47bb71fbc8ac4b3e5872a283d4139dd78c48cd588e9d,JF431306,,10/12/2022 07:45:00 AM,30,STOP SIGN/FLASHER,FUNCTIONING PROPERLY,RAIN,DAYLIGHT,TURNING,NOT DIVIDED,,STRAIGHT AND LEVEL,WET,NO DEFECTS,NOT ON SCENE (DESK REPORT),NO INJURY / DRIVE AWAY,N,,,"$501 - $1,500",10/12/2022 08:00:00 AM,FAILING TO YIELD RIGHT-OF-WAY,UNABLE TO DETERMINE,500,W,26TH ST,914.0,,,,,,,2,NO INDICATION OF INJURY,0.0,0.0,0.0,0.0,0.0,2.0,0.0,7,4,10,41.8455233093,-87.6400371588,POINT (-87.640037158826 41.845523309324)
9a305482bb1ee381ae0b0c3f7f20e9702bf7c5f2c6c70f2e2cd0188a64498a24b23ff2ed56ad336b9e7ccc10b06ce39a99da8b149a589147fbc490cad5cd0c32,HZ362797,,07/24/2016 07:45:00 PM,30,NO CONTROLS,NO CONTROLS,RAIN,DUSK,PARKED MOTOR VEHICLE,NOT DIVIDED,4.0,STRAIGHT AND LEVEL,WET,NO DEFECTS,NOT ON SCENE (DESK REPORT),NO INJURY / DRIVE AWAY,,,,"OVER $1,500",07/24/2016 08:40:00 PM,UNABLE TO DETERMINE,NOT APPLICABLE,3141,W,MADISON ST,1124.0,,,,,,,2,NO INDICATION OF INJURY,0.0,0.0,0.0,0.0,0.0,1.0,0.0,19,1,7,41.8808810923,-87.7046391997,POINT (-87.704639199749 41.880881092323)
f1e29442eefd345b77da7bd62ccd7a0a53075cd4de403357a82788fb0cc42c315326c892b84726b8a9fe003f88f88baf75ef4dbca1b4248d790818442df3469b,JC320907,,06/25/2019 08:30:00 AM,30,TRAFFIC SIGNAL,FUNCTIONING PROPERLY,CLEAR,DAYLIGHT,SIDESWIPE SAME DIRECTION,NOT DIVIDED,,STRAIGHT AND LEVEL,DRY,NO DEFECTS,NOT ON SCENE (DESK REPORT),NO INJURY / DRIVE AWAY,Y,,,"OVER $1,500",06/25/2019 09:00:00 AM,IMPROPER TURNING/NO SIGNAL,FAILING TO YIELD RIGHT-OF-WAY,4391,N,LARAMIE AVE,1624.0,,,,,,,2,NO INDICATION OF INJURY,0.0,0.0,0.0,0.0,0.0,2.0,0.0,8,3,6,41.9605567735,-87.7572382368,POINT (-87.757238236813 41.960556773498)
d646e87d04b257bd663af5a25435922cef6325fd6d7e4dd05aa950b9ad9989f6bcc0619800abe1b5b2b98d89464d021153ecf8c5a4847f5d0446801f7b250d26,JF425731,,10/07/2022 03:20:00 PM,30,NO CONTROLS,NO CONTROLS,CLEAR,DAYLIGHT,REAR END,NOT DIVIDED,,STRAIGHT AND LEVEL,DRY,NO DEFECTS,ON SCENE,NO INJURY / DRIVE AWAY,,,,$500 OR LESS,10/07/2022 03:31:00 PM,FOLLOWING TOO CLOSELY,NOT APPLICABLE,7399,S,LOOMIS BLVD,734.0,,,,,,,2,NO INDICATION OF INJURY,0.0,0.0,0.0,0.0,0.0,3.0,0.0,15,6,10,41.7595712567,-87.6586798904,POINT (-87.658679890359 41.759571256726)
ddb157426968dc991d9f7993da62b0fbbaf2d3f18e8c1071b017007ff12a90e35c68c3603f7248776a3ffb375623275125f58833d4b95b01db21518c3676eddc,JG431733,,09/20/2023 12:01:00 PM,30,TRAFFIC SIGNAL,NO CONTROLS,CLEAR,DAYLIGHT,PARKED MOTOR VEHICLE,NOT DIVIDED,,STRAIGHT AND LEVEL,DRY,NO DEFECTS,ON SCENE,INJURY AND / OR TOW DUE TO CRASH,,,,"OVER $1,500",09/20/2023 12:09:00 PM,IMPROPER LANE USAGE,NOT APPLICABLE,3433,W,MADISON ST,1123.0,,,,,,,2,NO INDICATION OF INJURY,0.0,0.0,0.0,0.0,0.0,2.0,0.0,12,4,9,41.8807906852,-87.7124287832,POINT (-87.712428783212 41.880790685199)
f817c9af15b8408c12c7e1b5efd2ea2b90907f263187d63b21c972f063e07d11d4ea960ceec522a89e4976d2c64ee0a3ada441c9f6a6d98047dc76e07f998f18,JC377712,Y,08/04/2019 05:03:00 AM,30,TRAFFIC SIGNAL,FUNCTIONING PROPERLY,CLEAR,"DARKNESS, LIGHTED ROAD",SIDESWIPE SAME DIRECTION,DIVIDED - W/MEDIAN BARRIER,,STRAIGHT AND LEVEL,DRY,NO DEFECTS,ON SCENE,NO INJURY / DRIVE AWAY,N,,,$500 OR LESS,08/04/2019 05:06:00 AM,IMPROPER OVERTAKING/PASSING,ROAD CONSTRUCTION/MAINTENANCE,11449,S,HALSTED ST,2233.0,,,,,,,2,NO INDICATION OF INJURY,0.0,0.0,0.0,0.0,0.0,7.0,0.0,5,1,8,41.685458811,-87.6420167738,POINT (-87.642016773758 41.685458811029)
aa376125a97a5a9ae5ae772f8c7e57db5bbbaa5895f1ab073c707773f83074a5b1e62f86904d4e0be4a8d0953576270991aa0a906c821c9de337aed09e30c3a5,JF406715,,09/22/2022 09:15:00 AM,30,TRAFFIC SIGNAL,FUNCTIONING PROPERLY,CLEAR,DAYLIGHT,PEDALCYCLIST,FOUR WAY,,STRAIGHT AND LEVEL,DRY,NO DEFECTS,NOT ON SCENE (DESK REPORT),INJURY AND / OR TOW DUE TO CRASH,Y,,Y,$500 OR LESS,09/22/2022 05:10:00 PM,UNABLE TO DETERMINE,UNABLE TO DETERMINE,5001,W,FULLERTON AVE,2522.0,,,,,,,2,NONINCAPACITATING INJURY,1.0,0.0,0.0,1.0,0.0,1.0,0.0,9,5,9,41.9240639889,-87.7513481518,POINT (-87.751348151764 41.924063988935)
228cb73938625e0c3f8b5d75ad8979eaf09a6436bad1f2b4a2d2f637165ebb2a753338b2375d5a861f36000857166918e78c6aba26cfd6e844c079e79b7e26f9,JC395687,,08/16/2019 02:00:00 PM,30,NO CONTROLS,NO CONTROLS,CLEAR,DAYLIGHT,SIDESWIPE SAME DIRECTION,ONE-WAY,,STRAIGHT AND LEVEL,DRY,NO DEFECTS,NOT ON SCENE (DESK REPORT),NO INJURY / DRIVE AWAY,,,,"$501 - $1,500",08/16/2019 11:50:00 PM,IMPROPER OVERTAKING/PASSING,NOT APPLICABLE,127,W,HURON ST,1832.0,,,,,,,2,NO INDICATION OF INJURY,0.0,0.0,0.0,0.0,0.0,2.0,0.0,14,6,8,41.8947061837,-87.6324222917,POINT (-87.632422291701 41.894706183704)
0d013c9a6e4c9e6db118096db9188fb230584ed6caac8d45a797cba24668cd7470ee3e869fd724cd686e8f22de59f8597badc4c8102a8fc7c45eb06c67d6dbb6,JC273580,,05/22/2019 12:20:00 PM,30,NO CONTROLS,NO CONTROLS,CLEAR,DAYLIGHT,SIDESWIPE SAME DIRECTION,NOT DIVIDED,,STRAIGHT AND LEVEL,DRY,NO DEFECTS,ON SCENE,NO INJURY / DRIVE AWAY,,,,"OVER $1,500",05/22/2019 12:20:00 PM,IMPROPER TURNING/NO SIGNAL,NOT APPLICABLE,2731,W,26TH ST,1034.0,,,,,,,2,NO INDICATION OF INJURY,0.0,0.0,0.0,0.0,0.0,2.0,0.0,12,4,5,41.8445993295,-87.6940288433,POINT (-87.694028843288 41.844599329481)
8ecac1f9327276674264280a2470687757b7c875b66bf96629f908f7b85a29c73d5284fd61fd4c092451bc5e2e2ee951d87cb0564968648484ef2373d16be462,JF409060,,09/24/2022 03:00:00 PM,30,TRAFFIC SIGNAL,FUNCTIONING PROPERLY,CLOUDY/OVERCAST,DAYLIGHT,REAR END,NOT DIVIDED,,STRAIGHT AND LEVEL,DRY,NO DEFECTS,NOT ON SCENE (DESK REPORT),NO INJURY / DRIVE AWAY,,,,"OVER $1,500",09/24/2022 03:50:00 PM,UNABLE TO DETERMINE,UNABLE TO DETERMINE,10,N,WELLS ST,122.0,,,,,,,2,NO INDICATION OF INJURY,0.0,0.0,0.0,0.0,0.0,2.0,0.0,15,7,9,41.88218328,-87.6339826897,POINT (-87.633982689714 41.882183279993)
200c8b4020ed6dbae82cec8a3d526c5909d523eb9bd06671777f316a8369c3455959f3c73d08f1a50e74d16713f9a1c5ec08c67d709afdf37d0a66e0347d3b05,HZ527184,,11/23/2016 07:45:00 PM,30,NO CONTROLS,NO CONTROLS,RAIN,DUSK,TURNING,DIVIDED - W/MEDIAN (NOT RAISED),2.0,STRAIGHT AND LEVEL,WET,NO DEFECTS,NOT ON SCENE (DESK REPORT),NO INJURY / DRIVE AWAY,,,,$500 OR LESS,11/23/2016 08:06:00 PM,FOLLOWING TOO CLOSELY,FAILING TO REDUCE SPEED TO AVOID CRASH,600,S,STATE ST,123.0,,,,,,,2,NO INDICATION OF INJURY,0.0,0.0,0.0,0.0,0.0,2.0,0.0,19,4,11,41.8745414387,-87.6277577872,POINT (-87.627757787189 41.874541438718)
299c88b97e2546654f25ca59f42e370a6279cfdbe77ee3f0bad32374eabcfd923d9b070ba1f2dc3385c43c2eac02b2fbf6bbce47c5d46ebb4a3003377f2eaba6,JF338132,,07/31/2022 12:35:00 AM,35,TRAFFIC SIGNAL,FUNCTIONING PROPERLY,CLEAR,"DARKNESS, LIGHTED ROAD",ANGLE,FOUR WAY,,STRAIGHT AND LEVEL,DRY,NO DEFECTS,ON SCENE,INJURY AND / OR TOW DUE TO CRASH,Y,,Y,"OVER $1,500",07/31/2022 12:39:00 AM,DISREGARDING TRAFFIC SIGNALS,UNABLE TO DETERMINE,5058,W,WASHINGTON BLVD,1532.0,,,,,,,2,NO INDICATION OF INJURY,0.0,0.0,0.0,0.0,0.0,2.0,0.0,0,1,7,41.8818322554,-87.7525479972,POINT (-87.752547997178 41.881832255381)
eb321990ffb9a7a2c978dcbed443348678e031ebfea0b217814be86ee42120f836b84f865a544119d1c0c5b3e6135c8789a82e4bbfe9bee34033a2b1a64c3a4f,JE402780,,10/08/2021 01:45:00 PM,30,NO CONTROLS,NO CONTROLS,CLEAR,DAYLIGHT,REAR END,NOT DIVIDED,,STRAIGHT AND LEVEL,DRY,NO DEFECTS,NOT ON SCENE (DESK REPORT),INJURY AND / OR TOW DUE TO CRASH,,,Y,"OVER $1,500",10/08/2021 03:15:00 PM,FOLLOWING TOO CLOSELY,NOT APPLICABLE,4400,S,CICERO AVE,814.0,,,,,,,3,NO INDICATION OF INJURY,0.0,0.0,0.0,0.0,0.0,3.0,0.0,13,6,10,41.8130030396,-87.7434499256,POINT (-87.74344992557 41.813003039629)
590c0bebf34c7eed8673edef06d70e0132c6d26a625b8ecf31c7c61e4b58f49acafe64ff01fe7896c3b58785af6b4d073378824752b32b9ef481c763977f6387,JD199108,,03/31/2020 04:04:00 PM,5,NO CONTROLS,NO CONTROLS,CLEAR,DAYLIGHT,PEDESTRIAN,RAMP,,CURVE ON HILLCREST,DRY,NO DEFECTS,ON SCENE,INJURY AND / OR TOW DUE TO CRASH,,Y,,$500 OR LESS,03/31/2020 04:04:00 PM,UNABLE TO DETERMINE,NOT APPLICABLE,50,E,OHIO ST,1834.0,,,,,,,2,INCAPACITATING INJURY,1.0,0.0,1.0,0.0,0.0,1.0,0.0,16,3,3,41.89261824,-87.6261603485,POINT (-87.626160348476 41.892618240004)
b3379608c561a7fe5e4f2a72a3f799ba42ff2854fb2428ae7a9898f49c74af2655a4933654fff0b08b2288e3e8bea71dd7416499c64f34fc4b385b7c4feb36ac,JE382052,,09/21/2021 12:00:00 PM,15,NO CONTROLS,NO CONTROLS,OTHER,"DARKNESS, LIGHTED ROAD",ANGLE,NOT REPORTED,,STRAIGHT AND LEVEL,DRY,NO DEFECTS,NOT ON SCENE (DESK REPORT),NO INJURY / DRIVE AWAY,,,,"OVER $1,500",09/21/2021 01:10:00 PM,FAILING TO YIELD RIGHT-OF-WAY,FAILING TO REDUCE SPEED TO AVOID CRASH,25,N,MICHIGAN AVE,114.0,,,,,,,2,NO INDICATION OF INJURY,0.0,0.0,0.0,0.0,0.0,2.0,0.0,12,3,9,41.882670497,-87.6242415386,POINT (-87.624241538569 41.882670496958)
e90c2ebcdf4ee3f3d0c183591ec5d511a756bda5644544e0151cbc477a21cda9ba9422868b3a8d440ad23b16e691c6fb9504ceb1e896c1f82cd8197f9bf66739,JE130960,,02/03/2021 07:55:00 AM,30,TRAFFIC SIGNAL,FUNCTIONING PROPERLY,CLEAR,DAYLIGHT,ANGLE,FOUR WAY,,STRAIGHT AND LEVEL,DRY,NO DEFECTS,ON SCENE,INJURY AND / OR TOW DUE TO CRASH,Y,,Y,"OVER $1,500",02/03/2021 07:57:00 AM,UNABLE TO DETERMINE,UNABLE TO DETERMINE,1632,E,HAYES DR,331.0,,,,,,,2,NO INDICATION OF INJURY,0.0,0.0,0.0,0.0,0.0,2.0,0.0,7,4,2,41.7807432304,-87.5846540136,POINT (-87.584654013631 41.780743230431)
928ecaa6de1fa80110ae929cee8e0553e13c75b1d56918123864d054c9bbc8b349a3c4c1a9ba805a26d6f4cc757d6cfd819015fb4ff6a2e856fb9ec95069d677,JA565891,,12/24/2017 06:50:00 PM,30,NO CONTROLS,NO CONTROLS,SNOW,"DARKNESS, LIGHTED ROAD",OTHER OBJECT,UNKNOWN,2.0,STRAIGHT AND LEVEL,SNOW OR SLUSH,"RUT, HOLES",NOT ON SCENE (DESK REPORT),INJURY AND / OR TOW DUE TO CRASH,,,,"$501 - $1,500",12/28/2017 04:00:00 PM,ROAD ENGINEERING/SURFACE/MARKING DEFECTS,NOT APPLICABLE,600,N,ORLEANS ST,1831.0,,,,,,,1,NO INDICATION OF INJURY,0.0,0.0,0.0,0.0,0.0,1.0,0.0,18,1,12,41.8924106658,-87.63720268,POINT (-87.637202679986 41.892410665824)
f312ecf074783beb0a6943c2ca2550531a9d0a25404f0368f23210e54471ac5026ede801d9dd60979c7cf975f95aece190a29e0f17cf1691cd006f3ef3a35a3d,JD346753,,08/27/2020 09:25:00 AM,15,NO CONTROLS,NO CONTROLS,CLEAR,DAYLIGHT,PARKED MOTOR VEHICLE,ALLEY,,STRAIGHT AND LEVEL,DRY,NO DEFECTS,ON SCENE,NO INJURY / DRIVE AWAY,,,,$500 OR LESS,08/27/2020 09:26:00 AM,NOT APPLICABLE,NOT APPLICABLE,5034,S,KILPATRICK AVE,815.0,,,,,,,2,NO INDICATION OF INJURY,0.0,0.0,0.0,0.0,0.0,2.0,0.0,9,5,8,41.8011240277,-87.7406815319,POINT (-87.740681531869 41.801124027722)
a188d618de0f2e38afc2f7aada43f708c61925570e96e945cd2316cf1b0a1b27ecd8c3fcfafaca6583ee055b554476f6b4edb38fec25d244f18f3b056c3afd11,HY491335,,11/06/2015 08:35:00 AM,30,NO CONTROLS,NO CONTROLS,CLEAR,DAYLIGHT,SIDESWIPE SAME DIRECTION,DIVIDED - W/MEDIAN (NOT RAISED),2.0,STRAIGHT AND LEVEL,UNKNOWN,UNKNOWN,NOT ON SCENE (DESK REPORT),NO INJURY / DRIVE AWAY,,,,$500 OR LESS,11/06/2015 10:20:00 AM,UNABLE TO DETERMINE,UNABLE TO DETERMINE,736,N,CENTRAL AVE,1511.0,,,,,,,2,NO INDICATION OF INJURY,0.0,0.0,0.0,0.0,0.0,2.0,0.0,8,6,11,41.8940605373,-87.7655112949,POINT (-87.765511294863 41.894060537309)
c7d48ef12ed736e8bd7986ef3dd86482b769436f37400b20ab25c054e7aa9aca3da4267a08ac5c754eabfaecdbb8b11d957b0abe10d1136ee34bf5a4309dcfdc,JD205480,,04/06/2020 01:00:00 PM,30,NO CONTROLS,NO CONTROLS,CLEAR,DAYLIGHT,PARKED MOTOR VEHICLE,NOT DIVIDED,,STRAIGHT AND LEVEL,UNKNOWN,NO DEFECTS,NOT ON SCENE (DESK REPORT),NO INJURY / DRIVE AWAY,,,Y,"OVER $1,500",04/09/2020 02:14:00 PM,UNABLE TO DETERMINE,NOT APPLICABLE,1300,W,LAKE ST,1215.0,,,,,,,2,NO INDICATION OF INJURY,0.0,0.0,0.0,0.0,0.0,1.0,0.0,13,2,4,41.88558042,-87.6589569108,POINT (-87.658956910752 41.885580420009)
557dae5ffa85019831e4d8fa527596cff610094ad5836e316da231c6f52ee7b7a02e3a674e6e3383ec2144baf64fbd965d812f875b49fafb25389566bcdac289,JB255344,,05/08/2018 02:50:00 PM,5,NO CONTROLS,NO CONTROLS,CLEAR,DAYLIGHT,FIXED OBJECT,PARKING LOT,1.0,"CURVE, LEVEL",DRY,WORN SURFACE,ON SCENE,INJURY AND / OR TOW DUE TO CRASH,,,,"OVER $1,500",05/08/2018 02:50:00 PM,"EVASIVE ACTION DUE TO ANIMAL, OBJECT, NONMOTORIST",NOT APPLICABLE,513,W,72ND ST,732.0,,,,,,,1,"REPORTED, NOT EVIDENT",1.0,0.0,0.0,0.0,1.0,1.0,0.0,14,3,5,41.7633746482,-87.637620096,POINT (-87.637620096011 41.76337464825)
9d438ebf76df9e914fb981d571cadb4f2bda2e49ff9343c0e41584c76e993f8ad6c38b0940878d3dbcea6394bf39484a41edfe122d1d2d761fd2a55f6250e674,JE315654,,07/27/2021 07:46:00 AM,30,TRAFFIC SIGNAL,FUNCTIONING PROPERLY,CLEAR,DAYLIGHT,REAR END,NOT DIVIDED,,STRAIGHT AND LEVEL,DRY,NO DEFECTS,ON SCENE,NO INJURY / DRIVE AWAY,,,,$500 OR LESS,07/27/2021 07:47:00 AM,FAILING TO REDUCE SPEED TO AVOID CRASH,NOT APPLICABLE,4401,W,ROOSEVELT RD,1011.0,,,,,,,2,NO INDICATION OF INJURY,0.0,0.0,0.0,0.0,0.0,3.0,0.0,7,3,7,41.8659213741,-87.7350838422,POINT (-87.735083842195 41.865921374106)
999d361c031fee2525ba629ead837365b6dec6f361f4cc6c3723e2d744f8a28642a4cb07a46c2bca9182c5dda8155ac8221b4e98476e6915f10975fc09c953df,HZ241471,,04/26/2016 12:31:00 AM,25,UNKNOWN,UNKNOWN,UNKNOWN,UNKNOWN,FIXED OBJECT,UNKNOWN,,STRAIGHT AND LEVEL,UNKNOWN,UNKNOWN,NOT ON SCENE (DESK REPORT),NO INJURY / DRIVE AWAY,,Y,Y,$500 OR LESS,04/26/2016 08:24:00 PM,NOT APPLICABLE,NOT APPLICABLE,5958,S,KOMENSKY AVE,813.0,,,,,,,1,NO INDICATION OF INJURY,0.0,0.0,0.0,0.0,0.0,1.0,0.0,0,3,4,41.7841872359,-87.7242843021,POINT (-87.724284302115 41.784187235884)