CRASH_RECORD_ID,RD_NO,CRASH_DATE_EST_I,CRASH_DATE,POSTED_SPEED_LIMIT,TRAFFIC_CONTROL_DEVICE,DEVICE_CONDITION,WEATHER_CONDITION,LIGHTING_CONDITION,FIRST_CRASH_TYPE,TRAFFICWAY_TYPE,LANE_CNT,ALIGNMENT,ROADWAY_SURFACE_COND,ROAD_DEFECT,REPORT_TYPE,CRASH_TYPE,INTERSECTION_RELATED_I,NOT_RIGHT_OF_WAY_I,HIT_AND_RUN_I,DAMAGE,DATE_POLICE_NOTIFIED,PRIM_CONTRIBUTORY_CAUSE,SEC_CONTRIBUTORY_CAUSE,STREET_NO,STREET_DIRECTION,STREET_NAME,BEAT_OF_OCCURRENCE,PHOTOS_TAKEN_I,STATEMENTS_TAKEN_I,DOORING_I,WORK_ZONE_I,WORK_ZONE_TYPE,WORKERS_PRESENT_I,NUM_UNITS,MOST_SEVERE_INJURY,INJURIES_TOTAL,INJURIES_FATAL,INJURIES_INCAPACITATING,INJURIES_NON_INCAPACITATING,INJURIES_REPORTED_NOT_EVIDENT,INJURIES_NO_INDICATION,INJURIES_UNKNOWN,CRASH_HOUR,CRASH_DAY_OF_WEEK,CRASH_MONTH,LATITUDE,LONGITUDE,LOCATION
e2185c730e1f87f92d8b21b015473432a15bd32c862afc6de9b9a9da5e8b448029dc4d82ba5a749375604a117bfa681d2692ad9656479a95062fb6c3e9eb86a5,JB492555,,10/27/2018 02:00:00 PM,30,NO CONTROLS,NO CONTROLS,CLEAR,DAYLIGHT,PARKED MOTOR VEHICLE,NOT DIVIDED,4.0,STRAIGHT AND LEVEL,DRY,NO DEFECTS,NOT ON SCENE (DESK REPORT),NO INJURY / DRIVE AWAY,,,Y,"OVER $1,500",10/27/2018 05:00:00 PM,UNABLE TO DETERMINE,UNABLE TO DETERMINE,850,E,64TH PL,312.0,,,,,,,2,NO INDICATION OF INJURY,0.0,0.0,0.0,0.0,0.0,1.0,0.0,14,7,10,41.7778184315,-87.6038742211,POINT (-87.603874221138 41.777818431546)
0efc58344e5f3026e0059200deebedd08d8cbfa3e70b32bd66c9a5cbacf7445c0f8e9a3ac673870f2515a14d5962c16bf3084f02150e262bebeaeb20df1f5347,JE354244,,08/29/2021 11:40:00 AM,30,TRAFFIC SIGNAL,FUNCTIONING PROPERLY,CLEAR,DAYLIGHT,TURNING,OTHER,,STRAIGHT AND LEVEL,DRY,NO DEFECTS,ON SCENE,INJURY AND / OR TOW DUE TO CRASH,Y,,Y,"OVER $1,500",08/29/2021 02:17:00 PM,UNABLE TO DETERMINE,DRIVING SKILLS/KNOWLEDGE/EXPERIENCE,365,E,63RD ST,312.0,,,,,,,2,NO INDICATION OF INJURY,0.0,0.0,0.0,0.0,0.0,2.0,0.0,11,1,8,41.7801157228,-87.6163165466,POINT (-87.616316546558 41.780115722796)
87077d485ab3b141d811ad4b0679bcaded2891511768ecdd626eb03b804b8ea2ec2a598022fa4c1d5cd99a704ee1edbedd00b022ca49e31468241c2cdd345227,JA334028,,07/04/2017 12:00:00 PM,15,NO CONTROLS,NO CONTROLS,CLEAR,DAYLIGHT,FIXED OBJECT,ALLEY,,STRAIGHT AND LEVEL,DRY,NO DEFECTS,NOT ON SCENE (DESK REPORT),NO INJURY / DRIVE AWAY,,Y,Y,"$501 - $1,500",07/04/2017 01:28:00 PM,DRIVING SKILLS/KNOWLEDGE/EXPERIENCE,UNABLE TO DETERMINE,4416,W,VAN BUREN ST,1131.0,,Y,,,,,1,NO INDICATION OF INJURY,0.0,0.0,0.0,0.0,0.0,1.0,0.0,12,3,7,41.8752449972,-87.7360170049,POINT (-87.73601700485 41.875244997175)
9a7a62efe2816e0b69aca8878261f8af83894201a26ac0407de76b87aeaa25a1a357fcfcdcbdb283f9709267801651192c79338d1ca4dc00e3c53de09a288dbd,JA164195,,02/23/2017 08:00:00 AM,30,NO CONTROLS,NO CONTROLS,CLEAR,DAYLIGHT,PARKED MOTOR VEHICLE,NOT DIVIDED,2.0,STRAIGHT AND LEVEL,DRY,NO DEFECTS,,NO INJURY / DRIVE AWAY,,,,"$501 - $1,500",02/23/2017 09:13:00 AM,UNABLE TO DETERMINE,UNABLE TO DETERMINE,300,S,CLARK ST,122.0,,,,,,,2,NO INDICATION OF INJURY,0.0,0.0,0.0,0.0,0.0,1.0,0.0,8,5,2,41.8780825148,-87.6309303908,POINT (-87.630930390814 41.878082514793)
916d237ed4348e76b6d6d89c1dd637be16ecab873f8dbac777762128a0a5600e9746127250513b456d8994a9b72777c0600bf0a14bb400e984bd8da12f6ef635,JC350249,,07/15/2019 06:00:00 PM,30,NO CONTROLS,NO CONTROLS,CLEAR,DAYLIGHT,PARKED MOTOR VEHICLE,NOT DIVIDED,,STRAIGHT AND LEVEL,DRY,NO DEFECTS,ON SCENE,INJURY AND / OR TOW DUE TO CRASH,,,Y,"OVER $1,500",07/15/2019 06:21:00 PM,NOT APPLICABLE,NOT APPLICABLE,424,E,65TH ST,312.0,,,,,,,2,NO INDICATION OF INJURY,0.0,0.0,0.0,0.0,0.0,1.0,0.0,18,2,7,41.7767329923,-87.6144779761,POINT (-87.614477976061 41.776732992288)
ddf192f4d49aaf5f1a79b92ecc6b116f8b03f2244df246fc22d70262243f0707961b0818272abfe35337c241407758ff4e90713d229153a0fe81e0d8b1d38d94,JD316682,,07/31/2020 04:30:00 PM,30,STOP SIGN/FLASHER,FUNCTIONING PROPERLY,CLEAR,DAYLIGHT,ANGLE,FOUR WAY,,STRAIGHT AND LEVEL,DRY,NO DEFECTS,ON SCENE,NO INJURY / DRIVE AWAY,Y,,Y,"OVER $1,500",07/31/2020 06:30:00 PM,UNABLE TO DETERMINE,NOT APPLICABLE,401,E,82ND ST,631.0,,,,,,,2,NO INDICATION OF INJURY,0.0,0.0,0.0,0.0,0.0,2.0,0.0,16,6,7,41.7455285458,-87.6147837282,POINT (-87.614783728188 41.745528545782)
a9c1f19a57b082ac1b1c26759caf4e2f6ff744e2f0ec70d26477b72a7cb37590497ae4fde28a5b7bdb020d1aafbf163fd4fb618f4c304c91490e525bfe28cb5b,JF445279,,10/23/2022 12:04:00 AM,30,TRAFFIC SIGNAL,FUNCTIONING PROPERLY,CLEAR,"DARKNESS, LIGHTED ROAD",TURNING,FOUR WAY,,STRAIGHT AND LEVEL,DRY,NO DEFECTS,NOT ON SCENE (DESK REPORT),NO INJURY / DRIVE AWAY,Y,,,"OVER $1,500",10/23/2022 12:30:00 AM,PHYSICAL CONDITION OF DRIVER,UNABLE TO DETERMINE,426,N,LA SALLE DR,1831.0,,,,,,,2,NO INDICATION OF INJURY,0.0,0.0,0.0,0.0,0.0,2.0,0.0,0,1,10,41.8899617074,-87.6326935096,POINT (-87.632693509586 41.889961707405)
e0bb7e7a3ca726554720a86322423f7cb5d7f810a13e37f8798ca5b08e2e1ab8d20cc022c3d54a0b6d84d5a4089c67cc9c6d724f093101ec6aa1317dfaa0c7c9,JG444570,,09/30/2023 04:35:00 AM,30,NO CONTROLS,NO CONTROLS,CLEAR,"DARKNESS, LIGHTED ROAD",FIXED OBJECT,ONE-WAY,,STRAIGHT AND LEVEL,DRY,OTHER,ON SCENE,NO INJURY / DRIVE AWAY,,,,"OVER $1,500",09/30/2023 04:40:00 AM,ROAD CONSTRUCTION/MAINTENANCE,NOT APPLICABLE,231,E,SUPERIOR ST,1834.0,,,,,,,1,NO INDICATION OF INJURY,0.0,0.0,0.0,0.0,0.0,1.0,0.0,4,7,9,41.8956663142,-87.6215227259,POINT (-87.621522725867 41.895666314181)
6f42d58234513f2c099be8560c231bf3af8409b3d86a570d4d9cdf935916c227f600c62481ed2e327754ddca63a009cfc1e93ce7916b9facf89d1e0bbe3c6456,JB438473,,09/16/2018 09:45:00 PM,15,NO CONTROLS,NO CONTROLS,CLEAR,"DARKNESS, LIGHTED ROAD",PARKED MOTOR VEHICLE,PARKING LOT,,STRAIGHT AND LEVEL,DRY,NO DEFECTS,ON SCENE,NO INJURY / DRIVE AWAY,,,,"$501 - $1,500",09/16/2018 09:47:00 PM,IMPROPER BACKING,NOT APPLICABLE,10759,S,EWING AVE,432.0,,,,,,,2,NO INDICATION OF INJURY,0.0,0.0,0.0,0.0,0.0,1.0,0.0,21,1,9,41.6991936006,-87.5351347558,POINT (-87.535134755768 41.699193600626)
59c96b74740b108d2c85e24b871a61498e1113ac4cd686e0ce4ec0be01df500b104bd8a49a25bed8914850095cec97a0de7deea0de9588626c5a64005d3f0d51,JD112980,Y,01/11/2020 11:00:00 PM,35,NO CONTROLS,NO CONTROLS,SNOW,UNKNOWN,PARKED MOTOR VEHICLE,NOT DIVIDED,,STRAIGHT AND LEVEL,SNOW OR SLUSH,NO DEFECTS,ON SCENE,NO INJURY / DRIVE AWAY,,,Y,"$501 - $1,500",01/12/2020 11:15:00 AM,UNABLE TO DETERMINE,NOT APPLICABLE,3432,W,105TH ST,2211.0,,,,,,,2,NO INDICATION OF INJURY,0.0,0.0,0.0,0.0,0.0,1.0,0.0,23,7,1,41.70254454,-87.7073993878,POINT (-87.707399387804 41.702544540028)
c12a8ebdee21b75d484132a7db1cb082b0bc9f58568c1fb7abea8b426a4ed1d4271fca56c4cc18429d74cd57307c885cde574629a0001659f9279fc110438897,JA393271,,08/16/2017 10:25:00 AM,30,TRAFFIC SIGNAL,FUNCTIONING PROPERLY,CLEAR,DAYLIGHT,TURNING,NOT DIVIDED,,STRAIGHT AND LEVEL,DRY,UNKNOWN,ON SCENE,NO INJURY / DRIVE AWAY,Y,,,"OVER $1,500",08/16/2017 10:45:00 AM,UNABLE TO DETERMINE,NOT APPLICABLE,799,N,HALSTED ST,1214.0,,,,,,,2,NO INDICATION OF INJURY,0.0,0.0,0.0,0.0,0.0,2.0,0.0,10,4,8,41.8963846835,-87.6475974833,POINT (-87.647597483287 41.896384683474)
b73c885abfc789fdb2b00a3c9b11d32e541d8e4bae1c1ce5e73b98c7d745fae2d8909c9819a32ccb2f90af729cdf3d3b17a1d909e9290ffe5263ad155671217c,JA468744,,10/12/2017 04:48:00 PM,35,STOP SIGN/FLASHER,FUNCTIONING PROPERLY,CLEAR,DAYLIGHT,TURNING,NOT DIVIDED,,STRAIGHT AND LEVEL,DRY,NO DEFECTS,ON SCENE,INJURY AND / OR TOW DUE TO CRASH,,,,"OVER $1,500",10/12/2017 05:00:00 PM,IMPROPER TURNING/NO SIGNAL,EXCEEDING AUTHORIZED SPEED LIMIT,7505,S,NORMAL AVE,621.0,,,,,,,2,NO INDICATION OF INJURY,0.0,0.0,0.0,0.0,0.0,2.0,0.0,16,5,10,41.7578167567,-87.6363549375,POINT (-87.636354937469 41.757816756729)
d6649204a847ca1723d7deea9140e9ba85f726fa2fb254fcce3dceb17e2d7d5ddc394d536b18dca1bef792ca84cada8d88ff3c051b9fe93e86f2436b3f056285,JE208318,,04/23/2021 11:10:00 PM,45,NO CONTROLS,NO CONTROLS,CLEAR,"DARKNESS, LIGHTED ROAD",SIDESWIPE SAME DIRECTION,DIVIDED - W/MEDIAN BARRIER,,STRAIGHT AND LEVEL,DRY,NO DEFECTS,ON SCENE,INJURY AND / OR TOW DUE TO CRASH,,,Y,"$501 - $1,500",04/23/2021 11:44:00 PM,FAILING TO REDUCE SPEED TO AVOID CRASH,NOT APPLICABLE,3133,S,LAKE SHORE DR NB,211.0,,,,,,,2,NO INDICATION OF INJURY,0.0,0.0,0.0,0.0,0.0,2.0,0.0,23,6,4,41.8371308855,-87.6077590729,POINT (-87.607759072907 41.837130885517)
0c03a8031d56c6ebe5ecf90306efc19a3ff40228b3aaa6732634db99f4d2043fef9cff8f5836dc524b9604b4335e9ba50ad86f98beb3755fd1ee80f7e22d68f7,JF257278,,05/26/2022 09:05:00 PM,15,STOP SIGN/FLASHER,NO CONTROLS,CLEAR,"DARKNESS, LIGHTED ROAD",TURNING,ONE-WAY,,STRAIGHT AND LEVEL,WET,NO DEFECTS,NOT ON SCENE (DESK REPORT),NO INJURY / DRIVE AWAY,Y,,Y,"OVER $1,500",05/27/2022 07:00:00 AM,DRIVING ON WRONG SIDE/WRONG WAY,DRIVING ON WRONG SIDE/WRONG WAY,8900,S,NORMAL AVE,2223.0,,,,,,,2,NO INDICATION OF INJURY,0.0,0.0,0.0,0.0,0.0,2.0,0.0,21,5,5,41.7325062322,-87.6363682726,POINT (-87.636368272583 41.732506232166)
db344b2a565e96b89c0cea9b5f8f827161248106f6e843dfd0baf1258b11251ae89cbff429468def8eb89923e4bfd5f8f9f2d505e59c04800340c4a3294dd893,JC521451,,11/23/2019 11:16:00 AM,30,NO CONTROLS,NO CONTROLS,CLEAR,DAYLIGHT,PARKED MOTOR VEHICLE,PARKING LOT,,STRAIGHT AND LEVEL,DRY,NO DEFECTS,ON SCENE,NO INJURY / DRIVE AWAY,,,,"OVER $1,500",11/23/2019 11:16:00 AM,DRIVING SKILLS/KNOWLEDGE/EXPERIENCE,NOT APPLICABLE,6718,N,CLARK ST,2432.0,,,,,,,2,NO INDICATION OF INJURY,0.0,0.0,0.0,0.0,0.0,1.0,0.0,11,7,11,42.0040374421,-87.6728118043,POINT (-87.672811804256 42.004037442149)
a6b2506969b6737961f18b1b7a8f0f4de1bd5da6906152adc5c76d1a9141c6276266666f8063619f13d089d8db4417f939df5806cf05c09f671aa0edae4ade72,JD374479,,09/21/2020 12:13:00 PM,30,STOP SIGN/FLASHER,OTHER,CLEAR,DAYLIGHT,HEAD ON,NOT DIVIDED,,STRAIGHT AND LEVEL,DRY,NO DEFECTS,NOT ON SCENE (DESK REPORT),NO INJURY / DRIVE AWAY,Y,,,"$501 - $1,500",09/21/2020 01:30:00 PM,IMPROPER TURNING/NO SIGNAL,IMPROPER TURNING/NO SIGNAL,334,E,134TH ST,533.0,,,,,,,2,NO INDICATION OF INJURY,0.0,0.0,0.0,0.0,0.0,5.0,0.0,12,2,9,41.6519432635,-87.6140445198,POINT (-87.614044519793 41.651943263501)
d10b6cbeb0a6eb0ef5598ced4fe1f1302934bfb8fa84778c068db81896f624d76e90ce30f3ac856c5752393259a00f547464086403e2ab60f8b9256eeeb46a42,JB522683,,11/16/2018 06:30:00 PM,30,NO CONTROLS,NO CONTROLS,CLEAR,DARKNESS,SIDESWIPE SAME DIRECTION,NOT DIVIDED,2.0,STRAIGHT AND LEVEL,DRY,NO DEFECTS,NOT ON SCENE (DESK REPORT),NO INJURY / DRIVE AWAY,,,,"OVER $1,500",11/20/2018 10:00:00 AM,UNABLE TO DETERMINE,NOT APPLICABLE,6340,N,BROADWAY,2433.0,,,,,,,2,NO INDICATION OF INJURY,0.0,0.0,0.0,0.0,0.0,2.0,0.0,18,6,11,41.9975905579,-87.6606391227,POINT (-87.660639122729 41.997590557921)
85725a936a1ae328ddb8f9b293076e6df75690a4f48298c991b7a5099578341ec43809dde1505d75fa904625b24daf8226c1726e1c015c0cee97f141bc6f6206,JE242701,,05/25/2021 05:53:00 PM,30,NO CONTROLS,NO CONTROLS,CLEAR,DAYLIGHT,SIDESWIPE SAME DIRECTION,NOT DIVIDED,,STRAIGHT AND LEVEL,DRY,NO DEFECTS,NOT ON SCENE (DESK REPORT),NO INJURY / DRIVE AWAY,,,,"OVER $1,500",05/25/2021 06:20:00 PM,IMPROPER LANE USAGE,NOT APPLICABLE,230,S,KEDZIE AVE,1124.0,,,,,,,2,NO INDICATION OF INJURY,0.0,0.0,0.0,0.0,0.0,2.0,0.0,17,3,5,41.8773757213,-87.7061634995,POINT (-87.706163499456 41.877375721286)
b70c809be46833938c4b0e0fa49193d495ca502049b982ce4aff0c720c7b2c39ab24b3b30836124ca1287a6f10738f597c74361ff314e75d31682da2b80ec330,JE456484,,11/25/2021 04:45:00 AM,30,NO CONTROLS,NO CONTROLS,UNKNOWN,UNKNOWN,HEAD ON,UNKNOWN INTERSECTION TYPE,,STRAIGHT AND LEVEL,UNKNOWN,UNKNOWN,NOT ON SCENE (DESK REPORT),NO INJURY / DRIVE AWAY,,,Y,"OVER $1,500",11/25/2021 07:15:00 AM,UNABLE TO DETERMINE,UNABLE TO DETERMINE,3110,N,MILWAUKEE AVE,2523.0,,,,,,,2,NO INDICATION OF INJURY,0.0,0.0,0.0,0.0,0.0,2.0,0.0,4,5,11,41.9374223188,-87.7213341859,POINT (-87.721334185899 41.937422318816)
378a84bd56b0f336c3231e9af30c50f334691b290aad83ba099bf7635ffc4919018f095771642e684e40cc6fc27aa2b96e7eaaffae3dfe554f959da53c996d95,JD397800,,10/13/2020 08:45:00 AM,30,TRAFFIC SIGNAL,UNKNOWN,CLEAR,DAYLIGHT,REAR END,FOUR WAY,,STRAIGHT AND LEVEL,DRY,UNKNOWN,NOT ON SCENE (DESK REPORT),NO INJURY / DRIVE AWAY,Y,,,"OVER $1,500",10/13/2020 09:40:00 AM,FAILING TO REDUCE SPEED TO AVOID CRASH,DISREGARDING TRAFFIC SIGNALS,400,E,76TH ST,624.0,,,,,,,2,NO INDICATION OF INJURY,0.0,0.0,0.0,0.0,0.0,2.0,0.0,8,3,10,41.756693844,-87.6150240703,POINT (-87.615024070273 41.756693843989)
cd12eb7a0ffe57169006db2b1a8a80516090796a3e8e58cb1f241c8d74d12d1be4c9f439bc26d66143de3e38ad9a5dbcce1bda4e2119fa711b77587896d2c1f7,JD244420,,05/26/2020 01:47:00 PM,30,TRAFFIC SIGNAL,FUNCTIONING PROPERLY,CLEAR,DAYLIGHT,REAR END,NOT DIVIDED,,STRAIGHT AND LEVEL,DRY,NO DEFECTS,NOT ON SCENE (DESK REPORT),NO INJURY / DRIVE AWAY,Y,,Y,"$501 - $1,500",05/27/2020 01:42:00 PM,UNABLE TO DETERMINE,UNABLE TO DETERMINE,1021,N,HOMAN AVE,1121.0,,,,,,,2,NO INDICATION OF INJURY,0.0,0.0,0.0,0.0,0.0,3.0,0.0,13,3,5,41.8997464391,-87.7114289249,POINT (-87.711428924946 41.899746439145)
9c3c453c55e314ffb0e020f4d4c4fd9e639c950da3e527c51cc3622f2f21ceab6b59cae7a97bce747c6f0606311fcf78cf196e36fb7993066a1fd1959b0a0038,JB391908,,08/13/2018 03:45:00 PM,35,NO CONTROLS,NO CONTROLS,CLEAR,DAYLIGHT,REAR END,NOT DIVIDED,2.0,STRAIGHT AND LEVEL,DRY,NO DEFECTS,NOT ON SCENE (DESK REPORT),NO INJURY / DRIVE AWAY,,,,"$501 - $1,500",08/13/2018 04:30:00 PM,UNABLE TO DETERMINE,UNABLE TO DETERMINE,2406,S,BLUE ISLAND AVE,1034.0,,,,,,,2,NO INDICATION OF INJURY,0.0,0.0,0.0,0.0,0.0,2.0,0.0,15,2,8,41.8486413654,-87.6757942038,POINT (-87.675794203793 41.848641365373)
a97cfd4f99f2125bae23691931d98a7be17b47c3a8e1d5114126afc2aa000fd16f472148d1abadaa9e2937b5d120d76dfe84dee0ac84b12a8d8f668c2dba45cb,JD164377,,02/25/2020 01:20:00 PM,15,NO CONTROLS,NO CONTROLS,CLEAR,DAYLIGHT,FIXED OBJECT,PARKING LOT,,STRAIGHT AND LEVEL,DRY,NO DEFECTS,ON SCENE,NO INJURY / DRIVE AWAY,,Y,,"OVER $1,500",02/25/2020 01:45:00 PM,FAILING TO YIELD RIGHT-OF-WAY,NOT APPLICABLE,220,W,ILLINOIS ST,1831.0,,,,,,,1,NO INDICATION OF INJURY,0.0,0.0,0.0,0.0,0.0,1.0,0.0,13,3,2,41.8908838178,-87.6349740862,POINT (-87.634974086222 41.890883817797)
bb0a45b80da463ea64c1d6e1a59c97f8848276185b6f047417f43f0909c43bd5f24182caa543b01336c6029b230dc1ff06abcc11f19812daacd1894189192c3e,HZ478898,,10/18/2016 08:35:00 AM,0,NO CONTROLS,NO CONTROLS,CLEAR,DAYLIGHT,SIDESWIPE SAME DIRECTION,DIVIDED - W/MEDIAN (NOT RAISED),2.0,STRAIGHT AND LEVEL,DRY,NO DEFECTS,NOT ON SCENE (DESK REPORT),NO INJURY / DRIVE AWAY,,,,$500 OR LESS,10/18/2016 09:35:00 AM,UNABLE TO DETERMINE,UNABLE TO DETERMINE,401,W,GRAND AVE,1831.0,,,,,,,2,NO INDICATION OF INJURY,0.0,0.0,0.0,0.0,0.0,2.0,0.0,8,3,10,41.8914134795,-87.6386819831,POINT (-87.638681983139 41.89141347952)
2fd431d5dfc120d973f20b436ba190fa4f07b5eab10dc862d67818370c7921c50163e57933c3430f189215a88964aec73e7e59091bcc733f4b6d1f1a96628cc1,JF292606,,06/24/2022 09:15:00 AM,30,NO CONTROLS,NO CONTROLS,CLEAR,DAYLIGHT,SIDESWIPE SAME DIRECTION,NOT DIVIDED,,STRAIGHT AND LEVEL,DRY,UNKNOWN,,NO INJURY / DRIVE AWAY,,,,"$501 - $1,500",06/24/2022 05:30:00 PM,IMPROPER OVERTAKING/PASSING,DISREGARDING ROAD MARKINGS,200,W,FULLERTON DR,1935.0,,,,,,,2,NO INDICATION OF INJURY,0.0,0.0,0.0,0.0,0.0,2.0,0.0,9,6,6,41.9258473743,-87.6337729038,POINT (-87.633772903822 41.925847374264)
5143efb62152cefb8c5f777b7b39b3b6ba9d4e1f9134072601bd58ea2affda7d04a150292eec1d82a478d6a7cf236d0528f4a8e7a8ed0563fd24ca873899021c,JE348970,,08/24/2021 01:00:00 PM,30,UNKNOWN,UNKNOWN,CLEAR,DAYLIGHT,TURNING,DIVIDED - W/MEDIAN (NOT RAISED),,STRAIGHT AND LEVEL,UNKNOWN,UNKNOWN,NOT ON SCENE (DESK REPORT),NO INJURY / DRIVE AWAY,Y,,,"OVER $1,500",08/24/2021 10:20:00 PM,UNABLE TO DETERMINE,UNABLE TO DETERMINE,1700,N,SHEFFIELD AVE,1811.0,,,,,,,2,NO INDICATION OF INJURY,0.0,0.0,0.0,0.0,0.0,2.0,0.0,13,3,8,41.9119934957,-87.6532966807,POINT (-87.653296680676 41.911993495697)
f395155711c3cc57ac8d0a2b64c6cc28305ccf25ed7480be29d92eca60cbbab0c1104db870d0c3c06148ca05a1ec5315f647b3a5b1ecd95a8262b5f5397e8c4c,JB295103,,06/04/2018 07:20:00 AM,0,NO CONTROLS,NO CONTROLS,CLEAR,DAYLIGHT,TURNING,ALLEY,,STRAIGHT AND LEVEL,DRY,NO DEFECTS,NOT ON SCENE (DESK REPORT),NO INJURY / DRIVE AWAY,,,,"OVER $1,500",06/06/2018 09:13:00 AM,FAILING TO YIELD RIGHT-OF-WAY,IMPROPER OVERTAKING/PASSING,1702,W,LE MOYNE ST,1433.0,,,,,,,2,NO INDICATION OF INJURY,0.0,0.0,0.0,0.0,0.0,3.0,0.0,7,2,6,41.9091875442,-87.6702902663,POINT (-87.670290266308 41.909187544192)
16604af737471aeccc5a4978a501d4a46fa39e6c4986a9b07495ed8eb46893f7caf600ec902e8839a207d57a8477726153ea54d3b2e1f12435d012c4ba442503,JE176571,Y,03/22/2021 03:10:00 AM,30,NO CONTROLS,NO CONTROLS,CLEAR,UNKNOWN,PARKED MOTOR VEHICLE,ONE-WAY,,STRAIGHT AND LEVEL,DRY,NO DEFECTS,NOT ON SCENE (DESK REPORT),NO INJURY / DRIVE AWAY,,,Y,$500 OR LESS,03/22/2021 05:45:00 PM,UNABLE TO DETERMINE,UNABLE TO DETERMINE,1709,W,84TH ST,614.0,,,,,,,2,NO INDICATION OF INJURY,0.0,0.0,0.0,0.0,0.0,1.0,0.0,3,2,3,41.7411032875,-87.6660294764,POINT (-87.666029476415 41.741103287484)
de8838eaa174bd7a3d1f2d7027b762121841a08f7a3d152095e4afe6587fe96af92309c5502c6bfbdbda8562f229101cb316fdc25c257fdf46d464c0b61a644f,HZ425267,,09/07/2016 07:00:00 PM,30,NO CONTROLS,NO CONTROLS,CLEAR,DUSK,TURNING,NOT DIVIDED,2.0,STRAIGHT AND LEVEL,WET,NO DEFECTS,NOT ON SCENE (DESK REPORT),NO INJURY / DRIVE AWAY,,,,"OVER $1,500",09/08/2016 09:32:00 AM,FAILING TO YIELD RIGHT-OF-WAY,NOT APPLICABLE,401,N,STATE ST,1834.0,,,,,,,2,NO INDICATION OF INJURY,0.0,0.0,0.0,0.0,0.0,3.0,0.0,19,4,9,41.889265416,-87.6278676579,POINT (-87.627867657864 41.889265415961)
6348ae505aca529b34040fa8294758058c96de0accfd5674d34fc1fc1b568dcbafe6018353cd2b813021d32d19cca2054ff47f2b87ee1240e8386af561d5e51f,JC457472,,10/02/2019 04:15:00 PM,30,NO CONTROLS,NO CONTROLS,CLOUDY/OVERCAST,DAYLIGHT,PARKED MOTOR VEHICLE,ONE-WAY,,STRAIGHT AND LEVEL,UNKNOWN,UNKNOWN,NOT ON SCENE (DESK REPORT),NO INJURY / DRIVE AWAY,,,Y,"$501 - $1,500",10/02/2019 05:15:00 PM,IMPROPER BACKING,NOT APPLICABLE,6637,S,PAULINA ST,725.0,,,,,,,2,NO INDICATION OF INJURY,0.0,0.0,0.0,0.0,0.0,1.0,0.0,16,4,10,41.772874068,-87.6663618717,POINT (-87.66636187169 41.772874067985)
8a75aa1e1552dde5272e2c541495250354d27e5a690cc01ddb7c1df3fb0a811aa18b72c93099b3ce876799570ae471339ec3da1b6e3a4d26c511586378286ec9,JA335350,,07/05/2017 12:15:00 PM,10,NO CONTROLS,NO CONTROLS,CLEAR,DAYLIGHT,PARKED MOTOR VEHICLE,PARKING LOT,,STRAIGHT AND LEVEL,DRY,NO DEFECTS,ON SCENE,NO INJURY / DRIVE AWAY,,Y,,"$501 - $1,500",07/05/2017 12:20:00 PM,UNABLE TO DETERMINE,UNABLE TO DETERMINE,3112,W,FOSTER AVE,1712.0,,,,,,,2,NO INDICATION OF INJURY,0.0,0.0,0.0,0.0,0.0,1.0,0.0,12,4,7,41.9758721551,-87.7067697566,POINT (-87.706769756576 41.975872155054)
f423f69b090340addb56d3bd7174ea7d37b6d5da38d8295e306492b56d5427d16a30c4cd561860642c23a801d82f9ced8013603ce5c7e7d756df7a0255b3c2a4,JG249302,,05/05/2023 01:00:00 AM,30,NO CONTROLS,NO CONTROLS,CLEAR,DARKNESS,PARKED MOTOR VEHICLE,ONE-WAY,,STRAIGHT AND LEVEL,DRY,NO DEFECTS,NOT ON SCENE (DESK REPORT),NO INJURY / DRIVE AWAY,,,Y,"OVER $1,500",05/05/2023 05:00:00 PM,IMPROPER OVERTAKING/PASSING,UNABLE TO DETERMINE,7412,S,BLACKSTONE AVE,324.0,,,,,,,2,NO INDICATION OF INJURY,0.0,0.0,0.0,0.0,0.0,1.0,0.0,1,6,5,41.7601691542,-87.5885509424,POINT (-87.588550942431 41.760169154177)
b3dfbc9079bf03e19d8efe2f20c95b04ac9efd2909f7ddfb90386f633a163838facb4c563a6425b5dc5dbb4f3baa6e5f552fee5519c2db488b17ce87da6a7307,JE379648,,09/19/2021 02:00:00 PM,30,UNKNOWN,UNKNOWN,UNKNOWN,UNKNOWN,REAR END,UNKNOWN,,STRAIGHT AND LEVEL,UNKNOWN,UNKNOWN,,NO INJURY / DRIVE AWAY,,,,"OVER $1,500",09/19/2021 02:20:00 PM,NOT APPLICABLE,NOT APPLICABLE,7900,S,KILPATRICK AVE,834.0,,,,,,,2,NO INDICATION OF INJURY,0.0,0.0,0.0,0.0,0.0,2.0,0.0,14,1,9,41.7491998834,-87.7372965641,POINT (-87.737296564109 41.749199883406)