CRASH_RECORD_ID,RD_NO,CRASH_DATE_EST_I,CRASH_DATE,POSTED_SPEED_LIMIT,TRAFFIC_CONTROL_DEVICE,DEVICE_CONDITION,WEATHER_CONDITION,LIGHTING_CONDITION,FIRST_CRASH_TYPE,TRAFFICWAY_TYPE,LANE_CNT,ALIGNMENT,ROADWAY_SURFACE_COND,ROAD_DEFECT,REPORT_TYPE,CRASH_TYPE,INTERSECTION_RELATED_I,NOT_RIGHT_OF_WAY_I,HIT_AND_RUN_I,DAMAGE,DATE_POLICE_NOTIFIED,PRIM_CONTRIBUTORY_CAUSE,SEC_CONTRIBUTORY_CAUSE,STREET_NO,STREET_DIRECTION,STREET_NAME,BEAT_OF_OCCURRENCE,PHOTOS_TAKEN_I,STATEMENTS_TAKEN_I,DOORING_I,WORK_ZONE_I,WORK_ZONE_TYPE,WORKERS_PRESENT_I,NUM_UNITS,MOST_SEVERE_INJURY,INJURIES_TOTAL,INJURIES_FATAL,INJURIES_INCAPACITATING,INJURIES_NON_INCAPACITATING,INJURIES_REPORTED_NOT_EVIDENT,INJURIES_NO_INDICATION,INJURIES_UNKNOWN,CRASH_HOUR,CRASH_DAY_OF_WEEK,CRASH_MONTH,LATITUDE,LONGITUDE,LOCATION
4591fa87e6fa6bcf835b4130300d1f7459c27556a71cdb3f312a9d52ee46bdfb176d797cba77bce0ef2dc5bf68b84079ceefb8ee3567783154af9d5fe8e853e4,JA441102,,09/21/2017 06:05:00 PM,30,NO CONTROLS,NO CONTROLS,CLEAR,DUSK,REAR END,NOT DIVIDED,2.0,STRAIGHT AND LEVEL,DRY,NO DEFECTS,NOT ON SCENE (DESK REPORT),NO INJURY / DRIVE AWAY,,,,"OVER $1,500",09/21/2017 06:30:00 PM,FOLLOWING TOO CLOSELY,NOT APPLICABLE,5014,N,EAST RIVER RD,1614.0,,,,,,,2,NO INDICATION OF INJURY,0.0,0.0,0.0,0.0,0.0,2.0,0.0,18,5,9,41.9708807263,-87.8466880358,POINT (-87.846688035818 41.970880726285)
e1e6ebab72bbfcc569557d9b0365fc85d4a5e9b602664b2980b5a2069499b982fa741e75dd01ab62954f0e06492dd753b2e4afe76ac32324930768776a033ec3,JD207525,,04/08/2020 02:40:00 PM,30,NO CONTROLS,NO CONTROLS,CLEAR,DAYLIGHT,REAR END,NOT DIVIDED,,STRAIGHT AND LEVEL,DRY,NO DEFECTS,NOT ON SCENE (DESK REPORT),NO INJURY / DRIVE AWAY,,,Y,"OVER $1,500",04/12/2020 01:30:00 PM,UNABLE TO DETERMINE,UNABLE TO DETERMINE,5440,S,KEDZIE AVE,822.0,,,,,,,2,NO INDICATION OF INJURY,0.0,0.0,0.0,0.0,0.0,2.0,0.0,14,4,4,41.7940850748,-87.7037209588,POINT (-87.703720958795 41.794085074833)
5436d46dfcc82481d5947865826949cb45bac6139e322080ade060c2a1865fb9a3b9c01abaf40644b63017b198cda6c105707ceaec7c0757a9c899e1be3e0eed,JA191612,,03/20/2017 12:10:00 PM,30,NO CONTROLS,NO CONTROLS,CLEAR,DAYLIGHT,REAR END,DIVIDED - W/MEDIAN (NOT RAISED),3.0,STRAIGHT AND LEVEL,DRY,NO DEFECTS,NOT ON SCENE (DESK REPORT),NO INJURY / DRIVE AWAY,Y,,,"$501 - $1,500",03/20/2017 01:15:00 PM,IMPROPER TURNING/NO SIGNAL,NOT APPLICABLE,119,E,CHICAGO AVE,1833.0,,,,,,,2,NO INDICATION OF INJURY,0.0,0.0,0.0,0.0,0.0,2.0,0.0,12,2,3,41.8966189185,-87.6245792167,POINT (-87.624579216663 41.896618918532)
fb6a48dd94c68767671969b8c874b4293a8c4a2e48bc17d32ea01d90fc89a22b95ad63bfd32874d6e08bfb5e3622f4dcbfd12f994a2802767d625c2139f8b1c7,HZ198742,,03/23/2016 07:30:00 PM,30,NO CONTROLS,NO CONTROLS,RAIN,DARKNESS,PARKED MOTOR VEHICLE,NOT DIVIDED,2.0,STRAIGHT AND LEVEL,WET,NO DEFECTS,NOT ON SCENE (DESK REPORT),NO INJURY / DRIVE AWAY,,,,"$501 - $1,500",03/23/2016 09:25:00 PM,IMPROPER TURNING/NO SIGNAL,NOT APPLICABLE,6122,N,CLARK ST,2433.0,,,,,,,2,NO INDICATION OF INJURY,0.0,0.0,0.0,0.0,0.0,1.0,0.0,19,4,3,41.9933041871,-87.6702668702,POINT (-87.670266870208 41.993304187072)
3f5aef62cd9e825edb919780eaa7a5bc54ffd00c5aa8ba06d4113973fdb71cf80a6b9faf5fc94fe97ec081faf8091b69b19f6f40a0f2f1cad37d401966c61d93,JG273197,,05/24/2023 09:00:00 AM,30,NO CONTROLS,NO CONTROLS,CLEAR,DAYLIGHT,ANGLE,NOT DIVIDED,,STRAIGHT AND LEVEL,DRY,NO DEFECTS,NOT ON SCENE (DESK REPORT),NO INJURY / DRIVE AWAY,,,,"$501 - $1,500",05/24/2023 09:00:00 AM,UNABLE TO DETERMINE,NOT APPLICABLE,3107,N,HAUSSEN CT,2523.0,,,,,,,2,NO INDICATION OF INJURY,0.0,0.0,0.0,0.0,0.0,2.0,0.0,9,4,5,41.9373836798,-87.722231183,POINT (-87.722231183 41.937383679804)
8873786a3542c66763a4027fc3500fb1fe670386d3e6647b7dcfc86665c29d93ad603415d35041de5d70166ac1bb46c26fff1d2838c2ea47dee861d29ee44097,JD143612,,02/07/2020 02:50:00 PM,30,NO CONTROLS,NO CONTROLS,CLEAR,DAYLIGHT,REAR END,NOT DIVIDED,,STRAIGHT AND LEVEL,DRY,NO DEFECTS,NOT ON SCENE (DESK REPORT),INJURY AND / OR TOW DUE TO CRASH,,,,"$501 - $1,500",02/07/2020 03:34:00 PM,NOT APPLICABLE,NOT APPLICABLE,6701,S,CICERO AVE,833.0,,,,,,,3,NONINCAPACITATING INJURY,1.0,0.0,0.0,1.0,0.0,4.0,0.0,14,6,2,41.7710448011,-87.7419056317,POINT (-87.741905631651 41.771044801146)
b4bbd9d4e31ea611005badf7352e30f86b5006482e60803ca9d468305c09a4b741fcf8731231da6d61b7fa67afdc957fe63159e8661fbd0e5e0dbc45e317afc3,JB144270,,02/07/2018 05:45:00 AM,15,NO CONTROLS,NO CONTROLS,SNOW,DAYLIGHT,SIDESWIPE SAME DIRECTION,NOT DIVIDED,5.0,STRAIGHT AND LEVEL,SNOW OR SLUSH,NO DEFECTS,NOT ON SCENE (DESK REPORT),NO INJURY / DRIVE AWAY,,,,"OVER $1,500",02/07/2018 01:40:00 PM,IMPROPER OVERTAKING/PASSING,WEATHER,771,E,75TH ST,624.0,,,,,,,2,NO INDICATION OF INJURY,0.0,0.0,0.0,0.0,0.0,2.0,0.0,5,4,2,41.7584687567,-87.6054480964,POINT (-87.605448096361 41.758468756673)
328aa44a707d1a02829d2e967d7980d6b772f4d2ce157a4251c2c31fc0c0727000c577cbccd7b4d93a971498d05301bd7e2676b9055974e9464e686e55b1a703,JD532225,,08/14/2020 01:45:00 PM,15,NO CONTROLS,NO CONTROLS,CLEAR,DAYLIGHT,REAR TO FRONT,PARKING LOT,,STRAIGHT AND LEVEL,DRY,NO DEFECTS,,NO INJURY / DRIVE AWAY,,Y,Y,"OVER $1,500",08/14/2020 02:06:00 PM,IMPROPER BACKING,NOT APPLICABLE,6900,N,WESTERN AVE,2411.0,,,,,,,2,NO INDICATION OF INJURY,0.0,0.0,0.0,0.0,0.0,2.0,0.0,13,6,8,42.0068512376,-87.6902606045,POINT (-87.690260604528 42.006851237571)
67e0f8a39c59980fd9a5802da36ebeb46f907b8d4785bfdf44562e7cc7b7f8878412f5763562403ccc3550f6274d114f83ef35903ae6020e254648c5ccb65b92,JF174017,,03/14/2022 08:05:00 PM,30,TRAFFIC SIGNAL,FUNCTIONING PROPERLY,CLEAR,DUSK,REAR END,NOT DIVIDED,,STRAIGHT AND LEVEL,DRY,NO DEFECTS,ON SCENE,INJURY AND / OR TOW DUE TO CRASH,Y,,,"$501 - $1,500",03/14/2022 08:10:00 PM,UNABLE TO DETERMINE,FOLLOWING TOO CLOSELY,2759,N,CICERO AVE,2521.0,,,,,,,2,NONINCAPACITATING INJURY,2.0,0.0,0.0,2.0,0.0,1.0,0.0,20,2,3,41.9314909676,-87.7464459494,POINT (-87.746445949379 41.931490967585)
dff80b20696bcfccfbbbfc3980cf887be149f91167586bbe6337e079992e28005b3082ed81d14c8891b10326c83337ad6df7900e51fddc7e326185b4c38d25af,JE143597,,02/16/2021 05:30:00 PM,30,TRAFFIC SIGNAL,FUNCTIONING PROPERLY,OTHER,DAYLIGHT,TURNING,FOUR WAY,,STRAIGHT AND LEVEL,SNOW OR SLUSH,NO DEFECTS,NOT ON SCENE (DESK REPORT),NO INJURY / DRIVE AWAY,Y,,N,"OVER $1,500",02/17/2021 08:30:00 AM,UNABLE TO DETERMINE,UNABLE TO DETERMINE,4746,W,JACKSON BLVD,1113.0,,,,,,,2,NO INDICATION OF INJURY,0.0,0.0,0.0,0.0,0.0,2.0,0.0,17,3,2,41.8769551404,-87.7445779277,POINT (-87.744577927685 41.876955140414)
fc93d3e666668a3a529cf7e745c7b912be202fedc5d54cc6a615c69ec912a3f42f90dd9993df0b2c467460bbb86de04a2ff1fac9e67a227658a2867ee34640ee,JA426436,,09/10/2017 09:20:00 PM,30,NO CONTROLS,NO CONTROLS,CLEAR,"DARKNESS, LIGHTED ROAD",PARKED MOTOR VEHICLE,ONE-WAY,1.0,STRAIGHT AND LEVEL,DRY,NO DEFECTS,ON SCENE,NO INJURY / DRIVE AWAY,,Y,,"OVER $1,500",09/10/2017 09:25:00 PM,IMPROPER BACKING,DRIVING SKILLS/KNOWLEDGE/EXPERIENCE,8537,S,MARQUETTE AVE,423.0,,,,,,,2,NO INDICATION OF INJURY,0.0,0.0,0.0,0.0,0.0,2.0,0.0,21,1,9,41.7398186945,-87.5586124218,POINT (-87.558612421799 41.739818694525)
8e3cfabe2f14522ebf11da39c463a65948cee3eaf34268cc9be74b492b0fc36e06953ff81488a1711e3c22fae76c677f9ed17a899cd811dfe9e3cf6f438c03d6,HZ452208,,09/27/2016 07:00:00 AM,25,NO CONTROLS,NO CONTROLS,CLEAR,DAWN,PARKED MOTOR VEHICLE,ONE-WAY,1.0,STRAIGHT AND LEVEL,DRY,NO DEFECTS,NOT ON SCENE (DESK REPORT),NO INJURY / DRIVE AWAY,,,Y,"OVER $1,500",09/27/2016 06:40:00 PM,UNABLE TO DETERMINE,NOT APPLICABLE,2823,S,AVERS AVE,1031.0,,,,,,,2,NO INDICATION OF INJURY,0.0,0.0,0.0,0.0,0.0,1.0,0.0,7,3,9,41.8399062302,-87.7206234183,POINT (-87.720623418313 41.839906230216)
35cd3c357f55053135f0db330fa5518c3ac1fe57b677441118f0f2847e9c43fed6ca04eb0e5028c14ab5a14c3f7471bcf9930e222e0031b46c79a1aa9eb83677,JB151843,,02/14/2018 01:35:00 PM,0,NO CONTROLS,NO CONTROLS,CLEAR,DAYLIGHT,REAR END,DIVIDED - W/MEDIAN (NOT RAISED),4.0,STRAIGHT AND LEVEL,SNOW OR SLUSH,NO DEFECTS,ON SCENE,INJURY AND / OR TOW DUE TO CRASH,,,,"OVER $1,500",02/14/2018 01:36:00 PM,FAILING TO REDUCE SPEED TO AVOID CRASH,UNABLE TO DETERMINE,2226,S,WESTERN AVE,1034.0,,,,,,,2,NONINCAPACITATING INJURY,2.0,0.0,0.0,2.0,0.0,3.0,0.0,13,4,2,41.8512719093,-87.6857658657,POINT (-87.685765865675 41.851271909274)
2d375fddf672969423815d726f7a6ef45e26ab79e974b2ee656967fc0580fc500ef69f98c26d0df59fc65204cfb84986d4bea48c55a0c33dcc49225090059de7,HZ142599,,02/06/2016 01:45:00 PM,15,NO CONTROLS,NO CONTROLS,CLEAR,DAYLIGHT,ANGLE,PARKING LOT,,STRAIGHT AND LEVEL,DRY,NO DEFECTS,NOT ON SCENE (DESK REPORT),NO INJURY / DRIVE AWAY,,Y,,"OVER $1,500",02/06/2016 02:35:00 PM,FAILING TO YIELD RIGHT-OF-WAY,NOT APPLICABLE,4734,N,CUMBERLAND AVE,1614.0,,,,,,,2,NO INDICATION OF INJURY,0.0,0.0,0.0,0.0,0.0,2.0,0.0,13,7,2,41.9660114013,-87.8368311691,POINT (-87.836831169138 41.966011401336)
ecfa309bd0b1d3d21f4af5fbca6a24f021be90f034fd8e11b1fd667896126ea981b8d4a8b400f44e4ec175d6622858c5926d69f51ef3dc9534813f2315f4a674,JB517217,,11/15/2018 04:55:00 PM,25,NO CONTROLS,NO CONTROLS,SNOW,"DARKNESS, LIGHTED ROAD",REAR END,ONE-WAY,1.0,STRAIGHT ON GRADE,WET,UNKNOWN,ON SCENE,NO INJURY / DRIVE AWAY,,,,$500 OR LESS,11/15/2018 04:59:00 PM,IMPROPER BACKING,WEATHER,1794,W,JARVIS AVE,2422.0,,,,,,,2,NO INDICATION OF INJURY,0.0,0.0,0.0,0.0,0.0,2.0,0.0,16,5,11,42.0160128815,-87.6750537215,POINT (-87.67505372154 42.016012881461)
87797d0dadf9e5b01cf8687c0db4e7d6225fddf092c83673af82c5bf01ece039d3b471209d61f124cc51b38fc6846c09643c99a8cb568e58017efeb7ea71059a,JF157505,,02/27/2022 08:55:00 AM,30,TRAFFIC SIGNAL,FUNCTIONING PROPERLY,CLEAR,DAYLIGHT,TURNING,FOUR WAY,,STRAIGHT AND LEVEL,DRY,NO DEFECTS,ON SCENE,INJURY AND / OR TOW DUE TO CRASH,Y,,,"OVER $1,500",02/27/2022 09:20:00 AM,FAILING TO YIELD RIGHT-OF-WAY,NOT APPLICABLE,3501,S,HALSTED ST,915.0,,,,,,,2,NO INDICATION OF INJURY,0.0,0.0,0.0,0.0,0.0,2.0,0.0,8,1,2,41.8307014505,-87.645957498,POINT (-87.64595749798 41.830701450508)
61060f9bc4f2305049ed84a3d6fb52fb4e2fda2c8a1651e6a5fea59c4e48ed170d3b0b53744ca04607565d63978d56c1cdc6b42faec63affd501e1c3b134bd53,JC277239,,05/24/2019 08:26:00 PM,30,NO CONTROLS,NO CONTROLS,CLEAR,"DARKNESS, LIGHTED ROAD",PEDESTRIAN,NOT DIVIDED,,STRAIGHT AND LEVEL,DRY,NO DEFECTS,ON SCENE,INJURY AND / OR TOW DUE TO CRASH,,,,"OVER $1,500",05/24/2019 08:27:00 PM,UNABLE TO DETERMINE,NOT APPLICABLE,3230,N,NARRAGANSETT AVE,1632.0,,,,,,,3,INCAPACITATING INJURY,2.0,0.0,2.0,0.0,0.0,1.0,0.0,20,6,5,41.9392805522,-87.7862416744,POINT (-87.786241674378 41.939280552243)
8d14cbfdd2169ae2f13825c4ffe615a600dca44f6ee2b95ff0599b782eb8ce0c3c39a2af68ef9b93cdeaf22808b45d3a349b6859f29a7f6dd251fb2ccdf4103d,HZ110749,,01/10/2016 12:20:00 PM,30,NO CONTROLS,NO CONTROLS,CLEAR,DAYLIGHT,PARKED MOTOR VEHICLE,NOT DIVIDED,,STRAIGHT AND LEVEL,DRY,NO DEFECTS,NOT ON SCENE (DESK REPORT),NO INJURY / DRIVE AWAY,,,,"OVER $1,500",01/10/2016 01:12:00 PM,NOT APPLICABLE,NOT APPLICABLE,5600,S,WOODLAWN AVE,235.0,,,,,,,2,NO INDICATION OF INJURY,0.0,0.0,0.0,0.0,0.0,2.0,0.0,12,1,1,41.7931745297,-87.5966448303,POINT (-87.596644830256 41.793174529655)
ecfbf7666f681bdc82e1a117e94aa7fc963f886c211fe6f5b2b4ba0c66bf3f2c7e414ec4a3e1fbb94969c90b2dab10e60404a2e83244983c8c17e94f8a76ae0b,JE243874,,05/26/2021 05:53:00 PM,30,NO CONTROLS,NO CONTROLS,CLEAR,DAYLIGHT,PARKED MOTOR VEHICLE,DIVIDED - W/MEDIAN BARRIER,,STRAIGHT AND LEVEL,DRY,NO DEFECTS,ON SCENE,INJURY AND / OR TOW DUE TO CRASH,,,,"OVER $1,500",05/26/2021 06:03:00 PM,UNABLE TO DETERMINE,UNABLE TO DETERMINE,2719,N,WESTERN AVE,1432.0,,,,,,,2,NO INDICATION OF INJURY,0.0,0.0,0.0,0.0,0.0,2.0,0.0,17,4,5,41.9309744981,-87.6877150961,POINT (-87.687715096106 41.93097449806)
3437b338b08d5e7d39e8f0af902b784808b7147d8495af5dd5438b6bfd4bf287c4b3efa17bc7a6f7baeb464c4c6f5253a36cfc507240e239603cf8ff3071ebfe,JG447921,,10/02/2023 07:45:00 AM,30,OTHER,OTHER,CLEAR,DAYLIGHT,REAR END,ONE-WAY,,STRAIGHT AND LEVEL,DRY,NO DEFECTS,NOT ON SCENE (DESK REPORT),NO INJURY / DRIVE AWAY,,,,"OVER $1,500",10/02/2023 04:00:00 PM,FOLLOWING TOO CLOSELY,FOLLOWING TOO CLOSELY,627,W,GARFIELD BLVD,711.0,Y,,,,,,2,NO INDICATION OF INJURY,0.0,0.0,0.0,0.0,0.0,2.0,0.0,7,2,10,41.7939027223,-87.6414407165,POINT (-87.641440716471 41.793902722291)
5988a259d13df19bc7b5a6414b4507de6d5cc09bcb7fd5fb4971f53fe2463b7e2b559d740c95e08fa37a9b0e42a2a848b108f1cc8643f23d7d52161d8d38f02c,JF183557,,03/23/2022 08:15:00 AM,25,TRAFFIC SIGNAL,FUNCTIONING PROPERLY,CLEAR,DAYLIGHT,TURNING,DIVIDED - W/MEDIAN (NOT RAISED),,STRAIGHT AND LEVEL,WET,NO DEFECTS,NOT ON SCENE (DESK REPORT),NO INJURY / DRIVE AWAY,,,,"OVER $1,500",03/23/2022 09:40:00 AM,IMPROPER TURNING/NO SIGNAL,NOT APPLICABLE,5606,W,LAWRENCE AVE,1622.0,,,,,,,2,NO INDICATION OF INJURY,0.0,0.0,0.0,0.0,0.0,2.0,0.0,8,4,3,41.9678877144,-87.7678218013,POINT (-87.767821801261 41.967887714397)
16adcd70f767789cb884c973354855765917e72ac1a81c39aa40083cf05a414e140ee577ef4a6d43780895f16561a6eba346fab2b8d34db39246d53c91ef9e2e,HZ399778,,08/18/2016 12:00:00 PM,35,NO CONTROLS,NO CONTROLS,CLEAR,DAYLIGHT,REAR END,NOT DIVIDED,1.0,STRAIGHT AND LEVEL,DRY,NO DEFECTS,NOT ON SCENE (DESK REPORT),NO INJURY / DRIVE AWAY,,,,"OVER $1,500",08/20/2016 09:05:00 AM,FOLLOWING TOO CLOSELY,UNABLE TO DETERMINE,7916,S,STONY ISLAND AVE,411.0,,,,,,,2,NO INDICATION OF INJURY,0.0,0.0,0.0,0.0,0.0,2.0,0.0,12,5,8,41.7506155435,-87.5859390635,POINT (-87.585939063528 41.750615543502)
af0d7c35e0b64a386e7958e61b0d1d58f6efea24200de301a966910027b4f93e1f75082e65bed887308564080f704432cd556329f0f5949595bff4eebb0dad26,JC209747,,04/03/2019 07:00:00 AM,30,NO CONTROLS,NO CONTROLS,CLEAR,DAYLIGHT,PEDESTRIAN,NOT DIVIDED,2.0,STRAIGHT AND LEVEL,DRY,NO DEFECTS,ON SCENE,INJURY AND / OR TOW DUE TO CRASH,,,,$500 OR LESS,04/03/2019 07:20:00 AM,FAILING TO YIELD RIGHT-OF-WAY,UNABLE TO DETERMINE,7100,S,OAKLEY AVE,832.0,,,,,,,2,NONINCAPACITATING INJURY,1.0,0.0,0.0,1.0,0.0,1.0,0.0,7,4,4,41.7646387993,-87.6808450729,POINT (-87.680845072874 41.764638799304)
45fa82276509818f2955bc9c7133fc04d4c6e41849c69415270a669112873ef73abb9b6555285136efc529de493f72ffcc2695a182e22fad6dabcf7a144eb48b,JB228885,Y,04/18/2018 05:30:00 PM,30,NO CONTROLS,NO CONTROLS,CLEAR,DAYLIGHT,TURNING,NOT DIVIDED,,STRAIGHT AND LEVEL,DRY,NO DEFECTS,NOT ON SCENE (DESK REPORT),NO INJURY / DRIVE AWAY,,,,"$501 - $1,500",04/18/2018 06:02:00 PM,FAILING TO YIELD RIGHT-OF-WAY,NOT APPLICABLE,6925,N,RIDGE BLVD,2424.0,,,,,,,2,NO INDICATION OF INJURY,0.0,0.0,0.0,0.0,0.0,2.0,0.0,17,4,4,42.0071754336,-87.6809238575,POINT (-87.680923857549 42.007175433642)
8ad87b31d0f54dcf9fc26f3a836dbf0e6d9619939e325b333e4eca2f8156306ee01ec9b16df52a3215d4df7d2eb5bf2429785f559a667bea1619e31cb2fc6c8c,JC215243,,04/07/2019 10:15:00 AM,30,NO CONTROLS,NO CONTROLS,CLEAR,DAYLIGHT,TURNING,NOT DIVIDED,,STRAIGHT AND LEVEL,DRY,NO DEFECTS,NOT ON SCENE (DESK REPORT),NO INJURY / DRIVE AWAY,,,,"OVER $1,500",04/07/2019 01:50:00 PM,UNABLE TO DETERMINE,UNABLE TO DETERMINE,2524,W,PERSHING RD,911.0,,,,,,,2,NO INDICATION OF INJURY,0.0,0.0,0.0,0.0,0.0,5.0,0.0,10,1,4,41.8230185787,-87.6883253632,POINT (-87.688325363202 41.823018578707)
b4ea9320ad37fe15ccf7a66fde8829c4e754ff8058a823a645ca3e13180929e5179dd8263d6856eab8ba3e87ae569deec2605d9b004c2ffc9b3ea75fa32ae79a,JD188782,,03/17/2020 04:43:00 PM,25,NO CONTROLS,NO CONTROLS,CLEAR,DAYLIGHT,SIDESWIPE SAME DIRECTION,ONE-WAY,,STRAIGHT AND LEVEL,DRY,NO DEFECTS,NOT ON SCENE (DESK REPORT),NO INJURY / DRIVE AWAY,,,Y,"$501 - $1,500",03/17/2020 05:40:00 PM,IMPROPER LANE USAGE,NOT APPLICABLE,1341,N,LONG AVE,2532.0,,,,,,,2,NO INDICATION OF INJURY,0.0,0.0,0.0,0.0,0.0,2.0,0.0,16,3,3,41.9052804566,-87.7609003861,POINT (-87.760900386113 41.905280456588)
6b8fd619e6fec95fec46c4dd806bd1d1c1403e8a3213a940a448ece6bb0a90445d8a35b7d1c15d2effbea8baa8a4d00715002a78e6156ad7f58462cf1409447e,JB365008,,07/25/2018 05:00:00 PM,30,NO CONTROLS,NO CONTROLS,CLEAR,DAYLIGHT,SIDESWIPE SAME DIRECTION,NOT DIVIDED,,STRAIGHT AND LEVEL,DRY,NO DEFECTS,NOT ON SCENE (DESK REPORT),NO INJURY / DRIVE AWAY,,,Y,"$501 - $1,500",07/25/2018 05:49:00 PM,NOT APPLICABLE,NOT APPLICABLE,5900,S,RACINE AVE,713.0,,,,,,,2,NO INDICATION OF INJURY,0.0,0.0,0.0,0.0,0.0,2.0,0.0,17,4,7,41.7867934463,-87.6548270777,POINT (-87.654827077712 41.786793446291)
e4e4135e448db4e3cbfee492cd6ccb44fafcbd28862ac6bcda208abf752761c884f379b0ba263707c6f1b4091134172bc7d776c5d8c6de15ff3729fc4fa23392,JB437798,,09/16/2018 11:55:00 AM,30,OTHER,FUNCTIONING PROPERLY,CLEAR,DAYLIGHT,REAR END,DIVIDED - W/MEDIAN (NOT RAISED),2.0,STRAIGHT AND LEVEL,DRY,OTHER,ON SCENE,NO INJURY / DRIVE AWAY,Y,,Y,"OVER $1,500",09/16/2018 11:59:00 AM,"OPERATING VEHICLE IN ERRATIC, RECKLESS, CARELESS, NEGLIGENT OR AGGRESSIVE MANNER",FAILING TO REDUCE SPEED TO AVOID CRASH,159,N,DAMEN AVE,1223.0,,,,Y,CONSTRUCTION,,3,NO INDICATION OF INJURY,0.0,0.0,0.0,0.0,0.0,5.0,0.0,11,1,9,41.884939604,-87.6765906366,POINT (-87.676590636604 41.884939604018)
e08b6f03f03bbf3683902e515d6805de63c4d1fe04f10db0ac8c028162952eaccb5367fc64d6305f25291a71286109526e5d70617752be1c2a05e54473add67c,JC380443,Y,08/06/2019 12:00:00 AM,30,NO CONTROLS,NO CONTROLS,CLEAR,"DARKNESS, LIGHTED ROAD",PARKED MOTOR VEHICLE,ONE-WAY,,STRAIGHT AND LEVEL,DRY,NO DEFECTS,ON SCENE,NO INJURY / DRIVE AWAY,,,,$500 OR LESS,08/06/2019 12:07:00 AM,DRIVING SKILLS/KNOWLEDGE/EXPERIENCE,UNABLE TO DETERMINE,5915,S,SAWYER AVE,822.0,,,,,,,2,NO INDICATION OF INJURY,0.0,0.0,0.0,0.0,0.0,1.0,0.0,0,3,8,41.7857441128,-87.7043999191,POINT (-87.704399919104 41.785744112783)
1b4a6aef50fdc68b6c5ba82c5da3a33a8cdbcc0df9dca938ead9c198f0197af801231cdd4d2baf2a6384454e8c9563d466865bcf3700fd5594b07db53686b34b,JC472630,,10/14/2019 05:38:00 PM,25,STOP SIGN/FLASHER,FUNCTIONING PROPERLY,CLEAR,DAYLIGHT,TURNING,NOT DIVIDED,,STRAIGHT AND LEVEL,DRY,NO DEFECTS,ON SCENE,NO INJURY / DRIVE AWAY,,,,"$501 - $1,500",10/14/2019 05:41:00 PM,DISREGARDING STOP SIGN,FAILING TO REDUCE SPEED TO AVOID CRASH,530,E,33RD PL,211.0,,,,,,,2,NO INDICATION OF INJURY,0.0,0.0,0.0,0.0,0.0,2.0,0.0,17,2,10,41.8337912507,-87.6124893873,POINT (-87.612489387279 41.833791250715)
b6a05ecc2bce3cc5d3b93d41448ac4c66f34ff3b1e17fd40bff5cc66f858d8edc2bf91387efb3551ae43a0dc55e94cfbfc0d3f61a5a902a29f742f66d9d476ac,JE411528,,10/15/2021 05:25:00 PM,30,STOP SIGN/FLASHER,OTHER,CLEAR,DAYLIGHT,ANGLE,NOT DIVIDED,,STRAIGHT AND LEVEL,DRY,NO DEFECTS,NOT ON SCENE (DESK REPORT),NO INJURY / DRIVE AWAY,Y,,,"OVER $1,500",10/16/2021 10:00:00 AM,FAILING TO YIELD RIGHT-OF-WAY,FAILING TO YIELD RIGHT-OF-WAY,2832,W,55TH ST,923.0,,,,,,,2,NO INDICATION OF INJURY,0.0,0.0,0.0,0.0,0.0,2.0,0.0,17,6,10,41.7937783907,-87.6950823915,POINT (-87.695082391515 41.793778390724)
6658b2cc4315c6c5c79bdfec28467d9be2573d89a485d9cf5149951b737fe7db9bee0216b87a9c1d29d17711df95366d404395377df75778dafc954ac7e83dac,HZ428674,,09/10/2016 05:00:00 PM,30,STOP SIGN/FLASHER,FUNCTIONING PROPERLY,CLEAR,DAYLIGHT,PARKED MOTOR VEHICLE,ONE-WAY,1.0,STRAIGHT AND LEVEL,DRY,NO DEFECTS,NOT ON SCENE (DESK REPORT),NO INJURY / DRIVE AWAY,,,Y,"$501 - $1,500",09/10/2016 06:10:00 PM,DRIVING SKILLS/KNOWLEDGE/EXPERIENCE,UNABLE TO DETERMINE,715,E,83RD ST,632.0,,,,,,,2,NO INDICATION OF INJURY,0.0,0.0,0.0,0.0,0.0,1.0,0.0,17,7,9,41.7438254961,-87.6068754684,POINT (-87.606875468439 41.743825496109)
f8163be7251e22346c9e4d75bacb7487111360a3007e5cdfca9844ab687da1215f8bce1d158b1cc29cb5674730817b35b7cea7d53279b038e10c5e8fc72cac50,JC310793,,06/17/2019 08:10:00 PM,40,NO CONTROLS,NO CONTROLS,CLEAR,DAYLIGHT,SIDESWIPE SAME DIRECTION,DIVIDED - W/MEDIAN BARRIER,,STRAIGHT AND LEVEL,DRY,NO DEFECTS,NOT ON SCENE (DESK REPORT),NO INJURY / DRIVE AWAY,,,,"OVER $1,500",06/17/2019 08:30:00 PM,UNABLE TO DETERMINE,UNABLE TO DETERMINE,300,S,LAKE SHORE DR SB,114.0,,,,,,,2,NO INDICATION OF INJURY,0.0,0.0,0.0,0.0,0.0,3.0,0.0,20,2,6,41.8783101346,-87.6175759034,POINT (-87.617575903416 41.878310134581)
13a55271fa4886be76ecd0de07d835bf4adaf5809280041030bf9da0a24f736c14efee000a10d4870420d17535d10b271617b8776efc44bc334abd5004c4552b,JA170842,,03/01/2017 07:30:00 AM,30,NO CONTROLS,NO CONTROLS,CLOUDY/OVERCAST,DAWN,SIDESWIPE SAME DIRECTION,DIVIDED - W/MEDIAN (NOT RAISED),,STRAIGHT AND LEVEL,DRY,UNKNOWN,NOT ON SCENE (DESK REPORT),NO INJURY / DRIVE AWAY,,,Y,"OVER $1,500",03/01/2017 08:00:00 AM,DRIVING ON WRONG SIDE/WRONG WAY,DRIVING SKILLS/KNOWLEDGE/EXPERIENCE,10030,S,VINCENNES AVE,2213.0,,,,,,,2,NO INDICATION OF INJURY,0.0,0.0,0.0,0.0,0.0,2.0,0.0,7,4,3,,,