CRASH_RECORD_ID,RD_NO,CRASH_DATE_EST_I,CRASH_DATE,POSTED_SPEED_LIMIT,TRAFFIC_CONTROL_DEVICE,DEVICE_CONDITION,WEATHER_CONDITION,LIGHTING_CONDITION,FIRST_CRASH_TYPE,TRAFFICWAY_TYPE,LANE_CNT,ALIGNMENT,ROADWAY_SURFACE_COND,ROAD_DEFECT,REPORT_TYPE,CRASH_TYPE,INTERSECTION_RELATED_I,NOT_RIGHT_OF_WAY_I,HIT_AND_RUN_I,DAMAGE,DATE_POLICE_NOTIFIED,PRIM_CONTRIBUTORY_CAUSE,SEC_CONTRIBUTORY_CAUSE,STREET_NO,STREET_DIRECTION,STREET_NAME,BEAT_OF_OCCURRENCE,PHOTOS_TAKEN_I,STATEMENTS_TAKEN_I,DOORING_I,WORK_ZONE_I,WORK_ZONE_TYPE,WORKERS_PRESENT_I,NUM_UNITS,MOST_SEVERE_INJURY,INJURIES_TOTAL,INJURIES_FATAL,INJURIES_INCAPACITATING,INJURIES_NON_INCAPACITATING,INJURIES_REPORTED_NOT_EVIDENT,INJURIES_NO_INDICATION,INJURIES_UNKNOWN,CRASH_HOUR,CRASH_DAY_OF_WEEK,CRASH_MONTH,LATITUDE,LONGITUDE,LOCATION
89f1f2f8bd6c0cf559e74005f4b8b0310c5c4a2a6b2920522dc7ea495a55ae30950752e73bb7b4de1f8997ead1b462b7201ac6d0457eefb74224fdf214afbedf,JD285863,,07/04/2020 05:40:00 PM,30,NO CONTROLS,NO CONTROLS,CLEAR,DAYLIGHT,REAR END,NOT DIVIDED,,STRAIGHT AND LEVEL,DRY,NO DEFECTS,ON SCENE,INJURY AND / OR TOW DUE TO CRASH,,,Y,"OVER $1,500",07/04/2020 05:53:00 PM,FAILING TO REDUCE SPEED TO AVOID CRASH,UNABLE TO DETERMINE,323,N,AUSTIN BLVD,1512.0,,,,,,,4,NO INDICATION OF INJURY,0.0,0.0,0.0,0.0,0.0,4.0,0.0,17,7,7,41.8862575156,-87.7747075764,POINT (-87.774707576447 41.886257515631)
4342779e9e1b826999cfed118148023cd2a89ccd58f231b08c233099b1dee8ef671f8fdbb46dfd5fabee5a42c5635c0cfa8bf55f0fe3da664edcc034664101e9,HZ386313,,08/09/2016 01:00:00 PM,30,NO CONTROLS,NO CONTROLS,CLEAR,DAYLIGHT,PARKED MOTOR VEHICLE,NOT DIVIDED,2.0,STRAIGHT ON GRADE,DRY,NO DEFECTS,NOT ON SCENE (DESK REPORT),NO INJURY / DRIVE AWAY,,,Y,"$501 - $1,500",08/10/2016 03:00:00 PM,UNABLE TO DETERMINE,UNABLE TO DETERMINE,2443,W,DAKIN ST,1921.0,,,,,,,2,NO INDICATION OF INJURY,0.0,0.0,0.0,0.0,0.0,1.0,0.0,13,3,8,41.9529684863,-87.6901096386,POINT (-87.690109638612 41.952968486255)
d56a1c7d05d5e1f868782b9d773d81910aa3aa6a303d083b484ead4b2eafe3547e9608c40a253191b340acaec479b6cb47013086b8a8d63791da1b161015016b,JA164783,,02/23/2017 03:40:00 PM,30,NO CONTROLS,NO CONTROLS,CLEAR,DAYLIGHT,SIDESWIPE SAME DIRECTION,ONE-WAY,1.0,STRAIGHT AND LEVEL,DRY,NO DEFECTS,NOT ON SCENE (DESK REPORT),INJURY AND / OR TOW DUE TO CRASH,,,,$500 OR LESS,02/23/2017 04:20:00 PM,FAILING TO YIELD RIGHT-OF-WAY,UNABLE TO DETERMINE,43,E,80TH ST,623.0,,,,,,,2,NONINCAPACITATING INJURY,1.0,0.0,0.0,1.0,0.0,1.0,0.0,15,5,2,41.7490437391,-87.6228657382,POINT (-87.622865738192 41.749043739137)
0240c74acc6c3d53db34b94e22b4585716980c9af4183153350321b63a6f1c9de8f4e868e65ac2f0eae9cdc6d9ee3d7900922b4acc338723909c90ff86455bae,JG292023,,06/03/2023 02:00:00 AM,30,TRAFFIC SIGNAL,FUNCTIONING PROPERLY,CLEAR,"DARKNESS, LIGHTED ROAD",TURNING,Y-INTERSECTION,,STRAIGHT AND LEVEL,DRY,UNKNOWN,NOT ON SCENE (DESK REPORT),NO INJURY / DRIVE AWAY,N,,,"OVER $1,500",06/07/2023 04:20:00 PM,UNABLE TO DETERMINE,NOT APPLICABLE,450,E,LOWER WACKER DR,114.0,,,,,,,2,NO INDICATION OF INJURY,0.0,0.0,0.0,0.0,0.0,3.0,0.0,2,7,6,41.8875273824,-87.6165999096,POINT (-87.616599909647 41.887527382373)
5084a5a9e7144b42632aa8e7ec11c54d199ad675684f9fd14da13044c07d51c2978f00e37f5f5213d14849b74e3b247b33ce896ac9b175213c57eb4a5d8101eb,JD325611,,08/08/2020 11:15:00 PM,30,UNKNOWN,UNKNOWN,UNKNOWN,"DARKNESS, LIGHTED ROAD",TURNING,ONE-WAY,,STRAIGHT AND LEVEL,UNKNOWN,UNKNOWN,NOT ON SCENE (DESK REPORT),NO INJURY / DRIVE AWAY,,,Y,"OVER $1,500",08/08/2020 11:30:00 PM,IMPROPER TURNING/NO SIGNAL,IMPROPER LANE USAGE,3799,W,HARRISON ST,1133.0,,,,,,,2,NO INDICATION OF INJURY,0.0,0.0,0.0,0.0,0.0,4.0,0.0,23,7,8,41.8734058487,-87.72033139,POINT (-87.720331389988 41.87340584874)
71b19d102d3e45e09d2e288e810be6f36b9d71c6eb3227fc36ec33a82e7baeadb1ae57ad6609ae1e402dbbff05f4641defd6303ce72ff6d2e57704c006712b4c,JE217139,,05/02/2021 01:05:00 PM,30,NO CONTROLS,NO CONTROLS,CLEAR,DAYLIGHT,PARKED MOTOR VEHICLE,NOT DIVIDED,,STRAIGHT AND LEVEL,DRY,NO DEFECTS,ON SCENE,NO INJURY / DRIVE AWAY,,,,"$501 - $1,500",05/02/2021 01:09:00 PM,FAILING TO REDUCE SPEED TO AVOID CRASH,FAILING TO REDUCE SPEED TO AVOID CRASH,5026,S,WESTERN AVE,923.0,,,,,,,3,NO INDICATION OF INJURY,0.0,0.0,0.0,0.0,0.0,5.0,0.0,13,1,5,41.8020830017,-87.6843975403,POINT (-87.684397540342 41.802083001749)
96f678638346e2934f10651820ebdb2aecff09c1a0f70cac126f0c968984e4ca915064c02b200da3919f5d3b3960195b0692d1bb8214f63ca53d0ad5471a9346,HZ498199,,10/31/2016 09:00:00 PM,35,NO CONTROLS,NO CONTROLS,CLEAR,"DARKNESS, LIGHTED ROAD",SIDESWIPE SAME DIRECTION,DIVIDED - W/MEDIAN (NOT RAISED),,"CURVE, LEVEL",DRY,NO DEFECTS,NOT ON SCENE (DESK REPORT),NO INJURY / DRIVE AWAY,,,Y,"OVER $1,500",11/01/2016 03:00:00 PM,IMPROPER OVERTAKING/PASSING,UNABLE TO DETERMINE,150,N,LAKE SHORE DR NB,114.0,,,,,,,2,NO INDICATION OF INJURY,0.0,0.0,0.0,0.0,0.0,2.0,0.0,21,2,10,41.8843487635,-87.6145497781,POINT (-87.614549778133 41.884348763505)
30d04b970d5acde0bc5f5400c7fc71df6b84636ef6e8e985e8c3e05310748da3e5ffa4583949546f3168dc545a2749e9600fa4b55bd34bddf3509dbc64ac4550,JC405248,,08/24/2019 11:20:00 AM,35,TRAFFIC SIGNAL,FUNCTIONING PROPERLY,CLEAR,DAYLIGHT,TURNING,DIVIDED - W/MEDIAN (NOT RAISED),,STRAIGHT AND LEVEL,DRY,NO DEFECTS,ON SCENE,NO INJURY / DRIVE AWAY,Y,,,"OVER $1,500",08/24/2019 11:38:00 AM,NOT APPLICABLE,NOT APPLICABLE,800,W,103RD ST,2232.0,,,,,,,2,NO INDICATION OF INJURY,0.0,0.0,0.0,0.0,0.0,8.0,0.0,11,7,8,41.7070263198,-87.6428960074,POINT (-87.642896007418 41.707026319812)
f2955d809f0e35d4e7a023a56b64c8aa25a6280be688e8c169862783b88bbab32ce13867094493e7ef9e69d99b47f39a9988d7b6e89455f8c38992303f6b18c0,JD255973,,06/06/2020 05:36:00 PM,30,NO CONTROLS,NO CONTROLS,CLEAR,DAYLIGHT,PARKED MOTOR VEHICLE,ONE-WAY,,STRAIGHT AND LEVEL,DRY,NO DEFECTS,ON SCENE,INJURY AND / OR TOW DUE TO CRASH,,,,"OVER $1,500",06/06/2020 05:53:00 PM,UNDER THE INFLUENCE OF ALCOHOL/DRUGS (USE WHEN ARREST IS EFFECTED),PHYSICAL CONDITION OF DRIVER,2442,N,PARKSIDE AVE,2515.0,,,,,,,3,NO INDICATION OF INJURY,0.0,0.0,0.0,0.0,0.0,1.0,0.0,17,7,6,41.9252396283,-87.7673987242,POINT (-87.767398724169 41.925239628273)
bff908ba9853f3aefcadf3bed026f037fa0c7a976aecb09439c8f1c36d8b696925b0ee1901673269c9a68a01bfb48b6e35ce6ebc6fe69a512c1355c37c8b1113,HZ273232,,05/21/2016 03:50:00 AM,30,TRAFFIC SIGNAL,FUNCTIONING PROPERLY,CLEAR,"DARKNESS, LIGHTED ROAD",REAR END,OTHER,0.0,STRAIGHT AND LEVEL,DRY,NO DEFECTS,NOT ON SCENE (DESK REPORT),NO INJURY / DRIVE AWAY,Y,,Y,"$501 - $1,500",05/21/2016 06:00:00 AM,HAD BEEN DRINKING (USE WHEN ARREST IS NOT MADE),FOLLOWING TOO CLOSELY,2,N,CENTRAL AVE,1513.0,,,,,,,2,NO INDICATION OF INJURY,0.0,0.0,0.0,0.0,0.0,2.0,0.0,3,7,5,41.8803452764,-87.7650113352,POINT (-87.765011335155 41.880345276423)
0fd67158e16d6bd633dd8b9c3b9c8fcb53b89802e668c9da862a7c0ea891d50aecd806fb718c27f6f542f5d310f2e426af71da27b580e9bb1cf0e3e1e1b7f356,JG329709,,07/05/2023 07:15:00 PM,30,NO CONTROLS,NO CONTROLS,CLEAR,"DARKNESS, LIGHTED ROAD",PARKED MOTOR VEHICLE,NOT DIVIDED,,STRAIGHT AND LEVEL,DRY,UNKNOWN,,NO INJURY / DRIVE AWAY,,,,"OVER $1,500",07/06/2023 09:30:00 AM,DRIVING SKILLS/KNOWLEDGE/EXPERIENCE,NOT APPLICABLE,7050,S,EUCLID AVE,332.0,,,,,,,2,NO INDICATION OF INJURY,0.0,0.0,0.0,0.0,0.0,3.0,0.0,19,4,7,41.7665911145,-87.5776888319,POINT (-87.577688831889 41.766591114511)
e0f6a1a7b2520509f93d9287da3a2e759bd267329ed1cd2d901ffeb2645ecae4e21c9b21281d8ce82b9436a39707adde75e909e2db19520aca6155455d187f2e,JD330780,,08/13/2020 10:40:00 AM,30,NO CONTROLS,NO CONTROLS,CLEAR,DAYLIGHT,SIDESWIPE SAME DIRECTION,DIVIDED - W/MEDIAN (NOT RAISED),,STRAIGHT AND LEVEL,DRY,NO DEFECTS,NOT ON SCENE (DESK REPORT),NO INJURY / DRIVE AWAY,,,,"$501 - $1,500",08/13/2020 11:10:00 AM,UNABLE TO DETERMINE,NOT APPLICABLE,2602,S,PULASKI RD,1031.0,,,,,,,2,NO INDICATION OF INJURY,0.0,0.0,0.0,0.0,0.0,4.0,0.0,10,5,8,41.8441029037,-87.7246916845,POINT (-87.724691684524 41.844102903667)
552b84661e40fbb0a1cd37702499c203c5cfab659ce031b459de4800d04977f07eec498746021c357fb4ae20e6be99e7dceb15c2819d32b9ee6093b6e87f398a,JE416601,,10/20/2021 03:30:00 PM,30,NO CONTROLS,NO CONTROLS,CLEAR,DAYLIGHT,REAR END,NOT DIVIDED,,STRAIGHT AND LEVEL,DRY,NO DEFECTS,NOT ON SCENE (DESK REPORT),NO INJURY / DRIVE AWAY,,,,"OVER $1,500",10/20/2021 04:30:00 PM,DRIVING SKILLS/KNOWLEDGE/EXPERIENCE,NOT APPLICABLE,2642,W,LOGAN BLVD,1411.0,,,,,,,2,NO INDICATION OF INJURY,0.0,0.0,0.0,0.0,0.0,2.0,0.0,15,4,10,41.9286030543,-87.6944123549,POINT (-87.694412354948 41.928603054269)
b822ab1184e80df309a1821db019a2d0da96f96e5e7186fd893c9d55bb67cc7fd435a06e64e72c7ddb019f2fbfdd472719287d3aef805088df7b37f2ac92cce9,JC331584,,07/02/2019 11:45:00 AM,20,NO CONTROLS,NO CONTROLS,RAIN,DAYLIGHT,PARKED MOTOR VEHICLE,ONE-WAY,,STRAIGHT AND LEVEL,WET,NO DEFECTS,ON SCENE,NO INJURY / DRIVE AWAY,,Y,,"OVER $1,500",07/02/2019 12:30:00 PM,UNABLE TO DETERMINE,UNABLE TO DETERMINE,1012,N,ST LOUIS AVE,1121.0,,,,,,,3,NO INDICATION OF INJURY,0.0,0.0,0.0,0.0,0.0,1.0,0.0,11,3,7,41.8995575741,-87.7141573789,POINT (-87.714157378871 41.899557574121)
d4e452f3e113696adea8c5b4f2b7212559580cd43d60d8e8f79a334ff000fba4c5bd4350e19fd907b90b3fd90c998ef570c00cb1b0b0a9d0527a0b00462b197a,JA160841,,02/18/2017 06:00:00 PM,15,NO CONTROLS,NO CONTROLS,CLEAR,DUSK,OTHER OBJECT,PARKING LOT,1.0,CURVE ON GRADE,DRY,NO DEFECTS,NOT ON SCENE (DESK REPORT),NO INJURY / DRIVE AWAY,,Y,,"OVER $1,500",02/20/2017 02:00:00 PM,UNABLE TO DETERMINE,UNABLE TO DETERMINE,1147,S,WABASH AVE,123.0,,,,,,,1,NO INDICATION OF INJURY,0.0,0.0,0.0,0.0,0.0,1.0,0.0,18,7,2,41.8678670902,-87.6256868412,POINT (-87.625686841193 41.867867090171)
0b44a0e8e81197e05e23957fbf0cde0f86c19a715e988020d9ead4191098029f6641451f49ff7d149309f479b02544039f991d687dcb49f1683f77610a58cd48,JF150467,,02/20/2022 01:30:00 PM,35,TRAFFIC SIGNAL,FUNCTIONING PROPERLY,CLEAR,DAYLIGHT,SIDESWIPE SAME DIRECTION,DIVIDED - W/MEDIAN (NOT RAISED),,STRAIGHT AND LEVEL,DRY,NO DEFECTS,NOT ON SCENE (DESK REPORT),NO INJURY / DRIVE AWAY,,,Y,"OVER $1,500",02/20/2022 02:10:00 PM,IMPROPER OVERTAKING/PASSING,IMPROPER OVERTAKING/PASSING,9152,S,ASHLAND AVE,2221.0,,,,,,,2,NO INDICATION OF INJURY,0.0,0.0,0.0,0.0,0.0,2.0,0.0,13,1,2,41.7269249538,-87.6629587499,POINT (-87.662958749857 41.726924953779)
d4bd24bc960c827e47ee7276fe5fac228f800194da367f8a9041361cdb121d358dce81d8715a9edb6877529ef38b982bac7328b68c6ffba075b07a54f9939711,JE392031,,09/29/2021 04:15:00 PM,35,TRAFFIC SIGNAL,FUNCTIONING PROPERLY,CLEAR,DAYLIGHT,REAR TO FRONT,NOT DIVIDED,,STRAIGHT AND LEVEL,DRY,NO DEFECTS,NOT ON SCENE (DESK REPORT),NO INJURY / DRIVE AWAY,,,,"OVER $1,500",09/29/2021 06:35:00 PM,NOT APPLICABLE,NOT APPLICABLE,2358,W,43RD ST,921.0,,,,,,,2,NO INDICATION OF INJURY,0.0,0.0,0.0,0.0,0.0,2.0,0.0,16,4,9,41.8158143069,-87.6839802863,POINT (-87.683980286316 41.815814306919)
3e90319541fd6d451a84f3121f2fcfc40b0aad3d62ebf522b6c0b4d8de93758258551be0f2089db104559845ed98db28e1bd457ca5a627e90e7f5658101d1370,,,11/01/2023 10:00:00 AM,30,STOP SIGN/FLASHER,FUNCTIONING PROPERLY,CLEAR,DAYLIGHT,SIDESWIPE SAME DIRECTION,NOT DIVIDED,,STRAIGHT AND LEVEL,WET,NO DEFECTS,ON SCENE,NO INJURY / DRIVE AWAY,,,,"$501 - $1,500",11/01/2023 10:00:00 AM,FAILING TO YIELD RIGHT-OF-WAY,NOT APPLICABLE,8905,S,HOUSTON AVE,424.0,,,,,,,2,NO INDICATION OF INJURY,0.0,0.0,0.0,0.0,0.0,2.0,0.0,10,4,11,41.7335419903,-87.5498073765,POINT (-87.549807376513 41.73354199029)
03d85f594c5bf7058b51db781f650dc650374caa59feaaafc762674194a70f9cdf3d23bae0b01f25f84f08c26aecc8c1b40a472c1f3bd223197e68d5f4695f00,JF244002,,05/16/2022 07:59:00 AM,30,NO CONTROLS,NO CONTROLS,CLEAR,DAYLIGHT,PARKED MOTOR VEHICLE,DIVIDED - W/MEDIAN (NOT RAISED),,STRAIGHT AND LEVEL,DRY,UNKNOWN,NOT ON SCENE (DESK REPORT),NO INJURY / DRIVE AWAY,,,,"$501 - $1,500",05/16/2022 09:30:00 AM,UNABLE TO DETERMINE,UNABLE TO DETERMINE,7229,S,ST LAWRENCE AVE,323.0,,,,,,,2,NO INDICATION OF INJURY,0.0,0.0,0.0,0.0,0.0,1.0,0.0,7,2,5,41.7630876431,-87.6102207909,POINT (-87.610220790876 41.763087643063)
993b9ea31be45be0bbe6a14dae916eaf097b051c48aadc9d69ef562acec8a966bb98784d644c96bf047d65545b897981f4484e66274089a06383e1ad36a5d83c,JB351577,,07/09/2018 08:00:00 AM,15,NO CONTROLS,NO CONTROLS,CLEAR,DAYLIGHT,PARKED MOTOR VEHICLE,ALLEY,1.0,STRAIGHT AND LEVEL,DRY,NO DEFECTS,NOT ON SCENE (DESK REPORT),NO INJURY / DRIVE AWAY,,,,"$501 - $1,500",07/16/2018 08:00:00 AM,UNABLE TO DETERMINE,UNABLE TO DETERMINE,4823,W,PALMER ST,2522.0,,,,,,,2,NO INDICATION OF INJURY,0.0,0.0,0.0,0.0,0.0,1.0,0.0,8,2,7,41.9204621919,-87.7471396163,POINT (-87.747139616307 41.92046219191)
2da5e91d81bc0490176bcaddb5b6dfc0fbbaa925b6c649d89156bc4cc3a6d5195052cae33f869dc43545c1872ca06ba6ef8f6b4d208e78e98c4d2bbf3a5ec326,JB419772,,09/02/2018 03:30:00 PM,30,NO CONTROLS,NO CONTROLS,CLEAR,DAYLIGHT,TURNING,NOT DIVIDED,4.0,STRAIGHT AND LEVEL,DRY,NO DEFECTS,NOT ON SCENE (DESK REPORT),INJURY AND / OR TOW DUE TO CRASH,,,,"$501 - $1,500",09/02/2018 10:46:00 PM,UNABLE TO DETERMINE,UNABLE TO DETERMINE,125,W,NORTH AVE,1821.0,,,,,,,2,NONINCAPACITATING INJURY,1.0,0.0,0.0,1.0,0.0,1.0,0.0,15,1,9,41.9110522074,-87.6327698704,POINT (-87.632769870398 41.911052207394)
1a8a4f9559e08faa1baa26dc877972e16bc834e19a7fe6a7128de0a64e5b936a3688bde470bb6ecb0db579e8b819637348d890e46c19afe1cea20b3d6f97d5fa,JG248978,,05/05/2023 11:00:00 AM,30,NO CONTROLS,NO CONTROLS,CLEAR,DAYLIGHT,PARKED MOTOR VEHICLE,DIVIDED - W/MEDIAN BARRIER,,STRAIGHT AND LEVEL,DRY,OTHER,NOT ON SCENE (DESK REPORT),NO INJURY / DRIVE AWAY,,,,"$501 - $1,500",05/05/2023 12:50:00 PM,DRIVING SKILLS/KNOWLEDGE/EXPERIENCE,UNABLE TO DETERMINE,47,E,81ST ST,631.0,,,,,,,2,NO INDICATION OF INJURY,0.0,0.0,0.0,0.0,0.0,1.0,0.0,11,6,5,41.7472245632,-87.6226534674,POINT (-87.622653467418 41.747224563189)
5267205e09d46628abd40c7763c910055a3405b99341c0137f2c0c57452a0981152a84a38b3a6a93841adb87d33376c9accc3cafa78c8c99555ff2575d8d1003,HZ493032,,10/28/2016 05:19:00 PM,25,NO CONTROLS,NO CONTROLS,CLEAR,DAYLIGHT,REAR END,NOT DIVIDED,2.0,STRAIGHT AND LEVEL,DRY,NO DEFECTS,NOT ON SCENE (DESK REPORT),NO INJURY / DRIVE AWAY,,,,$500 OR LESS,10/28/2016 06:21:00 PM,UNABLE TO DETERMINE,UNABLE TO DETERMINE,800,E,75TH ST,323.0,,,,,,,2,NO INDICATION OF INJURY,0.0,0.0,0.0,0.0,0.0,2.0,0.0,17,6,10,41.75869138,-87.60533417,POINT (-87.605334170015 41.75869137995)
7d1c5ec8d1acd18795916186f3c85e7dbcf2993da96a4976b80e4638bd5ad708703c8ea35c2eda17e92d025fc0ca0a84feca8fef97ca43f36ac197790bf8b755,JE206026,,04/21/2021 05:39:00 PM,30,NO CONTROLS,NO CONTROLS,CLEAR,DAYLIGHT,FIXED OBJECT,DIVIDED - W/MEDIAN (NOT RAISED),,STRAIGHT AND LEVEL,DRY,NO DEFECTS,ON SCENE,NO INJURY / DRIVE AWAY,,,Y,"OVER $1,500",04/21/2021 05:41:00 PM,IMPROPER LANE USAGE,EQUIPMENT - VEHICLE CONDITION,5838,S,KEDZIE AVE,822.0,,,,,,,1,NO INDICATION OF INJURY,0.0,0.0,0.0,0.0,0.0,2.0,0.0,17,4,4,41.7869006979,-87.7035113761,POINT (-87.703511376086 41.78690069793)
3a717eaccb4c3d06a92e7aaecc7076aabfbafedbe07ebc6c0bd88b67fc674bd296859530f850f37e89e9c23ead712e2cf72f4085027112e593f8cc7de092ae6f,JA318551,,06/21/2017 07:29:00 AM,25,TRAFFIC SIGNAL,FUNCTIONING PROPERLY,CLEAR,DAYLIGHT,SIDESWIPE SAME DIRECTION,DIVIDED - W/MEDIAN (NOT RAISED),4.0,STRAIGHT AND LEVEL,DRY,NO DEFECTS,ON SCENE,NO INJURY / DRIVE AWAY,,,,"$501 - $1,500",06/22/2017 08:37:00 PM,UNABLE TO DETERMINE,UNABLE TO DETERMINE,1211,S,ASHLAND AVE,1233.0,,,,,,,2,NO INDICATION OF INJURY,0.0,0.0,0.0,0.0,0.0,2.0,0.0,7,4,6,41.8665363306,-87.6662354138,POINT (-87.666235413755 41.866536330571)
fa64ec6c83ded4525078e6bf541a717a602eddcb6947a950653af430c07b685dd68e728dc68dc1816a7053f00bdc78ab49ea85b78ec1c5f3ce322d58450dc2c0,JG172925,,03/03/2023 05:10:00 PM,30,TRAFFIC SIGNAL,FUNCTIONING IMPROPERLY,SNOW,DUSK,ANGLE,NOT DIVIDED,,STRAIGHT AND LEVEL,WET,NO DEFECTS,ON SCENE,INJURY AND / OR TOW DUE TO CRASH,Y,,,"OVER $1,500",03/03/2023 05:28:00 PM,DRIVING SKILLS/KNOWLEDGE/EXPERIENCE,WEATHER,2000,E,87TH ST,412.0,,,,,,,2,NO INDICATION OF INJURY,0.0,0.0,0.0,0.0,0.0,6.0,0.0,17,6,3,41.7371665845,-87.5756606325,POINT (-87.575660632484 41.737166584514)
703e189c147fe864b703de1dd312104bb3eb02cb86c32a9ec25fc1044839253e5e31d4b92a7430d303bb93c9af4bcbf57564aeb54d9fd7521e171040d0623fda,JC396745,Y,08/16/2019 05:00:00 PM,15,NO CONTROLS,NO CONTROLS,CLEAR,DUSK,PARKED MOTOR VEHICLE,PARKING LOT,,STRAIGHT AND LEVEL,DRY,UNKNOWN,ON SCENE,NO INJURY / DRIVE AWAY,,Y,Y,$500 OR LESS,08/17/2019 08:02:00 PM,UNABLE TO DETERMINE,UNABLE TO DETERMINE,6426,N,RIDGE BLVD,2412.0,,,,,,,2,NO INDICATION OF INJURY,0.0,0.0,0.0,0.0,0.0,1.0,0.0,17,6,8,41.9986893294,-87.6773240189,POINT (-87.677324018934 41.998689329362)
bd10d7c91c4c2791ec7a79dadd84c5ce589baa71b18e71fc9abb4c6fb09f71ee976edc7adf500cf9569ac8bbeb52530a94c49b83158fcd8265314f19a28c9417,JF302870,,07/02/2022 04:30:00 PM,30,NO CONTROLS,NO CONTROLS,CLEAR,DAYLIGHT,REAR TO FRONT,NOT DIVIDED,,STRAIGHT AND LEVEL,OTHER,UNKNOWN,NOT ON SCENE (DESK REPORT),NO INJURY / DRIVE AWAY,,,,"$501 - $1,500",07/02/2022 05:10:00 PM,FAILING TO YIELD RIGHT-OF-WAY,NOT APPLICABLE,7600,S,SEELEY AVE,611.0,,,,,,,2,NO INDICATION OF INJURY,0.0,0.0,0.0,0.0,0.0,2.0,0.0,16,7,7,41.7555880795,-87.6746458198,POINT (-87.674645819779 41.755588079474)
bf55c1bc7aa6b570a3cd7f4096e0bdd877cd9b5e31cf9a94d7b31b989054d9d4a2b0b4e72289fc4bd47fd74ba32c4c371c0e7c7a7a2fbb4d52e82371a93f3b24,JB427425,,09/08/2018 04:00:00 AM,30,NO CONTROLS,NO CONTROLS,CLEAR,DAYLIGHT,TURNING,ALLEY,,STRAIGHT AND LEVEL,DRY,NO DEFECTS,NOT ON SCENE (DESK REPORT),NO INJURY / DRIVE AWAY,,,Y,"$501 - $1,500",09/08/2018 02:26:00 PM,UNABLE TO DETERMINE,UNABLE TO DETERMINE,7900,S,EBERHART AVE,624.0,,,,,,,2,NO INDICATION OF INJURY,0.0,0.0,0.0,0.0,0.0,2.0,0.0,4,7,9,41.7510660671,-87.612646846,POINT (-87.612646846049 41.751066067075)
c236d3332b0497364dc0fd07e575affcb52b52a96b738345a29986daaefdcff9eaaa90f79b3e7407ae36a124653b978a522171315c71d9fc467f0404c4ec48c9,JD424905,,11/07/2020 12:01:00 AM,30,NO CONTROLS,NO CONTROLS,CLEAR,DARKNESS,PARKED MOTOR VEHICLE,DIVIDED - W/MEDIAN (NOT RAISED),,STRAIGHT AND LEVEL,DRY,NO DEFECTS,NOT ON SCENE (DESK REPORT),NO INJURY / DRIVE AWAY,,,Y,"OVER $1,500",11/08/2020 11:30:00 AM,UNABLE TO DETERMINE,UNABLE TO DETERMINE,111,E,49TH ST,224.0,,,,,,,2,NO INDICATION OF INJURY,0.0,0.0,0.0,0.0,0.0,1.0,0.0,0,7,11,41.8055444428,-87.6222014487,POINT (-87.622201448733 41.805544442754)
1be6e3886f14533db46c95c4a6617869099a6382221cd13d62919428e904a4724c04f374b1c5b2b80a1b218918f4a94990208f199005c77da659d7ce066d2282,JG187746,,03/16/2023 12:05:00 PM,30,NO CONTROLS,NO CONTROLS,CLOUDY/OVERCAST,DAYLIGHT,PARKED MOTOR VEHICLE,NOT DIVIDED,,STRAIGHT AND LEVEL,WET,NO DEFECTS,NOT ON SCENE (DESK REPORT),NO INJURY / DRIVE AWAY,,,,"OVER $1,500",03/16/2023 12:41:00 PM,UNABLE TO DETERMINE,NOT APPLICABLE,3857,W,ROOSEVELT RD,1011.0,,,,,,,2,NO INDICATION OF INJURY,0.0,0.0,0.0,0.0,0.0,1.0,0.0,12,5,3,41.8660991559,-87.7224888857,POINT (-87.722488885715 41.866099155882)
87f626d4d1e666c00eeb093c1f0084e37df897b127769bd564ec74826f764cc536e3fc1dc20e967e614cd69cb7e08947b72c24c6865561905cb0bf6f9ada0663,JE220289,,05/05/2021 11:25:00 AM,30,TRAFFIC SIGNAL,NO CONTROLS,CLEAR,DAYLIGHT,SIDESWIPE SAME DIRECTION,NOT DIVIDED,,STRAIGHT AND LEVEL,DRY,NO DEFECTS,NOT ON SCENE (DESK REPORT),NO INJURY / DRIVE AWAY,,,,"OVER $1,500",05/05/2021 11:40:00 AM,IMPROPER LANE USAGE,NOT APPLICABLE,5900,S,ASHLAND AVE,714.0,,,,,,,2,NO INDICATION OF INJURY,0.0,0.0,0.0,0.0,0.0,2.0,0.0,11,4,5,41.7866541783,-87.6645391577,POINT (-87.664539157743 41.786654178265)
b2994756993c2a62f72f2de5361fac4d966a2f46135655c5bc49d5ea10e5f7be66d73aa5835d9180b719988c0e4d7930ba8888a507f5c8ff373a021884fe9376,JD377976,,09/24/2020 04:24:00 PM,30,NO CONTROLS,NO CONTROLS,CLEAR,DAYLIGHT,REAR END,PARKING LOT,,STRAIGHT AND LEVEL,DRY,NO DEFECTS,ON SCENE,NO INJURY / DRIVE AWAY,,,,"$501 - $1,500",09/24/2020 04:26:00 PM,UNABLE TO DETERMINE,UNABLE TO DETERMINE,10532,S,INDIANAPOLIS AVE,432.0,,,,,,,2,NO INDICATION OF INJURY,0.0,0.0,0.0,0.0,0.0,2.0,0.0,16,5,9,41.7036623609,-87.5257124268,POINT (-87.52571242676 41.703662360894)