CRASH_RECORD_ID,RD_NO,CRASH_DATE_EST_I,CRASH_DATE,POSTED_SPEED_LIMIT,TRAFFIC_CONTROL_DEVICE,DEVICE_CONDITION,WEATHER_CONDITION,LIGHTING_CONDITION,FIRST_CRASH_TYPE,TRAFFICWAY_TYPE,LANE_CNT,ALIGNMENT,ROADWAY_SURFACE_COND,ROAD_DEFECT,REPORT_TYPE,CRASH_TYPE,INTERSECTION_RELATED_I,NOT_RIGHT_OF_WAY_I,HIT_AND_RUN_I,DAMAGE,DATE_POLICE_NOTIFIED,PRIM_CONTRIBUTORY_CAUSE,SEC_CONTRIBUTORY_CAUSE,STREET_NO,STREET_DIRECTION,STREET_NAME,BEAT_OF_OCCURRENCE,PHOTOS_TAKEN_I,STATEMENTS_TAKEN_I,DOORING_I,WORK_ZONE_I,WORK_ZONE_TYPE,WORKERS_PRESENT_I,NUM_UNITS,MOST_SEVERE_INJURY,INJURIES_TOTAL,INJURIES_FATAL,INJURIES_INCAPACITATING,INJURIES_NON_INCAPACITATING,INJURIES_REPORTED_NOT_EVIDENT,INJURIES_NO_INDICATION,INJURIES_UNKNOWN,CRASH_HOUR,CRASH_DAY_OF_WEEK,CRASH_MONTH,LATITUDE,LONGITUDE,LOCATION
2cc939fc0be84454b94ad6f5489f3ad63113ab1d8588dc140ca4a76dee750122442429a4a404deb24729407d28b4c29dc765f9db324601d659e39d8ccfc52206,JB364683,,07/25/2018 06:05:00 AM,30,NO CONTROLS,NO CONTROLS,CLEAR,DAYLIGHT,PEDESTRIAN,NOT DIVIDED,,STRAIGHT AND LEVEL,DRY,NO DEFECTS,,INJURY AND / OR TOW DUE TO CRASH,,,Y,"$501 - $1,500",07/25/2018 02:14:00 PM,NOT APPLICABLE,NOT APPLICABLE,6300,S,MAJOR AVE,812.0,,,,,,,2,NONINCAPACITATING INJURY,1.0,0.0,0.0,1.0,0.0,1.0,0.0,6,4,7,41.7779633317,-87.7643146113,POINT (-87.764314611339 41.777963331693)
d8fcb9960ba20f22ce60f68eea132dad707e3dab00eaeb37d1b1bcb3094f4a25ffefbd62b83be48691554ce60c393c30dfbd7d4d10db638db4764115dae99566,JF136173,,02/07/2022 05:40:00 AM,30,NO CONTROLS,NO CONTROLS,CLEAR,DAWN,PARKED MOTOR VEHICLE,DIVIDED - W/MEDIAN (NOT RAISED),,STRAIGHT AND LEVEL,WET,NO DEFECTS,ON SCENE,INJURY AND / OR TOW DUE TO CRASH,,,,"OVER $1,500",02/07/2022 05:43:00 AM,PHYSICAL CONDITION OF DRIVER,DRIVING SKILLS/KNOWLEDGE/EXPERIENCE,3119,W,HOWARD ST,2411.0,,,,,,,2,NO INDICATION OF INJURY,0.0,0.0,0.0,0.0,0.0,1.0,0.0,5,2,2,42.0190619886,-87.7074314251,POINT (-87.70743142513 42.019061988582)
43b4ea3e353f20c4a01a8d7bd163ac7ffba4ca9e0a25c9f00431d2a88d6126f46b3c2da68cae2957deac33753ae99444e88e6b3bf5dc8b4fcf9df2fb0690c3c5,JE151115,,02/24/2021 04:13:00 PM,30,TRAFFIC SIGNAL,FUNCTIONING PROPERLY,CLOUDY/OVERCAST,DUSK,TURNING,"FIVE POINT, OR MORE",,STRAIGHT AND LEVEL,DRY,NO DEFECTS,ON SCENE,NO INJURY / DRIVE AWAY,,,Y,"OVER $1,500",02/24/2021 04:16:00 PM,UNABLE TO DETERMINE,UNABLE TO DETERMINE,7100,S,SOUTH CHICAGO AVE,323.0,,,,,,,2,NO INDICATION OF INJURY,0.0,0.0,0.0,0.0,0.0,2.0,0.0,16,4,2,41.7657167263,-87.605584027,POINT (-87.605584026987 41.765716726294)
e32d53469be2979c2a3121ac8269f5302cacf3d74f80b1414921429b80d44031216320d57984706502cd42008a07325c0c4881613b40145012ea7af16bbfc438,JG359421,,07/28/2023 10:30:00 AM,30,TRAFFIC SIGNAL,FUNCTIONING PROPERLY,CLEAR,DAYLIGHT,TURNING,FOUR WAY,,STRAIGHT AND LEVEL,DRY,NO DEFECTS,NOT ON SCENE (DESK REPORT),NO INJURY / DRIVE AWAY,Y,,Y,"OVER $1,500",07/28/2023 12:00:00 PM,DISREGARDING TRAFFIC SIGNALS,NOT APPLICABLE,5401,S,WENTWORTH AVE,225.0,,,,,,,2,NO INDICATION OF INJURY,0.0,0.0,0.0,0.0,0.0,3.0,0.0,10,6,7,41.7962348752,-87.6304049244,POINT (-87.630404924387 41.796234875219)
5c63a1f10ff5a702dfb44e510fc53241da1224731e9863d5544cc29f4de4e49a2c37cbdf831dc5d539e2f343262116b8964bf3aeed06ad09a9affd868689033f,JC232733,,04/21/2019 11:55:00 AM,20,NO CONTROLS,NO CONTROLS,CLEAR,DAYLIGHT,SIDESWIPE OPPOSITE DIRECTION,NOT DIVIDED,,STRAIGHT AND LEVEL,DRY,NO DEFECTS,NOT ON SCENE (DESK REPORT),NO INJURY / DRIVE AWAY,,,,"OVER $1,500",04/21/2019 02:30:00 PM,UNABLE TO DETERMINE,NOT APPLICABLE,7200,W,CORNELIA AVE,1631.0,,,,,,,2,NO INDICATION OF INJURY,0.0,0.0,0.0,0.0,0.0,2.0,0.0,11,1,4,41.9435543421,-87.8070085461,POINT (-87.807008546093 41.943554342111)
b16523276236a0edbe8ba78787d2f792e6abcd2acb17024734875fc6bffdb0dabe50e6932d6162a55c83932b676a1f7fe5c2133efe3a1e2500c76e3eb05d1ce3,JC465229,,10/08/2019 07:00:00 PM,25,NO CONTROLS,FUNCTIONING PROPERLY,CLEAR,DARKNESS,SIDESWIPE SAME DIRECTION,NOT DIVIDED,,STRAIGHT AND LEVEL,DRY,NO DEFECTS,NOT ON SCENE (DESK REPORT),NO INJURY / DRIVE AWAY,Y,,,"$501 - $1,500",10/08/2019 07:10:00 PM,UNABLE TO DETERMINE,UNABLE TO DETERMINE,425,S,WESTERN AVE,1225.0,,,,,,,2,NO INDICATION OF INJURY,0.0,0.0,0.0,0.0,0.0,3.0,0.0,19,3,10,41.8754242256,-87.6861018288,POINT (-87.686101828786 41.875424225648)
0542014092cf3c9e3201a2167408dfb26f10f9ad8ccb79021aab8d37721bc5f5e776a42c83c308aaa02c94289f1f80535472551eaa369451509ce845dd24a21f,JG332182,,07/07/2023 08:52:00 PM,20,NO CONTROLS,NO CONTROLS,CLEAR,"DARKNESS, LIGHTED ROAD",PEDESTRIAN,NOT DIVIDED,,STRAIGHT AND LEVEL,WET,NO DEFECTS,NOT ON SCENE (DESK REPORT),NO INJURY / DRIVE AWAY,,,,"OVER $1,500",07/08/2023 12:05:00 AM,UNABLE TO DETERMINE,UNABLE TO DETERMINE,5224,W,AUGUSTA BLVD,1524.0,,,,,,,2,NO INDICATION OF INJURY,0.0,0.0,0.0,0.0,0.0,3.0,0.0,20,6,7,41.8986866647,-87.7568573145,POINT (-87.756857314549 41.898686664722)
1cc9303b1e53c8384c5e46bc29480134df31e86793743d262f3183d2c188ed9e6d1d17bba7ed30a8abd0eeed48d05a3faea67bf336bcbabedc0b79a026ad5467,JD228370,,05/09/2020 04:00:00 PM,20,STOP SIGN/FLASHER,NO CONTROLS,CLEAR,DAYLIGHT,ANGLE,T-INTERSECTION,,STRAIGHT AND LEVEL,DRY,NO DEFECTS,NOT ON SCENE (DESK REPORT),NO INJURY / DRIVE AWAY,,,,"OVER $1,500",05/09/2020 07:20:00 PM,FAILING TO YIELD RIGHT-OF-WAY,NOT APPLICABLE,8800,S,COLFAX AVE,423.0,,,,,,,2,NO INDICATION OF INJURY,0.0,0.0,0.0,0.0,0.0,4.0,0.0,16,7,5,41.7353532209,-87.5612561037,POINT (-87.561256103659 41.735353220909)
bfa4a5a5747883025aedd4eeb2aa37bb83b953e1b5d48d764a991c3b2d9293fff7108017e8f9a05e2b99024a5d10325d8c70ea39fd4e6b0cf3c4b7cd467f4ab2,JF131601,,02/02/2022 07:45:00 AM,10,NO CONTROLS,NO CONTROLS,SNOW,DAYLIGHT,REAR END,PARKING LOT,,STRAIGHT AND LEVEL,WET,NO DEFECTS,NOT ON SCENE (DESK REPORT),NO INJURY / DRIVE AWAY,,Y,,"$501 - $1,500",02/02/2022 08:15:00 AM,UNABLE TO DETERMINE,UNABLE TO DETERMINE,4200,N,OAK PARK AVE,1632.0,,,,,,,2,NO INDICATION OF INJURY,0.0,0.0,0.0,0.0,0.0,2.0,0.0,7,4,2,41.9564398695,-87.7975709464,POINT (-87.797570946409 41.956439869471)
030b4e74bd87a8c2814e18326de0c1f0a9eaee803dd02abf898fc97aa27d2ae6763ae7d61504c186d390b01ef6f23c742ec539a8aef40096f956a08724310f86,JE329634,,08/05/2021 08:35:00 PM,20,NO CONTROLS,NO CONTROLS,UNKNOWN,DARKNESS,PARKED MOTOR VEHICLE,ONE-WAY,,STRAIGHT AND LEVEL,UNKNOWN,UNKNOWN,NOT ON SCENE (DESK REPORT),NO INJURY / DRIVE AWAY,,,N,"OVER $1,500",08/07/2021 09:02:00 AM,UNABLE TO DETERMINE,UNABLE TO DETERMINE,737,W,50TH PL,935.0,,,,,,,2,NO INDICATION OF INJURY,0.0,0.0,0.0,0.0,0.0,1.0,0.0,20,5,8,41.8023990809,-87.6444606107,POINT (-87.644460610746 41.802399080882)
e3b92e03891e10f30b4d5ed54b98f291dee6a6f23922a768eb979c0162925b6a632e3fcf1a42c405cad09d836fcfdbe1393957f312181f3607825a415c5b027a,JD123156,,01/21/2020 11:29:00 AM,35,TRAFFIC SIGNAL,FUNCTIONING PROPERLY,CLEAR,DAYLIGHT,ANGLE,DIVIDED - W/MEDIAN (NOT RAISED),,STRAIGHT AND LEVEL,DRY,NO DEFECTS,ON SCENE,INJURY AND / OR TOW DUE TO CRASH,Y,,,"OVER $1,500",01/21/2020 11:29:00 AM,UNABLE TO DETERMINE,UNABLE TO DETERMINE,3400,N,CICERO AVE,1634.0,,,,,,,2,INCAPACITATING INJURY,1.0,0.0,1.0,0.0,0.0,1.0,0.0,11,3,1,41.9425200062,-87.7471128212,POINT (-87.747112821184 41.942520006214)
004f1d4daa75037208e2d3ba1044f3530741a2765624ec9ab3aca7351bc2cc83d9f1a813bda347d8160f40c49b5473e5a2ce20e95f033e794a6de33a55df7df0,,,11/04/2023 12:30:00 PM,30,NO CONTROLS,UNKNOWN,UNKNOWN,UNKNOWN,PARKED MOTOR VEHICLE,ONE-WAY,,STRAIGHT AND LEVEL,UNKNOWN,UNKNOWN,NOT ON SCENE (DESK REPORT),NO INJURY / DRIVE AWAY,,,Y,"$501 - $1,500",11/04/2023 12:30:00 PM,UNABLE TO DETERMINE,UNABLE TO DETERMINE,1213,W,LUNT AVE,2431.0,,,,,,,2,NO INDICATION OF INJURY,0.0,0.0,0.0,0.0,0.0,1.0,0.0,12,7,11,42.0090670144,-87.6625079876,POINT (-87.662507987615 42.009067014448)
da659842fa1a40b49e7677812062d1cf80e61962de345a457e109ab27406df4f6dc8680bbc09d4947d1871690c65e2894cf45ecf386eb3e3e3c18f7bcf1f6657,JG176218,,03/06/2023 02:40:00 PM,30,NO CONTROLS,NO CONTROLS,UNKNOWN,UNKNOWN,TURNING,DIVIDED - W/MEDIAN BARRIER,,STRAIGHT AND LEVEL,UNKNOWN,UNKNOWN,NOT ON SCENE (DESK REPORT),NO INJURY / DRIVE AWAY,,,Y,"$501 - $1,500",03/06/2023 04:45:00 PM,UNABLE TO DETERMINE,NOT APPLICABLE,7901,S,HAMLIN AVE,834.0,,,,,,,2,NO INDICATION OF INJURY,0.0,0.0,0.0,0.0,0.0,2.0,0.0,14,2,3,41.749479416,-87.716880014,POINT (-87.716880013971 41.749479416045)
e8108676a28414b3eec0620e6612eee0b39eef921d4a163862b36965577db212abd9da64e627f77c894e4004e8444bb34755432fd15bdcf6a6fd1a732aea8754,JE267918,,06/16/2021 10:45:00 AM,30,NO CONTROLS,NO CONTROLS,CLEAR,DAYLIGHT,REAR TO SIDE,NOT DIVIDED,,STRAIGHT AND LEVEL,DRY,NO DEFECTS,ON SCENE,NO INJURY / DRIVE AWAY,,,Y,$500 OR LESS,06/16/2021 10:50:00 AM,IMPROPER BACKING,NOT APPLICABLE,5431,W,MONTROSE AVE,1624.0,,,,,,,2,NO INDICATION OF INJURY,0.0,0.0,0.0,0.0,0.0,2.0,0.0,10,4,6,41.960416898,-87.7635826497,POINT (-87.763582649737 41.960416898039)
1db7f55a7b48d5918bd0d7fd7943b78604b48229d997b8cbc50bc7bb96d8171f29fae251a7d6d6637476346b8662dd3e87d281122670b5a3e514832470876a78,JF380189,,08/29/2022 07:50:00 PM,30,TRAFFIC SIGNAL,FUNCTIONING PROPERLY,CLEAR,DUSK,REAR END,NOT DIVIDED,,STRAIGHT AND LEVEL,DRY,NO DEFECTS,NOT ON SCENE (DESK REPORT),NO INJURY / DRIVE AWAY,N,,,"OVER $1,500",09/02/2022 12:35:00 PM,FAILING TO REDUCE SPEED TO AVOID CRASH,NOT APPLICABLE,1071,W,DIVISION ST,1822.0,,,,,,,3,NO INDICATION OF INJURY,0.0,0.0,0.0,0.0,0.0,4.0,0.0,19,2,8,41.9034221692,-87.6553767114,POINT (-87.655376711408 41.903422169228)
804a073343e7eeb26fa54d1f8489ad6fa0026c882cff17e377ac79e8c0ad42249631d405b552e104d567de542ea4cafe0ac6bdae6f7c865e354bedff735311f8,JE352896,,08/28/2021 10:36:00 AM,30,NO CONTROLS,NO CONTROLS,CLEAR,DAYLIGHT,TURNING,NOT DIVIDED,,STRAIGHT AND LEVEL,DRY,NO DEFECTS,NOT ON SCENE (DESK REPORT),INJURY AND / OR TOW DUE TO CRASH,,,,"OVER $1,500",08/28/2021 10:37:00 AM,IMPROPER TURNING/NO SIGNAL,NOT APPLICABLE,5024,W,CHICAGO AVE,1531.0,,,,,,,2,NONINCAPACITATING INJURY,1.0,0.0,0.0,1.0,0.0,2.0,0.0,10,7,8,41.8950666261,-87.7517138358,POINT (-87.751713835842 41.89506662609)
0047bbc5e8a5e3e9909590ddd55485e8c6a759860cff31371c26ff16be27f09e2b11ac7c3a7448fdc216f0b536ff5336b12178b43d511abbf5b8ab12917a8082,JF412306,,09/27/2022 09:20:00 AM,30,TRAFFIC SIGNAL,FUNCTIONING PROPERLY,CLEAR,DAYLIGHT,ANGLE,FOUR WAY,,STRAIGHT AND LEVEL,DRY,NO DEFECTS,ON SCENE,INJURY AND / OR TOW DUE TO CRASH,Y,,,"OVER $1,500",09/27/2022 09:23:00 AM,FAILING TO YIELD RIGHT-OF-WAY,FAILING TO YIELD RIGHT-OF-WAY,1401,N,CENTRAL AVE,2532.0,,,,,,,3,NO INDICATION OF INJURY,0.0,0.0,0.0,0.0,0.0,5.0,0.0,9,3,9,41.9058524564,-87.7656414962,POINT (-87.765641496198 41.905852456387)
be30c9fe2c338ad031d02c4aa5b5cb7010c606de6118d202d672c879462e49cbddf6d6b80360c949946ed0d31ee44278f95a6a61884e571021bb89ac2fbaed70,JG161469,,02/22/2023 06:50:00 AM,30,NO CONTROLS,NO CONTROLS,CLEAR,DAYLIGHT,TURNING,NOT DIVIDED,,STRAIGHT AND LEVEL,DRY,NO DEFECTS,,INJURY AND / OR TOW DUE TO CRASH,,,,"OVER $1,500",02/22/2023 07:12:00 AM,FAILING TO YIELD RIGHT-OF-WAY,FAILING TO YIELD RIGHT-OF-WAY,7700,S,KEDZIE AVE,835.0,,,,,,,2,INCAPACITATING INJURY,3.0,0.0,2.0,1.0,0.0,2.0,0.0,6,4,2,41.75335698,-87.7026425505,POINT (-87.70264255049 41.753356980012)
ef89c867341236dd8bc0a530601828645e8994944d61e7c78e79757bd45518b3610149d216d5ecb27263d49449834280805fcb2725b50ab7e722b32a645d82fa,JA119604,,01/17/2017 04:45:00 PM,20,NO CONTROLS,NO CONTROLS,CLEAR,DARKNESS,TURNING,DIVIDED - W/MEDIAN (NOT RAISED),2.0,STRAIGHT AND LEVEL,DRY,UNKNOWN,NOT ON SCENE (DESK REPORT),NO INJURY / DRIVE AWAY,,,,"OVER $1,500",01/17/2017 06:04:00 PM,FAILING TO YIELD RIGHT-OF-WAY,IMPROPER OVERTAKING/PASSING,5500,S,FAIRFIELD AVE,824.0,,,,,,,2,NO INDICATION OF INJURY,0.0,0.0,0.0,0.0,0.0,2.0,0.0,16,3,1,41.7936214824,-87.6927259139,POINT (-87.692725913927 41.793621482393)
2ef941b269dcc2284b2c74c17125559c36662f2849e31eb3b204ab98bc0af69cf81c9358dbb457a69de68cc8066bfa2bdea15bd528889ce4f97c95a4affbce5f,JF118927,,01/19/2022 12:00:00 PM,30,TRAFFIC SIGNAL,FUNCTIONING PROPERLY,CLEAR,DAYLIGHT,REAR END,DIVIDED - W/MEDIAN BARRIER,,STRAIGHT AND LEVEL,DRY,NO DEFECTS,NOT ON SCENE (DESK REPORT),NO INJURY / DRIVE AWAY,,,,"$501 - $1,500",01/20/2022 03:15:00 PM,UNABLE TO DETERMINE,UNABLE TO DETERMINE,9430,S,STONY ISLAND AVE,413.0,,,,,,,2,NO INDICATION OF INJURY,0.0,0.0,0.0,0.0,0.0,2.0,0.0,12,4,1,41.7231272034,-87.5852892196,POINT (-87.585289219624 41.723127203409)
b14deeefc648cb896903ffa38b424ee1d491c24b647a89a4045a01d44b2e3bbd00fe69e64e7cde2ae668200bd68b3ec981ca6458ca35feea121dca6f09d7cec0,JE258676,,06/08/2021 05:15:00 PM,30,NO CONTROLS,NO CONTROLS,CLEAR,DAYLIGHT,PEDALCYCLIST,NOT DIVIDED,,STRAIGHT AND LEVEL,DRY,NO DEFECTS,ON SCENE,INJURY AND / OR TOW DUE TO CRASH,,,,"OVER $1,500",06/08/2021 05:15:00 PM,UNABLE TO DETERMINE,NOT APPLICABLE,1343,S,HALSTED ST,1232.0,,,,,,,2,NONINCAPACITATING INJURY,1.0,0.0,0.0,1.0,0.0,1.0,0.0,17,3,6,41.8642056857,-87.6466870037,POINT (-87.64668700369 41.86420568567)
9683a7c4fd91d6485731a6e5f6d8bc79a775f2cfc84a04c7d69ac4a261bcf7a9c242fe8253345de359c082ba27fee0c498d568d28febf5a9137d2574df5df746,JB205216,,03/29/2018 05:00:00 PM,30,TRAFFIC SIGNAL,FUNCTIONING PROPERLY,CLEAR,DAYLIGHT,TURNING,DIVIDED - W/MEDIAN (NOT RAISED),4.0,STRAIGHT AND LEVEL,DRY,UNKNOWN,NOT ON SCENE (DESK REPORT),NO INJURY / DRIVE AWAY,Y,,Y,"$501 - $1,500",03/30/2018 01:00:00 PM,IMPROPER TURNING/NO SIGNAL,UNABLE TO DETERMINE,800,W,88TH ST,2223.0,,,,,,,2,NO INDICATION OF INJURY,0.0,0.0,0.0,0.0,0.0,2.0,0.0,17,5,3,41.7344241751,-87.643625293,POINT (-87.643625292991 41.734424175146)
07575e45181d9f713c5f5a024a3f71394ac39a1adbcb2fab84bb685998d4dc2b17dbeed5d6ec93b868c25485f11f778f15f8a8a175b5d862e614fb1dec5079be,HZ232432,,04/19/2016 03:50:00 PM,30,TRAFFIC SIGNAL,FUNCTIONING PROPERLY,CLEAR,DAYLIGHT,TURNING,DIVIDED - W/MEDIAN (NOT RAISED),6.0,STRAIGHT AND LEVEL,DRY,NO DEFECTS,NOT ON SCENE (DESK REPORT),NO INJURY / DRIVE AWAY,Y,,Y,$500 OR LESS,04/19/2016 05:20:00 PM,IMPROPER LANE USAGE,NOT APPLICABLE,7158,W,NORTH AVE,2513.0,,,,,,,2,NO INDICATION OF INJURY,0.0,0.0,0.0,0.0,0.0,2.0,0.0,15,3,4,41.90898946,-87.8043628415,POINT (-87.804362841452 41.908989459958)
7971a6b682678ba8692c2c3c12ff5e4d64907d50ab988d4eabebe29c9f0d9e9297b823d8591a8c1888cd8ac314a1eca944b0bfe622568d299db1fb69c6ad1f09,JG457610,,10/10/2023 03:50:00 AM,30,NO CONTROLS,NO CONTROLS,CLEAR,"DARKNESS, LIGHTED ROAD",PARKED MOTOR VEHICLE,PARKING LOT,,STRAIGHT AND LEVEL,DRY,NO DEFECTS,ON SCENE,NO INJURY / DRIVE AWAY,,,N,"$501 - $1,500",10/10/2023 04:24:00 AM,IMPROPER BACKING,IMPROPER BACKING,4406,S,PULASKI RD,815.0,,,,,,,2,NO INDICATION OF INJURY,0.0,0.0,0.0,0.0,0.0,1.0,0.0,3,3,10,41.8131010511,-87.7239283229,POINT (-87.723928322886 41.813101051127)
62b840a215c35a2cc8b0c92388ef1f43fca3fbac4b2ae3a2ee3813cdfcd87f71484c37e2f03c924b05d884fc774a338f80499fe3b8a18d18ff649c4489781ea8,JF245316,Y,05/16/2022 10:30:00 PM,20,NO CONTROLS,NO CONTROLS,CLEAR,"DARKNESS, LIGHTED ROAD",PARKED MOTOR VEHICLE,NOT DIVIDED,,STRAIGHT AND LEVEL,DRY,NO DEFECTS,ON SCENE,NO INJURY / DRIVE AWAY,,,Y,"OVER $1,500",05/17/2022 08:34:00 AM,NOT APPLICABLE,NOT APPLICABLE,7120,N,ROCKWELL ST,2411.0,,,,,,,2,NO INDICATION OF INJURY,0.0,0.0,0.0,0.0,0.0,1.0,0.0,22,2,5,42.0110379113,-87.6951254642,POINT (-87.695125464226 42.011037911261)
e872f2757f3efb3758e420f94443ca548d25c5c2f30b36f0a9efabf3ab048facfc7727127224d90ab14a121a59c39c65c11a24c21a93fe7d5f3b348f297450ce,JE282454,,06/28/2021 09:00:00 AM,30,NO CONTROLS,NO CONTROLS,UNKNOWN,UNKNOWN,PARKED MOTOR VEHICLE,ONE-WAY,,STRAIGHT AND LEVEL,UNKNOWN,NO DEFECTS,NOT ON SCENE (DESK REPORT),NO INJURY / DRIVE AWAY,,,Y,"OVER $1,500",06/28/2021 01:55:00 PM,UNABLE TO DETERMINE,UNABLE TO DETERMINE,2452,W,62ND ST,825.0,,,,,,,2,NO INDICATION OF INJURY,0.0,0.0,0.0,0.0,0.0,1.0,0.0,9,2,6,41.7811636616,-87.6858952835,POINT (-87.685895283476 41.781163661619)
e6b91ff879fee0b2fb55c653f6a180d51aef488e66671fd7611697dc9f60644a03e2b40630acf333409774a2901742d076ed56225a21bdccf8c8319f31d03f95,JF216320,,04/22/2022 04:36:00 PM,30,NO CONTROLS,NO CONTROLS,CLOUDY/OVERCAST,DAYLIGHT,PARKED MOTOR VEHICLE,NOT DIVIDED,,STRAIGHT AND LEVEL,WET,NO DEFECTS,ON SCENE,NO INJURY / DRIVE AWAY,,,,"$501 - $1,500",04/22/2022 04:57:00 PM,NOT APPLICABLE,NOT APPLICABLE,5226,W,CHICAGO AVE,1524.0,,,,,,,3,NO INDICATION OF INJURY,0.0,0.0,0.0,0.0,0.0,1.0,0.0,16,6,4,41.8950303514,-87.756764775,POINT (-87.756764774977 41.895030351425)
9ffa87a4ccc1289e5f31d175404102f67a865bced053ea39d4e5cb988a49c42ab062f2bf5845ec4a7c4c7661f3a3be59e64086093aa7b0025c9481efb43dbc98,JA276152,,05/23/2017 04:15:00 PM,30,TRAFFIC SIGNAL,FUNCTIONING PROPERLY,RAIN,DAYLIGHT,SIDESWIPE SAME DIRECTION,DIVIDED - W/MEDIAN BARRIER,4.0,STRAIGHT AND LEVEL,WET,NO DEFECTS,NOT ON SCENE (DESK REPORT),NO INJURY / DRIVE AWAY,,,,"$501 - $1,500",05/23/2017 04:40:00 PM,UNABLE TO DETERMINE,NOT APPLICABLE,801,W,DIVISION ST,1822.0,,,,,,,2,NO INDICATION OF INJURY,0.0,0.0,0.0,0.0,0.0,3.0,0.0,16,3,5,41.9035260921,-87.648159783,POINT (-87.648159783038 41.903526092119)
e4a47db65f3c1cc6bdb10122f439b1cacb044cbd6657cdf8ed8febea43f1168d4e4e4434e44ff5f6497eddcb839d185a9ee7e25ef37f75c8d6cd3f589375390a,JA357093,,07/20/2017 07:20:00 PM,20,NO CONTROLS,NO CONTROLS,CLEAR,DAYLIGHT,PARKED MOTOR VEHICLE,ONE-WAY,1.0,STRAIGHT AND LEVEL,DRY,NO DEFECTS,NOT ON SCENE (DESK REPORT),NO INJURY / DRIVE AWAY,,,,$500 OR LESS,07/21/2017 10:00:00 AM,UNABLE TO DETERMINE,UNABLE TO DETERMINE,3952,N,ALBANY AVE,1733.0,,,,,,,2,NO INDICATION OF INJURY,0.0,0.0,0.0,0.0,0.0,1.0,0.0,19,5,7,41.9536744667,-87.705713078,POINT (-87.705713078022 41.953674466714)
76b9ceda1d7522067a035e16b2408a78c969eee13c49f1660a357c72ec60cfde70dc53f05872abbb79f932cb1b6d047caa2d813befb1524a0d4843161431aba5,JC294036,,06/05/2019 08:00:00 PM,30,TRAFFIC SIGNAL,FUNCTIONING PROPERLY,CLEAR,DARKNESS,SIDESWIPE SAME DIRECTION,FOUR WAY,,STRAIGHT AND LEVEL,UNKNOWN,UNKNOWN,NOT ON SCENE (DESK REPORT),NO INJURY / DRIVE AWAY,Y,,Y,"OVER $1,500",06/05/2019 10:45:00 PM,UNABLE TO DETERMINE,UNABLE TO DETERMINE,1791,W,HOWARD ST,2422.0,,,,,,,2,NO INDICATION OF INJURY,0.0,0.0,0.0,0.0,0.0,2.0,0.0,20,4,6,42.0192867305,-87.6761096745,POINT (-87.676109674529 42.019286730531)
11b11d7a53de5180be85a390a1167fdcf6ecec5f314adf525453370dd0acefd8f5c94a2e703c4939cc412b8edfa4b50e2bd868bc51149c2290c9b92616db6800,JE230347,,05/14/2021 06:44:00 PM,30,STOP SIGN/FLASHER,FUNCTIONING PROPERLY,CLEAR,DUSK,TURNING,T-INTERSECTION,,STRAIGHT AND LEVEL,DRY,UNKNOWN,ON SCENE,NO INJURY / DRIVE AWAY,Y,,,"OVER $1,500",05/14/2021 07:48:00 PM,DISREGARDING TRAFFIC SIGNALS,UNABLE TO DETERMINE,5000,W,MADISON ST,1533.0,,Y,,,,,2,NO INDICATION OF INJURY,0.0,0.0,0.0,0.0,0.0,3.0,0.0,18,6,5,41.8805428541,-87.7502982261,POINT (-87.750298226061 41.880542854064)
36a121c2dbfd37d6c7d7e80537c8fff80835677d24d70b6c124e7ee534adc354037e0b83db649dab9d2505e24842473127af8242329446984e166455db8967b8,JF345728,,08/04/2022 10:00:00 AM,15,NO CONTROLS,NO CONTROLS,CLEAR,DAYLIGHT,PARKED MOTOR VEHICLE,PARKING LOT,,STRAIGHT AND LEVEL,DRY,NO DEFECTS,NOT ON SCENE (DESK REPORT),NO INJURY / DRIVE AWAY,,,Y,"$501 - $1,500",08/05/2022 06:45:00 PM,UNABLE TO DETERMINE,NOT APPLICABLE,5630,W,BELMONT AVE,1633.0,,,,,,,2,NO INDICATION OF INJURY,0.0,0.0,0.0,0.0,0.0,1.0,0.0,10,5,8,41.9386693214,-87.7677755434,POINT (-87.767775543408 41.938669321443)
c5c4b8c03b20876973b56d5e697ac119c9373e62c74d920b6d5f430145cb2212f195a2004ba2dc62e495bd00ebec44759c5bed090666d62756b8ccf86b9763a2,JD124492,Y,01/22/2020 11:45:00 AM,35,TRAFFIC SIGNAL,FUNCTIONING PROPERLY,CLEAR,DAYLIGHT,PEDALCYCLIST,DIVIDED - W/MEDIAN BARRIER,,STRAIGHT AND LEVEL,DRY,NO DEFECTS,ON SCENE,INJURY AND / OR TOW DUE TO CRASH,,,,"OVER $1,500",01/22/2020 11:49:00 AM,IMPROPER TURNING/NO SIGNAL,UNABLE TO DETERMINE,12740,S,HALSTED ST,523.0,,,Y,,,,2,NONINCAPACITATING INJURY,1.0,0.0,0.0,1.0,0.0,1.0,0.0,11,4,1,41.6620976271,-87.6415289776,POINT (-87.641528977604 41.662097627143)