CRASH_RECORD_ID,RD_NO,CRASH_DATE_EST_I,CRASH_DATE,POSTED_SPEED_LIMIT,TRAFFIC_CONTROL_DEVICE,DEVICE_CONDITION,WEATHER_CONDITION,LIGHTING_CONDITION,FIRST_CRASH_TYPE,TRAFFICWAY_TYPE,LANE_CNT,ALIGNMENT,ROADWAY_SURFACE_COND,ROAD_DEFECT,REPORT_TYPE,CRASH_TYPE,INTERSECTION_RELATED_I,NOT_RIGHT_OF_WAY_I,HIT_AND_RUN_I,DAMAGE,DATE_POLICE_NOTIFIED,PRIM_CONTRIBUTORY_CAUSE,SEC_CONTRIBUTORY_CAUSE,STREET_NO,STREET_DIRECTION,STREET_NAME,BEAT_OF_OCCURRENCE,PHOTOS_TAKEN_I,STATEMENTS_TAKEN_I,DOORING_I,WORK_ZONE_I,WORK_ZONE_TYPE,WORKERS_PRESENT_I,NUM_UNITS,MOST_SEVERE_INJURY,INJURIES_TOTAL,INJURIES_FATAL,INJURIES_INCAPACITATING,INJURIES_NON_INCAPACITATING,INJURIES_REPORTED_NOT_EVIDENT,INJURIES_NO_INDICATION,INJURIES_UNKNOWN,CRASH_HOUR,CRASH_DAY_OF_WEEK,CRASH_MONTH,LATITUDE,LONGITUDE,LOCATION
3df454827e73546681141501eaa9f02c881b8a71509ff0bce1aacee0b73b5944de1ef862848360973d641734c7d2170034d184265f3e4772bdb6fcf0681969b3,JD435945,,11/18/2020 12:00:00 PM,15,NO CONTROLS,NO CONTROLS,CLEAR,DAYLIGHT,PARKED MOTOR VEHICLE,PARKING LOT,,STRAIGHT AND LEVEL,DRY,NO DEFECTS,NOT ON SCENE (DESK REPORT),NO INJURY / DRIVE AWAY,,Y,,"OVER $1,500",11/19/2020 03:00:00 PM,NOT APPLICABLE,NOT APPLICABLE,2501,W,BRYN MAWR AVE,2011.0,,,,,,,2,NO INDICATION OF INJURY,0.0,0.0,0.0,0.0,0.0,1.0,0.0,12,4,11,41.9830477062,-87.6919327671,POINT (-87.691932767149 41.983047706155)
0efec9ef112f5e315a3410e8edad206badae8851848f17d0a0b5ef80836100772a0824da3fa66ae6a8887ee67a469f55e4098c529756a9253b8dbc9b4a9346a6,HZ306064,,06/13/2016 05:52:00 PM,30,STOP SIGN/FLASHER,FUNCTIONING PROPERLY,CLEAR,DAYLIGHT,REAR END,DIVIDED - W/MEDIAN (NOT RAISED),2.0,STRAIGHT AND LEVEL,DRY,NO DEFECTS,NOT ON SCENE (DESK REPORT),NO INJURY / DRIVE AWAY,Y,,,"OVER $1,500",06/13/2016 06:05:00 PM,IMPROPER BACKING,UNABLE TO DETERMINE,2158,S,RACINE AVE,1235.0,,,,,,,2,NO INDICATION OF INJURY,0.0,0.0,0.0,0.0,0.0,3.0,0.0,17,2,6,41.852556842,-87.6564114108,POINT (-87.656411410837 41.852556842032)
c7438326d644485022afb69c7632b00f893e3f3e5e5fce52e16193bfadee385880e44de55183b3277f5ad5d862eb30e9164de7ad02741c6ded7bb8b68e7f408a,HZ327112,,06/27/2016 03:00:00 PM,30,NO CONTROLS,NO CONTROLS,CLEAR,DAYLIGHT,SIDESWIPE SAME DIRECTION,NOT DIVIDED,2.0,STRAIGHT AND LEVEL,DRY,NO DEFECTS,NOT ON SCENE (DESK REPORT),NO INJURY / DRIVE AWAY,Y,,,"OVER $1,500",06/28/2016 03:00:00 PM,UNABLE TO DETERMINE,UNABLE TO DETERMINE,350,W,CHICAGO AVE,1823.0,,,,,,,2,NO INDICATION OF INJURY,0.0,0.0,0.0,0.0,0.0,2.0,0.0,15,2,6,41.8966533808,-87.6376816581,POINT (-87.637681658139 41.896653380769)
5276d81b5db38a65ad5a2eb4a739d1b8fb9243f89102d66ffd8d69ecc5c040291a1144a9f9038007d7ba1bf0268fe70d253971614b3a3ff7ad196b7001a02e34,JF203976,,04/10/2022 09:23:00 PM,30,TRAFFIC SIGNAL,FUNCTIONING PROPERLY,CLEAR,"DARKNESS, LIGHTED ROAD",ANGLE,DIVIDED - W/MEDIAN (NOT RAISED),,STRAIGHT AND LEVEL,DRY,NO DEFECTS,ON SCENE,INJURY AND / OR TOW DUE TO CRASH,Y,,,"OVER $1,500",04/10/2022 09:45:00 PM,FAILING TO YIELD RIGHT-OF-WAY,UNABLE TO DETERMINE,4600,N,SHERIDAN RD,1914.0,,,,,,,2,NO INDICATION OF INJURY,0.0,0.0,0.0,0.0,0.0,2.0,0.0,21,1,4,41.9654752745,-87.6549356049,POINT (-87.654935604948 41.965475274534)
34d4ea697290723aa87ee0751610cc6d7177da7e391dad992945763b36e783755d379f21bcf87211c03c548b998676292da76fd771fa4e98e84d799c90f4f097,HY540808,N,12/17/2015 01:00:00 AM,25,NO CONTROLS,NO CONTROLS,CLEAR,UNKNOWN,PARKED MOTOR VEHICLE,ONE-WAY,1.0,STRAIGHT AND LEVEL,DRY,NO DEFECTS,NOT ON SCENE (DESK REPORT),NO INJURY / DRIVE AWAY,,,Y,"$501 - $1,500",12/17/2015 03:51:00 PM,UNABLE TO DETERMINE,UNABLE TO DETERMINE,2035,W,GIDDINGS ST,1911.0,,,,,,,2,NO INDICATION OF INJURY,0.0,0.0,0.0,0.0,0.0,1.0,0.0,1,5,12,41.967706751,-87.6806117864,POINT (-87.680611786392 41.967706751008)
8a52118e6c701d4c8117d09137bcc0ff948d2d37ee28edea07f29c5a0c88d8d00288b1a0ec1f7fa55c1781efac84143a64ba39be2ad931fd4f10063c99863483,JA297760,,06/08/2017 08:02:00 AM,30,NO CONTROLS,NO CONTROLS,CLEAR,DAYLIGHT,SIDESWIPE SAME DIRECTION,NOT DIVIDED,4.0,STRAIGHT AND LEVEL,DRY,NO DEFECTS,NOT ON SCENE (DESK REPORT),NO INJURY / DRIVE AWAY,N,,Y,"OVER $1,500",06/08/2017 11:37:00 AM,UNABLE TO DETERMINE,UNABLE TO DETERMINE,4600,W,LAKE ST,1113.0,,,,,,,2,NO INDICATION OF INJURY,0.0,0.0,0.0,0.0,0.0,2.0,0.0,8,5,6,41.8864048359,-87.740285418,POINT (-87.740285417973 41.886404835909)
a93414bb9bd5f7a3d97bd98fd03df3173d24d4660ed97405d95229eb6715c6baa69d7a0c8aabfaba53c97432e3306568b6e18a899b39218c6ce27a9481d9d340,JA422498,,09/07/2017 04:20:00 PM,30,TRAFFIC SIGNAL,FUNCTIONING PROPERLY,CLEAR,DAYLIGHT,TURNING,OTHER,4.0,STRAIGHT AND LEVEL,DRY,NO DEFECTS,ON SCENE,NO INJURY / DRIVE AWAY,Y,,,"OVER $1,500",09/07/2017 04:25:00 PM,UNABLE TO DETERMINE,NOT APPLICABLE,3100,S,ASHLAND AVE,912.0,,,,,,,2,NO INDICATION OF INJURY,0.0,0.0,0.0,0.0,0.0,3.0,0.0,16,5,9,41.8376223442,-87.6658871805,POINT (-87.665887180546 41.837622344158)
5048b6694de72e879e52bd20039e2d22c55648a8669ac3592ec303169e32a6dbe02f4832695cde92a1f2bfc0cdf29c5406a11184b2ff33fd29801acd729f8b91,JG436904,Y,09/24/2023 06:00:00 AM,30,NO CONTROLS,NO CONTROLS,CLEAR,UNKNOWN,PARKED MOTOR VEHICLE,ONE-WAY,,STRAIGHT AND LEVEL,DRY,UNKNOWN,ON SCENE,NO INJURY / DRIVE AWAY,,,Y,"$501 - $1,500",09/24/2023 08:45:00 AM,UNABLE TO DETERMINE,UNABLE TO DETERMINE,2958,W,EASTWOOD AVE,1713.0,,,,,,,2,NO INDICATION OF INJURY,0.0,0.0,0.0,0.0,0.0,1.0,0.0,6,1,9,41.9657338934,-87.7033730304,POINT (-87.703373030357 41.965733893356)
12a4aad0d5b01827851d9b6a06b7ab037b6350dd7edbddec41b656112b7424b69e446bb57a1f42cad813c04978e87cd2e5e4bb4a96e2df67503059361b2232db,JA240585,,04/22/2017 01:40:00 PM,30,NO CONTROLS,NO CONTROLS,CLEAR,DAYLIGHT,REAR END,OTHER,0.0,STRAIGHT AND LEVEL,DRY,NO DEFECTS,NOT ON SCENE (DESK REPORT),NO INJURY / DRIVE AWAY,,,,"$501 - $1,500",04/26/2017 09:07:00 PM,IMPROPER BACKING,FAILING TO YIELD RIGHT-OF-WAY,2602,S,SPRINGFIELD AVE,1031.0,,,,,,,2,NO INDICATION OF INJURY,0.0,0.0,0.0,0.0,0.0,2.0,0.0,13,7,4,41.844132308,-87.7222528149,POINT (-87.722252814887 41.844132307978)
99188f74c247043b5c4c72cccc61382c1ce69c2964c96798b76ffa75c596444db833c839343e24fe9f81dce4682811f7ca299c0449a2e87d552781c1e900d9cf,JA393419,,08/15/2017 02:30:00 PM,30,STOP SIGN/FLASHER,FUNCTIONING PROPERLY,CLEAR,DAYLIGHT,TURNING,NOT DIVIDED,0.0,STRAIGHT AND LEVEL,DRY,NO DEFECTS,NOT ON SCENE (DESK REPORT),INJURY AND / OR TOW DUE TO CRASH,Y,,,"OVER $1,500",08/16/2017 12:40:00 PM,FAILING TO YIELD RIGHT-OF-WAY,NOT APPLICABLE,900,N,CLARK ST,1832.0,,,,,,,2,NONINCAPACITATING INJURY,1.0,0.0,0.0,1.0,0.0,1.0,0.0,14,3,8,41.8992902866,-87.6314624612,POINT (-87.631462461158 41.899290286562)
e01b152362de5aad0fa553e097b9f85dafd5274aaf0665a8def8d3c520ef264689d715b40962ac70fc300d559d0e07ae4f524a0abd0d15270cfe3cb7938bd9fa,JB486383,,10/23/2018 07:25:00 AM,30,TRAFFIC SIGNAL,FUNCTIONING PROPERLY,CLEAR,DAYLIGHT,REAR END,DIVIDED - W/MEDIAN (NOT RAISED),2.0,STRAIGHT AND LEVEL,DRY,NO DEFECTS,NOT ON SCENE (DESK REPORT),INJURY AND / OR TOW DUE TO CRASH,,,,"$501 - $1,500",10/23/2018 08:05:00 AM,FOLLOWING TOO CLOSELY,UNABLE TO DETERMINE,5269,N,ELSTON AVE,1621.0,,,,,,,2,"REPORTED, NOT EVIDENT",1.0,0.0,0.0,0.0,1.0,1.0,0.0,7,3,10,41.9767970567,-87.7540333823,POINT (-87.754033382326 41.976797056669)
6cf39b6009df5f6a30e1bafe0300ad1f40623c08706a31df55ce8b42ff99e29cb97b1c06ea72566d0509f4f4d76cc04066c83eb0b82e27b0b7f131d2e965bc41,JD317259,,07/31/2020 03:00:00 PM,30,NO CONTROLS,NO CONTROLS,CLEAR,DAYLIGHT,REAR END,DIVIDED - W/MEDIAN (NOT RAISED),,STRAIGHT AND LEVEL,DRY,NO DEFECTS,NOT ON SCENE (DESK REPORT),NO INJURY / DRIVE AWAY,,,,"$501 - $1,500",08/01/2020 10:45:00 AM,UNABLE TO DETERMINE,UNABLE TO DETERMINE,5317,S,ARCHER AVE,815.0,,,,,,,2,NO INDICATION OF INJURY,0.0,0.0,0.0,0.0,0.0,2.0,0.0,15,6,7,41.7990058327,-87.7401647165,POINT (-87.740164716502 41.799005832744)
0cf24927c872aee3cabe8d83535ba04109a44918edf954b6aa8f1d7a34c02f78004a71527ca9ce53479402daacaea874892ced4e49b80f57fe30b1eeb9193282,JD370145,,09/16/2020 10:00:00 PM,25,TRAFFIC SIGNAL,FUNCTIONING PROPERLY,CLEAR,"DARKNESS, LIGHTED ROAD",PARKED MOTOR VEHICLE,L-INTERSECTION,,STRAIGHT AND LEVEL,DRY,NO DEFECTS,NOT ON SCENE (DESK REPORT),NO INJURY / DRIVE AWAY,Y,,Y,"OVER $1,500",09/17/2020 10:55:00 AM,DISREGARDING TRAFFIC SIGNALS,UNABLE TO DETERMINE,1000,E,83RD ST,631.0,N,,,,,,3,NO INDICATION OF INJURY,0.0,0.0,0.0,0.0,0.0,4.0,0.0,22,4,9,41.7441457096,-87.6001027402,POINT (-87.600102740193 41.744145709574)
4e47582a237b05078343f88326b7c27e6f109e007a4092ccf577b4b5dd6827dcc816fdf1757ed10ffe2669fedce9d70243d0b2b13079acabf2859ba60ece1cbe,JF200647,,04/07/2022 11:08:00 AM,30,NO CONTROLS,NO CONTROLS,CLEAR,DAYLIGHT,SIDESWIPE SAME DIRECTION,NOT DIVIDED,,STRAIGHT AND LEVEL,DRY,NO DEFECTS,NOT ON SCENE (DESK REPORT),NO INJURY / DRIVE AWAY,,,,"OVER $1,500",04/07/2022 05:17:00 PM,IMPROPER LANE USAGE,NOT APPLICABLE,6500,S,COAST GUARD DR,331.0,,,,,,,2,NO INDICATION OF INJURY,0.0,0.0,0.0,0.0,0.0,2.0,0.0,11,5,4,41.7768330917,-87.5757133219,POINT (-87.575713321936 41.776833091744)
fe475b227260a3797dac3ab7c5f5610b74c9206b6efcee444b0a19c28da8534fb6ac58bfe84495f48845b7686c5ce71631b71b956b2331ff759f15c3429a5f98,JC487220,,10/25/2019 10:00:00 PM,25,STOP SIGN/FLASHER,FUNCTIONING PROPERLY,CLEAR,DARKNESS,ANGLE,T-INTERSECTION,,STRAIGHT AND LEVEL,DRY,NO DEFECTS,NOT ON SCENE (DESK REPORT),NO INJURY / DRIVE AWAY,,,Y,"OVER $1,500",10/26/2019 02:00:00 PM,UNABLE TO DETERMINE,UNABLE TO DETERMINE,729,E,81ST ST,631.0,,,,,,,2,NO INDICATION OF INJURY,0.0,0.0,0.0,0.0,0.0,2.0,0.0,22,6,10,41.747498797,-87.6064040486,POINT (-87.606404048628 41.747498797006)
535091915b16ca0251a5d1e2aa20093c073567b07b52674c5a2b77b1182b5a4a5020a3b7cd2a982c664f78fa55f8c78e34292e10c0872b9c02fabcd4bd0126c5,JE122189,,01/24/2021 05:10:00 PM,30,STOP SIGN/FLASHER,FUNCTIONING PROPERLY,CLEAR,DAWN,REAR END,NOT DIVIDED,,STRAIGHT AND LEVEL,DRY,NO DEFECTS,NOT ON SCENE (DESK REPORT),NO INJURY / DRIVE AWAY,,,,"$501 - $1,500",01/24/2021 05:33:00 PM,FOLLOWING TOO CLOSELY,UNABLE TO DETERMINE,6301,W,GRAND AVE,2512.0,,Y,,,,,2,NO INDICATION OF INJURY,0.0,0.0,0.0,0.0,0.0,2.0,0.0,17,1,1,41.9218171035,-87.7830549173,POINT (-87.78305491727 41.921817103513)
51eb1fa33bdd8f323e24b565dfbadf7b6b7ecdf834b7c5ea8b6428d1d137d307d8d3bf394c844a17415732f799e524c28cbb183cf57b0e05d4d3a1df4f8c25a4,JD121879,,01/20/2020 09:14:00 AM,30,NO CONTROLS,NO CONTROLS,CLEAR,DAYLIGHT,SIDESWIPE SAME DIRECTION,OTHER,,"CURVE, LEVEL",DRY,NO DEFECTS,ON SCENE,NO INJURY / DRIVE AWAY,,,,"OVER $1,500",01/20/2020 09:14:00 AM,UNABLE TO DETERMINE,UNABLE TO DETERMINE,3,W,TERMINAL ST,1653.0,,,,,,,2,NO INDICATION OF INJURY,0.0,0.0,0.0,0.0,0.0,2.0,0.0,9,2,1,,,
bcdb7adbed0f3ac7d1e88621ce55d4605bc3f49129d6de32e819da812b790c15b63c9a66eb34034a8d544741d82db821048811c15423cc2a35f9ab20c9ff4cdd,JG325279,,07/02/2023 10:30:00 PM,20,NO CONTROLS,NO CONTROLS,CLEAR,"DARKNESS, LIGHTED ROAD",REAR END,PARKING LOT,,STRAIGHT AND LEVEL,WET,NO DEFECTS,ON SCENE,NO INJURY / DRIVE AWAY,,,,$500 OR LESS,07/02/2023 10:45:00 PM,IMPROPER BACKING,NOT APPLICABLE,10020,W,BALMORAL AVE,1650.0,,,,,,,2,NO INDICATION OF INJURY,0.0,0.0,0.0,0.0,0.0,2.0,0.0,22,1,7,,,
98a176842e62c7033da0a37c57437dc07b3b2ed349a7ce821ebc1f1724647606d73ca31146cf61a7d30196361a7b245079b26aad3db2ba53a0527d08c697953f,JA445521,,10/02/2017 05:00:00 PM,30,TRAFFIC SIGNAL,FUNCTIONING PROPERLY,CLEAR,DAYLIGHT,REAR END,NOT DIVIDED,,STRAIGHT AND LEVEL,DRY,NO DEFECTS,ON SCENE,NO INJURY / DRIVE AWAY,Y,,,"$501 - $1,500",10/02/2017 05:01:00 PM,FOLLOWING TOO CLOSELY,UNABLE TO DETERMINE,3900,W,31ST ST,1031.0,,,,,,,2,NO INDICATION OF INJURY,0.0,0.0,0.0,0.0,0.0,3.0,0.0,17,2,10,41.8370337375,-87.7219726095,POINT (-87.7219726095 41.837033737534)
4bd2567a0caf6253be38c551448e2f3192e3794fdc1397b49ef2c962509b2ce60e9e9739eaa0a5047513119fe95e317a21345296b396c9cf4e3b726d7338c903,JB277549,,05/25/2018 01:55:00 AM,35,NO CONTROLS,NO CONTROLS,CLEAR,"DARKNESS, LIGHTED ROAD",FIXED OBJECT,DIVIDED - W/MEDIAN (NOT RAISED),2.0,STRAIGHT AND LEVEL,DRY,NO DEFECTS,ON SCENE,INJURY AND / OR TOW DUE TO CRASH,,,Y,"OVER $1,500",05/25/2018 02:01:00 AM,UNABLE TO DETERMINE,UNABLE TO DETERMINE,1012,S,CALIFORNIA AVE,1135.0,,,,,,,1,NO INDICATION OF INJURY,0.0,0.0,0.0,0.0,0.0,2.0,0.0,1,6,5,41.8688397514,-87.6961170879,POINT (-87.696117087861 41.868839751372)
93be03d9054c86790116c4d3416573d70458960537d94f0ca8187cb271c28d323e0d0381817d5b0a2c92a42f13b537a246d755df5c401b6af9bc269449254ade,JG191663,,03/19/2023 09:15:00 PM,30,TRAFFIC SIGNAL,FUNCTIONING PROPERLY,CLEAR,DUSK,TURNING,FOUR WAY,,STRAIGHT AND LEVEL,DRY,UNKNOWN,ON SCENE,INJURY AND / OR TOW DUE TO CRASH,Y,,,"OVER $1,500",03/19/2023 09:28:00 PM,UNABLE TO DETERMINE,UNABLE TO DETERMINE,801,N,PULASKI RD,1112.0,,,,,,,2,NO INDICATION OF INJURY,0.0,0.0,0.0,0.0,0.0,2.0,0.0,21,1,3,41.8954621504,-87.7259368087,POINT (-87.725936808712 41.895462150386)
a9c1cca32f49ccc2c523b6e1f4650ec746966885d18557f55e4190c500c2289ea50bc613c5c6599caa48936f7e17bc44651bb9c7684ed7acbb234567f0854fc4,JC137717,,01/24/2019 08:30:00 AM,30,TRAFFIC SIGNAL,FUNCTIONING PROPERLY,CLEAR,DAYLIGHT,FIXED OBJECT,DIVIDED - W/MEDIAN (NOT RAISED),4.0,STRAIGHT AND LEVEL,WET,"RUT, HOLES",,NO INJURY / DRIVE AWAY,,,,$500 OR LESS,02/02/2019 02:30:00 PM,ROAD ENGINEERING/SURFACE/MARKING DEFECTS,NOT APPLICABLE,2000,W,DIVERSEY PKWY,1931.0,,,,,,,1,NO INDICATION OF INJURY,0.0,0.0,0.0,0.0,0.0,1.0,0.0,8,5,1,41.932394164,-87.6781730309,POINT (-87.678173030878 41.932394164037)
ac0298ccd4804f16caec21e5909535b0cfb6b93629f8221acfe3072070f0da10840d0a4fefa7dba4e67bdb44b38336e865a8d9da9a4ea4eaf54a2dffb6495395,JG461927,,10/13/2023 10:35:00 AM,35,NO CONTROLS,NO CONTROLS,RAIN,DAYLIGHT,REAR END,DIVIDED - W/MEDIAN (NOT RAISED),,STRAIGHT AND LEVEL,WET,NO DEFECTS,ON SCENE,INJURY AND / OR TOW DUE TO CRASH,,,,"OVER $1,500",10/13/2023 10:56:00 AM,FOLLOWING TOO CLOSELY,UNABLE TO DETERMINE,3978,S,CICERO AVE,1031.0,,,,,,,2,NO INDICATION OF INJURY,0.0,0.0,0.0,0.0,0.0,16.0,0.0,10,6,10,41.8206694491,-87.7436558689,POINT (-87.74365586894 41.820669449112)
2b8094df06abfa92b4e88aad640732b5d257f9c20acb415d794d0a7f6e6049b5e7124279c5b4d814da30b886af2a43a05fc77e3106b44f2bcd0efa898cff5daa,JA386521,,08/11/2017 09:19:00 AM,30,TRAFFIC SIGNAL,FUNCTIONING PROPERLY,CLEAR,DAYLIGHT,REAR END,NOT DIVIDED,2.0,STRAIGHT AND LEVEL,DRY,NO DEFECTS,ON SCENE,NO INJURY / DRIVE AWAY,,,Y,"$501 - $1,500",08/11/2017 09:21:00 AM,UNABLE TO DETERMINE,UNABLE TO DETERMINE,7300,S,YATES BLVD,334.0,,,,,,,2,NO INDICATION OF INJURY,0.0,0.0,0.0,0.0,0.0,2.0,0.0,9,6,8,41.7625267347,-87.566594977,POINT (-87.566594977019 41.762526734679)
e3017379fe014e02f5ef477673e6ba0fb8b3261210619d05af240d2ed8e6bba6f734c2952070e8ff790426ff5f54b491c6742126275a86b131a2e161bd59d79c,JD448252,,12/03/2020 09:00:00 AM,10,NO CONTROLS,NO CONTROLS,CLEAR,DAYLIGHT,PARKED MOTOR VEHICLE,PARKING LOT,,STRAIGHT AND LEVEL,DRY,NO DEFECTS,NOT ON SCENE (DESK REPORT),NO INJURY / DRIVE AWAY,,,,"OVER $1,500",12/03/2020 09:44:00 AM,UNABLE TO DETERMINE,UNABLE TO DETERMINE,3852,W,MONROE ST,1122.0,,,,,,,2,NO INDICATION OF INJURY,0.0,0.0,0.0,0.0,0.0,1.0,0.0,9,5,12,41.8799061478,-87.7229135799,POINT (-87.722913579897 41.879906147786)
06a9b69a2b2e2801cfd0e0051722f71f756c74d0fe8499f56429a37c08670440eff4aeacaeff044acb74feb4e2840fbb1dbf57a0c9eeaa7fe77b3f8a1e51ef42,JG336905,,07/11/2023 03:35:00 PM,40,TRAFFIC SIGNAL,FUNCTIONING PROPERLY,RAIN,DAYLIGHT,SIDESWIPE SAME DIRECTION,FOUR WAY,,STRAIGHT AND LEVEL,WET,NO DEFECTS,ON SCENE,NO INJURY / DRIVE AWAY,,,,"OVER $1,500",07/11/2023 03:45:00 PM,UNABLE TO DETERMINE,"OPERATING VEHICLE IN ERRATIC, RECKLESS, CARELESS, NEGLIGENT OR AGGRESSIVE MANNER",5400,S,LAKE SHORE DR SB,234.0,,,,,,,3,NO INDICATION OF INJURY,0.0,0.0,0.0,0.0,0.0,4.0,0.0,15,3,7,41.7979610492,-87.5809148817,POINT (-87.58091488167 41.797961049216)
1c5e75071398c30e7824eaac3d29273e7e14337a2e0834eb060a23a1b52b6bf5cd456d62270360bd5258c2458215525ac80094320a0ae0065697acb3024ee673,JB227360,,04/17/2018 02:03:00 PM,30,NO CONTROLS,NO CONTROLS,CLEAR,DAYLIGHT,FIXED OBJECT,ONE-WAY,,STRAIGHT AND LEVEL,DRY,NO DEFECTS,ON SCENE,INJURY AND / OR TOW DUE TO CRASH,,Y,Y,"OVER $1,500",04/17/2018 02:30:00 PM,IMPROPER TURNING/NO SIGNAL,NOT APPLICABLE,5842,S,ARTESIAN AVE,824.0,,,,,,,1,NO INDICATION OF INJURY,0.0,0.0,0.0,0.0,0.0,1.0,0.0,14,3,4,41.78708643,-87.685218141,POINT (-87.685218140983 41.78708642999)
ff47928de38bd401a90b146f56f73cc19cdfcafb49e83f0a36655624d0867e5719f855dfa79f9364f1123867e786e877c765f03670776ec53f35b91466bd7ccb,JE268858,,06/17/2021 01:32:00 AM,40,NO CONTROLS,NO CONTROLS,CLEAR,"DARKNESS, LIGHTED ROAD",FIXED OBJECT,DIVIDED - W/MEDIAN BARRIER,,STRAIGHT AND LEVEL,DRY,NO DEFECTS,ON SCENE,INJURY AND / OR TOW DUE TO CRASH,,,,"OVER $1,500",06/17/2021 01:34:00 AM,UNABLE TO DETERMINE,UNABLE TO DETERMINE,1550,N,LAKE SHORE DR SB,1814.0,,,,,,,1,FATAL,1.0,1.0,0.0,0.0,0.0,0.0,0.0,1,5,6,41.91103585,-87.6261512941,POINT (-87.626151294123 41.91103584996)
53a605a41041aa5ec554ae2ddd5b5b97075a4002352d4fe3e3acb2413e1fc8f29f83637fef85b446a6a3e9d421283a8ac71c068016bf904857b61d40913f0428,JA540559,,12/07/2017 03:30:00 PM,30,UNKNOWN,UNKNOWN,UNKNOWN,UNKNOWN,SIDESWIPE SAME DIRECTION,DIVIDED - W/MEDIAN (NOT RAISED),2.0,STRAIGHT AND LEVEL,UNKNOWN,UNKNOWN,NOT ON SCENE (DESK REPORT),NO INJURY / DRIVE AWAY,,,,"$501 - $1,500",12/07/2017 05:30:00 PM,IMPROPER OVERTAKING/PASSING,NOT APPLICABLE,4400,W,GRAND AVE,2533.0,,,,,,,2,NO INDICATION OF INJURY,0.0,0.0,0.0,0.0,0.0,2.0,0.0,15,5,12,41.9101814096,-87.7362488704,POINT (-87.736248870407 41.910181409597)
35ab946c769449bf6b784eb7a20ad2fa57e80cb8768c80e6c4f215a76ab442751488eb56f0356a72dd6b2a5ad41c38eef7ab9cd4b44818e717567f95a5d1deae,HZ365081,,07/25/2016 01:00:00 AM,0,TRAFFIC SIGNAL,FUNCTIONING PROPERLY,RAIN,"DARKNESS, LIGHTED ROAD",TURNING,DIVIDED - W/MEDIAN BARRIER,4.0,STRAIGHT AND LEVEL,WET,OTHER,NOT ON SCENE (DESK REPORT),NO INJURY / DRIVE AWAY,,,Y,"$501 - $1,500",07/26/2016 11:30:00 AM,UNABLE TO DETERMINE,UNABLE TO DETERMINE,500,N,LAKE SHORE DR,1834.0,,,,,,,2,NO INDICATION OF INJURY,0.0,0.0,0.0,0.0,0.0,4.0,0.0,1,2,7,41.8911183327,-87.6143846846,POINT (-87.614384684631 41.891118332732)
7f1a89c7f0b80fa2bd2a5358c867bfe8ad05c0b96c0c6195be601cfd841ce0b287d1e03da44901ae1e2deac2a0a04448607dfe8e5100342be22e2f677c59f158,JF278109,,06/12/2022 07:12:00 AM,30,TRAFFIC SIGNAL,FUNCTIONING PROPERLY,CLEAR,DAYLIGHT,ANGLE,DIVIDED - W/MEDIAN (NOT RAISED),,STRAIGHT AND LEVEL,DRY,UNKNOWN,NOT ON SCENE (DESK REPORT),INJURY AND / OR TOW DUE TO CRASH,,,Y,"OVER $1,500",06/13/2022 02:30:00 PM,DISREGARDING TRAFFIC SIGNALS,UNABLE TO DETERMINE,2257,W,GRAND AVE,1221.0,,,,,,,2,"REPORTED, NOT EVIDENT",1.0,0.0,0.0,0.0,1.0,1.0,0.0,7,1,6,41.8905949636,-87.6840479696,POINT (-87.684047969598 41.890594963644)
654bb7dad1ee65dbfb33fdbfc0ee586eff11d18e98aeef2af7a7f0cfa49ea0c095848b8c9e7a9f6de6a1ef272d34809fbcda0501049a2d3b7b1e691ee996d955,JD254053,,06/04/2020 09:15:00 PM,30,STOP SIGN/FLASHER,NO CONTROLS,CLEAR,"DARKNESS, LIGHTED ROAD",TURNING,NOT DIVIDED,,STRAIGHT AND LEVEL,DRY,NO DEFECTS,NOT ON SCENE (DESK REPORT),NO INJURY / DRIVE AWAY,,,Y,"OVER $1,500",06/04/2020 09:49:00 PM,FAILING TO YIELD RIGHT-OF-WAY,UNABLE TO DETERMINE,9100,S,COMMERCIAL AVE,423.0,,,,,,,2,NO INDICATION OF INJURY,0.0,0.0,0.0,0.0,0.0,2.0,0.0,21,5,6,41.7299824883,-87.551401267,POINT (-87.551401266962 41.729982488298)
372bedbd496aeadf30ab61851cb704cd23979abd17cefbb506c8cd30b50cddf3c0a19575517d60744ff30a0c90a84db38dd60d32f1e7229bfadf08ad390a30e6,JB343581,,07/09/2018 03:00:00 PM,30,YIELD,UNKNOWN,CLEAR,DAWN,PEDESTRIAN,NOT DIVIDED,1.0,STRAIGHT AND LEVEL,DRY,NO DEFECTS,NOT ON SCENE (DESK REPORT),INJURY AND / OR TOW DUE TO CRASH,,,,$500 OR LESS,07/10/2018 12:20:00 PM,UNABLE TO DETERMINE,UNABLE TO DETERMINE,448,N,STATE ST,1831.0,,,,,,,2,"REPORTED, NOT EVIDENT",1.0,0.0,0.0,0.0,1.0,1.0,0.0,15,2,7,41.8907509463,-87.6281812669,POINT (-87.628181266903 41.890750946346)