CRASH_RECORD_ID,RD_NO,CRASH_DATE_EST_I,CRASH_DATE,POSTED_SPEED_LIMIT,TRAFFIC_CONTROL_DEVICE,DEVICE_CONDITION,WEATHER_CONDITION,LIGHTING_CONDITION,FIRST_CRASH_TYPE,TRAFFICWAY_TYPE,LANE_CNT,ALIGNMENT,ROADWAY_SURFACE_COND,ROAD_DEFECT,REPORT_TYPE,CRASH_TYPE,INTERSECTION_RELATED_I,NOT_RIGHT_OF_WAY_I,HIT_AND_RUN_I,DAMAGE,DATE_POLICE_NOTIFIED,PRIM_CONTRIBUTORY_CAUSE,SEC_CONTRIBUTORY_CAUSE,STREET_NO,STREET_DIRECTION,STREET_NAME,BEAT_OF_OCCURRENCE,PHOTOS_TAKEN_I,STATEMENTS_TAKEN_I,DOORING_I,WORK_ZONE_I,WORK_ZONE_TYPE,WORKERS_PRESENT_I,NUM_UNITS,MOST_SEVERE_INJURY,INJURIES_TOTAL,INJURIES_FATAL,INJURIES_INCAPACITATING,INJURIES_NON_INCAPACITATING,INJURIES_REPORTED_NOT_EVIDENT,INJURIES_NO_INDICATION,INJURIES_UNKNOWN,CRASH_HOUR,CRASH_DAY_OF_WEEK,CRASH_MONTH,LATITUDE,LONGITUDE,LOCATION
d19cd3a95a6c6517638b33008e81a6d77254bdc3ea60dd3b3ecbee1aa68df8d7647905c169bf12c82a42dc48e3fe455a0893431741aa37ece190b85d7b20e1ca,JA562520,,12/25/2017 12:00:00 PM,39,NO CONTROLS,NO CONTROLS,CLEAR,DAYLIGHT,ANGLE,ONE-WAY,1.0,STRAIGHT AND LEVEL,ICE,NO DEFECTS,,INJURY AND / OR TOW DUE TO CRASH,,,,"OVER $1,500",12/25/2017 12:08:00 PM,EXCEEDING SAFE SPEED FOR CONDITIONS,FAILING TO REDUCE SPEED TO AVOID CRASH,3945,N,NEWCASTLE AVE,1632.0,,,,,,,2,NO INDICATION OF INJURY,0.0,0.0,0.0,0.0,0.0,2.0,0.0,12,2,12,41.9522543546,-87.79731593,POINT (-87.797315929974 41.952254354606)
f532e66477fadc8e77a36b2b4751b2945665cd48853f16c0512a7db381c16bff172cd8412aa088352fcc7ef9d1537af93f4b5e643034785dc972301de7d109a0,HZ498612,,10/29/2016 02:00:00 PM,30,NO CONTROLS,NO CONTROLS,UNKNOWN,DAYLIGHT,SIDESWIPE SAME DIRECTION,NOT DIVIDED,2.0,STRAIGHT AND LEVEL,UNKNOWN,UNKNOWN,NOT ON SCENE (DESK REPORT),NO INJURY / DRIVE AWAY,,,,"OVER $1,500",11/01/2016 07:04:00 PM,IMPROPER BACKING,NOT APPLICABLE,4700,S,ARCHER AVE,821.0,,,,,,,2,NO INDICATION OF INJURY,0.0,0.0,0.0,0.0,0.0,2.0,0.0,14,7,10,41.8080130052,-87.7143796234,POINT (-87.714379623416 41.808013005188)
4b1d3aabb6d72317a731adc35050321c6c6681118789bba230db7ffc229a6d6bb11fd8eb5a14961e576fdb1e35007546a41f92a653fe42fb7b13b943f47258c5,JB361329,,07/23/2018 08:32:00 AM,30,NO CONTROLS,NO CONTROLS,CLEAR,DAYLIGHT,ANGLE,ONE-WAY,1.0,STRAIGHT AND LEVEL,DRY,NO DEFECTS,,NO INJURY / DRIVE AWAY,,,,$500 OR LESS,07/23/2018 08:32:00 AM,IMPROPER BACKING,PHYSICAL CONDITION OF DRIVER,8600,W,GREGORY ST,1614.0,,,,,,,2,NO INDICATION OF INJURY,0.0,0.0,0.0,0.0,0.0,1.0,0.0,8,2,7,41.9802084311,-87.8416397303,POINT (-87.841639730266 41.98020843106)
a1746d9e33408b73cae4f8a4bdab572ffb71d06ab056b543fc1161c8144193a6ae31335f5c44fa0d1a1c442dce6c52341d9946b53591cd868f5359b3c8ade87b,JG137581,,01/31/2023 04:00:00 PM,30,NO CONTROLS,NO CONTROLS,UNKNOWN,UNKNOWN,REAR END,DIVIDED - W/MEDIAN BARRIER,,STRAIGHT AND LEVEL,UNKNOWN,UNKNOWN,NOT ON SCENE (DESK REPORT),NO INJURY / DRIVE AWAY,,,,$500 OR LESS,02/01/2023 08:53:00 PM,UNABLE TO DETERMINE,NOT APPLICABLE,5201,S,PULASKI RD,822.0,,,,,,,2,NO INDICATION OF INJURY,0.0,0.0,0.0,0.0,0.0,2.0,0.0,16,3,1,41.7985099478,-87.7231654231,POINT (-87.723165423106 41.798509947768)
e16668c2ef685a4c91addf15628a6489041b735279b877be26c964fddbffe1d19a165039bcdbee1109be26ab92995a7c6e107c1dcf88070bb62acb79665352ea,JD253443,,06/04/2020 11:28:00 AM,30,TRAFFIC SIGNAL,FUNCTIONING PROPERLY,CLEAR,DAYLIGHT,REAR END,DIVIDED - W/MEDIAN (NOT RAISED),,STRAIGHT AND LEVEL,DRY,NO DEFECTS,NOT ON SCENE (DESK REPORT),NO INJURY / DRIVE AWAY,,,,$500 OR LESS,06/04/2020 11:50:00 AM,UNABLE TO DETERMINE,NOT APPLICABLE,1184,W,SHERIDAN RD,2432.0,,,,,,,2,NO INDICATION OF INJURY,0.0,0.0,0.0,0.0,0.0,3.0,0.0,11,5,6,41.9982993797,-87.6605079444,POINT (-87.660507944426 41.998299379733)
b6944d3d41e2978a1ef06aa2a6e9e44b739e73c87a5c071f15e62a1541141aef78692b0c4cf35fd2a9a6f25f288ea29d43a726cfc9ca1d1e217e78b90596be36,JB204263,,03/29/2018 03:30:00 PM,35,TRAFFIC SIGNAL,FUNCTIONING PROPERLY,CLOUDY/OVERCAST,DAYLIGHT,REAR END,NOT DIVIDED,,STRAIGHT AND LEVEL,DRY,NO DEFECTS,NOT ON SCENE (DESK REPORT),NO INJURY / DRIVE AWAY,,,,"$501 - $1,500",03/29/2018 04:10:00 PM,FOLLOWING TOO CLOSELY,FOLLOWING TOO CLOSELY,10700,S,WENTWORTH AVE,513.0,,,,,,,2,NO INDICATION OF INJURY,0.0,0.0,0.0,0.0,0.0,2.0,0.0,15,5,3,41.6997660458,-87.6282330272,POINT (-87.628233027248 41.69976604579)
0169caa94ec6967a12414135f77ea40bedc3c0b8b95dd9f23f5420999a75c0a63f3b2aa032378af8212bb1d1afb6e6d35b425954817b02527d00ef711f035e0e,JD407478,,10/22/2020 10:30:00 AM,30,STOP SIGN/FLASHER,FUNCTIONING PROPERLY,RAIN,DAYLIGHT,REAR END,NOT DIVIDED,,STRAIGHT AND LEVEL,WET,NO DEFECTS,NOT ON SCENE (DESK REPORT),NO INJURY / DRIVE AWAY,,,,"OVER $1,500",10/22/2020 02:00:00 PM,FOLLOWING TOO CLOSELY,FOLLOWING TOO CLOSELY,500,W,CERMAK RD,1235.0,,,,,,,2,NO INDICATION OF INJURY,0.0,0.0,0.0,0.0,0.0,2.0,0.0,10,5,10,41.8528716877,-87.6405636549,POINT (-87.640563654904 41.852871687739)
2925bbf4bcf1bc4b205c82ff50d093178ed6d3776812392213d28ba48e9775c354ea6edc6eb96b72a61ab60a1b1c0d6081e3de80f84aac27a85f69aa8f2d7f73,JF411909,,09/26/2022 09:03:00 PM,30,NO CONTROLS,NO CONTROLS,CLEAR,DARKNESS,PARKED MOTOR VEHICLE,NOT DIVIDED,,STRAIGHT AND LEVEL,DRY,NO DEFECTS,ON SCENE,NO INJURY / DRIVE AWAY,,,Y,"$501 - $1,500",09/26/2022 09:03:00 PM,UNABLE TO DETERMINE,UNABLE TO DETERMINE,5223,S,CALIFORNIA AVE,923.0,,,,,,,2,NO INDICATION OF INJURY,0.0,0.0,0.0,0.0,0.0,1.0,0.0,21,2,9,41.7984515825,-87.6937834744,POINT (-87.693783474406 41.798451582534)
e2d31d034bb35b1dc5ba8cf8fb01d41e317c4c6d9a4597891fa98436c877a5023080148e11092b87fa1d6dec5e101c76a826e00006fe251c9009220e43ec1b90,JC565066,,12/21/2019 12:00:00 PM,30,TRAFFIC SIGNAL,FUNCTIONING PROPERLY,CLEAR,DAYLIGHT,SIDESWIPE SAME DIRECTION,NOT DIVIDED,,STRAIGHT AND LEVEL,DRY,NO DEFECTS,NOT ON SCENE (DESK REPORT),NO INJURY / DRIVE AWAY,,,Y,$500 OR LESS,12/30/2019 10:30:00 AM,UNABLE TO DETERMINE,UNABLE TO DETERMINE,1801,W,DIVISION ST,1212.0,,,,,,,2,NO INDICATION OF INJURY,0.0,0.0,0.0,0.0,0.0,2.0,0.0,12,7,12,41.903156154,-87.6724223195,POINT (-87.672422319494 41.903156153973)
a09ef7cdbad50bd1363770e98407e552ec45ce770f672a0555fd50e0212c28a9ab37253bf617b87e87bcf0cf11e61697a245d749dab2ef34527091f18083be72,JG462982,,10/14/2023 07:21:00 AM,25,TRAFFIC SIGNAL,FUNCTIONING PROPERLY,RAIN,DAWN,HEAD ON,NOT DIVIDED,,STRAIGHT AND LEVEL,WET,NO DEFECTS,ON SCENE,INJURY AND / OR TOW DUE TO CRASH,,,Y,"OVER $1,500",10/14/2023 07:23:00 AM,IMPROPER OVERTAKING/PASSING,"OPERATING VEHICLE IN ERRATIC, RECKLESS, CARELESS, NEGLIGENT OR AGGRESSIVE MANNER",5357,W,DIVISION ST,1524.0,,,,,,,3,NONINCAPACITATING INJURY,1.0,0.0,0.0,1.0,0.0,2.0,0.0,7,7,10,41.9020859378,-87.7605934874,POINT (-87.760593487352 41.902085937816)
023f42d7396321e11d824e3f2a70cbdbe71aafa980f57ff73b724a7ad38e8d2cc24297141c88a68999389b53cbd307c1862fba230cb94ab80e296f7b12282d78,JF247446,,05/18/2022 09:40:00 PM,30,NO CONTROLS,NO CONTROLS,CLEAR,"DARKNESS, LIGHTED ROAD",SIDESWIPE SAME DIRECTION,NOT DIVIDED,,STRAIGHT AND LEVEL,DRY,WORN SURFACE,ON SCENE,NO INJURY / DRIVE AWAY,,,Y,$500 OR LESS,05/18/2022 10:00:00 PM,IMPROPER OVERTAKING/PASSING,NOT APPLICABLE,6707,S,STATE ST,322.0,,,,,,,2,NO INDICATION OF INJURY,0.0,0.0,0.0,0.0,0.0,2.0,0.0,21,4,5,41.7724755853,-87.6249748738,POINT (-87.624974873826 41.772475585338)
e5963489eddcb92de62a56ab9dcb8a6f224c24d9977b4114b5227b3ad3ff448c3315fe67ac2601dc6a9e554863294a9b3a5e4220a3a69dc66c7a498aa760cfc8,JB479904,,10/18/2018 04:50:00 AM,45,NO CONTROLS,NO CONTROLS,CLEAR,DARKNESS,REAR END,NOT DIVIDED,,STRAIGHT AND LEVEL,DRY,UNKNOWN,NOT ON SCENE (DESK REPORT),NO INJURY / DRIVE AWAY,,,,"$501 - $1,500",10/18/2018 05:00:00 AM,"EVASIVE ACTION DUE TO ANIMAL, OBJECT, NONMOTORIST",DISTRACTION - FROM OUTSIDE VEHICLE,500,W,ROOSEVELT RD,124.0,,,,,,,3,NO INDICATION OF INJURY,0.0,0.0,0.0,0.0,0.0,3.0,0.0,4,5,10,41.8673626926,-87.6392931946,POINT (-87.639293194642 41.867362692617)
3c0f38c7284bd062211c8a6c5de0f936de610caee15f4cdb726ee341de36abc4b335dec9bb7426e13f4ca16ad6c204e6f807d553ad562965ad09d9de1a4c7115,JG126213,,01/23/2023 08:30:00 AM,35,NO CONTROLS,NO CONTROLS,CLOUDY/OVERCAST,DAYLIGHT,SIDESWIPE SAME DIRECTION,DIVIDED - W/MEDIAN BARRIER,,STRAIGHT AND LEVEL,DRY,NO DEFECTS,ON SCENE,NO INJURY / DRIVE AWAY,,,,"OVER $1,500",01/23/2023 08:39:00 AM,IMPROPER OVERTAKING/PASSING,DRIVING SKILLS/KNOWLEDGE/EXPERIENCE,4620,W,79TH ST,834.0,,,,,,,2,NO INDICATION OF INJURY,0.0,0.0,0.0,0.0,0.0,4.0,0.0,8,2,1,41.749335606,-87.7373287329,POINT (-87.737328732891 41.749335606031)
1dad282611993d263dc36544cc0faf70ebd5cd920ae807586bb8497b78ed0ac27589408c187bbd5c6c26b71ed8b3445a157529c67a49f97bf9c6005dd4d784dd,JF135706,,02/06/2022 03:40:00 PM,35,TRAFFIC SIGNAL,FUNCTIONING PROPERLY,CLEAR,DAYLIGHT,SIDESWIPE SAME DIRECTION,NOT DIVIDED,,STRAIGHT AND LEVEL,SNOW OR SLUSH,NO DEFECTS,ON SCENE,NO INJURY / DRIVE AWAY,Y,,Y,"$501 - $1,500",02/06/2022 03:43:00 PM,UNABLE TO DETERMINE,NOT APPLICABLE,1405,N,ASHLAND AVE,1433.0,,,,,,,2,NO INDICATION OF INJURY,0.0,0.0,0.0,0.0,0.0,2.0,0.0,15,1,2,41.9071734234,-87.6674475815,POINT (-87.667447581516 41.907173423371)
db81348a62f65bb377e668bce5ad604403371f25d4e4024aef3a2df3a15472001f7fa244b1a058810eacb7c70af637a728b03996695666bd53a20c8c9f018c6c,JF458547,,11/01/2022 03:45:00 PM,25,NO CONTROLS,NO CONTROLS,CLEAR,DAYLIGHT,REAR TO FRONT,ONE-WAY,,STRAIGHT AND LEVEL,DRY,NO DEFECTS,NOT ON SCENE (DESK REPORT),NO INJURY / DRIVE AWAY,,,,"OVER $1,500",11/01/2022 08:30:00 PM,IMPROPER BACKING,NOT APPLICABLE,6130,S,WINCHESTER AVE,714.0,,,,,,,2,NO INDICATION OF INJURY,0.0,0.0,0.0,0.0,0.0,2.0,0.0,15,3,11,41.782057896,-87.6729109154,POINT (-87.672910915402 41.782057896001)
cce0a91b312c3f75217208333bf36fb7180f4fd199a544731b7e11966e04d419918988c453700f7aecb422add9c6b33b3c56b01f8c1d00761b260717f67fbf13,JA176595,,03/06/2017 08:01:00 AM,30,STOP SIGN/FLASHER,FUNCTIONING PROPERLY,CLOUDY/OVERCAST,DAYLIGHT,ANGLE,DIVIDED - W/MEDIAN (NOT RAISED),0.0,STRAIGHT AND LEVEL,WET,NO DEFECTS,ON SCENE,INJURY AND / OR TOW DUE TO CRASH,Y,,,"OVER $1,500",03/06/2017 08:05:00 AM,FAILING TO YIELD RIGHT-OF-WAY,FAILING TO REDUCE SPEED TO AVOID CRASH,436,N,HALSTED ST,1214.0,,,,,,,2,INCAPACITATING INJURY,2.0,0.0,2.0,0.0,0.0,1.0,0.0,8,2,3,41.890077898,-87.6477560898,POINT (-87.647756089786 41.89007789797)
7000e2e44ff33683f2d2ecea30b62c8c9e9d1fea42eb0924ea5c6960f38eb3695abdb8424bcdb1daae7dd3bfc63450aaee35893f65deee7a62b6fce19f6326cf,JD131408,,01/27/2020 05:15:00 PM,30,NO CONTROLS,NO CONTROLS,CLEAR,DAYLIGHT,SIDESWIPE SAME DIRECTION,NOT DIVIDED,,STRAIGHT AND LEVEL,DRY,NO DEFECTS,NOT ON SCENE (DESK REPORT),NO INJURY / DRIVE AWAY,,,,"OVER $1,500",01/28/2020 12:06:00 PM,IMPROPER OVERTAKING/PASSING,NOT APPLICABLE,20,S,CLARK ST,122.0,,,,,,,2,NO INDICATION OF INJURY,0.0,0.0,0.0,0.0,0.0,3.0,0.0,17,2,1,41.8814794944,-87.6310149498,POINT (-87.631014949821 41.881479494397)
0e667d53b4ddbee9a59a45535013bf16e0a18f83b559efdc59bb8f01aaed811262c1d77a435075a4b505f3e5dbb58d2d577dcd9ab1dd88861e875d451173685f,JA531319,,11/30/2017 03:30:00 PM,30,NO CONTROLS,NO CONTROLS,CLEAR,DAYLIGHT,PARKED MOTOR VEHICLE,NOT DIVIDED,2.0,STRAIGHT AND LEVEL,DRY,NO DEFECTS,NOT ON SCENE (DESK REPORT),NO INJURY / DRIVE AWAY,,,,"OVER $1,500",11/30/2017 04:35:00 PM,DRIVING SKILLS/KNOWLEDGE/EXPERIENCE,UNABLE TO DETERMINE,941,W,WILSON AVE,1914.0,,,,,,,2,NO INDICATION OF INJURY,0.0,0.0,0.0,0.0,0.0,2.0,0.0,15,5,11,41.9653312708,-87.6539977992,POINT (-87.653997799184 41.965331270795)
19d02feed77d2d4f07a10ecfe3a48ebefe2eddba0067c73cf9710f09742fa41fb83c26336689c879aac75d6ac7014b24c92396270afc49d23518aea361aea30c,JA370480,,07/30/2017 11:13:00 PM,30,STOP SIGN/FLASHER,FUNCTIONING PROPERLY,CLEAR,"DARKNESS, LIGHTED ROAD",ANGLE,NOT DIVIDED,2.0,STRAIGHT AND LEVEL,DRY,NO DEFECTS,NOT ON SCENE (DESK REPORT),INJURY AND / OR TOW DUE TO CRASH,Y,,Y,"OVER $1,500",07/30/2017 11:15:00 PM,DISREGARDING STOP SIGN,FAILING TO YIELD RIGHT-OF-WAY,900,W,76TH ST,621.0,,,,,,,2,NONINCAPACITATING INJURY,2.0,0.0,0.0,2.0,0.0,2.0,0.0,23,1,7,41.7561760603,-87.6466712658,POINT (-87.646671265827 41.756176060316)
c29edbecc37d018c6224261f60dd8d2473c6b4336fb9960a78433f15557c0d1f1597678a8cffe3a5bdde526154c9ac3739e10cda829401ca1f264e59a451556a,JE242705,,05/25/2021 04:45:00 PM,30,UNKNOWN,UNKNOWN,CLEAR,DAYLIGHT,PARKED MOTOR VEHICLE,UNKNOWN,,STRAIGHT AND LEVEL,DRY,NO DEFECTS,ON SCENE,INJURY AND / OR TOW DUE TO CRASH,,,,"OVER $1,500",05/25/2021 04:50:00 PM,PHYSICAL CONDITION OF DRIVER,NOT APPLICABLE,1416,E,65TH ST,314.0,,,,,,,2,NONINCAPACITATING INJURY,1.0,0.0,0.0,1.0,0.0,0.0,0.0,16,3,5,41.7770432083,-87.5901936262,POINT (-87.590193626193 41.777043208257)
595a6865cdc5df23257340a474db38d212a5f9fe67e78e68300ea4e48a02231f6bee75d79cd69ef5ff5e99ab533b65ae518ea301cd354e528e51d0dd5f4ed69a,JD288588,,07/06/2020 06:30:00 PM,20,NO CONTROLS,NO CONTROLS,CLEAR,DAYLIGHT,PARKED MOTOR VEHICLE,ONE-WAY,,STRAIGHT AND LEVEL,DRY,NO DEFECTS,ON SCENE,INJURY AND / OR TOW DUE TO CRASH,,,,"OVER $1,500",07/06/2020 06:30:00 PM,NOT APPLICABLE,NOT APPLICABLE,2557,E,75TH ST,421.0,,,,,,,2,INCAPACITATING INJURY,1.0,0.0,1.0,0.0,0.0,0.0,0.0,18,2,7,41.7589387943,-87.5617246373,POINT (-87.561724637344 41.758938794301)
83de3b302adece557ccbe604f45c87bfbe1ab5400102dcc2f7df132b0aba948893790bba54c7f5c1ee6efb51466e8e4464cb31c321397fd28982af97ef299586,JG339586,,07/13/2023 03:28:00 PM,35,TRAFFIC SIGNAL,FUNCTIONING PROPERLY,CLEAR,DAYLIGHT,SIDESWIPE SAME DIRECTION,DIVIDED - W/MEDIAN (NOT RAISED),,STRAIGHT AND LEVEL,DRY,NO DEFECTS,NOT ON SCENE (DESK REPORT),NO INJURY / DRIVE AWAY,Y,,,"OVER $1,500",07/13/2023 04:40:00 PM,IMPROPER OVERTAKING/PASSING,UNABLE TO DETERMINE,7600,S,ASHLAND AVE,611.0,,,,,,,2,NO INDICATION OF INJURY,0.0,0.0,0.0,0.0,0.0,2.0,0.0,15,5,7,41.7557194408,-87.6637177842,POINT (-87.663717784195 41.755719440847)
980e3704c98bddd14c9c52e29f1eff8b072d02f380b4e53367b2f0e398aab6c7815e6ce0da1d1dce7f0570488f2295c372747562755ea899c20d8029c63572a0,JB244452,,04/30/2018 07:55:00 PM,30,TRAFFIC SIGNAL,FUNCTIONING PROPERLY,CLEAR,DUSK,PEDALCYCLIST,NOT DIVIDED,2.0,STRAIGHT AND LEVEL,DRY,NO DEFECTS,ON SCENE,NO INJURY / DRIVE AWAY,Y,,,$500 OR LESS,04/30/2018 08:01:00 PM,IMPROPER LANE USAGE,NOT APPLICABLE,1601,N,ASHLAND AVE,1433.0,,,,,,,2,NO INDICATION OF INJURY,0.0,0.0,0.0,0.0,0.0,2.0,0.0,19,2,4,41.9107233232,-87.6675469592,POINT (-87.667546959206 41.91072332316)
12e772b95b81ffda0d4d46b9e53063d0c9ca5e0a9bb5f71d75b347660528e8a4d6690ee412b7dc03519e981a9b950171df3aec0479c8c202b500c500cdc8d611,JA168157,N,02/26/2017 06:43:00 PM,30,NO CONTROLS,NO CONTROLS,CLEAR,DAYLIGHT,ANGLE,PARKING LOT,1.0,STRAIGHT AND LEVEL,DRY,NO DEFECTS,NOT ON SCENE (DESK REPORT),NO INJURY / DRIVE AWAY,,,,"$501 - $1,500",02/26/2017 08:00:00 PM,FAILING TO YIELD RIGHT-OF-WAY,IMPROPER BACKING,2637,S,PULASKI RD,1031.0,,,,,,,2,NO INDICATION OF INJURY,0.0,0.0,0.0,0.0,0.0,2.0,0.0,18,1,2,41.843133975,-87.7243721609,POINT (-87.724372160876 41.843133975006)
1b97b884f0e7f1613ce2bb5b0ea4fc8be508b27c1d8dc44b382b6967d9565da91cb5cd3074201ab959cdd9597ae8833527cf5c0fe30f03e1efbe2ddc7a94b609,JA373287,,08/01/2017 05:00:00 PM,30,TRAFFIC SIGNAL,FUNCTIONING PROPERLY,RAIN,DAYLIGHT,REAR END,NOT DIVIDED,2.0,STRAIGHT AND LEVEL,WET,NO DEFECTS,NOT ON SCENE (DESK REPORT),NO INJURY / DRIVE AWAY,,,,"OVER $1,500",08/01/2017 08:11:00 PM,WEATHER,NOT APPLICABLE,322,W,18TH ST,1235.0,,,,,,,2,NO INDICATION OF INJURY,0.0,0.0,0.0,0.0,0.0,2.0,0.0,17,3,8,41.8578372938,-87.6358619856,POINT (-87.635861985596 41.857837293808)
02460331ab6b51fdc48cf90ad962dcf443baa239f38af7d7e0c555137fc0d2e6c96f7c80df45937ccb2a806ab66d1cd354f636ae7a156a3aefb61fdc8bfb1ce8,HZ178381,,03/07/2016 04:50:00 PM,20,NO CONTROLS,NO CONTROLS,CLEAR,DAYLIGHT,PARKED MOTOR VEHICLE,PARKING LOT,1.0,STRAIGHT AND LEVEL,DRY,NO DEFECTS,NOT ON SCENE (DESK REPORT),NO INJURY / DRIVE AWAY,,,,$500 OR LESS,03/07/2016 06:00:00 PM,DRIVING SKILLS/KNOWLEDGE/EXPERIENCE,UNABLE TO DETERMINE,2124,W,82ND PL,614.0,,,,,,,2,NO INDICATION OF INJURY,0.0,0.0,0.0,0.0,0.0,1.0,0.0,16,2,3,41.7439500231,-87.6763920916,POINT (-87.676392091552 41.743950023121)
f5ba9d38fa1ebc3eefa000a0d33a5ae9495557e1b0a519c60759c183db8275cbf7e1c6a96c68d9339dcd12080105f66cb867f6ffdc429c5593fed2f0755b0250,JC539633,,12/08/2019 07:05:00 PM,30,UNKNOWN,UNKNOWN,CLEAR,DAYLIGHT,SIDESWIPE SAME DIRECTION,NOT DIVIDED,,STRAIGHT AND LEVEL,DRY,NO DEFECTS,NOT ON SCENE (DESK REPORT),NO INJURY / DRIVE AWAY,,,,$500 OR LESS,12/08/2019 07:55:00 PM,UNABLE TO DETERMINE,UNABLE TO DETERMINE,4552,N,CICERO AVE,1623.0,,,,,,,2,NO INDICATION OF INJURY,0.0,0.0,0.0,0.0,0.0,2.0,0.0,19,1,12,41.96405739,-87.7476671254,POINT (-87.747667125412 41.964057389968)
58f8e1e20cca3a6744c678d713a31c1cbc530db257f9ffacdda7dae30cb8840334e4f56bc49b65354f6b248bf814ef162cfe9eef559d7ddd0f689730467d9705,JF481591,Y,11/20/2022 12:30:00 PM,30,NO CONTROLS,NO CONTROLS,UNKNOWN,UNKNOWN,PARKED MOTOR VEHICLE,NOT DIVIDED,,STRAIGHT AND LEVEL,UNKNOWN,NO DEFECTS,ON SCENE,NO INJURY / DRIVE AWAY,,,Y,"$501 - $1,500",11/20/2022 12:35:00 PM,UNABLE TO DETERMINE,NOT APPLICABLE,13109,S,CORLISS AVE,533.0,,,,,,,5,NO INDICATION OF INJURY,0.0,0.0,0.0,0.0,0.0,1.0,0.0,12,1,11,41.657008615,-87.6021877315,POINT (-87.60218773145 41.657008615001)
7083d4c4d8cec548dfe1e9bc61024d5265a08cd1b262724a7713ba27f5ac4b1fb839c76ccdcc7c00e6b41f2a75083ed0d4976f284cf9b73f9fde3dfd6c4c4ea2,JB392873,,08/14/2018 10:40:00 AM,30,NO CONTROLS,NO CONTROLS,CLEAR,DAYLIGHT,REAR END,DIVIDED - W/MEDIAN (NOT RAISED),,STRAIGHT AND LEVEL,DRY,NO DEFECTS,ON SCENE,INJURY AND / OR TOW DUE TO CRASH,,,,"OVER $1,500",08/14/2018 10:43:00 AM,DISTRACTION - FROM INSIDE VEHICLE,NOT APPLICABLE,5123,S,KEDZIE AVE,923.0,,,,,,,2,NONINCAPACITATING INJURY,1.0,0.0,0.0,1.0,0.0,6.0,0.0,10,3,8,41.80010768,-87.7035997582,POINT (-87.703599758174 41.800107679978)
de525dbba6f4dc54cea94acfa22f320729ecfdbf7f5d22199db9dba1f19267f521dec0657fd5fa94fa175e43ebb02c21d8584cb65f982a492e7c3135d0cc9fd0,JG257832,,05/12/2023 07:00:00 AM,30,NO CONTROLS,NO CONTROLS,UNKNOWN,UNKNOWN,PARKED MOTOR VEHICLE,ONE-WAY,,STRAIGHT AND LEVEL,UNKNOWN,UNKNOWN,NOT ON SCENE (DESK REPORT),NO INJURY / DRIVE AWAY,,,Y,"$501 - $1,500",05/12/2023 11:40:00 AM,UNABLE TO DETERMINE,NOT APPLICABLE,1600,W,JARVIS AVE,2422.0,,,,,,,2,NO INDICATION OF INJURY,0.0,0.0,0.0,0.0,0.0,1.0,0.0,7,6,5,42.0161016944,-87.6704237567,POINT (-87.670423756704 42.016101694427)
36dc317e2eb7590df3f7efaf1efadf8eacf628d2284b89feb013ee53a252e77421dd1eb4f8001ae35219397ea7f99e3414ba58eebdcf1813bb1814f8633eeca4,JB544381,,12/07/2018 08:40:00 PM,30,STOP SIGN/FLASHER,FUNCTIONING PROPERLY,CLEAR,"DARKNESS, LIGHTED ROAD",ANGLE,NOT DIVIDED,,STRAIGHT AND LEVEL,DRY,NO DEFECTS,NOT ON SCENE (DESK REPORT),NO INJURY / DRIVE AWAY,Y,,,"OVER $1,500",12/07/2018 09:00:00 PM,UNABLE TO DETERMINE,NOT APPLICABLE,328,W,31ST ST,914.0,,,,,,,2,NO INDICATION OF INJURY,0.0,0.0,0.0,0.0,0.0,3.0,0.0,20,6,12,41.8382990401,-87.6352600804,POINT (-87.63526008043 41.838299040082)
0add9c237c5a23138c1660322490b049aadd8732b4b56fa00e6066efc7d1129bf4ee6cfcc7366437ee81035ff0a605f80761ee20bd2c21ef3a1fc0d1e7366a58,JE354376,,08/29/2021 03:20:00 PM,30,NO CONTROLS,NO CONTROLS,CLEAR,DAYLIGHT,REAR END,DIVIDED - W/MEDIAN (NOT RAISED),,STRAIGHT AND LEVEL,DRY,NO DEFECTS,NOT ON SCENE (DESK REPORT),NO INJURY / DRIVE AWAY,,,,"$501 - $1,500",08/29/2021 04:36:00 PM,FOLLOWING TOO CLOSELY,NOT APPLICABLE,3000,S,CALIFORNIA AVE,1033.0,,,,,,,2,NO INDICATION OF INJURY,0.0,0.0,0.0,0.0,0.0,2.0,0.0,15,1,8,41.8391119648,-87.6952295696,POINT (-87.695229569608 41.839111964816)
58803d275267134581bded513dbfd75cd0ad15e687ef0aa80683f824e0b56e39828cfbbf32af6a4da28fe6bc0d39644c12ed42d9721d5687ce20b9b09370bacc,JG228535,,04/18/2023 05:00:00 PM,30,TRAFFIC SIGNAL,UNKNOWN,CLEAR,DAYLIGHT,ANGLE,NOT DIVIDED,,STRAIGHT AND LEVEL,DRY,UNKNOWN,NOT ON SCENE (DESK REPORT),NO INJURY / DRIVE AWAY,,,,"$501 - $1,500",04/18/2023 05:35:00 PM,UNABLE TO DETERMINE,NOT APPLICABLE,9900,S,LONGWOOD DR,2213.0,,,,,,,2,NO INDICATION OF INJURY,0.0,0.0,0.0,0.0,0.0,2.0,0.0,17,3,4,41.7137713241,-87.6690758408,POINT (-87.669075840815 41.713771324054)