CRASH_RECORD_ID,RD_NO,CRASH_DATE_EST_I,CRASH_DATE,POSTED_SPEED_LIMIT,TRAFFIC_CONTROL_DEVICE,DEVICE_CONDITION,WEATHER_CONDITION,LIGHTING_CONDITION,FIRST_CRASH_TYPE,TRAFFICWAY_TYPE,LANE_CNT,ALIGNMENT,ROADWAY_SURFACE_COND,ROAD_DEFECT,REPORT_TYPE,CRASH_TYPE,INTERSECTION_RELATED_I,NOT_RIGHT_OF_WAY_I,HIT_AND_RUN_I,DAMAGE,DATE_POLICE_NOTIFIED,PRIM_CONTRIBUTORY_CAUSE,SEC_CONTRIBUTORY_CAUSE,STREET_NO,STREET_DIRECTION,STREET_NAME,BEAT_OF_OCCURRENCE,PHOTOS_TAKEN_I,STATEMENTS_TAKEN_I,DOORING_I,WORK_ZONE_I,WORK_ZONE_TYPE,WORKERS_PRESENT_I,NUM_UNITS,MOST_SEVERE_INJURY,INJURIES_TOTAL,INJURIES_FATAL,INJURIES_INCAPACITATING,INJURIES_NON_INCAPACITATING,INJURIES_REPORTED_NOT_EVIDENT,INJURIES_NO_INDICATION,INJURIES_UNKNOWN,CRASH_HOUR,CRASH_DAY_OF_WEEK,CRASH_MONTH,LATITUDE,LONGITUDE,LOCATION
76cb3bad05334604b574812a1998bb1ac67a3087203a58f1daabe59d77f4e63abf5a1660b30ef7ee768ee8cdac5d0b3dba9765a0dbd08470ee1c8eab43762b68,JB451036,,09/25/2018 09:00:00 PM,35,NO CONTROLS,NO CONTROLS,CLEAR,"DARKNESS, LIGHTED ROAD",FIXED OBJECT,NOT DIVIDED,4.0,STRAIGHT AND LEVEL,DRY,NO DEFECTS,ON SCENE,INJURY AND / OR TOW DUE TO CRASH,,,,"OVER $1,500",09/25/2018 09:50:00 PM,FAILING TO REDUCE SPEED TO AVOID CRASH,NOT APPLICABLE,5715,N,RIDGE AVE,2013.0,,,,,,,1,NO INDICATION OF INJURY,0.0,0.0,0.0,0.0,0.0,1.0,0.0,21,3,9,41.9860241719,-87.6637560901,POINT (-87.663756090074 41.986024171872)
e6429bff3a81878a4e1271a55c1f13d1e6dbd6f6c654604ba4e6dd878479154e5c703d2aa117eadd99818036a7c7b69f8638af587b88a4906588186fbb9568ed,HY464516,,10/16/2015 03:45:00 PM,0,NO CONTROLS,NO CONTROLS,CLEAR,DAYLIGHT,ANGLE,PARKING LOT,2.0,STRAIGHT AND LEVEL,DRY,NO DEFECTS,NOT ON SCENE (DESK REPORT),NO INJURY / DRIVE AWAY,,Y,,"$501 - $1,500",10/16/2015 04:10:00 PM,UNABLE TO DETERMINE,NOT APPLICABLE,5652,W,DIVISION ST,2531.0,,,,,,,2,NO INDICATION OF INJURY,0.0,0.0,0.0,0.0,0.0,2.0,0.0,15,6,10,41.9022216243,-87.7677718455,POINT (-87.767771845479 41.902221624326)
6ef3d946f1235a8551ebc7721a854d0a75a944692088f93629f4feb197dd8d9837f70d4f73261b23c21be713dee4648892b0f0592ff01ca29535bd372af2d74f,JF358818,,08/16/2022 12:30:00 PM,30,NO CONTROLS,NO CONTROLS,CLEAR,DAWN,SIDESWIPE SAME DIRECTION,NOT DIVIDED,,STRAIGHT AND LEVEL,DRY,NO DEFECTS,NOT ON SCENE (DESK REPORT),NO INJURY / DRIVE AWAY,,,,"$501 - $1,500",08/16/2022 01:15:00 PM,UNABLE TO DETERMINE,HAD BEEN DRINKING (USE WHEN ARREST IS NOT MADE),2100,W,FOSTER AVE,2012.0,,,,,,,2,NO INDICATION OF INJURY,0.0,0.0,0.0,0.0,0.0,3.0,0.0,12,3,8,41.9761054079,-87.6819699104,POINT (-87.681969910408 41.976105407944)
000fc02cf7d86c1fe940f5f90020d82ae2f867757f3d17fdd8cead5e023e5bcd2025cc4a4321c18d831dbfbf3b50e5ea8eb6c9be77d7617b503e99f04b2b12dc,JG132407,,01/28/2023 07:00:00 AM,30,NO CONTROLS,NO CONTROLS,SNOW,DAYLIGHT,REAR END,NOT DIVIDED,,STRAIGHT AND LEVEL,WET,NO DEFECTS,ON SCENE,NO INJURY / DRIVE AWAY,,,,"$501 - $1,500",01/28/2023 07:55:00 AM,FOLLOWING TOO CLOSELY,UNABLE TO DETERMINE,2557,W,NORTH AVE,1423.0,,,,,,,2,NO INDICATION OF INJURY,0.0,0.0,0.0,0.0,0.0,2.0,0.0,7,7,1,41.9101577701,-87.6919028915,POINT (-87.691902891515 41.910157770134)
6a0145f3f17bec525bacd25e370cce702621f2fd5b94e4dfcdc0a6d361809dffc47a38a3e87de1d363ba7de00fd4eaf0e622a97351676ec6033d2709f0ba3b7c,HZ536774,,12/02/2016 08:05:00 AM,30,TRAFFIC SIGNAL,FUNCTIONING PROPERLY,CLOUDY/OVERCAST,DAYLIGHT,REAR END,DIVIDED - W/MEDIAN (NOT RAISED),4.0,STRAIGHT AND LEVEL,DRY,NO DEFECTS,NOT ON SCENE (DESK REPORT),NO INJURY / DRIVE AWAY,,,,"OVER $1,500",12/02/2016 08:25:00 AM,FOLLOWING TOO CLOSELY,PHYSICAL CONDITION OF DRIVER,2200,N,CICERO AVE,2522.0,Y,Y,,,,,2,NO INDICATION OF INJURY,0.0,0.0,0.0,0.0,0.0,2.0,0.0,8,6,12,41.920673812,-87.7463594055,POINT (-87.746359405534 41.920673812039)
092dbef5dfeed6ba644d5c477a11a287f9382f274e69bdcb1ce319f1df3bef4c79b4ff7cee3186205364220deb9f0caca3a3fefcd7fc74d1ac8b75cbf128648b,JB538674,,12/03/2018 03:00:00 PM,25,NO CONTROLS,NO CONTROLS,CLOUDY/OVERCAST,DUSK,FIXED OBJECT,NOT DIVIDED,2.0,STRAIGHT AND LEVEL,WET,NO DEFECTS,ON SCENE,NO INJURY / DRIVE AWAY,,,,"OVER $1,500",12/03/2018 03:10:00 PM,DISREGARDING OTHER TRAFFIC SIGNS,DISREGARDING OTHER TRAFFIC SIGNS,331,W,35TH ST,915.0,,,,,,,1,NO INDICATION OF INJURY,0.0,0.0,0.0,0.0,0.0,1.0,0.0,15,2,12,41.8307848614,-87.6352060956,POINT (-87.635206095571 41.83078486142)
18443acc08351ef4a7a67affe4634bb8ec041db1ede5ffb84c26af7fc6ccf22530257c45812e79d075f5764de2289c5099d483a88cd8b8c70740d32ff844570b,JB557697,,12/16/2018 01:00:00 AM,30,TRAFFIC SIGNAL,FUNCTIONING PROPERLY,CLEAR,"DARKNESS, LIGHTED ROAD",REAR END,NOT DIVIDED,,STRAIGHT AND LEVEL,DRY,UNKNOWN,NOT ON SCENE (DESK REPORT),NO INJURY / DRIVE AWAY,,,,"$501 - $1,500",12/17/2018 09:30:00 PM,UNABLE TO DETERMINE,UNABLE TO DETERMINE,4006,S,PULASKI RD,815.0,,,,,,,2,NO INDICATION OF INJURY,0.0,0.0,0.0,0.0,0.0,2.0,0.0,1,1,12,41.8190524663,-87.7241127025,POINT (-87.7241127025 41.819052466282)
40352220a90f9a7f4bdc8e17f5c4ff490a403f199b372a1f68b2b9dcab7a4a685a0ec7e8461de48b25fee6a1b4dc6795d9e6cb6b50848cfcb43be2fd7f4c9b8a,JB129992,,01/26/2018 07:45:00 AM,30,TRAFFIC SIGNAL,FUNCTIONING PROPERLY,CLEAR,DAYLIGHT,PEDESTRIAN,NOT DIVIDED,2.0,STRAIGHT AND LEVEL,DRY,NO DEFECTS,ON SCENE,INJURY AND / OR TOW DUE TO CRASH,Y,,,$500 OR LESS,01/26/2018 07:48:00 AM,WEATHER,"VISION OBSCURED (SIGNS, TREE LIMBS, BUILDINGS, ETC.)",800,W,WILSON AVE,1914.0,,,,,,,3,NONINCAPACITATING INJURY,2.0,0.0,0.0,1.0,1.0,1.0,0.0,7,6,1,41.9656021177,-87.6501304846,POINT (-87.650130484624 41.965602117719)
7eac1050d831830c715b0c7c6069e773ba7b2cd69a3b558205ff8db9a0bb323f44fcefff2297846bc0fcfeb1e9b82559be8138b2633048911e18190b60297731,JB426591,,09/07/2018 07:00:00 PM,35,TRAFFIC SIGNAL,FUNCTIONING PROPERLY,RAIN,DUSK,REAR END,DIVIDED - W/MEDIAN (NOT RAISED),2.0,STRAIGHT AND LEVEL,WET,NO DEFECTS,NOT ON SCENE (DESK REPORT),INJURY AND / OR TOW DUE TO CRASH,Y,,,"OVER $1,500",09/07/2018 08:05:00 PM,WEATHER,NOT APPLICABLE,7500,S,CREGIER AVE,414.0,Y,,,,,,2,NO INDICATION OF INJURY,0.0,0.0,0.0,0.0,0.0,3.0,0.0,19,6,9,41.7587298264,-87.5811801268,POINT (-87.5811801268 41.758729826375)
f200c3f20b910e6dcca98e747f0036b7c62131b1bbc75826b95e1253c2cbca50e678bfe0e157e5f81606d1f1f6f05ea1bf8e62f9aeaff66c516d05620e254233,JF273688,,06/09/2022 06:18:00 PM,30,UNKNOWN,UNKNOWN,CLEAR,DAYLIGHT,REAR END,DIVIDED - W/MEDIAN (NOT RAISED),,STRAIGHT AND LEVEL,DRY,UNKNOWN,NOT ON SCENE (DESK REPORT),NO INJURY / DRIVE AWAY,N,,,"OVER $1,500",06/09/2022 06:30:00 PM,UNABLE TO DETERMINE,NOT APPLICABLE,5554,W,FULLERTON AVE,2515.0,,,,,,,2,NO INDICATION OF INJURY,0.0,0.0,0.0,0.0,0.0,3.0,0.0,18,5,6,41.9240932702,-87.7657741182,POINT (-87.765774118219 41.924093270218)
b83d9701bb0724ba65cf17a2c3a4fecfb61038a5386d9ecc5543e535cde6d7bbd77b7bcbdc077069f3663e2d669ea419f51597dcd7fe9fc52ea69fb3a19f60b0,JE330086,,08/08/2021 02:03:00 AM,30,STOP SIGN/FLASHER,FUNCTIONING PROPERLY,CLEAR,"DARKNESS, LIGHTED ROAD",PARKED MOTOR VEHICLE,NOT DIVIDED,,STRAIGHT AND LEVEL,DRY,UNKNOWN,ON SCENE,NO INJURY / DRIVE AWAY,,,Y,"OVER $1,500",08/08/2021 02:05:00 AM,"EVASIVE ACTION DUE TO ANIMAL, OBJECT, NONMOTORIST",NOT APPLICABLE,140,S,FRANCISCO AVE,1124.0,,,,,,,2,NO INDICATION OF INJURY,0.0,0.0,0.0,0.0,0.0,1.0,0.0,2,1,8,41.8789693824,-87.6988358005,POINT (-87.698835800471 41.878969382399)
9a29308d249351757de2b7cad0208cf8c7bf7437f624568fb6d0f55ddc7b05c066f9bb685a3d726391123259c5e2937caeff63715fe6ae5bb704a649341316b2,JA118192,,01/16/2017 03:50:00 PM,30,TRAFFIC SIGNAL,FUNCTIONING PROPERLY,RAIN,DAYLIGHT,REAR END,NOT DIVIDED,2.0,STRAIGHT AND LEVEL,WET,NO DEFECTS,NOT ON SCENE (DESK REPORT),NO INJURY / DRIVE AWAY,,,,"OVER $1,500",01/16/2017 04:47:00 PM,UNABLE TO DETERMINE,UNABLE TO DETERMINE,6300,S,STATE ST,312.0,,,,,,,2,NO INDICATION OF INJURY,0.0,0.0,0.0,0.0,0.0,2.0,0.0,15,2,1,41.7800082774,-87.6255225119,POINT (-87.625522511916 41.780008277408)
1e40bc1bf21ecef480d2f5590dd66b81fb4ce7ff670a207e1c65db95c46edc9e9465da07a7454683c5b80ac95e4902e249a33d7fc0817ad51a2df830f009eec1,HZ159006,,02/20/2016 04:40:00 PM,30,NO CONTROLS,NO CONTROLS,CLEAR,DAYLIGHT,TURNING,NOT DIVIDED,2.0,STRAIGHT AND LEVEL,DRY,NO DEFECTS,ON SCENE,INJURY AND / OR TOW DUE TO CRASH,,,,"OVER $1,500",02/20/2016 05:20:00 PM,IMPROPER TURNING/NO SIGNAL,FAILING TO YIELD RIGHT-OF-WAY,3648,W,DIVISION ST,2535.0,,,,,,,2,NONINCAPACITATING INJURY,3.0,0.0,0.0,2.0,1.0,2.0,0.0,16,7,2,41.9028529706,-87.717965494,POINT (-87.717965493999 41.902852970592)
79b57ea6ac83c9604753fe7e1c633164ef8ef072b409af74a9e9cc6a8366696d6d391e0095eb58070f29982004fa6a977411f58f89d1b49d3718f08d201b1303,JA544080,,12/10/2017 03:00:00 PM,30,NO CONTROLS,NO CONTROLS,CLEAR,DAYLIGHT,SIDESWIPE SAME DIRECTION,NOT DIVIDED,,STRAIGHT AND LEVEL,DRY,NO DEFECTS,NOT ON SCENE (DESK REPORT),NO INJURY / DRIVE AWAY,,,,"OVER $1,500",12/10/2017 03:30:00 PM,IMPROPER OVERTAKING/PASSING,IMPROPER OVERTAKING/PASSING,1500,W,71ST ST,734.0,,,,,,,2,NO INDICATION OF INJURY,0.0,0.0,0.0,0.0,0.0,2.0,0.0,15,1,12,41.7650518017,-87.6614350434,POINT (-87.661435043377 41.765051801665)
50b34275423a6cd784e359b7435f74e89cf5c605be363432b7641fb20b5c6e8410465b90efa0c2a8d921bcb90c291a1bf9b4b270cb5263c23985f33d68efa698,,,10/29/2023 03:15:00 AM,15,NO CONTROLS,NO CONTROLS,UNKNOWN,"DARKNESS, LIGHTED ROAD",PARKED MOTOR VEHICLE,PARKING LOT,,STRAIGHT AND LEVEL,UNKNOWN,NO DEFECTS,NOT ON SCENE (DESK REPORT),NO INJURY / DRIVE AWAY,,,Y,"$501 - $1,500",11/02/2023 04:30:00 PM,UNABLE TO DETERMINE,UNABLE TO DETERMINE,2249,S,PULASKI RD,1013.0,,,,,,,2,NO INDICATION OF INJURY,0.0,0.0,0.0,0.0,0.0,2.0,0.0,3,1,10,41.8500093737,-87.7245710356,POINT (-87.724571035614 41.850009373741)
a81a5dc21534281bad33ea0e126aa31773c6c068dd9e9a6ea14b9cad8cc15b5e2a9492cb73d7f5a194b22391aaa038f594d51f9bd27259b31fc02edfb525ef35,JF479541,,11/18/2022 02:46:00 PM,30,TRAFFIC SIGNAL,FUNCTIONING PROPERLY,CLEAR,DAYLIGHT,SIDESWIPE SAME DIRECTION,DIVIDED - W/MEDIAN BARRIER,,STRAIGHT AND LEVEL,DRY,NO DEFECTS,NOT ON SCENE (DESK REPORT),NO INJURY / DRIVE AWAY,,,,"OVER $1,500",11/18/2022 03:50:00 PM,FOLLOWING TOO CLOSELY,DRIVING SKILLS/KNOWLEDGE/EXPERIENCE,1920,W,PETERSON AVE,2413.0,,,,,,,2,NO INDICATION OF INJURY,0.0,0.0,0.0,0.0,0.0,2.0,0.0,14,6,11,41.9908136945,-87.678011102,POINT (-87.678011101958 41.990813694486)
a2b8dce79b96221a0eb46c2ddc00dacf779cf0d1d10ab6a99909935278c0ccb68789e67830ba16b92b868df206b15409cf6c2a9b37b5f287005ab5ae556368b0,JF322689,,07/18/2022 10:44:00 PM,30,STOP SIGN/FLASHER,FUNCTIONING PROPERLY,CLEAR,"DARKNESS, LIGHTED ROAD",PEDESTRIAN,FOUR WAY,,STRAIGHT AND LEVEL,DRY,NO DEFECTS,ON SCENE,NO INJURY / DRIVE AWAY,Y,,,"OVER $1,500",07/18/2022 11:00:00 PM,FAILING TO REDUCE SPEED TO AVOID CRASH,FAILING TO REDUCE SPEED TO AVOID CRASH,1900,W,OGDEN AVE,1225.0,,,,,,,2,NO INDICATION OF INJURY,0.0,0.0,0.0,0.0,0.0,4.0,0.0,22,2,7,41.8747832553,-87.6742003543,POINT (-87.674200354342 41.874783255317)
3fff690aa464a9e261bc140b510f3534dda8493de9d12a377ae683d4affd21067719cb7a033b7de6bf356180c292078fed7c6e17f1da5cabe4ae1fef9436fc4c,JA223174,,04/13/2017 10:25:00 AM,25,NO CONTROLS,NO CONTROLS,CLOUDY/OVERCAST,DAYLIGHT,REAR END,DIVIDED - W/MEDIAN (NOT RAISED),2.0,STRAIGHT AND LEVEL,WET,NO DEFECTS,NOT ON SCENE (DESK REPORT),NO INJURY / DRIVE AWAY,,,,$500 OR LESS,04/13/2017 11:36:00 AM,UNABLE TO DETERMINE,UNABLE TO DETERMINE,2901,N,CALIFORNIA AVE,1411.0,,,,,,,2,NO INDICATION OF INJURY,0.0,0.0,0.0,0.0,0.0,2.0,0.0,10,5,4,41.9339677907,-87.6975247435,POINT (-87.697524743465 41.933967790709)
cd18427232a7be0bbf063d7e10f0ecc58504fb8b77745381b80b65ebc99684d0ca58e51925fdac9dbabfebf898f1f26420ef50004cf4f8500756d54b82946e20,JC192563,,03/12/2019 06:00:00 AM,35,UNKNOWN,NO CONTROLS,UNKNOWN,DARKNESS,PARKED MOTOR VEHICLE,NOT DIVIDED,2.0,STRAIGHT AND LEVEL,UNKNOWN,NO DEFECTS,NOT ON SCENE (DESK REPORT),NO INJURY / DRIVE AWAY,N,,Y,"OVER $1,500",03/20/2019 10:15:00 AM,IMPROPER LANE USAGE,DRIVING SKILLS/KNOWLEDGE/EXPERIENCE,11632,S,PRAIRIE AVE,532.0,,,,,,,2,NO INDICATION OF INJURY,0.0,0.0,0.0,0.0,0.0,1.0,0.0,6,3,3,41.6815608945,-87.6168296327,POINT (-87.616829632737 41.681560894497)
ae0220f4d2138ac29aaa415a8eccf7a353906c42cffb46be67a954ef42b846a3d731f5a094a875fab87f9caabbc9fdd4f451b4fbc404576853dfe35aa5a881b9,JF126758,,01/28/2022 11:45:00 AM,5,NO CONTROLS,NO CONTROLS,CLEAR,DAYLIGHT,PARKED MOTOR VEHICLE,PARKING LOT,,STRAIGHT AND LEVEL,SNOW OR SLUSH,NO DEFECTS,NOT ON SCENE (DESK REPORT),NO INJURY / DRIVE AWAY,,,,$500 OR LESS,01/28/2022 12:20:00 PM,UNABLE TO DETERMINE,UNABLE TO DETERMINE,139,S,PARKSIDE AVE,1513.0,,,,,,,2,NO INDICATION OF INJURY,0.0,0.0,0.0,0.0,0.0,1.0,0.0,11,6,1,41.8779991408,-87.7662614986,POINT (-87.76626149863 41.8779991408)
f2ac6a54c112afbd966868b3c8cecd8a60130ab018470d419cce7730a7e24287334b39bb00b7d3ef559980dc0f4f161282a90ace67d5c6dd9fd74b90130a2c07,JA210879,,04/02/2017 06:00:00 PM,30,NO CONTROLS,NO CONTROLS,CLEAR,DAYLIGHT,TURNING,OTHER,,STRAIGHT AND LEVEL,DRY,NO DEFECTS,NOT ON SCENE (DESK REPORT),NO INJURY / DRIVE AWAY,,,,$500 OR LESS,04/03/2017 01:41:00 PM,UNABLE TO DETERMINE,UNABLE TO DETERMINE,243,W,PERSHING RD,925.0,,,,,,,2,NO INDICATION OF INJURY,0.0,0.0,0.0,0.0,0.0,2.0,0.0,18,1,4,41.8235152033,-87.6330750015,POINT (-87.63307500146 41.823515203297)
3961de787e031a591f856ba8416c7928574519c90974400217cb1fda123aea1116cc0cbb2d81f577ffb6ce3d9c0ccca32dd0e25704332c912695248fc8d27a7d,JD136598,,02/01/2020 03:10:00 PM,10,NO CONTROLS,NO CONTROLS,CLEAR,DAYLIGHT,PARKED MOTOR VEHICLE,NOT DIVIDED,,STRAIGHT AND LEVEL,DRY,NO DEFECTS,NOT ON SCENE (DESK REPORT),NO INJURY / DRIVE AWAY,,,,"OVER $1,500",02/01/2020 05:00:00 PM,IMPROPER BACKING,NOT APPLICABLE,6425,S,LOWE AVE,723.0,,,,,,,2,NO INDICATION OF INJURY,0.0,0.0,0.0,0.0,0.0,1.0,0.0,15,7,2,41.7772211998,-87.6406535511,POINT (-87.64065355106 41.77722119984)
a2397ba66534ad018c3326b62c592ca43e07696a77a79c75eb799b966021d7b09a7e2ee06bc503165e30439ab28e970bdc3a79ca6e1e5e5ebce2458e5b77f6d2,JC308121,,06/15/2019 09:05:00 PM,30,TRAFFIC SIGNAL,FUNCTIONING PROPERLY,RAIN,"DARKNESS, LIGHTED ROAD",TURNING,NOT DIVIDED,,STRAIGHT AND LEVEL,WET,UNKNOWN,ON SCENE,INJURY AND / OR TOW DUE TO CRASH,,,,"OVER $1,500",06/15/2019 09:08:00 PM,FAILING TO YIELD RIGHT-OF-WAY,UNABLE TO DETERMINE,6600,S,HALSTED ST,723.0,,,,,,,2,"REPORTED, NOT EVIDENT",1.0,0.0,0.0,0.0,1.0,2.0,0.0,21,7,6,41.7742481164,-87.6447897746,POINT (-87.644789774568 41.774248116446)
77910c79c1abeafef722172e658a6289a00478941545e86fa12fc97faef47abaa3b62623010eb63376077257697d3e06f21b7dbf20cc1e54e9b9d5da1ebb2548,JD373514,,09/20/2020 08:30:00 AM,30,NO CONTROLS,NO CONTROLS,CLEAR,DAYLIGHT,PARKED MOTOR VEHICLE,ONE-WAY,,STRAIGHT AND LEVEL,UNKNOWN,UNKNOWN,,NO INJURY / DRIVE AWAY,,,Y,"OVER $1,500",09/20/2020 03:26:00 PM,IMPROPER OVERTAKING/PASSING,UNABLE TO DETERMINE,544,W,BRIAR PL,1934.0,,,,,,,4,NO INDICATION OF INJURY,0.0,0.0,0.0,0.0,0.0,1.0,0.0,8,1,9,41.9388084839,-87.6437096941,POINT (-87.643709694097 41.938808483858)
91b7331d0e7c496498d601ecba8e7495cc01f63b57f543c25a4f20462175c641eabb30a593d727e12af23a978f771e9051e25c090510c1888ae9850e361ecb78,JC441518,,09/20/2019 03:45:00 PM,30,TRAFFIC SIGNAL,FUNCTIONING PROPERLY,CLEAR,DAYLIGHT,REAR END,DIVIDED - W/MEDIAN BARRIER,,STRAIGHT AND LEVEL,DRY,NO DEFECTS,NOT ON SCENE (DESK REPORT),NO INJURY / DRIVE AWAY,N,,,"OVER $1,500",09/20/2019 04:00:00 PM,UNABLE TO DETERMINE,UNABLE TO DETERMINE,208,N,MICHIGAN AVE,111.0,,,,,,,2,NO INDICATION OF INJURY,0.0,0.0,0.0,0.0,0.0,2.0,0.0,15,6,9,41.8859949167,-87.6246695552,POINT (-87.624669555151 41.885994916709)
145352ef6aa6fe3adf2b9920ab0c19aac8631bfd02cced40c4929cc112e9f8d57840917fa423aae3fd4317774646b4829c93a8e2ce0ff8d17b398293575c0e3c,JF487339,,11/25/2022 02:57:00 PM,30,NO CONTROLS,NO CONTROLS,CLEAR,DAYLIGHT,TURNING,NOT DIVIDED,,STRAIGHT AND LEVEL,DRY,NO DEFECTS,NOT ON SCENE (DESK REPORT),NO INJURY / DRIVE AWAY,Y,,,"OVER $1,500",11/25/2022 03:00:00 PM,FAILING TO YIELD RIGHT-OF-WAY,NOT APPLICABLE,4302,W,FOSTER AVE,1712.0,,,,,,,2,NO INDICATION OF INJURY,0.0,0.0,0.0,0.0,0.0,3.0,0.0,14,6,11,41.97556177,-87.7357772788,POINT (-87.735777278792 41.975561769991)
a7e1490d1c603adcf69c73bd0429068ee66233d0e9afb3349628767c63d1f53790350844df072ef736ed393ca3018b34561e7379b54b2e9a3c8ddeafa27e28ad,JC563258,,12/28/2019 04:20:00 PM,30,NO CONTROLS,NO CONTROLS,CLEAR,"DARKNESS, LIGHTED ROAD",SIDESWIPE SAME DIRECTION,NOT DIVIDED,,STRAIGHT AND LEVEL,DRY,NO DEFECTS,ON SCENE,NO INJURY / DRIVE AWAY,,,Y,"OVER $1,500",12/28/2019 04:30:00 PM,IMPROPER OVERTAKING/PASSING,UNABLE TO DETERMINE,2800,N,CLARK ST,1934.0,,,,,,,2,NO INDICATION OF INJURY,0.0,0.0,0.0,0.0,0.0,2.0,0.0,16,7,12,41.9328286998,-87.645080351,POINT (-87.645080351015 41.932828699843)
a39a295bc86d5f61eb7de408dd82becf0fc6367454f173b9cf8a47239bb98c0bd1107ae9768671dde4bab6b06185b9694adf37e12c8ae4963ef7e7378d3627f9,JG105662,,01/05/2023 04:30:00 PM,30,TRAFFIC SIGNAL,FUNCTIONING PROPERLY,CLOUDY/OVERCAST,DUSK,ANGLE,FOUR WAY,,STRAIGHT AND LEVEL,DRY,NO DEFECTS,NOT ON SCENE (DESK REPORT),NO INJURY / DRIVE AWAY,,,,"OVER $1,500",01/05/2023 04:58:00 PM,NOT APPLICABLE,NOT APPLICABLE,6300,S,WESTERN AVE,825.0,,,,,,,2,NO INDICATION OF INJURY,0.0,0.0,0.0,0.0,0.0,2.0,0.0,16,5,1,41.7791234838,-87.6837830986,POINT (-87.683783098636 41.77912348384)
501a05fc4cc0c56893e9f3d44ae0ad01a29b61f89314aa0ca62124e0f10826a8d8bb1d738a579af4564b8e7e653bc6e84a1cfcae4c7bf72df1244958ee781cf5,JC151050,,02/13/2019 09:15:00 AM,30,NO CONTROLS,NO CONTROLS,CLEAR,DAYLIGHT,SIDESWIPE SAME DIRECTION,ONE-WAY,,STRAIGHT AND LEVEL,DRY,NO DEFECTS,NOT ON SCENE (DESK REPORT),NO INJURY / DRIVE AWAY,N,,,$500 OR LESS,02/13/2019 03:52:00 PM,UNABLE TO DETERMINE,UNABLE TO DETERMINE,99,S,CLINTON ST,121.0,,,,,,,2,NO INDICATION OF INJURY,0.0,0.0,0.0,0.0,0.0,2.0,0.0,9,4,2,41.8806012751,-87.6410073768,POINT (-87.641007376808 41.880601275122)
0147e73220d5b2f6a9c44c6cd1f8deb862ca2f50982286155f1764a5a80de82db15c25406a7089c8621c42373d34e82a7c4a6e3b1e42a762701e51ad5c4ffbfb,JA192373,,03/19/2017 04:30:00 AM,35,TRAFFIC SIGNAL,FUNCTIONING PROPERLY,CLEAR,DARKNESS,ANGLE,CENTER TURN LANE,2.0,STRAIGHT AND LEVEL,DRY,NO DEFECTS,NOT ON SCENE (DESK REPORT),NO INJURY / DRIVE AWAY,Y,,,"$501 - $1,500",03/19/2017 09:31:00 AM,UNABLE TO DETERMINE,UNABLE TO DETERMINE,71,W,HUBBARD ST,1831.0,,,,,,,2,NO INDICATION OF INJURY,0.0,0.0,0.0,0.0,0.0,2.0,0.0,4,1,3,41.8899145999,-87.6308284102,POINT (-87.630828410162 41.889914599928)
25a4d7368de49863f4cca8c6f22a9ea6e13c12909e6e0652d959c0a8f2e0f3f22ecf22de33bee7db4e216c742d39fd7d78e82c6e56eb346a7ed530c0d2440107,JF172502,,03/11/2022 05:30:00 PM,30,TRAFFIC SIGNAL,FUNCTIONING PROPERLY,CLEAR,DUSK,REAR END,NOT DIVIDED,,STRAIGHT AND LEVEL,DRY,NO DEFECTS,,NO INJURY / DRIVE AWAY,,,,"$501 - $1,500",03/13/2022 01:00:00 PM,FOLLOWING TOO CLOSELY,FAILING TO REDUCE SPEED TO AVOID CRASH,3601,W,BELMONT AVE,2523.0,,,,,,,2,NO INDICATION OF INJURY,0.0,0.0,0.0,0.0,0.0,2.0,0.0,17,6,3,41.9391056932,-87.7174565546,POINT (-87.717456554565 41.939105693185)
2a41f2079a60f6fae8b4e5d647bc0ef54ff4c3f9d00fac900108562cacedea55dbaa7c391c03ec8c580335f95a1b994a51e2b55b1f5d69b777e8c3f4b52fc501,JA323142,,06/26/2017 11:30:00 AM,30,TRAFFIC SIGNAL,FUNCTIONING PROPERLY,CLEAR,DAYLIGHT,ANGLE,ONE-WAY,2.0,STRAIGHT AND LEVEL,DRY,NO DEFECTS,NOT ON SCENE (DESK REPORT),NO INJURY / DRIVE AWAY,,,,"OVER $1,500",06/26/2017 12:05:00 PM,UNABLE TO DETERMINE,UNABLE TO DETERMINE,600,S,INDEPENDENCE BLVD,1133.0,,,,,,,2,NO INDICATION OF INJURY,0.0,0.0,0.0,0.0,0.0,2.0,0.0,11,2,6,41.8734674235,-87.7205108596,POINT (-87.72051085957 41.873467423537)
10ac8e761a45cb4619224064bbb9217f308f3850a83391dcdc1f9b69e54404bd9e7be62e75c94715fea72d13b882ed2bf934eb57b0b8d7ec81bfb1961fb35217,JA551329,,12/15/2017 07:45:00 AM,30,NO CONTROLS,NO CONTROLS,CLEAR,DAYLIGHT,REAR END,NOT DIVIDED,,STRAIGHT AND LEVEL,DRY,NO DEFECTS,NOT ON SCENE (DESK REPORT),NO INJURY / DRIVE AWAY,,,Y,"$501 - $1,500",12/16/2017 10:30:00 AM,UNABLE TO DETERMINE,UNABLE TO DETERMINE,3545,N,MILWAUKEE AVE,1731.0,,,,,,,2,NO INDICATION OF INJURY,0.0,0.0,0.0,0.0,0.0,2.0,0.0,7,6,12,41.9452044422,-87.7336456059,POINT (-87.733645605864 41.945204442216)