CRASH_RECORD_ID,RD_NO,CRASH_DATE_EST_I,CRASH_DATE,POSTED_SPEED_LIMIT,TRAFFIC_CONTROL_DEVICE,DEVICE_CONDITION,WEATHER_CONDITION,LIGHTING_CONDITION,FIRST_CRASH_TYPE,TRAFFICWAY_TYPE,LANE_CNT,ALIGNMENT,ROADWAY_SURFACE_COND,ROAD_DEFECT,REPORT_TYPE,CRASH_TYPE,INTERSECTION_RELATED_I,NOT_RIGHT_OF_WAY_I,HIT_AND_RUN_I,DAMAGE,DATE_POLICE_NOTIFIED,PRIM_CONTRIBUTORY_CAUSE,SEC_CONTRIBUTORY_CAUSE,STREET_NO,STREET_DIRECTION,STREET_NAME,BEAT_OF_OCCURRENCE,PHOTOS_TAKEN_I,STATEMENTS_TAKEN_I,DOORING_I,WORK_ZONE_I,WORK_ZONE_TYPE,WORKERS_PRESENT_I,NUM_UNITS,MOST_SEVERE_INJURY,INJURIES_TOTAL,INJURIES_FATAL,INJURIES_INCAPACITATING,INJURIES_NON_INCAPACITATING,INJURIES_REPORTED_NOT_EVIDENT,INJURIES_NO_INDICATION,INJURIES_UNKNOWN,CRASH_HOUR,CRASH_DAY_OF_WEEK,CRASH_MONTH,LATITUDE,LONGITUDE,LOCATION
19b00a22830fec0e2b2d1c887d1fdd556f8a735896b5a42d62d8aea49364af6c0d63858ed6aac6e7a439e93b8220ec0137dc438edec4dd11d34033484c6f2efe,JB127603,,01/24/2018 06:09:00 AM,10,NO CONTROLS,NO CONTROLS,CLEAR,DAWN,PEDESTRIAN,OTHER,,STRAIGHT AND LEVEL,DRY,NO DEFECTS,NOT ON SCENE (DESK REPORT),INJURY AND / OR TOW DUE TO CRASH,,,,$500 OR LESS,01/24/2018 06:19:00 AM,UNABLE TO DETERMINE,NOT APPLICABLE,14,W,CTA 95TH ST LN,634.0,,,,,,,2,NONINCAPACITATING INJURY,1.0,0.0,0.0,1.0,0.0,1.0,0.0,6,4,1,41.7228777216,-87.6244114681,POINT (-87.624411468149 41.722877721612)
58a7539b703cdde9cba0da0bf499fe66f9d83ba72b597de88bfed4201f6bfc5bf4cc20ae471da383cd05ed49030a17b3b5ec87a2104008fb2e02332b03a230f9,JE297816,,07/11/2021 11:26:00 AM,30,TRAFFIC SIGNAL,FUNCTIONING PROPERLY,RAIN,DAYLIGHT,ANGLE,FOUR WAY,,STRAIGHT AND LEVEL,WET,UNKNOWN,NOT ON SCENE (DESK REPORT),NO INJURY / DRIVE AWAY,,,,"OVER $1,500",07/11/2021 11:50:00 AM,DISREGARDING TRAFFIC SIGNALS,FAILING TO YIELD RIGHT-OF-WAY,9200,S,JEFFERY AVE,413.0,,,,,,,2,NO INDICATION OF INJURY,0.0,0.0,0.0,0.0,0.0,3.0,0.0,11,1,7,41.7278453993,-87.5756357046,POINT (-87.575635704599 41.727845399315)
95acd405bf68ae04202efe8540aeb427bd4e2462e4af468d81fe71f4caf37dfff938fc2276d01bea022e65c071c93ba5cb99df47dcf92fbb1a2ce2db45780fc7,JE184433,,03/30/2021 03:27:00 PM,30,TRAFFIC SIGNAL,FUNCTIONING PROPERLY,CLEAR,DAYLIGHT,REAR END,DIVIDED - W/MEDIAN (NOT RAISED),,STRAIGHT AND LEVEL,DRY,NO DEFECTS,NOT ON SCENE (DESK REPORT),NO INJURY / DRIVE AWAY,Y,,,"$501 - $1,500",03/30/2021 03:55:00 PM,UNABLE TO DETERMINE,NOT APPLICABLE,4500,W,WASHINGTON BLVD,1113.0,,,,,,,2,NO INDICATION OF INJURY,0.0,0.0,0.0,0.0,0.0,2.0,0.0,15,3,3,41.8820086436,-87.7380810685,POINT (-87.73808106854 41.882008643613)
d9d10b13c89c57ba85c8543f8eed9edc7a0fde7704693b1fb9fdb67f9190a1be7ef1d2ebd37b32722f839270faa1038e6768c18738c6631710c84a76c089a383,JD140665,,02/05/2020 08:56:00 AM,30,TRAFFIC SIGNAL,FUNCTIONING PROPERLY,CLEAR,DAYLIGHT,REAR END,NOT DIVIDED,,STRAIGHT AND LEVEL,DRY,NO DEFECTS,NOT ON SCENE (DESK REPORT),NO INJURY / DRIVE AWAY,,,,"$501 - $1,500",02/05/2020 09:39:00 AM,UNABLE TO DETERMINE,NOT APPLICABLE,8541,S,PULASKI RD,834.0,,,,,,,2,NO INDICATION OF INJURY,0.0,0.0,0.0,0.0,0.0,2.0,0.0,8,4,2,41.7372672872,-87.7213698377,POINT (-87.721369837711 41.73726728722)
0d9c5025d18eacda96fadfa56d3cab98d497ff33fbb07cbc93185f98a26edf269ba6528e85ff3d047d17e0f67a7a2644b778d840e0ad37123bc7fcf7cc175384,JD245898,,05/28/2020 08:07:00 PM,30,TRAFFIC SIGNAL,FUNCTIONING PROPERLY,RAIN,DUSK,REAR END,DIVIDED - W/MEDIAN BARRIER,,STRAIGHT AND LEVEL,WET,NO DEFECTS,ON SCENE,NO INJURY / DRIVE AWAY,,,Y,"OVER $1,500",05/28/2020 08:16:00 PM,IMPROPER OVERTAKING/PASSING,UNABLE TO DETERMINE,8301,S,STONY ISLAND AVE,412.0,,,,,,,3,NO INDICATION OF INJURY,0.0,0.0,0.0,0.0,0.0,6.0,0.0,20,5,5,41.744160231,-87.5852284872,POINT (-87.585228487235 41.744160230994)
7a9d4af50acae14f5c1cbde51723704f05358bf3feb8ee82efffaf6946157aabf30f81e926d3bd9b75a37ec210319ac45f410c7d35897ae15e9933e775fa3e0a,JG155699,,02/17/2023 08:27:00 AM,30,NO CONTROLS,NO CONTROLS,CLEAR,DAYLIGHT,SIDESWIPE OPPOSITE DIRECTION,NOT DIVIDED,,STRAIGHT AND LEVEL,SNOW OR SLUSH,NO DEFECTS,ON SCENE,NO INJURY / DRIVE AWAY,,,,"OVER $1,500",02/17/2023 08:28:00 AM,UNABLE TO DETERMINE,NOT APPLICABLE,7730,N,HASKINS AVE,2422.0,,,,,,,2,NO INDICATION OF INJURY,0.0,0.0,0.0,0.0,0.0,2.0,0.0,8,6,2,42.0218791152,-87.6748256034,POINT (-87.674825603419 42.021879115236)
feb79edb8fdf90355a600ffe339f6c5624aaf1b35af64fe6e98f5370d089c8df1a2ef112d86d20fbb217b8f710cd91b8dd032495727a496f94823a6f9e5ad9df,JD322372,,08/06/2020 02:45:00 AM,15,NO CONTROLS,NO CONTROLS,CLEAR,DAYLIGHT,PARKED MOTOR VEHICLE,ONE-WAY,,STRAIGHT AND LEVEL,DRY,NO DEFECTS,ON SCENE,NO INJURY / DRIVE AWAY,,,Y,"$501 - $1,500",08/06/2020 02:51:00 AM,NOT APPLICABLE,NOT APPLICABLE,3802,W,LEXINGTON ST,1133.0,,,,,,,2,NO INDICATION OF INJURY,0.0,0.0,0.0,0.0,0.0,1.0,0.0,2,5,8,41.8717985493,-87.7205113981,POINT (-87.72051139809 41.871798549308)
1eed6a667a61a3628bdd956e2a798ed1b174a677483694821f3458b117753729f08e17a5cc10f0fcb65f8fc60d3445562fc358ade3d23a381604adaa2e3831d6,JE422152,,10/25/2021 04:15:00 PM,35,STOP SIGN/FLASHER,FUNCTIONING PROPERLY,CLEAR,DAYLIGHT,REAR END,DIVIDED - W/MEDIAN BARRIER,,STRAIGHT AND LEVEL,WET,SHOULDER DEFECT,ON SCENE,NO INJURY / DRIVE AWAY,,,Y,"OVER $1,500",10/25/2021 04:15:00 PM,FOLLOWING TOO CLOSELY,NOT APPLICABLE,12800,S,HALSTED ST,523.0,,,,,,,2,NO INDICATION OF INJURY,0.0,0.0,0.0,0.0,0.0,2.0,0.0,16,2,10,41.6613205098,-87.6415029745,POINT (-87.641502974491 41.661320509783)
53d63029322b8cf2b0f4c9e1b9bef408324498d8d29e2e45b5d504addfebd8492c1edee819331c71d56f73c46b0ca8fe967b7b71c91d563af55bb61969c0e629,JE137227,Y,02/09/2021 03:00:00 PM,30,NO CONTROLS,NO CONTROLS,UNKNOWN,UNKNOWN,PARKED MOTOR VEHICLE,NOT DIVIDED,,STRAIGHT AND LEVEL,UNKNOWN,NO DEFECTS,NOT ON SCENE (DESK REPORT),NO INJURY / DRIVE AWAY,,,Y,"OVER $1,500",02/09/2021 06:00:00 PM,DRIVING SKILLS/KNOWLEDGE/EXPERIENCE,UNABLE TO DETERMINE,6400,S,CENTRAL AVE,812.0,,,,,,,2,NO INDICATION OF INJURY,0.0,0.0,0.0,0.0,0.0,1.0,0.0,15,3,2,41.7761932918,-87.7617979664,POINT (-87.761797966413 41.776193291792)
4baa9e74ca1e22f849c21489eba767c66e8b86995d377c523b3086fcd07feb682852ed92f13b940c5296d73acc48ec619a489e85b8d824c54e734151809abe06,JC442248,,09/21/2019 04:47:00 AM,30,TRAFFIC SIGNAL,FUNCTIONING PROPERLY,CLEAR,"DARKNESS, LIGHTED ROAD",ANGLE,NOT DIVIDED,,STRAIGHT AND LEVEL,DRY,NO DEFECTS,NOT ON SCENE (DESK REPORT),NO INJURY / DRIVE AWAY,Y,,,"OVER $1,500",09/21/2019 05:05:00 AM,FAILING TO YIELD RIGHT-OF-WAY,UNABLE TO DETERMINE,2100,S,CALIFORNIA AVE,1023.0,,,,,,,2,NO INDICATION OF INJURY,0.0,0.0,0.0,0.0,0.0,3.0,0.0,4,7,9,41.8536877072,-87.6956517488,POINT (-87.695651748828 41.85368770724)
47eb11a6ed49beff70ab27b223c3ebdf22424927cb6428d989f8b5eb61a8e32c357b0c4122b9f864a82b5b70c0bca9a8f2ac003f6dd02de9c1ba6d10fbd34dba,JE173725,,03/19/2021 06:59:00 PM,30,TRAFFIC SIGNAL,FUNCTIONING PROPERLY,CLEAR,DAYLIGHT,REAR END,NOT DIVIDED,,STRAIGHT AND LEVEL,WET,NO DEFECTS,ON SCENE,INJURY AND / OR TOW DUE TO CRASH,,,,"OVER $1,500",03/19/2021 06:59:00 PM,UNABLE TO DETERMINE,NOT APPLICABLE,300,E,ROOSEVELT DR,114.0,,,,,,,2,NO INDICATION OF INJURY,0.0,0.0,0.0,0.0,0.0,4.0,0.0,18,6,3,41.8676234285,-87.6203323993,POINT (-87.62033239926 41.867623428526)
67b83acf3ca0cedbcc97179efd0b4ec98412d0f05d4bdecddc52af9a23bfd7ae2c9eb39dee9aecd3918a8c02a1b72e41342d7dc21e0c5f5ffe1575de77d78434,JC478019,,10/18/2019 10:45:00 PM,30,NO CONTROLS,NO CONTROLS,CLEAR,"DARKNESS, LIGHTED ROAD",PARKED MOTOR VEHICLE,ONE-WAY,,STRAIGHT AND LEVEL,DRY,NO DEFECTS,ON SCENE,INJURY AND / OR TOW DUE TO CRASH,,,Y,"OVER $1,500",10/18/2019 11:27:00 PM,FAILING TO REDUCE SPEED TO AVOID CRASH,DRIVING SKILLS/KNOWLEDGE/EXPERIENCE,8227,S,EBERHART AVE,631.0,,,,,,,2,NO INDICATION OF INJURY,0.0,0.0,0.0,0.0,0.0,1.0,0.0,22,6,10,41.7448519036,-87.6121828599,POINT (-87.612182859868 41.744851903613)
affb8c857e7d0a900b4cfa54ce25979aaa15184b3196d5a7f65cba8d86beb2594a818b4633748f46d3eecd81bc6c80650736cb6e1808810d7db7de336b79c649,JG290003,,06/06/2023 08:00:00 AM,30,STOP SIGN/FLASHER,UNKNOWN,CLEAR,DAYLIGHT,ANGLE,FOUR WAY,,STRAIGHT AND LEVEL,DRY,UNKNOWN,NOT ON SCENE (DESK REPORT),NO INJURY / DRIVE AWAY,Y,,,"$501 - $1,500",06/06/2023 08:20:00 AM,UNABLE TO DETERMINE,UNABLE TO DETERMINE,10400,S,TORRENCE AVE,434.0,,,,,,,2,NO INDICATION OF INJURY,0.0,0.0,0.0,0.0,0.0,3.0,0.0,8,3,6,41.7063077218,-87.5597909176,POINT (-87.559790917563 41.706307721812)
941ae405f7a9baaf50bf856e32c70a6ba2b271b0b59190c667409e428cd99e1cb8f66dec2b791761d991d305040351044941dcf4a3b22211143b037d9bb5c750,JC177859,,03/07/2019 09:00:00 PM,30,NO CONTROLS,NO CONTROLS,UNKNOWN,"DARKNESS, LIGHTED ROAD",REAR END,NOT DIVIDED,,STRAIGHT AND LEVEL,UNKNOWN,NO DEFECTS,NOT ON SCENE (DESK REPORT),NO INJURY / DRIVE AWAY,,,,"OVER $1,500",03/08/2019 11:30:00 AM,DISTRACTION - FROM OUTSIDE VEHICLE,DISTRACTION - FROM OUTSIDE VEHICLE,1600,W,91ST ST,2221.0,,,,,,,2,NO INDICATION OF INJURY,0.0,0.0,0.0,0.0,0.0,2.0,0.0,21,5,3,41.7285761157,-87.6629487844,POINT (-87.662948784379 41.72857611565)
481e78b1b4f364d4b0508304b29b363035d3ae82944c321e1d66bdf9bfba77c14322e5d19d2dead1b0a8b6e9a620be6cb4fe0749ccec1cc93edb925b2f4cf1cc,JA212270,,04/04/2017 10:30:00 AM,30,NO CONTROLS,NO CONTROLS,CLEAR,DAYLIGHT,TURNING,PARKING LOT,0.0,STRAIGHT AND LEVEL,DRY,NO DEFECTS,NOT ON SCENE (DESK REPORT),NO INJURY / DRIVE AWAY,,,,"$501 - $1,500",04/04/2017 03:15:00 PM,IMPROPER OVERTAKING/PASSING,UNABLE TO DETERMINE,6125,S,KENWOOD AVE,314.0,,,,,,,2,NO INDICATION OF INJURY,0.0,0.0,0.0,0.0,0.0,3.0,0.0,10,3,4,41.7834324386,-87.5929773426,POINT (-87.59297734263 41.783432438606)
377663c3e443d0ca22c10f170bc3884bee2326f9e1e54afed2f519d545701294a5b6ad3f90b754396922d5e0579e4b80201a17c05a539c0a5897091dba9a5614,JF375470,,08/29/2022 08:20:00 PM,25,NO CONTROLS,NO CONTROLS,CLEAR,"DARKNESS, LIGHTED ROAD",PARKED MOTOR VEHICLE,ONE-WAY,,STRAIGHT AND LEVEL,DRY,NO DEFECTS,NOT ON SCENE (DESK REPORT),NO INJURY / DRIVE AWAY,,,,"$501 - $1,500",08/29/2022 10:00:00 PM,FAILING TO YIELD RIGHT-OF-WAY,UNABLE TO DETERMINE,3839,W,SCHUBERT AVE,2524.0,,,,,,,2,NO INDICATION OF INJURY,0.0,0.0,0.0,0.0,0.0,1.0,0.0,20,2,8,41.9299307237,-87.7236352305,POINT (-87.723635230536 41.929930723711)
e1e6d46eeb3d2631b867492a8fa7fe3412595eaa6bac12c49c7c8814fd6b8fee6a1f9e39901124baa245dcf57f1483448f5b6ec4e22ef4b6d4e171ff6066fffe,JA124731,,01/21/2017 05:30:00 PM,30,TRAFFIC SIGNAL,FUNCTIONING PROPERLY,CLEAR,"DARKNESS, LIGHTED ROAD",SIDESWIPE SAME DIRECTION,NOT DIVIDED,3.0,STRAIGHT AND LEVEL,DRY,NO DEFECTS,NOT ON SCENE (DESK REPORT),NO INJURY / DRIVE AWAY,,,,"$501 - $1,500",01/21/2017 06:19:00 PM,IMPROPER LANE USAGE,NOT APPLICABLE,354,E,LOWER WACKER DR,114.0,,,,,,,2,NO INDICATION OF INJURY,0.0,0.0,0.0,0.0,0.0,2.0,0.0,17,7,1,41.8879202877,-87.6181857638,POINT (-87.618185763777 41.887920287668)
02fa5b4aac835d115016a62bf9e3656af5f908930f103864399104b74b7e0b2a41a82b801068bdb8f95cfec7b9db26ceb1c6d20aa0b0d88edc3307a02a15a695,JC172302,Y,03/03/2019 01:30:00 PM,25,TRAFFIC SIGNAL,FUNCTIONING PROPERLY,CLEAR,DAYLIGHT,REAR END,NOT DIVIDED,,STRAIGHT AND LEVEL,DRY,NO DEFECTS,NOT ON SCENE (DESK REPORT),NO INJURY / DRIVE AWAY,Y,,,$500 OR LESS,03/03/2019 02:00:00 PM,DISTRACTION - FROM INSIDE VEHICLE,FOLLOWING TOO CLOSELY,2556,W,DEVON AVE,2412.0,,,,,,,2,NO INDICATION OF INJURY,0.0,0.0,0.0,0.0,0.0,3.0,0.0,13,1,3,41.9977589568,-87.6946230133,POINT (-87.694623013268 41.997758956781)
93c8e84745755116f05a5beadf78557364e00a39b934c460e108777318f8b51e5304f8acce2b87db64dd120f3c78b4c50dd108f6bca26be0f9c5d363b49d0746,JF265017,,06/02/2022 11:40:00 AM,30,TRAFFIC SIGNAL,FUNCTIONING PROPERLY,CLEAR,DAYLIGHT,REAR END,FOUR WAY,,STRAIGHT AND LEVEL,DRY,NO DEFECTS,NOT ON SCENE (DESK REPORT),NO INJURY / DRIVE AWAY,Y,,,"OVER $1,500",06/02/2022 02:20:00 PM,UNABLE TO DETERMINE,UNABLE TO DETERMINE,200,E,47TH ST,215.0,,,,,,,2,NO INDICATION OF INJURY,0.0,0.0,0.0,0.0,0.0,2.0,0.0,11,5,6,41.8094218565,-87.6211340784,POINT (-87.621134078425 41.809421856532)
5d0fae360e16b966d5f4bce2ba0ea7e429afbf454355b375a0f96485f1db6bc4b7bb0bc577863c28cb73bcf215bcf46dd554b02503398d81b3496cd88f664f13,JF499159,,12/05/2022 03:40:00 PM,30,TRAFFIC SIGNAL,FUNCTIONING PROPERLY,CLEAR,DAYLIGHT,REAR END,NOT DIVIDED,,STRAIGHT AND LEVEL,DRY,NO DEFECTS,NOT ON SCENE (DESK REPORT),NO INJURY / DRIVE AWAY,,,,"$501 - $1,500",12/05/2022 04:00:00 PM,DRIVING SKILLS/KNOWLEDGE/EXPERIENCE,NOT APPLICABLE,5900,S,RACINE AVE,713.0,Y,,,,,,2,NO INDICATION OF INJURY,0.0,0.0,0.0,0.0,0.0,2.0,0.0,15,2,12,41.7867934463,-87.6548270777,POINT (-87.654827077712 41.786793446291)
74e3c559cb12f589cde2f26da4b0d3a2367503da04e5dcdf6f016bf57cd9512cc4b1aff6fefac5ce51c2499d3eb162ca17fe61f4c790e90a39338d98d038899e,JC395345,,08/16/2019 06:30:00 PM,30,TRAFFIC SIGNAL,FUNCTIONING PROPERLY,CLEAR,DAYLIGHT,REAR END,NOT DIVIDED,,STRAIGHT AND LEVEL,DRY,NO DEFECTS,ON SCENE,INJURY AND / OR TOW DUE TO CRASH,,,,"OVER $1,500",08/16/2019 06:34:00 PM,DISTRACTION - FROM INSIDE VEHICLE,UNABLE TO DETERMINE,804,N,WESTERN AVE,1212.0,,,,,,,2,NO INDICATION OF INJURY,0.0,0.0,0.0,0.0,0.0,3.0,0.0,18,6,8,41.895923984,-87.6869938753,POINT (-87.686993875291 41.895923984043)
344596ee2c17bc15d04dcdbc0c6befe07018590039c006e8345643c2cfcd67e6405ee85309c8f33c26f5ebe462583f04eb73af4ecef22c6e23bbe6e69220f248,HZ430374,,09/12/2016 07:13:00 AM,30,TRAFFIC SIGNAL,FUNCTIONING PROPERLY,CLEAR,DAYLIGHT,TURNING,DIVIDED - W/MEDIAN (NOT RAISED),2.0,STRAIGHT AND LEVEL,DRY,NO DEFECTS,,NO INJURY / DRIVE AWAY,Y,,,"OVER $1,500",09/12/2016 07:13:00 AM,"VISION OBSCURED (SIGNS, TREE LIMBS, BUILDINGS, ETC.)",NOT APPLICABLE,7300,S,SOUTH CHICAGO AVE,323.0,,,,,,,2,NO INDICATION OF INJURY,0.0,0.0,0.0,0.0,0.0,4.0,0.0,7,2,9,41.7621185216,-87.6005464904,POINT (-87.600546490421 41.762118521643)
c7f7b83588431c3e628387c925efa9aba447be91f9801607d346ff05fdb7f80d85da034625e942e0945d837db130c444407884841a73c54db2a9f9942740c379,HZ519202,Y,11/17/2016 04:00:00 PM,30,NO CONTROLS,NO CONTROLS,CLEAR,DAYLIGHT,PARKED MOTOR VEHICLE,ONE-WAY,,STRAIGHT AND LEVEL,DRY,NO DEFECTS,NOT ON SCENE (DESK REPORT),NO INJURY / DRIVE AWAY,,,Y,"$501 - $1,500",11/17/2016 04:30:00 PM,EXCEEDING AUTHORIZED SPEED LIMIT,NOT APPLICABLE,5246,W,HUTCHINSON ST,1624.0,,,,,,,2,NO INDICATION OF INJURY,0.0,0.0,0.0,0.0,0.0,1.0,0.0,16,5,11,41.9579489073,-87.7591836456,POINT (-87.759183645603 41.957948907282)
dad9f60f6a9941a95f0923d86e1617a4990fc8516c9d0fdd0d766da17a41dee94afa654b12d7ee6c1efb9e8beb1ab1a6eb1efe7f4f053e931fa2c3d72de8425c,JG142598,,02/06/2023 11:43:00 AM,30,NO CONTROLS,NO CONTROLS,CLEAR,DAYLIGHT,TURNING,NOT DIVIDED,,STRAIGHT AND LEVEL,DRY,NO DEFECTS,ON SCENE,INJURY AND / OR TOW DUE TO CRASH,Y,,,"$501 - $1,500",02/06/2023 11:50:00 AM,FOLLOWING TOO CLOSELY,UNABLE TO DETERMINE,3059,S,ARCHER AVE,913.0,,,,,,,2,NO INDICATION OF INJURY,0.0,0.0,0.0,0.0,0.0,2.0,0.0,11,2,2,41.838868641,-87.6634590725,POINT (-87.66345907247 41.838868641016)
fc821fbf92eb20e06195ac2da5c70c8e6415d5b339f2bc05756dea6422ccafbebec8d09282292289dbded9cb21c1189ecb9d838c415482b0964d0302f7f4ac68,JA460627,,10/06/2017 11:37:00 AM,30,TRAFFIC SIGNAL,FUNCTIONING PROPERLY,CLEAR,DAYLIGHT,HEAD ON,ONE-WAY,1.0,STRAIGHT AND LEVEL,DRY,NO DEFECTS,ON SCENE,INJURY AND / OR TOW DUE TO CRASH,,,,"OVER $1,500",10/06/2017 11:50:00 AM,FAILING TO REDUCE SPEED TO AVOID CRASH,FAILING TO YIELD RIGHT-OF-WAY,53,W,MAPLE ST,1824.0,,,,,,,4,NO INDICATION OF INJURY,0.0,0.0,0.0,0.0,0.0,5.0,0.0,11,6,10,41.901748065,-87.6303463916,POINT (-87.630346391552 41.901748064992)
734ad4434e8f90a0f47aafdf9430c2c7a37e15f5c6e16d0789c2e8baebf86651f1081868044222f8a500ea077aae0b18a50d195cb7845a6baf4eaf141bdc26cb,JE294188,,07/08/2021 05:32:00 AM,30,NO CONTROLS,NO CONTROLS,CLEAR,DAWN,PARKED MOTOR VEHICLE,NOT DIVIDED,,STRAIGHT AND LEVEL,DRY,NO DEFECTS,ON SCENE,NO INJURY / DRIVE AWAY,,,,"OVER $1,500",07/08/2021 05:32:00 AM,EQUIPMENT - VEHICLE CONDITION,NOT APPLICABLE,6251,W,ARDMORE AVE,1622.0,,,,,,,2,NO INDICATION OF INJURY,0.0,0.0,0.0,0.0,0.0,1.0,0.0,5,5,7,41.9864082543,-87.7848447596,POINT (-87.784844759567 41.986408254341)
cbf48a8ef5cea8d1f5a72b4732558777e28d8ec62cbae5820fe44482b3a210931866d6e915467a0aa087050295a01e9f01c19c7b16a090130b8fadef3e54c1b4,JD169735,,02/29/2020 11:00:00 PM,30,STOP SIGN/FLASHER,NO CONTROLS,CLEAR,"DARKNESS, LIGHTED ROAD",TURNING,NOT DIVIDED,,STRAIGHT AND LEVEL,DRY,NO DEFECTS,ON SCENE,INJURY AND / OR TOW DUE TO CRASH,,,,"OVER $1,500",02/29/2020 11:02:00 PM,IMPROPER TURNING/NO SIGNAL,NOT APPLICABLE,10001,S,BEVERLY AVE,2213.0,,,,,,,2,NO INDICATION OF INJURY,0.0,0.0,0.0,0.0,0.0,2.0,0.0,23,7,2,41.7113409803,-87.6581145336,POINT (-87.658114533594 41.71134098027)
da8b2617a329dd325928687a80670ea5a5f22374d35a4896b02ba2e4af3010bcb64e1321a09510c7349c932e94e9c67ca0effadecd1a4454a99e5ecf5b3131e0,JE252518,,06/03/2021 04:02:00 PM,30,NO CONTROLS,NO CONTROLS,CLEAR,DAYLIGHT,PARKED MOTOR VEHICLE,NOT DIVIDED,,STRAIGHT AND LEVEL,DRY,NO DEFECTS,ON SCENE,INJURY AND / OR TOW DUE TO CRASH,,,Y,"OVER $1,500",06/03/2021 04:05:00 PM,UNABLE TO DETERMINE,UNABLE TO DETERMINE,4243,W,55TH ST,813.0,,,,,,,2,NO INDICATION OF INJURY,0.0,0.0,0.0,0.0,0.0,1.0,0.0,16,5,6,41.7930355949,-87.7297710793,POINT (-87.729771079311 41.793035594885)
cb9aa3f49d894340ca620ab2cc9bffe67b7b8b4a0df38db5299cb23bf4a6cfc8d995eda2e234f3d3385207d9ab61c7294b87a402e8a18612b9aa47f0b95ee6af,JE303732,,07/16/2021 05:42:00 PM,30,NO CONTROLS,NO CONTROLS,CLEAR,DAYLIGHT,FIXED OBJECT,ONE-WAY,,STRAIGHT AND LEVEL,DRY,UNKNOWN,ON SCENE,INJURY AND / OR TOW DUE TO CRASH,,,,"OVER $1,500",07/16/2021 05:42:00 PM,NOT APPLICABLE,NOT APPLICABLE,7920,S,LAFAYETTE AVE,623.0,,,,,,,1,NONINCAPACITATING INJURY,1.0,0.0,0.0,1.0,0.0,0.0,0.0,17,6,7,41.7501771359,-87.6259459423,POINT (-87.62594594228 41.750177135887)
df3090d33e4989240f9c3153b1586d0fbcb39b4572cc655e43c5f72b05ca7a519403adda082b96468dccee78ffba487f0a11dd8479ecf3c0123e2313885eef67,JA478532,,10/20/2017 10:50:00 AM,30,NO CONTROLS,NO CONTROLS,CLEAR,DAYLIGHT,TURNING,DIVIDED - W/MEDIAN BARRIER,,STRAIGHT AND LEVEL,DRY,NO DEFECTS,ON SCENE,INJURY AND / OR TOW DUE TO CRASH,,,,"OVER $1,500",10/20/2017 11:54:00 AM,FAILING TO YIELD RIGHT-OF-WAY,NOT APPLICABLE,1200,E,130TH ST,532.0,,,,,,,2,NONINCAPACITATING INJURY,1.0,0.0,0.0,1.0,0.0,5.0,0.0,10,6,10,41.6603924284,-87.5922242652,POINT (-87.59222426523 41.660392428361)
4146a3466a51b1cadd7afc8abefa54cdc6aa231261f7df9ad3a5760f2ca63510fd10bcd3ec589b9391eab20c87b3a030b870153786afff9954535a02619059a5,JD460994,,12/16/2020 05:05:00 PM,30,PEDESTRIAN CROSSING SIGN,FUNCTIONING PROPERLY,CLEAR,DARKNESS,REAR END,NOT DIVIDED,,STRAIGHT AND LEVEL,UNKNOWN,UNKNOWN,NOT ON SCENE (DESK REPORT),INJURY AND / OR TOW DUE TO CRASH,,,,"$501 - $1,500",12/16/2020 05:34:00 PM,FOLLOWING TOO CLOSELY,UNABLE TO DETERMINE,2491,N,CLARK ST,1935.0,,,,,,,2,"REPORTED, NOT EVIDENT",1.0,0.0,0.0,0.0,1.0,1.0,0.0,17,4,12,41.9278338177,-87.6416588091,POINT (-87.641658809105 41.927833817665)
afea1bd3678693f4203a506e534588199c1365fc8604a109dac31cfc0530113a3d5a5150052ba5d9a02cd6edd962c383ce6fe1749de6d9fc58bdd3c5cb860ff9,JF116626,,01/18/2022 08:45:00 AM,30,NO CONTROLS,NO CONTROLS,CLEAR,DAYLIGHT,REAR END,NOT DIVIDED,,STRAIGHT AND LEVEL,DRY,NO DEFECTS,NOT ON SCENE (DESK REPORT),NO INJURY / DRIVE AWAY,,,,"OVER $1,500",01/18/2022 01:30:00 PM,FOLLOWING TOO CLOSELY,NOT APPLICABLE,2105,S,STATE ST,131.0,,,,,,,2,NO INDICATION OF INJURY,0.0,0.0,0.0,0.0,0.0,2.0,0.0,8,3,1,41.854063769,-87.6269605361,POINT (-87.626960536063 41.854063769009)
813f137410b2e28426a6b83201b408464902881edd0fc4aaaf3b933e661511231726a0107d23f6cbfc753c84e85d4f7c0d16fb15a9e72a20d340f54d9785c8eb,JC257316,,05/10/2019 09:15:00 AM,30,TRAFFIC SIGNAL,FUNCTIONING PROPERLY,CLEAR,DAYLIGHT,ANGLE,OTHER,,STRAIGHT AND LEVEL,DRY,UNKNOWN,NOT ON SCENE (DESK REPORT),NO INJURY / DRIVE AWAY,,,,"$501 - $1,500",05/10/2019 09:40:00 AM,FAILING TO YIELD RIGHT-OF-WAY,NOT APPLICABLE,3215,W,63RD ST,823.0,,,,,,,2,NO INDICATION OF INJURY,0.0,0.0,0.0,0.0,0.0,3.0,0.0,9,6,5,41.7788532281,-87.7037811191,POINT (-87.703781119147 41.778853228118)