CRASH_RECORD_ID,RD_NO,CRASH_DATE_EST_I,CRASH_DATE,POSTED_SPEED_LIMIT,TRAFFIC_CONTROL_DEVICE,DEVICE_CONDITION,WEATHER_CONDITION,LIGHTING_CONDITION,FIRST_CRASH_TYPE,TRAFFICWAY_TYPE,LANE_CNT,ALIGNMENT,ROADWAY_SURFACE_COND,ROAD_DEFECT,REPORT_TYPE,CRASH_TYPE,INTERSECTION_RELATED_I,NOT_RIGHT_OF_WAY_I,HIT_AND_RUN_I,DAMAGE,DATE_POLICE_NOTIFIED,PRIM_CONTRIBUTORY_CAUSE,SEC_CONTRIBUTORY_CAUSE,STREET_NO,STREET_DIRECTION,STREET_NAME,BEAT_OF_OCCURRENCE,PHOTOS_TAKEN_I,STATEMENTS_TAKEN_I,DOORING_I,WORK_ZONE_I,WORK_ZONE_TYPE,WORKERS_PRESENT_I,NUM_UNITS,MOST_SEVERE_INJURY,INJURIES_TOTAL,INJURIES_FATAL,INJURIES_INCAPACITATING,INJURIES_NON_INCAPACITATING,INJURIES_REPORTED_NOT_EVIDENT,INJURIES_NO_INDICATION,INJURIES_UNKNOWN,CRASH_HOUR,CRASH_DAY_OF_WEEK,CRASH_MONTH,LATITUDE,LONGITUDE,LOCATION
89e5a056025a33c9e9e344cec175170dc9f8dd33fbb792f1cc96fd5898e78a376359ebeb6a834de5df26dd5de331cb2eaf7a05fbc5d67c0b23987237fa333415,JG164303,,02/24/2023 02:10:00 PM,30,UNKNOWN,UNKNOWN,UNKNOWN,UNKNOWN,REAR END,NOT DIVIDED,,STRAIGHT AND LEVEL,UNKNOWN,UNKNOWN,NOT ON SCENE (DESK REPORT),NO INJURY / DRIVE AWAY,,,Y,"OVER $1,500",02/24/2023 02:30:00 PM,FOLLOWING TOO CLOSELY,UNABLE TO DETERMINE,140,W,OAK ST,1824.0,,,,,,,2,NO INDICATION OF INJURY,0.0,0.0,0.0,0.0,0.0,2.0,0.0,14,6,2,41.9006486081,-87.6329120451,POINT (-87.632912045116 41.90064860807)
2b3a1e596723bd46b9a7d19344321a5bd9e2663ca56792a3aafd4d23870a7507d391a758d95957ee61064b320bb91e1a28e0894cfe6529dd80a1eeadc6b3f191,JB397905,,08/17/2018 08:15:00 PM,25,STOP SIGN/FLASHER,FUNCTIONING PROPERLY,CLEAR,"DARKNESS, LIGHTED ROAD",ANGLE,ONE-WAY,1.0,STRAIGHT AND LEVEL,DRY,NO DEFECTS,ON SCENE,NO INJURY / DRIVE AWAY,Y,,,$500 OR LESS,08/17/2018 08:20:00 PM,FAILING TO YIELD RIGHT-OF-WAY,NOT APPLICABLE,1300,W,GRENSHAW ST,1231.0,,,,,,,2,NO INDICATION OF INJURY,0.0,0.0,0.0,0.0,0.0,2.0,0.0,20,6,8,41.8679101901,-87.659272836,POINT (-87.659272836046 41.867910190143)
8713c8d761747cc539b9d133ab677903818a0e4943ec76f0d75e55b12dcfc7767ad485f325bd09f08b67bd50a192249d1fa8fd5baf791de34bf874701781be7a,JA293914,,06/04/2017 08:12:00 PM,30,NO CONTROLS,NO CONTROLS,CLEAR,"DARKNESS, LIGHTED ROAD",REAR END,NOT DIVIDED,,STRAIGHT AND LEVEL,DRY,NO DEFECTS,NOT ON SCENE (DESK REPORT),INJURY AND / OR TOW DUE TO CRASH,,,,"OVER $1,500",06/05/2017 08:11:00 PM,FOLLOWING TOO CLOSELY,FOLLOWING TOO CLOSELY,344,E,63RD ST,311.0,,,,,,,2,NO INDICATION OF INJURY,0.0,0.0,0.0,0.0,0.0,2.0,0.0,20,1,6,41.7803216101,-87.6171353804,POINT (-87.617135380376 41.780321610117)
b9545c304504a745afd4f29def9bd79d40af5e8ebd279759a33e2a2b685e0dcdca6e59677d4da98bc3046538c0d152ec0318da9ee5e7e9ced0e16d4651783803,JC153841,,02/15/2019 05:00:00 PM,30,STOP SIGN/FLASHER,NO CONTROLS,CLEAR,DAYLIGHT,ANGLE,NOT DIVIDED,2.0,STRAIGHT AND LEVEL,DRY,NO DEFECTS,ON SCENE,NO INJURY / DRIVE AWAY,Y,,,"OVER $1,500",02/15/2019 05:10:00 PM,DISREGARDING STOP SIGN,NOT APPLICABLE,1900,W,ERIE ST,1221.0,,,,,,,2,NO INDICATION OF INJURY,0.0,0.0,0.0,0.0,0.0,2.0,0.0,17,6,2,41.8933205967,-87.6746575502,POINT (-87.674657550163 41.893320596656)
2586840e23b4e69d86c1af7356eaae65358b2a6748695d456309ce7269dec8f681b1652b140d9ae0eb5234a8d4b5a2c290e2047223381c89a1611ec472b63e59,HZ519408,,11/17/2016 06:15:00 PM,30,TRAFFIC SIGNAL,FUNCTIONING PROPERLY,CLEAR,"DARKNESS, LIGHTED ROAD",SIDESWIPE SAME DIRECTION,DIVIDED - W/MEDIAN BARRIER,4.0,STRAIGHT AND LEVEL,DRY,NO DEFECTS,ON SCENE,NO INJURY / DRIVE AWAY,Y,,Y,"OVER $1,500",11/17/2016 06:15:00 PM,IMPROPER LANE USAGE,NOT APPLICABLE,5400,N,ASHLAND AVE,2012.0,,,,,,,2,NO INDICATION OF INJURY,0.0,0.0,0.0,0.0,0.0,3.0,0.0,18,5,11,41.9798674763,-87.6698627542,POINT (-87.669862754198 41.979867476333)
67ec64105c9032d7d33c0f835e12741184261e4a20f03dd66c848fc13585de183bcbf03b7851978e89ba9a061d5d9f633181ad4b2ced8144407e79d98274a89e,JD420016,,11/03/2020 05:37:00 PM,30,TRAFFIC SIGNAL,FUNCTIONING PROPERLY,CLEAR,DARKNESS,SIDESWIPE SAME DIRECTION,DIVIDED - W/MEDIAN (NOT RAISED),,STRAIGHT AND LEVEL,DRY,NO DEFECTS,NOT ON SCENE (DESK REPORT),NO INJURY / DRIVE AWAY,,,,"OVER $1,500",11/03/2020 07:15:00 PM,UNABLE TO DETERMINE,UNABLE TO DETERMINE,3600,W,ADDISON ST,1732.0,,,,,,,2,NO INDICATION OF INJURY,0.0,0.0,0.0,0.0,0.0,2.0,0.0,17,3,11,41.9466121615,-87.7177041362,POINT (-87.71770413624 41.946612161493)
27994f1ed6c6e8bfd857bb2de9945ca39c6a3c4fa99269597c0e6b3fa06055fbb95cba4190d005015e05ef499237ece6b76410a1779b6d545f3f5027faba8e7c,JD332681,,08/14/2020 08:25:00 PM,30,TRAFFIC SIGNAL,FUNCTIONING PROPERLY,CLEAR,"DARKNESS, LIGHTED ROAD",REAR END,DIVIDED - W/MEDIAN (NOT RAISED),,STRAIGHT AND LEVEL,DRY,NO DEFECTS,ON SCENE,NO INJURY / DRIVE AWAY,Y,,Y,"OVER $1,500",08/14/2020 08:29:00 PM,UNABLE TO DETERMINE,UNABLE TO DETERMINE,2798,W,MADISON ST,1222.0,,,,,,,2,NO INDICATION OF INJURY,0.0,0.0,0.0,0.0,0.0,3.0,0.0,20,6,8,41.8811880164,-87.6961735778,POINT (-87.696173577764 41.881188016379)
2d367313d44eb98bd938654d525a4d32bccbfcaf6d179d46397af3d088bba0bc5fb8891ced7223937e89600e6a15d81fcb5c1964099939541d072e5f95ccc065,JA114899,,01/13/2017 04:30:00 PM,30,STOP SIGN/FLASHER,FUNCTIONING PROPERLY,CLEAR,DUSK,ANGLE,NOT DIVIDED,,STRAIGHT AND LEVEL,DRY,NO DEFECTS,NOT ON SCENE (DESK REPORT),NO INJURY / DRIVE AWAY,,,,"$501 - $1,500",01/13/2017 05:25:00 PM,NOT APPLICABLE,NOT APPLICABLE,5000,S,WESTERN AVE,923.0,,,,,,,2,NO INDICATION OF INJURY,0.0,0.0,0.0,0.0,0.0,2.0,0.0,16,6,1,41.8028708167,-87.6844163419,POINT (-87.684416341899 41.802870816721)
9548ae099a15d3800c64f8373b265b2f385b95ceb5751e5148b64cc503e2c3bde0bd09cfc61850102c1df5a5760d2166fcdef84725aabb063f847d2c6add6d13,JB512268,,11/11/2018 05:14:00 PM,35,NO CONTROLS,NO CONTROLS,CLEAR,"DARKNESS, LIGHTED ROAD",TURNING,NOT DIVIDED,4.0,STRAIGHT AND LEVEL,DRY,NO DEFECTS,ON SCENE,INJURY AND / OR TOW DUE TO CRASH,,,,"OVER $1,500",11/11/2018 05:15:00 PM,UNABLE TO DETERMINE,UNABLE TO DETERMINE,5114,S,PULASKI RD,815.0,,,,,,,2,NO INDICATION OF INJURY,0.0,0.0,0.0,0.0,0.0,4.0,0.0,17,1,11,41.7999314754,-87.7235012825,POINT (-87.723501282465 41.799931475431)
1be3a96fbd91d63fd37951cddc7f8b8c7ac68bfb6e5f5fe629f6c32c806c91683b4181a6e72a3b40c4cf55dd65550c977cff4dff090ed4a5656cbb4d8ded5674,JB167649,,02/27/2018 05:05:00 PM,30,TRAFFIC SIGNAL,FUNCTIONING PROPERLY,CLEAR,DAYLIGHT,FIXED OBJECT,CENTER TURN LANE,,STRAIGHT AND LEVEL,DRY,NO DEFECTS,ON SCENE,INJURY AND / OR TOW DUE TO CRASH,,,,"OVER $1,500",02/27/2018 05:17:00 PM,UNABLE TO DETERMINE,UNABLE TO DETERMINE,9458,S,MICHIGAN AVE,634.0,,,,,,,1,NONINCAPACITATING INJURY,1.0,0.0,0.0,1.0,0.0,1.0,0.0,17,3,2,41.7218710729,-87.6207384557,POINT (-87.620738455725 41.721871072866)
ea7c27b593a85307e51274f485a0a072c24ac77ccc0e965ff580cac68a7e6a2e8bbed55185be2cc690a016688f0a3980a4077b8ec665f38b9786f34a0c1bd909,JC170548,,03/01/2019 04:40:00 PM,30,NO CONTROLS,NO CONTROLS,CLEAR,DAYLIGHT,PARKED MOTOR VEHICLE,ONE-WAY,1.0,STRAIGHT AND LEVEL,DRY,NO DEFECTS,NOT ON SCENE (DESK REPORT),NO INJURY / DRIVE AWAY,,,,"$501 - $1,500",03/01/2019 08:45:00 PM,DRIVING SKILLS/KNOWLEDGE/EXPERIENCE,DRIVING SKILLS/KNOWLEDGE/EXPERIENCE,800,E,86TH ST,632.0,,,,,,,2,NO INDICATION OF INJURY,0.0,0.0,0.0,0.0,0.0,1.0,0.0,16,6,3,41.7385731643,-87.604816307,POINT (-87.604816307006 41.738573164295)
931de4864f245f85ca9f2a813fb56ff102fa9fc1e59cc2a6c40feaf8ddf969afe80761474b6ea2636ff234ddfb6c7749680bad3e663d7363c327ffab63015120,JF156239,,02/25/2022 10:25:00 PM,30,TRAFFIC SIGNAL,FUNCTIONING PROPERLY,CLEAR,"DARKNESS, LIGHTED ROAD",SIDESWIPE SAME DIRECTION,FOUR WAY,,STRAIGHT AND LEVEL,DRY,NO DEFECTS,ON SCENE,INJURY AND / OR TOW DUE TO CRASH,,,Y,"OVER $1,500",02/25/2022 10:26:00 PM,IMPROPER LANE USAGE,IMPROPER OVERTAKING/PASSING,1951,E,95TH ST,431.0,,,,,,,2,NO INDICATION OF INJURY,0.0,0.0,0.0,0.0,0.0,2.0,0.0,22,6,2,41.7223544483,-87.5757780641,POINT (-87.575778064147 41.722354448293)
c1f60adbd4a516154999f01c8a2f55a6c964fbefc5d10c128d2098f2b14c5f1f1b4a2f3a71b99b676d9a218b6c2364371494bd86b6758e9e1940f8d7264a5c0a,JF293941,,06/25/2022 05:48:00 PM,30,NO CONTROLS,NO CONTROLS,CLEAR,DAYLIGHT,FIXED OBJECT,NOT DIVIDED,,STRAIGHT AND LEVEL,DRY,NO DEFECTS,ON SCENE,INJURY AND / OR TOW DUE TO CRASH,,,,"OVER $1,500",06/25/2022 05:48:00 PM,UNABLE TO DETERMINE,UNABLE TO DETERMINE,4315,W,BRYN MAWR AVE,1712.0,,,,,,,1,INCAPACITATING INJURY,2.0,0.0,2.0,0.0,0.0,0.0,0.0,17,7,6,41.9826525096,-87.7364701306,POINT (-87.736470130569 41.982652509606)
3a2058331d610bbb05f1516455ebeeb6eaeb3db338c85909e8ce2df0318c2f1195a7bbd5aa19cb3a8b4774d047913a25a6015d401d2a2a37cc8572b28760aa8d,JG167256,,02/27/2023 12:01:00 AM,40,NO CONTROLS,NO CONTROLS,CLEAR,"DARKNESS, LIGHTED ROAD",OTHER NONCOLLISION,DIVIDED - W/MEDIAN BARRIER,,"CURVE, LEVEL",DRY,"RUT, HOLES",ON SCENE,INJURY AND / OR TOW DUE TO CRASH,,,,"OVER $1,500",02/27/2023 12:17:00 AM,ROAD ENGINEERING/SURFACE/MARKING DEFECTS,NOT APPLICABLE,1000,N,LAKE SHORE DR NB,1824.0,,,,,,,1,NO INDICATION OF INJURY,0.0,0.0,0.0,0.0,0.0,1.0,0.0,0,2,2,41.9009589191,-87.6199281737,POINT (-87.619928173678 41.900958919109)
a69fc14a09f38d4950634fb4655539b1b8742bf27cf8fe9d380c2ff1b8552292b6b4d25f42f9e7e11ed7f828d2d6bfaa5b9dd90f58a6bcb22c924cad64ecb831,JA302001,,06/09/2017 10:00:00 PM,30,NO CONTROLS,NO CONTROLS,CLEAR,DAYLIGHT,REAR END,NOT DIVIDED,3.0,STRAIGHT AND LEVEL,DRY,NO DEFECTS,NOT ON SCENE (DESK REPORT),NO INJURY / DRIVE AWAY,,,,"OVER $1,500",06/11/2017 11:12:00 AM,FOLLOWING TOO CLOSELY,NOT APPLICABLE,4422,W,MADISON ST,1113.0,,,,,,,2,NO INDICATION OF INJURY,0.0,0.0,0.0,0.0,0.0,2.0,0.0,22,6,6,41.8807091923,-87.7364371763,POINT (-87.736437176338 41.880709192328)
6ffc8ac02a03c994b9205d3bdeb6f96660c1145af5fcbd713f68b7edf3919b4c53ac76912ce2d53c343701f4f4aea64a5e06d210885a26e5727474528df22fac,JG450226,,10/04/2023 08:40:00 AM,30,NO CONTROLS,NO CONTROLS,CLEAR,DAYLIGHT,SIDESWIPE SAME DIRECTION,NOT DIVIDED,,STRAIGHT AND LEVEL,DRY,NO DEFECTS,NOT ON SCENE (DESK REPORT),NO INJURY / DRIVE AWAY,,,,"OVER $1,500",10/04/2023 09:50:00 AM,UNABLE TO DETERMINE,NOT APPLICABLE,1252,W,NORTH AVE,1433.0,,,,,,,2,NO INDICATION OF INJURY,0.0,0.0,0.0,0.0,0.0,2.0,0.0,8,4,10,41.9108748591,-87.6590177887,POINT (-87.65901778867 41.910874859128)
011f76f439b6669a30fd5c4edadc143d73303180b38791704fb8f83b46c6532e287dc04b87d62aa90aa4323bb5bac4573ac61cfca834c2eda83f2c1023fce8cd,JE131844,,02/03/2021 09:59:00 PM,30,TRAFFIC SIGNAL,FUNCTIONING PROPERLY,CLEAR,"DARKNESS, LIGHTED ROAD",TURNING,"FIVE POINT, OR MORE",,STRAIGHT AND LEVEL,SNOW OR SLUSH,NO DEFECTS,ON SCENE,INJURY AND / OR TOW DUE TO CRASH,Y,,,"OVER $1,500",02/03/2021 10:03:00 PM,IMPROPER OVERTAKING/PASSING,FAILING TO REDUCE SPEED TO AVOID CRASH,300,W,CERMAK RD,914.0,,,,,,,2,NO INDICATION OF INJURY,0.0,0.0,0.0,0.0,0.0,2.0,0.0,21,4,2,41.8529818058,-87.6349083423,POINT (-87.634908342322 41.852981805833)
d261322af1105b2c70a439d3fe506df82525e765332306f476ae2fd0c0f074644f37d1b9c12e599ac4d91b948f150d6ab64706eb832a881c478ab17074871468,JF463748,,11/05/2022 07:10:00 PM,30,TRAFFIC SIGNAL,FUNCTIONING PROPERLY,CLEAR,"DARKNESS, LIGHTED ROAD",REAR END,ONE-WAY,,STRAIGHT AND LEVEL,DRY,NO DEFECTS,ON SCENE,INJURY AND / OR TOW DUE TO CRASH,,,,"OVER $1,500",11/05/2022 07:11:00 PM,FOLLOWING TOO CLOSELY,UNABLE TO DETERMINE,98,W,OHIO ST,1832.0,,,,,,,4,NONINCAPACITATING INJURY,3.0,0.0,0.0,3.0,0.0,3.0,0.0,19,7,11,41.8925379273,-87.6310751015,POINT (-87.631075101482 41.892537927303)
f520f4a2990f4555a177022880ff3cd9120b50b29c4215e6e2794abbe9b3f78f5fd2ca64cd3149edbf0107a180fa0812787c89bcc2f39825e5b3365866ef8c50,JA321826,,06/25/2017 10:45:00 AM,30,TRAFFIC SIGNAL,FUNCTIONING PROPERLY,CLEAR,DAYLIGHT,TURNING,NOT DIVIDED,0.0,STRAIGHT AND LEVEL,DRY,NO DEFECTS,NOT ON SCENE (DESK REPORT),NO INJURY / DRIVE AWAY,,,Y,"OVER $1,500",06/25/2017 11:15:00 AM,FAILING TO YIELD RIGHT-OF-WAY,UNABLE TO DETERMINE,4400,N,LONG AVE,1623.0,,,,,,,2,NO INDICATION OF INJURY,0.0,0.0,0.0,0.0,0.0,2.0,0.0,10,1,6,41.9605850177,-87.7624643665,POINT (-87.762464366528 41.960585017749)
dd0472e8482a9a101d087a707f0d746fddae52b7dca382fb88664874df95e30ce2bc2e907ba5662827fbadf40b33cfddc3d3f12ec2b15bf75b159f218f628d54,JB230179,,04/15/2018 03:00:00 AM,0,NO CONTROLS,NO CONTROLS,RAIN,DARKNESS,PARKED MOTOR VEHICLE,NOT DIVIDED,1.0,STRAIGHT AND LEVEL,WET,UNKNOWN,NOT ON SCENE (DESK REPORT),NO INJURY / DRIVE AWAY,,,Y,"OVER $1,500",04/19/2018 06:00:00 PM,UNABLE TO DETERMINE,UNABLE TO DETERMINE,12251,S,HALSTED ST,523.0,,,,,,,2,NO INDICATION OF INJURY,0.0,0.0,0.0,0.0,0.0,1.0,0.0,3,1,4,41.6708589104,-87.6415292731,POINT (-87.641529273121 41.67085891045)
574d1578f658a8957bd47d0d09b29b6cbf0ce2076e2a2bd12878e8512f1a4df973202d36c72555d5394c020d303ebe982b24733f1283257f442a6feabd9e0a3f,JB406492,,08/24/2018 09:05:00 AM,30,TRAFFIC SIGNAL,FUNCTIONING PROPERLY,CLEAR,DAYLIGHT,PEDALCYCLIST,DIVIDED - W/MEDIAN (NOT RAISED),4.0,STRAIGHT AND LEVEL,DRY,NO DEFECTS,NOT ON SCENE (DESK REPORT),NO INJURY / DRIVE AWAY,,,,$500 OR LESS,08/24/2018 10:20:00 AM,BICYCLE ADVANCING LEGALLY ON RED LIGHT,NOT APPLICABLE,7500,S,YATES BLVD,414.0,,,,,,,2,NO INDICATION OF INJURY,0.0,0.0,0.0,0.0,0.0,2.0,0.0,9,6,8,41.7588946702,-87.5665178399,POINT (-87.566517839923 41.758894670165)
89f277471a89d7b786538d92fc8a12335b4ae8a32981cfb7255f3d5074ff18c837d05b5287e0af07bb59572f5d851228136980eb4b0bef15fa8c70c88e49b0a2,JB441292,,09/18/2018 09:20:00 PM,30,TRAFFIC SIGNAL,FUNCTIONING PROPERLY,CLEAR,"DARKNESS, LIGHTED ROAD",ANGLE,NOT DIVIDED,,STRAIGHT AND LEVEL,DRY,NO DEFECTS,ON SCENE,INJURY AND / OR TOW DUE TO CRASH,Y,,Y,"OVER $1,500",09/18/2018 09:28:00 PM,"OPERATING VEHICLE IN ERRATIC, RECKLESS, CARELESS, NEGLIGENT OR AGGRESSIVE MANNER",NOT APPLICABLE,6459,S,KEDZIE AVE,823.0,,,,,,,2,NO INDICATION OF INJURY,0.0,0.0,0.0,0.0,0.0,2.0,0.0,21,3,9,41.7753707287,-87.70290726,POINT (-87.702907260024 41.775370728704)
334081d5c93180d81ccf54668b625931257f9dbdd8902dcb39315faa2534c08e4e14f3bc2a8543db64f3540bceba8d2fce1739e9bed9453ae792136e6e44e546,JD172800,,03/03/2020 04:10:00 PM,30,NO CONTROLS,NO CONTROLS,CLEAR,DAYLIGHT,PARKED MOTOR VEHICLE,NOT DIVIDED,,STRAIGHT AND LEVEL,DRY,NO DEFECTS,ON SCENE,INJURY AND / OR TOW DUE TO CRASH,,,,"OVER $1,500",03/03/2020 04:10:00 PM,DISTRACTION - FROM INSIDE VEHICLE,CELL PHONE USE OTHER THAN TEXTING,1207,W,WEBSTER AVE,1811.0,,,,,,,4,NO INDICATION OF INJURY,0.0,0.0,0.0,0.0,0.0,1.0,0.0,16,3,3,41.9215480605,-87.6586469663,POINT (-87.65864696627 41.921548060454)
222d989483fb09d845f10574ec7ee4334619249d70be8db7a6a97ff6366d92c01c36ad786ec4e82984cbe4484cd3fbcb17717d2e4d448d3b118650a4475a43cc,JA517405,,11/19/2017 01:25:00 AM,30,NO CONTROLS,NO CONTROLS,CLEAR,"DARKNESS, LIGHTED ROAD",PARKED MOTOR VEHICLE,NOT DIVIDED,2.0,STRAIGHT AND LEVEL,DRY,NO DEFECTS,NOT ON SCENE (DESK REPORT),INJURY AND / OR TOW DUE TO CRASH,,,Y,"OVER $1,500",11/19/2017 01:35:00 AM,UNDER THE INFLUENCE OF ALCOHOL/DRUGS (USE WHEN ARREST IS EFFECTED),HAD BEEN DRINKING (USE WHEN ARREST IS NOT MADE),1412,N,PULASKI RD,2534.0,,Y,,,,,2,NO INDICATION OF INJURY,0.0,0.0,0.0,0.0,0.0,1.0,0.0,1,1,11,41.9066070531,-87.7265676207,POINT (-87.726567620669 41.906607053102)
4e2dd509dae39530f51f8c4e13cb017ada3aa8b7be3ec4dc7cecea5abbfedc388d5d0b5b30be0d105e1815565d7f190e46b4caff4edb917513ed4cfed50b3fb2,HZ486251,,10/23/2016 08:15:00 PM,30,NO CONTROLS,NO CONTROLS,CLEAR,"DARKNESS, LIGHTED ROAD",SIDESWIPE SAME DIRECTION,ONE-WAY,1.0,STRAIGHT AND LEVEL,DRY,NO DEFECTS,NOT ON SCENE (DESK REPORT),NO INJURY / DRIVE AWAY,,,,"OVER $1,500",10/23/2016 08:40:00 PM,FAILING TO YIELD RIGHT-OF-WAY,UNABLE TO DETERMINE,3916,N,RICHMOND ST,1733.0,,,,,,,2,NO INDICATION OF INJURY,0.0,0.0,0.0,0.0,0.0,2.0,0.0,20,1,10,41.9526741338,-87.702016155,POINT (-87.702016155021 41.952674133833)
a9071e2f9546e04836f8fe9b709ee0b689a61d7d2f6ab5f1a139fa190f863bee0138de122d5d9e591260594a9e7ef65be9de3e73a806f92f7760178c0d541667,HZ420150,,09/04/2016 10:30:00 AM,30,NO CONTROLS,NO CONTROLS,CLEAR,DAYLIGHT,TURNING,NOT DIVIDED,,STRAIGHT AND LEVEL,DRY,NO DEFECTS,NOT ON SCENE (DESK REPORT),NO INJURY / DRIVE AWAY,,,,"$501 - $1,500",09/04/2016 11:00:00 AM,IMPROPER TURNING/NO SIGNAL,NOT APPLICABLE,1520,E,67TH ST,321.0,,,,,,,2,NO INDICATION OF INJURY,0.0,0.0,0.0,0.0,0.0,2.0,0.0,10,1,9,41.7734272046,-87.5878777555,POINT (-87.587877755468 41.773427204609)
3de55f92f6fc0a6224771669506bac4310ba7d5f00567c3eb8d28f6782a570f6c29aa8cc163ccb949a907d5d44e04692a048b44c63ae759c75b9bcdcf9e4d7c2,JD271047,,06/21/2020 02:12:00 AM,30,TRAFFIC SIGNAL,FUNCTIONING PROPERLY,CLEAR,"DARKNESS, LIGHTED ROAD",TURNING,FOUR WAY,,STRAIGHT AND LEVEL,DRY,NO DEFECTS,NOT ON SCENE (DESK REPORT),NO INJURY / DRIVE AWAY,N,,Y,$500 OR LESS,06/21/2020 02:15:00 AM,FAILING TO YIELD RIGHT-OF-WAY,FAILING TO REDUCE SPEED TO AVOID CRASH,153,W,43RD ST,925.0,,,,,,,2,NO INDICATION OF INJURY,0.0,0.0,0.0,0.0,0.0,4.0,0.0,2,1,6,41.8163155258,-87.6307486029,POINT (-87.630748602924 41.81631552585)
017b5d07d33091554eab96682fde9a68c43f272a93d7783a8b89b20fd8e6005aa34bf0efd9482a7f7293f262a911f0cf1a8d0a2d3cb5555682f6b62fa755e0da,JF471278,,11/04/2022 03:15:00 PM,30,STOP SIGN/FLASHER,FUNCTIONING PROPERLY,UNKNOWN,DAYLIGHT,REAR END,NOT DIVIDED,,STRAIGHT AND LEVEL,DRY,NO DEFECTS,NOT ON SCENE (DESK REPORT),NO INJURY / DRIVE AWAY,,,Y,"$501 - $1,500",11/11/2022 06:30:00 PM,FOLLOWING TOO CLOSELY,UNABLE TO DETERMINE,4850,N,CENTRAL AVE,1622.0,,,,,,,2,NO INDICATION OF INJURY,0.0,0.0,0.0,0.0,0.0,2.0,0.0,15,6,11,41.9692445703,-87.7676705061,POINT (-87.767670506088 41.96924457029)
446e74e9856557aebab22b71c984d0602123369c693d5752ed28d228b0691ca4da7431108f26fbe7ce8b30018f1e7aac3778f339828c5369644a4d19167ad5be,JD449389,,12/04/2020 12:15:00 PM,30,NO CONTROLS,NO CONTROLS,CLEAR,DAYLIGHT,SIDESWIPE SAME DIRECTION,NOT DIVIDED,,STRAIGHT AND LEVEL,DRY,NO DEFECTS,NOT ON SCENE (DESK REPORT),INJURY AND / OR TOW DUE TO CRASH,,,,"OVER $1,500",12/04/2020 01:15:00 PM,FAILING TO YIELD RIGHT-OF-WAY,UNABLE TO DETERMINE,216,N,DAMEN AVE,1223.0,,,,,,,2,NO INDICATION OF INJURY,0.0,0.0,0.0,0.0,0.0,2.0,0.0,12,6,12,41.8856013561,-87.6769054208,POINT (-87.676905420803 41.885601356106)
d855ec73de61d88dc910ffc1d398f5c6a9bb5ffd43478fb30def029e7f3f59470019cb26412090d046964479e4b62d7b5ddfabe48b7c3dd448990e669b046500,JC206232,,03/30/2019 06:50:00 PM,5,NO CONTROLS,NO CONTROLS,CLEAR,DAYLIGHT,PARKED MOTOR VEHICLE,PARKING LOT,,STRAIGHT AND LEVEL,DRY,NO DEFECTS,NOT ON SCENE (DESK REPORT),NO INJURY / DRIVE AWAY,,Y,Y,"$501 - $1,500",03/31/2019 08:30:00 AM,DRIVING SKILLS/KNOWLEDGE/EXPERIENCE,IMPROPER BACKING,5101,S,CICERO AVE,815.0,,,,,,,2,NO INDICATION OF INJURY,0.0,0.0,0.0,0.0,0.0,1.0,0.0,18,7,3,41.8002455949,-87.742810522,POINT (-87.742810521987 41.800245594931)
b9db5d8d76a9808be1d3a6a34f45ad0124cad1fd71d6141c34c40579bda558c377b77e9e151f00f8b6323c6b9a72b4f4b342360774c63408f0e66baa7fe91ed9,JD409939,,10/24/2020 06:30:00 PM,40,TRAFFIC SIGNAL,FUNCTIONING PROPERLY,CLEAR,DARKNESS,ANGLE,DIVIDED - W/MEDIAN BARRIER,,STRAIGHT AND LEVEL,DRY,NO DEFECTS,ON SCENE,INJURY AND / OR TOW DUE TO CRASH,,,Y,"OVER $1,500",10/24/2020 06:32:00 PM,DISREGARDING TRAFFIC SIGNALS,NOT APPLICABLE,9200,S,EWING AVE,424.0,,,,,,,2,NONINCAPACITATING INJURY,1.0,0.0,0.0,1.0,0.0,1.0,0.0,18,7,10,41.7284164225,-87.5429248555,POINT (-87.54292485552 41.728416422524)
3cf1a0f5e470073f0ebabb8dc02fb99aea78743ce5bb8d29dc41fc9cc9671efa1e57bf2be1f5f3c72d70341204c4053d8d6447c8e575404af3051e4b12c958a1,JG385189,,08/16/2023 02:55:00 PM,30,TRAFFIC SIGNAL,FUNCTIONING PROPERLY,CLEAR,DAYLIGHT,TURNING,DIVIDED - W/MEDIAN BARRIER,,STRAIGHT AND LEVEL,DRY,NO DEFECTS,NOT ON SCENE (DESK REPORT),INJURY AND / OR TOW DUE TO CRASH,Y,,,"OVER $1,500",08/16/2023 04:05:00 PM,FAILING TO YIELD RIGHT-OF-WAY,FAILING TO YIELD RIGHT-OF-WAY,400,S,WESTERN AVE,1135.0,,,,,,,2,"REPORTED, NOT EVIDENT",1.0,0.0,0.0,0.0,1.0,1.0,0.0,14,4,8,41.8760647764,-87.686415631,POINT (-87.686415630988 41.876064776425)
25ee53857a08f5c1be7aa71ae6a3743ceaa6f0000cdd618ac975b1e855bed6ca88aae00e84950a7e39e20312cd170ca31170b7ad7b53b60a5a21433487de8ed7,JF240648,,05/13/2022 10:00:00 AM,30,NO CONTROLS,NO CONTROLS,CLEAR,DAYLIGHT,PARKED MOTOR VEHICLE,ONE-WAY,,STRAIGHT AND LEVEL,DRY,NO DEFECTS,NOT ON SCENE (DESK REPORT),NO INJURY / DRIVE AWAY,,,,"OVER $1,500",05/13/2022 12:24:00 PM,UNABLE TO DETERMINE,UNABLE TO DETERMINE,117,S,DESPLAINES ST,121.0,,,,,,,2,NO INDICATION OF INJURY,0.0,0.0,0.0,0.0,0.0,1.0,0.0,10,6,5,41.8799926296,-87.6439198792,POINT (-87.643919879222 41.879992629639)