CRASH_RECORD_ID,RD_NO,CRASH_DATE_EST_I,CRASH_DATE,POSTED_SPEED_LIMIT,TRAFFIC_CONTROL_DEVICE,DEVICE_CONDITION,WEATHER_CONDITION,LIGHTING_CONDITION,FIRST_CRASH_TYPE,TRAFFICWAY_TYPE,LANE_CNT,ALIGNMENT,ROADWAY_SURFACE_COND,ROAD_DEFECT,REPORT_TYPE,CRASH_TYPE,INTERSECTION_RELATED_I,NOT_RIGHT_OF_WAY_I,HIT_AND_RUN_I,DAMAGE,DATE_POLICE_NOTIFIED,PRIM_CONTRIBUTORY_CAUSE,SEC_CONTRIBUTORY_CAUSE,STREET_NO,STREET_DIRECTION,STREET_NAME,BEAT_OF_OCCURRENCE,PHOTOS_TAKEN_I,STATEMENTS_TAKEN_I,DOORING_I,WORK_ZONE_I,WORK_ZONE_TYPE,WORKERS_PRESENT_I,NUM_UNITS,MOST_SEVERE_INJURY,INJURIES_TOTAL,INJURIES_FATAL,INJURIES_INCAPACITATING,INJURIES_NON_INCAPACITATING,INJURIES_REPORTED_NOT_EVIDENT,INJURIES_NO_INDICATION,INJURIES_UNKNOWN,CRASH_HOUR,CRASH_DAY_OF_WEEK,CRASH_MONTH,LATITUDE,LONGITUDE,LOCATION
4ac0b37d595ae5c46c117f4d8186b3adce5efb02868f75e89673ea7dbba8849decf2a4c865bd64529a15b9c71a0a761322e6ffd7d419ab8ba6eedd147951ee67,JF200864,Y,04/07/2022 06:42:00 PM,30,NO CONTROLS,NO CONTROLS,CLEAR,DARKNESS,PARKED MOTOR VEHICLE,NOT DIVIDED,,STRAIGHT AND LEVEL,WET,NO DEFECTS,ON SCENE,INJURY AND / OR TOW DUE TO CRASH,,,,"$501 - $1,500",04/07/2022 07:45:00 PM,WEATHER,WEATHER,3800,N,HARLEM AVE,1631.0,,,,,,,2,NO INDICATION OF INJURY,0.0,0.0,0.0,0.0,0.0,1.0,0.0,18,5,4,41.948987377,-87.8072841836,POINT (-87.807284183553 41.948987377046)
728f82f25c32933f2ba8da180219e1259ad0b612c3d3e4cff40eef2cdab9fac83296ffb0c893e5fd53802c537cc4939c1fc2007b68ce9529c022ad90bdcd57d7,JA236491,,04/23/2017 08:30:00 PM,15,NO CONTROLS,OTHER,CLEAR,DARKNESS,SIDESWIPE OPPOSITE DIRECTION,PARKING LOT,1.0,STRAIGHT AND LEVEL,DRY,OTHER,NOT ON SCENE (DESK REPORT),NO INJURY / DRIVE AWAY,,Y,,"$501 - $1,500",04/23/2017 09:00:00 PM,UNABLE TO DETERMINE,FAILING TO YIELD RIGHT-OF-WAY,50,S,DAMEN AVE,1223.0,,,,,,,2,NO INDICATION OF INJURY,0.0,0.0,0.0,0.0,0.0,5.0,0.0,20,1,4,41.8800759884,-87.6767604241,POINT (-87.676760424121 41.880075988442)
950655c718afd058fc435548deb23c877a82650b386f967dd0e8e9eaa24574b0240e5b906f28e039ea9f09b97160cb1d374bdc66c5a1ef1aafddabbd8444c19e,JC557204,,12/23/2019 04:13:00 AM,30,TRAFFIC SIGNAL,FUNCTIONING PROPERLY,CLEAR,"DARKNESS, LIGHTED ROAD",REAR END,FOUR WAY,,STRAIGHT AND LEVEL,DRY,NO DEFECTS,ON SCENE,NO INJURY / DRIVE AWAY,Y,,Y,"OVER $1,500",12/23/2019 04:18:00 AM,FAILING TO REDUCE SPEED TO AVOID CRASH,NOT APPLICABLE,4400,W,DIVERSEY AVE,2523.0,,,,,,,2,NO INDICATION OF INJURY,0.0,0.0,0.0,0.0,0.0,3.0,0.0,4,2,12,41.9317700477,-87.7368781028,POINT (-87.736878102753 41.931770047674)
912f72a6367fd957938b994fb5126df31398a1c2ebdd3440a7c83ea735ac00d812d468cc276c69b1e04d477006efdfe59d5f8a4d0b8ee1c5c28f4df232be6e9d,JG145661,,02/08/2023 06:30:00 PM,30,TRAFFIC SIGNAL,FUNCTIONING PROPERLY,CLEAR,"DARKNESS, LIGHTED ROAD",TURNING,NOT DIVIDED,,STRAIGHT AND LEVEL,DRY,NO DEFECTS,NOT ON SCENE (DESK REPORT),NO INJURY / DRIVE AWAY,Y,,,"OVER $1,500",02/08/2023 07:55:00 PM,UNABLE TO DETERMINE,NOT APPLICABLE,6700,S,STONY ISLAND AVE,332.0,,,,,,,2,NO INDICATION OF INJURY,0.0,0.0,0.0,0.0,0.0,3.0,0.0,18,4,2,41.7732928959,-87.5864423683,POINT (-87.586442368314 41.773292895851)
0187b611bed4a08997bfa07d2a970f5af480fd8c02ee657daf76f4f6227a4fce16fe98e76c377dc225be6e7ebae22a2d52d323ccdef44f5298dcfd0b59454bf1,JE370886,,09/12/2021 03:00:00 PM,30,NO CONTROLS,NO CONTROLS,CLEAR,DAYLIGHT,TURNING,NOT DIVIDED,,STRAIGHT AND LEVEL,DRY,NO DEFECTS,ON SCENE,NO INJURY / DRIVE AWAY,,,,"OVER $1,500",09/12/2021 03:30:00 PM,UNABLE TO DETERMINE,NOT APPLICABLE,5100,W,GRAND AVE,2522.0,,,,,,,2,NO INDICATION OF INJURY,0.0,0.0,0.0,0.0,0.0,2.0,0.0,15,1,9,41.9169537061,-87.753437306,POINT (-87.75343730604 41.916953706087)
c0a4772c06a0e5978f176d93c86ea00c2a37cedb09f2fab1e16ec3e4e4c02137d3c4143f5b55a0d8c5d45a9bdc0015eb2d170471fef9cbf8c147d650b5cbaa2b,JF120454,,01/22/2022 01:50:00 AM,30,TRAFFIC SIGNAL,FUNCTIONING PROPERLY,CLEAR,"DARKNESS, LIGHTED ROAD",ANGLE,FOUR WAY,,STRAIGHT AND LEVEL,DRY,NO DEFECTS,ON SCENE,NO INJURY / DRIVE AWAY,,,,"$501 - $1,500",01/22/2022 01:53:00 AM,EQUIPMENT - VEHICLE CONDITION,NOT APPLICABLE,4758,W,DIVISION ST,2533.0,,,,,,,2,NO INDICATION OF INJURY,0.0,0.0,0.0,0.0,0.0,2.0,0.0,1,7,1,41.9024642361,-87.745809483,POINT (-87.745809482976 41.90246423611)
bb466391d32e13c1c09c03113430f5bf057cb3b5d178af770036f137789debb8897d6f06ff9a3aa4525d91f29e728379a0aff6bbf8df913f59751d5b692a190d,JG333631,,07/09/2023 07:11:00 AM,30,UNKNOWN,UNKNOWN,CLEAR,DAYLIGHT,ANGLE,NOT DIVIDED,,STRAIGHT AND LEVEL,DRY,UNKNOWN,ON SCENE,NO INJURY / DRIVE AWAY,,,,"OVER $1,500",07/09/2023 07:11:00 AM,FAILING TO REDUCE SPEED TO AVOID CRASH,FAILING TO REDUCE SPEED TO AVOID CRASH,7100,S,MARSHFIELD AVE,735.0,,,,,,,2,NO INDICATION OF INJURY,0.0,0.0,0.0,0.0,0.0,3.0,0.0,7,1,7,41.7648001995,-87.665173077,POINT (-87.665173076997 41.764800199457)
d567ed8bf1cabf252e7b33fcfd332dbd400d98de6aba58b9a92b1e1e3d1f6718bd01c2466b00f03ed31409803d82c0802f0098dfd0e3806967a0982d28960a77,JA280273,,05/26/2017 04:14:00 PM,15,NO CONTROLS,NO CONTROLS,RAIN,DAYLIGHT,SIDESWIPE SAME DIRECTION,OTHER,2.0,STRAIGHT AND LEVEL,WET,NO DEFECTS,NOT ON SCENE (DESK REPORT),NO INJURY / DRIVE AWAY,,,,"OVER $1,500",05/26/2017 05:15:00 PM,FAILING TO YIELD RIGHT-OF-WAY,IMPROPER OVERTAKING/PASSING,5700,S,CICERO AVE,813.0,,,,,,,2,NO INDICATION OF INJURY,0.0,0.0,0.0,0.0,0.0,2.0,0.0,16,6,5,41.7893293233,-87.7416456442,POINT (-87.741645644196 41.789329323265)
fd76e936edba6b4abadeeb051968f31667a8857c2c11cb77b3722ef69effff596f98cabeaa306e769cf6d0b17bb4c527bcec38aa7f3faeda43f2925ff7390739,JB341828,,07/09/2018 08:26:00 AM,30,TRAFFIC SIGNAL,FUNCTIONING PROPERLY,CLEAR,DAYLIGHT,SIDESWIPE SAME DIRECTION,DIVIDED - W/MEDIAN (NOT RAISED),,STRAIGHT AND LEVEL,DRY,NO DEFECTS,NOT ON SCENE (DESK REPORT),NO INJURY / DRIVE AWAY,Y,,,"OVER $1,500",07/09/2018 09:00:00 AM,IMPROPER OVERTAKING/PASSING,NOT APPLICABLE,278,E,MONROE DR,114.0,,,,,,,2,NO INDICATION OF INJURY,0.0,0.0,0.0,0.0,0.0,4.0,0.0,8,2,7,41.8809819232,-87.6208888265,POINT (-87.620888826483 41.880981923248)
a7d38d4d602259c3bec80a02d8a41f148912a33e11f254133180ac3e86b9106eb695d78090d32b48c5875605fbb66f5befb364c603bdd832c5a7d659a03f42f0,JD154777,,02/16/2020 06:40:00 PM,30,STOP SIGN/FLASHER,FUNCTIONING PROPERLY,UNKNOWN,DUSK,REAR END,NOT DIVIDED,,STRAIGHT AND LEVEL,UNKNOWN,UNKNOWN,NOT ON SCENE (DESK REPORT),NO INJURY / DRIVE AWAY,,,,"OVER $1,500",02/17/2020 11:15:00 AM,FOLLOWING TOO CLOSELY,FOLLOWING TOO CLOSELY,7900,S,MAY ST,612.0,,,,,,,2,NO INDICATION OF INJURY,0.0,0.0,0.0,0.0,0.0,2.0,0.0,18,1,2,41.7504217118,-87.6526719784,POINT (-87.652671978369 41.75042171178)
019d00b89db0da5b92e7f4a461b42308361fe1fe147a625c30fbabc44ce0c5973ef7d7c9934c0f5dd6671e03cd436e0b86eed2164fbd0aa58c660c6b8ea96f83,JD246973,,05/29/2020 08:43:00 PM,30,TRAFFIC SIGNAL,FUNCTIONING PROPERLY,CLEAR,"DARKNESS, LIGHTED ROAD",SIDESWIPE SAME DIRECTION,NOT DIVIDED,,STRAIGHT AND LEVEL,DRY,NO DEFECTS,ON SCENE,NO INJURY / DRIVE AWAY,,,Y,"OVER $1,500",05/29/2020 09:14:00 PM,IMPROPER OVERTAKING/PASSING,UNABLE TO DETERMINE,1401,W,59TH ST,713.0,,,,,,,2,NO INDICATION OF INJURY,0.0,0.0,0.0,0.0,0.0,3.0,0.0,20,6,5,41.7867063916,-87.6596007743,POINT (-87.659600774266 41.786706391571)
12520d448185bbd163b5be347286a62e974bd9e3f896941d82e2bc1f13fdbc124c709d99b093729c5e66bbd7a250b37bc3d78769dde68608a2d3b39ccd9d03cc,JG267965,,05/15/2023 03:50:00 PM,30,TRAFFIC SIGNAL,FUNCTIONING PROPERLY,CLEAR,DAYLIGHT,SIDESWIPE SAME DIRECTION,NOT DIVIDED,,STRAIGHT AND LEVEL,DRY,NO DEFECTS,NOT ON SCENE (DESK REPORT),NO INJURY / DRIVE AWAY,,,Y,"$501 - $1,500",05/20/2023 01:25:00 PM,IMPROPER OVERTAKING/PASSING,IMPROPER LANE USAGE,1202,W,MARQUETTE RD,724.0,,,,,,,2,NO INDICATION OF INJURY,0.0,0.0,0.0,0.0,0.0,3.0,0.0,15,2,5,41.7724405463,-87.6544572211,POINT (-87.654457221061 41.772440546312)
9eeb5ed06f6c4011bf9aa079a1d048be23907ecb42ab394fbe0a65060685279b0cb12fc314423727238efa840dad663bd23e4c939d22f842b8ea14625cddb762,JF127211,,01/28/2022 07:00:00 PM,30,NO CONTROLS,NO CONTROLS,SNOW,DARKNESS,PARKED MOTOR VEHICLE,ONE-WAY,,STRAIGHT AND LEVEL,SNOW OR SLUSH,NO DEFECTS,ON SCENE,NO INJURY / DRIVE AWAY,,,,"OVER $1,500",01/28/2022 07:03:00 PM,WEATHER,WEATHER,5703,S,MICHIGAN AVE,232.0,,,,,,,2,NO INDICATION OF INJURY,0.0,0.0,0.0,0.0,0.0,1.0,0.0,19,6,1,41.7909236261,-87.6222228142,POINT (-87.622222814228 41.79092362611)
3c9e848e0530c7842808f24b496f02b538f4822cf5ce66dcba541324097ee1d818d545be2d55bd740edd5359d97364ea0d762b241a00be1e0372874faa71853b,JF425800,,10/07/2022 02:31:00 PM,30,TRAFFIC SIGNAL,FUNCTIONING PROPERLY,CLEAR,DAYLIGHT,TURNING,DIVIDED - W/MEDIAN BARRIER,,STRAIGHT AND LEVEL,DRY,NO DEFECTS,ON SCENE,INJURY AND / OR TOW DUE TO CRASH,Y,,,"OVER $1,500",10/07/2022 02:31:00 PM,FAILING TO YIELD RIGHT-OF-WAY,NOT APPLICABLE,5900,S,CICERO AVE,813.0,,,,,,,2,NONINCAPACITATING INJURY,1.0,0.0,0.0,1.0,0.0,1.0,0.0,14,6,10,41.7856433239,-87.7414857784,POINT (-87.741485778405 41.785643323876)
b16e083317fe3ea5e870c8c52e5a54a6ea2864797bc64ad0a0c01e5897506377315efe7c161ac3f89adb48e118544d66a0dd6cfadcc9ca20341a22a1684a96ae,JA415955,,09/02/2017 11:26:00 AM,15,NO CONTROLS,NO CONTROLS,CLEAR,DAYLIGHT,ANGLE,PARKING LOT,,STRAIGHT AND LEVEL,DRY,UNKNOWN,NOT ON SCENE (DESK REPORT),NO INJURY / DRIVE AWAY,,,,"$501 - $1,500",09/02/2017 12:21:00 PM,DRIVING SKILLS/KNOWLEDGE/EXPERIENCE,DRIVING SKILLS/KNOWLEDGE/EXPERIENCE,8510,S,COTTAGE GROVE AVE,632.0,,,,,,,2,NO INDICATION OF INJURY,0.0,0.0,0.0,0.0,0.0,4.0,0.0,11,7,9,41.7399059536,-87.6050618444,POINT (-87.605061844387 41.739905953574)
6e2efa543146483bb4ef46567ea3b31379507a22b4cb5a2f5db67641b49ecae4e936d95ed819b8ebe71a5807810d0e0f554699ea31a2ae013e445bfa03495677,JD304288,,07/20/2020 06:44:00 PM,30,NO CONTROLS,NO CONTROLS,CLEAR,DUSK,PEDALCYCLIST,UNKNOWN,,STRAIGHT AND LEVEL,DRY,NO DEFECTS,NOT ON SCENE (DESK REPORT),NO INJURY / DRIVE AWAY,,,,"$501 - $1,500",07/20/2020 06:45:00 PM,NOT APPLICABLE,NOT APPLICABLE,5901,S,WHIPPLE ST,824.0,,,,,,,2,NO INDICATION OF INJURY,0.0,0.0,0.0,0.0,0.0,2.0,0.0,18,2,7,41.7862185078,-87.6995416579,POINT (-87.699541657901 41.786218507757)
e7a86d383c11a79e87aedca14ae7b900c22a919b82795dc7d6d33158c1d4cf0d9f4633880ef433e803ae6f549117bf9a083dfc6935542bfc99d7747ae35c9563,JB321215,,06/24/2018 08:00:00 PM,30,NO CONTROLS,NO CONTROLS,CLEAR,"DARKNESS, LIGHTED ROAD",PARKED MOTOR VEHICLE,NOT DIVIDED,1.0,STRAIGHT AND LEVEL,DRY,NO DEFECTS,NOT ON SCENE (DESK REPORT),NO INJURY / DRIVE AWAY,,,Y,"OVER $1,500",06/24/2018 10:45:00 PM,FAILING TO REDUCE SPEED TO AVOID CRASH,"OPERATING VEHICLE IN ERRATIC, RECKLESS, CARELESS, NEGLIGENT OR AGGRESSIVE MANNER",4158,W,77TH PL,834.0,,,,,,,2,NO INDICATION OF INJURY,0.0,0.0,0.0,0.0,0.0,1.0,0.0,20,1,6,41.7527504935,-87.726221519,POINT (-87.72622151899 41.752750493516)
90c2c59b9c3cc57bf295d53d095acd199646e22552ccd3f92b4ba41f01b20f0f7de9611343a53b62a6d0b573b944e827893819d0ce8e32f291e360ac58dfc4f2,JF209081,,04/15/2022 05:15:00 PM,30,TRAFFIC SIGNAL,FUNCTIONING PROPERLY,CLEAR,DAYLIGHT,TURNING,NOT DIVIDED,,STRAIGHT AND LEVEL,UNKNOWN,UNKNOWN,NOT ON SCENE (DESK REPORT),NO INJURY / DRIVE AWAY,Y,,Y,"OVER $1,500",04/15/2022 06:00:00 PM,IMPROPER OVERTAKING/PASSING,NOT APPLICABLE,10300,S,HALSTED ST,2232.0,,,,,,,2,NO INDICATION OF INJURY,0.0,0.0,0.0,0.0,0.0,3.0,0.0,17,6,4,41.7068233366,-87.6429774693,POINT (-87.642977469284 41.706823336585)
3023dc36570bc4b1c4114453c815316329469515ace2ab212afbf25b747e60ac8c94bc2976cb931c3b3c2175e1e3232163119430fdc64a0eb246336a5bb12095,JC196342,,03/23/2019 07:39:00 AM,30,TRAFFIC SIGNAL,FUNCTIONING PROPERLY,CLEAR,DAYLIGHT,PEDESTRIAN,ONE-WAY,4.0,STRAIGHT AND LEVEL,DRY,NO DEFECTS,ON SCENE,INJURY AND / OR TOW DUE TO CRASH,Y,,,"$501 - $1,500",03/23/2019 07:39:00 AM,DISREGARDING TRAFFIC SIGNALS,WEATHER,4800,W,LEXINGTON ST,1533.0,,,,,,,2,INCAPACITATING INJURY,1.0,0.0,1.0,0.0,0.0,1.0,0.0,7,7,3,41.8712890495,-87.7450014716,POINT (-87.745001471603 41.871289049458)
17d7d842214b1289b2cf9fb2ef3ad207dd7d57ea635e3c999499b350d9f78bee40222ec5624188d8900cb323e66ee81694b26a095dcf5a25be632e949c1d62ff,HZ272211,,05/20/2016 11:50:00 AM,30,TRAFFIC SIGNAL,FUNCTIONING PROPERLY,CLEAR,DAYLIGHT,REAR END,NOT DIVIDED,,STRAIGHT AND LEVEL,DRY,SHOULDER DEFECT,NOT ON SCENE (DESK REPORT),NO INJURY / DRIVE AWAY,,,,"OVER $1,500",05/20/2016 12:50:00 PM,FOLLOWING TOO CLOSELY,NOT APPLICABLE,4900,N,BROADWAY,2033.0,,,,,,,2,NO INDICATION OF INJURY,0.0,0.0,0.0,0.0,0.0,2.0,0.0,11,6,5,41.9715164409,-87.6598856362,POINT (-87.659885636238 41.971516440921)
0307c29a87dd123215ba1ebd055893b67ad41f699655c162d29c80e17d2ae07a6947e9bf47190dffe24d0cbb455e5620b73f6895f97c1c1bb7ac519f8ce287e5,JB540462,,12/04/2018 07:41:00 PM,30,TRAFFIC SIGNAL,FUNCTIONING PROPERLY,CLEAR,DARKNESS,TURNING,ONE-WAY,3.0,STRAIGHT AND LEVEL,DRY,NO DEFECTS,ON SCENE,NO INJURY / DRIVE AWAY,Y,,,"OVER $1,500",12/04/2018 08:52:00 PM,IMPROPER TURNING/NO SIGNAL,NOT APPLICABLE,98,E,GRAND AVE,1834.0,,Y,,,,,2,NO INDICATION OF INJURY,0.0,0.0,0.0,0.0,0.0,2.0,0.0,19,3,12,41.891820034,-87.6254438748,POINT (-87.625443874791 41.89182003397)
b8d4c267e670697510a5c8e4cdc81f5d9daadd47ed0961b541d0940ae3ee34df5361348820e200e27cff9eba1cddb76bfdbc0e9b08988cdbb39bd8ef5bd0335c,JA289841,,06/02/2017 04:52:00 PM,30,NO CONTROLS,NO CONTROLS,CLEAR,DAYLIGHT,ANGLE,NOT DIVIDED,2.0,STRAIGHT AND LEVEL,DRY,NO DEFECTS,NOT ON SCENE (DESK REPORT),NO INJURY / DRIVE AWAY,,,,"OVER $1,500",06/02/2017 06:10:00 PM,UNABLE TO DETERMINE,UNABLE TO DETERMINE,970,W,PERSHING RD,915.0,,,,,,,2,NO INDICATION OF INJURY,0.0,0.0,0.0,0.0,0.0,2.0,0.0,16,6,6,41.8235035927,-87.6506663765,POINT (-87.650666376522 41.823503592662)
1b59249e502e68c5c32e480e81bb440b9720c36c39f9b5af6c08bf062afcbac8592eae67e468b99bbb220b3033f5d7b6aed345a779c2edc52ef83786e4848d03,JC264240,,05/15/2019 02:30:00 PM,30,NO CONTROLS,NO CONTROLS,CLEAR,DAYLIGHT,SIDESWIPE SAME DIRECTION,NOT DIVIDED,,STRAIGHT AND LEVEL,UNKNOWN,UNKNOWN,NOT ON SCENE (DESK REPORT),NO INJURY / DRIVE AWAY,,,,"$501 - $1,500",05/15/2019 03:12:00 PM,FAILING TO YIELD RIGHT-OF-WAY,IMPROPER OVERTAKING/PASSING,728,W,ARMITAGE AVE,1812.0,,,,,,,2,NO INDICATION OF INJURY,0.0,0.0,0.0,0.0,0.0,2.0,0.0,14,4,5,41.9183052575,-87.6472552096,POINT (-87.647255209645 41.918305257492)
47994d49a3a4fc50c5e8db44fc7344508f320f3f9e9755ce16275a349b731decb54a7b55719c7fe2add1bdbb74fb6ba1ddc5eb048f1a3fd41008ec7f169029b0,JE362969,,09/05/2021 10:07:00 PM,40,TRAFFIC SIGNAL,FUNCTIONING PROPERLY,CLEAR,"DARKNESS, LIGHTED ROAD",TURNING,NOT DIVIDED,,"CURVE, LEVEL",DRY,NO DEFECTS,ON SCENE,INJURY AND / OR TOW DUE TO CRASH,Y,,Y,"OVER $1,500",09/05/2021 10:10:00 PM,NOT APPLICABLE,NOT APPLICABLE,5699,S,LAKE SHORE DR SB,331.0,,,,,,,3,"REPORTED, NOT EVIDENT",1.0,0.0,0.0,0.0,1.0,6.0,0.0,22,1,9,41.7916165742,-87.5799369721,POINT (-87.579936972138 41.79161657424)
2d1083ade587fca4117d59facaecf7c8b4def7dbe77972af04da7b6d94e141afc861b5b061753dc86a252f67c3af9152e3a95fc69b4bf31c8700efa9319f0ebd,JC429296,,09/08/2019 08:30:00 AM,30,NO CONTROLS,NO CONTROLS,CLEAR,DAYLIGHT,PARKED MOTOR VEHICLE,OTHER,,STRAIGHT AND LEVEL,DRY,NO DEFECTS,NOT ON SCENE (DESK REPORT),NO INJURY / DRIVE AWAY,,,,"OVER $1,500",09/11/2019 05:59:00 PM,IMPROPER BACKING,UNABLE TO DETERMINE,2401,S,WABASH AVE,131.0,,,,,,,2,NO INDICATION OF INJURY,0.0,0.0,0.0,0.0,0.0,1.0,0.0,8,1,9,41.8492107666,-87.6252679288,POINT (-87.625267928811 41.849210766645)
2b41ee4b05d7627c87c04676ea8e3b25f865ab1f2df0fd1023cf8b811ec03696b99427d0fd425c797d041d5c4dc3d9decfaf5b313ba7fdc6cd57b00a4e192b9c,JC511126,,11/15/2019 08:30:00 AM,30,TRAFFIC SIGNAL,FUNCTIONING PROPERLY,CLEAR,DAYLIGHT,REAR END,FOUR WAY,,STRAIGHT AND LEVEL,DRY,NO DEFECTS,NOT ON SCENE (DESK REPORT),NO INJURY / DRIVE AWAY,,,Y,"$501 - $1,500",11/15/2019 08:50:00 AM,UNABLE TO DETERMINE,UNABLE TO DETERMINE,2800,W,IRVING PARK RD,1724.0,,,,,,,3,NO INDICATION OF INJURY,0.0,0.0,0.0,0.0,0.0,3.0,0.0,8,6,11,41.9540833177,-87.6983027701,POINT (-87.69830277007 41.954083317715)
9cee469cf3125b550dd6edba5d5daa59de2521ec40a39a23cdad476bc4ca752baf89a4d24507446ca545c90d1fafa455451b749aa2570d44db052146b41624d7,JC551849,,12/18/2019 05:09:00 PM,30,UNKNOWN,UNKNOWN,CLEAR,"DARKNESS, LIGHTED ROAD",SIDESWIPE SAME DIRECTION,DIVIDED - W/MEDIAN (NOT RAISED),,STRAIGHT AND LEVEL,DRY,NO DEFECTS,ON SCENE,NO INJURY / DRIVE AWAY,,,Y,"OVER $1,500",12/18/2019 05:47:00 PM,IMPROPER TURNING/NO SIGNAL,NOT APPLICABLE,1931,E,95TH ST,431.0,,,,,,,2,NO INDICATION OF INJURY,0.0,0.0,0.0,0.0,0.0,2.0,0.0,17,4,12,41.7223430328,-87.5766301636,POINT (-87.576630163622 41.722343032833)
fa720849cb51f2ae86ba1023e27385d22a62fdbc2a660013730a04e11808a2d3a6b576bcca54d6b6ae74479bcb77c9d25407c862d0ee3887d17d194cc92378dc,JE236395,,05/20/2021 02:00:00 PM,30,TRAFFIC SIGNAL,FUNCTIONING PROPERLY,CLEAR,DAYLIGHT,REAR END,NOT DIVIDED,,STRAIGHT AND LEVEL,DRY,UNKNOWN,NOT ON SCENE (DESK REPORT),NO INJURY / DRIVE AWAY,Y,,,"$501 - $1,500",05/20/2021 02:14:00 PM,UNABLE TO DETERMINE,UNABLE TO DETERMINE,3500,S,HALSTED ST,915.0,,,,,,,2,NO INDICATION OF INJURY,0.0,0.0,0.0,0.0,0.0,2.0,0.0,14,5,5,41.8306953352,-87.6462509158,POINT (-87.646250915767 41.830695335202)
2da132d0ec31ec7a4fa742e489a07cbcaa6183341440dac5d89a49ae7953b770bff695aab2c376a1660ffda4ae53b70ad907ba65a7279d74bd83ef9e3d92b841,JB413815,,08/29/2018 10:30:00 AM,30,TRAFFIC SIGNAL,FUNCTIONING PROPERLY,CLEAR,DAYLIGHT,REAR END,DIVIDED - W/MEDIAN BARRIER,6.0,STRAIGHT AND LEVEL,DRY,NO DEFECTS,NOT ON SCENE (DESK REPORT),NO INJURY / DRIVE AWAY,,,,"OVER $1,500",08/29/2018 02:40:00 PM,FAILING TO REDUCE SPEED TO AVOID CRASH,EXCEEDING SAFE SPEED FOR CONDITIONS,300,S,LAKE SHORE DR NB,114.0,,,,,,,2,NO INDICATION OF INJURY,0.0,0.0,0.0,0.0,0.0,2.0,0.0,10,4,8,41.8783101346,-87.6175759034,POINT (-87.617575903416 41.878310134581)
5fb77d81b0f688be2ff52d693c19351cda3df4c903ce00d9a6b173cafc70c90e8c0a57f1a229aebabe37585420fc0aa63ac804a891ea54cbb89858febe7c7fe1,JB221346,,04/12/2018 01:30:00 PM,15,NO CONTROLS,NO CONTROLS,CLEAR,DAYLIGHT,PARKED MOTOR VEHICLE,PARKING LOT,0.0,STRAIGHT AND LEVEL,DRY,NO DEFECTS,NOT ON SCENE (DESK REPORT),NO INJURY / DRIVE AWAY,,Y,Y,"$501 - $1,500",04/12/2018 05:06:00 PM,NOT APPLICABLE,NOT APPLICABLE,3000,N,MANGO AVE,2514.0,Y,,,,,,2,NO INDICATION OF INJURY,0.0,0.0,0.0,0.0,0.0,1.0,0.0,13,5,4,41.9349664143,-87.7701652496,POINT (-87.770165249612 41.934966414261)
53a825e4747c6934fc1b3469046125c57a2ba023dc67a290d06e6c582117041dacccda3aa654b4fa8b2b85bd30dfcc3034324745ce590ad1702f2b39ce480996,JE386250,,09/24/2021 01:45:00 AM,30,TRAFFIC SIGNAL,FUNCTIONING PROPERLY,CLEAR,"DARKNESS, LIGHTED ROAD",REAR END,NOT DIVIDED,,STRAIGHT AND LEVEL,DRY,NO DEFECTS,NOT ON SCENE (DESK REPORT),NO INJURY / DRIVE AWAY,Y,,,"$501 - $1,500",09/24/2021 09:30:00 PM,FAILING TO REDUCE SPEED TO AVOID CRASH,UNABLE TO DETERMINE,1200,W,87TH ST,613.0,,,,,,,2,NO INDICATION OF INJURY,0.0,0.0,0.0,0.0,0.0,2.0,0.0,1,6,9,41.7360440895,-87.6534042418,POINT (-87.653404241798 41.736044089544)
e4e4bd2a1bba3867ce6be45f103482c9e9c8cc9efe860022808e495e94a3f64fa301998f59f95fec72144e24011fa1763f1ccd96495bb9f5fe38f7d1bd57beea,JA488567,,10/27/2017 05:20:00 PM,30,NO CONTROLS,NO CONTROLS,CLEAR,DAYLIGHT,ANGLE,NOT DIVIDED,,STRAIGHT AND LEVEL,DRY,NO DEFECTS,NOT ON SCENE (DESK REPORT),NO INJURY / DRIVE AWAY,,,,"OVER $1,500",10/27/2017 06:35:00 PM,NOT APPLICABLE,NOT APPLICABLE,6300,S,KOLIN AVE,813.0,,,,,,,2,NO INDICATION OF INJURY,0.0,0.0,0.0,0.0,0.0,3.0,0.0,17,6,10,41.7785322839,-87.7314498434,POINT (-87.731449843429 41.77853228393)
2305c293660e1870f8919003a85be4eda6cf82f3405e6eb2df7ebfac47ae2aa14a80afca25e6b517f768773467522ebdad0a4111ff1177b3f0c789656a4bcfdf,JA365299,,07/21/2017 01:30:00 PM,20,NO CONTROLS,NO CONTROLS,CLEAR,DAYLIGHT,FIXED OBJECT,ALLEY,,STRAIGHT AND LEVEL,DRY,NO DEFECTS,NOT ON SCENE (DESK REPORT),NO INJURY / DRIVE AWAY,,Y,Y,"OVER $1,500",07/27/2017 09:15:00 AM,NOT APPLICABLE,NOT APPLICABLE,4330,S,MARSHFIELD AVE,924.0,,,,,,,1,NO INDICATION OF INJURY,0.0,0.0,0.0,0.0,0.0,1.0,0.0,13,6,7,41.8149207727,-87.6665124017,POINT (-87.66651240175 41.814920772654)