CRASH_RECORD_ID,RD_NO,CRASH_DATE_EST_I,CRASH_DATE,POSTED_SPEED_LIMIT,TRAFFIC_CONTROL_DEVICE,DEVICE_CONDITION,WEATHER_CONDITION,LIGHTING_CONDITION,FIRST_CRASH_TYPE,TRAFFICWAY_TYPE,LANE_CNT,ALIGNMENT,ROADWAY_SURFACE_COND,ROAD_DEFECT,REPORT_TYPE,CRASH_TYPE,INTERSECTION_RELATED_I,NOT_RIGHT_OF_WAY_I,HIT_AND_RUN_I,DAMAGE,DATE_POLICE_NOTIFIED,PRIM_CONTRIBUTORY_CAUSE,SEC_CONTRIBUTORY_CAUSE,STREET_NO,STREET_DIRECTION,STREET_NAME,BEAT_OF_OCCURRENCE,PHOTOS_TAKEN_I,STATEMENTS_TAKEN_I,DOORING_I,WORK_ZONE_I,WORK_ZONE_TYPE,WORKERS_PRESENT_I,NUM_UNITS,MOST_SEVERE_INJURY,INJURIES_TOTAL,INJURIES_FATAL,INJURIES_INCAPACITATING,INJURIES_NON_INCAPACITATING,INJURIES_REPORTED_NOT_EVIDENT,INJURIES_NO_INDICATION,INJURIES_UNKNOWN,CRASH_HOUR,CRASH_DAY_OF_WEEK,CRASH_MONTH,LATITUDE,LONGITUDE,LOCATION
b2a69db50de7c02437f6551b160e11f500acba984d470878619796aed66297719ae99d70aa274e094833dd95784499649e716a12961fcaf06a33273a9033dd85,HZ307335,,06/14/2016 02:00:00 PM,30,NO CONTROLS,NO CONTROLS,CLEAR,DAYLIGHT,SIDESWIPE SAME DIRECTION,NOT DIVIDED,,STRAIGHT AND LEVEL,DRY,UNKNOWN,NOT ON SCENE (DESK REPORT),NO INJURY / DRIVE AWAY,,,,"OVER $1,500",06/14/2016 04:10:00 PM,DRIVING SKILLS/KNOWLEDGE/EXPERIENCE,NOT APPLICABLE,5200,S,ARCHER AVE,815.0,,,,,,,2,NO INDICATION OF INJURY,0.0,0.0,0.0,0.0,0.0,2.0,0.0,14,3,6,41.8001075354,-87.7344682735,POINT (-87.734468273475 41.800107535416)
25811421319a538dba6e9562ff2a1b43917f9bd34fb7d7d4f04d672c59e39503aa695d605493adb57c7e9eda95c0c59cfec30ecabf977b73979e8c9fe1450d47,JB175256,,03/06/2018 05:20:00 AM,40,NO CONTROLS,NO CONTROLS,CLOUDY/OVERCAST,"DARKNESS, LIGHTED ROAD",SIDESWIPE SAME DIRECTION,DIVIDED - W/MEDIAN (NOT RAISED),,STRAIGHT AND LEVEL,DRY,NO DEFECTS,ON SCENE,NO INJURY / DRIVE AWAY,,,,"OVER $1,500",03/06/2018 06:00:00 AM,UNABLE TO DETERMINE,NOT APPLICABLE,4711,S,CICERO AVE,815.0,,,,,,,2,NO INDICATION OF INJURY,0.0,0.0,0.0,0.0,0.0,2.0,0.0,5,3,3,41.8072505185,-87.7429981082,POINT (-87.742998108227 41.80725051852)
abd5a4fd30c5f4965fce6cdb8390ac02fe41737faaf2394701dc983b71fa50438d0d42cdbadef4e6b3f799df96c0b9b234dd5851bc45dfe1cb7ddfe096d6c835,JB121490,,01/19/2018 09:15:00 AM,35,TRAFFIC SIGNAL,FUNCTIONING PROPERLY,CLEAR,DAYLIGHT,REAR END,DIVIDED - W/MEDIAN (NOT RAISED),,STRAIGHT AND LEVEL,WET,NO DEFECTS,ON SCENE,NO INJURY / DRIVE AWAY,,,,"OVER $1,500",01/19/2018 09:17:00 AM,FOLLOWING TOO CLOSELY,NOT APPLICABLE,7858,S,KEDZIE AVE,835.0,,Y,,,,,2,NO INDICATION OF INJURY,0.0,0.0,0.0,0.0,0.0,3.0,0.0,9,6,1,41.7498716683,-87.7025435652,POINT (-87.702543565178 41.749871668345)
dfed461ee2d4f83cccca95d408df7c7416cc97fe90e0483b764515b99c87fdf8f5b90cd13cf1b16bc360a380803f59fbfd838dfc3a2b8dbcf085e4e9db6d824c,JC484877,,10/24/2019 03:41:00 PM,35,NO CONTROLS,NO CONTROLS,CLEAR,DAYLIGHT,HEAD ON,NOT DIVIDED,,STRAIGHT AND LEVEL,DRY,NO DEFECTS,ON SCENE,INJURY AND / OR TOW DUE TO CRASH,,,,"OVER $1,500",10/24/2019 03:41:00 PM,DRIVING ON WRONG SIDE/WRONG WAY,UNABLE TO DETERMINE,8433,S,KEDZIE AVE,835.0,,,,,,,2,"REPORTED, NOT EVIDENT",2.0,0.0,0.0,0.0,2.0,0.0,0.0,15,5,10,41.7397133222,-87.7019717366,POINT (-87.701971736589 41.739713322191)
a1763213ff4f11d9b4f1bc855d81a3ab534ecb986112ca26e6beeb88e65e60bf88570b24b360671c9ba96dbc90fb2d7ec41f807f4077687444b5d6b293b07134,JG122124,,01/19/2023 03:30:00 PM,20,NO CONTROLS,NO CONTROLS,RAIN,DAYLIGHT,SIDESWIPE SAME DIRECTION,NOT DIVIDED,,STRAIGHT AND LEVEL,WET,NO DEFECTS,NOT ON SCENE (DESK REPORT),NO INJURY / DRIVE AWAY,,,Y,"OVER $1,500",01/19/2023 04:13:00 PM,IMPROPER OVERTAKING/PASSING,NOT APPLICABLE,4801,S,CALIFORNIA AVE,922.0,,,,,,,2,NO INDICATION OF INJURY,0.0,0.0,0.0,0.0,0.0,2.0,0.0,15,5,1,41.8064425299,-87.694008156,POINT (-87.694008155993 41.806442529885)
de2bea302c0027e42218b81b8c92999d0970d8e29608ec5a5464d8b2f9a17bd6d187173320017c4ebb169bcb67a20d8497e4376f987054d813aa97f008faf999,JF158010,,02/27/2022 06:30:00 PM,30,TRAFFIC SIGNAL,FUNCTIONING PROPERLY,CLEAR,DARKNESS,REAR END,T-INTERSECTION,,STRAIGHT AND LEVEL,DRY,NO DEFECTS,ON SCENE,INJURY AND / OR TOW DUE TO CRASH,N,,Y,"OVER $1,500",02/27/2022 06:35:00 PM,UNABLE TO DETERMINE,UNABLE TO DETERMINE,8456,S,SOUTH CHICAGO AVE,412.0,,,,,,,2,NONINCAPACITATING INJURY,1.0,0.0,0.0,1.0,0.0,1.0,0.0,18,1,2,41.741378757,-87.5717222206,POINT (-87.57172222061 41.741378757006)
a3160f13da0e73c8f7e27c025d320b594e38a333a466968d4f731626ab893337f0792727a6108284a5369a5155f4d2bf1627f965bcff9c1864a0bd23b0741113,JB261302,,05/12/2018 03:45:00 PM,30,UNKNOWN,UNKNOWN,UNKNOWN,DAYLIGHT,PARKED MOTOR VEHICLE,UNKNOWN,,STRAIGHT AND LEVEL,UNKNOWN,UNKNOWN,NOT ON SCENE (DESK REPORT),NO INJURY / DRIVE AWAY,,,Y,"$501 - $1,500",05/12/2018 10:02:00 PM,UNABLE TO DETERMINE,UNABLE TO DETERMINE,6455,S,PEORIA ST,723.0,,,,,,,2,NO INDICATION OF INJURY,0.0,0.0,0.0,0.0,0.0,1.0,0.0,15,7,5,41.7762805244,-87.6469798793,POINT (-87.646979879252 41.77628052439)
f71e9dcc2839f9489e709f1985e5c8e43a3074d9e9185951039fd339de3fb06a66fe1d00b6865427677bd3adaae06fac4180d81f8a409d6dcfcc34d4e412d370,JB553383,,12/14/2018 04:50:00 PM,30,NO CONTROLS,NO CONTROLS,CLEAR,UNKNOWN,REAR END,NOT DIVIDED,2.0,STRAIGHT AND LEVEL,DRY,UNKNOWN,NOT ON SCENE (DESK REPORT),NO INJURY / DRIVE AWAY,,,,"OVER $1,500",12/14/2018 05:11:00 PM,UNABLE TO DETERMINE,UNABLE TO DETERMINE,10,S,CENTRAL AVE,1513.0,,,,,,,2,NO INDICATION OF INJURY,0.0,0.0,0.0,0.0,0.0,3.0,0.0,16,6,12,41.8799368275,-87.7650047785,POINT (-87.765004778452 41.879936827547)
35aee15b20d5d28a0dd6b9f4cb34a709b74907ae7fe6dc014087c83fab62b61860cee991d7d70778c8ed8ee4bbcd216216687bf204677c2fd2686ea2b9e00a23,JA322463,,06/25/2017 07:28:00 PM,15,NO CONTROLS,NO CONTROLS,CLEAR,DAYLIGHT,FIXED OBJECT,ALLEY,1.0,STRAIGHT AND LEVEL,DRY,NO DEFECTS,NOT ON SCENE (DESK REPORT),INJURY AND / OR TOW DUE TO CRASH,,,N,"OVER $1,500",06/25/2017 07:28:00 PM,EXCEEDING AUTHORIZED SPEED LIMIT,FAILING TO REDUCE SPEED TO AVOID CRASH,5840,S,DR MARTIN LUTHER KING JR DR,232.0,,,,,,,1,NO INDICATION OF INJURY,0.0,0.0,0.0,0.0,0.0,2.0,0.0,19,1,6,41.7881238544,-87.6159638615,POINT (-87.615963861528 41.788123854382)
3bb7bf55b2f4f7e03e614e0a5772b05b4b676884ef97fce8fa5ccd2ae2343cc59d53f712006facf120b7a5e2f93a411f1eca8c290961d06aabcedfd59fb0b807,JG207178,,04/01/2023 01:00:00 PM,30,NO CONTROLS,NO CONTROLS,CLEAR,DAYLIGHT,ANGLE,DIVIDED - W/MEDIAN (NOT RAISED),,STRAIGHT AND LEVEL,DRY,NO DEFECTS,NOT ON SCENE (DESK REPORT),NO INJURY / DRIVE AWAY,,,,"OVER $1,500",04/01/2023 01:10:00 PM,UNABLE TO DETERMINE,UNABLE TO DETERMINE,332,S,LARAMIE AVE,1522.0,,,,,,,2,NO INDICATION OF INJURY,0.0,0.0,0.0,0.0,0.0,2.0,0.0,13,7,4,41.8757957178,-87.7550425496,POINT (-87.755042549612 41.875795717752)
b79a682f35aa85e9fed24023171571b690bd908e795afa1a0e3fc91faf8fb1d566a06defa3a9bbdf7a9048770d4469db85144ad18e2bff186df56bbf8ac50bf3,JC516913,Y,11/19/2019 10:00:00 AM,30,NO CONTROLS,NO CONTROLS,UNKNOWN,UNKNOWN,PARKED MOTOR VEHICLE,NOT DIVIDED,,STRAIGHT AND LEVEL,UNKNOWN,UNKNOWN,NOT ON SCENE (DESK REPORT),INJURY AND / OR TOW DUE TO CRASH,,,Y,"OVER $1,500",11/19/2019 07:59:00 PM,UNABLE TO DETERMINE,UNABLE TO DETERMINE,5110,S,HYDE PARK BLVD,234.0,,,,,,,2,NO INDICATION OF INJURY,0.0,0.0,0.0,0.0,0.0,1.0,0.0,10,3,11,41.8021451137,-87.585189674,POINT (-87.585189673999 41.802145113668)
089aff06cf21c4011ea55da76731040c4a0d7084132e164a3a507dbccb7acdcaf3daddcd12f8b149407f4fded334606ec81ac5c6389c581ac6c0907574ca5f49,JG260381,,05/11/2023 02:40:00 PM,30,UNKNOWN,UNKNOWN,UNKNOWN,UNKNOWN,REAR END,NOT DIVIDED,,STRAIGHT AND LEVEL,UNKNOWN,UNKNOWN,NOT ON SCENE (DESK REPORT),NO INJURY / DRIVE AWAY,,,Y,"OVER $1,500",05/14/2023 03:00:00 PM,FOLLOWING TOO CLOSELY,UNABLE TO DETERMINE,2507,W,ARMITAGE AVE,1434.0,,,,,,,2,NO INDICATION OF INJURY,0.0,0.0,0.0,0.0,0.0,2.0,0.0,14,5,5,41.9174417152,-87.6901954953,POINT (-87.69019549535 41.917441715239)
cda8b7301cd97fb5e45403875eb2fbb789af63fe0591cabc96429bede828a6455c7d32bdc4d57ca7f8994a1e80e6c8e929a42ca89ee5743f75c8e4c29e68665b,JF190597,,03/29/2022 04:39:00 PM,30,TRAFFIC SIGNAL,FUNCTIONING PROPERLY,CLEAR,DAYLIGHT,REAR END,NOT DIVIDED,,STRAIGHT AND LEVEL,DRY,NO DEFECTS,ON SCENE,NO INJURY / DRIVE AWAY,N,,,"OVER $1,500",03/29/2022 04:39:00 PM,FOLLOWING TOO CLOSELY,UNABLE TO DETERMINE,2759,W,35TH ST,911.0,,,,,,,2,NO INDICATION OF INJURY,0.0,0.0,0.0,0.0,0.0,3.0,0.0,16,3,3,41.8299732194,-87.6946602341,POINT (-87.694660234096 41.829973219385)
7869a262cb932956f0814d75cf1b055a7af580349fdaf1ee1f8dac1523519eefc83184dae4529d9b62b4712f88fd8605a9c520da9a2372e3a081fad38b023864,JD244361,,05/27/2020 12:08:00 PM,30,NO CONTROLS,NO CONTROLS,CLEAR,DAYLIGHT,REAR END,ONE-WAY,,STRAIGHT AND LEVEL,DRY,NO DEFECTS,ON SCENE,NO INJURY / DRIVE AWAY,,,Y,"OVER $1,500",05/27/2020 12:20:00 PM,FOLLOWING TOO CLOSELY,UNABLE TO DETERMINE,532,W,98TH PL,2223.0,,,,,,,2,NO INDICATION OF INJURY,0.0,0.0,0.0,0.0,0.0,2.0,0.0,12,4,5,41.7152935809,-87.6370492698,POINT (-87.637049269812 41.715293580904)
14f4f4239f481ab89f02515480abfba9b97ee871b8e70a4c38e775744c23599f19c1e8625f41b0c6a0b82c8de60e16306fc4ba86fbe6bd929be5ee3717214bd5,JC521180,,11/23/2019 03:24:00 AM,30,NO CONTROLS,NO CONTROLS,CLEAR,"DARKNESS, LIGHTED ROAD",PARKED MOTOR VEHICLE,DIVIDED - W/MEDIAN (NOT RAISED),,STRAIGHT AND LEVEL,DRY,NO DEFECTS,ON SCENE,INJURY AND / OR TOW DUE TO CRASH,,,,"OVER $1,500",11/23/2019 03:24:00 AM,CELL PHONE USE OTHER THAN TEXTING,DISTRACTION - FROM INSIDE VEHICLE,3306,N,AUSTIN AVE,1633.0,,,,,,,2,NO INDICATION OF INJURY,0.0,0.0,0.0,0.0,0.0,1.0,0.0,3,7,11,41.9404965649,-87.7764414157,POINT (-87.776441415681 41.940496564857)
09fd390e0cafeb5964f45d09753936ca5446eab0767e9f2a28a366bb8429228f0d8dc7bdaadc70350b8c4038613ab2248922a897b52c494f173fa6e1af4925e1,JA456461,,10/03/2017 11:15:00 AM,30,NO CONTROLS,NO CONTROLS,CLEAR,DAYLIGHT,ANGLE,NOT DIVIDED,,STRAIGHT AND LEVEL,DRY,NO DEFECTS,ON SCENE,NO INJURY / DRIVE AWAY,Y,,,"$501 - $1,500",10/03/2017 11:15:00 AM,FAILING TO YIELD RIGHT-OF-WAY,UNABLE TO DETERMINE,1050,W,BRYN MAWR AVE,2022.0,,Y,,,,,2,NO INDICATION OF INJURY,0.0,0.0,0.0,0.0,0.0,2.0,0.0,11,3,10,41.983781876,-87.6572323762,POINT (-87.657232376165 41.983781875954)
a1b34a74a322320fb512032d0573a125515d058621331c7e1316ff96660f2c7c9c50060f4de5f4cfc9502af7f9e543c13ba40573db93146f937c9c35e66f3005,JF384049,,08/30/2022 02:40:00 PM,30,NO CONTROLS,NO CONTROLS,CLEAR,DAYLIGHT,REAR TO FRONT,NOT DIVIDED,,STRAIGHT AND LEVEL,DRY,NO DEFECTS,NOT ON SCENE (DESK REPORT),NO INJURY / DRIVE AWAY,,,,"OVER $1,500",09/05/2022 02:30:00 PM,IMPROPER BACKING,NOT APPLICABLE,550,E,60TH ST,233.0,,,,,,,2,NO INDICATION OF INJURY,0.0,0.0,0.0,0.0,0.0,2.0,0.0,14,3,8,41.7858907365,-87.6113036202,POINT (-87.611303620175 41.785890736528)
dad47a3111f5b7509e2f94f14376daccf14ab3a4b350dd04afe0fb47c530de2e3f58bb1f01726c9d6082260d312f858d6c6bf8086ff6353bc4d7da5f7afd9e40,JD340522,,08/21/2020 05:10:00 PM,30,NO CONTROLS,NO CONTROLS,CLEAR,DAYLIGHT,PARKED MOTOR VEHICLE,NOT DIVIDED,,STRAIGHT AND LEVEL,DRY,NO DEFECTS,NOT ON SCENE (DESK REPORT),NO INJURY / DRIVE AWAY,,,Y,"OVER $1,500",08/21/2020 06:32:00 PM,IMPROPER OVERTAKING/PASSING,IMPROPER TURNING/NO SIGNAL,128,E,114TH PL,531.0,,,,,,,2,NO INDICATION OF INJURY,0.0,0.0,0.0,0.0,0.0,1.0,0.0,17,6,8,41.6863786801,-87.6195956364,POINT (-87.619595636374 41.68637868015)
c52842ca68e3a5241a3cefcd80b6cf14707bad5285fc4fa49d335929f88ab40750d42396b3e3e02c98e21cf71e73bd6c82a753e6ebed62a0646866d2ff43ad99,JC253233,,05/07/2019 10:53:00 AM,25,TRAFFIC SIGNAL,FUNCTIONING PROPERLY,RAIN,DAYLIGHT,SIDESWIPE OPPOSITE DIRECTION,NOT DIVIDED,,STRAIGHT AND LEVEL,WET,NO DEFECTS,ON SCENE,INJURY AND / OR TOW DUE TO CRASH,,,,"OVER $1,500",05/07/2019 11:01:00 AM,UNABLE TO DETERMINE,UNABLE TO DETERMINE,7900,S,HALSTED ST,621.0,,,,,,,2,NO INDICATION OF INJURY,0.0,0.0,0.0,0.0,0.0,3.0,0.0,10,3,5,41.7505495594,-87.6441883678,POINT (-87.644188367841 41.750549559439)
25ef4df94a9a75c575ae167630163600e849ab2576284c9861b2d6acc2b8f02a669601ea07291863a332178162358f800d358a79449ff228c32fc1470b89ff38,JG342050,,07/15/2023 04:15:00 AM,30,TRAFFIC SIGNAL,FUNCTIONING PROPERLY,CLEAR,"DARKNESS, LIGHTED ROAD",REAR END,NOT DIVIDED,,STRAIGHT AND LEVEL,WET,NO DEFECTS,NOT ON SCENE (DESK REPORT),NO INJURY / DRIVE AWAY,,,Y,"$501 - $1,500",07/15/2023 12:52:00 PM,FOLLOWING TOO CLOSELY,FOLLOWING TOO CLOSELY,1468,W,111TH ST,2234.0,,,,,,,2,NO INDICATION OF INJURY,0.0,0.0,0.0,0.0,0.0,2.0,0.0,4,7,7,41.6922587501,-87.6596800566,POINT (-87.659680056595 41.69225875013)
7a9f458f4a1e9ed67dae2cda675d589741d57593f8632a2c91920fc3acc2abeba6ec7096f8fd9b981a23d44112ab6f0b4d95c6996a6ef25e6bcc1e9df3e96de7,JA474569,,10/17/2017 01:10:00 PM,0,TRAFFIC SIGNAL,FUNCTIONING PROPERLY,CLEAR,DAYLIGHT,OTHER OBJECT,DIVIDED - W/MEDIAN (NOT RAISED),6.0,STRAIGHT AND LEVEL,DRY,NO DEFECTS,ON SCENE,NO INJURY / DRIVE AWAY,,Y,,"OVER $1,500",10/17/2017 01:15:00 PM,PHYSICAL CONDITION OF DRIVER,NOT APPLICABLE,200,S,MICHIGAN AVE,113.0,,,,,,,1,NO INDICATION OF INJURY,0.0,0.0,0.0,0.0,0.0,1.0,0.0,13,3,10,41.8794893287,-87.6244981249,POINT (-87.624498124934 41.879489328698)
64e961e558f900167fd58d4c9f2ffa275feba8961ddd802185833d93503b2b0e5a4d9372fff75cedce78b27abe4c0d7bcf0533e87d3f361409ca8d9151cffede,JC380605,,08/06/2019 06:45:00 AM,30,STOP SIGN/FLASHER,FUNCTIONING PROPERLY,CLEAR,DAYLIGHT,TURNING,T-INTERSECTION,,STRAIGHT AND LEVEL,DRY,NO DEFECTS,ON SCENE,NO INJURY / DRIVE AWAY,Y,,,"$501 - $1,500",08/06/2019 07:07:00 AM,FAILING TO YIELD RIGHT-OF-WAY,FAILING TO YIELD RIGHT-OF-WAY,2731,N,CICERO AVE,2521.0,,,,,,,2,NO INDICATION OF INJURY,0.0,0.0,0.0,0.0,0.0,2.0,0.0,6,3,8,41.930579008,-87.7464079457,POINT (-87.746407945749 41.930579007951)
79a113b187372d4343268473b4932074486d4d852dac271d0d22f93486bbe6b1aa69f60e68bbcc1de75b469725da7d5bb649a9bb95f19e0b89ce3c5cde0e9898,JF342819,,08/03/2022 12:12:00 PM,30,STOP SIGN/FLASHER,UNKNOWN,CLEAR,DAYLIGHT,ANGLE,FOUR WAY,,STRAIGHT AND LEVEL,DRY,UNKNOWN,,NO INJURY / DRIVE AWAY,,,,"$501 - $1,500",08/03/2022 02:10:00 PM,UNABLE TO DETERMINE,UNABLE TO DETERMINE,7600,S,KINGSTON AVE,421.0,,,,,,,2,NO INDICATION OF INJURY,0.0,0.0,0.0,0.0,0.0,2.0,0.0,12,4,8,41.7571263683,-87.5628449231,POINT (-87.562844923082 41.757126368344)
6baec89d67026877ec95c96a6f55fe75dd4bb83b59bb9b3dd766151088c82e6ef6e964b6fe1605f5f51bcb92fa0e7d913a9c9cf2513dc903e6c8b12f8963258c,JD132723,,01/29/2020 08:00:00 AM,35,NO CONTROLS,NO CONTROLS,CLEAR,DAYLIGHT,SIDESWIPE SAME DIRECTION,NOT DIVIDED,,STRAIGHT AND LEVEL,DRY,NO DEFECTS,NOT ON SCENE (DESK REPORT),NO INJURY / DRIVE AWAY,Y,,,"$501 - $1,500",01/29/2020 01:33:00 PM,IMPROPER LANE USAGE,IMPROPER LANE USAGE,7131,S,STONY ISLAND AVE,324.0,,,,,,,2,NO INDICATION OF INJURY,0.0,0.0,0.0,0.0,0.0,2.0,0.0,8,4,1,41.7651032302,-87.5857486797,POINT (-87.585748679706 41.765103230214)
ae60e0c4e1f0e454f6194b00a2d7dbbb5d4cdfaa7191bee430988fb3d0776b47d97a921a55adee03e69989c176cfcaf3e2156b25e17b412ae09449816b87cc7f,JG173910,,03/04/2023 03:10:00 PM,30,STOP SIGN/FLASHER,FUNCTIONING PROPERLY,CLEAR,DAYLIGHT,ANGLE,OTHER,,STRAIGHT AND LEVEL,DRY,NO DEFECTS,ON SCENE,INJURY AND / OR TOW DUE TO CRASH,Y,,Y,"OVER $1,500",03/04/2023 03:11:00 PM,UNABLE TO DETERMINE,UNABLE TO DETERMINE,3430,W,AUGUSTA BLVD,1121.0,,,,,,,2,NONINCAPACITATING INJURY,1.0,0.0,0.0,1.0,0.0,1.0,0.0,15,7,3,41.8992497442,-87.7127150325,POINT (-87.712715032494 41.899249744228)
b522db4687f5db69e68eb2ad9d5c4263c8e737e90ea26932dca5dda6741d6f59588b66c496a1693696a0c6928ac2aefc88325f063c8befa8376ea8971d3945be,JG222174,,04/13/2023 05:35:00 PM,30,NO CONTROLS,NO CONTROLS,CLEAR,DAYLIGHT,ANGLE,NOT DIVIDED,,STRAIGHT AND LEVEL,DRY,NO DEFECTS,ON SCENE,INJURY AND / OR TOW DUE TO CRASH,,,,"$501 - $1,500",04/13/2023 05:41:00 PM,IMPROPER TURNING/NO SIGNAL,NOT APPLICABLE,2749,N,CLYBOURN AVE,1931.0,,N,,,,,2,NO INDICATION OF INJURY,0.0,0.0,0.0,0.0,0.0,2.0,0.0,17,5,4,41.9312055785,-87.6766888308,POINT (-87.676688830769 41.931205578489)
3f37fdcb6bb229e0d8ef4a26284fd7dc2b11f539ee68fbc74c81fb99944f865d390df1b64728ec5c7fd11c54d78519663b877b7e4e82d31798bb3c9871efcdcb,JD277542,,06/26/2020 10:54:00 PM,30,NO CONTROLS,NO CONTROLS,CLEAR,"DARKNESS, LIGHTED ROAD",ANGLE,UNKNOWN INTERSECTION TYPE,,STRAIGHT AND LEVEL,WET,NO DEFECTS,ON SCENE,INJURY AND / OR TOW DUE TO CRASH,Y,,Y,"OVER $1,500",06/26/2020 11:12:00 PM,UNABLE TO DETERMINE,NOT APPLICABLE,7100,S,PAXTON AVE,333.0,,,,,,,2,NO INDICATION OF INJURY,0.0,0.0,0.0,0.0,0.0,5.0,0.0,22,6,6,41.7660355727,-87.5715156531,POINT (-87.571515653135 41.766035572702)
f2e2f43aed0b312657e7d4b09989b1cd83a24ceea0999e48123e2a9446bcf77db5ec657533833f27842dd5b1be42c5c1d1b51e2c1e9b79206299e98e4964bad7,JG390548,,08/20/2023 04:00:00 PM,15,OTHER,OTHER,CLEAR,DAYLIGHT,REAR END,DIVIDED - W/MEDIAN BARRIER,,STRAIGHT AND LEVEL,DRY,NO DEFECTS,ON SCENE,NO INJURY / DRIVE AWAY,,,,$500 OR LESS,08/20/2023 04:00:00 PM,FOLLOWING TOO CLOSELY,FAILING TO REDUCE SPEED TO AVOID CRASH,75,W,ELM ST,1824.0,,,,,,,2,NO INDICATION OF INJURY,0.0,0.0,0.0,0.0,0.0,5.0,0.0,16,1,8,41.9030261368,-87.6313487722,POINT (-87.631348772198 41.903026136784)
f1539641eea12b23e4bc62b3812c6d5917726826fc2a33a8e683dd5409bcc8d8287d3f97630965e74a831757341d0dd0d508a712e8dce22175bc0b385901dce7,JA563354,,12/26/2017 01:00:00 PM,35,NO CONTROLS,NO CONTROLS,CLEAR,DAYLIGHT,SIDESWIPE SAME DIRECTION,NOT DIVIDED,,STRAIGHT AND LEVEL,DRY,NO DEFECTS,ON SCENE,NO INJURY / DRIVE AWAY,,,,"$501 - $1,500",12/26/2017 01:02:00 PM,FAILING TO YIELD RIGHT-OF-WAY,"OPERATING VEHICLE IN ERRATIC, RECKLESS, CARELESS, NEGLIGENT OR AGGRESSIVE MANNER",4534,W,BELMONT AVE,1731.0,,,,,,,2,NO INDICATION OF INJURY,0.0,0.0,0.0,0.0,0.0,2.0,0.0,13,3,12,41.9390187674,-87.7409251641,POINT (-87.740925164097 41.939018767405)
202493a35ab76e9ef5ddc4d6e12b79d72680b7edb2f7f0e07b8ef40606599def453b96b49330d12858016fdd496f521aa020e7fcfdb63715a772bbd3728b7951,JF311684,,07/09/2022 01:30:00 PM,35,UNKNOWN,FUNCTIONING PROPERLY,CLEAR,DARKNESS,TURNING,NOT DIVIDED,,STRAIGHT AND LEVEL,DRY,NO DEFECTS,NOT ON SCENE (DESK REPORT),NO INJURY / DRIVE AWAY,Y,,,"OVER $1,500",07/10/2022 12:20:00 AM,FOLLOWING TOO CLOSELY,UNABLE TO DETERMINE,7500,S,YATES BLVD,414.0,,,,,,,2,NO INDICATION OF INJURY,0.0,0.0,0.0,0.0,0.0,2.0,0.0,13,7,7,41.7588946702,-87.5665178399,POINT (-87.566517839923 41.758894670165)
107cf8795d9752c7cdfbdb133e25dc14df6a28114d70543ebacf1297f2bd42e4794cbed3942da561cbb1ab84effbeeef79e1f93450d2729289a754d2098000be,JD143810,,02/07/2020 05:15:00 PM,15,NO CONTROLS,NO CONTROLS,CLEAR,"DARKNESS, LIGHTED ROAD",PARKED MOTOR VEHICLE,NOT DIVIDED,,STRAIGHT AND LEVEL,WET,OTHER,ON SCENE,NO INJURY / DRIVE AWAY,,,,$500 OR LESS,02/07/2020 05:23:00 PM,DRIVING SKILLS/KNOWLEDGE/EXPERIENCE,NOT APPLICABLE,2350,W,28TH ST,1034.0,,,,,,,2,NO INDICATION OF INJURY,0.0,0.0,0.0,0.0,0.0,1.0,0.0,17,6,2,41.8413205487,-87.6848799073,POINT (-87.684879907341 41.84132054868)
74386ed5200507ac2e471b30e3154d19068713b5c7bcae04645564c4c6cd5c2b73261547d717a3da1a0c3764a50c3bdaa3e235e3b5afd3005bf67be798dc68db,JG204597,,03/30/2023 11:07:00 AM,25,NO CONTROLS,NO CONTROLS,CLEAR,DAYLIGHT,REAR END,NOT DIVIDED,,STRAIGHT AND LEVEL,DRY,NO DEFECTS,NOT ON SCENE (DESK REPORT),NO INJURY / DRIVE AWAY,,,,"OVER $1,500",03/30/2023 12:00:00 PM,FOLLOWING TOO CLOSELY,NOT APPLICABLE,9144,S,COTTAGE GROVE AVE,633.0,,,,,,,2,NO INDICATION OF INJURY,0.0,0.0,0.0,0.0,0.0,2.0,0.0,11,5,3,41.728046094,-87.60476212,POINT (-87.60476211996 41.72804609396)
fe79058e59f84da10c2dafaa81f4fdbdfea09c64a20939e55bf60194d19a4115f20ce2b674e8b3f8c7bc2a3cc9b8dae9e3493a82d8bd295e0f39111b408edb8c,JF285872,,06/18/2022 11:59:00 PM,25,NO CONTROLS,NO CONTROLS,UNKNOWN,UNKNOWN,PARKED MOTOR VEHICLE,NOT DIVIDED,,STRAIGHT AND LEVEL,UNKNOWN,UNKNOWN,NOT ON SCENE (DESK REPORT),NO INJURY / DRIVE AWAY,,,Y,"$501 - $1,500",06/19/2022 01:35:00 PM,UNABLE TO DETERMINE,NOT APPLICABLE,2218,N,LARAMIE AVE,2515.0,,,,,,,2,NO INDICATION OF INJURY,0.0,0.0,0.0,0.0,0.0,1.0,0.0,23,7,6,41.9210554286,-87.756205803,POINT (-87.756205803025 41.921055428622)