CRASH_RECORD_ID,RD_NO,CRASH_DATE_EST_I,CRASH_DATE,POSTED_SPEED_LIMIT,TRAFFIC_CONTROL_DEVICE,DEVICE_CONDITION,WEATHER_CONDITION,LIGHTING_CONDITION,FIRST_CRASH_TYPE,TRAFFICWAY_TYPE,LANE_CNT,ALIGNMENT,ROADWAY_SURFACE_COND,ROAD_DEFECT,REPORT_TYPE,CRASH_TYPE,INTERSECTION_RELATED_I,NOT_RIGHT_OF_WAY_I,HIT_AND_RUN_I,DAMAGE,DATE_POLICE_NOTIFIED,PRIM_CONTRIBUTORY_CAUSE,SEC_CONTRIBUTORY_CAUSE,STREET_NO,STREET_DIRECTION,STREET_NAME,BEAT_OF_OCCURRENCE,PHOTOS_TAKEN_I,STATEMENTS_TAKEN_I,DOORING_I,WORK_ZONE_I,WORK_ZONE_TYPE,WORKERS_PRESENT_I,NUM_UNITS,MOST_SEVERE_INJURY,INJURIES_TOTAL,INJURIES_FATAL,INJURIES_INCAPACITATING,INJURIES_NON_INCAPACITATING,INJURIES_REPORTED_NOT_EVIDENT,INJURIES_NO_INDICATION,INJURIES_UNKNOWN,CRASH_HOUR,CRASH_DAY_OF_WEEK,CRASH_MONTH,LATITUDE,LONGITUDE,LOCATION
31e37cbe8e878d6b118dc7219a86733f15202d99189ac58ee251f1a931a88263ae64ddd8cdd893a7e63989ebaa71b1e4ac169db25c05145c078c69a405e3b937,JA276100,N,05/23/2017 04:00:00 PM,30,TRAFFIC SIGNAL,NO CONTROLS,RAIN,DUSK,REAR END,DIVIDED - W/MEDIAN (NOT RAISED),4.0,STRAIGHT AND LEVEL,WET,NO DEFECTS,NOT ON SCENE (DESK REPORT),NO INJURY / DRIVE AWAY,Y,,,"OVER $1,500",05/23/2017 04:23:00 PM,FOLLOWING TOO CLOSELY,WEATHER,1299,N,HALSTED ST,1822.0,,,,,,,2,NO INDICATION OF INJURY,0.0,0.0,0.0,0.0,0.0,2.0,0.0,16,3,5,41.9050932197,-87.6479741073,POINT (-87.647974107303 41.905093219663)
01523324b4e0c5c0e8cbd7dddd82f0f972ef708dc46ddf88d9034699fa2df8c2ba2ebf64106ed0df5280250448b9cf1e2fcf2b89f2127c51c3609ed2b8aa62f9,JC241556,Y,04/28/2019 11:55:00 AM,30,NO CONTROLS,NO CONTROLS,UNKNOWN,UNKNOWN,PARKED MOTOR VEHICLE,NOT DIVIDED,,STRAIGHT AND LEVEL,UNKNOWN,NO DEFECTS,ON SCENE,INJURY AND / OR TOW DUE TO CRASH,,,Y,"OVER $1,500",04/28/2019 12:00:00 PM,UNABLE TO DETERMINE,UNABLE TO DETERMINE,4938,S,CHAMPLAIN AVE,223.0,,,,,,,2,NO INDICATION OF INJURY,0.0,0.0,0.0,0.0,0.0,1.0,0.0,11,1,4,41.8046751277,-87.6102418238,POINT (-87.610241823773 41.804675127698)
dcff967d0a9a0f09e6f05a8923151dff38cb19f61331bcecae5a152df69c2e9471942fb3797ba55949530926fd834446f420d961e5a5f03485b8e23be04398a6,JD120299,,01/18/2020 01:25:00 PM,30,NO CONTROLS,NO CONTROLS,CLEAR,DAYLIGHT,SIDESWIPE SAME DIRECTION,DIVIDED - W/MEDIAN (NOT RAISED),,STRAIGHT AND LEVEL,SNOW OR SLUSH,NO DEFECTS,,INJURY AND / OR TOW DUE TO CRASH,,,,$500 OR LESS,01/18/2020 01:45:00 PM,UNABLE TO DETERMINE,NOT APPLICABLE,5011,W,MADISON ST,1533.0,,,,,,,2,"REPORTED, NOT EVIDENT",1.0,0.0,0.0,0.0,1.0,2.0,0.0,13,7,1,41.8803192233,-87.75061688,POINT (-87.750616879981 41.880319223267)
65ea802ca5c601579bef691200eeaf4c40ce42c12fbbf5766ef60e37b2452b5eea2d18b969e154652326dca1862f06c0e127c70253c5cb1736296b4812d7efcb,JF363994,Y,08/20/2022 12:00:00 AM,30,NO CONTROLS,NO CONTROLS,UNKNOWN,UNKNOWN,PARKED MOTOR VEHICLE,ONE-WAY,,STRAIGHT AND LEVEL,UNKNOWN,NO DEFECTS,ON SCENE,NO INJURY / DRIVE AWAY,,,Y,"OVER $1,500",08/20/2022 03:48:00 PM,UNABLE TO DETERMINE,UNABLE TO DETERMINE,4859,S,SEELEY AVE,931.0,,,,,,,2,NO INDICATION OF INJURY,0.0,0.0,0.0,0.0,0.0,1.0,0.0,0,7,8,41.8049511213,-87.6756654134,POINT (-87.675665413383 41.804951121322)
921109eb251bb2a693b7eb0cf5b628667984b6f2ff4460eb04d84baad6447d427b99b544af167f26a0c8641fd71b3787b83dadd875afeb99770c9fa65a5fe2ff,JE231006,,05/14/2021 04:30:00 PM,30,TRAFFIC SIGNAL,FUNCTIONING PROPERLY,CLEAR,DAYLIGHT,REAR END,NOT DIVIDED,,STRAIGHT AND LEVEL,DRY,NO DEFECTS,NOT ON SCENE (DESK REPORT),NO INJURY / DRIVE AWAY,Y,,Y,"OVER $1,500",05/15/2021 01:25:00 PM,UNABLE TO DETERMINE,UNABLE TO DETERMINE,10300,S,PEORIA ST,2232.0,,,,,,,2,NO INDICATION OF INJURY,0.0,0.0,0.0,0.0,0.0,2.0,0.0,16,6,5,41.7068007642,-87.6454080746,POINT (-87.645408074588 41.706800764188)
97642a6430f0bc1900caa06274dd64ec0004533db48da4c080b34108c4a00281203c1f7a4888ada501dd58bfbbc190fa44f6d63f193d979fc1246e86c698de98,HY538165,,12/11/2015 05:00:00 PM,30,NO CONTROLS,UNKNOWN,UNKNOWN,DAWN,SIDESWIPE SAME DIRECTION,DIVIDED - W/MEDIAN (NOT RAISED),5.0,STRAIGHT AND LEVEL,UNKNOWN,UNKNOWN,ON SCENE,NO INJURY / DRIVE AWAY,,,,$500 OR LESS,12/15/2015 03:00:00 PM,IMPROPER OVERTAKING/PASSING,NOT APPLICABLE,29,W,CHICAGO AVE,1832.0,,,,,,,2,NO INDICATION OF INJURY,0.0,0.0,0.0,0.0,0.0,2.0,0.0,17,6,12,41.8965502391,-87.6294430213,POINT (-87.629443021267 41.896550239145)
416428567783238e5b7d9053dfedc34f351e36519e6c2431d56611d76dfccda7ba3018a5dd9aa63e8fd81390276863785a4c4c372afe4fe86e0bd747e0e43b58,JG136882,,01/30/2023 07:00:00 AM,30,NO CONTROLS,UNKNOWN,CLEAR,DAWN,PARKED MOTOR VEHICLE,ONE-WAY,,STRAIGHT AND LEVEL,DRY,UNKNOWN,NOT ON SCENE (DESK REPORT),NO INJURY / DRIVE AWAY,,,Y,"$501 - $1,500",02/01/2023 10:55:00 AM,UNABLE TO DETERMINE,UNABLE TO DETERMINE,7031,S,CLYDE AVE,331.0,,,,,,,2,NO INDICATION OF INJURY,0.0,0.0,0.0,0.0,0.0,1.0,0.0,7,2,1,41.7671096306,-87.573733749,POINT (-87.573733749046 41.767109630647)
d30947c20d895069cef756dec6d74a41f873b3628777c4b3fcd2292951f6bdecb6ae1145ad5dd44b2fc56cf8434df34cfd6f8c7d49bc16d656c86b9253cde1e3,JD356549,,09/03/2020 07:50:00 PM,30,NO CONTROLS,NO CONTROLS,CLEAR,DUSK,REAR END,NOT DIVIDED,,STRAIGHT AND LEVEL,DRY,NO DEFECTS,NOT ON SCENE (DESK REPORT),NO INJURY / DRIVE AWAY,,,,"OVER $1,500",09/04/2020 07:00:00 PM,FAILING TO REDUCE SPEED TO AVOID CRASH,UNABLE TO DETERMINE,2545,N,CENTRAL AVE,2515.0,,,,,,,2,NO INDICATION OF INJURY,0.0,0.0,0.0,0.0,0.0,2.0,0.0,19,5,9,41.9271434367,-87.7659545618,POINT (-87.765954561805 41.927143436656)
277c5b54b0d83bb5536df1f77a5e5f732108a59cddded1bd6b35229e7bfab38df143ae71ec5b473e0785c3ede0f9b5747199bcb0a03ff124af88cf01faed599d,JA166196,,02/24/2017 07:00:00 PM,30,TRAFFIC SIGNAL,FUNCTIONING PROPERLY,RAIN,"DARKNESS, LIGHTED ROAD",SIDESWIPE SAME DIRECTION,ONE-WAY,3.0,STRAIGHT AND LEVEL,WET,NO DEFECTS,NOT ON SCENE (DESK REPORT),NO INJURY / DRIVE AWAY,Y,,,$500 OR LESS,02/24/2017 07:40:00 PM,IMPROPER LANE USAGE,NOT APPLICABLE,514,W,MADISON ST,121.0,,,,,,,2,NO INDICATION OF INJURY,0.0,0.0,0.0,0.0,0.0,2.0,0.0,19,6,2,41.8819890916,-87.64039652,POINT (-87.640396519992 41.881989091558)
f2c466648fe5648a459f8475720c590495518fb6eb3e45dd4ad8f52ae20be5066aa5afa920c49f865197f89f91e2414b5a5bd3197b7cfa2547c4b9f0d5de7fe8,JF340188,,07/27/2022 01:40:00 PM,30,NO CONTROLS,NO CONTROLS,CLEAR,DAYLIGHT,REAR END,NOT DIVIDED,,STRAIGHT AND LEVEL,DRY,NO DEFECTS,NOT ON SCENE (DESK REPORT),NO INJURY / DRIVE AWAY,,,,"OVER $1,500",08/01/2022 03:10:00 PM,FOLLOWING TOO CLOSELY,FOLLOWING TOO CLOSELY,4500,S,WESTERN BLVD,922.0,,,,,,,2,NO INDICATION OF INJURY,0.0,0.0,0.0,0.0,0.0,2.0,0.0,13,4,7,41.8120385982,-87.684109505,POINT (-87.684109504952 41.812038598238)
3525aee6b6f7eac3e7f8e2011fdfd70fbbdb468fbab10ac1b054f3047b88042240e1279684a9bbca751292c1af9285319991da69212db156f73e62a103b43bd9,JG174251,,03/04/2023 09:48:00 PM,30,TRAFFIC SIGNAL,FUNCTIONING PROPERLY,CLEAR,"DARKNESS, LIGHTED ROAD",SIDESWIPE OPPOSITE DIRECTION,FOUR WAY,,STRAIGHT AND LEVEL,WET,NO DEFECTS,NOT ON SCENE (DESK REPORT),NO INJURY / DRIVE AWAY,Y,,Y,"$501 - $1,500",03/04/2023 10:05:00 PM,"OPERATING VEHICLE IN ERRATIC, RECKLESS, CARELESS, NEGLIGENT OR AGGRESSIVE MANNER",UNABLE TO DETERMINE,5600,W,GRAND AVE,2515.0,,,,,,,2,NO INDICATION OF INJURY,0.0,0.0,0.0,0.0,0.0,3.0,0.0,21,7,3,41.9188702777,-87.765775158,POINT (-87.765775158003 41.918870277663)
86dff06214a028e748e07175a9619e4c08431b75169ca2a739de296724feb6ccd1ab65bdaa51aaa819a3762e9e876a24449b9c7e05a40cf0e6429ca262321457,JD386534,,09/28/2020 02:00:00 PM,30,TRAFFIC SIGNAL,FUNCTIONING PROPERLY,CLEAR,DAYLIGHT,TURNING,FOUR WAY,,STRAIGHT AND LEVEL,DRY,NO DEFECTS,NOT ON SCENE (DESK REPORT),NO INJURY / DRIVE AWAY,,,Y,"OVER $1,500",10/02/2020 05:00:00 PM,IMPROPER TURNING/NO SIGNAL,"OPERATING VEHICLE IN ERRATIC, RECKLESS, CARELESS, NEGLIGENT OR AGGRESSIVE MANNER",400,S,DESPLAINES ST,121.0,,,,,,,2,NO INDICATION OF INJURY,0.0,0.0,0.0,0.0,0.0,2.0,0.0,14,2,9,41.8766738786,-87.6441058015,POINT (-87.644105801452 41.876673878574)
ed135cda494b8a02912a932ac08191dae89d9b4ae082438d7e975e8ab0da336bfa0a789eae6277a31907a13f98b104efe39957d42008efef6cd4b4f158f25880,JA337211,,07/06/2017 05:00:00 PM,30,NO CONTROLS,NO CONTROLS,CLEAR,DAYLIGHT,REAR END,NOT DIVIDED,4.0,STRAIGHT AND LEVEL,DRY,NO DEFECTS,NOT ON SCENE (DESK REPORT),NO INJURY / DRIVE AWAY,,,,"OVER $1,500",07/06/2017 05:25:00 PM,FOLLOWING TOO CLOSELY,UNABLE TO DETERMINE,5138,N,PULASKI RD,1712.0,,,,,,,2,NO INDICATION OF INJURY,0.0,0.0,0.0,0.0,0.0,2.0,0.0,17,5,7,41.9747763374,-87.7283582658,POINT (-87.728358265753 41.974776337443)
bf0f1e7ead0f1d3a207e7a1caa4f94e4854bf80c28f11cb4bd0a46e1ef5ebd16cc66772c87dd1261b90cd17f9a2288b776869dc7d2eccf5913949f57a3b9f31c,JF444079,,10/22/2022 03:30:00 AM,30,TRAFFIC SIGNAL,FUNCTIONING PROPERLY,CLEAR,"DARKNESS, LIGHTED ROAD",FIXED OBJECT,FOUR WAY,,STRAIGHT AND LEVEL,DRY,NO DEFECTS,ON SCENE,INJURY AND / OR TOW DUE TO CRASH,N,,,"OVER $1,500",10/22/2022 03:40:00 AM,UNABLE TO DETERMINE,UNABLE TO DETERMINE,931,N,KEDZIE AVE,1211.0,,,,,,,1,INCAPACITATING INJURY,1.0,0.0,1.0,0.0,0.0,0.0,0.0,3,7,10,41.8982855522,-87.7064986747,POINT (-87.706498674705 41.898285552187)
ecefd77f4b77ea2b4f74ab0835fa93d99cfb1a44d89c5994f761630c278c34cd5cb6fec30a75667db81164af56795f34c7adc08ae3e403504dd106354a392cee,JB507356,,11/07/2018 03:00:00 PM,15,NO CONTROLS,NO CONTROLS,CLEAR,DAWN,PARKED MOTOR VEHICLE,PARKING LOT,,STRAIGHT AND LEVEL,DRY,NO DEFECTS,ON SCENE,NO INJURY / DRIVE AWAY,,,,$500 OR LESS,11/07/2018 03:10:00 PM,UNABLE TO DETERMINE,FOLLOWING TOO CLOSELY,8625,S,CICERO AVE,834.0,,,,,,,2,NO INDICATION OF INJURY,0.0,0.0,0.0,0.0,0.0,2.0,0.0,15,4,11,41.7356276621,-87.7408014271,POINT (-87.740801427058 41.73562766209)
73a218c5aba4c88f6157873f9c3d48b53068399ebb2e72af96c5f7fbe60719a283aca68f5dc2e1931fa10567b008240c0e09db7930a7e00dddcfe66f7db0c7a7,JE247359,,05/29/2021 11:00:00 PM,30,NO CONTROLS,NO CONTROLS,CLEAR,"DARKNESS, LIGHTED ROAD",PARKED MOTOR VEHICLE,ONE-WAY,,STRAIGHT AND LEVEL,DRY,NO DEFECTS,ON SCENE,INJURY AND / OR TOW DUE TO CRASH,,,Y,"OVER $1,500",05/29/2021 11:30:00 PM,UNABLE TO DETERMINE,NOT APPLICABLE,7945,S,LANGLEY AVE,624.0,,,,,,,3,NO INDICATION OF INJURY,0.0,0.0,0.0,0.0,0.0,2.0,0.0,23,7,5,41.7499069316,-87.6074785586,POINT (-87.60747855865 41.749906931553)
cba553621d57864dd7337c1fb290caa1402a5bd108eeba6d2c642c8b6c3f3abbb1e3717580dacaf781434fcd53b6f2039a311f402270c7bc6139d106955a2899,JC539601,,12/08/2019 04:16:00 PM,10,NO CONTROLS,NO CONTROLS,CLEAR,UNKNOWN,PARKED MOTOR VEHICLE,PARKING LOT,,STRAIGHT AND LEVEL,UNKNOWN,UNKNOWN,NOT ON SCENE (DESK REPORT),NO INJURY / DRIVE AWAY,,,,"OVER $1,500",12/08/2019 07:20:00 PM,UNABLE TO DETERMINE,UNABLE TO DETERMINE,610,S,KEDZIE AVE,1134.0,,,,,,,2,NO INDICATION OF INJURY,0.0,0.0,0.0,0.0,0.0,1.0,0.0,16,1,12,41.8732990341,-87.7060479803,POINT (-87.706047980261 41.873299034092)
dd4c47716460d130e68b67ae54b3a81a516012cde0a823c77a6af75d863d150bad893f9029feb95872b0fdaae0d1790a1e86b5476354bed60b622aebacc93529,JF131659,,02/02/2022 08:09:00 AM,30,NO CONTROLS,NO CONTROLS,SNOW,DAWN,TURNING,NOT DIVIDED,,STRAIGHT AND LEVEL,SNOW OR SLUSH,UNKNOWN,ON SCENE,NO INJURY / DRIVE AWAY,,,Y,"OVER $1,500",02/02/2022 08:43:00 AM,FAILING TO REDUCE SPEED TO AVOID CRASH,WEATHER,1604,N,CLARK ST,1814.0,,,,,,,2,NO INDICATION OF INJURY,0.0,0.0,0.0,0.0,0.0,3.0,0.0,8,4,2,41.9113500833,-87.6319049427,POINT (-87.63190494266 41.911350083281)
088d5c500fd31f0395ca4d5a31a63fb8ffed61fc95bd030895af205e66723ad4841ccaac0e582270bb3d836ffdb3115aa95b72f39639f7ecc060098d1ffe1f7c,JD345519,Y,08/26/2020 07:41:00 AM,30,NO CONTROLS,NO CONTROLS,CLEAR,DAYLIGHT,REAR END,DIVIDED - W/MEDIAN (NOT RAISED),,STRAIGHT AND LEVEL,DRY,NO DEFECTS,ON SCENE,INJURY AND / OR TOW DUE TO CRASH,,,,$500 OR LESS,08/26/2020 07:45:00 AM,FOLLOWING TOO CLOSELY,PHYSICAL CONDITION OF DRIVER,5819,W,BELMONT AVE,2514.0,,,,,,,2,NONINCAPACITATING INJURY,1.0,0.0,0.0,1.0,0.0,1.0,0.0,7,4,8,41.9383914104,-87.7721189453,POINT (-87.772118945331 41.93839141039)
962544855a01ffa7878d3b207c545a6928899c5bf7e0a1bf81f6c00783ea555bcb73cfd32c9a5bcc72298cc36792e1e642e787120b538667e96ad26eac43c76e,JB560187,,12/18/2018 09:00:00 AM,30,NO CONTROLS,NO CONTROLS,CLEAR,DAYLIGHT,REAR END,ONE-WAY,2.0,STRAIGHT AND LEVEL,DRY,NO DEFECTS,NOT ON SCENE (DESK REPORT),NO INJURY / DRIVE AWAY,,,Y,"OVER $1,500",12/19/2018 06:15:00 PM,UNABLE TO DETERMINE,UNABLE TO DETERMINE,7,W,MADISON ST,112.0,,,,,,,2,NO INDICATION OF INJURY,0.0,0.0,0.0,0.0,0.0,3.0,0.0,9,3,12,41.8819063122,-87.6280966752,POINT (-87.628096675208 41.881906312234)
3747b3f76779bfbce3cc315bfe244369c70b424cc0ade9700156ef3fbbfc1660f7e574dadba7b1c21003954a9fef4d6c5051b45fb83dd3b75e527634cbafd3b4,JA323178,,06/26/2017 08:30:00 AM,35,STOP SIGN/FLASHER,FUNCTIONING PROPERLY,CLEAR,DAYLIGHT,REAR END,DIVIDED - W/MEDIAN (NOT RAISED),2.0,STRAIGHT AND LEVEL,DRY,NO DEFECTS,NOT ON SCENE (DESK REPORT),NO INJURY / DRIVE AWAY,,,,"$501 - $1,500",06/26/2017 12:40:00 PM,FAILING TO REDUCE SPEED TO AVOID CRASH,FOLLOWING TOO CLOSELY,3247,N,WESTERN AVE,1921.0,,,,,,,2,NO INDICATION OF INJURY,0.0,0.0,0.0,0.0,0.0,2.0,0.0,8,2,6,41.9408545863,-87.687807557,POINT (-87.687807556981 41.940854586295)
3557cbcf9244c0dee7e271f07a1def86c143abc85c9e7594ec906c96453df3392713322f6dba7b7a9d3ccd670d66c85810d69ecbb778300794317f272c56bbb1,JC347761,,07/13/2019 10:50:00 PM,30,TRAFFIC SIGNAL,FUNCTIONING PROPERLY,CLEAR,"DARKNESS, LIGHTED ROAD",TURNING,NOT DIVIDED,,STRAIGHT AND LEVEL,DRY,NO DEFECTS,ON SCENE,NO INJURY / DRIVE AWAY,,,,$500 OR LESS,07/13/2019 10:53:00 PM,FAILING TO YIELD RIGHT-OF-WAY,UNABLE TO DETERMINE,4400,W,49TH ST,815.0,,,,,,,2,NO INDICATION OF INJURY,0.0,0.0,0.0,0.0,0.0,4.0,0.0,22,7,7,41.8042033838,-87.7333037627,POINT (-87.733303762704 41.804203383838)
8227eb0e20ed3a99a088ac25bec9cd6349a2a137412dcf4dfbfd64d4332b2125e52533d0cc98754b42d615612846d4b26050376b39453f44340755343bf58a40,JE163403,,03/08/2021 05:45:00 PM,15,NO CONTROLS,NO CONTROLS,CLEAR,"DARKNESS, LIGHTED ROAD",PARKED MOTOR VEHICLE,PARKING LOT,,STRAIGHT AND LEVEL,DRY,NO DEFECTS,NOT ON SCENE (DESK REPORT),NO INJURY / DRIVE AWAY,,Y,Y,"OVER $1,500",03/09/2021 02:25:00 AM,UNABLE TO DETERMINE,NOT APPLICABLE,1735,N,ASHLAND AVE,1433.0,,,,,,,2,NO INDICATION OF INJURY,0.0,0.0,0.0,0.0,0.0,1.0,0.0,17,2,3,41.9135123037,-87.6676252317,POINT (-87.667625231682 41.913512303708)
75127829ef69d8d0e050d4f9f6420e64e85708ce81bd3a710739af90363ee8275f50707e2d62be946dc341a4d7975391f7007117116bf5007b44072dcbc062a4,JD177873,,03/07/2020 09:30:00 PM,30,NO CONTROLS,NO CONTROLS,CLEAR,DARKNESS,SIDESWIPE SAME DIRECTION,DIVIDED - W/MEDIAN (NOT RAISED),,STRAIGHT AND LEVEL,DRY,NO DEFECTS,NOT ON SCENE (DESK REPORT),INJURY AND / OR TOW DUE TO CRASH,,,,"OVER $1,500",03/07/2020 10:30:00 PM,FAILING TO REDUCE SPEED TO AVOID CRASH,FAILING TO YIELD RIGHT-OF-WAY,5300,S,DAMEN AVE,932.0,,,,,,,2,NO INDICATION OF INJURY,0.0,0.0,0.0,0.0,0.0,2.0,0.0,21,7,3,41.7975278122,-87.6745513698,POINT (-87.674551369796 41.797527812206)
280aa494565609905d494851fa68f3d3ca287ab7643cf51002e429fe971efd7c995c2069713815f9c7a5f656298f19bf1efa64628312227d94e61cb294ce991f,JD287517,,07/05/2020 11:50:00 PM,45,NO CONTROLS,NO CONTROLS,CLEAR,"DARKNESS, LIGHTED ROAD",FIXED OBJECT,DIVIDED - W/MEDIAN BARRIER,,STRAIGHT AND LEVEL,DRY,NO DEFECTS,ON SCENE,INJURY AND / OR TOW DUE TO CRASH,,,,"OVER $1,500",07/05/2020 11:51:00 PM,DISTRACTION - FROM INSIDE VEHICLE,FAILING TO REDUCE SPEED TO AVOID CRASH,2300,S,LAKE SHORE DR E,132.0,,,,,,,1,NONINCAPACITATING INJURY,3.0,0.0,0.0,3.0,0.0,1.0,0.0,23,1,7,41.8510586261,-87.6131528934,POINT (-87.613152893438 41.851058626095)
150b27435419418d813b23231f16c7fade720bf9f98d065737408d2874235e40ae615bc9a30fa4b1ae1953b7c741dbf87114b96dde8ad1b9f96860b91f45ad67,JE187427,,04/02/2021 04:30:00 PM,30,TRAFFIC SIGNAL,FUNCTIONING PROPERLY,CLEAR,DAYLIGHT,SIDESWIPE SAME DIRECTION,DIVIDED - W/MEDIAN (NOT RAISED),,STRAIGHT AND LEVEL,DRY,NO DEFECTS,NOT ON SCENE (DESK REPORT),NO INJURY / DRIVE AWAY,,,Y,"OVER $1,500",04/02/2021 04:50:00 PM,DRIVING SKILLS/KNOWLEDGE/EXPERIENCE,NOT APPLICABLE,501,W,ROOSEVELT RD,124.0,,,,,,,2,NO INDICATION OF INJURY,0.0,0.0,0.0,0.0,0.0,2.0,0.0,16,6,4,41.8671431598,-87.6392931741,POINT (-87.639293174131 41.867143159823)
530a9cdd56954d5f4ab88ac17d27eee5e861887f228fc2c4ec0b085995b6200d1cd622cc226b509c1bb86d1df24203b010134236c96a1e9b94a28b578f71b92e,JF388032,N,09/08/2022 01:02:00 PM,20,NO CONTROLS,NO CONTROLS,CLEAR,DAYLIGHT,ANGLE,PARKING LOT,,STRAIGHT AND LEVEL,DRY,NO DEFECTS,ON SCENE,NO INJURY / DRIVE AWAY,,Y,,"OVER $1,500",09/08/2022 01:10:00 PM,UNABLE TO DETERMINE,FAILING TO YIELD RIGHT-OF-WAY,10200,S,WOODLAWN AVE,511.0,,,,,,,2,NO INDICATION OF INJURY,0.0,0.0,0.0,0.0,0.0,2.0,0.0,13,5,9,41.7092217228,-87.5942641114,POINT (-87.594264111384 41.709221722765)
3c3dd31d757457fc8f4a0a852746bbffbc9b6493bf2073a51cb56ed025a5b1f0e0ed6ff6ab3bf0463f6824e5a0f12456195b4c76489b96839eb43b02eae4d991,JC439542,,09/19/2019 09:25:00 AM,30,NO CONTROLS,NO CONTROLS,CLEAR,DAYLIGHT,PARKED MOTOR VEHICLE,DIVIDED - W/MEDIAN (NOT RAISED),,STRAIGHT AND LEVEL,DRY,NO DEFECTS,ON SCENE,NO INJURY / DRIVE AWAY,,,,$500 OR LESS,09/19/2019 09:43:00 AM,FAILING TO YIELD RIGHT-OF-WAY,NOT APPLICABLE,107,W,HUBBARD ST,1831.0,,,,,,,2,NO INDICATION OF INJURY,0.0,0.0,0.0,0.0,0.0,1.0,0.0,9,5,9,41.8899066498,-87.6314160847,POINT (-87.631416084738 41.889906649827)
95428b975480f52813127ff34c08535b99491b76f4d7c36806168b960ae861dbf6e6786a176442d4f710b24a05f1a476b1aa59b5e3896919a7b33377bb2f0f1b,JG208260,,04/01/2023 07:00:00 PM,30,UNKNOWN,UNKNOWN,CLOUDY/OVERCAST,UNKNOWN,PARKED MOTOR VEHICLE,ONE-WAY,,STRAIGHT AND LEVEL,UNKNOWN,UNKNOWN,NOT ON SCENE (DESK REPORT),NO INJURY / DRIVE AWAY,,,Y,"OVER $1,500",04/02/2023 12:00:00 PM,UNABLE TO DETERMINE,UNABLE TO DETERMINE,5526,S,CORNELL AVE,235.0,,,,,,,2,NO INDICATION OF INJURY,0.0,0.0,0.0,0.0,0.0,1.0,0.0,19,7,4,41.7943884846,-87.5855362539,POINT (-87.585536253868 41.794388484638)
dc5dc5516389c353248ba37bb1a0d4c6f4bfee2ec399ee362f26d859d98a718651026b8a03419fc6bc7f06a36f2dca9b9473f0e8b461d7db0f73232745fcc5cd,JF368695,,08/10/2022 12:35:00 PM,30,TRAFFIC SIGNAL,FUNCTIONING PROPERLY,CLEAR,DAYLIGHT,FIXED OBJECT,DIVIDED - W/MEDIAN (NOT RAISED),,STRAIGHT AND LEVEL,DRY,"RUT, HOLES",NOT ON SCENE (DESK REPORT),NO INJURY / DRIVE AWAY,,,,"OVER $1,500",08/24/2022 02:30:00 PM,ROAD CONSTRUCTION/MAINTENANCE,NOT APPLICABLE,8100,S,STONY ISLAND AVE,411.0,,,,,,,1,NO INDICATION OF INJURY,0.0,0.0,0.0,0.0,0.0,1.0,0.0,12,4,8,41.7477492117,-87.5860374164,POINT (-87.586037416392 41.74774921172)
50dfb56e4a8d766a59d7eef635efc71495de6b6f11a594a4b22a1cea4ec3e31d1344e77c8238d1ea82561e04c892f86f88ad3d7ad37b477ff6aec4f00c0dd0c0,JB361903,,07/23/2018 02:25:00 PM,30,TRAFFIC SIGNAL,FUNCTIONING PROPERLY,CLEAR,DAYLIGHT,REAR END,NOT DIVIDED,,STRAIGHT AND LEVEL,DRY,NO DEFECTS,NOT ON SCENE (DESK REPORT),NO INJURY / DRIVE AWAY,Y,,,"$501 - $1,500",07/23/2018 03:00:00 PM,UNABLE TO DETERMINE,NOT APPLICABLE,710,W,WILSON DR,1914.0,,,,,,,2,NO INDICATION OF INJURY,0.0,0.0,0.0,0.0,0.0,2.0,0.0,14,2,7,41.9656838748,-87.6479901904,POINT (-87.647990190402 41.965683874758)
890fa5f0da5b88530fb082c95596d368678221d58adf13b6ae4a59a92866108e779a76defad067003627c242dbacc89edbd053403e5f465c944b6a7fb9760f47,JG350699,,07/21/2023 06:35:00 PM,30,NO CONTROLS,NO CONTROLS,CLEAR,DAYLIGHT,REAR END,NOT DIVIDED,,STRAIGHT AND LEVEL,DRY,NO DEFECTS,NOT ON SCENE (DESK REPORT),NO INJURY / DRIVE AWAY,,,,"OVER $1,500",07/21/2023 06:45:00 PM,IMPROPER BACKING,NOT APPLICABLE,1147,W,16TH ST,1235.0,,,,,,,2,NO INDICATION OF INJURY,0.0,0.0,0.0,0.0,0.0,2.0,0.0,18,6,7,41.8596639336,-87.6559068037,POINT (-87.655906803656 41.859663933599)
1aacd017b827832143d0a8c9d6fe4158439da5fbb676b5bad8ab78e32416ab897886ea8d29e0b2b25a00301c1e1d65ee73cd517ba7f81392526685eee0c71cf4,JC212120,,04/04/2019 09:00:00 PM,30,TRAFFIC SIGNAL,FUNCTIONING PROPERLY,RAIN,"DARKNESS, LIGHTED ROAD",HEAD ON,NOT DIVIDED,,STRAIGHT AND LEVEL,WET,OTHER,ON SCENE,NO INJURY / DRIVE AWAY,,,,"OVER $1,500",04/04/2019 09:58:00 PM,WEATHER,DRIVING SKILLS/KNOWLEDGE/EXPERIENCE,2805,W,CERMAK RD,1033.0,,,,,,,2,NO INDICATION OF INJURY,0.0,0.0,0.0,0.0,0.0,3.0,0.0,21,5,4,41.8517887524,-87.6957855852,POINT (-87.695785585154 41.851788752364)