CRASH_RECORD_ID,RD_NO,CRASH_DATE_EST_I,CRASH_DATE,POSTED_SPEED_LIMIT,TRAFFIC_CONTROL_DEVICE,DEVICE_CONDITION,WEATHER_CONDITION,LIGHTING_CONDITION,FIRST_CRASH_TYPE,TRAFFICWAY_TYPE,LANE_CNT,ALIGNMENT,ROADWAY_SURFACE_COND,ROAD_DEFECT,REPORT_TYPE,CRASH_TYPE,INTERSECTION_RELATED_I,NOT_RIGHT_OF_WAY_I,HIT_AND_RUN_I,DAMAGE,DATE_POLICE_NOTIFIED,PRIM_CONTRIBUTORY_CAUSE,SEC_CONTRIBUTORY_CAUSE,STREET_NO,STREET_DIRECTION,STREET_NAME,BEAT_OF_OCCURRENCE,PHOTOS_TAKEN_I,STATEMENTS_TAKEN_I,DOORING_I,WORK_ZONE_I,WORK_ZONE_TYPE,WORKERS_PRESENT_I,NUM_UNITS,MOST_SEVERE_INJURY,INJURIES_TOTAL,INJURIES_FATAL,INJURIES_INCAPACITATING,INJURIES_NON_INCAPACITATING,INJURIES_REPORTED_NOT_EVIDENT,INJURIES_NO_INDICATION,INJURIES_UNKNOWN,CRASH_HOUR,CRASH_DAY_OF_WEEK,CRASH_MONTH,LATITUDE,LONGITUDE,LOCATION
aa1524886edb8c5780dbb0ae2a90ebf09edd1dd58f027efa034edf7285b836c01fa71868c4d5e92eab11e7e4bb5d39fc88f253b8241061525073ceabe4cbb1c6,JD447964,,12/02/2020 08:06:00 PM,30,STOP SIGN/FLASHER,FUNCTIONING PROPERLY,CLEAR,"DARKNESS, LIGHTED ROAD",ANGLE,NOT DIVIDED,,STRAIGHT AND LEVEL,DRY,NO DEFECTS,ON SCENE,NO INJURY / DRIVE AWAY,Y,,,"OVER $1,500",12/02/2020 08:07:00 PM,FAILING TO YIELD RIGHT-OF-WAY,NOT APPLICABLE,4732,N,MAJOR AVE,1622.0,,,,,,,2,NO INDICATION OF INJURY,0.0,0.0,0.0,0.0,0.0,2.0,0.0,20,4,12,41.9669398011,-87.7700462999,POINT (-87.770046299917 41.966939801079)
a2a60d193bcc7c14fb0bc877be60c28f3b1c892b070e419708f72b44a82337f0a35ee4893fc0bbbf9b689af9f53200aa3d4f272d865c08f90b7b8ba7fa92bcef,JF162779,,03/04/2022 08:47:00 AM,40,NO CONTROLS,NO CONTROLS,CLEAR,DAYLIGHT,REAR END,DIVIDED - W/MEDIAN BARRIER,,STRAIGHT AND LEVEL,DRY,NO DEFECTS,ON SCENE,INJURY AND / OR TOW DUE TO CRASH,,,,"OVER $1,500",03/04/2022 08:50:00 AM,FAILING TO REDUCE SPEED TO AVOID CRASH,DRIVING SKILLS/KNOWLEDGE/EXPERIENCE,3834,W,63RD PL,823.0,,,,,,,3,NO INDICATION OF INJURY,0.0,0.0,0.0,0.0,0.0,4.0,0.0,8,6,3,41.7778952395,-87.7192496401,POINT (-87.719249640123 41.777895239452)
3527f6e70766558ea9c4ff443b2be13ab242ca338b2d8e4ef93c8f3637558f097d03753570cb0217ada812ba2db2bdf52247c739af2305f1bf894bd4c52fc366,JF217629,,04/23/2022 08:26:00 PM,30,NO CONTROLS,NO CONTROLS,CLEAR,"DARKNESS, LIGHTED ROAD",SIDESWIPE SAME DIRECTION,DIVIDED - W/MEDIAN (NOT RAISED),,STRAIGHT AND LEVEL,DRY,NO DEFECTS,NOT ON SCENE (DESK REPORT),NO INJURY / DRIVE AWAY,,,Y,"OVER $1,500",04/23/2022 09:00:00 PM,UNABLE TO DETERMINE,NOT APPLICABLE,6659,S,CICERO AVE,833.0,,,,,,,2,NO INDICATION OF INJURY,0.0,0.0,0.0,0.0,0.0,2.0,0.0,20,7,4,41.7712226966,-87.7419103875,POINT (-87.741910387507 41.771222696555)
00bc5e9a3f42441535d1c1649b80888c7b1fc43db62561f77d8944fd854cf526b8591152e546355d2bc2962b8226bb77e254578e092566af19756591f5e747c9,JB386016,,08/09/2018 12:10:00 PM,30,TRAFFIC SIGNAL,FUNCTIONING PROPERLY,CLEAR,DAYLIGHT,TURNING,DIVIDED - W/MEDIAN (NOT RAISED),3.0,STRAIGHT AND LEVEL,DRY,NO DEFECTS,ON SCENE,INJURY AND / OR TOW DUE TO CRASH,Y,,,"$501 - $1,500",08/09/2018 12:15:00 PM,UNABLE TO DETERMINE,NOT APPLICABLE,4300,S,PULASKI RD,815.0,,,,,,,2,"REPORTED, NOT EVIDENT",1.0,0.0,0.0,0.0,1.0,5.0,0.0,12,5,8,41.8151010211,-87.7240052334,POINT (-87.724005233406 41.815101021137)
c14e73bf10dc80d035d4c91ea3c6c71f31503590c814efc3891ad312566190e05e43785017915bd577a2ea44e358feb03b89294bc91b41124b20a9e2c2b388a3,JF430562,,10/11/2022 03:00:00 PM,30,NO CONTROLS,NO CONTROLS,RAIN,DAYLIGHT,SIDESWIPE SAME DIRECTION,NOT DIVIDED,,STRAIGHT AND LEVEL,WET,UNKNOWN,ON SCENE,NO INJURY / DRIVE AWAY,,,,"OVER $1,500",10/11/2022 03:36:00 PM,UNABLE TO DETERMINE,WEATHER,4937,N,NAGLE AVE,1622.0,,,,,,,2,NO INDICATION OF INJURY,0.0,0.0,0.0,0.0,0.0,2.0,0.0,15,3,10,41.9713193518,-87.787814247,POINT (-87.787814246985 41.971319351807)
965d3fe5764fbf187a1ab478e8662a2197cdf204602d5486e188230250bd162b7a4fa02c9785406ec5b2e4447ba7f1a16d448467a0a257410c91f41b7ce4fe67,HZ158850,,02/20/2016 03:00:00 PM,30,NO CONTROLS,NO CONTROLS,CLEAR,DAYLIGHT,SIDESWIPE SAME DIRECTION,DIVIDED - W/MEDIAN BARRIER,6.0,STRAIGHT AND LEVEL,DRY,NO DEFECTS,NOT ON SCENE (DESK REPORT),NO INJURY / DRIVE AWAY,,,,"OVER $1,500",02/20/2016 03:25:00 PM,DRIVING SKILLS/KNOWLEDGE/EXPERIENCE,UNABLE TO DETERMINE,7500,S,PULASKI RD,833.0,,,,,,,2,NO INDICATION OF INJURY,0.0,0.0,0.0,0.0,0.0,2.0,0.0,15,7,2,41.7568763948,-87.7223217383,POINT (-87.722321738255 41.756876394825)
30315513cf8eecf09b224e4925efd8e51d4f18bf5e0cd21b6c34f72bdd2f9a57e9c452affb272663395cecc0ee00455eb0fa5344e5bed8fcf02a5d1bd1644d90,JF520941,,12/22/2022 04:00:00 PM,30,UNKNOWN,UNKNOWN,SNOW,UNKNOWN,SIDESWIPE SAME DIRECTION,NOT DIVIDED,,STRAIGHT AND LEVEL,SNOW OR SLUSH,UNKNOWN,NOT ON SCENE (DESK REPORT),NO INJURY / DRIVE AWAY,,,Y,"$501 - $1,500",12/23/2022 04:05:00 PM,UNABLE TO DETERMINE,UNABLE TO DETERMINE,2800,W,TOUHY AVE,2411.0,,,,,,,2,NO INDICATION OF INJURY,0.0,0.0,0.0,0.0,0.0,2.0,0.0,16,5,12,42.0121731777,-87.6998439783,POINT (-87.699843978265 42.012173177712)
b60e3bad9eaebef2e9da585435568b35ee2e994fb882c1cd3dc917289c33430cd61d7ac80a6504ac4d55cd16688aedeb9d99ac59bfdc09fec2374d3de7d59498,JC127956,,01/24/2019 07:45:00 AM,30,NO CONTROLS,NO CONTROLS,CLEAR,DAYLIGHT,REAR END,NOT DIVIDED,2.0,STRAIGHT AND LEVEL,WET,NO DEFECTS,NOT ON SCENE (DESK REPORT),NO INJURY / DRIVE AWAY,,,,"$501 - $1,500",01/24/2019 12:00:00 PM,FOLLOWING TOO CLOSELY,NOT APPLICABLE,6101,W,GRAND AVE,2512.0,,,,,,,2,NO INDICATION OF INJURY,0.0,0.0,0.0,0.0,0.0,4.0,0.0,7,5,1,41.9209158308,-87.77815145,POINT (-87.778151450004 41.920915830777)
81aaab7505373079a45997f36a3a9215dc2ac2d4549293365a03ba61f2d20255dc90aa75052de0c4dcef840b383ef46148163ddf0ce65531ef58d3d9f6814716,JA309988,,06/16/2017 05:45:00 PM,25,NO CONTROLS,NO CONTROLS,CLEAR,DAYLIGHT,PARKED MOTOR VEHICLE,ONE-WAY,1.0,STRAIGHT AND LEVEL,DRY,NO DEFECTS,,NO INJURY / DRIVE AWAY,,,,"OVER $1,500",06/16/2017 06:10:00 PM,DRIVING SKILLS/KNOWLEDGE/EXPERIENCE,UNABLE TO DETERMINE,2411,N,MARSHFIELD AVE,1931.0,,,,,,,2,NO INDICATION OF INJURY,0.0,0.0,0.0,0.0,0.0,4.0,0.0,17,6,6,41.9257029782,-87.669422406,POINT (-87.66942240601 41.925702978156)
8b18ffbd147f17826a39ce93182d751161c23beebb46669708a7bee02c823e5fd43a2283efc8e8eafb934876651bc5e680203655e59f211343325ad56bae0551,JA268945,,05/18/2017 11:35:00 AM,30,NO CONTROLS,NO CONTROLS,CLEAR,DAYLIGHT,TURNING,NOT DIVIDED,2.0,STRAIGHT AND LEVEL,DRY,NO DEFECTS,ON SCENE,INJURY AND / OR TOW DUE TO CRASH,Y,,,"OVER $1,500",05/18/2017 11:37:00 AM,FAILING TO REDUCE SPEED TO AVOID CRASH,UNABLE TO DETERMINE,4500,W,ARMITAGE AVE,2522.0,,,,,,,2,NONINCAPACITATING INJURY,4.0,0.0,0.0,1.0,3.0,1.0,0.0,11,5,5,41.917125813,-87.7388452809,POINT (-87.738845280947 41.91712581302)
ba4fd870310225668a20c3b604f76ba2c61ea62c9bc097036ae9569e227b8c10e36fba47c055b3ca13f66bc80849d976f35871feea1ac89709cb97d490322fcf,JE442780,,11/12/2021 01:25:00 PM,30,NO CONTROLS,NO CONTROLS,CLEAR,DAYLIGHT,SIDESWIPE SAME DIRECTION,NOT DIVIDED,,STRAIGHT AND LEVEL,DRY,UNKNOWN,NOT ON SCENE (DESK REPORT),NO INJURY / DRIVE AWAY,,,,"OVER $1,500",11/12/2021 02:20:00 PM,FAILING TO YIELD RIGHT-OF-WAY,UNABLE TO DETERMINE,3398,W,BRYN MAWR AVE,1711.0,,,,,,,2,NO INDICATION OF INJURY,0.0,0.0,0.0,0.0,0.0,2.0,0.0,13,6,11,41.9831186464,-87.7136830386,POINT (-87.713683038561 41.983118646417)
79a77cc2cf79a451be2435909bb69503028641a152d0963258a3536820ae5f04b006eafde5a50cb480c89bd0abe7afe76862a07ca3fdecbd3d2966c15afca3f5,JG196053,,03/22/2023 08:26:00 AM,30,STOP SIGN/FLASHER,NO CONTROLS,CLEAR,DAYLIGHT,TURNING,NOT DIVIDED,,STRAIGHT AND LEVEL,DRY,NO DEFECTS,NOT ON SCENE (DESK REPORT),NO INJURY / DRIVE AWAY,,,Y,"OVER $1,500",03/22/2023 12:20:00 PM,FOLLOWING TOO CLOSELY,IMPROPER OVERTAKING/PASSING,800,E,95TH ST,633.0,,,,,,,2,NO INDICATION OF INJURY,0.0,0.0,0.0,0.0,0.0,2.0,0.0,8,4,3,41.7221539388,-87.6044477356,POINT (-87.604447735644 41.722153938772)
d1d96374966e5fb95b864c1472ccd6f60b083df2ce0eede3e342613fac87e9fa7503ea44e6b821b6e060b0569909e3e540eda9f700f8fb6cc0b070e3446df1b3,JA397076,,08/18/2017 10:15:00 PM,30,TRAFFIC SIGNAL,FUNCTIONING PROPERLY,CLEAR,"DARKNESS, LIGHTED ROAD",TURNING,CENTER TURN LANE,3.0,STRAIGHT AND LEVEL,DRY,UNKNOWN,NOT ON SCENE (DESK REPORT),NO INJURY / DRIVE AWAY,Y,,,"OVER $1,500",08/18/2017 10:50:00 PM,DRIVING SKILLS/KNOWLEDGE/EXPERIENCE,NOT APPLICABLE,7500,S,STATE ST,623.0,,,,,,,2,NO INDICATION OF INJURY,0.0,0.0,0.0,0.0,0.0,2.0,0.0,22,6,8,41.7580921764,-87.6249022282,POINT (-87.624902228247 41.758092176383)
87aaa423a3ffb13c26382f67c3331790057e3917159c282ef1c7140e22c27689259580dfe71e1b8c37ce1953d1f88c7f6a82f5fde4868d848f46cf4c59095b42,,,10/24/2023 08:45:00 AM,30,YIELD,FUNCTIONING PROPERLY,CLEAR,DAYLIGHT,TURNING,NOT DIVIDED,,STRAIGHT AND LEVEL,DRY,NO DEFECTS,ON SCENE,NO INJURY / DRIVE AWAY,,,,"$501 - $1,500",10/24/2023 09:59:00 AM,IMPROPER TURNING/NO SIGNAL,IMPROPER LANE USAGE,800,N,MICHIGAN AVE,1833.0,,,,,,,2,NO INDICATION OF INJURY,0.0,0.0,0.0,0.0,0.0,2.0,0.0,8,3,10,41.896790572,-87.6243806554,POINT (-87.624380655444 41.896790572039)
777c898b047685ea881875ab1a17627ef29110ec9731dcf2e4b06d7bdd1d1252cc1d24a47d3f660d86610fec9c4fd815012dea69767ec817d373686d52d4ad13,JA508538,,11/12/2017 01:00:00 AM,35,NO CONTROLS,NO CONTROLS,RAIN,DARKNESS,SIDESWIPE SAME DIRECTION,NOT DIVIDED,1.0,STRAIGHT AND LEVEL,WET,NO DEFECTS,NOT ON SCENE (DESK REPORT),NO INJURY / DRIVE AWAY,,,,"OVER $1,500",11/12/2017 02:15:00 AM,FAILING TO YIELD RIGHT-OF-WAY,FAILING TO YIELD RIGHT-OF-WAY,500,N,STATE ST,1831.0,,,,,,,2,NO INDICATION OF INJURY,0.0,0.0,0.0,0.0,0.0,2.0,0.0,1,1,11,41.8909036907,-87.6281861235,POINT (-87.628186123483 41.890903690741)
af3b2396d3c6717abaf8200a71045a2420ec0429431493551ee9656e70aa6c5091f3d38b31bb678ecde5ff5106b3c1342d86dba0b0df0beb0da8187a46d524c3,JE423385,,10/26/2021 05:30:00 PM,30,NO CONTROLS,NO CONTROLS,CLEAR,DAYLIGHT,TURNING,T-INTERSECTION,,STRAIGHT AND LEVEL,DRY,UNKNOWN,ON SCENE,INJURY AND / OR TOW DUE TO CRASH,Y,,,"OVER $1,500",10/26/2021 05:33:00 PM,FOLLOWING TOO CLOSELY,DRIVING SKILLS/KNOWLEDGE/EXPERIENCE,799,W,42ND ST,925.0,,,,,,,2,"REPORTED, NOT EVIDENT",1.0,0.0,0.0,0.0,1.0,2.0,0.0,17,3,10,41.8174557474,-87.6457013121,POINT (-87.645701312102 41.817455747447)
98ec5938e3e219e28a32cdf5ccd6ec73a7b27bd2052ba7d55de2d84fc78949dedbb942e6f0c7a1194d6ee496901ac15f773e6f675a33740981e19b838604011e,JA193178,,03/18/2017 11:30:00 PM,30,NO CONTROLS,NO CONTROLS,CLEAR,"DARKNESS, LIGHTED ROAD",PARKED MOTOR VEHICLE,NOT DIVIDED,2.0,STRAIGHT AND LEVEL,DRY,NO DEFECTS,NOT ON SCENE (DESK REPORT),NO INJURY / DRIVE AWAY,,,Y,$500 OR LESS,03/19/2017 10:30:00 PM,IMPROPER BACKING,IMPROPER BACKING,535,N,ST CLAIR ST,1834.0,,,,,,,2,NO INDICATION OF INJURY,0.0,0.0,0.0,0.0,0.0,1.0,0.0,23,7,3,41.8919471733,-87.622522306,POINT (-87.622522305977 41.891947173301)
088cda85d4f876fbcaa737859b3407643be8374a03ae33c27cdc9172572849e60a28aca928e9a8db69470f8fa268cffe4911cb3a3764e3cc043efb5fa44b5743,JD177757,,03/07/2020 08:00:00 PM,30,NO CONTROLS,NO CONTROLS,CLEAR,DARKNESS,PEDESTRIAN,NOT DIVIDED,,STRAIGHT AND LEVEL,DRY,NO DEFECTS,ON SCENE,INJURY AND / OR TOW DUE TO CRASH,,,,$500 OR LESS,03/07/2020 08:07:00 PM,UNABLE TO DETERMINE,NOT APPLICABLE,6954,N,WESTERN AVE,2411.0,,Y,,,,,2,"REPORTED, NOT EVIDENT",1.0,0.0,0.0,0.0,1.0,2.0,0.0,20,7,3,42.0084604699,-87.6903035471,POINT (-87.690303547095 42.008460469947)
2b62dcc2a68aaef93e5ee43124e4ef943fa504eaec975ad4501dd188804810a72ab3991c74de4dd75ce74927198fba70ee9fb2099797dc5a1dcf06ada5c75c96,JE381440,,09/20/2021 10:00:00 PM,30,NO CONTROLS,NO CONTROLS,CLEAR,"DARKNESS, LIGHTED ROAD",TURNING,FOUR WAY,,STRAIGHT AND LEVEL,UNKNOWN,NO DEFECTS,NOT ON SCENE (DESK REPORT),NO INJURY / DRIVE AWAY,Y,,,"$501 - $1,500",09/20/2021 10:30:00 PM,IMPROPER OVERTAKING/PASSING,IMPROPER TURNING/NO SIGNAL,2159,N,HARLEM AVE,2512.0,,,,,,,2,NO INDICATION OF INJURY,0.0,0.0,0.0,0.0,0.0,3.0,0.0,22,2,9,41.9197666694,-87.8059724769,POINT (-87.805972476944 41.919766669392)
e3f9484f3968263d4c29f821df40e64dcf0662d03af859904ddc2ba214c7f24d9298ad3ccf78e81fca1906043e4825fd1c1b39a91581b8aad2e77244f62a3418,JC394872,,08/16/2019 12:38:00 PM,30,TRAFFIC SIGNAL,FUNCTIONING PROPERLY,CLOUDY/OVERCAST,DAYLIGHT,TURNING,T-INTERSECTION,,STRAIGHT AND LEVEL,DRY,NO DEFECTS,ON SCENE,NO INJURY / DRIVE AWAY,Y,,,"OVER $1,500",08/16/2019 12:40:00 PM,FAILING TO YIELD RIGHT-OF-WAY,UNABLE TO DETERMINE,3400,S,CALIFORNIA AVE,911.0,,,,,,,2,NO INDICATION OF INJURY,0.0,0.0,0.0,0.0,0.0,3.0,0.0,12,6,8,41.832127133,-87.6950214636,POINT (-87.695021463612 41.832127132976)
04f4c7ef07d84dec0ccdf56a260cf265cec069f837bcc0d28a996eb090c0c32c2c9affa5d48d85fe9e4d99930024b489a6c48da3b883ae2edee81cb5479bd99a,HY540239,,12/17/2015 06:56:00 AM,20,NO CONTROLS,NO CONTROLS,CLEAR,DAYLIGHT,ANGLE,NOT DIVIDED,2.0,STRAIGHT AND LEVEL,DRY,NO DEFECTS,NOT ON SCENE (DESK REPORT),NO INJURY / DRIVE AWAY,,,,"$501 - $1,500",12/17/2015 08:00:00 AM,FAILING TO YIELD RIGHT-OF-WAY,UNABLE TO DETERMINE,2745,N,LONG AVE,2514.0,,,,,,,2,NO INDICATION OF INJURY,0.0,0.0,0.0,0.0,0.0,2.0,0.0,6,5,12,41.9308856028,-87.7611710343,POINT (-87.761171034291 41.930885602807)
ace232a210d0a9282895b6de8559b2148663897ec7304d7ac85540ac62dbd105843364338fb0354e4b8ed9dd91b99206c1b1ea803b2021f73c37aac4eab221e7,JA384090,,08/09/2017 01:00:00 PM,30,NO CONTROLS,NO CONTROLS,CLEAR,DAYLIGHT,REAR END,NOT DIVIDED,2.0,STRAIGHT AND LEVEL,DRY,NO DEFECTS,NOT ON SCENE (DESK REPORT),NO INJURY / DRIVE AWAY,,,,"$501 - $1,500",08/09/2017 02:00:00 PM,FOLLOWING TOO CLOSELY,NOT APPLICABLE,199,N,GREEN ST,1224.0,,,,,,,2,NO INDICATION OF INJURY,0.0,0.0,0.0,0.0,0.0,2.0,0.0,13,4,8,41.8855896526,-87.6484920693,POINT (-87.648492069341 41.885589652594)
3c51be0274dcca7665d288538741bc1baf79ab4a0c94c6e783a1473112ef3d363ab41075a9ac86711a55fd082f336999c0ce100e075b1045fb0771094148a318,JE253664,,06/04/2021 03:48:00 PM,30,TRAFFIC SIGNAL,FUNCTIONING PROPERLY,CLEAR,DAYLIGHT,TURNING,NOT DIVIDED,,STRAIGHT AND LEVEL,DRY,NO DEFECTS,ON SCENE,INJURY AND / OR TOW DUE TO CRASH,,,,"OVER $1,500",06/04/2021 03:48:00 PM,IMPROPER TURNING/NO SIGNAL,FAILING TO REDUCE SPEED TO AVOID CRASH,304,W,76TH ST,623.0,,,,,,,2,NONINCAPACITATING INJURY,3.0,0.0,0.0,3.0,0.0,1.0,0.0,15,6,6,41.7563971548,-87.6322809879,POINT (-87.632280987903 41.756397154807)
376dbf7a10fc03ab058179cf706fe9f8d9c1be3afe3a1c8b4efb645e0ab11edcea2a14ae852b5c51231376ff8ddeebb2cf2713916c7e73be750a362ec36bd213,JC334551,,07/04/2019 02:45:00 PM,30,NO CONTROLS,FUNCTIONING PROPERLY,CLEAR,DAYLIGHT,ANGLE,FOUR WAY,,STRAIGHT AND LEVEL,DRY,NO DEFECTS,ON SCENE,INJURY AND / OR TOW DUE TO CRASH,Y,,,"OVER $1,500",07/04/2019 03:02:00 PM,UNABLE TO DETERMINE,UNABLE TO DETERMINE,529,W,87TH ST,2223.0,,,,,,,2,NO INDICATION OF INJURY,0.0,0.0,0.0,0.0,0.0,6.0,0.0,14,5,7,41.7359355553,-87.6374740006,POINT (-87.63747400056 41.735935555264)
c13375e641778cf3526782f178a68ac450db9115f0a3e54e026d575d9d0b7cfff19abab23dce35d862e5a467e457ada6ac20de1bf2e132c720280a1e3d6472ea,JB328557,,06/29/2018 09:37:00 PM,30,TRAFFIC SIGNAL,FUNCTIONING PROPERLY,CLEAR,"DARKNESS, LIGHTED ROAD",ANGLE,DIVIDED - W/MEDIAN BARRIER,4.0,STRAIGHT AND LEVEL,DRY,NO DEFECTS,ON SCENE,INJURY AND / OR TOW DUE TO CRASH,Y,,,"$501 - $1,500",06/29/2018 09:37:00 PM,DISREGARDING TRAFFIC SIGNALS,NOT APPLICABLE,5500,S,WELLS ST,711.0,,Y,,,,,2,NONINCAPACITATING INJURY,2.0,0.0,0.0,2.0,0.0,0.0,0.0,21,6,6,41.7941994854,-87.6319254825,POINT (-87.631925482492 41.794199485414)
2b87f82ae0a8e46c8633908a98bc73698cd1c050509b78832c4e401cb30b70c74236461af95d79982b4357490c43ddf8d88b8d8283db4846b1a18ae79bb0091d,JE183596,,03/29/2021 07:27:00 PM,30,STOP SIGN/FLASHER,FUNCTIONING PROPERLY,CLEAR,DUSK,ANGLE,FOUR WAY,,STRAIGHT AND LEVEL,DRY,NO DEFECTS,ON SCENE,NO INJURY / DRIVE AWAY,N,,,"OVER $1,500",03/29/2021 07:30:00 PM,FAILING TO YIELD RIGHT-OF-WAY,NOT APPLICABLE,4927,W,48TH ST,814.0,,,,,,,2,NO INDICATION OF INJURY,0.0,0.0,0.0,0.0,0.0,3.0,0.0,19,2,3,41.8056416521,-87.7467112762,POINT (-87.746711276197 41.805641652114)
bc724c2aaff7c34546e1e13f3111fa6284937c5d23996a7fb25c465a1f21e99a2fe945d6d5acd96eb29f3165fb72626f24131baec126471e5136fe066ab412e5,JD288015,,07/06/2020 12:16:00 PM,30,YIELD,NO CONTROLS,CLEAR,DAYLIGHT,REAR END,DIVIDED - W/MEDIAN (NOT RAISED),,STRAIGHT AND LEVEL,DRY,NO DEFECTS,ON SCENE,NO INJURY / DRIVE AWAY,,,,"$501 - $1,500",07/06/2020 12:22:00 PM,FOLLOWING TOO CLOSELY,UNABLE TO DETERMINE,501,N,HALSTED ST,1214.0,,,,,,,2,NO INDICATION OF INJURY,0.0,0.0,0.0,0.0,0.0,2.0,0.0,12,2,7,41.8912407158,-87.6474713674,POINT (-87.647471367368 41.891240715779)
7b6101649edc65137049338a5d2b1fae51bb231396131875b0f6ad9544f1eb230f78e675f439d07da1e7f251fe2787df7713073902e45d0350a35faeea3ec2af,JE351945,,08/20/2021 03:36:00 PM,30,NO CONTROLS,NO CONTROLS,CLEAR,DAYLIGHT,REAR END,NOT DIVIDED,,STRAIGHT AND LEVEL,DRY,NO DEFECTS,NOT ON SCENE (DESK REPORT),NO INJURY / DRIVE AWAY,,,Y,"$501 - $1,500",08/27/2021 01:50:00 PM,UNABLE TO DETERMINE,UNABLE TO DETERMINE,4750,W,JACKSON BLVD,1113.0,,,,,,,2,NO INDICATION OF INJURY,0.0,0.0,0.0,0.0,0.0,2.0,0.0,15,6,8,41.8769484116,-87.7447298087,POINT (-87.744729808668 41.876948411626)
6db7a1935d95ed95860096e70c0411a8c03e49527ac2cbfe4adec30bfa7868bf6b117ceb91a97159bff96a157f84070ec80a4122584d33d1be872ee0ef867668,JG123409,,01/20/2023 03:51:00 PM,30,NO CONTROLS,NO CONTROLS,CLEAR,DAYLIGHT,REAR END,DIVIDED - W/MEDIAN (NOT RAISED),,STRAIGHT AND LEVEL,DRY,NO DEFECTS,NOT ON SCENE (DESK REPORT),NO INJURY / DRIVE AWAY,,,,$500 OR LESS,01/20/2023 05:07:00 PM,UNABLE TO DETERMINE,UNABLE TO DETERMINE,1820,W,87TH ST,614.0,,,,,,,2,NO INDICATION OF INJURY,0.0,0.0,0.0,0.0,0.0,2.0,0.0,15,6,1,41.7358231046,-87.6688293544,POINT (-87.668829354363 41.735823104634)
11d134af055de46d764d2fe4991f79e613d4616de001267b268034837024c08516972992819a740bacd05995e3815e9b88832ecdae37bc405ca08ac64277e847,HZ139863,,02/04/2016 08:30:00 AM,30,NO CONTROLS,NO CONTROLS,CLEAR,DAYLIGHT,REAR END,NOT DIVIDED,2.0,STRAIGHT AND LEVEL,DRY,NO DEFECTS,NOT ON SCENE (DESK REPORT),NO INJURY / DRIVE AWAY,,,,"OVER $1,500",02/04/2016 09:19:00 AM,UNABLE TO DETERMINE,UNABLE TO DETERMINE,328,N,KEDZIE AVE,1123.0,,,,,,,2,NO INDICATION OF INJURY,0.0,0.0,0.0,0.0,0.0,4.0,0.0,8,5,2,41.8872028817,-87.7064526677,POINT (-87.706452667683 41.88720288174)
9d6bfaef2a1f179cf62f76f44d2e87aef5bd24f0e37deff2b59e60b426c580b46dd630774d69eb48e76968c67b925c6f9a6fc3e845f358bd6bf52ca065dffd64,JC333466,,07/03/2019 04:57:00 PM,25,STOP SIGN/FLASHER,OTHER,CLEAR,DAYLIGHT,TURNING,FOUR WAY,,STRAIGHT AND LEVEL,DRY,NO DEFECTS,ON SCENE,NO INJURY / DRIVE AWAY,Y,,,"$501 - $1,500",07/03/2019 05:22:00 PM,IMPROPER TURNING/NO SIGNAL,NOT APPLICABLE,1001,W,DIVISION ST,1822.0,,,,,,,2,NO INDICATION OF INJURY,0.0,0.0,0.0,0.0,0.0,3.0,0.0,16,4,7,41.9034671425,-87.6526244364,POINT (-87.652624436438 41.903467142454)
087de3181eb98f3cbd2d132314e34085f9c2133e013cefa13951bd48032b5c68d3e96182a6101233a17dd6f7d2a93bdb6a59046570bddce09663d17fa266cec7,,,11/02/2023 01:27:00 AM,30,NO CONTROLS,NO CONTROLS,CLEAR,DARKNESS,PARKED MOTOR VEHICLE,ONE-WAY,,STRAIGHT AND LEVEL,DRY,NO DEFECTS,ON SCENE,INJURY AND / OR TOW DUE TO CRASH,,,,"$501 - $1,500",11/02/2023 01:33:00 AM,UNABLE TO DETERMINE,UNABLE TO DETERMINE,6245,S,SACRAMENTO AVE,823.0,,,,,,,3,NO INDICATION OF INJURY,0.0,0.0,0.0,0.0,0.0,2.0,0.0,1,5,11,41.7795322321,-87.698132951,POINT (-87.698132951046 41.779532232138)
dbe402588c8313ee4fc0ab64541b31db67cdc2270fd7c3ac80ed1ebfe76bd1958738ccbc1876bb165b4581d9d2e2db2d749a6d433aea5c056325262b35e887c7,JG242803,,01/12/2020 12:20:00 PM,30,TRAFFIC SIGNAL,FUNCTIONING PROPERLY,CLEAR,DAYLIGHT,SIDESWIPE SAME DIRECTION,DIVIDED - W/MEDIAN (NOT RAISED),,STRAIGHT AND LEVEL,DRY,NO DEFECTS,NOT ON SCENE (DESK REPORT),NO INJURY / DRIVE AWAY,,,,"OVER $1,500",04/30/2023 12:35:00 PM,UNABLE TO DETERMINE,UNABLE TO DETERMINE,1000,S,CLARK ST,123.0,,,,,,,2,NO INDICATION OF INJURY,0.0,0.0,0.0,0.0,0.0,2.0,0.0,12,1,1,41.8698487981,-87.6306555263,POINT (-87.630655526344 41.869848798097)