CRASH_RECORD_ID,RD_NO,CRASH_DATE_EST_I,CRASH_DATE,POSTED_SPEED_LIMIT,TRAFFIC_CONTROL_DEVICE,DEVICE_CONDITION,WEATHER_CONDITION,LIGHTING_CONDITION,FIRST_CRASH_TYPE,TRAFFICWAY_TYPE,LANE_CNT,ALIGNMENT,ROADWAY_SURFACE_COND,ROAD_DEFECT,REPORT_TYPE,CRASH_TYPE,INTERSECTION_RELATED_I,NOT_RIGHT_OF_WAY_I,HIT_AND_RUN_I,DAMAGE,DATE_POLICE_NOTIFIED,PRIM_CONTRIBUTORY_CAUSE,SEC_CONTRIBUTORY_CAUSE,STREET_NO,STREET_DIRECTION,STREET_NAME,BEAT_OF_OCCURRENCE,PHOTOS_TAKEN_I,STATEMENTS_TAKEN_I,DOORING_I,WORK_ZONE_I,WORK_ZONE_TYPE,WORKERS_PRESENT_I,NUM_UNITS,MOST_SEVERE_INJURY,INJURIES_TOTAL,INJURIES_FATAL,INJURIES_INCAPACITATING,INJURIES_NON_INCAPACITATING,INJURIES_REPORTED_NOT_EVIDENT,INJURIES_NO_INDICATION,INJURIES_UNKNOWN,CRASH_HOUR,CRASH_DAY_OF_WEEK,CRASH_MONTH,LATITUDE,LONGITUDE,LOCATION
42fb7de80ba68438c0ad110be4f682a0f3b3aaf19530244782752cf2ba45dc23ecf3e7f79769ea8cc79ccc3bd4bca302b4056320fad2b881fa470fcd739f8d8d,HZ467961,,10/09/2016 01:25:00 PM,30,NO CONTROLS,NO CONTROLS,CLEAR,DAYLIGHT,SIDESWIPE SAME DIRECTION,DIVIDED - W/MEDIAN (NOT RAISED),4.0,STRAIGHT AND LEVEL,DRY,NO DEFECTS,NOT ON SCENE (DESK REPORT),NO INJURY / DRIVE AWAY,,,,"OVER $1,500",10/09/2016 11:30:00 PM,IMPROPER LANE USAGE,UNABLE TO DETERMINE,755,W,MADISON ST,1224.0,,,,,,,2,NO INDICATION OF INJURY,0.0,0.0,0.0,0.0,0.0,2.0,0.0,13,1,10,41.8816688701,-87.6473140665,POINT (-87.647314066525 41.881668870103)
75ac74c044edc482d57627523be9fd176a799a76843de1e569b3bd88d84f457d7320ef46959c6b8f80ce58d711ca88d938399bf70f80b0ef9bc1a0de75a52d81,JF417805,,10/01/2022 12:30:00 PM,30,TRAFFIC SIGNAL,FUNCTIONING PROPERLY,CLEAR,DAYLIGHT,PEDALCYCLIST,FOUR WAY,,STRAIGHT AND LEVEL,DRY,NO DEFECTS,ON SCENE,INJURY AND / OR TOW DUE TO CRASH,Y,,,"OVER $1,500",10/01/2022 12:45:00 PM,DRIVING ON WRONG SIDE/WRONG WAY,UNABLE TO DETERMINE,3200,N,OAK PARK AVE,1632.0,,,,,,,2,INCAPACITATING INJURY,1.0,0.0,1.0,0.0,0.0,1.0,0.0,12,7,10,41.9382471883,-87.7958466617,POINT (-87.79584666169 41.938247188296)
c53c861a25095f5dd225ba506c499208edb6bdaf1d85131c659a625ec97099a1d3453ae8110a608cace95eed08473523d595556d918e4646bc8193389243bac7,JA167602,,02/25/2017 04:40:00 PM,30,NO CONTROLS,NO CONTROLS,CLEAR,DAYLIGHT,REAR END,DIVIDED - W/MEDIAN BARRIER,2.0,STRAIGHT AND LEVEL,DRY,NO DEFECTS,ON SCENE,INJURY AND / OR TOW DUE TO CRASH,,,,"OVER $1,500",02/25/2017 04:41:00 PM,FOLLOWING TOO CLOSELY,DISTRACTION - FROM INSIDE VEHICLE,2220,W,LAWRENCE AVE,2031.0,,,,,,,2,NO INDICATION OF INJURY,0.0,0.0,0.0,0.0,0.0,4.0,0.0,16,7,2,41.9687808747,-87.6849458479,POINT (-87.68494584792 41.968780874709)
732ed4209e413d457dcd072115e362faa5ac3b916e4bdc4060ce8b693ae46b0a83e6454771b0a2a5f21738d634f806dc49d16f052a7b76e59878b925cd737c56,JF261907,,05/31/2022 06:20:00 AM,30,NO CONTROLS,NO CONTROLS,CLEAR,DAYLIGHT,PARKED MOTOR VEHICLE,ONE-WAY,,STRAIGHT AND LEVEL,DRY,NO DEFECTS,NOT ON SCENE (DESK REPORT),INJURY AND / OR TOW DUE TO CRASH,,,,"OVER $1,500",05/31/2022 07:30:00 AM,UNABLE TO DETERMINE,UNABLE TO DETERMINE,4848,W,POLK ST,1533.0,,,,,,,2,NO INDICATION OF INJURY,0.0,0.0,0.0,0.0,0.0,1.0,0.0,6,3,5,41.870352256,-87.7467988698,POINT (-87.746798869789 41.870352256002)
9d5dd518d4deee5d682030ff0f8b3c60141286f4e620558103d4ecf594e70085307b1723e69ec7ea34d3405ac0cb43dba43353660377ebe5ac6ed2c0430ab4b3,JF418509,,10/02/2022 12:07:00 AM,30,TRAFFIC SIGNAL,FUNCTIONING PROPERLY,CLEAR,DARKNESS,ANGLE,NOT DIVIDED,,STRAIGHT AND LEVEL,DRY,NO DEFECTS,ON SCENE,INJURY AND / OR TOW DUE TO CRASH,Y,,,"OVER $1,500",10/02/2022 12:08:00 AM,DISREGARDING TRAFFIC SIGNALS,NOT APPLICABLE,5200,N,MILWAUKEE AVE,1623.0,,,,,,,3,"REPORTED, NOT EVIDENT",3.0,0.0,0.0,0.0,3.0,4.0,0.0,0,1,10,41.9746371862,-87.7669929579,POINT (-87.766992957914 41.974637186208)
134bb0d704fc6249b7c446ff73e6eaf2cc91c86a537bf287af5778c2e30cce5728098a99cc873ed124187d17858e5cae855ddb25f719d8aefff50904322e562c,JA117670,,01/16/2017 08:20:00 AM,30,NO CONTROLS,NO CONTROLS,RAIN,DAYLIGHT,PARKED MOTOR VEHICLE,DIVIDED - W/MEDIAN (NOT RAISED),2.0,STRAIGHT AND LEVEL,WET,NO DEFECTS,ON SCENE,NO INJURY / DRIVE AWAY,Y,,,"$501 - $1,500",01/16/2017 08:25:00 AM,IMPROPER BACKING,FAILING TO REDUCE SPEED TO AVOID CRASH,1440,W,HUBBARD ST,1215.0,,,,,,,2,NO INDICATION OF INJURY,0.0,0.0,0.0,0.0,0.0,1.0,0.0,8,2,1,41.8900463203,-87.663926439,POINT (-87.663926438966 41.890046320303)
108f781f7a0aac742b1f2a827390831a96d3f4a22a56322a1cab31b65aae0f3610f8caf3f7ba84c0103e3f1c08155a169c6ada56bac8dbc06a14b8bef434360d,JF147299,,02/17/2022 11:00:00 AM,30,NO CONTROLS,NO CONTROLS,CLEAR,DAYLIGHT,OTHER OBJECT,NOT DIVIDED,,STRAIGHT AND LEVEL,DRY,NO DEFECTS,ON SCENE,INJURY AND / OR TOW DUE TO CRASH,,,,"$501 - $1,500",02/17/2022 11:02:00 AM,UNABLE TO DETERMINE,NOT APPLICABLE,239,N,KENTON AVE,1113.0,,,,,,,1,INCAPACITATING INJURY,1.0,0.0,1.0,0.0,0.0,0.0,0.0,11,5,2,41.8844516464,-87.7400714923,POINT (-87.740071492323 41.88445164637)
716465a050e9bd2c51dbafae98851d97708b27dd5dcfd7439a9b20095a46da786179bedb9ad752e5be5eb6f166eb883fcbe180cb050f1ed6dd41ede39f243e80,JE324965,N,08/03/2021 06:45:00 PM,30,NO CONTROLS,NO CONTROLS,CLEAR,DAYLIGHT,PARKED MOTOR VEHICLE,ONE-WAY,,STRAIGHT AND LEVEL,DRY,NO DEFECTS,ON SCENE,NO INJURY / DRIVE AWAY,,,,"OVER $1,500",08/03/2021 06:55:00 PM,DRIVING SKILLS/KNOWLEDGE/EXPERIENCE,DRIVING SKILLS/KNOWLEDGE/EXPERIENCE,5062,W,ADAMS ST,1533.0,,,,,,,2,NO INDICATION OF INJURY,0.0,0.0,0.0,0.0,0.0,1.0,0.0,18,3,8,41.8786209729,-87.7519131796,POINT (-87.751913179585 41.878620972855)
ced2bfc84ee36391f7969ebf79a4f87ae84f1e0abcd7c9bb63a56a2387657f211ed8732ba8fb0f8b27b0a1c9a308ce0210f1dbb7974aec5db4ea3a9b902ccce7,JA158619,,02/18/2017 02:15:00 PM,30,TRAFFIC SIGNAL,FUNCTIONING PROPERLY,CLEAR,DAYLIGHT,TURNING,NOT DIVIDED,,STRAIGHT AND LEVEL,DRY,NO DEFECTS,NOT ON SCENE (DESK REPORT),NO INJURY / DRIVE AWAY,,,,"OVER $1,500",02/18/2017 02:45:00 PM,FAILING TO YIELD RIGHT-OF-WAY,FAILING TO YIELD RIGHT-OF-WAY,10600,S,TORRENCE AVE,434.0,,,,,,,2,NO INDICATION OF INJURY,0.0,0.0,0.0,0.0,0.0,2.0,0.0,14,7,2,41.7026858266,-87.5597477072,POINT (-87.559747707177 41.702685826641)
00cf2c97be69ca21f65a0909a3eac3e8fbc3f3616d8cd626b6f3ac028a453dbc93a308d8abd0f42a5d6eb99a77a8c1d7171f83288500248b80cc5438aea50270,JD205024,,04/08/2020 06:55:00 PM,30,TRAFFIC SIGNAL,FUNCTIONING PROPERLY,CLEAR,DAYLIGHT,REAR END,FOUR WAY,,STRAIGHT AND LEVEL,DRY,UNKNOWN,NOT ON SCENE (DESK REPORT),NO INJURY / DRIVE AWAY,,,,"OVER $1,500",04/08/2020 07:15:00 PM,FOLLOWING TOO CLOSELY,NOT APPLICABLE,6600,S,JEFFERY DR,331.0,,,,,,,2,NO INDICATION OF INJURY,0.0,0.0,0.0,0.0,0.0,2.0,0.0,18,4,4,41.775307524,-87.5753109171,POINT (-87.575310917059 41.775307524011)
f28cf7cdf931386a0c9423deb98d46531eee17a6043576477135295844757faae8dd731d0865166d8b32c6f1197234337a65c1fa261e52499f2dc6e4dc88ed87,JE425244,,10/28/2021 10:05:00 AM,30,NO CONTROLS,NO CONTROLS,CLOUDY/OVERCAST,DAYLIGHT,PARKED MOTOR VEHICLE,DIVIDED - W/MEDIAN BARRIER,,STRAIGHT AND LEVEL,DRY,NO DEFECTS,ON SCENE,NO INJURY / DRIVE AWAY,,,,"$501 - $1,500",10/28/2021 10:08:00 AM,UNABLE TO DETERMINE,UNABLE TO DETERMINE,2337,S,WESTERN AVE,1034.0,,,,,,,2,NO INDICATION OF INJURY,0.0,0.0,0.0,0.0,0.0,1.0,0.0,10,5,10,41.849193537,-87.685410304,POINT (-87.685410303965 41.849193537019)
192df78fd85a5bbe55d31481e1cfb5b762b60a11d93a177649c9d080025872b9ab854d52a5f53f3743dc52cd9549e6294dc85a9f55c43fbb493ec9d013eb2ee5,JG257824,,05/11/2023 04:15:00 PM,30,TRAFFIC SIGNAL,UNKNOWN,UNKNOWN,DAYLIGHT,ANGLE,DIVIDED - W/MEDIAN (NOT RAISED),,STRAIGHT AND LEVEL,UNKNOWN,UNKNOWN,NOT ON SCENE (DESK REPORT),NO INJURY / DRIVE AWAY,Y,,,"OVER $1,500",05/12/2023 11:35:00 AM,IMPROPER LANE USAGE,UNABLE TO DETERMINE,2356,W,ARMITAGE AVE,1432.0,,,,,,,2,NO INDICATION OF INJURY,0.0,0.0,0.0,0.0,0.0,3.0,0.0,16,5,5,41.9176776048,-87.6873862389,POINT (-87.68738623885 41.917677604798)
75ada22c1e739e2db87c3fcb9ddfa645758fa3731402cfa1a2b3f2ea0714bbb749c524c60e0b12714342ace9dc14dfa311213803b078d23e2381886070d918b5,JF367298,,08/23/2022 09:23:00 AM,30,NO CONTROLS,NO CONTROLS,CLEAR,DAYLIGHT,TURNING,NOT DIVIDED,,STRAIGHT AND LEVEL,DRY,NO DEFECTS,ON SCENE,NO INJURY / DRIVE AWAY,,,Y,"OVER $1,500",08/23/2022 10:00:00 AM,IMPROPER LANE USAGE,IMPROPER TURNING/NO SIGNAL,11000,S,WENTWORTH AVE,513.0,,,,,,,2,NO INDICATION OF INJURY,0.0,0.0,0.0,0.0,0.0,2.0,0.0,9,3,8,41.6942998459,-87.6280913847,POINT (-87.628091384664 41.6942998459)
5218f7d68c5f76cc0354d70666fab161edfc652b1933ee6eeeb7c47a695a66090a228f37f71c14816a7f022e3a68009e548bec5f633d73fc23f7a07abf8101db,JD262369,,06/12/2020 06:50:00 PM,35,TRAFFIC SIGNAL,FUNCTIONING PROPERLY,CLEAR,DUSK,SIDESWIPE SAME DIRECTION,FOUR WAY,,STRAIGHT AND LEVEL,DRY,UNKNOWN,NOT ON SCENE (DESK REPORT),NO INJURY / DRIVE AWAY,Y,,Y,"OVER $1,500",06/12/2020 08:00:00 PM,UNABLE TO DETERMINE,UNABLE TO DETERMINE,6656,S,COTTAGE GROVE AVE,321.0,,,,,,,2,NO INDICATION OF INJURY,0.0,0.0,0.0,0.0,0.0,2.0,0.0,18,6,6,41.7732861901,-87.6059191026,POINT (-87.60591910261 41.773286190051)
2927c5ad02c88e90e1b57eaededc3689b27e27c641e319123b68ec58e1fa0496102034dfef0a0eadc7ade9f5d1f38b8993df740d55dc0dce9cb01edb9141ce02,JB546522,,12/09/2018 04:30:00 PM,30,NO CONTROLS,NO CONTROLS,CLEAR,DARKNESS,REAR END,NOT DIVIDED,,STRAIGHT AND LEVEL,DRY,NO DEFECTS,NOT ON SCENE (DESK REPORT),NO INJURY / DRIVE AWAY,,,,$500 OR LESS,12/09/2018 05:20:00 PM,FOLLOWING TOO CLOSELY,NOT APPLICABLE,150,N,STETSON AVE,114.0,,,,,,,2,NO INDICATION OF INJURY,0.0,0.0,0.0,0.0,0.0,2.0,0.0,16,1,12,41.8847810711,-87.6224353109,POINT (-87.62243531093 41.884781071092)
70d7d1c1de30451365156fd14910840c0949a02c88be9c769b452c17fe77f8c0e1573dd7e08ca55449e62721e7caf98481e8b4ed530530cc05be7dcc3615cb3b,HZ511502,Y,11/11/2016 03:00:00 PM,30,UNKNOWN,NO CONTROLS,RAIN,DAYLIGHT,REAR END,DIVIDED - W/MEDIAN (NOT RAISED),2.0,STRAIGHT AND LEVEL,DRY,NO DEFECTS,NOT ON SCENE (DESK REPORT),NO INJURY / DRIVE AWAY,,,,"$501 - $1,500",11/11/2016 03:48:00 PM,NOT APPLICABLE,UNABLE TO DETERMINE,4608,W,BELMONT AVE,1731.0,,,,,,,2,NO INDICATION OF INJURY,0.0,0.0,0.0,0.0,0.0,3.0,0.0,15,6,11,41.9389938243,-87.7426989895,POINT (-87.742698989467 41.938993824336)
c8e153e089af2bc0dd1e9ee07856080f068abde9fcdd08e72f56e9fc9d43d49656f00f465c8ccf4ae9f7db440b25b6497d05a32216cebf04fddb15edae5faf99,JG260452,,05/14/2023 04:00:00 PM,30,NO CONTROLS,NO CONTROLS,CLOUDY/OVERCAST,DAYLIGHT,TURNING,NOT DIVIDED,,STRAIGHT AND LEVEL,WET,NO DEFECTS,NOT ON SCENE (DESK REPORT),NO INJURY / DRIVE AWAY,,,,"$501 - $1,500",05/14/2023 04:40:00 PM,UNABLE TO DETERMINE,UNABLE TO DETERMINE,1520,S,FARRAR DR,1022.0,,,,,,,2,NO INDICATION OF INJURY,0.0,0.0,0.0,0.0,0.0,2.0,0.0,16,1,5,41.8603051055,-87.6965363685,POINT (-87.696536368532 41.860305105516)
c64292eb5a8e9cf6570d380890a792def9fdd274f9b1eaa3ae06b053aab58c536f11a751a055042b41de1a255e10b300cc2fbf3a8996270a1df6bb3acdeb285d,JA314188,Y,06/17/2017 04:00:00 PM,30,NO CONTROLS,NO CONTROLS,CLEAR,DAYLIGHT,PARKED MOTOR VEHICLE,NOT DIVIDED,2.0,STRAIGHT AND LEVEL,DRY,NO DEFECTS,NOT ON SCENE (DESK REPORT),NO INJURY / DRIVE AWAY,,,Y,"OVER $1,500",06/19/2017 04:50:00 PM,UNABLE TO DETERMINE,NOT APPLICABLE,2626,S,SAWYER AVE,1032.0,,,,,,,2,NO INDICATION OF INJURY,0.0,0.0,0.0,0.0,0.0,1.0,0.0,16,7,6,41.8436720913,-87.7063804767,POINT (-87.706380476696 41.843672091331)
4606b92bd292bd962afeadf6af687bad222f9880612e8e7f93d18ccc088c1b0f324c642a0f4d231b663578c24a499dc86c4b8124a5dcb62f2a1d3b4e20f7e029,JA542176,,12/08/2017 10:45:00 PM,30,TRAFFIC SIGNAL,FUNCTIONING PROPERLY,SNOW,"DARKNESS, LIGHTED ROAD",TURNING,DIVIDED - W/MEDIAN BARRIER,,STRAIGHT AND LEVEL,WET,NO DEFECTS,ON SCENE,INJURY AND / OR TOW DUE TO CRASH,Y,,,"OVER $1,500",12/08/2017 10:57:00 PM,FAILING TO YIELD RIGHT-OF-WAY,WEATHER,100,E,LA SALLE DR,1814.0,,,,,,,2,NO INDICATION OF INJURY,0.0,0.0,0.0,0.0,0.0,4.0,0.0,22,6,12,41.912577862,-87.6270978575,POINT (-87.627097857495 41.91257786203)
8640aa03a86f10df7a8c1dafc03d1551c4a4c0262397f3ab7bccb2b62e75f94132f1f92953d980712fce89d1c374f1a30c239475c880303d9842bba5b8987775,JG413393,Y,09/06/2023 11:00:00 AM,30,NO CONTROLS,NO CONTROLS,CLEAR,DAYLIGHT,SIDESWIPE SAME DIRECTION,DIVIDED - W/MEDIAN (NOT RAISED),,STRAIGHT AND LEVEL,DRY,NO DEFECTS,ON SCENE,NO INJURY / DRIVE AWAY,,,Y,"OVER $1,500",09/06/2023 11:30:00 AM,DRIVING SKILLS/KNOWLEDGE/EXPERIENCE,UNABLE TO DETERMINE,3120,N,AUSTIN AVE,2511.0,,,,,,,2,NO INDICATION OF INJURY,0.0,0.0,0.0,0.0,0.0,3.0,0.0,11,4,9,41.937252171,-87.776320528,POINT (-87.776320528037 41.937252170984)
5ecb41b4170758f00c5e2b96aa756ebcb5d551f14b71a8ff78cc4bee8de01385c19e147309149060339e24e11f9f7bfc9c87d68ec9abda0e43a823553e83d943,JD263884,,06/14/2020 01:15:00 PM,30,NO CONTROLS,NO CONTROLS,CLEAR,DAYLIGHT,SIDESWIPE SAME DIRECTION,ONE-WAY,,STRAIGHT AND LEVEL,DRY,NO DEFECTS,NOT ON SCENE (DESK REPORT),NO INJURY / DRIVE AWAY,,,,"$501 - $1,500",06/14/2020 01:55:00 PM,UNABLE TO DETERMINE,FAILING TO YIELD RIGHT-OF-WAY,10710,S,AVENUE F,432.0,,,,,,,2,NO INDICATION OF INJURY,0.0,0.0,0.0,0.0,0.0,2.0,0.0,13,1,6,41.7005227195,-87.5305970214,POINT (-87.530597021437 41.700522719477)
83ab6e651f2c49e5b5caa8494e047747ad4a388dc785b39ee09863e468ba7031582db808853594751a13517e9bc7bb92af718585260236eff67bed8f935b91fc,JG327341,,07/04/2023 12:30:00 PM,30,TRAFFIC SIGNAL,FUNCTIONING PROPERLY,CLEAR,DAYLIGHT,TURNING,NOT DIVIDED,,STRAIGHT AND LEVEL,DRY,UNKNOWN,NOT ON SCENE (DESK REPORT),NO INJURY / DRIVE AWAY,Y,,,"$501 - $1,500",07/04/2023 01:50:00 PM,DRIVING SKILLS/KNOWLEDGE/EXPERIENCE,DRIVING SKILLS/KNOWLEDGE/EXPERIENCE,6422,N,SHERIDAN RD,2432.0,,,,,,,2,NO INDICATION OF INJURY,0.0,0.0,0.0,0.0,0.0,2.0,0.0,12,3,7,41.9988587842,-87.6607839261,POINT (-87.66078392609 41.998858784157)
6315d851809928e519f00ccc31cb93e4a54647e83d210ae31113a3ddb09f4cb9de00729cc50b5f31397a0ff274106e47cc4e5285f0aaa1190bb6146f83f6b12d,JE154002,,02/27/2021 12:09:00 PM,30,NO CONTROLS,FUNCTIONING PROPERLY,CLEAR,DAYLIGHT,REAR END,CENTER TURN LANE,,STRAIGHT AND LEVEL,DRY,NO DEFECTS,ON SCENE,NO INJURY / DRIVE AWAY,N,,,"OVER $1,500",02/27/2021 12:10:00 PM,FAILING TO REDUCE SPEED TO AVOID CRASH,DRIVING SKILLS/KNOWLEDGE/EXPERIENCE,3589,N,MILWAUKEE AVE,1731.0,,,,,,,2,NO INDICATION OF INJURY,0.0,0.0,0.0,0.0,0.0,5.0,0.0,12,7,2,41.9460933649,-87.7351059166,POINT (-87.735105916563 41.946093364899)
418d13535935d2947440bf4d8f400d6547fc38fc6f5825cbd215afdc1c1b4ee16031d989eaa4a5141e900a3e9b4c8a7210472293076b103cbf34e6de69eb0f65,JE465117,,12/03/2021 06:30:00 PM,30,TRAFFIC SIGNAL,FUNCTIONING PROPERLY,CLEAR,"DARKNESS, LIGHTED ROAD",PARKED MOTOR VEHICLE,ONE-WAY,,STRAIGHT AND LEVEL,DRY,NO DEFECTS,ON SCENE,INJURY AND / OR TOW DUE TO CRASH,,,,"OVER $1,500",12/03/2021 06:32:00 PM,DISTRACTION - FROM OUTSIDE VEHICLE,DRIVING SKILLS/KNOWLEDGE/EXPERIENCE,98,N,KOSTNER AVE,1113.0,,,,,,,2,NO INDICATION OF INJURY,0.0,0.0,0.0,0.0,0.0,2.0,0.0,18,6,12,41.8818610139,-87.7356618178,POINT (-87.735661817788 41.881861013919)
2b82fa75a1f02b0f5e71846678af426f63dc27d7bd514aa9a3bb538a410823fa94a6c4dc9291ceb25fd571501a5726cf750aa2734bfe44aa7501fee80c1a1db3,JB197920,,03/24/2018 10:27:00 AM,20,NO CONTROLS,NO CONTROLS,CLEAR,DAYLIGHT,PARKED MOTOR VEHICLE,NOT DIVIDED,,STRAIGHT AND LEVEL,DRY,NO DEFECTS,ON SCENE,INJURY AND / OR TOW DUE TO CRASH,,,,"OVER $1,500",03/24/2018 10:27:00 AM,EQUIPMENT - VEHICLE CONDITION,EQUIPMENT - VEHICLE CONDITION,5255,N,RIVERS EDGE TER,1712.0,,,,,,,2,NO INDICATION OF INJURY,0.0,0.0,0.0,0.0,0.0,1.0,0.0,10,7,3,41.977243168,-87.7353108097,POINT (-87.735310809699 41.977243168)
3a244f3a667b6529117f3b15dc356733f2f8352af87149891e543d49979352c281bb3f999f453723ed6e33014936970b4a198cbe352a1b1d75afef24612a6065,JA362690,,07/24/2017 04:45:00 PM,30,UNKNOWN,UNKNOWN,CLEAR,DAYLIGHT,SIDESWIPE SAME DIRECTION,UNKNOWN,,STRAIGHT AND LEVEL,DRY,UNKNOWN,NOT ON SCENE (DESK REPORT),NO INJURY / DRIVE AWAY,,,,"$501 - $1,500",07/25/2017 01:15:00 PM,FAILING TO YIELD RIGHT-OF-WAY,FAILING TO YIELD RIGHT-OF-WAY,1147,N,LAVERGNE AVE,1531.0,,,,,,,2,NO INDICATION OF INJURY,0.0,0.0,0.0,0.0,0.0,2.0,0.0,16,2,7,41.901870088,-87.7507155561,POINT (-87.750715556131 41.901870087989)
f4e073db4b802805b2430d5484dfc48cda4a0f368cd3667f3859e1b7aaaabc269441ab6f2095d340b594b224f5a0015dbafb06a500e4eba9d2ce35fda7921114,JE254134,,06/04/2021 10:17:00 PM,30,STOP SIGN/FLASHER,FUNCTIONING PROPERLY,CLEAR,"DARKNESS, LIGHTED ROAD",PARKED MOTOR VEHICLE,NOT DIVIDED,,STRAIGHT AND LEVEL,DRY,NO DEFECTS,ON SCENE,INJURY AND / OR TOW DUE TO CRASH,,,Y,"OVER $1,500",06/04/2021 10:17:00 PM,UNABLE TO DETERMINE,DRIVING SKILLS/KNOWLEDGE/EXPERIENCE,5345,S,DREXEL AVE,233.0,,,,,,,3,NO INDICATION OF INJURY,0.0,0.0,0.0,0.0,0.0,1.0,0.0,22,6,6,41.7979994256,-87.6037424652,POINT (-87.603742465159 41.797999425633)
08a12eaf634ca59db021939089e614617b0982654f736e49de5c6de7b6e4e5ad5c745166244214958bd490993dbe9003e69079df8dcd403b531112718683cc02,HZ447619,,09/23/2016 08:30:00 PM,30,TRAFFIC SIGNAL,FUNCTIONING PROPERLY,CLEAR,DUSK,REAR END,NOT DIVIDED,4.0,STRAIGHT AND LEVEL,DRY,NO DEFECTS,NOT ON SCENE (DESK REPORT),NO INJURY / DRIVE AWAY,,,,"$501 - $1,500",09/24/2016 11:00:00 AM,FOLLOWING TOO CLOSELY,UNABLE TO DETERMINE,3726,W,IRVING PARK RD,1732.0,,Y,,,,,2,NO INDICATION OF INJURY,0.0,0.0,0.0,0.0,0.0,2.0,0.0,20,6,9,41.9538491898,-87.7214275014,POINT (-87.72142750144 41.953849189816)
fa94b9d8e2263574d6bb0e067a8ae28054baedaa3d241a499fa40afece0cf7f0d9d222597354a7f1aab08f16cf5abbdb7a9e3c0ff8e3ca84f3447221ba9dcbd6,JB240339,,04/27/2018 03:15:00 PM,0,NO CONTROLS,NO CONTROLS,CLEAR,DAYLIGHT,TURNING,DIVIDED - W/MEDIAN (NOT RAISED),,STRAIGHT AND LEVEL,DRY,NO DEFECTS,NOT ON SCENE (DESK REPORT),NO INJURY / DRIVE AWAY,,,,"OVER $1,500",04/27/2018 03:45:00 PM,IMPROPER TURNING/NO SIGNAL,NOT APPLICABLE,5455,S,ELLSWORTH DR,233.0,,,,,,,2,NO INDICATION OF INJURY,0.0,0.0,0.0,0.0,0.0,2.0,0.0,15,6,4,41.7950112692,-87.6145378524,POINT (-87.61453785242 41.795011269176)
d293777a9f809fb8f0f673ba20f93bc72deb70403bb92621be953c065977403908f93345d07ba2c20ea915c5d92d736a08e0cf392919932f025a6870cb975482,JC344801,,07/11/2019 08:30:00 PM,30,TRAFFIC SIGNAL,FUNCTIONING PROPERLY,CLEAR,DAWN,TURNING,NOT DIVIDED,,STRAIGHT AND LEVEL,DRY,NO DEFECTS,ON SCENE,NO INJURY / DRIVE AWAY,,,Y,"$501 - $1,500",07/11/2019 08:33:00 PM,UNABLE TO DETERMINE,UNABLE TO DETERMINE,8033,S,SAGINAW AVE,422.0,,,,,,,2,NO INDICATION OF INJURY,0.0,0.0,0.0,0.0,0.0,2.0,0.0,20,5,7,41.7490027758,-87.5599801003,POINT (-87.559980100297 41.749002775846)
78756209e08cd818629c42c0ebaf0d10587fd16997e64d4235cefc53dd47005235c8cf5d18467217852ee3199c475123136c0c4fc75718450e6b9fba3c094677,JB134361,,01/29/2018 08:30:00 AM,30,NO CONTROLS,NO CONTROLS,CLEAR,DAYLIGHT,ANGLE,NOT DIVIDED,2.0,STRAIGHT AND LEVEL,DRY,NO DEFECTS,NOT ON SCENE (DESK REPORT),NO INJURY / DRIVE AWAY,,,,"OVER $1,500",01/29/2018 06:15:00 PM,FAILING TO YIELD RIGHT-OF-WAY,UNABLE TO DETERMINE,1033,E,46TH ST,222.0,,,,,,,2,NO INDICATION OF INJURY,0.0,0.0,0.0,0.0,0.0,3.0,0.0,8,2,1,41.811314325,-87.6004059034,POINT (-87.60040590336 41.811314325048)
9591e7b102e9c4b281c95465f800b436a772e83f29d996ef81dfb5219e2a7ba1a36a480c29d3494cec0e967cbcc8d5ed0131c34481cff47ec973f3da64e52eee,JD455985,,12/11/2020 10:41:00 AM,30,TRAFFIC SIGNAL,UNKNOWN,CLEAR,DAYLIGHT,TURNING,"FIVE POINT, OR MORE",,STRAIGHT AND LEVEL,DRY,UNKNOWN,NOT ON SCENE (DESK REPORT),NO INJURY / DRIVE AWAY,Y,,Y,$500 OR LESS,12/11/2020 11:10:00 AM,UNABLE TO DETERMINE,NOT APPLICABLE,7058,S,SOUTH SHORE DR,331.0,,,,,,,2,NO INDICATION OF INJURY,0.0,0.0,0.0,0.0,0.0,3.0,0.0,10,6,12,41.7663654192,-87.5666278797,POINT (-87.566627879732 41.766365419233)
0b414ae9fe6cc5fddc70a16235f356664959f6c7063ad18480f769648556dcdb30317a94872ccc737b7907255c94a89d550a160fbb2c22d7c383e939a38ba23d,JB499406,,11/01/2018 03:15:00 PM,20,TRAFFIC SIGNAL,FUNCTIONING PROPERLY,CLEAR,DAYLIGHT,REAR END,NOT DIVIDED,2.0,STRAIGHT ON GRADE,DRY,NO DEFECTS,NOT ON SCENE (DESK REPORT),NO INJURY / DRIVE AWAY,Y,,Y,"$501 - $1,500",11/01/2018 04:45:00 PM,FOLLOWING TOO CLOSELY,FAILING TO REDUCE SPEED TO AVOID CRASH,10700,S,LONGWOOD DR,2212.0,,,,,,,2,NO INDICATION OF INJURY,0.0,0.0,0.0,0.0,0.0,2.0,0.0,15,5,11,41.6991545514,-87.6713730225,POINT (-87.671373022492 41.699154551362)