CRASH_RECORD_ID,RD_NO,CRASH_DATE_EST_I,CRASH_DATE,POSTED_SPEED_LIMIT,TRAFFIC_CONTROL_DEVICE,DEVICE_CONDITION,WEATHER_CONDITION,LIGHTING_CONDITION,FIRST_CRASH_TYPE,TRAFFICWAY_TYPE,LANE_CNT,ALIGNMENT,ROADWAY_SURFACE_COND,ROAD_DEFECT,REPORT_TYPE,CRASH_TYPE,INTERSECTION_RELATED_I,NOT_RIGHT_OF_WAY_I,HIT_AND_RUN_I,DAMAGE,DATE_POLICE_NOTIFIED,PRIM_CONTRIBUTORY_CAUSE,SEC_CONTRIBUTORY_CAUSE,STREET_NO,STREET_DIRECTION,STREET_NAME,BEAT_OF_OCCURRENCE,PHOTOS_TAKEN_I,STATEMENTS_TAKEN_I,DOORING_I,WORK_ZONE_I,WORK_ZONE_TYPE,WORKERS_PRESENT_I,NUM_UNITS,MOST_SEVERE_INJURY,INJURIES_TOTAL,INJURIES_FATAL,INJURIES_INCAPACITATING,INJURIES_NON_INCAPACITATING,INJURIES_REPORTED_NOT_EVIDENT,INJURIES_NO_INDICATION,INJURIES_UNKNOWN,CRASH_HOUR,CRASH_DAY_OF_WEEK,CRASH_MONTH,LATITUDE,LONGITUDE,LOCATION
5ba959356ab9c7cb9936c370fbe956fcdced8e6f0865703b1ddbd4a7be1da780e601e073e11272ebd72227a399be7517e000a6175deb29bd8f4aa76096895552,JF522012,,12/25/2022 01:56:00 AM,55,NO CONTROLS,NO CONTROLS,CLOUDY/OVERCAST,"DARKNESS, LIGHTED ROAD",FIXED OBJECT,ONE-WAY,,"CURVE, LEVEL",ICE,UNKNOWN,ON SCENE,INJURY AND / OR TOW DUE TO CRASH,,,,"OVER $1,500",12/25/2022 01:56:00 AM,WEATHER,DRIVING SKILLS/KNOWLEDGE/EXPERIENCE,900,N,LAKE SHORE DR,1833.0,,,,,,,1,NO INDICATION OF INJURY,0.0,0.0,0.0,0.0,0.0,1.0,0.0,1,1,12,41.8992809909,-87.6188945123,POINT (-87.618894512302 41.89928099092)
8894d020be14b1324cdd534a26ff9e7de8035445b48f30bd50e88ed8b0020769e3698587541af6698c07e39fd5fb4489eb5d940f70430dde67939b2864d06caf,JC397730,,08/18/2019 03:40:00 PM,30,TRAFFIC SIGNAL,FUNCTIONING PROPERLY,CLEAR,DAYLIGHT,PEDALCYCLIST,FOUR WAY,,STRAIGHT AND LEVEL,DRY,NO DEFECTS,ON SCENE,NO INJURY / DRIVE AWAY,,,,"$501 - $1,500",08/18/2019 04:41:00 PM,FAILING TO YIELD RIGHT-OF-WAY,NOT APPLICABLE,400,E,100TH ST,511.0,,,,,,,2,NO INDICATION OF INJURY,0.0,0.0,0.0,0.0,0.0,3.0,0.0,15,1,8,41.7126116891,-87.6138595145,POINT (-87.613859514469 41.712611689089)
b095b0421120ceedfd2ba8b9ebecb3c39ba6520ff70f97d993cd286ecfc6b128128b4c7cbc764efc07793afcd6dabc4f1643281249574d0bdf09382dd857fb1a,JF229154,,05/03/2022 05:25:00 PM,30,NO CONTROLS,NO CONTROLS,RAIN,DAYLIGHT,PARKED MOTOR VEHICLE,NOT DIVIDED,,STRAIGHT AND LEVEL,WET,NO DEFECTS,ON SCENE,INJURY AND / OR TOW DUE TO CRASH,,,,"OVER $1,500",05/03/2022 05:28:00 PM,IMPROPER OVERTAKING/PASSING,UNABLE TO DETERMINE,5142,N,LECLAIRE AVE,1623.0,,,,,,,2,NO INDICATION OF INJURY,0.0,0.0,0.0,0.0,0.0,1.0,0.0,17,3,5,41.9747277456,-87.7554166547,POINT (-87.755416654666 41.974727745613)
aed468ae1de80990127eca5827f56626eb3aaccb2dec11cb6dd0379d1bc4c6c75d53ced370a8aeb525854b288a26721293ef919816a85a8d0b3f7f44a08d9860,JB182729,,03/12/2018 10:31:00 AM,30,TRAFFIC SIGNAL,FUNCTIONING PROPERLY,CLEAR,DAYLIGHT,SIDESWIPE SAME DIRECTION,NOT DIVIDED,2.0,STRAIGHT AND LEVEL,DRY,NO DEFECTS,ON SCENE,NO INJURY / DRIVE AWAY,Y,,,$500 OR LESS,03/12/2018 10:33:00 AM,UNABLE TO DETERMINE,NOT APPLICABLE,9303,S,JEFFERY AVE,413.0,,,,,,,3,NO INDICATION OF INJURY,0.0,0.0,0.0,0.0,0.0,3.0,0.0,10,2,3,41.7259703121,-87.5752959421,POINT (-87.575295942057 41.725970312144)
bd9306c5ee6c910c51708f2082a6dc86b5fd049ed759634115cd626fbabc3f3ba5bb501416fbdbb32db11b6b7d490c056819a42c775eb992b92e80190f2c946b,JE314137,,07/20/2021 04:00:00 PM,20,NO CONTROLS,NO CONTROLS,CLEAR,DAYLIGHT,PARKED MOTOR VEHICLE,NOT DIVIDED,,STRAIGHT AND LEVEL,DRY,NO DEFECTS,NOT ON SCENE (DESK REPORT),NO INJURY / DRIVE AWAY,,,Y,"OVER $1,500",07/25/2021 10:30:00 PM,UNABLE TO DETERMINE,NOT APPLICABLE,1612,W,FULTON ST,1215.0,,,,,,,2,NO INDICATION OF INJURY,0.0,0.0,0.0,0.0,0.0,2.0,0.0,16,3,7,41.8870283829,-87.6676208115,POINT (-87.667620811545 41.88702838285)
21aa2ceaba574de8a6df0e0176acdc23d37b092f5fab154272179045bf8c2732a9ef0d98878511de67ec9a4f450d389b5f6a662e4cd74bc292147f873e387126,JA240423,,04/26/2017 06:15:00 PM,30,NO CONTROLS,NO CONTROLS,CLEAR,DAYLIGHT,SIDESWIPE SAME DIRECTION,NOT DIVIDED,1.0,STRAIGHT AND LEVEL,DRY,NO DEFECTS,NOT ON SCENE (DESK REPORT),NO INJURY / DRIVE AWAY,,,,"$501 - $1,500",04/26/2017 06:46:00 PM,FAILING TO YIELD RIGHT-OF-WAY,FOLLOWING TOO CLOSELY,700,W,DIVISION ST,1822.0,,,,,,,2,NO INDICATION OF INJURY,0.0,0.0,0.0,0.0,0.0,2.0,0.0,18,4,4,41.9037808653,-87.6460249686,POINT (-87.646024968555 41.903780865271)
b341c7edd346e092b65af37ff7aa50e9dcf35f8667b29761b25129388806964a4ba22861f0b3844ead1f0e5bbdc3e5edfa43cefcc197c0ac233f963297c0f5d5,JC434994,,09/15/2019 10:26:00 PM,30,STOP SIGN/FLASHER,FUNCTIONING PROPERLY,CLEAR,"DARKNESS, LIGHTED ROAD",REAR END,DIVIDED - W/MEDIAN BARRIER,,STRAIGHT AND LEVEL,DRY,NO DEFECTS,NOT ON SCENE (DESK REPORT),NO INJURY / DRIVE AWAY,,,,"OVER $1,500",09/15/2019 11:09:00 PM,FOLLOWING TOO CLOSELY,NOT APPLICABLE,1817,N,KIMBALL AVE,1422.0,,,,,,,2,NO INDICATION OF INJURY,0.0,0.0,0.0,0.0,0.0,3.0,0.0,22,1,9,41.9142332875,-87.7116697547,POINT (-87.711669754667 41.914233287545)
9cf8ba076ff2279ef2a8dcaea5a2d8b0b25f470d1684f1a41be7c6fd6f850f2b3b2aaecd0a2c304b4d4eca3a04a8cd4b2fa94bf59495de757643cef609d46d42,JB254155,,05/07/2018 03:55:00 PM,30,TRAFFIC SIGNAL,FUNCTIONING PROPERLY,CLEAR,DAYLIGHT,TURNING,NOT DIVIDED,4.0,STRAIGHT AND LEVEL,DRY,NO DEFECTS,NOT ON SCENE (DESK REPORT),NO INJURY / DRIVE AWAY,Y,,,"OVER $1,500",05/07/2018 06:30:00 PM,FOLLOWING TOO CLOSELY,NOT APPLICABLE,1660,E,57TH DR,331.0,,,,,,,2,NO INDICATION OF INJURY,0.0,0.0,0.0,0.0,0.0,2.0,0.0,15,2,5,41.7927272907,-87.5842789089,POINT (-87.584278908878 41.792727290671)
2f5790b03f70797b3adc8b729f40df2845d2625c56981a9333d5f239997ea33075a37dfe3797d80c2c44fd79908de7eea8035ce5bde8b7f3ccb3723bb1f9aa0e,JE186310,,04/01/2021 02:35:00 PM,30,NO CONTROLS,NO CONTROLS,CLEAR,DAYLIGHT,PARKED MOTOR VEHICLE,PARKING LOT,,STRAIGHT AND LEVEL,DRY,UNKNOWN,NOT ON SCENE (DESK REPORT),NO INJURY / DRIVE AWAY,,,,"OVER $1,500",04/01/2021 02:45:00 PM,NOT APPLICABLE,NOT APPLICABLE,3541,N,WESTERN AVE,1921.0,,,,,,,2,NO INDICATION OF INJURY,0.0,0.0,0.0,0.0,0.0,2.0,0.0,14,5,4,41.9461364005,-87.6880956838,POINT (-87.688095683784 41.946136400472)
3d9de542b412eac434fda6abfa3774f5aa9d4ed486d77ef4b6f2f707d466c3d07c895e0ce42a8cf684b3b91a0648181452086367fd2c3d74cce1d91a85387f57,JA322967,,06/25/2017 04:30:00 PM,30,NO CONTROLS,NO CONTROLS,CLEAR,DAYLIGHT,SIDESWIPE SAME DIRECTION,DIVIDED - W/MEDIAN (NOT RAISED),4.0,STRAIGHT AND LEVEL,DRY,NO DEFECTS,NOT ON SCENE (DESK REPORT),NO INJURY / DRIVE AWAY,,,Y,$500 OR LESS,06/26/2017 10:05:00 AM,UNABLE TO DETERMINE,UNABLE TO DETERMINE,4553,W,FOSTER AVE,1712.0,,,,,,,2,NO INDICATION OF INJURY,0.0,0.0,0.0,0.0,0.0,3.0,0.0,16,1,6,41.9752724369,-87.7426665982,POINT (-87.742666598182 41.975272436877)
86d45a5c8c1caaa2795a30516936b3dae149d31ddfbacb59b48dc94638c880a9e41f83432923191617b09da7f4266088775785549983d3dc7ee87c983b788780,JD260004,,06/10/2020 04:25:00 PM,30,NO CONTROLS,NO CONTROLS,CLEAR,DAYLIGHT,PARKED MOTOR VEHICLE,NOT DIVIDED,,STRAIGHT AND LEVEL,DRY,NO DEFECTS,ON SCENE,NO INJURY / DRIVE AWAY,,,,$500 OR LESS,06/10/2020 04:27:00 PM,DISTRACTION - FROM INSIDE VEHICLE,NOT APPLICABLE,5062,S,ARCHER AVE,815.0,,,,,,,2,NO INDICATION OF INJURY,0.0,0.0,0.0,0.0,0.0,1.0,0.0,16,4,6,41.8012497861,-87.7270304179,POINT (-87.727030417936 41.801249786122)
29d20547cedecdfb434d9ecd43eedee86546f4cbb1f3530f132baa4b5c81b3fdcee89299cea6b4f5cc6eb850d86a87e5cf20a38a9a7965c51dd1a9c6000e8a39,JA289513,,06/02/2017 07:45:00 AM,30,NO CONTROLS,NO CONTROLS,CLEAR,DAYLIGHT,REAR END,DIVIDED - W/MEDIAN (NOT RAISED),2.0,STRAIGHT AND LEVEL,DRY,NO DEFECTS,NOT ON SCENE (DESK REPORT),NO INJURY / DRIVE AWAY,,,,$500 OR LESS,06/02/2017 02:30:00 PM,DRIVING SKILLS/KNOWLEDGE/EXPERIENCE,NOT APPLICABLE,837,W,ARMITAGE AVE,1813.0,,,,,,,2,NO INDICATION OF INJURY,0.0,0.0,0.0,0.0,0.0,4.0,0.0,7,6,6,41.918047506,-87.6499508943,POINT (-87.649950894289 41.918047505959)
01dae126b696f18e6d206e883f7e35f0fe6736995160458693779e7af5683976b4c7a0287fa01b43d2af69a405601f49b5f682d1176903d1cde7d87da1e0dd87,JD388044,,10/04/2020 02:04:00 AM,35,NO CONTROLS,NO CONTROLS,CLEAR,"DARKNESS, LIGHTED ROAD",FIXED OBJECT,DIVIDED - W/MEDIAN BARRIER,,STRAIGHT AND LEVEL,DRY,NO DEFECTS,ON SCENE,INJURY AND / OR TOW DUE TO CRASH,Y,,,"OVER $1,500",10/04/2020 02:05:00 AM,UNDER THE INFLUENCE OF ALCOHOL/DRUGS (USE WHEN ARREST IS EFFECTED),"OPERATING VEHICLE IN ERRATIC, RECKLESS, CARELESS, NEGLIGENT OR AGGRESSIVE MANNER",2532,W,DIVERSEY AVE,1411.0,,,,,,,1,NO INDICATION OF INJURY,0.0,0.0,0.0,0.0,0.0,1.0,0.0,2,1,10,41.9322473849,-87.691706351,POINT (-87.691706351003 41.932247384878)
0d592bda5d051520ca0590055680674386419df3d9f70b8c39260d633dd2293ac7052cfbc1ca684deba9a94c0eda996e1338ebfc1eba4a6d82039fc81915af5f,JB293066,,06/04/2018 06:45:00 PM,30,TRAFFIC SIGNAL,NO CONTROLS,CLEAR,DAYLIGHT,REAR END,DIVIDED - W/MEDIAN (NOT RAISED),,STRAIGHT AND LEVEL,DRY,NO DEFECTS,ON SCENE,NO INJURY / DRIVE AWAY,Y,,,"$501 - $1,500",06/04/2018 06:49:00 PM,FAILING TO REDUCE SPEED TO AVOID CRASH,NOT APPLICABLE,6701,S,CICERO AVE,833.0,,,,,,,2,NO INDICATION OF INJURY,0.0,0.0,0.0,0.0,0.0,3.0,0.0,18,2,6,41.7710448011,-87.7419056317,POINT (-87.741905631651 41.771044801146)
a71d595def5dafd440a3bba0e169b9d85c369b06ac2a80bb4197415d06e4c6fe993c04cbf1d607afb4bf74158b0ef6bcc3742a5970d8aabd26767edff5cb841c,JF391979,,09/11/2022 02:15:00 PM,30,NO CONTROLS,NO CONTROLS,CLEAR,DAYLIGHT,ANGLE,NOT DIVIDED,,STRAIGHT AND LEVEL,WET,NO DEFECTS,NOT ON SCENE (DESK REPORT),NO INJURY / DRIVE AWAY,,,Y,"$501 - $1,500",09/11/2022 03:10:00 PM,FAILING TO YIELD RIGHT-OF-WAY,FAILING TO YIELD RIGHT-OF-WAY,3600,N,SACRAMENTO AVE,1733.0,,,,,,,2,NO INDICATION OF INJURY,0.0,0.0,0.0,0.0,0.0,2.0,0.0,14,1,9,41.9467425136,-87.7030754886,POINT (-87.703075488585 41.946742513581)
9d7a5dde12789d6f6927d95623bed1e066451cd551aba1d1be30a1fab9f6dcf791e1e5116e3909a00e3653174ec1d0b38286bcac585617bb2d4c2d59f2373b6c,JB500397,,11/02/2018 11:07:00 AM,30,TRAFFIC SIGNAL,FUNCTIONING PROPERLY,CLEAR,DAYLIGHT,TURNING,ONE-WAY,,STRAIGHT AND LEVEL,DRY,NO DEFECTS,NOT ON SCENE (DESK REPORT),NO INJURY / DRIVE AWAY,Y,,,$500 OR LESS,11/02/2018 11:50:00 AM,FOLLOWING TOO CLOSELY,FOLLOWING TOO CLOSELY,6300,S,YALE AVE,722.0,Y,,,,,,2,NO INDICATION OF INJURY,0.0,0.0,0.0,0.0,0.0,3.0,0.0,11,6,11,41.7799265177,-87.6319793256,POINT (-87.631979325574 41.779926517686)
3dc266e7794f5bbc5de92bb7eece5653a0fcc7a45b84c48dbc8ad8d5a33befc73bfa8e71afa798481ee9b702a553e7ffe978e7f7de80b219d7f36cc07abf429d,JE100050,,12/31/2020 11:30:00 PM,35,OTHER,FUNCTIONING PROPERLY,CLEAR,"DARKNESS, LIGHTED ROAD",FIXED OBJECT,DIVIDED - W/MEDIAN (NOT RAISED),,STRAIGHT AND LEVEL,DRY,UNKNOWN,ON SCENE,INJURY AND / OR TOW DUE TO CRASH,N,Y,,"OVER $1,500",01/01/2021 01:05:00 AM,NOT APPLICABLE,NOT APPLICABLE,7158,S,WESTERN AVE,832.0,,,,,,,1,NO INDICATION OF INJURY,0.0,0.0,0.0,0.0,0.0,1.0,0.0,23,5,12,41.7629662992,-87.6833405773,POINT (-87.683340577287 41.762966299223)
5c5f8afea9eb85b169e1780994bd5eff0b2e8cc854a70a0f2ef612cf48521242895cf0256ad0ff05763e712df6a6e98b12c061dd35f7079c4edf69c51c045e3e,JE298840,,07/12/2021 12:40:00 PM,30,NO CONTROLS,NO CONTROLS,CLEAR,DAYLIGHT,REAR END,NOT DIVIDED,,STRAIGHT AND LEVEL,UNKNOWN,NO DEFECTS,ON SCENE,INJURY AND / OR TOW DUE TO CRASH,,,,"$501 - $1,500",07/12/2021 12:41:00 PM,UNABLE TO DETERMINE,UNABLE TO DETERMINE,1771,W,MARQUETTE RD,725.0,,,,,,,2,NONINCAPACITATING INJURY,1.0,0.0,0.0,1.0,0.0,2.0,0.0,12,2,7,41.7720232176,-87.6688230176,POINT (-87.66882301755 41.772023217637)
da5e8c231d478631c4d0ac1f68e5d1376feafa65cce27915ca02b9e8527472c566254667db14a7148bc979b64feadf87144f80feafbfb6bdd65f52c3f15bfc4b,JE472317,,12/10/2021 09:27:00 AM,35,OTHER WARNING SIGN,FUNCTIONING PROPERLY,CLEAR,DAYLIGHT,FIXED OBJECT,DIVIDED - W/MEDIAN BARRIER,,"CURVE, LEVEL",DRY,NO DEFECTS,ON SCENE,NO INJURY / DRIVE AWAY,,,,"OVER $1,500",12/10/2021 09:28:00 AM,DRIVING SKILLS/KNOWLEDGE/EXPERIENCE,UNABLE TO DETERMINE,8700,S,CHICAGO SKYWAY OB,412.0,,,,,,,1,NO INDICATION OF INJURY,0.0,0.0,0.0,0.0,0.0,1.0,0.0,9,6,12,,,
eab15ec1d3d42d87d38142d1765fdda7962f190ca5084dd60f44fd1c0257969baece9de357a3bff51a3041c0dd7271f9fe67f83ff7e46ee7e0fa987cc2bded9b,JB186452,,03/14/2018 11:45:00 PM,30,TRAFFIC SIGNAL,FUNCTIONING PROPERLY,CLEAR,"DARKNESS, LIGHTED ROAD",TURNING,NOT DIVIDED,2.0,STRAIGHT AND LEVEL,DRY,NO DEFECTS,NOT ON SCENE (DESK REPORT),NO INJURY / DRIVE AWAY,Y,,,"$501 - $1,500",03/15/2018 09:34:00 AM,UNABLE TO DETERMINE,UNABLE TO DETERMINE,303,W,ILLINOIS ST,1831.0,,,,,,,2,NO INDICATION OF INJURY,0.0,0.0,0.0,0.0,0.0,4.0,0.0,23,4,3,41.890653023,-87.6357132939,POINT (-87.635713293859 41.890653022957)
8313740f0c8139f569e23b94f07175cbcecf37815ea9d3b9b141cd3ef81eaba96190c98bcb9826739c2bedb6094d12b0f95e2f92f5a8a7e612e55c349baa9220,JC374159,,08/01/2019 03:50:00 PM,30,UNKNOWN,NO CONTROLS,CLEAR,DAYLIGHT,ANGLE,FOUR WAY,,STRAIGHT AND LEVEL,DRY,NO DEFECTS,ON SCENE,INJURY AND / OR TOW DUE TO CRASH,Y,,,"OVER $1,500",08/01/2019 04:25:00 PM,IMPROPER TURNING/NO SIGNAL,FAILING TO YIELD RIGHT-OF-WAY,3199,W,IRVING PARK RD,1733.0,,,,,,,2,NO INDICATION OF INJURY,0.0,0.0,0.0,0.0,0.0,2.0,0.0,15,5,8,41.9538103828,-87.7079524703,POINT (-87.707952470268 41.953810382768)
9ad7e275ec246ea2acc5e8c8199c7fc3fcf77b4ea1faebe5504410dd5b507847dfa7057a6aff1cc45bd64c84f80e2eb6f752caaba7cc53aef94d69de4feed99f,JD159433,,02/21/2020 07:20:00 AM,30,PEDESTRIAN CROSSING SIGN,NO CONTROLS,CLEAR,DAYLIGHT,PEDESTRIAN,DIVIDED - W/MEDIAN (NOT RAISED),,STRAIGHT AND LEVEL,DRY,NO DEFECTS,ON SCENE,INJURY AND / OR TOW DUE TO CRASH,,,,$500 OR LESS,02/21/2020 07:37:00 AM,UNABLE TO DETERMINE,UNABLE TO DETERMINE,5458,N,KEDZIE AVE,1712.0,,,,,,,2,INCAPACITATING INJURY,1.0,0.0,1.0,0.0,0.0,1.0,0.0,7,6,2,41.9811657372,-87.7089616091,POINT (-87.708961609121 41.981165737163)
bc919477f7c6e2442a13e08dbf973f4736f9856d8b18ce311296bcb0131a981e5bbeeb536087ac0e5c7ed238c2a72776d748516d837dc628922c32e35e2b5117,JD426237,,11/07/2020 10:00:00 AM,30,NO CONTROLS,NO CONTROLS,CLEAR,UNKNOWN,PARKED MOTOR VEHICLE,ROUNDABOUT,,STRAIGHT AND LEVEL,DRY,UNKNOWN,NOT ON SCENE (DESK REPORT),NO INJURY / DRIVE AWAY,,,,"OVER $1,500",11/09/2020 04:00:00 PM,UNABLE TO DETERMINE,UNABLE TO DETERMINE,2310,W,GIDDINGS ST,1911.0,,,,,,,2,NO INDICATION OF INJURY,0.0,0.0,0.0,0.0,0.0,1.0,0.0,10,7,11,41.9678346792,-87.6868093825,POINT (-87.686809382517 41.967834679223)
56311521d96b090de056b7ade699d02f32f758f1982ebdb2b9733a8bc414baf75b15d19fe19773bcd2b04842ec95b92b2bc23324f067912d97a61fa0aef68a48,JF137829,,02/07/2022 08:00:00 AM,30,NO CONTROLS,NO CONTROLS,CLEAR,DAYLIGHT,SIDESWIPE SAME DIRECTION,NOT DIVIDED,,STRAIGHT AND LEVEL,DRY,UNKNOWN,NOT ON SCENE (DESK REPORT),NO INJURY / DRIVE AWAY,,,Y,$500 OR LESS,02/08/2022 01:30:00 PM,UNABLE TO DETERMINE,NOT APPLICABLE,1541,W,GARFIELD BLVD,713.0,,,,,,,2,NO INDICATION OF INJURY,0.0,0.0,0.0,0.0,0.0,2.0,0.0,8,2,2,41.7935601914,-87.6637704687,POINT (-87.663770468738 41.793560191404)
b48afb193a9dd2a31d6c378fdeb4a99dcc7b69de1ecca4d26f08f4c8d0d80b9d93bd44d1109732fbbaff308b2f8aabb536aa6848cd6623fab6e4e5e3ca73623b,JC503773,,11/08/2019 09:58:00 PM,40,NO CONTROLS,NO CONTROLS,CLEAR,DARKNESS,SIDESWIPE SAME DIRECTION,ONE-WAY,,STRAIGHT AND LEVEL,DRY,NO DEFECTS,ON SCENE,NO INJURY / DRIVE AWAY,,,Y,"OVER $1,500",11/08/2019 10:12:00 PM,UNABLE TO DETERMINE,UNABLE TO DETERMINE,1242,N,LAKE SHORE DR SB,1824.0,,,,,,,2,NO INDICATION OF INJURY,0.0,0.0,0.0,0.0,0.0,3.0,0.0,21,6,11,41.9052456566,-87.6250924529,POINT (-87.625092452915 41.905245656647)
4c6fd08fcb546782fb9dcd73f12458e449ef5fe2bd69660cff50401a1d833a19917a1c735d714d3e6649e91c86dd3ca7d8521af536e7ebc3d8572cc76809f68f,JA471467,,10/14/2017 07:15:00 PM,30,TRAFFIC SIGNAL,FUNCTIONING PROPERLY,RAIN,"DARKNESS, LIGHTED ROAD",PEDESTRIAN,NOT DIVIDED,2.0,STRAIGHT AND LEVEL,WET,NO DEFECTS,ON SCENE,INJURY AND / OR TOW DUE TO CRASH,Y,,,$500 OR LESS,10/14/2017 07:55:00 PM,WEATHER,"VISION OBSCURED (SIGNS, TREE LIMBS, BUILDINGS, ETC.)",3599,N,HALSTED ST,1925.0,,,,,,,2,NONINCAPACITATING INJURY,1.0,0.0,0.0,1.0,0.0,1.0,0.0,19,7,10,41.9472706806,-87.6493374658,POINT (-87.649337465761 41.947270680644)
20b8fb288408a917a35f7e39a7ae2b4ceabec348a966fd31cbe5c518e1a64efae08ba5730b5c405f19e039728025067150b3e06d93fd96c3f20223bcfb8f2f5d,HZ538570,,12/01/2016 07:15:00 PM,30,TRAFFIC SIGNAL,FUNCTIONING PROPERLY,CLEAR,"DARKNESS, LIGHTED ROAD",TURNING,NOT DIVIDED,4.0,STRAIGHT AND LEVEL,DRY,NO DEFECTS,NOT ON SCENE (DESK REPORT),NO INJURY / DRIVE AWAY,,,,"OVER $1,500",12/03/2016 02:50:00 PM,NOT APPLICABLE,NOT APPLICABLE,5202,N,WESTERN AVE,2011.0,,,,,,,2,NO INDICATION OF INJURY,0.0,0.0,0.0,0.0,0.0,2.0,0.0,19,5,12,41.9759959553,-87.6893021646,POINT (-87.689302164635 41.975995955294)
74c4ad949c91440d64ddc2b4dba7c971bdc2825f6a94534929076969d7df84cacdd977da69784415ee6fc850ec27edfa0241452fb680c3874830bbad3cf803a2,JB320744,,06/24/2018 03:00:00 PM,30,TRAFFIC SIGNAL,FUNCTIONING PROPERLY,CLEAR,DAYLIGHT,SIDESWIPE SAME DIRECTION,DIVIDED - W/MEDIAN BARRIER,2.0,STRAIGHT AND LEVEL,DRY,NO DEFECTS,ON SCENE,NO INJURY / DRIVE AWAY,,,Y,"OVER $1,500",06/24/2018 04:21:00 PM,UNABLE TO DETERMINE,NOT APPLICABLE,1554,E,HYDE PARK BLVD,222.0,,,,,,,2,NO INDICATION OF INJURY,0.0,0.0,0.0,0.0,0.0,2.0,0.0,15,1,6,41.8025946872,-87.5871028325,POINT (-87.587102832508 41.802594687153)
dcbd8295df782ec69e6cdb6598ab78135d73b1e5f75543f4efd81b84c115af5085b4af88511fc000c725d73fe192bbef1d4b14d77f4fed18df2d3ce5d7d3d933,JD132372,,01/29/2020 07:50:00 AM,20,STOP SIGN/FLASHER,FUNCTIONING PROPERLY,CLEAR,DAYLIGHT,ANGLE,UNKNOWN INTERSECTION TYPE,,STRAIGHT AND LEVEL,DRY,NO DEFECTS,ON SCENE,INJURY AND / OR TOW DUE TO CRASH,Y,,,"OVER $1,500",01/29/2020 08:00:00 AM,FAILING TO YIELD RIGHT-OF-WAY,NOT APPLICABLE,3800,N,MARMORA AVE,1633.0,,,,,,,2,NONINCAPACITATING INJURY,2.0,0.0,0.0,1.0,1.0,2.0,0.0,7,4,1,41.9494839705,-87.7743519248,POINT (-87.774351924793 41.949483970511)
6d788d3c0b5d085289228d9a8a3058d7ba3b83d62a1ca0820e92fd57d7f863dfbf872cd9847ea0da6be69584c7f58088f37c54686ebc30ddde15a0b65275a47c,JA364207,Y,07/26/2017 10:00:00 AM,15,NO CONTROLS,NO CONTROLS,CLEAR,DAYLIGHT,PARKED MOTOR VEHICLE,PARKING LOT,0.0,STRAIGHT AND LEVEL,DRY,NO DEFECTS,NOT ON SCENE (DESK REPORT),NO INJURY / DRIVE AWAY,,Y,Y,"OVER $1,500",07/26/2017 01:20:00 PM,UNABLE TO DETERMINE,NOT APPLICABLE,2710,W,SUMMERDALE AVE,2011.0,,,,,,,2,NO INDICATION OF INJURY,0.0,0.0,0.0,0.0,0.0,1.0,0.0,10,4,7,41.978679843,-87.6970770281,POINT (-87.697077028147 41.978679842986)
eaa0b4d45fc25a0639e4fe6229f64e0caffd8e00b7dd3bee876e7b3a343c4410f4773e32ec76935cf4089723df1039d0fe754125c62200c18dfa459c59f8a7b7,JA208850,,04/01/2017 03:15:00 PM,25,NO CONTROLS,NO CONTROLS,CLEAR,DAYLIGHT,ANGLE,NOT DIVIDED,,STRAIGHT AND LEVEL,DRY,NO DEFECTS,NOT ON SCENE (DESK REPORT),NO INJURY / DRIVE AWAY,,,,"$501 - $1,500",04/01/2017 04:48:00 PM,FAILING TO YIELD RIGHT-OF-WAY,NOT APPLICABLE,6727,W,DIVERSEY AVE,2512.0,,,,,,,2,NO INDICATION OF INJURY,0.0,0.0,0.0,0.0,0.0,2.0,0.0,15,7,4,41.9307897105,-87.7941819479,POINT (-87.794181947861 41.930789710465)
9d937527af021037bc0dbe8f98cab6bb72345481e26982af82c30893a8649cf60920c306b455f9cdf8c6a9ec5743bb5e0cf11a63c855e7c0c34a5fd747076ced,JC505034,,11/10/2019 01:15:00 AM,30,UNKNOWN,UNKNOWN,CLEAR,"DARKNESS, LIGHTED ROAD",REAR END,NOT DIVIDED,,STRAIGHT AND LEVEL,DRY,NO DEFECTS,ON SCENE,NO INJURY / DRIVE AWAY,,,Y,"OVER $1,500",11/10/2019 01:30:00 AM,"OPERATING VEHICLE IN ERRATIC, RECKLESS, CARELESS, NEGLIGENT OR AGGRESSIVE MANNER",FAILING TO REDUCE SPEED TO AVOID CRASH,4250,S,WESTERN AVE,921.0,,,,,,,2,NO INDICATION OF INJURY,0.0,0.0,0.0,0.0,0.0,2.0,0.0,1,1,11,41.8160098893,-87.6847833962,POINT (-87.684783396166 41.816009889303)
34b6e0801f3f205b794308f608f8b275cf7ddea9435d981190b83354eb98f7f83383f73a9ec04dce59cce77a997d12a19d55b4125bd913ab88ba7c7849985c3f,JC456856,,10/02/2019 08:30:00 AM,20,NO CONTROLS,NO CONTROLS,CLEAR,DAYLIGHT,TURNING,ALLEY,,STRAIGHT AND LEVEL,WET,NO DEFECTS,NOT ON SCENE (DESK REPORT),INJURY AND / OR TOW DUE TO CRASH,,,,"OVER $1,500",10/02/2019 10:00:00 AM,FAILING TO YIELD RIGHT-OF-WAY,NOT APPLICABLE,5903,S,SACRAMENTO AVE,824.0,,,,,,,2,NONINCAPACITATING INJURY,1.0,0.0,0.0,1.0,0.0,1.0,0.0,8,4,10,41.7861825564,-87.6983198112,POINT (-87.698319811153 41.78618255644)