CRASH_RECORD_ID,RD_NO,CRASH_DATE_EST_I,CRASH_DATE,POSTED_SPEED_LIMIT,TRAFFIC_CONTROL_DEVICE,DEVICE_CONDITION,WEATHER_CONDITION,LIGHTING_CONDITION,FIRST_CRASH_TYPE,TRAFFICWAY_TYPE,LANE_CNT,ALIGNMENT,ROADWAY_SURFACE_COND,ROAD_DEFECT,REPORT_TYPE,CRASH_TYPE,INTERSECTION_RELATED_I,NOT_RIGHT_OF_WAY_I,HIT_AND_RUN_I,DAMAGE,DATE_POLICE_NOTIFIED,PRIM_CONTRIBUTORY_CAUSE,SEC_CONTRIBUTORY_CAUSE,STREET_NO,STREET_DIRECTION,STREET_NAME,BEAT_OF_OCCURRENCE,PHOTOS_TAKEN_I,STATEMENTS_TAKEN_I,DOORING_I,WORK_ZONE_I,WORK_ZONE_TYPE,WORKERS_PRESENT_I,NUM_UNITS,MOST_SEVERE_INJURY,INJURIES_TOTAL,INJURIES_FATAL,INJURIES_INCAPACITATING,INJURIES_NON_INCAPACITATING,INJURIES_REPORTED_NOT_EVIDENT,INJURIES_NO_INDICATION,INJURIES_UNKNOWN,CRASH_HOUR,CRASH_DAY_OF_WEEK,CRASH_MONTH,LATITUDE,LONGITUDE,LOCATION
03d68daa51a37f688e5154d262ee758db7033aac09dce62d9280150511a792478b37f904e68fda40fd9004bd57152c4ebed24b4784d4ead30eceddf94e219105,JA521411,,11/21/2017 12:20:00 PM,30,TRAFFIC SIGNAL,FUNCTIONING PROPERLY,CLEAR,DAYLIGHT,REAR END,NOT DIVIDED,,STRAIGHT AND LEVEL,DRY,NO DEFECTS,NOT ON SCENE (DESK REPORT),NO INJURY / DRIVE AWAY,,,,"OVER $1,500",11/22/2017 10:10:00 AM,FOLLOWING TOO CLOSELY,UNABLE TO DETERMINE,6804,N,RIDGE BLVD,2411.0,,,,,,,2,NO INDICATION OF INJURY,0.0,0.0,0.0,0.0,0.0,2.0,0.0,12,3,11,42.005347962,-87.6803920413,POINT (-87.680392041343 42.005347962031)
86063b4a6568a822d7a5f99d2dec5ad8315e21357fb6ef5910eb832d86b2a8bd06acdcff45076bcb7c4931560bcc02f2c07efa72dc5f11997912454f0894141e,JB102515,,01/03/2018 06:30:00 AM,35,TRAFFIC SIGNAL,FUNCTIONING PROPERLY,SNOW,DAWN,REAR END,DIVIDED - W/MEDIAN (NOT RAISED),4.0,STRAIGHT AND LEVEL,SNOW OR SLUSH,UNKNOWN,NOT ON SCENE (DESK REPORT),NO INJURY / DRIVE AWAY,,,,"$501 - $1,500",01/03/2018 08:00:00 AM,UNABLE TO DETERMINE,NOT APPLICABLE,6601,N,WESTERN AVE,2412.0,,,,,,,2,NO INDICATION OF INJURY,0.0,0.0,0.0,0.0,0.0,2.0,0.0,6,4,1,42.0014606933,-87.6898319049,POINT (-87.689831904945 42.001460693303)
a8e5824567422b27ebb74386289b40fccc8789dd9648322c5c7a121da93b5479a870bd3225e8e02bc85ab81d6dfe9582aab32e2d8a6a55793f998ed532b77166,JF436007,,10/11/2022 07:36:00 PM,30,UNKNOWN,UNKNOWN,UNKNOWN,UNKNOWN,SIDESWIPE OPPOSITE DIRECTION,UNKNOWN,,STRAIGHT AND LEVEL,UNKNOWN,UNKNOWN,,INJURY AND / OR TOW DUE TO CRASH,,,,"$501 - $1,500",10/14/2022 08:45:00 PM,UNABLE TO DETERMINE,NOT APPLICABLE,2359,S,WESTERN AVE,1034.0,,,,,,,2,NONINCAPACITATING INJURY,1.0,0.0,0.0,1.0,0.0,3.0,0.0,19,3,10,41.8484469305,-87.6853907036,POINT (-87.685390703577 41.848446930514)
ad908adf4c64f26d209fa356b47f557ff8373e707ffcdbcdde5ac32ffa924cc601369ccc5865be237fa3e66fd0071c9cc08239e9ff09dfe7b8630a7d80068774,JF511942,,12/15/2022 04:12:00 PM,30,TRAFFIC SIGNAL,FUNCTIONING PROPERLY,SNOW,"DARKNESS, LIGHTED ROAD",REAR END,NOT DIVIDED,,STRAIGHT AND LEVEL,WET,NO DEFECTS,NOT ON SCENE (DESK REPORT),NO INJURY / DRIVE AWAY,,,Y,"OVER $1,500",12/15/2022 06:35:00 PM,FAILING TO REDUCE SPEED TO AVOID CRASH,DRIVING SKILLS/KNOWLEDGE/EXPERIENCE,3738,S,ARCHER AVE,911.0,,,,,,,2,NO INDICATION OF INJURY,0.0,0.0,0.0,0.0,0.0,2.0,0.0,16,5,12,41.8256413071,-87.685634671,POINT (-87.685634670959 41.825641307146)
28108147a2ea01320ad3ddef3184a58cce4fed829efc85ff06b2dcb82cce444bd06d9efd807120b9ae8419dbf19b525c07d17ad2c3a5c0608dbe61b716033373,JF181563,,03/19/2022 06:00:00 PM,30,TRAFFIC SIGNAL,FUNCTIONING PROPERLY,UNKNOWN,"DARKNESS, LIGHTED ROAD",REAR END,DIVIDED - W/MEDIAN (NOT RAISED),,STRAIGHT AND LEVEL,UNKNOWN,UNKNOWN,NOT ON SCENE (DESK REPORT),NO INJURY / DRIVE AWAY,Y,,,"OVER $1,500",03/21/2022 04:02:00 PM,FOLLOWING TOO CLOSELY,NOT APPLICABLE,835,N,MICHIGAN AVE,1833.0,,,,,,,2,NO INDICATION OF INJURY,0.0,0.0,0.0,0.0,0.0,3.0,0.0,18,7,3,41.8977408563,-87.623961316,POINT (-87.623961315982 41.897740856253)
3dc084e249fb17f526439244551f6f56082949771d10178910064a4add7b0a0dce1d3fe2a59b3014fb287f53c2b35214d60ac4664f6c1c86efc356465a40bf67,JF132871,,01/28/2023 08:30:00 AM,30,NO CONTROLS,NO CONTROLS,SNOW,UNKNOWN,PARKED MOTOR VEHICLE,NOT DIVIDED,,STRAIGHT AND LEVEL,SNOW OR SLUSH,UNKNOWN,ON SCENE,NO INJURY / DRIVE AWAY,,,Y,"OVER $1,500",01/28/2023 04:10:00 PM,UNABLE TO DETERMINE,UNABLE TO DETERMINE,1201,W,CARMEN AVE,2033.0,,,,,,,2,NO INDICATION OF INJURY,0.0,0.0,0.0,0.0,0.0,1.0,0.0,8,7,1,41.9745073533,-87.6599464086,POINT (-87.659946408595 41.974507353321)
8c6391bbb4b76e6e9a955e77bcf6283eb7bd8ef6ec6ea80b864afb51aec07cfb5a4984146e216c635b6e197a256f9af372f13b10a886b6810f91919a74983361,JA471404,,10/14/2017 06:35:00 PM,30,TRAFFIC SIGNAL,FUNCTIONING PROPERLY,RAIN,"DARKNESS, LIGHTED ROAD",REAR END,NOT DIVIDED,4.0,STRAIGHT AND LEVEL,WET,NO DEFECTS,NOT ON SCENE (DESK REPORT),NO INJURY / DRIVE AWAY,Y,,,"OVER $1,500",10/14/2017 06:50:00 PM,FOLLOWING TOO CLOSELY,FOLLOWING TOO CLOSELY,6200,N,LINCOLN AVE,1711.0,,,,,,,2,NO INDICATION OF INJURY,0.0,0.0,0.0,0.0,0.0,3.0,0.0,18,7,10,41.9944500041,-87.7142084392,POINT (-87.714208439209 41.994450004117)
c793d36b4c07505b04772f0fc97f6979803fd3eebc8c213d23a05ce9cd6de651822562ce7cbae47932d849541299ed85cc753a584fac59fab9c870f6f91ada66,JB158186,,02/19/2018 09:50:00 PM,30,NO CONTROLS,NO CONTROLS,RAIN,"DARKNESS, LIGHTED ROAD",PARKED MOTOR VEHICLE,NOT DIVIDED,,STRAIGHT AND LEVEL,WET,NO DEFECTS,ON SCENE,INJURY AND / OR TOW DUE TO CRASH,,,,"OVER $1,500",02/19/2018 09:50:00 PM,FAILING TO REDUCE SPEED TO AVOID CRASH,DRIVING SKILLS/KNOWLEDGE/EXPERIENCE,1432,W,CHESTNUT ST,1213.0,,,,,,,4,NO INDICATION OF INJURY,0.0,0.0,0.0,0.0,0.0,1.0,0.0,21,2,2,41.8980577294,-87.6637645949,POINT (-87.663764594898 41.898057729417)
30de8b71baca8a151f8dcfbb6edc51242227706c0a0f232e924c65042857125003760bb0d29168fb526b7463a786b16a80d0e9a512ffd1791429125b9b5c1e1b,JG394994,,08/23/2023 08:43:00 PM,30,NO CONTROLS,NO CONTROLS,CLEAR,"DARKNESS, LIGHTED ROAD",SIDESWIPE SAME DIRECTION,NOT DIVIDED,,STRAIGHT AND LEVEL,DRY,NO DEFECTS,NOT ON SCENE (DESK REPORT),NO INJURY / DRIVE AWAY,,,,"OVER $1,500",08/23/2023 09:00:00 PM,UNABLE TO DETERMINE,NOT APPLICABLE,1819,S,INDIANA AVE,132.0,,,,,,,2,NO INDICATION OF INJURY,0.0,0.0,0.0,0.0,0.0,3.0,0.0,20,4,8,41.8573498672,-87.6221726968,POINT (-87.622172696769 41.857349867167)
b8183af9840a06b0b4c203c9575a7724187694b0a79d136cbb78017dbef50620dd8be0539c5f655a5be5cf7445bfc70e23adc29d4fdc820a7d3dfc4616b27cc9,JB365766,,07/26/2018 09:00:00 AM,10,NO CONTROLS,NO CONTROLS,CLEAR,DAYLIGHT,PARKED MOTOR VEHICLE,ALLEY,1.0,STRAIGHT AND LEVEL,DRY,NO DEFECTS,ON SCENE,NO INJURY / DRIVE AWAY,,,,$500 OR LESS,07/26/2018 09:03:00 AM,NOT APPLICABLE,NOT APPLICABLE,10,E,DELAWARE PL,1833.0,,,,,,,2,NO INDICATION OF INJURY,0.0,0.0,0.0,0.0,0.0,1.0,0.0,9,5,7,41.8992550556,-87.627834638,POINT (-87.627834637991 41.899255055598)
d1948d25a2381b781c4bd2cbf5b9e596525d453e3a3ae62bc569ada4d170ac0efb875087559e2aad5a2ca02afc256e3b4b8f1ad4e263dfee97c61e8cd6417870,JG361013,Y,07/29/2023 01:00:00 PM,30,NO CONTROLS,NO CONTROLS,CLEAR,DAYLIGHT,PARKED MOTOR VEHICLE,ONE-WAY,,STRAIGHT AND LEVEL,DRY,UNKNOWN,ON SCENE,INJURY AND / OR TOW DUE TO CRASH,,,Y,"OVER $1,500",07/29/2023 02:39:00 PM,UNABLE TO DETERMINE,UNABLE TO DETERMINE,8009,S,MARQUETTE AVE,422.0,,,,,,,3,NO INDICATION OF INJURY,0.0,0.0,0.0,0.0,0.0,1.0,0.0,13,7,7,41.7496957169,-87.5587742272,POINT (-87.558774227226 41.749695716917)
b233e73e5ca43b502b17b4be9a7a1feecda8589c539a52a47b821321647c12da182141811b155fd82f7daa2efea80b2cd3d6c91ee01818f9089aa43dd3395d0a,JG164789,,02/24/2023 09:50:00 PM,35,TRAFFIC SIGNAL,FUNCTIONING PROPERLY,SNOW,"DARKNESS, LIGHTED ROAD",REAR END,NOT DIVIDED,,STRAIGHT AND LEVEL,SNOW OR SLUSH,NO DEFECTS,ON SCENE,INJURY AND / OR TOW DUE TO CRASH,,,,"OVER $1,500",02/24/2023 10:05:00 PM,FOLLOWING TOO CLOSELY,WEATHER,625,N,LA SALLE DR,1832.0,,,,,,,2,NO INDICATION OF INJURY,0.0,0.0,0.0,0.0,0.0,2.0,0.0,21,6,2,41.8931710772,-87.6324898726,POINT (-87.632489872566 41.893171077236)
1f7d387e3315c1f904dbd92c97d87e9b36b6b1fc6c6f268434ecbed43686f781174b26ed8113885186c312ae340ee906a53c32a7fdf01f7f344d0ad8af49ce45,JC276479,,05/24/2019 10:30:00 AM,30,NO CONTROLS,NO CONTROLS,RAIN,DAYLIGHT,FIXED OBJECT,ALLEY,,STRAIGHT AND LEVEL,WET,WORN SURFACE,ON SCENE,NO INJURY / DRIVE AWAY,,Y,,"OVER $1,500",05/24/2019 11:00:00 AM,UNABLE TO DETERMINE,UNABLE TO DETERMINE,329,W,SCHILLER ST,1821.0,,,,,,,2,NO INDICATION OF INJURY,0.0,0.0,0.0,0.0,0.0,1.0,0.0,10,6,5,41.9075027529,-87.6378008946,POINT (-87.637800894591 41.907502752942)
81c58f9780f141dd0fdb6ee0d28f323f5732f13f342b8eafe2559c5df0fef6cbf3340634d6dc31ad81067c239f04fc7fc8245fc4c96c6978e34ae8378e1f5920,JC343760,,07/11/2019 05:06:00 AM,25,NO CONTROLS,NO CONTROLS,CLEAR,DUSK,REAR TO REAR,PARKING LOT,,STRAIGHT AND LEVEL,DRY,NO DEFECTS,,NO INJURY / DRIVE AWAY,,Y,N,"OVER $1,500",07/11/2019 07:40:00 AM,IMPROPER BACKING,NOT APPLICABLE,4045,W,LAWRENCE AVE,1722.0,,,,,,,2,NO INDICATION OF INJURY,0.0,0.0,0.0,0.0,0.0,2.0,0.0,5,5,7,41.9681117866,-87.7298678825,POINT (-87.729867882515 41.968111786581)
a6e9972b1e8fe4a5f2400bd29f759f8518fb5031d3053b684ad60345ddd7379826e9793e2e211064b4a17d8c1797ebce80a4d338d728ae0fb32a5d389f6dafc8,JF103415,N,01/01/2022 05:00:00 PM,30,NO CONTROLS,NO CONTROLS,CLEAR,"DARKNESS, LIGHTED ROAD",PARKED MOTOR VEHICLE,PARKING LOT,,STRAIGHT AND LEVEL,DRY,NO DEFECTS,NOT ON SCENE (DESK REPORT),NO INJURY / DRIVE AWAY,,,Y,"OVER $1,500",01/04/2022 05:50:00 PM,UNABLE TO DETERMINE,UNABLE TO DETERMINE,4720,S,COTTAGE GROVE AVE,223.0,,,,,,,2,NO INDICATION OF INJURY,0.0,0.0,0.0,0.0,0.0,1.0,0.0,17,7,1,41.8089016637,-87.6066969662,POINT (-87.606696966181 41.808901663696)
e4dae78d7131cca437b8b2027a026ebfe5d2d798220245c63fad91dd0d9f549bbd7ef59819a3ac680310b7e6162c12d4e3c059d823282f9dcb94a30d950f838b,JC285212,,05/25/2019 11:30:00 AM,30,NO CONTROLS,NO CONTROLS,CLEAR,DAYLIGHT,PARKED MOTOR VEHICLE,NOT DIVIDED,,STRAIGHT AND LEVEL,DRY,NO DEFECTS,NOT ON SCENE (DESK REPORT),NO INJURY / DRIVE AWAY,,,Y,"OVER $1,500",05/30/2019 06:24:00 PM,UNABLE TO DETERMINE,NOT APPLICABLE,1101,W,14TH PL,1232.0,,,,,,,2,NO INDICATION OF INJURY,0.0,0.0,0.0,0.0,0.0,1.0,0.0,11,7,5,41.8623887391,-87.6542647159,POINT (-87.654264715893 41.862388739055)
c5ae50516cebfa58d89d6430e3bc3114ffa4a99bcff9dc2ba33f759fe0828b24c2523890f2a9610f4610b76f266379f07c65b3d632cfe48f031b53dd4274c07d,JA286893,,05/31/2017 04:15:00 PM,30,TRAFFIC SIGNAL,FUNCTIONING PROPERLY,CLEAR,DAYLIGHT,REAR END,DIVIDED - W/MEDIAN (NOT RAISED),2.0,STRAIGHT AND LEVEL,DRY,UNKNOWN,NOT ON SCENE (DESK REPORT),INJURY AND / OR TOW DUE TO CRASH,,,,"OVER $1,500",05/31/2017 05:00:00 PM,UNABLE TO DETERMINE,UNABLE TO DETERMINE,9100,S,HALSTED ST,2223.0,,,,,,,2,"REPORTED, NOT EVIDENT",2.0,0.0,0.0,0.0,2.0,4.0,0.0,16,4,5,41.7286742838,-87.6435580466,POINT (-87.643558046563 41.728674283825)
869178e4912c5bb16c7db396d3607f6c88d8b207bf37ad7dda73ab1d2effe75a08b884f01e93934b3c28baffeb8f60fd63452783a84d2d316c642baa9ddc1520,HZ225947,,04/14/2016 07:00:00 AM,30,NO CONTROLS,NO CONTROLS,CLEAR,DAYLIGHT,PARKED MOTOR VEHICLE,DIVIDED - W/MEDIAN (NOT RAISED),2.0,STRAIGHT AND LEVEL,DRY,NO DEFECTS,NOT ON SCENE (DESK REPORT),NO INJURY / DRIVE AWAY,,,Y,"OVER $1,500",04/14/2016 04:55:00 PM,UNABLE TO DETERMINE,UNABLE TO DETERMINE,4410,W,JACKSON BLVD,1113.0,,,,,,,2,NO INDICATION OF INJURY,0.0,0.0,0.0,0.0,0.0,1.0,0.0,7,5,4,41.8770695367,-87.7358539701,POINT (-87.735853970076 41.877069536681)
f8faa630be4973c1c88bb6fc72e28b913cb0d7bcfa383ce9715be867a2dff549ee9d520c6e6173eb184b26e6fed6a49b759c01afcbc99caaaa0e18371894c8f9,JC228315,,04/17/2019 07:00:00 AM,30,NO CONTROLS,NO CONTROLS,CLEAR,DAYLIGHT,PARKED MOTOR VEHICLE,DIVIDED - W/MEDIAN (NOT RAISED),2.0,STRAIGHT AND LEVEL,DRY,NO DEFECTS,NOT ON SCENE (DESK REPORT),NO INJURY / DRIVE AWAY,,,Y,"OVER $1,500",04/17/2019 07:00:00 PM,UNABLE TO DETERMINE,UNABLE TO DETERMINE,6211,W,GRAND AVE,2512.0,,,,,,,2,NO INDICATION OF INJURY,0.0,0.0,0.0,0.0,0.0,1.0,0.0,7,4,4,41.9214426217,-87.7810232561,POINT (-87.781023256085 41.921442621736)
b58d822756821fa1036e2c945e168e4669816226a8985485eb22d7745edaeeadd45edadc18211c157de00d74c644aba12f7c21715bbfe050cc8fa4825defcb4e,JB475779,,10/14/2018 09:00:00 PM,30,STOP SIGN/FLASHER,FUNCTIONING PROPERLY,RAIN,"DARKNESS, LIGHTED ROAD",ANGLE,NOT DIVIDED,2.0,STRAIGHT AND LEVEL,WET,NO DEFECTS,NOT ON SCENE (DESK REPORT),INJURY AND / OR TOW DUE TO CRASH,Y,,Y,"OVER $1,500",10/14/2018 11:05:00 PM,DISREGARDING STOP SIGN,UNABLE TO DETERMINE,6831,W,SCHUBERT AVE,2512.0,,,,,,,2,NO INDICATION OF INJURY,0.0,0.0,0.0,0.0,0.0,2.0,0.0,21,1,10,41.9289381566,-87.7966933198,POINT (-87.796693319803 41.928938156608)
e5efebf7d67a0d29cc82be2a622aacdf2ff4e9f4b010a6b4d90f2f6d1fab3c4e9f6c2b93d44c884a3e582d6d18b36eef43c9b52b2af0ea502b338d88200df333,JD280390,,06/29/2020 09:00:00 AM,30,UNKNOWN,UNKNOWN,UNKNOWN,UNKNOWN,PARKED MOTOR VEHICLE,UNKNOWN,,STRAIGHT AND LEVEL,UNKNOWN,UNKNOWN,NOT ON SCENE (DESK REPORT),NO INJURY / DRIVE AWAY,,,,"OVER $1,500",06/29/2020 05:30:00 PM,UNABLE TO DETERMINE,NOT APPLICABLE,2501,N,HARLEM AVE,2512.0,,,,,,,2,NO INDICATION OF INJURY,0.0,0.0,0.0,0.0,0.0,1.0,0.0,9,2,6,41.9253692344,-87.8061582089,POINT (-87.80615820893 41.925369234406)
3fc688bd3631dfb16caba72fba41859b04a6e581849579718309b0a90b904d84ba96f56d87d3d487067e5ee6fb202c587e18fa45d97e1f0cd3b9ea50792622a3,JD314304,,07/29/2020 05:20:00 PM,30,NO CONTROLS,NO CONTROLS,CLEAR,DAYLIGHT,PARKED MOTOR VEHICLE,ONE-WAY,,STRAIGHT AND LEVEL,DRY,NO DEFECTS,ON SCENE,NO INJURY / DRIVE AWAY,,,,"OVER $1,500",07/29/2020 05:25:00 PM,UNABLE TO DETERMINE,UNABLE TO DETERMINE,1816,W,HADDON AVE,1212.0,,,,,,,2,NO INDICATION OF INJURY,0.0,0.0,0.0,0.0,0.0,1.0,0.0,17,4,7,41.9024568276,-87.6731493671,POINT (-87.673149367141 41.902456827564)
c1b756f946183612d1ea89df5cdef833b21525fa39f72250f59e6a4e20df3d765b1a383b67b0ef74624343225c6978299ff7f4aa8c8b7ce51ddb8bcd505cb56f,JA459676,,10/05/2017 04:50:00 PM,30,NO CONTROLS,NO CONTROLS,CLEAR,DAYLIGHT,SIDESWIPE SAME DIRECTION,NOT DIVIDED,2.0,STRAIGHT AND LEVEL,DRY,NO DEFECTS,ON SCENE,INJURY AND / OR TOW DUE TO CRASH,,,,"OVER $1,500",10/05/2017 04:50:00 PM,IMPROPER OVERTAKING/PASSING,UNABLE TO DETERMINE,542,E,75TH ST,323.0,,,,,,,2,NO INDICATION OF INJURY,0.0,0.0,0.0,0.0,0.0,2.0,0.0,16,5,10,41.7585900693,-87.6109877535,POINT (-87.610987753453 41.758590069321)
acda72b2bd27de58ae050fc0de643bff6c47e8cc4eaa0a06f9920fb837eb84872cf1ecd2da9ee9bef0ee60b7c77ba978c5c34f6321b99d49f0e6bd24fe6a9170,JF194400,,04/02/2022 03:02:00 AM,30,TRAFFIC SIGNAL,FUNCTIONING PROPERLY,CLEAR,"DARKNESS, LIGHTED ROAD",ANGLE,NOT DIVIDED,,STRAIGHT AND LEVEL,DRY,NO DEFECTS,ON SCENE,INJURY AND / OR TOW DUE TO CRASH,Y,,,"OVER $1,500",04/02/2022 03:04:00 AM,DISREGARDING TRAFFIC SIGNALS,UNABLE TO DETERMINE,526,N,ORLEANS ST,1831.0,,,,,,,2,NONINCAPACITATING INJURY,1.0,0.0,0.0,1.0,0.0,4.0,0.0,3,7,4,41.891503833,-87.6371764412,POINT (-87.637176441212 41.891503833012)
3cf2cd6ff0de86dd22d26ffba0244f8f5d7e6a99795d72449c595dfe49eb7496a4dde0f5e3df7cbf4d393528a0c433b23d7d76245e59508c8eee32deae59c6eb,JB539974,,12/01/2018 04:51:00 PM,35,TRAFFIC SIGNAL,NOT FUNCTIONING,RAIN,DARKNESS,TURNING,NOT DIVIDED,2.0,STRAIGHT AND LEVEL,WET,UNKNOWN,NOT ON SCENE (DESK REPORT),NO INJURY / DRIVE AWAY,Y,,,"OVER $1,500",12/04/2018 03:30:00 PM,UNABLE TO DETERMINE,UNABLE TO DETERMINE,4001,W,OGDEN AVE,1013.0,,,,,,,2,NO INDICATION OF INJURY,0.0,0.0,0.0,0.0,0.0,2.0,0.0,16,7,12,41.8509579594,-87.7247752232,POINT (-87.724775223225 41.850957959368)
06abb963f75f22ffa5970247ab6dafd717cccb7c26be2a4fd15838178319ac24bbc7692e2686b81070eb896e144e28bf41ccbef07abc0f59e5033fa30deddefd,JD243586,,05/26/2020 03:32:00 PM,25,NO CONTROLS,NO CONTROLS,CLEAR,DAYLIGHT,SIDESWIPE SAME DIRECTION,NOT DIVIDED,,STRAIGHT AND LEVEL,DRY,NO DEFECTS,ON SCENE,NO INJURY / DRIVE AWAY,,,,$500 OR LESS,05/26/2020 03:32:00 PM,UNABLE TO DETERMINE,NOT APPLICABLE,6026,W,GRAND AVE,2512.0,,,,,,,2,NO INDICATION OF INJURY,0.0,0.0,0.0,0.0,0.0,2.0,0.0,15,3,5,41.9208793408,-87.7767329311,POINT (-87.776732931061 41.92087934081)
584c54ce52e57e7f2c76796ec19cb3b486ec6b1ff93a8565e8d3701de1763e14d2c6e1afb3f2957ac198e59c22b7d0ae41e08e8f25303c30bd22b6d6a8e5f343,JA168326,,02/26/2017 10:30:00 PM,30,NO CONTROLS,NO CONTROLS,CLEAR,UNKNOWN,OTHER OBJECT,OTHER,2.0,STRAIGHT AND LEVEL,DRY,NO DEFECTS,NOT ON SCENE (DESK REPORT),INJURY AND / OR TOW DUE TO CRASH,,,,"OVER $1,500",02/26/2017 11:30:00 PM,ROAD CONSTRUCTION/MAINTENANCE,NOT APPLICABLE,1230,E,76TH ST,411.0,,,,,,,1,NO INDICATION OF INJURY,0.0,0.0,0.0,0.0,0.0,2.0,0.0,22,1,2,41.7569805126,-87.594073995,POINT (-87.594073994987 41.75698051255)
fcec3afdd64ba0253f75046376445d4dc796d5766cb6e95776b3126bdeceb423eccecce93682860838766aad4d9aa6354d6ddb65abdc043f246db6e9e19adc26,JB499292,,11/01/2018 03:02:00 PM,25,NO CONTROLS,NO CONTROLS,CLEAR,DAYLIGHT,TURNING,PARKING LOT,1.0,STRAIGHT AND LEVEL,DRY,NO DEFECTS,ON SCENE,INJURY AND / OR TOW DUE TO CRASH,,,,"OVER $1,500",11/01/2018 03:14:00 PM,UNABLE TO DETERMINE,NOT APPLICABLE,4612,W,59TH ST,813.0,,,,,,,2,NO INDICATION OF INJURY,0.0,0.0,0.0,0.0,0.0,3.0,0.0,15,5,11,41.7857328077,-87.7384383227,POINT (-87.738438322686 41.785732807652)
84e34e53e5cbbe4a88ba0ac86e226a975f353bda48629fb0a95b7200ccc6720289ee58a8f4306f41f3dfe2ed782c7382db80f696648a8d45c3e3ae2eb59ab13d,JD361874,,09/09/2020 04:00:00 PM,35,TRAFFIC SIGNAL,NO CONTROLS,CLEAR,DAYLIGHT,ANGLE,DIVIDED - W/MEDIAN (NOT RAISED),,STRAIGHT AND LEVEL,DRY,NO DEFECTS,NOT ON SCENE (DESK REPORT),NO INJURY / DRIVE AWAY,,,Y,"OVER $1,500",09/09/2020 05:00:00 PM,FAILING TO YIELD RIGHT-OF-WAY,UNABLE TO DETERMINE,7500,S,VINCENNES AVE,623.0,,,,,,,2,NO INDICATION OF INJURY,0.0,0.0,0.0,0.0,0.0,2.0,0.0,16,4,9,41.7581455263,-87.6315247504,POINT (-87.631524750352 41.758145526339)
9d14ee122f2a83ad7389a3207d183d5a727946b23e090fb0745ba1be8c372d82eeb0ae18d478b9045dbbae9815b45a51b60fd76ef18114d9f2560b5b3c1b0ee8,JB290568,,06/03/2018 12:50:00 AM,30,TRAFFIC SIGNAL,FUNCTIONING PROPERLY,RAIN,"DARKNESS, LIGHTED ROAD",REAR END,DIVIDED - W/MEDIAN (NOT RAISED),4.0,STRAIGHT AND LEVEL,WET,NO DEFECTS,ON SCENE,INJURY AND / OR TOW DUE TO CRASH,,,Y,"OVER $1,500",06/03/2018 12:52:00 AM,FAILING TO YIELD RIGHT-OF-WAY,WEATHER,12700,S,WALLACE ST,523.0,,,,,,,2,"REPORTED, NOT EVIDENT",1.0,0.0,0.0,0.0,1.0,1.0,0.0,0,1,6,41.663173271,-87.6367630788,POINT (-87.636763078789 41.663173270962)
0db5837362554b6a574a346eba31370ec7423983b847177e7f52b6f2b022a6c8e5c09879ddc6d24b3908bc6fde9a79eadd8ebb0b062597f702eeebadd1e9d981,JB403660,,08/22/2018 07:45:00 AM,25,TRAFFIC SIGNAL,FUNCTIONING PROPERLY,CLEAR,DAYLIGHT,REAR END,NOT DIVIDED,,STRAIGHT AND LEVEL,DRY,NO DEFECTS,NOT ON SCENE (DESK REPORT),NO INJURY / DRIVE AWAY,,,,"$501 - $1,500",08/22/2018 08:35:00 AM,UNABLE TO DETERMINE,UNABLE TO DETERMINE,3400,W,GRAND AVE,1121.0,,,,,,,2,NO INDICATION OF INJURY,0.0,0.0,0.0,0.0,0.0,2.0,0.0,7,4,8,41.8998219477,-87.7114386571,POINT (-87.711438657065 41.899821947712)
9dcca4a047a8557a05aa2ad063e5ec11bcc3549401adaca66d8f4fa073b95154045b0b34ab82707e9479666924749581d446f1eef567a4008c12cfa2f7b8e2c3,JE460310,,11/29/2021 02:20:00 PM,30,STOP SIGN/FLASHER,FUNCTIONING PROPERLY,CLEAR,DAYLIGHT,ANGLE,FOUR WAY,,STRAIGHT AND LEVEL,DRY,NO DEFECTS,ON SCENE,INJURY AND / OR TOW DUE TO CRASH,Y,,,"OVER $1,500",11/29/2021 02:25:00 PM,DISREGARDING STOP SIGN,DISREGARDING STOP SIGN,1600,E,72ND ST,324.0,,,,,,,2,NO INDICATION OF INJURY,0.0,0.0,0.0,0.0,0.0,3.0,0.0,14,2,11,41.7643484466,-87.5858451682,POINT (-87.585845168175 41.764348446598)
36a25ef363eec1799bdd0687d11f884a7202cdaf119635daa1a2f1f5bc79b22e9a7d4db007cc502a1cf80d4bfabfe5f9084c592367fd9d7a190665a8bd09be9b,JF176191,,03/16/2022 03:31:00 PM,30,NO CONTROLS,UNKNOWN,CLEAR,DAYLIGHT,PARKED MOTOR VEHICLE,NOT DIVIDED,,STRAIGHT AND LEVEL,DRY,NO DEFECTS,ON SCENE,NO INJURY / DRIVE AWAY,,,Y,"$501 - $1,500",03/16/2022 05:20:00 PM,DRIVING SKILLS/KNOWLEDGE/EXPERIENCE,UNABLE TO DETERMINE,26,S,STATE ST,112.0,,,,,,,2,NO INDICATION OF INJURY,0.0,0.0,0.0,0.0,0.0,1.0,0.0,15,4,3,41.8813897146,-87.6278964558,POINT (-87.627896455838 41.881389714577)