CRASH_RECORD_ID,RD_NO,CRASH_DATE_EST_I,CRASH_DATE,POSTED_SPEED_LIMIT,TRAFFIC_CONTROL_DEVICE,DEVICE_CONDITION,WEATHER_CONDITION,LIGHTING_CONDITION,FIRST_CRASH_TYPE,TRAFFICWAY_TYPE,LANE_CNT,ALIGNMENT,ROADWAY_SURFACE_COND,ROAD_DEFECT,REPORT_TYPE,CRASH_TYPE,INTERSECTION_RELATED_I,NOT_RIGHT_OF_WAY_I,HIT_AND_RUN_I,DAMAGE,DATE_POLICE_NOTIFIED,PRIM_CONTRIBUTORY_CAUSE,SEC_CONTRIBUTORY_CAUSE,STREET_NO,STREET_DIRECTION,STREET_NAME,BEAT_OF_OCCURRENCE,PHOTOS_TAKEN_I,STATEMENTS_TAKEN_I,DOORING_I,WORK_ZONE_I,WORK_ZONE_TYPE,WORKERS_PRESENT_I,NUM_UNITS,MOST_SEVERE_INJURY,INJURIES_TOTAL,INJURIES_FATAL,INJURIES_INCAPACITATING,INJURIES_NON_INCAPACITATING,INJURIES_REPORTED_NOT_EVIDENT,INJURIES_NO_INDICATION,INJURIES_UNKNOWN,CRASH_HOUR,CRASH_DAY_OF_WEEK,CRASH_MONTH,LATITUDE,LONGITUDE,LOCATION
493ecec9f533a58380bc05a5806643ee0d50e824584d10ba942a8852f24cb8692b3efa0fa2fc73b809e447a86321e48a6245f9964b3b1b4130805315ce16b5a6,JE179408,Y,03/25/2021 02:40:00 AM,25,NO CONTROLS,NO CONTROLS,CLEAR,"DARKNESS, LIGHTED ROAD",PARKED MOTOR VEHICLE,ONE-WAY,,STRAIGHT AND LEVEL,DRY,NO DEFECTS,NOT ON SCENE (DESK REPORT),NO INJURY / DRIVE AWAY,,,Y,"$501 - $1,500",03/25/2021 02:45:00 PM,UNABLE TO DETERMINE,UNABLE TO DETERMINE,8052,S,EVANS AVE,631.0,,,,,,,2,NO INDICATION OF INJURY,0.0,0.0,0.0,0.0,0.0,1.0,0.0,2,5,3,41.7478684861,-87.6065011455,POINT (-87.606501145497 41.747868486061)
90fe51d01854efc356ef5feafbc7862a4d035d46ced8fe95851dcd8fd9c0e05b4ba8a6de38a7b3a93f8a27b4836cf79da34fe477b927750c059b367124d28957,JF490798,,11/28/2022 04:07:00 PM,35,TRAFFIC SIGNAL,FUNCTIONING IMPROPERLY,CLEAR,DAYLIGHT,ANGLE,FOUR WAY,,STRAIGHT AND LEVEL,DRY,NO DEFECTS,,INJURY AND / OR TOW DUE TO CRASH,Y,,,"OVER $1,500",11/28/2022 04:54:00 PM,UNABLE TO DETERMINE,UNABLE TO DETERMINE,8300,S,INDIANA AVE,632.0,,,,,,,4,NO INDICATION OF INJURY,0.0,0.0,0.0,0.0,0.0,7.0,0.0,16,2,11,41.7436384821,-87.6197140983,POINT (-87.619714098303 41.743638482111)
bc852544f2383862b7a6a62626afc5684cd9f5404edb001a247134671c16cc94cf36a93a21121f6143befc7bb15fb24b7faf934c6c4fd5b38ded08c8ade39ff0,JA143657,,02/06/2017 12:10:00 PM,40,NO CONTROLS,NO CONTROLS,CLEAR,DAYLIGHT,TURNING,NOT DIVIDED,3.0,STRAIGHT AND LEVEL,DRY,NO DEFECTS,NOT ON SCENE (DESK REPORT),NO INJURY / DRIVE AWAY,,,,"OVER $1,500",02/06/2017 01:01:00 PM,IMPROPER OVERTAKING/PASSING,NOT APPLICABLE,1200,N,LAKE SHORE DR,1824.0,,,,,,,2,NO INDICATION OF INJURY,0.0,0.0,0.0,0.0,0.0,2.0,0.0,12,2,2,41.9040223592,-87.6251604244,POINT (-87.625160424397 41.90402235915)
de7f595897095a306e33782ea95b21909f9844de90046dad36185a6a5e24425b9b778e09d94290dd84315c054afc89b9d24a5d6ce66a53eed03f03be733d1028,JC382201,,08/07/2019 09:20:00 AM,30,NO CONTROLS,NO CONTROLS,CLEAR,DAYLIGHT,SIDESWIPE SAME DIRECTION,NOT DIVIDED,,STRAIGHT AND LEVEL,DRY,NO DEFECTS,NOT ON SCENE (DESK REPORT),NO INJURY / DRIVE AWAY,Y,,,"$501 - $1,500",08/07/2019 09:30:00 AM,FAILING TO YIELD RIGHT-OF-WAY,DRIVING SKILLS/KNOWLEDGE/EXPERIENCE,145,S,AUSTIN BLVD,1513.0,,,,,,,2,NO INDICATION OF INJURY,0.0,0.0,0.0,0.0,0.0,2.0,0.0,9,4,8,41.8776785206,-87.7744213899,POINT (-87.774421389854 41.877678520566)
d3ce1f375362fc710f3334f6ddbcf08eba97c4688c308437e030c31bd9a786dc01901569bcca7df93016ea288cb790268b394ed7d55996050ef2edd262d32f72,JA169233,,02/27/2017 04:30:00 PM,30,TRAFFIC SIGNAL,FUNCTIONING PROPERLY,CLEAR,DAYLIGHT,REAR END,NOT DIVIDED,4.0,STRAIGHT AND LEVEL,DRY,NO DEFECTS,NOT ON SCENE (DESK REPORT),NO INJURY / DRIVE AWAY,,,,"$501 - $1,500",02/27/2017 06:52:00 PM,FOLLOWING TOO CLOSELY,NOT APPLICABLE,8300,S,JEFFERY BLVD,414.0,,,,,,,2,NO INDICATION OF INJURY,0.0,0.0,0.0,0.0,0.0,3.0,0.0,16,2,2,41.7444938326,-87.5760035609,POINT (-87.5760035609 41.74449383257)
c8b23aee86249756bff56e61285b819c43a718b91b6b9180af7905fa8df473548d552f6e0d34649988db20103baeb4a2d69b60794046cf076de240a3830eb1b4,JC430486,,09/12/2019 04:15:00 PM,30,TRAFFIC SIGNAL,FUNCTIONING PROPERLY,CLEAR,DAYLIGHT,REAR TO FRONT,NOT DIVIDED,,STRAIGHT AND LEVEL,DRY,NO DEFECTS,ON SCENE,NO INJURY / DRIVE AWAY,N,,,"OVER $1,500",09/12/2019 04:35:00 PM,IMPROPER BACKING,NOT APPLICABLE,3101,S,PULASKI RD,1031.0,,,,,,,2,NO INDICATION OF INJURY,0.0,0.0,0.0,0.0,0.0,3.0,0.0,16,5,9,41.8367930014,-87.7242019374,POINT (-87.72420193741 41.836793001391)
12fbd2748400da28711ccf5a295360b475c96b6aa655df53d32978a820d7a1920fae83bd3aa8fbd70219c52e07ed454f48ede2216b53c998417bc979e1d544c2,JA455591,,10/02/2017 02:45:00 PM,30,TRAFFIC SIGNAL,FUNCTIONING PROPERLY,CLEAR,DAYLIGHT,SIDESWIPE SAME DIRECTION,NOT DIVIDED,2.0,STRAIGHT AND LEVEL,DRY,NO DEFECTS,NOT ON SCENE (DESK REPORT),NO INJURY / DRIVE AWAY,Y,,,"$501 - $1,500",10/02/2017 05:30:00 PM,IMPROPER LANE USAGE,NOT APPLICABLE,1600,N,CLYBOURN AVE,1813.0,,,,,,,2,NO INDICATION OF INJURY,0.0,0.0,0.0,0.0,0.0,3.0,0.0,14,2,10,41.9108656861,-87.649664933,POINT (-87.649664933008 41.910865686084)
cf0e1ff825a53f935ae632b853d9c8681f6b39438ecb42f064fbfcedb7458571ace0819f95fb38137e58e28f3945b3d0aaba86f27e904a2332297a6af036fccf,JF432677,,10/13/2022 08:00:00 AM,30,TRAFFIC SIGNAL,FUNCTIONING PROPERLY,CLEAR,DAYLIGHT,PEDESTRIAN,DIVIDED - W/MEDIAN (NOT RAISED),,STRAIGHT AND LEVEL,DRY,UNKNOWN,ON SCENE,INJURY AND / OR TOW DUE TO CRASH,Y,,,$500 OR LESS,10/13/2022 08:01:00 AM,FAILING TO YIELD RIGHT-OF-WAY,"VISION OBSCURED (SIGNS, TREE LIMBS, BUILDINGS, ETC.)",3759,W,FULLERTON AVE,2525.0,,,,,,,2,"REPORTED, NOT EVIDENT",1.0,0.0,0.0,0.0,1.0,1.0,0.0,8,5,10,41.9244334482,-87.7218177041,POINT (-87.721817704082 41.924433448175)
01a8f4c8541444b716031450f032dbcfa1e348dbe5c6ea9f0efc603702c4e7218c3939ffe94b89afba719089b75e93d875d812a8ac50747a211407473bf7e245,JC383820,,08/08/2019 11:30:00 AM,30,NO CONTROLS,NO CONTROLS,CLEAR,DAYLIGHT,PEDESTRIAN,NOT DIVIDED,,STRAIGHT AND LEVEL,DRY,NO DEFECTS,ON SCENE,INJURY AND / OR TOW DUE TO CRASH,,,,"OVER $1,500",08/08/2019 11:34:00 AM,UNABLE TO DETERMINE,UNABLE TO DETERMINE,4224,W,FULLERTON AVE,2524.0,,,,,,,2,INCAPACITATING INJURY,1.0,0.0,1.0,0.0,0.0,1.0,0.0,11,5,8,41.9245238069,-87.73267477,POINT (-87.732674770006 41.92452380687)
9f226c4627e9fc015250256cafedcd2003f22ee632e8810066fe357b5cc1c508868f6f1d62f05fae191edac5ec666c136f6c3fdb65d4ae9a0363a3ee22f976c7,JA126530,,01/18/2017 11:40:00 AM,30,TRAFFIC SIGNAL,FUNCTIONING PROPERLY,CLEAR,DAYLIGHT,SIDESWIPE SAME DIRECTION,DIVIDED - W/MEDIAN (NOT RAISED),2.0,STRAIGHT AND LEVEL,DRY,NO DEFECTS,NOT ON SCENE (DESK REPORT),NO INJURY / DRIVE AWAY,Y,,,"OVER $1,500",01/23/2017 11:50:00 AM,FAILING TO REDUCE SPEED TO AVOID CRASH,FAILING TO REDUCE SPEED TO AVOID CRASH,739,W,63RD ST,723.0,,,,,,,4,NO INDICATION OF INJURY,0.0,0.0,0.0,0.0,0.0,4.0,0.0,11,4,1,41.7796497055,-87.6441140786,POINT (-87.644114078566 41.779649705479)
c132ec5b4b9708a80d6ed7fcf1872c48144834651552fd2773993edfa6782f3c92fc5e1f53d90c994c2781172bf606d8bd2abed4aab81d8131dc02e748b36a30,JB400225,,08/19/2018 03:10:00 PM,30,NO CONTROLS,NO CONTROLS,CLEAR,DAYLIGHT,PEDESTRIAN,NOT DIVIDED,2.0,STRAIGHT AND LEVEL,DRY,NO DEFECTS,ON SCENE,INJURY AND / OR TOW DUE TO CRASH,N,,,$500 OR LESS,08/19/2018 03:19:00 PM,FAILING TO YIELD RIGHT-OF-WAY,NOT APPLICABLE,328,W,35TH ST,915.0,,,,,,,2,NONINCAPACITATING INJURY,1.0,0.0,0.0,1.0,0.0,2.0,0.0,15,1,8,41.8310059419,-87.6350930469,POINT (-87.635093046922 41.831005941898)
d8fd1f831b968c2131e1fc5c43648df67266ee7523584d9dceb049b50e3d4b1b2e10605c76a1842ff1f9a346515e4b229f1ed40385223bbf888c5580a980d50e,JC121050,,01/18/2019 12:46:00 AM,30,TRAFFIC SIGNAL,FUNCTIONING PROPERLY,CLEAR,"DARKNESS, LIGHTED ROAD",ANGLE,NOT DIVIDED,,STRAIGHT AND LEVEL,DRY,NO DEFECTS,ON SCENE,INJURY AND / OR TOW DUE TO CRASH,Y,,Y,"OVER $1,500",01/18/2019 12:48:00 AM,DISREGARDING TRAFFIC SIGNALS,FAILING TO YIELD RIGHT-OF-WAY,1,S,HAMLIN BLVD,1122.0,,,,,,,2,"REPORTED, NOT EVIDENT",2.0,0.0,0.0,0.0,2.0,2.0,0.0,0,6,1,41.8807448227,-87.7206040882,POINT (-87.72060408819 41.880744822695)
8b44aee5aff6a97bdd0cfaa29eafdf5fbe1ea3d3b7166bd6899a66fa172f427ad7a9971c2127f8ddc55cd614e7e7c8586b2dab39ee560f129f3cab03bac11e89,JE270382,,06/17/2021 02:10:00 PM,30,NO CONTROLS,NO CONTROLS,CLEAR,DAYLIGHT,PARKED MOTOR VEHICLE,NOT DIVIDED,,STRAIGHT AND LEVEL,DRY,NO DEFECTS,NOT ON SCENE (DESK REPORT),NO INJURY / DRIVE AWAY,,,,"$501 - $1,500",06/18/2021 10:17:00 AM,UNABLE TO DETERMINE,UNABLE TO DETERMINE,7324,S,JEFFERY BLVD,333.0,,,,,,,2,NO INDICATION OF INJURY,0.0,0.0,0.0,0.0,0.0,1.0,0.0,14,5,6,41.7616996111,-87.5763501388,POINT (-87.57635013882 41.761699611133)
b8e0351fbc56cea7e85159e284fbccbe5af94c1474be7ebd79870a0a21e0d33e3907a0e011b76c6ee99f5f01e3eef465c91203540aa3efac52eb43e4feff2a57,JE308105,,07/16/2021 03:40:00 PM,30,STOP SIGN/FLASHER,FUNCTIONING PROPERLY,CLEAR,DAYLIGHT,SIDESWIPE SAME DIRECTION,NOT DIVIDED,,STRAIGHT AND LEVEL,DRY,NO DEFECTS,,NO INJURY / DRIVE AWAY,Y,,,"$501 - $1,500",07/20/2021 04:56:00 PM,FAILING TO YIELD RIGHT-OF-WAY,NOT APPLICABLE,300,E,WACKER DR,114.0,,,,,,,2,NO INDICATION OF INJURY,0.0,0.0,0.0,0.0,0.0,2.0,0.0,15,6,7,41.8880733316,-87.6205944613,POINT (-87.620594461337 41.888073331609)
4120526c0ef4fe50cadc0669cd743a8f69f5c4db5b623150fe7472ac0dc0069d326d1ca23cbe39a3d93c2ed397776506f4962d789c2d20edc0d0a88670ba38c9,JB126611,,01/23/2018 11:45:00 AM,30,TRAFFIC SIGNAL,FUNCTIONING PROPERLY,CLEAR,DAYLIGHT,REAR END,NOT DIVIDED,4.0,STRAIGHT AND LEVEL,WET,NO DEFECTS,NOT ON SCENE (DESK REPORT),NO INJURY / DRIVE AWAY,,,,"OVER $1,500",01/23/2018 11:58:00 AM,FOLLOWING TOO CLOSELY,FOLLOWING TOO CLOSELY,7258,S,KEDZIE AVE,831.0,,,,,,,2,NO INDICATION OF INJURY,0.0,0.0,0.0,0.0,0.0,2.0,0.0,11,3,1,41.7608440006,-87.702859406,POINT (-87.702859406022 41.760844000619)
f7eebafca1abc8b6e79b6d6ac5e6e3c3c5306847c798dae763b64b139d2dced565d89829114f0cfef55e5139713d5de51c62edd60f018674d05d2fe8f7a9eaf0,JE186953,,04/02/2021 08:08:00 AM,30,TRAFFIC SIGNAL,FUNCTIONING PROPERLY,CLEAR,DAYLIGHT,FIXED OBJECT,DIVIDED - W/MEDIAN BARRIER,,STRAIGHT AND LEVEL,DRY,NO DEFECTS,NOT ON SCENE (DESK REPORT),INJURY AND / OR TOW DUE TO CRASH,Y,,,"OVER $1,500",04/02/2021 09:40:00 AM,DISTRACTION - FROM OUTSIDE VEHICLE,UNABLE TO DETERMINE,1300,W,95TH ST,2222.0,,,,,,,1,NONINCAPACITATING INJURY,1.0,0.0,0.0,1.0,0.0,1.0,0.0,8,6,4,41.7214176358,-87.6554465678,POINT (-87.655446567766 41.721417635816)
ae63349df10b2a012e44ae0334e9df274b6c0dacdf484d5891b19ee6a8e4d425621322e7458086fea6437ea7f6f7867a456573cc2da2be257d6e1b187b1f8c16,HY416696,,09/08/2015 01:30:00 PM,30,TRAFFIC SIGNAL,FUNCTIONING PROPERLY,RAIN,DAYLIGHT,TURNING,DIVIDED - W/MEDIAN (NOT RAISED),4.0,STRAIGHT AND LEVEL,WET,NO DEFECTS,NOT ON SCENE (DESK REPORT),NO INJURY / DRIVE AWAY,,,,"OVER $1,500",09/09/2015 02:14:00 PM,FAILING TO YIELD RIGHT-OF-WAY,WEATHER,235,S,COLUMBUS DR,114.0,,,,,,,2,NO INDICATION OF INJURY,0.0,0.0,0.0,0.0,0.0,2.0,0.0,13,3,9,41.879054402,-87.6205865778,POINT (-87.620586577771 41.879054401989)
2e0bcbf08e7998516f0644edd4619817b61b1edc11bcd1c3b0372363a54b69752e4cb43e57e86d5e5432f115eb797fbc2b1d4f1d597144c7494d0cebc47846ff,JF141946,,02/12/2022 04:55:00 AM,30,NO CONTROLS,NO CONTROLS,CLEAR,"DARKNESS, LIGHTED ROAD",ANGLE,RAMP,,STRAIGHT AND LEVEL,DRY,NO DEFECTS,ON SCENE,INJURY AND / OR TOW DUE TO CRASH,,,,"OVER $1,500",02/12/2022 04:55:00 AM,FAILING TO REDUCE SPEED TO AVOID CRASH,UNABLE TO DETERMINE,3801,W,HARRISON ST,1133.0,,,,,,,2,NONINCAPACITATING INJURY,1.0,0.0,0.0,1.0,0.0,1.0,0.0,4,7,2,41.8734046453,-87.7203996283,POINT (-87.720399628297 41.873404645345)
a1612e19a9b31891ac120a4f53e7b397827ce3b65cdd8b8fb755a4013fbd366582bbf68e9b0cf097df004504d167bd5c3c4715a5146364690d330647b03bf4ce,JE143727,,02/17/2021 11:00:00 AM,30,NO CONTROLS,NO CONTROLS,CLEAR,DAYLIGHT,PARKED MOTOR VEHICLE,ONE-WAY,,STRAIGHT AND LEVEL,SNOW OR SLUSH,DEBRIS ON ROADWAY,ON SCENE,NO INJURY / DRIVE AWAY,,,,"OVER $1,500",02/17/2021 11:01:00 AM,WEATHER,UNABLE TO DETERMINE,1032,N,TRUMBULL AVE,1121.0,,,,,,,2,NO INDICATION OF INJURY,0.0,0.0,0.0,0.0,0.0,1.0,0.0,11,4,2,41.9001070182,-87.7129546269,POINT (-87.712954626883 41.900107018228)
69b197d7dd9a75eaaab5cdd63828898755b319a202dc15a746ee6d7b9238187ac48f19567ae8f9021156d816c4050f4985487e7896b170cb6ed6652f18ced3b9,JG225543,,04/06/2023 01:45:00 PM,35,TRAFFIC SIGNAL,FUNCTIONING PROPERLY,CLEAR,DAYLIGHT,REAR END,DIVIDED - W/MEDIAN (NOT RAISED),,STRAIGHT AND LEVEL,DRY,NO DEFECTS,NOT ON SCENE (DESK REPORT),NO INJURY / DRIVE AWAY,,,,$500 OR LESS,04/16/2023 10:10:00 AM,DRIVING SKILLS/KNOWLEDGE/EXPERIENCE,DRIVING SKILLS/KNOWLEDGE/EXPERIENCE,11600,S,AVENUE O,433.0,,,,,,,2,NO INDICATION OF INJURY,0.0,0.0,0.0,0.0,0.0,2.0,0.0,13,5,4,41.6844984454,-87.5402760789,POINT (-87.540276078933 41.684498445358)
88b3fd0663ca5fbe6cccc19843a4046da6e78cc05177576a58431e73f19f0f92c80a3ddeb06bfc65f460ecc8234bccf7e983ddcfd3d8a52e096f0f8d342ad065,JE103915,,01/05/2021 10:00:00 AM,30,NO CONTROLS,NO CONTROLS,CLEAR,DAYLIGHT,PARKED MOTOR VEHICLE,NOT DIVIDED,,STRAIGHT AND LEVEL,DRY,NO DEFECTS,NOT ON SCENE (DESK REPORT),NO INJURY / DRIVE AWAY,,,Y,"OVER $1,500",01/05/2021 12:30:00 PM,UNABLE TO DETERMINE,NOT APPLICABLE,2055,W,HOWARD ST,2424.0,,,,,,,2,NO INDICATION OF INJURY,0.0,0.0,0.0,0.0,0.0,1.0,0.0,10,3,1,42.0193546112,-87.6825405242,POINT (-87.68254052421 42.01935461124)
680096bed2e4116108e0169ee096b35c7c0c877709bbd12b91e5d7054e0e149baaaf0a2a82a54a00ac03e3bd5ad74da75fb7d1d2c0ecaac0a18d47dd7538f5ac,JA115778,,01/14/2017 11:20:00 AM,30,UNKNOWN,UNKNOWN,CLEAR,DAYLIGHT,REAR END,NOT DIVIDED,,STRAIGHT AND LEVEL,ICE,NO DEFECTS,ON SCENE,NO INJURY / DRIVE AWAY,Y,,,"$501 - $1,500",01/14/2017 11:58:00 AM,UNABLE TO DETERMINE,UNABLE TO DETERMINE,6400,N,CLARK ST,2432.0,,,,,,,2,NO INDICATION OF INJURY,0.0,0.0,0.0,0.0,0.0,2.0,0.0,11,7,1,41.9980876159,-87.6707468271,POINT (-87.670746827123 41.998087615915)
15ea6bdf435ebb3bb19129e8f1233dccdeab771286ab502b088132830d3082193d9e3e3e52fb4e1a43d3dcaf5ca8c4cf54132c75028902a4204ae23734a729f5,JE280567,,06/26/2021 07:40:00 PM,35,TRAFFIC SIGNAL,FUNCTIONING PROPERLY,OTHER,DAYLIGHT,REAR END,NOT DIVIDED,,STRAIGHT AND LEVEL,WET,UNKNOWN,ON SCENE,INJURY AND / OR TOW DUE TO CRASH,,,,"OVER $1,500",06/26/2021 07:51:00 PM,FAILING TO REDUCE SPEED TO AVOID CRASH,NOT APPLICABLE,8501,S,KEDZIE AVE,835.0,,,,,,,2,"REPORTED, NOT EVIDENT",2.0,0.0,0.0,0.0,2.0,3.0,0.0,19,7,6,41.7388143293,-87.7019441377,POINT (-87.701944137721 41.73881432932)
91bd6fa7751955b8d709bbb286ae1d00c47a815f990a0683d42daa56f57296f16918c27d3e6aed5a41f770818873a6382ec2f3edb5d1770b8cb1498595181011,JE153316,,02/25/2021 08:30:00 AM,30,TRAFFIC SIGNAL,FUNCTIONING PROPERLY,CLEAR,DAYLIGHT,REAR END,CENTER TURN LANE,,STRAIGHT AND LEVEL,DRY,NO DEFECTS,NOT ON SCENE (DESK REPORT),NO INJURY / DRIVE AWAY,,,,"OVER $1,500",02/26/2021 06:25:00 PM,FOLLOWING TOO CLOSELY,UNABLE TO DETERMINE,551,N,OGDEN AVE,1214.0,,,,,,,2,NO INDICATION OF INJURY,0.0,0.0,0.0,0.0,0.0,2.0,0.0,8,5,2,41.8923838313,-87.6577269732,POINT (-87.657726973231 41.892383831336)
3b3a29fcbbef999b64741714a76a779af9609f6c81457dd6d601e6b572366537dadab9993f89a00a681ad4f5206da8f332edfcb3e9c4c73f8f05df3dd96b8de3,JB391594,,08/13/2018 12:40:00 PM,30,TRAFFIC SIGNAL,FUNCTIONING PROPERLY,CLEAR,DAYLIGHT,REAR END,DIVIDED - W/MEDIAN (NOT RAISED),4.0,STRAIGHT AND LEVEL,DRY,NO DEFECTS,NOT ON SCENE (DESK REPORT),NO INJURY / DRIVE AWAY,,,Y,"OVER $1,500",08/13/2018 01:50:00 PM,FOLLOWING TOO CLOSELY,UNABLE TO DETERMINE,3200,N,WESTERN AVE,1921.0,,,,,,,2,NO INDICATION OF INJURY,0.0,0.0,0.0,0.0,0.0,3.0,0.0,12,2,8,41.939502996,-87.6883134289,POINT (-87.688313428863 41.939502996037)
6010527edf13f42544d03df4775c2d90c1a95d7c8e9bdf2fcf41d80bb021c9978c9bdde0a96a6c9f142f41faf8d4d3c6d34c8f994b60780fc4c68146e430f1af,JD186267,Y,03/15/2020 04:50:00 AM,30,UNKNOWN,NO CONTROLS,CLEAR,"DARKNESS, LIGHTED ROAD",OTHER NONCOLLISION,UNKNOWN,,STRAIGHT AND LEVEL,DRY,NO DEFECTS,ON SCENE,NO INJURY / DRIVE AWAY,,,,"$501 - $1,500",03/15/2020 05:09:00 AM,UNABLE TO DETERMINE,NOT APPLICABLE,3264,W,FULTON BLVD,1123.0,,,,,,,1,NO INDICATION OF INJURY,0.0,0.0,0.0,0.0,0.0,1.0,0.0,4,1,3,41.8864958303,-87.7086380575,POINT (-87.708638057497 41.8864958303)
e89ea5546f3972bd409ea3c0a421a49f508293f89ebb8d27e4d8096a90894698957656c165a76e8b06902c727d05650fba46bd28bcd3365de27f7d27ef108e0e,JA360651,,07/23/2017 09:58:00 PM,25,STOP SIGN/FLASHER,FUNCTIONING PROPERLY,CLEAR,"DARKNESS, LIGHTED ROAD",ANGLE,NOT DIVIDED,2.0,STRAIGHT AND LEVEL,DRY,NO DEFECTS,,INJURY AND / OR TOW DUE TO CRASH,Y,,,"OVER $1,500",07/23/2017 09:58:00 PM,UNABLE TO DETERMINE,UNABLE TO DETERMINE,2601,W,55TH ST,824.0,,,,,,,3,NO INDICATION OF INJURY,0.0,0.0,0.0,0.0,0.0,4.0,0.0,21,1,7,41.7936717089,-87.6889880231,POINT (-87.688988023077 41.793671708868)
9235caec1199a35b8c1c0f77ee9c117382f816c7c8e916c2d07d9d2af793ed10fa72c491b16867d0d34defb36e06e95c2f9b8573ca3cdbda2c810b1120b80dfa,JC136386,,02/01/2019 12:30:00 PM,30,NO CONTROLS,NO CONTROLS,CLEAR,DAYLIGHT,SIDESWIPE SAME DIRECTION,DIVIDED - W/MEDIAN (NOT RAISED),,STRAIGHT AND LEVEL,DRY,NO DEFECTS,,NO INJURY / DRIVE AWAY,,,,"OVER $1,500",02/01/2019 01:10:00 PM,UNABLE TO DETERMINE,NOT APPLICABLE,2698,N,ELSTON AVE,1432.0,,,,,,,2,NO INDICATION OF INJURY,0.0,0.0,0.0,0.0,0.0,2.0,0.0,12,6,2,41.9303340589,-87.6853524096,POINT (-87.685352409616 41.930334058927)
39305316c06931e1ef222afa70cff34d046fb90cab6d023361fc54d5bb13f8d3381ede462556835a956e83a123d6c8365f396a5b3a514270ecb140397af3bb97,JF505457,,12/10/2022 01:30:00 PM,30,STOP SIGN/FLASHER,FUNCTIONING PROPERLY,RAIN,DAYLIGHT,PARKED MOTOR VEHICLE,ONE-WAY,,STRAIGHT AND LEVEL,WET,NO DEFECTS,NOT ON SCENE (DESK REPORT),NO INJURY / DRIVE AWAY,N,,,"OVER $1,500",12/10/2022 02:45:00 PM,FAILING TO REDUCE SPEED TO AVOID CRASH,UNABLE TO DETERMINE,10750,S,GREEN BAY AVE,432.0,,,,,,,3,NO INDICATION OF INJURY,0.0,0.0,0.0,0.0,0.0,1.0,0.0,13,7,12,41.6994535676,-87.5414885615,POINT (-87.541488561521 41.699453567558)
78f709de0d770d47dab9b5fef3e2ad5b5ca06941a0d3ee6b4402de7656ec3c44177f66f14aac6387814b19458eb83869b27247477bea2aa9d25912c3617999a9,JB444401,,09/21/2018 04:14:00 AM,45,NO CONTROLS,NO CONTROLS,CLEAR,"DARKNESS, LIGHTED ROAD",FIXED OBJECT,DIVIDED - W/MEDIAN BARRIER,8.0,"CURVE, LEVEL",DRY,"RUT, HOLES",ON SCENE,INJURY AND / OR TOW DUE TO CRASH,,,,"OVER $1,500",09/21/2018 04:15:00 AM,UNABLE TO DETERMINE,NOT APPLICABLE,3130,S,LAKE SHORE DR SB,211.0,,,,,,,1,INCAPACITATING INJURY,2.0,0.0,1.0,1.0,0.0,1.0,0.0,4,6,9,41.8371317761,-87.6083859661,POINT (-87.608385966095 41.837131776109)
b703842c8b67152ef097aec8a0fba5eaf0633b64537aaa8c0c3766268b1d01b19da72aac43bb8170443f8f90f7d18c014faf590d4340c19509dcc5f67d2c6311,JC269008,,05/19/2019 02:25:00 AM,30,NO CONTROLS,NO CONTROLS,RAIN,"DARKNESS, LIGHTED ROAD",REAR END,ONE-WAY,,STRAIGHT AND LEVEL,WET,NO DEFECTS,ON SCENE,INJURY AND / OR TOW DUE TO CRASH,,,,"$501 - $1,500",05/19/2019 02:25:00 AM,EQUIPMENT - VEHICLE CONDITION,NOT APPLICABLE,7444,S,LAFAYETTE AVE,731.0,,,,,,,2,NONINCAPACITATING INJURY,1.0,0.0,0.0,1.0,0.0,1.0,0.0,2,1,5,41.7586376465,-87.6265313286,POINT (-87.626531328611 41.758637646469)
073eb67c35f80fa6783f25cbae01a776c73302712ec1ca6788458ce14c9918a012d7b7d80bd810244ac678404d76493dc099076d5d47cedb5cc3d247954bcace,JC527836,,11/28/2019 06:33:00 PM,35,TRAFFIC SIGNAL,FUNCTIONING PROPERLY,CLEAR,"DARKNESS, LIGHTED ROAD",TURNING,NOT DIVIDED,,STRAIGHT AND LEVEL,DRY,NO DEFECTS,ON SCENE,NO INJURY / DRIVE AWAY,,,,"OVER $1,500",11/28/2019 06:35:00 PM,NOT APPLICABLE,NOT APPLICABLE,6000,W,BELMONT AVE,1633.0,,,,,,,2,NO INDICATION OF INJURY,0.0,0.0,0.0,0.0,0.0,2.0,0.0,18,5,11,41.9385562651,-87.7763387581,POINT (-87.776338758084 41.93855626509)
1c7fc1ea6f405823af1321f812c4b565f353ab75d2e164e27d360f08f008acf34aaa26d96397dce12f745345a6de43578591ad3f5f1eee7a1be0f63f00f9f19b,JF478843,,11/18/2022 06:10:00 AM,30,STOP SIGN/FLASHER,FUNCTIONING PROPERLY,SNOW,"DARKNESS, LIGHTED ROAD",REAR END,DIVIDED - W/MEDIAN (NOT RAISED),,STRAIGHT AND LEVEL,WET,NO DEFECTS,ON SCENE,NO INJURY / DRIVE AWAY,,,,"OVER $1,500",11/18/2022 07:00:00 AM,FOLLOWING TOO CLOSELY,FOLLOWING TOO CLOSELY,6100,S,CALIFORNIA AVE,823.0,,,,,,,2,NO INDICATION OF INJURY,0.0,0.0,0.0,0.0,0.0,2.0,0.0,6,6,11,41.7826656832,-87.6936399219,POINT (-87.693639921854 41.782665683171)