CRASH_RECORD_ID,RD_NO,CRASH_DATE_EST_I,CRASH_DATE,POSTED_SPEED_LIMIT,TRAFFIC_CONTROL_DEVICE,DEVICE_CONDITION,WEATHER_CONDITION,LIGHTING_CONDITION,FIRST_CRASH_TYPE,TRAFFICWAY_TYPE,LANE_CNT,ALIGNMENT,ROADWAY_SURFACE_COND,ROAD_DEFECT,REPORT_TYPE,CRASH_TYPE,INTERSECTION_RELATED_I,NOT_RIGHT_OF_WAY_I,HIT_AND_RUN_I,DAMAGE,DATE_POLICE_NOTIFIED,PRIM_CONTRIBUTORY_CAUSE,SEC_CONTRIBUTORY_CAUSE,STREET_NO,STREET_DIRECTION,STREET_NAME,BEAT_OF_OCCURRENCE,PHOTOS_TAKEN_I,STATEMENTS_TAKEN_I,DOORING_I,WORK_ZONE_I,WORK_ZONE_TYPE,WORKERS_PRESENT_I,NUM_UNITS,MOST_SEVERE_INJURY,INJURIES_TOTAL,INJURIES_FATAL,INJURIES_INCAPACITATING,INJURIES_NON_INCAPACITATING,INJURIES_REPORTED_NOT_EVIDENT,INJURIES_NO_INDICATION,INJURIES_UNKNOWN,CRASH_HOUR,CRASH_DAY_OF_WEEK,CRASH_MONTH,LATITUDE,LONGITUDE,LOCATION
6912972ff351c2fa8509a4453ed46252643d5da7d05d97f49bcc5f502e7805ead0fc6641502dca77a3d2316b40c538a811773c4724bcdfb92be9f1eb8f81306a,HZ431944,,09/12/2016 11:10:00 AM,30,TRAFFIC SIGNAL,FUNCTIONING PROPERLY,CLEAR,DAYLIGHT,ANGLE,NOT DIVIDED,4.0,STRAIGHT AND LEVEL,DRY,NO DEFECTS,NOT ON SCENE (DESK REPORT),NO INJURY / DRIVE AWAY,,,,"$501 - $1,500",09/13/2016 08:50:00 AM,UNABLE TO DETERMINE,NOT APPLICABLE,321,W,87TH ST,634.0,,,,,,,2,NO INDICATION OF INJURY,0.0,0.0,0.0,0.0,0.0,2.0,0.0,11,2,9,41.7358683795,-87.632413342,POINT (-87.63241334197 41.735868379521)
fa829c364122121c30805e8d1060e6dab0cf71d2d402c0e349934067bed3fa955f091773174a35033730fdcb58deff0a6b5c97f406186a7f0326b67580dc9810,JE434625,,11/04/2021 05:30:00 PM,30,NO CONTROLS,NO CONTROLS,CLEAR,DUSK,ANGLE,ONE-WAY,,STRAIGHT AND LEVEL,DRY,NO DEFECTS,NOT ON SCENE (DESK REPORT),NO INJURY / DRIVE AWAY,,,Y,"$501 - $1,500",11/05/2021 09:30:00 AM,FAILING TO YIELD RIGHT-OF-WAY,UNABLE TO DETERMINE,1612,N,LINDER AVE,2532.0,,,,,,,2,NO INDICATION OF INJURY,0.0,0.0,0.0,0.0,0.0,2.0,0.0,17,5,11,41.9098375826,-87.7631586524,POINT (-87.763158652374 41.909837582591)
eb3f758ec86cc7ce690dff4385f1d9aa8d6e2c9d6abb51be3f66eb08cebc596d6d290498a11e1a44e34067d7c491c131134ea64b3194028cac2853fc86342325,HZ446801,Y,09/23/2016 06:10:00 PM,35,NO CONTROLS,NO CONTROLS,CLEAR,DAYLIGHT,ANGLE,PARKING LOT,0.0,STRAIGHT AND LEVEL,DRY,NO DEFECTS,NOT ON SCENE (DESK REPORT),NO INJURY / DRIVE AWAY,,Y,,$500 OR LESS,09/23/2016 06:30:00 PM,IMPROPER BACKING,IMPROPER BACKING,1524,W,115TH ST,2234.0,,,,,,,2,NO INDICATION OF INJURY,0.0,0.0,0.0,0.0,0.0,2.0,0.0,18,6,9,41.6849375732,-87.6611225946,POINT (-87.661122594553 41.684937573188)
a2f3b840a865e027af5415ef265b6b8be74d84a5a448836420d49f675033453f51bc2676a92fd06377818b965f6e3815118ab77db3d918a76efe3a86b574e5b8,JC494355,,11/01/2019 09:30:00 AM,30,TRAFFIC SIGNAL,FUNCTIONING PROPERLY,CLEAR,DAYLIGHT,ANGLE,DIVIDED - W/MEDIAN BARRIER,,STRAIGHT AND LEVEL,WET,NO DEFECTS,ON SCENE,NO INJURY / DRIVE AWAY,,,,"$501 - $1,500",11/01/2019 09:35:00 AM,FAILING TO REDUCE SPEED TO AVOID CRASH,FAILING TO YIELD RIGHT-OF-WAY,6380,N,LINCOLN AVE,1711.0,,,,,,,2,NO INDICATION OF INJURY,0.0,0.0,0.0,0.0,0.0,2.0,0.0,9,6,11,41.9971592503,-87.7186239001,POINT (-87.718623900102 41.997159250276)
7ea4f2423c20b3adf82d9185a5fad8d00f35e9f4c24aa3914bd1ff9c158956a51b2d96b25f622be2ac054e40897eaa2b504dc6e9021dc097a6ae92bd53f6d507,JB479217,,10/17/2018 03:30:00 PM,30,TRAFFIC SIGNAL,FUNCTIONING PROPERLY,CLEAR,DAYLIGHT,ANGLE,NOT DIVIDED,2.0,STRAIGHT AND LEVEL,DRY,NO DEFECTS,ON SCENE,INJURY AND / OR TOW DUE TO CRASH,Y,,,"$501 - $1,500",10/17/2018 03:32:00 PM,DISREGARDING TRAFFIC SIGNALS,NOT APPLICABLE,5100,S,WOODLAWN AVE,233.0,,,,,,,2,NO INDICATION OF INJURY,0.0,0.0,0.0,0.0,0.0,3.0,0.0,15,4,10,41.8022927731,-87.5968526885,POINT (-87.596852688538 41.802292773117)
b87b46b3639ad7313f323746dc77aec28932eec5171e124ff9f1340260cbd2ce939187e3de9fdb3fb382e0a4b4fb484d06eb86faad26f9966b0002a2ff4a46cc,JE487018,,12/23/2021 03:15:00 PM,30,TRAFFIC SIGNAL,FUNCTIONING PROPERLY,CLEAR,DAYLIGHT,REAR END,NOT DIVIDED,,STRAIGHT AND LEVEL,DRY,UNKNOWN,ON SCENE,NO INJURY / DRIVE AWAY,Y,,,"OVER $1,500",12/23/2021 03:40:00 PM,FOLLOWING TOO CLOSELY,FOLLOWING TOO CLOSELY,6300,S,DR MARTIN LUTHER KING JR DR,312.0,,,,,,,2,NO INDICATION OF INJURY,0.0,0.0,0.0,0.0,0.0,2.0,0.0,15,5,12,41.7802113218,-87.6157682918,POINT (-87.615768291828 41.780211321839)
71fb3c068ecf61f2431675021bfaa2b67e306cddfa8ded281e88c17c9cdafb6c1234394d090d41e8eaed7cce008ed213dac16c6be7a0cea6e1a56818b7a729de,JB552385,,12/13/2018 11:01:00 PM,30,TRAFFIC SIGNAL,FUNCTIONING PROPERLY,RAIN,"DARKNESS, LIGHTED ROAD",REAR END,NOT DIVIDED,2.0,STRAIGHT AND LEVEL,WET,NO DEFECTS,ON SCENE,INJURY AND / OR TOW DUE TO CRASH,Y,,,"OVER $1,500",12/13/2018 11:01:00 PM,FOLLOWING TOO CLOSELY,WEATHER,8499,S,KEDZIE AVE,835.0,,,,,,,2,NO INDICATION OF INJURY,0.0,0.0,0.0,0.0,0.0,2.0,0.0,23,5,12,41.7389015281,-87.7019464098,POINT (-87.701946409844 41.738901528098)
94b37dd72ff5616f6ac3de5b1b94c11e0542c9590f32e7fe73d9f11449539836d69e3e01e5cf7a45d177457d1357e8dec71b87f565349248e6890699377c155b,JE123385,,01/25/2021 11:34:00 PM,30,NO CONTROLS,NO CONTROLS,SNOW,"DARKNESS, LIGHTED ROAD",ANGLE,NOT DIVIDED,,STRAIGHT AND LEVEL,SNOW OR SLUSH,UNKNOWN,ON SCENE,INJURY AND / OR TOW DUE TO CRASH,,,Y,"OVER $1,500",01/25/2021 11:40:00 PM,DISREGARDING STOP SIGN,WEATHER,700,E,63RD ST,313.0,,,,,,,2,NONINCAPACITATING INJURY,2.0,0.0,0.0,2.0,0.0,1.0,0.0,23,2,1,41.7804789911,-87.6083293796,POINT (-87.608329379557 41.780478991096)
ffead7f157f14b68635ad79fc22e56dfee0b0df64e593a669b6149bf9d80a9eadb8678d05ff00087671ae9329a5ccac12e9db50dbec18784686b24a6a04c4781,JA355578,,07/20/2017 07:50:00 AM,30,STOP SIGN/FLASHER,FUNCTIONING PROPERLY,RAIN,DAYLIGHT,ANGLE,DIVIDED - W/MEDIAN (NOT RAISED),2.0,STRAIGHT AND LEVEL,WET,NO DEFECTS,ON SCENE,NO INJURY / DRIVE AWAY,Y,,Y,"OVER $1,500",07/20/2017 07:55:00 AM,FAILING TO YIELD RIGHT-OF-WAY,NOT APPLICABLE,7150,W,ARCHER AVE,811.0,,Y,,,,,2,NO INDICATION OF INJURY,0.0,0.0,0.0,0.0,0.0,2.0,0.0,7,5,7,41.7920564795,-87.8010589933,POINT (-87.801058993326 41.792056479464)
a1e276390aef4d0a599c3eecc046ea508a7bd7e6668ed84c7e4407720e6a9a2741159b9e3fdad3faaf203d5d6a6bcb1025fc7d70295677e73aac5f416cb052d8,JA262880,,05/14/2017 12:20:00 AM,30,TRAFFIC SIGNAL,FUNCTIONING PROPERLY,CLEAR,"DARKNESS, LIGHTED ROAD",TURNING,NOT DIVIDED,4.0,STRAIGHT AND LEVEL,DRY,NO DEFECTS,NOT ON SCENE (DESK REPORT),NO INJURY / DRIVE AWAY,Y,,,$500 OR LESS,05/14/2017 01:20:00 AM,IMPROPER TURNING/NO SIGNAL,IMPROPER TURNING/NO SIGNAL,198,W,NORTH AVE,1814.0,,,,,,,2,NO INDICATION OF INJURY,0.0,0.0,0.0,0.0,0.0,2.0,0.0,0,1,5,41.9112712167,-87.6346329603,POINT (-87.634632960302 41.911271216682)
31c4165f6433cf10826964468cad0817c308a996bf3bf67ffc9c65df93a5f70193b061006d18a1dfb9895b7d290510109ca479cc5c1b6d8de664e52fc7ab8c75,JB109488,,01/09/2018 07:45:00 AM,30,NO CONTROLS,NO CONTROLS,CLEAR,DAYLIGHT,SIDESWIPE SAME DIRECTION,NOT DIVIDED,2.0,STRAIGHT AND LEVEL,DRY,NO DEFECTS,NOT ON SCENE (DESK REPORT),NO INJURY / DRIVE AWAY,,,,"OVER $1,500",01/09/2018 08:15:00 AM,UNABLE TO DETERMINE,UNABLE TO DETERMINE,4010,N,CLARENDON AVE,1915.0,,,,,,,2,NO INDICATION OF INJURY,0.0,0.0,0.0,0.0,0.0,2.0,0.0,7,3,1,41.9549023467,-87.6498580941,POINT (-87.649858094135 41.954902346717)
2161bcff71f8d52ec756f9209046fb453a59f11ae246684f8911f177816897e6ad706b4b08cd915a209225797333aabdd39d2299694e04881e889589166b8011,JB521018,,11/18/2018 07:46:00 PM,30,NO CONTROLS,NO CONTROLS,CLEAR,DAYLIGHT,PARKED MOTOR VEHICLE,ONE-WAY,1.0,STRAIGHT AND LEVEL,DRY,NO DEFECTS,ON SCENE,NO INJURY / DRIVE AWAY,,,,"OVER $1,500",11/18/2018 07:50:00 PM,UNABLE TO DETERMINE,UNABLE TO DETERMINE,3925,W,POLK ST,1132.0,,,,,,,3,NO INDICATION OF INJURY,0.0,0.0,0.0,0.0,0.0,1.0,0.0,19,1,11,41.8706270885,-87.7239206595,POINT (-87.723920659512 41.870627088488)
d2350f9f8dbc1e583aa06c180a5f63c98befab0a6a575f1f8e1e0e34dda1bf1d79b7ca9459149789e5c3bf1df6e99d74f051a9bfb614d8dc5230059b4e1c8146,JB195187,,03/22/2018 07:45:00 AM,15,NO CONTROLS,NO CONTROLS,CLEAR,DAYLIGHT,REAR END,ALLEY,,STRAIGHT AND LEVEL,DRY,NO DEFECTS,ON SCENE,INJURY AND / OR TOW DUE TO CRASH,,,,"OVER $1,500",03/22/2018 07:53:00 AM,FOLLOWING TOO CLOSELY,FAILING TO REDUCE SPEED TO AVOID CRASH,4434,W,WASHINGTON BLVD,1113.0,,Y,,,,,2,NO INDICATION OF INJURY,0.0,0.0,0.0,0.0,0.0,3.0,0.0,7,5,3,41.8820215444,-87.7369357944,POINT (-87.736935794432 41.882021544385)
44ee66769a639759a610f4222226d9f235aba2e90dcaaaad9f83476856bd20ab14ba511626fb12b36628cf26336e82318abd19cd9d422dd346ad6a17c0a834e8,JB183109,,03/12/2018 02:45:00 PM,30,TRAFFIC SIGNAL,FUNCTIONING PROPERLY,CLEAR,DAYLIGHT,TURNING,CENTER TURN LANE,4.0,STRAIGHT AND LEVEL,DRY,NO DEFECTS,NOT ON SCENE (DESK REPORT),NO INJURY / DRIVE AWAY,,,,"OVER $1,500",03/12/2018 04:15:00 PM,IMPROPER LANE USAGE,IMPROPER TURNING/NO SIGNAL,423,S,DEARBORN ST,113.0,,,,,,,2,NO INDICATION OF INJURY,0.0,0.0,0.0,0.0,0.0,2.0,0.0,14,2,3,41.8763348649,-87.6291012796,POINT (-87.629101279624 41.876334864914)
095a5d65e2ce6023d4b9f842bd0214edc8ffec1a7ed0b6480dcd91c60252de46924ff04428b3158f35013783cdc418ccadfec65907b9097fa4e9ce262c8bfc1c,JD441738,,11/25/2020 03:50:00 PM,35,NO CONTROLS,NO CONTROLS,RAIN,DAYLIGHT,PARKED MOTOR VEHICLE,NOT DIVIDED,,STRAIGHT AND LEVEL,WET,UNKNOWN,ON SCENE,NO INJURY / DRIVE AWAY,,,,"$501 - $1,500",11/25/2020 04:25:00 PM,UNABLE TO DETERMINE,NOT APPLICABLE,4324,W,FULLERTON AVE,2524.0,,,,,,,2,NO INDICATION OF INJURY,0.0,0.0,0.0,0.0,0.0,3.0,0.0,15,4,11,41.9244931671,-87.7351244314,POINT (-87.735124431442 41.924493167146)
e1e9d90aa465aa20bca0050938e37dda3b9609d00fcc9cd9faecda3d15cfc51fa01e9c404409b92268cd9922bc53c967f9566173e1930bb3739813b96b04e479,JC416864,,09/02/2019 07:35:00 AM,30,TRAFFIC SIGNAL,FUNCTIONING PROPERLY,CLEAR,DAYLIGHT,REAR END,NOT DIVIDED,,STRAIGHT AND LEVEL,DRY,NO DEFECTS,ON SCENE,INJURY AND / OR TOW DUE TO CRASH,Y,,,"OVER $1,500",09/02/2019 07:37:00 AM,FAILING TO REDUCE SPEED TO AVOID CRASH,NOT APPLICABLE,6544,W,IRVING PARK RD,1632.0,,,,,,,2,INCAPACITATING INJURY,1.0,0.0,1.0,0.0,0.0,2.0,0.0,7,2,9,41.9529543736,-87.7907265681,POINT (-87.790726568051 41.952954373606)
e30f776c90c6b014fddff03f3219b36f694abbaae914a9167bd916065a486381010395b988664bee33c06e85bd7df4830758438d90395088e8a8c290ac0d78e3,JE353032,,08/28/2021 09:22:00 AM,30,TRAFFIC SIGNAL,FUNCTIONING PROPERLY,CLEAR,DAYLIGHT,ANGLE,NOT DIVIDED,,STRAIGHT AND LEVEL,DRY,UNKNOWN,NOT ON SCENE (DESK REPORT),NO INJURY / DRIVE AWAY,Y,,Y,"OVER $1,500",08/28/2021 01:15:00 PM,DISREGARDING TRAFFIC SIGNALS,NOT APPLICABLE,1800,S,WESTERN AVE,1023.0,,,,,,,2,NO INDICATION OF INJURY,0.0,0.0,0.0,0.0,0.0,2.0,0.0,9,7,8,41.857474371,-87.6859686047,POINT (-87.685968604685 41.857474370968)
bbc425cc9530087a37075eadaf6d3dfce1c65ad3769e53def9750497a2d434f9751529723402de6c492bd0c70f7914ec3569ba48f62d385cbaa632485c445bc1,JC446323,,09/24/2019 08:45:00 AM,30,NO CONTROLS,NO CONTROLS,CLEAR,DAYLIGHT,OTHER OBJECT,DIVIDED - W/MEDIAN (NOT RAISED),,STRAIGHT AND LEVEL,DRY,NO DEFECTS,,NO INJURY / DRIVE AWAY,,,,$500 OR LESS,09/24/2019 11:00:00 AM,NOT APPLICABLE,UNABLE TO DETERMINE,2025,W,FOSTER AVE,2032.0,,,,,,,1,NO INDICATION OF INJURY,0.0,0.0,0.0,0.0,0.0,1.0,0.0,8,3,9,41.9759056214,-87.6804313299,POINT (-87.68043132989 41.975905621366)
015f05d6ae3c9bb25666d892285981aca9994bdd9f30f6548df40106349741145dd15407ae6e7b459b7661ffaa723c58601f17d6be058dc5854e4d425cf3d395,JA323273,,06/17/2017 11:30:00 AM,30,NO CONTROLS,NO CONTROLS,UNKNOWN,DAYLIGHT,PARKED MOTOR VEHICLE,ONE-WAY,,STRAIGHT AND LEVEL,UNKNOWN,UNKNOWN,NOT ON SCENE (DESK REPORT),NO INJURY / DRIVE AWAY,,,Y,$500 OR LESS,06/26/2017 01:25:00 PM,UNABLE TO DETERMINE,UNABLE TO DETERMINE,367,N,AVERS AVE,1122.0,,,,,,,2,NO INDICATION OF INJURY,0.0,0.0,0.0,0.0,0.0,1.0,0.0,11,7,6,41.8871959137,-87.7223963388,POINT (-87.722396338836 41.88719591369)
cfef74df653187f508ac90d6450a0fadbd8f5221ec7f0f70d38a4374544e03c07c213310097f57a202d5d3c7b945930a23563818673eebad505a3e13a84e672c,JD454899,,12/10/2020 08:50:00 AM,25,NO CONTROLS,NO CONTROLS,CLEAR,DAYLIGHT,PARKED MOTOR VEHICLE,ONE-WAY,,STRAIGHT AND LEVEL,DRY,NO DEFECTS,ON SCENE,INJURY AND / OR TOW DUE TO CRASH,,,,"OVER $1,500",12/10/2020 08:52:00 AM,DISTRACTION - FROM INSIDE VEHICLE,UNABLE TO DETERMINE,2426,W,62ND ST,825.0,,,,,,,2,NONINCAPACITATING INJURY,2.0,0.0,0.0,2.0,0.0,1.0,0.0,8,5,12,41.7811780855,-87.6848528122,POINT (-87.68485281225 41.781178085535)
6a72f04e7faaafe03350472dba559fd74889ccc3855a3fd1d0183d76cd41507e61d2fb521f45032baa3b11956a2a66e84270f457e92f51ca90838399dff937d9,JE360077,,09/03/2021 10:40:00 AM,30,STOP SIGN/FLASHER,FUNCTIONING PROPERLY,CLEAR,UNKNOWN,PARKED MOTOR VEHICLE,UNKNOWN,,STRAIGHT AND LEVEL,DRY,NO DEFECTS,ON SCENE,NO INJURY / DRIVE AWAY,,,Y,"OVER $1,500",09/03/2021 10:45:00 AM,UNABLE TO DETERMINE,NOT APPLICABLE,5005,W,CORNELIA AVE,1634.0,,,,,,,2,NO INDICATION OF INJURY,0.0,0.0,0.0,0.0,0.0,1.0,0.0,10,6,9,41.9441248944,-87.7522257012,POINT (-87.752225701176 41.944124894447)
b80012cdc0a14b86d377df605f408f12461e0a0fd96a769103610f3cc4f543d52a260b75b1f6e38eafeabfb6fb848b2392566e859d472b598e9920ff749dc1d8,JA460270,,10/05/2017 11:25:00 PM,30,NO CONTROLS,NO CONTROLS,UNKNOWN,UNKNOWN,HEAD ON,NOT DIVIDED,2.0,STRAIGHT AND LEVEL,UNKNOWN,NO DEFECTS,NOT ON SCENE (DESK REPORT),NO INJURY / DRIVE AWAY,,,Y,"OVER $1,500",10/06/2017 07:35:00 AM,DRIVING ON WRONG SIDE/WRONG WAY,FAILING TO REDUCE SPEED TO AVOID CRASH,4148,W,DIVISION ST,2534.0,,,,,,,2,NO INDICATION OF INJURY,0.0,0.0,0.0,0.0,0.0,2.0,0.0,23,5,10,41.902710154,-87.7307956882,POINT (-87.730795688167 41.902710153959)
672e2d0bb6bf6ffacb6cee14d9bdb16bf7ce0f62a908a02ce18a90f1fba66359e392b6d4d9b6be0cc2d704f893d9bb5dab440d4a8d3f3364026ce9306a894565,JC185341,,03/14/2019 02:56:00 PM,35,NO CONTROLS,NO CONTROLS,CLEAR,DAYLIGHT,TURNING,NOT DIVIDED,2.0,STRAIGHT AND LEVEL,WET,NO DEFECTS,ON SCENE,INJURY AND / OR TOW DUE TO CRASH,,,,"OVER $1,500",03/14/2019 03:10:00 PM,IMPROPER TURNING/NO SIGNAL,NOT APPLICABLE,99,E,69TH ST,322.0,,,,,,,4,NONINCAPACITATING INJURY,1.0,0.0,0.0,1.0,0.0,1.0,0.0,14,5,3,41.7691046601,-87.6218665199,POINT (-87.621866519868 41.769104660124)
003e14bb11867d3f6c4e8cb7b186ac9dc55d1bed169c1344cb65b5f7b2b29c3eacfcc71c26b9c013ac5b2616b3595ff83743f716f84111f9a70872efff623288,HZ376549,Y,07/31/2016 09:00:00 AM,30,NO CONTROLS,NO CONTROLS,CLEAR,UNKNOWN,PARKED MOTOR VEHICLE,ONE-WAY,1.0,STRAIGHT AND LEVEL,DRY,NO DEFECTS,NOT ON SCENE (DESK REPORT),NO INJURY / DRIVE AWAY,,,Y,"OVER $1,500",08/03/2016 02:05:00 PM,UNABLE TO DETERMINE,NOT APPLICABLE,2857,S,TRIPP AVE,1031.0,,,,,,,2,NO INDICATION OF INJURY,0.0,0.0,0.0,0.0,0.0,1.0,0.0,9,1,7,41.838805333,-87.7303343943,POINT (-87.730334394306 41.838805332988)
f46d13717e3bdb96c6e05b49ebd6cacfa7e40c379c5c58103da404f91d5582835b60a306985ff14894a18a5a6debc4bb879867b781908e0ebc2aec8a2fc21559,JG335375,,07/10/2023 02:06:00 PM,30,STOP SIGN/FLASHER,NO CONTROLS,CLEAR,DAYLIGHT,PARKED MOTOR VEHICLE,NOT DIVIDED,,STRAIGHT ON GRADE,UNKNOWN,UNKNOWN,ON SCENE,NO INJURY / DRIVE AWAY,,,Y,"OVER $1,500",07/10/2023 02:06:00 PM,FAILING TO REDUCE SPEED TO AVOID CRASH,FAILING TO REDUCE SPEED TO AVOID CRASH,501,W,122ND ST,523.0,,,,,,,2,NO INDICATION OF INJURY,0.0,0.0,0.0,0.0,0.0,1.0,0.0,14,2,7,41.6723230454,-87.6345723578,POINT (-87.63457235782 41.672323045377)
57d0d1ff31aa9467a6a02e82f1eb0e37a4cd5acbee30a2ef0129beb0d13b66e0c65663f28f7a5f2f434723b3ee59515cf8cc5ac59a257a739a38ea835e77c657,JC449078,,09/26/2019 11:13:00 AM,30,TRAFFIC SIGNAL,FUNCTIONING PROPERLY,CLEAR,DAYLIGHT,TURNING,FOUR WAY,,STRAIGHT AND LEVEL,DRY,NO DEFECTS,ON SCENE,INJURY AND / OR TOW DUE TO CRASH,Y,,,"OVER $1,500",09/26/2019 11:13:00 AM,FAILING TO YIELD RIGHT-OF-WAY,NOT APPLICABLE,3200,W,GRAND AVE,1121.0,Y,Y,,,,,2,"REPORTED, NOT EVIDENT",1.0,0.0,0.0,0.0,1.0,1.0,0.0,11,5,9,41.8984231223,-87.706616405,POINT (-87.706616405026 41.898423122275)
1998ea0df15a67148bed29877c4ca898a72c9b6ca1ca802f5d2826a94b00aa28b53f4e5ea61b5481ccf66b6e44f15fc3aaef2c14bbfc2d819582e863da87193c,JB478744,,10/17/2018 07:05:00 AM,30,NO CONTROLS,NO CONTROLS,CLEAR,DAYLIGHT,REAR END,NOT DIVIDED,,STRAIGHT AND LEVEL,DRY,NO DEFECTS,NOT ON SCENE (DESK REPORT),NO INJURY / DRIVE AWAY,,,,"$501 - $1,500",10/17/2018 08:29:00 AM,UNABLE TO DETERMINE,UNABLE TO DETERMINE,7833,S,SOUTH CHICAGO AVE,411.0,,,,,,,2,NO INDICATION OF INJURY,0.0,0.0,0.0,0.0,0.0,4.0,0.0,7,4,10,41.7522770397,-87.5864486653,POINT (-87.586448665335 41.752277039668)
c2b4dd4ac3a4628d033444da7d3e7b749513b7b92cfd179874bb8e15a3443a326cd5c2bfd21cc79fc1f866e255948b71fcba0be903b1e40fc6d9c0d9ab1e41f9,JB326444,,06/28/2018 12:00:00 PM,30,NO CONTROLS,NO CONTROLS,CLEAR,DAYLIGHT,PARKED MOTOR VEHICLE,NOT DIVIDED,2.0,STRAIGHT AND LEVEL,DRY,NO DEFECTS,NOT ON SCENE (DESK REPORT),NO INJURY / DRIVE AWAY,,,Y,$500 OR LESS,06/28/2018 02:45:00 PM,FAILING TO YIELD RIGHT-OF-WAY,DRIVING SKILLS/KNOWLEDGE/EXPERIENCE,1512,E,53RD ST,234.0,,,,,,,3,NO INDICATION OF INJURY,0.0,0.0,0.0,0.0,0.0,1.0,0.0,12,5,6,41.799657917,-87.5885781423,POINT (-87.588578142283 41.799657916988)
06a17057836350d95e2835406bb6791489da0e0a08ce3e06b71785d2e38e0a8cda476df3f9367a3e44dace79b2f5c1aebf712a432117d36dd41cfeff49cf1a84,JD242792,N,05/25/2020 07:40:00 PM,30,NO CONTROLS,NO CONTROLS,CLEAR,DUSK,PARKED MOTOR VEHICLE,ONE-WAY,,STRAIGHT AND LEVEL,DRY,NO DEFECTS,ON SCENE,NO INJURY / DRIVE AWAY,,,Y,"OVER $1,500",05/25/2020 09:47:00 PM,UNABLE TO DETERMINE,NOT APPLICABLE,1057,N,HARDING AVE,1112.0,,,,,,,4,NO INDICATION OF INJURY,0.0,0.0,0.0,0.0,0.0,1.0,0.0,19,2,5,41.9007143258,-87.7248726826,POINT (-87.72487268257 41.900714325786)
14ffa80d67e7d299aa622abf0ff437cc25259e0b05627d6ca13c833f471a972c92744d1c7f6ec48510fc8796a8cc5525a20cf53fd70a0c9701051898f1e9363a,JG370341,,08/05/2023 10:30:00 AM,30,NO CONTROLS,NO CONTROLS,RAIN,DAWN,SIDESWIPE SAME DIRECTION,NOT DIVIDED,,STRAIGHT AND LEVEL,WET,UNKNOWN,ON SCENE,NO INJURY / DRIVE AWAY,,,,"OVER $1,500",08/05/2023 10:45:00 AM,UNABLE TO DETERMINE,UNABLE TO DETERMINE,936,W,87TH ST,613.0,,,,,,,2,NO INDICATION OF INJURY,0.0,0.0,0.0,0.0,0.0,3.0,0.0,10,7,8,41.736126663,-87.6475124979,POINT (-87.647512497943 41.736126662966)
d9ca4578f9015dd5168be1634319963aa3b2de7b06f14e550e8435e20136ba60847c7c78c0158ea65a20dad820d9e30e1c2bb93885c8b8738ac6880d23a51df8,JD188417,Y,03/12/2020 06:00:00 AM,30,UNKNOWN,UNKNOWN,UNKNOWN,UNKNOWN,PARKED MOTOR VEHICLE,ONE-WAY,,STRAIGHT AND LEVEL,UNKNOWN,UNKNOWN,NOT ON SCENE (DESK REPORT),NO INJURY / DRIVE AWAY,,,Y,"OVER $1,500",03/17/2020 12:20:00 PM,UNABLE TO DETERMINE,UNABLE TO DETERMINE,1550,E,65TH PL,321.0,,,,,,,2,NO INDICATION OF INJURY,0.0,0.0,0.0,0.0,0.0,1.0,0.0,6,5,3,41.7761889689,-87.5868748339,POINT (-87.586874833856 41.776188968942)
bf02f4db7c584c424e63d7750b84108208dfba5f129fe89dcc776590085ea1516e4f8352f5be1e18065cff8cac2e6c361fb982247c64b836e192222a3ddcda96,JD343632,N,08/24/2020 07:00:00 AM,10,NO CONTROLS,NO CONTROLS,CLEAR,DAYLIGHT,PARKED MOTOR VEHICLE,PARKING LOT,,STRAIGHT AND LEVEL,DRY,NO DEFECTS,NOT ON SCENE (DESK REPORT),NO INJURY / DRIVE AWAY,,Y,,"$501 - $1,500",08/24/2020 03:30:00 PM,UNABLE TO DETERMINE,UNABLE TO DETERMINE,1248,S,CANAL ST,124.0,,,,,,,2,NO INDICATION OF INJURY,0.0,0.0,0.0,0.0,0.0,1.0,0.0,7,2,8,41.8659127863,-87.6393511741,POINT (-87.639351174084 41.865912786337)
b10fef0d9ba09c09cfffdabaad3bf52756318dcebe9589d5b0afba7a3a7cae727159d6ceb41767ce1c2dcc9f72c4deb08c92ff5d0b08bac45e2abef0377c9998,JF247589,,05/19/2022 06:40:00 AM,30,TRAFFIC SIGNAL,FUNCTIONING PROPERLY,CLEAR,DAYLIGHT,ANGLE,DIVIDED - W/MEDIAN (NOT RAISED),,STRAIGHT AND LEVEL,DRY,NO DEFECTS,NOT ON SCENE (DESK REPORT),NO INJURY / DRIVE AWAY,Y,,N,"OVER $1,500",05/19/2022 07:10:00 AM,DISREGARDING TRAFFIC SIGNALS,FAILING TO REDUCE SPEED TO AVOID CRASH,5600,N,HARLEM AVE,1612.0,,,,,,,2,NO INDICATION OF INJURY,0.0,0.0,0.0,0.0,0.0,3.0,0.0,6,5,5,41.9828152029,-87.8070891663,POINT (-87.807089166308 41.982815202873)
d0d5955015e0e7a06ca29a97aa8c4a23c16c3d4f6da7444867888be64e5affd789326b83b4f06ef36b56a87d9d24627eaf3bcd81564a40854dc0e3759dac265a,JC181596,,03/11/2019 12:15:00 PM,30,TRAFFIC SIGNAL,FUNCTIONING PROPERLY,CLEAR,DAYLIGHT,TURNING,NOT DIVIDED,,STRAIGHT AND LEVEL,DRY,NO DEFECTS,NOT ON SCENE (DESK REPORT),NO INJURY / DRIVE AWAY,,,,"$501 - $1,500",03/11/2019 03:40:00 PM,"OPERATING VEHICLE IN ERRATIC, RECKLESS, CARELESS, NEGLIGENT OR AGGRESSIVE MANNER",FAILING TO REDUCE SPEED TO AVOID CRASH,8700,S,DR MARTIN LUTHER KING JR DR,632.0,,,,,,,2,NO INDICATION OF INJURY,0.0,0.0,0.0,0.0,0.0,2.0,0.0,12,2,3,41.7364550458,-87.6146729127,POINT (-87.614672912717 41.736455045812)