CRASH_RECORD_ID,RD_NO,CRASH_DATE_EST_I,CRASH_DATE,POSTED_SPEED_LIMIT,TRAFFIC_CONTROL_DEVICE,DEVICE_CONDITION,WEATHER_CONDITION,LIGHTING_CONDITION,FIRST_CRASH_TYPE,TRAFFICWAY_TYPE,LANE_CNT,ALIGNMENT,ROADWAY_SURFACE_COND,ROAD_DEFECT,REPORT_TYPE,CRASH_TYPE,INTERSECTION_RELATED_I,NOT_RIGHT_OF_WAY_I,HIT_AND_RUN_I,DAMAGE,DATE_POLICE_NOTIFIED,PRIM_CONTRIBUTORY_CAUSE,SEC_CONTRIBUTORY_CAUSE,STREET_NO,STREET_DIRECTION,STREET_NAME,BEAT_OF_OCCURRENCE,PHOTOS_TAKEN_I,STATEMENTS_TAKEN_I,DOORING_I,WORK_ZONE_I,WORK_ZONE_TYPE,WORKERS_PRESENT_I,NUM_UNITS,MOST_SEVERE_INJURY,INJURIES_TOTAL,INJURIES_FATAL,INJURIES_INCAPACITATING,INJURIES_NON_INCAPACITATING,INJURIES_REPORTED_NOT_EVIDENT,INJURIES_NO_INDICATION,INJURIES_UNKNOWN,CRASH_HOUR,CRASH_DAY_OF_WEEK,CRASH_MONTH,LATITUDE,LONGITUDE,LOCATION
3a4f0e818ed154f1bd5fcfe35c129e6b8f682fdd6879b2e8cb0fc9e217cbb1de53c65a0b4e75ae69ca3ec7f36bdbfb3c0ca21ec1701dabd87c25cd3a46c7b997,JF210466,,04/17/2022 06:50:00 AM,30,STOP SIGN/FLASHER,FUNCTIONING PROPERLY,CLEAR,DAYLIGHT,REAR END,DIVIDED - W/MEDIAN (NOT RAISED),,STRAIGHT AND LEVEL,DRY,NO DEFECTS,NOT ON SCENE (DESK REPORT),NO INJURY / DRIVE AWAY,,,Y,"$501 - $1,500",04/17/2022 07:28:00 AM,UNABLE TO DETERMINE,UNABLE TO DETERMINE,2029,W,NORTH AVE,1424.0,,,,,,,2,NO INDICATION OF INJURY,0.0,0.0,0.0,0.0,0.0,4.0,0.0,6,1,4,41.9103527676,-87.6787065198,POINT (-87.678706519761 41.910352767551)
110ad7edd226404c62fde41c56de9870838cb4bcddbfa8b375f5a0891eb711b5b1a9be4dbedf3ecf9604ebc7b7a5283bb783bc5b971a94bc0a51caaa5499a85e,JF117792,,01/18/2022 02:00:00 PM,30,NO CONTROLS,NO CONTROLS,CLEAR,DAYLIGHT,REAR END,NOT DIVIDED,,STRAIGHT AND LEVEL,DRY,NO DEFECTS,NOT ON SCENE (DESK REPORT),NO INJURY / DRIVE AWAY,,,,"OVER $1,500",01/19/2022 01:00:00 PM,FOLLOWING TOO CLOSELY,NOT APPLICABLE,6600,W,63RD ST,812.0,,,,,,,2,NO INDICATION OF INJURY,0.0,0.0,0.0,0.0,0.0,2.0,0.0,14,3,1,41.7777151193,-87.7862153214,POINT (-87.786215321408 41.777715119321)
08d8290cd39d42eb6b2bffe66ecf0f5b92e85416f341e08a3a5a899c5c54bcd09031e255615cca40db0d141de9d1b4fb31bd21d70e2573c689fa514dbef3a476,HY509734,,11/21/2015 09:15:00 AM,15,NO CONTROLS,NO CONTROLS,SNOW,DAYLIGHT,FIXED OBJECT,PARKING LOT,,STRAIGHT AND LEVEL,WET,NO DEFECTS,NOT ON SCENE (DESK REPORT),NO INJURY / DRIVE AWAY,,Y,,"$501 - $1,500",11/21/2015 09:40:00 AM,WEATHER,NOT APPLICABLE,6432,N,RIDGE BLVD,2412.0,,,,,,,1,NO INDICATION OF INJURY,0.0,0.0,0.0,0.0,0.0,1.0,0.0,9,7,11,41.9988438644,-87.677395604,POINT (-87.677395604035 41.998843864385)
c064853bc0d92e1a1579c3f1c3fcd99fd560fddfd6ca353dbaf5f9ce297de1a161a2e1e0a22d7596066cfa31b9b9f661075ef249c067e176b858f636ef710ffa,HY498260,,11/11/2015 09:07:00 PM,30,NO CONTROLS,NO CONTROLS,CLEAR,"DARKNESS, LIGHTED ROAD",REAR END,DIVIDED - W/MEDIAN (NOT RAISED),4.0,STRAIGHT AND LEVEL,WET,NO DEFECTS,NOT ON SCENE (DESK REPORT),NO INJURY / DRIVE AWAY,,,,"$501 - $1,500",11/11/2015 09:35:00 PM,FOLLOWING TOO CLOSELY,WEATHER,4159,N,WESTERN AVE,1911.0,,,,,,,2,NO INDICATION OF INJURY,0.0,0.0,0.0,0.0,0.0,2.0,0.0,21,4,11,41.9576262611,-87.6884256118,POINT (-87.688425611751 41.957626261122)
4ccdc4761a92bd3b1596229328dfa20cfb51efb6bd610584bc181c9d41636efdee1f6b1bf41a65c83422e522b01020488a4102a7b80d9891324d5354bdbd340e,JB403385,,08/21/2018 09:50:00 PM,30,NO CONTROLS,NO CONTROLS,CLEAR,"DARKNESS, LIGHTED ROAD",PARKED MOTOR VEHICLE,ONE-WAY,1.0,STRAIGHT AND LEVEL,DRY,NO DEFECTS,ON SCENE,NO INJURY / DRIVE AWAY,,,,"$501 - $1,500",08/21/2018 09:52:00 PM,UNABLE TO DETERMINE,UNABLE TO DETERMINE,4246,N,SPAULDING AVE,1724.0,,,,,,,2,NO INDICATION OF INJURY,0.0,0.0,0.0,0.0,0.0,1.0,0.0,21,3,8,41.9589524293,-87.7107704126,POINT (-87.710770412629 41.958952429289)
537ef479af91f724308af4c77f507ee1f0f0f30869a4acc28330a8a67619a0df6e0c6bd85d776fcf835a0db776c066cde87abcc154462d9bc54ddc0570a11f3a,JD376395,,09/22/2020 02:30:00 PM,30,NO CONTROLS,NO CONTROLS,CLEAR,DAYLIGHT,SIDESWIPE SAME DIRECTION,NOT DIVIDED,,STRAIGHT AND LEVEL,DRY,UNKNOWN,NOT ON SCENE (DESK REPORT),NO INJURY / DRIVE AWAY,,,,"OVER $1,500",09/23/2020 09:30:00 AM,FOLLOWING TOO CLOSELY,UNABLE TO DETERMINE,8758,S,COTTAGE GROVE AVE,632.0,,,,,,,2,NO INDICATION OF INJURY,0.0,0.0,0.0,0.0,0.0,2.0,0.0,14,3,9,41.7348691499,-87.6049259832,POINT (-87.604925983233 41.734869149942)
c26dfc2eeb843e5dafa147768e0ada884da8db95d86dbce73f5a087810b818a3ae0ef08954da1556697bbb7be6f0a0cea3f662df80d3c3a94985c80b826a5b46,JD385721,,10/01/2020 07:00:00 PM,30,NO CONTROLS,NO CONTROLS,UNKNOWN,DAYLIGHT,PARKED MOTOR VEHICLE,DIVIDED - W/MEDIAN (NOT RAISED),,STRAIGHT AND LEVEL,WET,NO DEFECTS,NOT ON SCENE (DESK REPORT),NO INJURY / DRIVE AWAY,,,Y,"OVER $1,500",10/01/2020 08:30:00 PM,UNABLE TO DETERMINE,NOT APPLICABLE,4750,W,HARRISON ST,1131.0,,,,,,,2,NO INDICATION OF INJURY,0.0,0.0,0.0,0.0,0.0,1.0,0.0,19,5,10,41.8732694522,-87.7445851195,POINT (-87.744585119542 41.873269452165)
6edb76c603385124817b2fe5e7c6aa01ba491036ed21d56999dad822d15b9448bc9f37b811b7bea84cad6fa49594fd622d4b57018651ebe71de478fdde6ce5ef,JB470291,,10/10/2018 02:50:00 PM,30,NO CONTROLS,NO CONTROLS,RAIN,DAYLIGHT,SIDESWIPE SAME DIRECTION,NOT DIVIDED,,STRAIGHT AND LEVEL,WET,NO DEFECTS,NOT ON SCENE (DESK REPORT),NO INJURY / DRIVE AWAY,,,,"$501 - $1,500",10/10/2018 03:56:00 PM,IMPROPER TURNING/NO SIGNAL,UNABLE TO DETERMINE,2250,W,CERMAK RD,1234.0,,,,,,,2,NO INDICATION OF INJURY,0.0,0.0,0.0,0.0,0.0,2.0,0.0,14,4,10,41.8521776154,-87.6828166548,POINT (-87.682816654782 41.852177615395)
67ad038b2f454e294e9a5b4397c4cdb759f667ed3ee1562a001539c6f763df9501bb06121a221cad18e5a126458c8b5963343624bdd8b0a527ea25024f65cbbd,JD332664,,08/14/2020 06:45:00 PM,30,TRAFFIC SIGNAL,FUNCTIONING PROPERLY,CLEAR,DAYLIGHT,TURNING,NOT DIVIDED,,STRAIGHT AND LEVEL,DRY,NO DEFECTS,,NO INJURY / DRIVE AWAY,,,Y,"$501 - $1,500",08/14/2020 08:11:00 PM,NOT APPLICABLE,NOT APPLICABLE,8301,S,CICERO AVE,834.0,,,,,,,2,NO INDICATION OF INJURY,0.0,0.0,0.0,0.0,0.0,2.0,0.0,18,6,8,41.741803599,-87.740953582,POINT (-87.740953581987 41.741803598989)
2dfc9d6403dc16e7089ee3f1c3467d36a662fe898f7523c8a15c841275b81a98fe9cf3a55020fa385e99b1a7bc2bb1fe5e80a86fe7314dd11ca4c0c70d99f6b3,JF294787,,06/22/2022 07:00:00 PM,30,NO CONTROLS,NO CONTROLS,OTHER,UNKNOWN,REAR TO SIDE,OTHER,,STRAIGHT AND LEVEL,UNKNOWN,UNKNOWN,NOT ON SCENE (DESK REPORT),NO INJURY / DRIVE AWAY,,Y,,"OVER $1,500",06/26/2022 03:10:00 PM,UNABLE TO DETERMINE,NOT APPLICABLE,4729,S,CICERO AVE,815.0,,,,,,,2,NO INDICATION OF INJURY,0.0,0.0,0.0,0.0,0.0,2.0,0.0,19,4,6,41.8067418158,-87.7429811883,POINT (-87.742981188319 41.806741815764)
58e324270b4a091153aa31934e5684c63d19e43672468dfc9c7288a5675ac96dbcca07e6c27a20138a31b3132363832aa673e148c7d68196a781ac13761965df,JC453599,,09/29/2019 09:45:00 PM,25,STOP SIGN/FLASHER,FUNCTIONING PROPERLY,CLEAR,DARKNESS,PARKED MOTOR VEHICLE,NOT DIVIDED,,STRAIGHT AND LEVEL,WET,UNKNOWN,ON SCENE,NO INJURY / DRIVE AWAY,,,Y,"OVER $1,500",09/29/2019 10:08:00 PM,UNABLE TO DETERMINE,NOT APPLICABLE,2818,N,LONG AVE,2514.0,,,,,,,2,NO INDICATION OF INJURY,0.0,0.0,0.0,0.0,0.0,1.0,0.0,21,1,9,41.9319099761,-87.7614988468,POINT (-87.761498846751 41.931909976089)
d69f165bea1d8d73763374585912d56bd1f4b77e0800a5b7374eb212d580e0fc3de40a81a560f1e65d4f6408c62a65bb11af38ed944ef463f60f8620e8fe6ac7,JB124936,,01/22/2018 07:15:00 AM,25,STOP SIGN/FLASHER,FUNCTIONING PROPERLY,RAIN,DAYLIGHT,ANGLE,NOT DIVIDED,,STRAIGHT AND LEVEL,WET,NO DEFECTS,NOT ON SCENE (DESK REPORT),INJURY AND / OR TOW DUE TO CRASH,Y,,,"OVER $1,500",01/22/2018 08:00:00 AM,FAILING TO YIELD RIGHT-OF-WAY,NOT APPLICABLE,1500,N,LINDER AVE,2532.0,,,,,,,2,"REPORTED, NOT EVIDENT",4.0,0.0,0.0,0.0,4.0,0.0,0.0,7,2,1,41.9076842057,-87.7635122591,POINT (-87.763512259141 41.907684205661)
518cce77a3d099ede7314ffc0dcfed9a692d1398d6bd7265045081d55e7b8021899acbb8407a7ed8644ebdfd3cae383a2670246ad3e7b7fbacfd475918249aa6,JG303782,,06/15/2023 03:15:00 PM,30,TRAFFIC SIGNAL,FUNCTIONING PROPERLY,CLEAR,DAYLIGHT,REAR END,NOT DIVIDED,,STRAIGHT AND LEVEL,DRY,NO DEFECTS,NOT ON SCENE (DESK REPORT),NO INJURY / DRIVE AWAY,,,,"$501 - $1,500",06/16/2023 05:45:00 PM,FOLLOWING TOO CLOSELY,UNABLE TO DETERMINE,301,W,79TH ST,623.0,,,,,,,2,NO INDICATION OF INJURY,0.0,0.0,0.0,0.0,0.0,2.0,0.0,15,5,6,41.7507126205,-87.6319353288,POINT (-87.631935328832 41.750712620506)
85f73b8a132ee1a128e586a140e5b0a0578ac9ef88a7ce5406667beb709aa465e96e0828497cebf0fe5e5e1e9437454f44df619f6e6d7c77d92ac95d8d55a253,JE297163,,07/10/2021 04:45:00 PM,30,NO CONTROLS,NO CONTROLS,CLOUDY/OVERCAST,DAYLIGHT,PARKED MOTOR VEHICLE,ONE-WAY,,STRAIGHT AND LEVEL,UNKNOWN,UNKNOWN,NOT ON SCENE (DESK REPORT),NO INJURY / DRIVE AWAY,,,,"$501 - $1,500",07/10/2021 06:14:00 PM,IMPROPER OVERTAKING/PASSING,UNABLE TO DETERMINE,1634,W,ROSCOE ST,1922.0,,,,,,,2,NO INDICATION OF INJURY,0.0,0.0,0.0,0.0,0.0,1.0,0.0,16,7,7,41.9434339427,-87.670129618,POINT (-87.670129618003 41.943433942746)
16a69314ae15646753078f78135c3a3dc0f5cc2a0e396c7dbdcbd3ef5c967aa9dec6c2f9fff8d874cc67bfaa6960a518bc7cabeb66f0febbef3bd525e4de0952,JA478862,,10/19/2017 08:20:00 PM,30,TRAFFIC SIGNAL,FUNCTIONING PROPERLY,CLEAR,"DARKNESS, LIGHTED ROAD",REAR END,DIVIDED - W/MEDIAN BARRIER,,STRAIGHT AND LEVEL,DRY,UNKNOWN,NOT ON SCENE (DESK REPORT),INJURY AND / OR TOW DUE TO CRASH,Y,,,"OVER $1,500",10/20/2017 03:45:00 PM,UNABLE TO DETERMINE,UNABLE TO DETERMINE,150,N,COLUMBUS DR,114.0,,,,,,,2,NONINCAPACITATING INJURY,1.0,0.0,0.0,1.0,0.0,1.0,0.0,20,5,10,41.8845853706,-87.6207921526,POINT (-87.620792152563 41.884585370634)
95f2409772e0728e54308787aa589e194be1890faa1d816a856ce1fd5fba7eb8b60459c1329e92b3eb6137c88483e3b809c39fd06b7302315b24b8c64385b931,JA168868,,02/27/2017 02:17:00 PM,30,TRAFFIC SIGNAL,FUNCTIONING PROPERLY,CLEAR,DAYLIGHT,PARKED MOTOR VEHICLE,NOT DIVIDED,,STRAIGHT AND LEVEL,DRY,NO DEFECTS,ON SCENE,INJURY AND / OR TOW DUE TO CRASH,Y,,,"OVER $1,500",02/27/2017 02:20:00 PM,DISTRACTION - FROM INSIDE VEHICLE,NOT APPLICABLE,6752,S,JEFFERY BLVD,332.0,Y,Y,,,,,3,INCAPACITATING INJURY,1.0,0.0,1.0,0.0,0.0,1.0,0.0,14,2,2,41.7718887648,-87.5765998646,POINT (-87.576599864613 41.771888764837)
bcd20460d9ddfc22fa2b764d4ce970d35df1d45f9634687b68851543b94ad720ee5bbda420c1a6d29e6f852f60ad6e003586c271fcdf7186ad771193b0c58264,JE269192,Y,06/17/2021 11:15:00 AM,30,TRAFFIC SIGNAL,UNKNOWN,CLEAR,DAYLIGHT,ANGLE,ONE-WAY,,STRAIGHT AND LEVEL,DRY,UNKNOWN,ON SCENE,NO INJURY / DRIVE AWAY,,,Y,"OVER $1,500",06/17/2021 11:32:00 AM,"OPERATING VEHICLE IN ERRATIC, RECKLESS, CARELESS, NEGLIGENT OR AGGRESSIVE MANNER",DRIVING SKILLS/KNOWLEDGE/EXPERIENCE,4000,W,15TH ST,1011.0,,,,,,,2,NO INDICATION OF INJURY,0.0,0.0,0.0,0.0,0.0,3.0,0.0,11,5,6,41.8608037713,-87.7250731638,POINT (-87.725073163773 41.860803771261)
981e76ddc3f2d9ede4b58803797f6b851c563c0860a9c9209634f2c7b047ccbddb358c02185f890cc0a39abb21a3ce5baa220d181cfb19a58a0069b8632e723d,JB534614,,11/30/2018 07:14:00 AM,10,NO CONTROLS,NO CONTROLS,CLEAR,"DARKNESS, LIGHTED ROAD",FIXED OBJECT,RAMP,1.0,STRAIGHT AND LEVEL,DRY,NO DEFECTS,ON SCENE,NO INJURY / DRIVE AWAY,,Y,Y,"OVER $1,500",11/30/2018 12:30:00 PM,IMPROPER BACKING,NOT APPLICABLE,1944,N,NARRAGANSETT AVE,2513.0,,,,,,,1,NO INDICATION OF INJURY,0.0,0.0,0.0,0.0,0.0,1.0,0.0,7,6,11,41.9159250004,-87.7853660031,POINT (-87.785366003142 41.915925000361)
82c27c5385b63db2f3d658fd0aab2ee0a9f233e12aaa7228d11e175b735b667378f7e76fbda152d6cc0b92e949dcdc276501625f34eb736e6088a60856838518,JE207113,,04/22/2021 07:33:00 PM,30,TRAFFIC SIGNAL,FUNCTIONING PROPERLY,CLEAR,DUSK,REAR END,NOT DIVIDED,,STRAIGHT AND LEVEL,DRY,NO DEFECTS,ON SCENE,INJURY AND / OR TOW DUE TO CRASH,N,,,"OVER $1,500",04/22/2021 07:38:00 PM,"OPERATING VEHICLE IN ERRATIC, RECKLESS, CARELESS, NEGLIGENT OR AGGRESSIVE MANNER",NOT APPLICABLE,6700,S,COTTAGE GROVE AVE,321.0,,,,,,,3,INCAPACITATING INJURY,2.0,0.0,1.0,1.0,0.0,0.0,0.0,19,5,4,41.7730478219,-87.6059130529,POINT (-87.605913052872 41.773047821886)
a5e9e6c94e5fa4f79ec76bfd64e446160509f30dcc468dfe68971b4bf1980d680fc7b931d31640e79bf8dcbf23eac2010d5cff7589ca7324a07b031132bc4831,JB173098,,03/04/2018 09:15:00 AM,30,NO CONTROLS,NO CONTROLS,CLEAR,DAYLIGHT,SIDESWIPE SAME DIRECTION,NOT DIVIDED,,STRAIGHT AND LEVEL,DRY,NO DEFECTS,NOT ON SCENE (DESK REPORT),NO INJURY / DRIVE AWAY,,,Y,"$501 - $1,500",03/04/2018 09:30:00 AM,IMPROPER OVERTAKING/PASSING,FAILING TO YIELD RIGHT-OF-WAY,4095,W,GRAND AVE,2534.0,,,,,,,2,NO INDICATION OF INJURY,0.0,0.0,0.0,0.0,0.0,2.0,0.0,9,1,3,41.907020269,-87.7289024713,POINT (-87.728902471273 41.907020269001)
d551f0d9b831cd4177e6065fcd5619ddb577ba27b28dde07228edecdfc70cc86e10f87b8759020e80a29cce728f4e164f0b782c36bac992932daf30e71a444e8,JF116491,,01/18/2022 11:05:00 AM,30,STOP SIGN/FLASHER,FUNCTIONING PROPERLY,CLEAR,DAYLIGHT,ANGLE,T-INTERSECTION,,STRAIGHT AND LEVEL,SNOW OR SLUSH,NO DEFECTS,ON SCENE,NO INJURY / DRIVE AWAY,Y,,,"OVER $1,500",01/18/2022 11:10:00 AM,DISTRACTION - FROM OUTSIDE VEHICLE,NOT APPLICABLE,2100,W,111TH ST,2212.0,,,,,,,2,NO INDICATION OF INJURY,0.0,0.0,0.0,0.0,0.0,3.0,0.0,11,3,1,41.691999915,-87.6741469632,POINT (-87.674146963237 41.691999914993)
25ae0e16787e7338da4c906f70454cc573a77269f0663d8a6106b69fe760935a09fe828323cad0a9a5edca4b2d1c0c4dc1459c4ca35500f7ca23b01402ad02bf,JD104367,,01/04/2020 04:45:00 PM,30,NO CONTROLS,NO CONTROLS,CLEAR,DUSK,SIDESWIPE SAME DIRECTION,NOT DIVIDED,,STRAIGHT AND LEVEL,DRY,NO DEFECTS,,NO INJURY / DRIVE AWAY,,,,"OVER $1,500",01/04/2020 05:00:00 PM,IMPROPER LANE USAGE,FAILING TO YIELD RIGHT-OF-WAY,3143,W,PALMER BLVD,1414.0,,,,,,,2,NO INDICATION OF INJURY,0.0,0.0,0.0,0.0,0.0,2.0,0.0,16,7,1,41.9205517236,-87.7069118755,POINT (-87.706911875472 41.920551723608)
6d99510150a0471feaa418564f145d000e5e4b647725b1eddc13def4562f934888266706a41bf29e79747528894d45307914ff1258e48929d4b5490b36fc08c7,JC258607,,05/11/2019 07:02:00 AM,35,NO CONTROLS,NO CONTROLS,CLEAR,DAYLIGHT,FIXED OBJECT,DIVIDED - W/MEDIAN BARRIER,,STRAIGHT AND LEVEL,DRY,NO DEFECTS,ON SCENE,INJURY AND / OR TOW DUE TO CRASH,,,,"OVER $1,500",05/11/2019 07:03:00 AM,UNABLE TO DETERMINE,UNABLE TO DETERMINE,3156,W,79TH ST,835.0,,,,,,,1,FATAL,1.0,1.0,0.0,0.0,0.0,1.0,0.0,7,7,5,41.749951643,-87.7021649574,POINT (-87.702164957412 41.749951643016)
6c6bb15c92183330c9c34c21000908f05c1e7ee18c367c004656843ad903f1a26f4ed9882233baaf99ece26fb02d501790ada3df41f40cd2ce1fd7ccad3d61ce,JF521195,,12/23/2022 11:06:00 PM,30,TRAFFIC SIGNAL,FUNCTIONING PROPERLY,OTHER,"DARKNESS, LIGHTED ROAD",REAR END,FOUR WAY,,STRAIGHT AND LEVEL,SNOW OR SLUSH,UNKNOWN,NOT ON SCENE (DESK REPORT),NO INJURY / DRIVE AWAY,Y,,Y,"$501 - $1,500",12/23/2022 11:25:00 PM,UNABLE TO DETERMINE,NOT APPLICABLE,10300,S,DR MARTIN LUTHER KING JR DR,512.0,,,,,,,2,NO INDICATION OF INJURY,0.0,0.0,0.0,0.0,0.0,3.0,0.0,23,6,12,41.7072220651,-87.6139116047,POINT (-87.613911604658 41.707222065075)
a7814dcc6112d0f2f7f0269b88698718a5100a856141981ea7b8dad6cfa5fb637755277468748e0c1e2c01383925ab95f5ed109bf62999e9a1d82eedfd882b2d,JD160259,,02/21/2020 06:50:00 PM,30,NO CONTROLS,NO CONTROLS,CLEAR,"DARKNESS, LIGHTED ROAD",SIDESWIPE SAME DIRECTION,DIVIDED - W/MEDIAN (NOT RAISED),,STRAIGHT AND LEVEL,DRY,NO DEFECTS,NOT ON SCENE (DESK REPORT),NO INJURY / DRIVE AWAY,,,Y,"OVER $1,500",02/21/2020 07:10:00 PM,UNABLE TO DETERMINE,NOT APPLICABLE,5800,W,CHICAGO AVE,1511.0,,,,,,,2,NO INDICATION OF INJURY,0.0,0.0,0.0,0.0,0.0,2.0,0.0,18,6,2,41.8948924137,-87.7703654998,POINT (-87.770365499801 41.894892413673)
c57454dd2ec1939033d57660b43c7dfeb42c25f0879d579dc29df16897b852e0575604926875d16358fc181cd75692a8113a4536b642c4f3078e7309689dea2d,JA314214,,06/19/2017 07:30:00 AM,30,UNKNOWN,UNKNOWN,UNKNOWN,UNKNOWN,PARKED MOTOR VEHICLE,NOT DIVIDED,2.0,STRAIGHT AND LEVEL,UNKNOWN,UNKNOWN,NOT ON SCENE (DESK REPORT),NO INJURY / DRIVE AWAY,,,Y,"$501 - $1,500",06/19/2017 07:21:00 PM,UNABLE TO DETERMINE,UNABLE TO DETERMINE,4001,N,BROADWAY,1915.0,,,,,,,2,NO INDICATION OF INJURY,0.0,0.0,0.0,0.0,0.0,2.0,0.0,7,2,6,41.9546415936,-87.6504281612,POINT (-87.650428161191 41.954641593609)
76a09ca5d3a7ca16c5425dbf5287be2d09530a0d9e0f0665714fef372376c171ad2a8ec57e9e8ed45b284a306eed9615e81028d42933829756a03e93cd594eef,JD300449,,07/17/2020 11:30:00 AM,35,NO CONTROLS,NO CONTROLS,CLEAR,DAYLIGHT,SIDESWIPE SAME DIRECTION,OTHER,,STRAIGHT AND LEVEL,DRY,UNKNOWN,NOT ON SCENE (DESK REPORT),NO INJURY / DRIVE AWAY,N,,,"$501 - $1,500",07/17/2020 12:00:00 PM,IMPROPER OVERTAKING/PASSING,NOT APPLICABLE,3834,E,112TH ST,433.0,,,,,,,2,NO INDICATION OF INJURY,0.0,0.0,0.0,0.0,0.0,2.0,0.0,11,6,7,41.6919355332,-87.5302201323,POINT (-87.530220132257 41.691935533199)
677b373b237a8325d22f324ef462923a50833772bf0f8ad58b56a4753f6baf3341404fab5936da07d960b2526bdec45c0b3d582b2fa40d18e3ef021aeacfeddb,HZ126855,,01/22/2016 06:10:00 PM,0,TRAFFIC SIGNAL,FUNCTIONING PROPERLY,CLEAR,DARKNESS,SIDESWIPE SAME DIRECTION,DIVIDED - W/MEDIAN (NOT RAISED),2.0,STRAIGHT AND LEVEL,DRY,NO DEFECTS,NOT ON SCENE (DESK REPORT),NO INJURY / DRIVE AWAY,,,Y,$500 OR LESS,01/24/2016 11:35:00 AM,UNABLE TO DETERMINE,UNABLE TO DETERMINE,1543,W,DIVISION ST,1213.0,,,,,,,2,NO INDICATION OF INJURY,0.0,0.0,0.0,0.0,0.0,2.0,0.0,18,6,1,41.9032453067,-87.6668368625,POINT (-87.66683686254 41.903245306703)
7538d1ba9b2b65a2d99fc6aa7b9ee15b51fdbfbd5b6c8c753e65f219ef701fd0d5cce9d817300471097682d8287d319172abce4995b77af93409c609accb5557,JC547882,,12/15/2019 01:45:00 PM,30,NO CONTROLS,NO CONTROLS,CLEAR,DAYLIGHT,REAR END,NOT DIVIDED,,STRAIGHT AND LEVEL,DRY,NO DEFECTS,NOT ON SCENE (DESK REPORT),NO INJURY / DRIVE AWAY,,,,"$501 - $1,500",12/15/2019 02:31:00 PM,UNABLE TO DETERMINE,UNABLE TO DETERMINE,1026,N,PAULINA ST,1213.0,,,,,,,2,NO INDICATION OF INJURY,0.0,0.0,0.0,0.0,0.0,5.0,0.0,13,1,12,41.900476406,-87.6700116218,POINT (-87.670011621778 41.900476405994)
4dcb05d08f2076ec64eb5c94d215fb0719c5d00cd8f1197059daa361dc360696a415dcf90ef9bf2dc6f1c83ab3ea44457dce409f2165cc1fdf8878b7d4a62b8b,JF150829,,02/20/2022 08:40:00 PM,30,TRAFFIC SIGNAL,FUNCTIONING PROPERLY,CLEAR,"DARKNESS, LIGHTED ROAD",ANGLE,FOUR WAY,,STRAIGHT AND LEVEL,DRY,NO DEFECTS,ON SCENE,INJURY AND / OR TOW DUE TO CRASH,Y,,,"OVER $1,500",02/20/2022 08:41:00 PM,DISREGARDING TRAFFIC SIGNALS,FAILING TO YIELD RIGHT-OF-WAY,9200,S,HOUSTON AVE,424.0,,,,,,,2,"REPORTED, NOT EVIDENT",3.0,0.0,0.0,0.0,3.0,0.0,0.0,20,1,2,41.7281698188,-87.5499660024,POINT (-87.549966002382 41.728169818783)
8125ecaf6477ba45f799796324ae4e9f55cf68d6286aca34aae069ca4eef44c057c4833e087e43883116bd5f05168563a84cf0eaf8a48cd3ec9cf895d16302bf,HY410253,,09/04/2015 01:00:00 PM,30,TRAFFIC SIGNAL,FUNCTIONING PROPERLY,CLEAR,DAYLIGHT,TURNING,DIVIDED - W/MEDIAN BARRIER,2.0,STRAIGHT AND LEVEL,DRY,UNKNOWN,NOT ON SCENE (DESK REPORT),NO INJURY / DRIVE AWAY,Y,,,"$501 - $1,500",09/04/2015 02:10:00 PM,IMPROPER TURNING/NO SIGNAL,IMPROPER LANE USAGE,800,S,INDEPENDENCE BLVD,1133.0,,,,,,,2,NO INDICATION OF INJURY,0.0,0.0,0.0,0.0,0.0,2.0,0.0,13,6,9,41.8707377306,-87.7204174302,POINT (-87.720417430161 41.870737730633)
e8648735fb2677b431266ca2f2a30a3b62c5d546fdc142401a03fa47e63507b101294601bef4fcf2aac44e6b78eb0941f0eea061150fd1978e1aafeef84522d2,HZ162050,,02/20/2016 03:10:00 PM,35,TRAFFIC SIGNAL,FUNCTIONING PROPERLY,CLEAR,DAYLIGHT,REAR END,DIVIDED - W/MEDIAN (NOT RAISED),6.0,STRAIGHT AND LEVEL,DRY,NO DEFECTS,NOT ON SCENE (DESK REPORT),NO INJURY / DRIVE AWAY,,,,"OVER $1,500",02/23/2016 11:00:00 AM,FOLLOWING TOO CLOSELY,FOLLOWING TOO CLOSELY,4658,S,CICERO AVE,814.0,,,,,,,2,NO INDICATION OF INJURY,0.0,0.0,0.0,0.0,0.0,2.0,0.0,15,7,2,41.8077126833,-87.7433002458,POINT (-87.743300245789 41.80771268334)