CRASH_RECORD_ID,RD_NO,CRASH_DATE_EST_I,CRASH_DATE,POSTED_SPEED_LIMIT,TRAFFIC_CONTROL_DEVICE,DEVICE_CONDITION,WEATHER_CONDITION,LIGHTING_CONDITION,FIRST_CRASH_TYPE,TRAFFICWAY_TYPE,LANE_CNT,ALIGNMENT,ROADWAY_SURFACE_COND,ROAD_DEFECT,REPORT_TYPE,CRASH_TYPE,INTERSECTION_RELATED_I,NOT_RIGHT_OF_WAY_I,HIT_AND_RUN_I,DAMAGE,DATE_POLICE_NOTIFIED,PRIM_CONTRIBUTORY_CAUSE,SEC_CONTRIBUTORY_CAUSE,STREET_NO,STREET_DIRECTION,STREET_NAME,BEAT_OF_OCCURRENCE,PHOTOS_TAKEN_I,STATEMENTS_TAKEN_I,DOORING_I,WORK_ZONE_I,WORK_ZONE_TYPE,WORKERS_PRESENT_I,NUM_UNITS,MOST_SEVERE_INJURY,INJURIES_TOTAL,INJURIES_FATAL,INJURIES_INCAPACITATING,INJURIES_NON_INCAPACITATING,INJURIES_REPORTED_NOT_EVIDENT,INJURIES_NO_INDICATION,INJURIES_UNKNOWN,CRASH_HOUR,CRASH_DAY_OF_WEEK,CRASH_MONTH,LATITUDE,LONGITUDE,LOCATION
a6ff4f0ab00d4797ce18a091d519d1b14ed1389ec6d5c2606e4c09cc4b5ddd164903724c36b6021bd27f14e1f0903efc870135da1d26b963d72fa2220fba60ea,JG159177,,02/20/2023 08:45:00 AM,30,NO CONTROLS,NO CONTROLS,CLEAR,DAYLIGHT,PARKED MOTOR VEHICLE,ONE-WAY,,STRAIGHT AND LEVEL,DRY,NO DEFECTS,NOT ON SCENE (DESK REPORT),NO INJURY / DRIVE AWAY,,,Y,"OVER $1,500",02/20/2023 09:09:00 AM,UNABLE TO DETERMINE,NOT APPLICABLE,3635,W,POLK ST,1133.0,,,,,,,2,NO INDICATION OF INJURY,0.0,0.0,0.0,0.0,0.0,1.0,0.0,8,2,2,41.8707143559,-87.7169709265,POINT (-87.716970926548 41.870714355895)
b05a6ccf212faf34c3c264df22a2ad59023590fe37b0d15804e3c64f2154037ec6db7a2ee02c3a6677e120da9392ea717ced52d2c7e00dcf243bcdf938c02075,JE401801,,10/07/2021 05:48:00 PM,15,STOP SIGN/FLASHER,FUNCTIONING PROPERLY,CLEAR,DAYLIGHT,ANGLE,ONE-WAY,,STRAIGHT AND LEVEL,WET,NO DEFECTS,ON SCENE,INJURY AND / OR TOW DUE TO CRASH,Y,,,"OVER $1,500",10/07/2021 05:50:00 PM,FAILING TO YIELD RIGHT-OF-WAY,UNABLE TO DETERMINE,6201,S,FRANCISCO AVE,823.0,,,,,,,2,NO INDICATION OF INJURY,0.0,0.0,0.0,0.0,0.0,2.0,0.0,17,5,10,41.78081455,-87.6957304353,POINT (-87.69573043535 41.780814549979)
83127c09d100709af713880202688e41d466b52c48becdf39db7214be0f973d3c73609d3e67b907be8230a7cede615dc4e235363636894d1cbf834acaef6b981,JD313267,Y,07/28/2020 06:30:00 PM,30,TRAFFIC SIGNAL,UNKNOWN,CLEAR,DAYLIGHT,REAR END,DIVIDED - W/MEDIAN (NOT RAISED),,STRAIGHT AND LEVEL,DRY,UNKNOWN,ON SCENE,NO INJURY / DRIVE AWAY,,,,"$501 - $1,500",07/28/2020 06:40:00 PM,UNABLE TO DETERMINE,UNABLE TO DETERMINE,3600,W,GRAND AVE,1112.0,,,,,,,2,NO INDICATION OF INJURY,0.0,0.0,0.0,0.0,0.0,2.0,0.0,18,3,7,41.9023626196,-87.7165388614,POINT (-87.716538861417 41.902362619578)
28bf07639f3e9dd5dd55a2d291ae0dd92fa589228dd653e6a2eb5372bef1686ca04510b88952f1a50b88ec2c17a08157141fee5e87f6db80ce33381911f3eff0,JA103200,,01/03/2017 06:05:00 PM,20,UNKNOWN,UNKNOWN,CLEAR,"DARKNESS, LIGHTED ROAD",PARKED MOTOR VEHICLE,DIVIDED - W/MEDIAN (NOT RAISED),2.0,STRAIGHT AND LEVEL,DRY,UNKNOWN,NOT ON SCENE (DESK REPORT),NO INJURY / DRIVE AWAY,,,,"OVER $1,500",01/03/2017 06:45:00 PM,UNABLE TO DETERMINE,NOT APPLICABLE,1763,W,WILSON AVE,1912.0,,,,,,,2,NO INDICATION OF INJURY,0.0,0.0,0.0,0.0,0.0,2.0,0.0,18,3,1,41.9650695298,-87.6734160551,POINT (-87.673416055057 41.965069529786)
7a09425de57f28971e7fda6d63a64bf03188014a488e378e3a36116594f15c82e0944347a7406c10968faa702008ee13f618c1898d79bd04a714c0dd1fe643b9,JA430257,,09/13/2017 07:16:00 PM,25,TRAFFIC SIGNAL,NO CONTROLS,CLEAR,DARKNESS,REAR END,NOT DIVIDED,,STRAIGHT AND LEVEL,DRY,NO DEFECTS,ON SCENE,INJURY AND / OR TOW DUE TO CRASH,,,,"OVER $1,500",09/13/2017 07:16:00 PM,UNABLE TO DETERMINE,UNABLE TO DETERMINE,7356,N,WESTERN AVE,2411.0,,,,,,,2,NONINCAPACITATING INJURY,1.0,0.0,0.0,1.0,0.0,1.0,0.0,19,4,9,42.0156763052,-87.6903633462,POINT (-87.690363346165 42.015676305174)
5bedb5f8d84b506b78de1924d5968cbe3cb6b35567068a57dc030fee58ac631b0944e1abc5343cffdeeda1df67b0a4bf3ea8136273b7853b24cd76e235bf400f,JB278330,,05/25/2018 03:45:00 PM,30,NO CONTROLS,NO CONTROLS,CLEAR,DAYLIGHT,REAR END,DIVIDED - W/MEDIAN (NOT RAISED),4.0,STRAIGHT AND LEVEL,DRY,NO DEFECTS,ON SCENE,NO INJURY / DRIVE AWAY,,,Y,"OVER $1,500",05/25/2018 03:51:00 PM,FOLLOWING TOO CLOSELY,UNABLE TO DETERMINE,2501,W,63RD ST,825.0,,,,,,,2,NO INDICATION OF INJURY,0.0,0.0,0.0,0.0,0.0,2.0,0.0,15,6,5,41.7791127111,-87.6861499611,POINT (-87.686149961128 41.7791127111)
ad4c8ba143c768aaafc8612d8e4cee9ce413add9ee9357756055951802f67c02e73d0e6dddf99e21bfd1e26f66b7844387b98b93d616c68b428f747b52208d69,JB355216,,07/18/2018 04:20:00 PM,30,TRAFFIC SIGNAL,FUNCTIONING PROPERLY,CLEAR,DAYLIGHT,SIDESWIPE SAME DIRECTION,NOT DIVIDED,,STRAIGHT AND LEVEL,DRY,NO DEFECTS,ON SCENE,NO INJURY / DRIVE AWAY,,,,"OVER $1,500",07/18/2018 04:22:00 PM,FOLLOWING TOO CLOSELY,NOT APPLICABLE,1,S,DAMEN AVE,1223.0,,,,,,,2,NO INDICATION OF INJURY,0.0,0.0,0.0,0.0,0.0,2.0,0.0,16,4,7,41.8812499752,-87.6764940824,POINT (-87.676494082416 41.881249975238)
54121470f3e9c419a66dcd06020fad743259cf4b808312c2b81eae6062d84d1f875be9012c3014085469db65203a703862195906f5ff77fbeaeae7961a03a740,JE259937,,06/09/2021 05:32:00 PM,35,TRAFFIC SIGNAL,FUNCTIONING PROPERLY,CLEAR,DAYLIGHT,REAR END,DIVIDED - W/MEDIAN BARRIER,,STRAIGHT AND LEVEL,DRY,NO DEFECTS,ON SCENE,INJURY AND / OR TOW DUE TO CRASH,Y,,,"OVER $1,500",06/09/2021 05:32:00 PM,IMPROPER LANE USAGE,FAILING TO REDUCE SPEED TO AVOID CRASH,6299,S,LAKE SHORE DR,331.0,,,,,,,5,INCAPACITATING INJURY,2.0,0.0,1.0,1.0,0.0,5.0,0.0,17,4,6,,,
8a48a34c85499e0e72fb02b1a1506060f28d7cd3352f9680c01a9bb19f8242570b74e8f15ed002a24e6ecdfe8cf0dde0b74d77551fd67dd06106e98438aeaaed,JA405418,,08/25/2017 08:50:00 AM,30,NO CONTROLS,NO CONTROLS,CLEAR,DAYLIGHT,PEDESTRIAN,NOT DIVIDED,4.0,STRAIGHT AND LEVEL,DRY,NO DEFECTS,ON SCENE,INJURY AND / OR TOW DUE TO CRASH,,,Y,$500 OR LESS,08/25/2017 08:50:00 AM,FAILING TO YIELD RIGHT-OF-WAY,FAILING TO REDUCE SPEED TO AVOID CRASH,1627,N,CICERO AVE,2533.0,,,,,,,2,"REPORTED, NOT EVIDENT",1.0,0.0,0.0,0.0,1.0,1.0,0.0,8,6,8,41.9104026723,-87.7458749444,POINT (-87.745874944374 41.910402672335)
cd91847048377a6f895a7e131714210d36ef7eae1d921dff399c47e85b0119cf202c034d188e275f455f2c6982fe709d8eaf58694306694d3be59aac5a2bd5f3,JB338200,Y,07/05/2018 12:30:00 AM,30,NO CONTROLS,NO CONTROLS,RAIN,DARKNESS,ANGLE,NOT DIVIDED,2.0,STRAIGHT AND LEVEL,WET,NO DEFECTS,NOT ON SCENE (DESK REPORT),NO INJURY / DRIVE AWAY,,,,"OVER $1,500",07/06/2018 04:30:00 PM,IMPROPER OVERTAKING/PASSING,UNABLE TO DETERMINE,7436,S,JEFFERY BLVD,333.0,,,,,,,2,NO INDICATION OF INJURY,0.0,0.0,0.0,0.0,0.0,3.0,0.0,0,5,7,41.759610682,-87.5763043236,POINT (-87.576304323605 41.759610682001)
39753b02a6fde0af92c9a063f3dbfe92410602b3f658d87672be2ec914c9f77a51a9793944105f3117b8cd0d0919e9e0b4b27ab8af63e15b76c0ed8a109d64de,JA381645,,08/07/2017 02:45:00 PM,30,TRAFFIC SIGNAL,FUNCTIONING PROPERLY,CLEAR,DAYLIGHT,SIDESWIPE SAME DIRECTION,NOT DIVIDED,2.0,STRAIGHT AND LEVEL,DRY,UNKNOWN,NOT ON SCENE (DESK REPORT),NO INJURY / DRIVE AWAY,Y,,,"OVER $1,500",08/07/2017 06:30:00 PM,IMPROPER OVERTAKING/PASSING,UNABLE TO DETERMINE,7600,S,STONY ISLAND AVE,411.0,,,,,,,2,NO INDICATION OF INJURY,0.0,0.0,0.0,0.0,0.0,2.0,0.0,14,2,8,41.7568971726,-87.5862342851,POINT (-87.58623428507 41.756897172602)
bd164dfe5990c0f14cf64b0096219e727a27afad1bc9575e5b72105a5e61c2d73c23e19b3dc18c4f13a34e40cd44a10bec8ac9a0b306729fd6b20931ec1d2a0a,JG151530,,02/12/2023 08:40:00 PM,30,NO CONTROLS,NO CONTROLS,CLEAR,DARKNESS,PARKED MOTOR VEHICLE,UNKNOWN,,STRAIGHT AND LEVEL,DRY,NO DEFECTS,NOT ON SCENE (DESK REPORT),NO INJURY / DRIVE AWAY,,,Y,"$501 - $1,500",02/13/2023 06:05:00 PM,NOT APPLICABLE,NOT APPLICABLE,6634,S,MOZART ST,831.0,,,,,,,2,NO INDICATION OF INJURY,0.0,0.0,0.0,0.0,0.0,1.0,0.0,20,1,2,41.7725746376,-87.6945955475,POINT (-87.694595547463 41.772574637599)
8e65dc5f45faa167cac9ed9fcc2078ae2ef7813fd6c9b0659e3bcaef16b4c1cc503cc10b1eb829ac8223ca5234ab1812010e6881a2cd4a70b12a76e090df1885,JE472462,,12/10/2021 11:00:00 AM,20,NO CONTROLS,NO CONTROLS,CLEAR,DAYLIGHT,PARKED MOTOR VEHICLE,PARKING LOT,,STRAIGHT AND LEVEL,DRY,NO DEFECTS,NOT ON SCENE (DESK REPORT),NO INJURY / DRIVE AWAY,,Y,Y,"OVER $1,500",12/10/2021 11:50:00 AM,UNABLE TO DETERMINE,UNABLE TO DETERMINE,1725,W,HARRISON ST,1231.0,,,,,,,2,NO INDICATION OF INJURY,0.0,0.0,0.0,0.0,0.0,1.0,0.0,11,6,12,41.8740163353,-87.6702608284,POINT (-87.670260828397 41.874016335282)
6f285c50c6392992e0fa589ac24dd47024809e842c33ad23dcebb221b71fdd68b5e2781fb5d53b7d72eda5ec96bf716df396f5aac0b61f5844bee9757c8470b2,JC322870,,06/26/2019 12:00:00 PM,30,TRAFFIC SIGNAL,UNKNOWN,CLEAR,DAYLIGHT,REAR END,NOT DIVIDED,,STRAIGHT AND LEVEL,DRY,NO DEFECTS,NOT ON SCENE (DESK REPORT),NO INJURY / DRIVE AWAY,Y,,,"$501 - $1,500",06/26/2019 02:30:00 PM,DISTRACTION - FROM INSIDE VEHICLE,DISTRACTION - FROM INSIDE VEHICLE,5300,S,WABASH AVE,225.0,,,,,,,2,NO INDICATION OF INJURY,0.0,0.0,0.0,0.0,0.0,2.0,0.0,12,4,6,41.798060348,-87.6243239009,POINT (-87.624323900851 41.79806034802)
2501334cc9f5ce188f9b40c92a7b03c77699d289b90b8ba147f008f14ff69b51386aacd75137ea12fcffc3826ff13a7a80ba0e4beed1cdd8336405c243acdd0c,HZ537226,,12/02/2016 02:10:00 PM,30,TRAFFIC SIGNAL,FUNCTIONING PROPERLY,CLOUDY/OVERCAST,DAYLIGHT,REAR END,DIVIDED - W/MEDIAN (NOT RAISED),4.0,STRAIGHT AND LEVEL,DRY,NO DEFECTS,NOT ON SCENE (DESK REPORT),NO INJURY / DRIVE AWAY,,,,"OVER $1,500",12/02/2016 02:50:00 PM,FOLLOWING TOO CLOSELY,FAILING TO REDUCE SPEED TO AVOID CRASH,5000,S,PULASKI RD,815.0,,,,,,,2,NO INDICATION OF INJURY,0.0,0.0,0.0,0.0,0.0,2.0,0.0,14,6,12,41.8022262411,-87.7235681506,POINT (-87.7235681506 41.802226241093)
ccee85adba8c9fe452ce00d5c11e609567f0bc1916d0e4270d7a5ccc3e6c5383f373c27ace330df9a11d90cf12f4b4e245fb5751dddc306eb78eb4b0cad154ac,JE301129,,07/08/2021 11:00:00 PM,30,NO CONTROLS,NO CONTROLS,CLEAR,"DARKNESS, LIGHTED ROAD",REAR END,OTHER,,STRAIGHT AND LEVEL,DRY,NO DEFECTS,ON SCENE,NO INJURY / DRIVE AWAY,,,,"$501 - $1,500",07/14/2021 12:19:00 PM,IMPROPER BACKING,NOT APPLICABLE,2525,S,MICHIGAN AVE,133.0,,,,,,,2,NO INDICATION OF INJURY,0.0,0.0,0.0,0.0,0.0,2.0,0.0,23,5,7,41.8467169566,-87.6233697276,POINT (-87.623369727612 41.846716956646)
270720ca096daa92e88bad503045f798eeea09659cefe04a4285c8c81eac805282b53597dad6fb821f0eca6ecae4cc1df2957bdcecf319bd70f63d4680b92c59,JF113408,,01/15/2022 06:45:00 AM,30,NO CONTROLS,NO CONTROLS,CLOUDY/OVERCAST,DAWN,TURNING,NOT DIVIDED,,STRAIGHT AND LEVEL,WET,NO DEFECTS,ON SCENE,NO INJURY / DRIVE AWAY,,,,"$501 - $1,500",01/15/2022 07:00:00 AM,FOLLOWING TOO CLOSELY,NOT APPLICABLE,2946,W,31ST ST,1033.0,,,,,,,2,NO INDICATION OF INJURY,0.0,0.0,0.0,0.0,0.0,2.0,0.0,6,7,1,41.8374446996,-87.6993205204,POINT (-87.699320520392 41.837444699623)
407cc20c926e504fe5d814ab3bdeb91a68916bc2ed021593f63e523f3a711414f61918daf1d9cdb31248fa3e8650f2a9d776aa57f7a7925f64d7a696d53ea2c6,JB306014,,06/14/2018 01:00:00 AM,30,NO CONTROLS,NO CONTROLS,CLEAR,"DARKNESS, LIGHTED ROAD",PARKED MOTOR VEHICLE,NOT DIVIDED,1.0,STRAIGHT AND LEVEL,DRY,NO DEFECTS,ON SCENE,NO INJURY / DRIVE AWAY,,,Y,"$501 - $1,500",06/14/2018 01:30:00 AM,UNABLE TO DETERMINE,UNABLE TO DETERMINE,3209,W,OHIO ST,1121.0,,,,,,,2,NO INDICATION OF INJURY,0.0,0.0,0.0,0.0,0.0,1.0,0.0,1,5,6,41.8917817304,-87.7068707505,POINT (-87.706870750501 41.891781730375)
0cf869b03391e809280138bab02ff23940a7b9b659c62d5e9e91a2b6a9a07856672d2eafb5d29edd02ddde077d5f182fc441798ce64d4f5e226864832abfae10,JB350529,,07/15/2018 09:30:00 AM,30,NO CONTROLS,NO CONTROLS,RAIN,DAYLIGHT,SIDESWIPE SAME DIRECTION,NOT DIVIDED,6.0,STRAIGHT AND LEVEL,DRY,NO DEFECTS,ON SCENE,NO INJURY / DRIVE AWAY,,,,"OVER $1,500",07/15/2018 09:39:00 AM,IMPROPER OVERTAKING/PASSING,UNABLE TO DETERMINE,512,N,COLUMBUS DR,1834.0,,,,,,,2,NO INDICATION OF INJURY,0.0,0.0,0.0,0.0,0.0,2.0,0.0,9,1,7,41.8914737503,-87.6203763616,POINT (-87.620376361572 41.891473750272)
3ff24e55f41955607eb99e9c877abf9861249e78e102812e6c26e2d29c5cc0e528577f11052723752a645b868fccacab81c1567bdf7597d224ace48f8be02a87,JG470597,,10/18/2023 09:30:00 PM,30,NO CONTROLS,NO CONTROLS,UNKNOWN,DARKNESS,REAR END,NOT DIVIDED,,STRAIGHT AND LEVEL,UNKNOWN,UNKNOWN,NOT ON SCENE (DESK REPORT),NO INJURY / DRIVE AWAY,,,,"$501 - $1,500",10/19/2023 07:50:00 PM,UNABLE TO DETERMINE,NOT APPLICABLE,3927,N,CICERO AVE,1731.0,,,,,,,2,NO INDICATION OF INJURY,0.0,0.0,0.0,0.0,0.0,2.0,0.0,21,4,10,41.9523729405,-87.7471413547,POINT (-87.747141354727 41.952372940461)
bf653e5c2ac6885d7c9edaf1486daa41944dcbc9eb411a5fb67108bc83f663912e796f2a90349b2d952c808e15ea1cad5a441c8517e760cf683e6a74f5aeb9e0,HZ152245,,02/14/2016 06:00:00 PM,30,NO CONTROLS,NO CONTROLS,SNOW,DARKNESS,SIDESWIPE SAME DIRECTION,RAMP,,STRAIGHT ON GRADE,SNOW OR SLUSH,NO DEFECTS,NOT ON SCENE (DESK REPORT),NO INJURY / DRIVE AWAY,,,,"OVER $1,500",02/15/2016 12:15:00 PM,UNABLE TO DETERMINE,NOT APPLICABLE,515,N,LAKE SHORE DR NB,1834.0,,,,,,,2,NO INDICATION OF INJURY,0.0,0.0,0.0,0.0,0.0,2.0,0.0,18,1,2,41.8915127599,-87.6137593455,POINT (-87.613759345525 41.891512759909)
82908cb94386fb946ec7b15c8199d22d5ad5606a63a054099ab7a2fc209ec139e9301c3114553b8a35d19a5d718d5f24b1d76fa5458e18539990c271d466541a,JC259325,,05/11/2019 06:30:00 PM,30,STOP SIGN/FLASHER,FUNCTIONING PROPERLY,CLEAR,DAYLIGHT,ANGLE,NOT DIVIDED,,STRAIGHT ON HILLCREST,WET,NO DEFECTS,ON SCENE,INJURY AND / OR TOW DUE TO CRASH,,,Y,"$501 - $1,500",05/11/2019 06:50:00 PM,DISREGARDING STOP SIGN,DRIVING SKILLS/KNOWLEDGE/EXPERIENCE,10225,S,VINCENNES AVE,2232.0,,,,,,,2,NO INDICATION OF INJURY,0.0,0.0,0.0,0.0,0.0,2.0,0.0,18,7,5,41.7078592891,-87.655475663,POINT (-87.655475663041 41.707859289071)
c107c008fae4513c84a6d2222ff4d172ba5d9d911404fbf0d7f48454fc7446573a8e885d9de18423db8cb063097b05546cae942f57b1bc6b3df8dd0647be7631,JA557106,,12/20/2017 03:39:00 PM,0,STOP SIGN/FLASHER,FUNCTIONING PROPERLY,CLEAR,"DARKNESS, LIGHTED ROAD",SIDESWIPE SAME DIRECTION,ONE-WAY,2.0,STRAIGHT AND LEVEL,DRY,NO DEFECTS,ON SCENE,NO INJURY / DRIVE AWAY,,,,"$501 - $1,500",12/20/2017 04:25:00 PM,HAD BEEN DRINKING (USE WHEN ARREST IS NOT MADE),FAILING TO REDUCE SPEED TO AVOID CRASH,935,N,DEARBORN ST,1832.0,,,,,,,2,NO INDICATION OF INJURY,0.0,0.0,0.0,0.0,0.0,3.0,0.0,15,4,12,41.899862666,-87.6297155533,POINT (-87.629715553327 41.899862666031)
b67290fd6f8f8c42de24a066d7a0b9f8b9039005a07331a3d89ab8fc35eebae5fcb2d9013c047ac1f7f9f7443edb16c6303afd25394b902c0bef4ad9d0b66988,JB195455,,03/22/2018 11:40:00 AM,30,STOP SIGN/FLASHER,FUNCTIONING PROPERLY,CLEAR,DAYLIGHT,TURNING,NOT DIVIDED,2.0,STRAIGHT AND LEVEL,DRY,NO DEFECTS,ON SCENE,INJURY AND / OR TOW DUE TO CRASH,Y,,,"OVER $1,500",03/22/2018 11:45:00 AM,FAILING TO YIELD RIGHT-OF-WAY,UNABLE TO DETERMINE,3959,N,HARLEM AVE,1632.0,,,,,,,2,NO INDICATION OF INJURY,0.0,0.0,0.0,0.0,0.0,2.0,0.0,11,5,3,41.9524792787,-87.8071108484,POINT (-87.807110848355 41.952479278655)
a908a89a858b923daf64aa03b5d1daab7db7e7dbd2e99df374c6c97d3147313297c2d193981a720e8d7d3f463e4af04d257d403e320c28431091c6a71497ef0c,JF375190,Y,08/29/2022 06:00:00 AM,30,NO CONTROLS,NO CONTROLS,CLEAR,UNKNOWN,PARKED MOTOR VEHICLE,NOT DIVIDED,,STRAIGHT AND LEVEL,UNKNOWN,UNKNOWN,NOT ON SCENE (DESK REPORT),NO INJURY / DRIVE AWAY,,,Y,"OVER $1,500",08/29/2022 05:25:00 PM,UNABLE TO DETERMINE,UNABLE TO DETERMINE,2814,W,LAWRENCE AVE,2031.0,,,,,,,2,NO INDICATION OF INJURY,0.0,0.0,0.0,0.0,0.0,1.0,0.0,6,2,8,41.9686375723,-87.6993425817,POINT (-87.699342581698 41.968637572269)
a4f74f70f40b331ac219a5744fbb3ed94ba26db67e0be64678498139aeaa95438944477a82884d739b6be35813281d8c1f08c9c404e5b871bdbd6beb0d544d92,JE451477,,11/20/2021 09:00:00 AM,20,UNKNOWN,UNKNOWN,UNKNOWN,UNKNOWN,PARKED MOTOR VEHICLE,ONE-WAY,,STRAIGHT AND LEVEL,UNKNOWN,UNKNOWN,NOT ON SCENE (DESK REPORT),NO INJURY / DRIVE AWAY,,,Y,"$501 - $1,500",11/20/2021 01:30:00 PM,UNABLE TO DETERMINE,NOT APPLICABLE,5724,N,KENMORE AVE,2022.0,,,,,,,2,NO INDICATION OF INJURY,0.0,0.0,0.0,0.0,0.0,1.0,0.0,9,7,11,41.9862751013,-87.6568430851,POINT (-87.656843085091 41.986275101316)
89f9140a64b961f5bb63b3b4ea5d82e3d6baa49b997a0e9447db26b685150d393add1155e9c1c93d674ca261449d15bf0cf68039e85dea6a2d44ab9b7926fc28,JB174345,,03/05/2018 11:12:00 AM,30,NO CONTROLS,NO CONTROLS,CLEAR,DAYLIGHT,PARKED MOTOR VEHICLE,NOT DIVIDED,3.0,STRAIGHT AND LEVEL,DRY,NO DEFECTS,NOT ON SCENE (DESK REPORT),NO INJURY / DRIVE AWAY,,,,"$501 - $1,500",03/05/2018 12:20:00 PM,UNABLE TO DETERMINE,UNABLE TO DETERMINE,20,N,WACKER DR,122.0,,,,,,,2,NO INDICATION OF INJURY,0.0,0.0,0.0,0.0,0.0,1.0,0.0,11,2,3,41.8824109065,-87.6371747105,POINT (-87.637174710464 41.882410906485)
e836cf5296e91e80cb9b574fd8e9d57aecf4946fc963deb7474498b64dcb89b567ba2a5754cc525ef07a1b32a052d1e57ade00ac8bccb136d50b72922a554e9e,JG426874,Y,09/16/2023 04:08:00 PM,30,NO CONTROLS,NO CONTROLS,CLEAR,DAYLIGHT,SIDESWIPE SAME DIRECTION,NOT DIVIDED,,STRAIGHT AND LEVEL,DRY,NO DEFECTS,NOT ON SCENE (DESK REPORT),NO INJURY / DRIVE AWAY,,,,"OVER $1,500",09/16/2023 04:30:00 PM,FAILING TO YIELD RIGHT-OF-WAY,NOT APPLICABLE,1915,E,72ND ST,333.0,,,,,,,2,NO INDICATION OF INJURY,0.0,0.0,0.0,0.0,0.0,2.0,0.0,16,7,9,41.7641988526,-87.5786254422,POINT (-87.578625442167 41.764198852644)
21d64e1fb568552086efb2d339c522ca4d0a4436342f0810136a740c256cd5c20cd363396cd477c4830aa088afbe4735f215db294a073de103521a5a5d37d7e5,JF362830,,08/19/2022 04:40:00 PM,30,TRAFFIC SIGNAL,FUNCTIONING PROPERLY,CLEAR,DAYLIGHT,REAR END,DIVIDED - W/MEDIAN (NOT RAISED),,STRAIGHT AND LEVEL,DRY,NO DEFECTS,NOT ON SCENE (DESK REPORT),NO INJURY / DRIVE AWAY,Y,,,"OVER $1,500",08/19/2022 05:40:00 PM,FOLLOWING TOO CLOSELY,NOT APPLICABLE,150,W,CHICAGO AVE,1832.0,,,,,,,2,NO INDICATION OF INJURY,0.0,0.0,0.0,0.0,0.0,2.0,0.0,16,6,8,41.8967181028,-87.6331447803,POINT (-87.633144780336 41.896718102793)
88c26adabca1446bf7655215ce60b39f2e6319e794314fd517c0c17075741b2996f05ad7b24bcb122edb7a5e6d3d8c9c956140ce4c4352040489bd360833ed33,JB199251,,03/25/2018 02:36:00 PM,30,TRAFFIC SIGNAL,FUNCTIONING PROPERLY,CLEAR,DAYLIGHT,REAR END,DIVIDED - W/MEDIAN (NOT RAISED),2.0,STRAIGHT AND LEVEL,DRY,NO DEFECTS,ON SCENE,INJURY AND / OR TOW DUE TO CRASH,,,,"$501 - $1,500",03/25/2018 02:37:00 PM,UNABLE TO DETERMINE,NOT APPLICABLE,602,N,LARAMIE AVE,1524.0,,,,,,,2,"REPORTED, NOT EVIDENT",1.0,0.0,0.0,0.0,1.0,4.0,0.0,14,1,3,41.891392862,-87.7556167609,POINT (-87.755616760862 41.891392862033)
e25fa24e1dc565331eb0e62112c61556a74bf66127ac9c240d239c49d64c9b6b64327318a832fd8dbd86f29eeada12b8c597cddeb7b07d01ef5c5da6e0e716b2,JC337783,,07/06/2019 10:45:00 AM,30,TRAFFIC SIGNAL,FUNCTIONING PROPERLY,CLEAR,DAYLIGHT,REAR TO SIDE,OTHER,,STRAIGHT AND LEVEL,DRY,NO DEFECTS,NOT ON SCENE (DESK REPORT),NO INJURY / DRIVE AWAY,,,,"OVER $1,500",07/06/2019 08:00:00 PM,IMPROPER BACKING,NOT APPLICABLE,353,E,GRAND AVE,1834.0,,,,,,,2,NO INDICATION OF INJURY,0.0,0.0,0.0,0.0,0.0,2.0,0.0,10,7,7,41.8917308012,-87.6180779631,POINT (-87.618077963148 41.891730801244)
570530866849b24227f59a1b0571f806a7c37706911e6bca7e9a1a74974cb8adc463e491e90a3a45e407879c2797c2363b802e772092a2f60f560613cd849c87,JF347743,,08/02/2022 10:30:00 AM,15,NO CONTROLS,NO CONTROLS,CLEAR,DAYLIGHT,REAR END,PARKING LOT,,STRAIGHT AND LEVEL,DRY,NO DEFECTS,NOT ON SCENE (DESK REPORT),NO INJURY / DRIVE AWAY,,,,$500 OR LESS,08/07/2022 12:44:00 PM,UNABLE TO DETERMINE,UNABLE TO DETERMINE,5223,S,PULASKI RD,822.0,,,,,,,2,NO INDICATION OF INJURY,0.0,0.0,0.0,0.0,0.0,2.0,0.0,10,3,8,41.7979452553,-87.7231489508,POINT (-87.723148950835 41.797945255276)
77e8a3e1e2e495e6fa820baad8eec5b4562b4ff7aa685c0421f75e1b20d4b48cc8d89208d0ac5322a0021ae99fd7d6a9182a003e31f035e98ef58f00729afe44,JC298944,,06/09/2019 12:45:00 PM,20,NO CONTROLS,NO CONTROLS,RAIN,DAYLIGHT,PARKED MOTOR VEHICLE,DIVIDED - W/MEDIAN (NOT RAISED),,STRAIGHT AND LEVEL,WET,UNKNOWN,NOT ON SCENE (DESK REPORT),NO INJURY / DRIVE AWAY,,,Y,"OVER $1,500",06/09/2019 02:30:00 PM,UNABLE TO DETERMINE,UNABLE TO DETERMINE,6229,N,WAYNE AVE,2433.0,,,,,,,2,NO INDICATION OF INJURY,0.0,0.0,0.0,0.0,0.0,1.0,0.0,12,1,6,41.9953995235,-87.6639763449,POINT (-87.663976344868 41.995399523539)
54784efaa751a81ef41572e1e39a9805455dcd5a977ac086484bcf5e6ab482cacf1b9bba8e8641e00a9ea329cfaf0ccb88450e9c41809ff3232123886fe158d2,JG137892,,02/02/2023 08:45:00 AM,25,TRAFFIC SIGNAL,FUNCTIONING PROPERLY,CLEAR,DAYLIGHT,HEAD ON,FOUR WAY,,STRAIGHT AND LEVEL,DRY,NO DEFECTS,ON SCENE,NO INJURY / DRIVE AWAY,Y,,,"OVER $1,500",02/02/2023 08:45:00 AM,UNABLE TO DETERMINE,NOT APPLICABLE,801,E,MARQUETTE RD,321.0,,,,,,,2,NO INDICATION OF INJURY,0.0,0.0,0.0,0.0,0.0,2.0,0.0,8,5,2,41.7748508781,-87.6057460686,POINT (-87.605746068621 41.774850878129)