CRASH_RECORD_ID,RD_NO,CRASH_DATE_EST_I,CRASH_DATE,POSTED_SPEED_LIMIT,TRAFFIC_CONTROL_DEVICE,DEVICE_CONDITION,WEATHER_CONDITION,LIGHTING_CONDITION,FIRST_CRASH_TYPE,TRAFFICWAY_TYPE,LANE_CNT,ALIGNMENT,ROADWAY_SURFACE_COND,ROAD_DEFECT,REPORT_TYPE,CRASH_TYPE,INTERSECTION_RELATED_I,NOT_RIGHT_OF_WAY_I,HIT_AND_RUN_I,DAMAGE,DATE_POLICE_NOTIFIED,PRIM_CONTRIBUTORY_CAUSE,SEC_CONTRIBUTORY_CAUSE,STREET_NO,STREET_DIRECTION,STREET_NAME,BEAT_OF_OCCURRENCE,PHOTOS_TAKEN_I,STATEMENTS_TAKEN_I,DOORING_I,WORK_ZONE_I,WORK_ZONE_TYPE,WORKERS_PRESENT_I,NUM_UNITS,MOST_SEVERE_INJURY,INJURIES_TOTAL,INJURIES_FATAL,INJURIES_INCAPACITATING,INJURIES_NON_INCAPACITATING,INJURIES_REPORTED_NOT_EVIDENT,INJURIES_NO_INDICATION,INJURIES_UNKNOWN,CRASH_HOUR,CRASH_DAY_OF_WEEK,CRASH_MONTH,LATITUDE,LONGITUDE,LOCATION
06def3784fdab9d1c596c4c7b5055a1cb1b345b2758faa5c65fbd1d6b05a93ad8f77e622fc45d6a6ced807779c54367bf5934935078932c80d0a0a7c8a354a4d,JC271872,,05/21/2019 08:50:00 AM,30,TRAFFIC SIGNAL,FUNCTIONING PROPERLY,RAIN,DAYLIGHT,REAR END,NOT DIVIDED,,STRAIGHT AND LEVEL,WET,NO DEFECTS,ON SCENE,INJURY AND / OR TOW DUE TO CRASH,,,,"OVER $1,500",05/21/2019 09:07:00 AM,FAILING TO REDUCE SPEED TO AVOID CRASH,DISREGARDING TRAFFIC SIGNALS,1800,S,WENTWORTH AVE,914.0,,,,,,,2,INCAPACITATING INJURY,1.0,0.0,1.0,0.0,0.0,2.0,0.0,8,3,5,41.8577437509,-87.6320390628,POINT (-87.632039062819 41.857743750896)
5f8b198c2069779ea7cca92034af9f2b20c779d40386c72aad9705355ce556d98b1c7ace97d621a69820a56801d5dd135a34430bd43c50bd402bdf86c6955b96,JB324872,,06/24/2018 04:30:00 PM,30,NO CONTROLS,NO CONTROLS,CLEAR,DAYLIGHT,PARKED MOTOR VEHICLE,NOT DIVIDED,1.0,STRAIGHT AND LEVEL,UNKNOWN,UNKNOWN,NOT ON SCENE (DESK REPORT),NO INJURY / DRIVE AWAY,,,,"OVER $1,500",06/27/2018 01:45:00 PM,UNABLE TO DETERMINE,UNABLE TO DETERMINE,4334,N,HAZEL ST,1915.0,,,,,,,2,NO INDICATION OF INJURY,0.0,0.0,0.0,0.0,0.0,1.0,0.0,16,1,6,41.9612176267,-87.6524585474,POINT (-87.652458547361 41.961217626675)
8e750e5b0eb34e11d798a474a941ac8ab0f09029bdcd3b6166a76fcc5698c9276ad37bc5688d99bf540bffbcd8582bce8e6764bda8c3a29ff3bdc71fcccee88a,JC293741,,06/05/2019 05:17:00 AM,30,NO CONTROLS,NO CONTROLS,CLEAR,DAYLIGHT,ANGLE,PARKING LOT,,STRAIGHT AND LEVEL,DRY,NO DEFECTS,NOT ON SCENE (DESK REPORT),NO INJURY / DRIVE AWAY,,,,"$501 - $1,500",06/05/2019 06:25:00 PM,NOT APPLICABLE,NOT APPLICABLE,4649,S,KEDZIE AVE,922.0,,,,,,,2,NO INDICATION OF INJURY,0.0,0.0,0.0,0.0,0.0,2.0,0.0,5,4,6,41.8084936132,-87.7038454447,POINT (-87.703845444745 41.808493613236)
3bfe05e7d54112e5d11a1d06bc2f23f58888a980a5d911870fcd602db75a1617f652703fb4fa35b3ce2d357023b698b0c382a0bb2095afbf9746fffca293d9cf,JB328185,,06/29/2018 05:42:00 PM,30,NO CONTROLS,NO CONTROLS,CLEAR,DAYLIGHT,PARKED MOTOR VEHICLE,DIVIDED - W/MEDIAN (NOT RAISED),2.0,STRAIGHT AND LEVEL,DRY,NO DEFECTS,ON SCENE,NO INJURY / DRIVE AWAY,,,Y,"OVER $1,500",06/29/2018 05:45:00 PM,UNABLE TO DETERMINE,UNABLE TO DETERMINE,4850,N,BROADWAY,2033.0,,,,,,,2,NO INDICATION OF INJURY,0.0,0.0,0.0,0.0,0.0,2.0,0.0,17,6,6,41.9704492449,-87.6598560795,POINT (-87.659856079531 41.970449244926)
ecc25fe62ce461506f20377bc261e3ab9cb733516df37018766c1d78ae516ba29f857d3fbef280d64d732ec1c616febb348c500000cc9660c30a197711fa3cb3,JD254548,,06/05/2020 11:00:00 AM,20,NO CONTROLS,NO CONTROLS,CLEAR,DAYLIGHT,PARKED MOTOR VEHICLE,ONE-WAY,,STRAIGHT AND LEVEL,DRY,NO DEFECTS,NOT ON SCENE (DESK REPORT),NO INJURY / DRIVE AWAY,,,Y,$500 OR LESS,06/05/2020 12:15:00 PM,UNABLE TO DETERMINE,NOT APPLICABLE,3746,W,LELAND AVE,1723.0,,,,,,,2,NO INDICATION OF INJURY,0.0,0.0,0.0,0.0,0.0,1.0,0.0,11,6,6,41.9665917424,-87.7225137187,POINT (-87.722513718666 41.966591742447)
0c855f24c8a8ce6076d6080413df31deb55f188e2f205fc58cfe49a368fe1cc053c76a46afcf4cb24f0d7f9edc01f0ecf217f1e86e56e669a8341ebdd097a79b,JB371872,,07/30/2018 06:50:00 AM,30,NO CONTROLS,NO CONTROLS,CLEAR,DAYLIGHT,SIDESWIPE SAME DIRECTION,NOT DIVIDED,4.0,STRAIGHT AND LEVEL,DRY,NO DEFECTS,NOT ON SCENE (DESK REPORT),NO INJURY / DRIVE AWAY,,,,"$501 - $1,500",07/30/2018 04:55:00 PM,UNABLE TO DETERMINE,NOT APPLICABLE,1299,S,ASHLAND AVE,1233.0,,,,,,,2,NO INDICATION OF INJURY,0.0,0.0,0.0,0.0,0.0,3.0,0.0,6,2,7,41.865127567,-87.6661957639,POINT (-87.666195763926 41.865127566968)
1a78039f649960cbe20a88ffa0d89ade130e9ca8e3820e219123ce3d29dd96442d9578e310034c072b651fba597f378d0655624fab3acd68fda93b54eb2e942a,JC444425,,09/22/2019 10:00:00 PM,30,NO CONTROLS,NO CONTROLS,RAIN,"DARKNESS, LIGHTED ROAD",PARKED MOTOR VEHICLE,NOT DIVIDED,,STRAIGHT AND LEVEL,WET,NO DEFECTS,ON SCENE,INJURY AND / OR TOW DUE TO CRASH,,,,"OVER $1,500",09/22/2019 10:00:00 PM,DISTRACTION - FROM INSIDE VEHICLE,UNABLE TO DETERMINE,8212,W,IRVING PARK RD,1614.0,,,,,,,2,NO INDICATION OF INJURY,0.0,0.0,0.0,0.0,0.0,2.0,0.0,22,1,9,41.9522592578,-87.8323717299,POINT (-87.832371729936 41.952259257828)
9368ee89d060aa692ee38368dec29db9816c231e658bee9e98441712741281e495bfa8d411edafafe7b4cbaddfdc0cf559ff76a9b07d63b13fcdc9d9c10ad69b,JC307238,,06/15/2019 08:00:00 AM,30,OTHER,OTHER,RAIN,DAWN,OTHER OBJECT,OTHER,,STRAIGHT AND LEVEL,WET,NO DEFECTS,NOT ON SCENE (DESK REPORT),NO INJURY / DRIVE AWAY,,,,"OVER $1,500",06/15/2019 08:02:00 AM,WEATHER,NOT APPLICABLE,8040,S,CALUMET AVE,623.0,,,,,,,1,,,,,,,,,8,7,6,41.7480360298,-87.6166003943,POINT (-87.616600394308 41.748036029824)
fac72e0d957e478daddc4b21ab9bb58864372893de5369dba537022863812d973b6f6bb7890991c20da2fefd1b9976d68f8a06c711eecd6d6f2f967db046c085,HZ431716,,09/12/2016 01:45:00 AM,30,UNKNOWN,UNKNOWN,RAIN,UNKNOWN,REAR END,NOT DIVIDED,2.0,STRAIGHT AND LEVEL,DRY,NO DEFECTS,NOT ON SCENE (DESK REPORT),NO INJURY / DRIVE AWAY,,,Y,"$501 - $1,500",09/12/2016 01:54:00 AM,IMPROPER BACKING,DISTRACTION - FROM INSIDE VEHICLE,2,W,103RD ST,511.0,,,,,,,2,NO INDICATION OF INJURY,0.0,0.0,0.0,0.0,0.0,2.0,0.0,1,2,9,41.7072735816,-87.6235859234,POINT (-87.623585923365 41.707273581619)
0417700ce16589d633edbc12736bfda979d00486950dc84f0a19ea2a8572cda5b5df53006fa6d2560b690d41114568da6d57dc194e3c83859fc1b620c7d80be9,JG294215,,06/09/2023 11:00:00 AM,30,TRAFFIC SIGNAL,FUNCTIONING PROPERLY,CLEAR,DAYLIGHT,TURNING,NOT DIVIDED,,STRAIGHT ON GRADE,DRY,NO DEFECTS,,NO INJURY / DRIVE AWAY,Y,,,"$501 - $1,500",06/09/2023 11:30:00 AM,IMPROPER TURNING/NO SIGNAL,NOT APPLICABLE,3200,N,CALIFORNIA AVE,1733.0,,,,,,,2,NO INDICATION OF INJURY,0.0,0.0,0.0,0.0,0.0,2.0,0.0,11,6,6,41.9394325907,-87.6979717707,POINT (-87.697971770699 41.939432590672)
f690c225cfd9f19d87fecc86a897d16f4378d0bb9592fd18bdf1915fbca7084a689f7e88cee9bec0530e4689d0ce97b60e1a35b79897351c891d1477bdb0188c,JG380123,,08/11/2023 05:27:00 PM,15,NO CONTROLS,NO CONTROLS,CLEAR,DAYLIGHT,SIDESWIPE OPPOSITE DIRECTION,PARKING LOT,,STRAIGHT AND LEVEL,DRY,NO DEFECTS,ON SCENE,NO INJURY / DRIVE AWAY,,Y,,"OVER $1,500",08/12/2023 06:31:00 PM,UNABLE TO DETERMINE,UNABLE TO DETERMINE,3600,W,59TH ST,822.0,,,,,,,2,NO INDICATION OF INJURY,0.0,0.0,0.0,0.0,0.0,3.0,0.0,17,6,8,41.7861965449,-87.7134894218,POINT (-87.713489421846 41.786196544925)
a5aa38760c980a51dc431ef1d66cfa5a46b35d256f5ae6d90440601ac4ce441c53481bfb9295f35af0b12874d814b216d124f9ad7597bfc1d376071e3a3285f3,JD300743,,07/17/2020 06:00:00 AM,30,NO CONTROLS,NO CONTROLS,CLEAR,DAYLIGHT,REAR END,NOT DIVIDED,,STRAIGHT AND LEVEL,DRY,NO DEFECTS,NOT ON SCENE (DESK REPORT),NO INJURY / DRIVE AWAY,,,Y,"$501 - $1,500",07/17/2020 04:17:00 PM,NOT APPLICABLE,NOT APPLICABLE,6659,S,CICERO AVE,833.0,,,,,,,2,NO INDICATION OF INJURY,0.0,0.0,0.0,0.0,0.0,2.0,0.0,6,6,7,41.7712226966,-87.7419103875,POINT (-87.741910387507 41.771222696555)
5a8c1a545b2951d1ebf6fea67a452aa1ab642388cf925932459620baa202a5436bc3fa43dcf68601fd2138086ced465cd8bd203b1bf7b7fe15ca671f20fd31ce,JD446773,,12/01/2020 03:30:00 PM,30,TRAFFIC SIGNAL,FUNCTIONING PROPERLY,CLEAR,DAYLIGHT,ANGLE,NOT DIVIDED,,STRAIGHT AND LEVEL,DRY,NO DEFECTS,NOT ON SCENE (DESK REPORT),NO INJURY / DRIVE AWAY,,,,"$501 - $1,500",12/01/2020 06:41:00 PM,FAILING TO YIELD RIGHT-OF-WAY,FAILING TO REDUCE SPEED TO AVOID CRASH,4000,W,NORTH AVE,2534.0,,,,,,,2,NO INDICATION OF INJURY,0.0,0.0,0.0,0.0,0.0,3.0,0.0,15,3,12,41.9099955816,-87.7263946932,POINT (-87.726394693215 41.909995581605)
154d22e8689347d51e072448423ee051e94ef60c232d77c63c93929365366da0d633738219ee4062fd43d5975909af246107efc4e9ed49d96e64061219ff56bc,JE385909,,09/24/2021 03:28:00 PM,25,NO CONTROLS,NO CONTROLS,CLEAR,DAYLIGHT,REAR END,DIVIDED - W/MEDIAN BARRIER,,STRAIGHT AND LEVEL,DRY,NO DEFECTS,NOT ON SCENE (DESK REPORT),NO INJURY / DRIVE AWAY,,,,"$501 - $1,500",09/24/2021 04:40:00 PM,FOLLOWING TOO CLOSELY,FAILING TO REDUCE SPEED TO AVOID CRASH,4747,N,ASHLAND AVE,1912.0,,,,,,,3,NO INDICATION OF INJURY,0.0,0.0,0.0,0.0,0.0,3.0,0.0,15,6,9,41.9684475448,-87.6692818156,POINT (-87.669281815595 41.968447544839)
703fd76912d066ad5b8b80a0b86867bec3d3d4982a417ac26d31d08762f17a739043d30b2cfccdd7411fd8533f9c862316a1237314f355970774920ac4efef61,JG222841,,04/13/2023 06:15:00 PM,30,TRAFFIC SIGNAL,FUNCTIONING PROPERLY,CLEAR,DAYLIGHT,REAR END,NOT DIVIDED,,STRAIGHT AND LEVEL,DRY,NO DEFECTS,NOT ON SCENE (DESK REPORT),NO INJURY / DRIVE AWAY,,,Y,"OVER $1,500",04/14/2023 08:50:00 AM,FAILING TO REDUCE SPEED TO AVOID CRASH,FOLLOWING TOO CLOSELY,7203,W,ADDISON ST,1631.0,,,,,,,2,NO INDICATION OF INJURY,0.0,0.0,0.0,0.0,0.0,2.0,0.0,18,5,4,41.9451521268,-87.8071387737,POINT (-87.807138773673 41.945152126792)
bb04aa5de4cff973557dfb839369aa191db79a4c03625f6da5afdc169dfc4b89c2d2c86e24815dd8175863a76730d1d330d9dd87aa034c56ced083f10dabeea4,JD101615,,01/02/2020 12:15:00 PM,30,TRAFFIC SIGNAL,FUNCTIONING PROPERLY,CLEAR,DAYLIGHT,ANGLE,FOUR WAY,,STRAIGHT AND LEVEL,DRY,NO DEFECTS,ON SCENE,INJURY AND / OR TOW DUE TO CRASH,Y,,,"OVER $1,500",01/02/2020 12:19:00 PM,FAILING TO YIELD RIGHT-OF-WAY,DISREGARDING OTHER TRAFFIC SIGNS,6400,W,ADDISON ST,1632.0,,,,,,,3,NONINCAPACITATING INJURY,1.0,0.0,0.0,1.0,0.0,3.0,0.0,12,5,1,41.94577243,-87.7863727505,POINT (-87.786372750484 41.945772430008)
75ca51247a832f83794b7e8f706d636e304b10c613eb9533a05445c836de74499afbef5c2b7aa6482a7d336d6c4130759ddaac0b75d27f963a2748e3fd0e0487,JC301336,,06/10/2019 07:45:00 AM,35,NO CONTROLS,NO CONTROLS,CLEAR,DAYLIGHT,FIXED OBJECT,DIVIDED - W/MEDIAN BARRIER,,STRAIGHT AND LEVEL,DRY,NO DEFECTS,ON SCENE,NO INJURY / DRIVE AWAY,,,Y,"$501 - $1,500",06/10/2019 07:48:00 AM,"OPERATING VEHICLE IN ERRATIC, RECKLESS, CARELESS, NEGLIGENT OR AGGRESSIVE MANNER",FAILING TO REDUCE SPEED TO AVOID CRASH,9031,S,STONY ISLAND AVE,413.0,,,,,,,1,NO INDICATION OF INJURY,0.0,0.0,0.0,0.0,0.0,1.0,0.0,7,2,6,41.7305175693,-87.5849199325,POINT (-87.584919932492 41.730517569296)
bce6dfa64b2edb928856c1caa87710974df43e53b39b781a7dc90bc905ec79f202496d86428d093e29a26c0525641362d0198b52be09ae6aa91344513199171a,,,10/25/2023 08:10:00 AM,35,TRAFFIC SIGNAL,FUNCTIONING PROPERLY,RAIN,DAYLIGHT,TURNING,ONE-WAY,,STRAIGHT AND LEVEL,WET,NO DEFECTS,NOT ON SCENE (DESK REPORT),NO INJURY / DRIVE AWAY,Y,,,"OVER $1,500",10/25/2023 09:10:00 AM,FAILING TO YIELD RIGHT-OF-WAY,NOT APPLICABLE,340,W,ONTARIO ST,1831.0,,,,,,,2,NO INDICATION OF INJURY,0.0,0.0,0.0,0.0,0.0,2.0,0.0,8,4,10,41.8932553288,-87.6371599156,POINT (-87.637159915596 41.893255328806)
5409a64150b2f586fbd3672c14283c6828c47466a1ed5eb6db09fb3204cdd43397430d285f1c5d1bddee48c65dab7e786a01166428aa16c2bb815050a12fc058,JB237024,,04/25/2018 07:40:00 AM,30,NO CONTROLS,NO CONTROLS,CLEAR,DAYLIGHT,TURNING,NOT DIVIDED,,STRAIGHT AND LEVEL,DRY,NO DEFECTS,NOT ON SCENE (DESK REPORT),NO INJURY / DRIVE AWAY,Y,,,"OVER $1,500",04/25/2018 08:12:00 AM,UNABLE TO DETERMINE,UNABLE TO DETERMINE,2500,W,GRAND AVE,1221.0,,,,,,,2,NO INDICATION OF INJURY,0.0,0.0,0.0,0.0,0.0,4.0,0.0,7,4,4,41.8914784643,-87.6891939664,POINT (-87.689193966396 41.891478464281)
b2acb0f286544f8e21e667ec32a53918f1c99a613646d12454ae138712d8246c94dff5ac139bf0227b8c347b30236a73c61705f476b1ee6e2526b489edd1b9e8,JC524253,,11/25/2019 04:10:00 PM,30,NO CONTROLS,NO CONTROLS,CLEAR,"DARKNESS, LIGHTED ROAD",PARKED MOTOR VEHICLE,NOT DIVIDED,,STRAIGHT AND LEVEL,DRY,NO DEFECTS,NOT ON SCENE (DESK REPORT),NO INJURY / DRIVE AWAY,,,Y,"$501 - $1,500",11/25/2019 05:15:00 PM,UNABLE TO DETERMINE,UNABLE TO DETERMINE,4251,N,CLARENDON AVE,1915.0,,,,,,,2,NO INDICATION OF INJURY,0.0,0.0,0.0,0.0,0.0,4.0,0.0,16,2,11,41.9599784128,-87.6497122329,POINT (-87.649712232867 41.959978412824)
ae5023fe890aa48d6bdfea84215432f83891b1d8f680e82bc04a356aadd13be48be65bd9bcb17cce3a0b6f3b0c9b1c5b06b2b3104adeea9df6b45d82309ee4c2,JC419228,,09/03/2019 10:47:00 PM,30,TRAFFIC SIGNAL,FUNCTIONING PROPERLY,CLEAR,"DARKNESS, LIGHTED ROAD",TURNING,DIVIDED - W/MEDIAN (NOT RAISED),,STRAIGHT AND LEVEL,UNKNOWN,UNKNOWN,ON SCENE,INJURY AND / OR TOW DUE TO CRASH,Y,,,$500 OR LESS,09/03/2019 10:47:00 PM,UNABLE TO DETERMINE,UNABLE TO DETERMINE,4200,S,CICERO AVE,814.0,,,,,,,2,"REPORTED, NOT EVIDENT",1.0,0.0,0.0,0.0,1.0,2.0,0.0,22,3,9,41.8167293867,-87.7435367125,POINT (-87.743536712476 41.816729386747)
11ccf784f11a03871ed6fec2af11a1cc5aef515a6794a7408d873d5c16706a83a74694fcb6e86ee9c379698dff40f2231e5dfd0874af89dd48cd0b23f3d0c8aa,JC144229,,02/07/2019 05:38:00 PM,30,NO CONTROLS,NO CONTROLS,CLEAR,DUSK,TURNING,NOT DIVIDED,4.0,STRAIGHT AND LEVEL,UNKNOWN,UNKNOWN,NOT ON SCENE (DESK REPORT),NO INJURY / DRIVE AWAY,,,,"OVER $1,500",02/07/2019 09:35:00 PM,NOT APPLICABLE,NOT APPLICABLE,4858,N,MILWAUKEE AVE,1623.0,,,,,,,2,NO INDICATION OF INJURY,0.0,0.0,0.0,0.0,0.0,3.0,0.0,17,5,2,41.9693536083,-87.7622014151,POINT (-87.762201415137 41.969353608317)
be26fd538fa9c90f76b0b36b742ecc09dc87f9de43e7c84c5b14990f1572156ebb33e853cf606814ff29e49a110823f7a79a4cbdcbc97b53f0f7fd4e39ca1d50,JF108033,,01/07/2023 07:40:00 PM,35,TRAFFIC SIGNAL,FUNCTIONING PROPERLY,CLEAR,"DARKNESS, LIGHTED ROAD",REAR END,DIVIDED - W/MEDIAN BARRIER,,STRAIGHT AND LEVEL,DRY,NO DEFECTS,ON SCENE,NO INJURY / DRIVE AWAY,,,Y,"$501 - $1,500",01/07/2023 07:48:00 PM,UNABLE TO DETERMINE,UNABLE TO DETERMINE,4358,W,PETERSON AVE,1711.0,,,,,,,2,NO INDICATION OF INJURY,0.0,0.0,0.0,0.0,0.0,2.0,0.0,19,7,1,41.9901261932,-87.7382853807,POINT (-87.738285380687 41.990126193205)
599cf1931a782c4db35e65b192369f45815cf38fb91fced44544404f9cabcfc8d4857e71806716cb86621a12b8dfba7006d9ad7b20cda1e713986b1396075768,JC400461,,08/20/2019 04:40:00 PM,10,NO CONTROLS,UNKNOWN,CLOUDY/OVERCAST,DAYLIGHT,REAR TO SIDE,PARKING LOT,,STRAIGHT AND LEVEL,WET,UNKNOWN,NOT ON SCENE (DESK REPORT),NO INJURY / DRIVE AWAY,,,,"$501 - $1,500",08/20/2019 05:30:00 PM,UNABLE TO DETERMINE,UNABLE TO DETERMINE,4025,E,106TH ST,432.0,,,,,,,2,NO INDICATION OF INJURY,0.0,0.0,0.0,0.0,0.0,3.0,0.0,16,3,8,41.7025766094,-87.5258716971,POINT (-87.525871697119 41.702576609372)
e2d09ff049eeaac78a6c5c150ff2ad48de1eb7ba140e204d3735383e2404eb2acbb608af91772ad2e347fafcd4be95df8e1c578eb84bbc20ae2cd880dc532eae,JD393473,,10/09/2020 06:06:00 AM,30,NO CONTROLS,NO CONTROLS,CLEAR,DAYLIGHT,PARKED MOTOR VEHICLE,NOT DIVIDED,,STRAIGHT AND LEVEL,DRY,NO DEFECTS,ON SCENE,NO INJURY / DRIVE AWAY,,,,"OVER $1,500",10/09/2020 06:12:00 AM,UNABLE TO DETERMINE,UNABLE TO DETERMINE,3600,S,HALSTED ST,915.0,,,,,,,2,NO INDICATION OF INJURY,0.0,0.0,0.0,0.0,0.0,2.0,0.0,6,6,10,41.8286168425,-87.6462006926,POINT (-87.64620069262 41.828616842513)
39552f176f2be297b4c63a6ed0739641209831eef9ae9c8b320a62ad583d131027e912c05733a19522acd1fe4a688e581112acaa0df344554497762ec25cd59c,JC169006,,02/28/2019 03:25:00 PM,30,NO CONTROLS,NO CONTROLS,CLEAR,DAYLIGHT,ANGLE,NOT DIVIDED,,STRAIGHT AND LEVEL,DRY,NO DEFECTS,NOT ON SCENE (DESK REPORT),NO INJURY / DRIVE AWAY,,,,"$501 - $1,500",02/28/2019 03:52:00 PM,NOT APPLICABLE,NOT APPLICABLE,6300,S,KOLIN AVE,813.0,,,,,,,2,NO INDICATION OF INJURY,0.0,0.0,0.0,0.0,0.0,3.0,0.0,15,5,2,41.7785322839,-87.7314498434,POINT (-87.731449843429 41.77853228393)
6f7574e9c9fd1f40555b7c6e60d71bfb8f7c2900c49198808804854913071c77079fa18db52fae0e7784959659ae6bfb0b0677fc4b7fd74833db7a3411b71653,JF225604,,04/30/2022 01:45:00 PM,30,NO CONTROLS,NO CONTROLS,CLEAR,DAYLIGHT,PARKED MOTOR VEHICLE,ONE-WAY,,STRAIGHT AND LEVEL,DRY,NO DEFECTS,NOT ON SCENE (DESK REPORT),NO INJURY / DRIVE AWAY,,,,"OVER $1,500",04/30/2022 03:55:00 PM,FAILING TO YIELD RIGHT-OF-WAY,FAILING TO YIELD RIGHT-OF-WAY,210,S,CANAL ST,121.0,,,,,,,2,NO INDICATION OF INJURY,0.0,0.0,0.0,0.0,0.0,2.0,0.0,13,7,4,41.8789617848,-87.6397326118,POINT (-87.639732611844 41.878961784808)
902cfa509f8ff8c61c0e14b594cb24ddf9dfa7b7cce976d0b33ec596002eba17a71d5b39b1679042153f81991f971faeb135b8b893ad8575b55297103552c795,JD245298,,05/27/2020 11:30:00 PM,30,STOP SIGN/FLASHER,NO CONTROLS,CLEAR,DAYLIGHT,ANGLE,FOUR WAY,,STRAIGHT AND LEVEL,DRY,NO DEFECTS,NOT ON SCENE (DESK REPORT),NO INJURY / DRIVE AWAY,Y,,,"OVER $1,500",05/28/2020 11:30:00 AM,DISREGARDING STOP SIGN,DISREGARDING STOP SIGN,840,E,76TH ST,624.0,,,,,,,2,NO INDICATION OF INJURY,0.0,0.0,0.0,0.0,0.0,2.0,0.0,23,4,5,41.756886712,-87.6037078222,POINT (-87.603707822218 41.756886711975)
1d503a81de57159427f9b69075651b91ddaa45fedade769aa9392c426517a05b4fa4030bdc0af937ae6a58a63a5aa153d0e7688f717041f6d19aa318357a3315,JE222375,,05/07/2021 09:47:00 AM,30,TRAFFIC SIGNAL,FUNCTIONING PROPERLY,CLEAR,DAYLIGHT,REAR END,NOT DIVIDED,,STRAIGHT AND LEVEL,DRY,NO DEFECTS,NOT ON SCENE (DESK REPORT),NO INJURY / DRIVE AWAY,,,,"$501 - $1,500",05/07/2021 09:55:00 AM,FOLLOWING TOO CLOSELY,UNABLE TO DETERMINE,2400,N,CENTRAL AVE,2515.0,,,,,,,2,NO INDICATION OF INJURY,0.0,0.0,0.0,0.0,0.0,2.0,0.0,9,6,5,41.9240689223,-87.7661412141,POINT (-87.766141214132 41.924068922276)
8be753ed2f89f6f27dcdbbada041833fe9f65ec561202af45acab8b5477437f9d2570bcc00fc31a4bc641ce95ea38def8dc1cd413d595b1ee3019920bbfd4eb0,JB336956,,07/05/2018 06:04:00 PM,30,NO CONTROLS,NO CONTROLS,CLOUDY/OVERCAST,DAYLIGHT,PARKED MOTOR VEHICLE,DIVIDED - W/MEDIAN (NOT RAISED),4.0,STRAIGHT AND LEVEL,DRY,NO DEFECTS,ON SCENE,NO INJURY / DRIVE AWAY,,,,"$501 - $1,500",07/05/2018 06:05:00 PM,UNABLE TO DETERMINE,NOT APPLICABLE,130,E,RANDOLPH ST,114.0,,,,,,,2,NO INDICATION OF INJURY,0.0,0.0,0.0,0.0,0.0,1.0,0.0,18,5,7,41.884588372,-87.6232725611,POINT (-87.623272561055 41.884588371969)
55ef8466e53cecc472ce20b164a0523adb932ec8b143579c94e005fdb4945dfae7e728b8efdfd0122c64a6284e3d8c0edaca6a06f41d748cde52ae8aecc41922,JB349468,,07/14/2018 01:15:00 PM,30,NO CONTROLS,NO CONTROLS,RAIN,DAYLIGHT,REAR END,DIVIDED - W/MEDIAN (NOT RAISED),2.0,STRAIGHT AND LEVEL,WET,NO DEFECTS,NOT ON SCENE (DESK REPORT),NO INJURY / DRIVE AWAY,,,Y,"$501 - $1,500",07/14/2018 01:35:00 PM,UNABLE TO DETERMINE,NOT APPLICABLE,551,S,CENTRAL AVE,1522.0,,,,,,,2,NO INDICATION OF INJURY,0.0,0.0,0.0,0.0,0.0,2.0,0.0,13,7,7,41.8728804901,-87.7644429811,POINT (-87.764442981075 41.872880490093)
8e46a20356526717a22f40a28a5b6f7c9ec46869092d577f9dcbf90487bb92edf3131650e62815dc32cd878238d558fa6d439761848718475ed9ad4191d06036,JD109807,,01/09/2020 02:15:00 PM,30,NO CONTROLS,NO CONTROLS,CLEAR,DAYLIGHT,REAR END,NOT DIVIDED,,STRAIGHT ON GRADE,WET,NO DEFECTS,NOT ON SCENE (DESK REPORT),INJURY AND / OR TOW DUE TO CRASH,,,,"$501 - $1,500",01/09/2020 02:30:00 PM,FAILING TO REDUCE SPEED TO AVOID CRASH,NOT APPLICABLE,1930,W,MONTEREY AVE,2212.0,,,,,,,2,"REPORTED, NOT EVIDENT",1.0,0.0,0.0,0.0,1.0,2.0,0.0,14,5,1,41.6917919183,-87.6696396409,POINT (-87.669639640899 41.691791918312)
8fe482b66534fa516bc11009ab80e3278b8460efb95aa551bd7760b0244aadf74779fecfcd7f3d786cbf21a43c91f82a4de6704820181c796fb1f5cd86489b3b,JF115756,,01/16/2022 02:30:00 PM,30,NO CONTROLS,NO CONTROLS,SNOW,DAYLIGHT,ANGLE,FOUR WAY,,STRAIGHT AND LEVEL,WET,NO DEFECTS,NOT ON SCENE (DESK REPORT),NO INJURY / DRIVE AWAY,Y,,,"OVER $1,500",01/17/2022 04:00:00 PM,FAILING TO YIELD RIGHT-OF-WAY,NOT APPLICABLE,9400,S,STONY ISLAND AVE,413.0,,,,,,,2,NO INDICATION OF INJURY,0.0,0.0,0.0,0.0,0.0,2.0,0.0,14,1,1,41.7240747838,-87.5853032325,POINT (-87.585303232497 41.724074783765)