CRASH_RECORD_ID,RD_NO,CRASH_DATE_EST_I,CRASH_DATE,POSTED_SPEED_LIMIT,TRAFFIC_CONTROL_DEVICE,DEVICE_CONDITION,WEATHER_CONDITION,LIGHTING_CONDITION,FIRST_CRASH_TYPE,TRAFFICWAY_TYPE,LANE_CNT,ALIGNMENT,ROADWAY_SURFACE_COND,ROAD_DEFECT,REPORT_TYPE,CRASH_TYPE,INTERSECTION_RELATED_I,NOT_RIGHT_OF_WAY_I,HIT_AND_RUN_I,DAMAGE,DATE_POLICE_NOTIFIED,PRIM_CONTRIBUTORY_CAUSE,SEC_CONTRIBUTORY_CAUSE,STREET_NO,STREET_DIRECTION,STREET_NAME,BEAT_OF_OCCURRENCE,PHOTOS_TAKEN_I,STATEMENTS_TAKEN_I,DOORING_I,WORK_ZONE_I,WORK_ZONE_TYPE,WORKERS_PRESENT_I,NUM_UNITS,MOST_SEVERE_INJURY,INJURIES_TOTAL,INJURIES_FATAL,INJURIES_INCAPACITATING,INJURIES_NON_INCAPACITATING,INJURIES_REPORTED_NOT_EVIDENT,INJURIES_NO_INDICATION,INJURIES_UNKNOWN,CRASH_HOUR,CRASH_DAY_OF_WEEK,CRASH_MONTH,LATITUDE,LONGITUDE,LOCATION
de22c8ffa4252b6b4dc7832c6121e30fbdcd579e60fbbd8ed56e68254c264acc0907ee7fc505e2855822e119ce16b1b3300f594ad1ee77136aacd7bed497205e,JC535081,,12/04/2019 11:00:00 PM,30,NO CONTROLS,NO CONTROLS,CLEAR,"DARKNESS, LIGHTED ROAD",TURNING,NOT DIVIDED,,STRAIGHT AND LEVEL,DRY,NO DEFECTS,NOT ON SCENE (DESK REPORT),NO INJURY / DRIVE AWAY,,,,"$501 - $1,500",12/04/2019 11:47:00 PM,DRIVING SKILLS/KNOWLEDGE/EXPERIENCE,DRIVING SKILLS/KNOWLEDGE/EXPERIENCE,11100,S,HALSTED ST,2233.0,,,,,,,2,NO INDICATION OF INJURY,0.0,0.0,0.0,0.0,0.0,3.0,0.0,23,4,12,41.6922631234,-87.6425226876,POINT (-87.642522687627 41.692263123425)
ed33d40f818b78601290b9e1064e1c4da3092f4ba5fc0ce6b0c18c8be3b42d4ba083c41af4ce56b73f9f8f41b9f997c4ccdb5d98f7877855757cc220cb6ff100,JC374994,,08/02/2019 09:00:00 AM,30,TRAFFIC SIGNAL,FUNCTIONING PROPERLY,CLEAR,DAYLIGHT,TURNING,DIVIDED - W/MEDIAN (NOT RAISED),,STRAIGHT AND LEVEL,DRY,NO DEFECTS,ON SCENE,NO INJURY / DRIVE AWAY,Y,,,"OVER $1,500",08/02/2019 09:10:00 AM,UNABLE TO DETERMINE,UNABLE TO DETERMINE,6200,S,SACRAMENTO AVE,823.0,,,,,,,2,NO INDICATION OF INJURY,0.0,0.0,0.0,0.0,0.0,2.0,0.0,9,6,8,41.7807709434,-87.6984609442,POINT (-87.698460944225 41.780770943394)
aa79f72d3e0b4cb51ba691b61a6dd66d24e3a9c80b1db567afcb768b98ad967630a269bba55f339627e001123c36fe66ce445fb2c0778ac4bbeb91d07477b904,JA149848,,02/11/2017 11:00:00 AM,10,STOP SIGN/FLASHER,FUNCTIONING PROPERLY,CLEAR,DAYLIGHT,TURNING,NOT DIVIDED,2.0,STRAIGHT AND LEVEL,DRY,NO DEFECTS,NOT ON SCENE (DESK REPORT),NO INJURY / DRIVE AWAY,,,,$500 OR LESS,02/11/2017 11:22:00 AM,DISTRACTION - FROM INSIDE VEHICLE,DRIVING SKILLS/KNOWLEDGE/EXPERIENCE,10900,S,DOTY AVE E,513.0,,,,,,,2,NO INDICATION OF INJURY,0.0,0.0,0.0,0.0,0.0,2.0,0.0,11,7,2,41.6962325277,-87.5958061971,POINT (-87.59580619714 41.696232527674)
35a968d4a12fca083d3e78d1b47bebb18776fc04b1fc1ea10a7cbe188f5ce9949a3012706b003859dea15a8aa60acca8880d5b1b5280f3340f6cd5231f108f39,JC441816,,09/20/2019 01:15:00 AM,30,NO CONTROLS,NO CONTROLS,CLEAR,DARKNESS,SIDESWIPE SAME DIRECTION,DIVIDED - W/MEDIAN (NOT RAISED),,STRAIGHT AND LEVEL,DRY,NO DEFECTS,,NO INJURY / DRIVE AWAY,,,Y,"$501 - $1,500",09/20/2019 07:40:00 PM,FOLLOWING TOO CLOSELY,NOT APPLICABLE,4400,W,79TH ST,834.0,,,,,,,2,NO INDICATION OF INJURY,0.0,0.0,0.0,0.0,0.0,2.0,0.0,1,6,9,41.7495018924,-87.7316968699,POINT (-87.731696869903 41.749501892433)
ea6953cc03749d0c3938c64d6f71293993bffc319af3fcb898af3102adb5f45457a479788f97f4e329fc04414c2a86857e56a14ffcebee71badd6a409bd20f2a,JB574206,,12/31/2018 07:43:00 PM,30,TRAFFIC SIGNAL,FUNCTIONING PROPERLY,RAIN,"DARKNESS, LIGHTED ROAD",REAR END,NOT DIVIDED,4.0,STRAIGHT AND LEVEL,WET,NO DEFECTS,NOT ON SCENE (DESK REPORT),INJURY AND / OR TOW DUE TO CRASH,Y,,,"OVER $1,500",12/31/2018 07:44:00 PM,FAILING TO REDUCE SPEED TO AVOID CRASH,UNABLE TO DETERMINE,5210,S,CICERO AVE,814.0,,,,,,,2,"REPORTED, NOT EVIDENT",1.0,0.0,0.0,0.0,1.0,1.0,0.0,19,2,12,41.7983099784,-87.7430622326,POINT (-87.743062232619 41.79830997844)
f5fc2fef74e674ce28830b005965bc9ca1b78f6860ace44008529fcef665b6d7b926a35ea7dc250ee055922b0e9862b157e77d482c6dbf8b8dcec30e0ad2e382,HZ167084,,02/26/2016 02:10:00 PM,30,NO CONTROLS,NO CONTROLS,CLEAR,DAYLIGHT,REAR END,ONE-WAY,2.0,STRAIGHT AND LEVEL,DRY,NO DEFECTS,NOT ON SCENE (DESK REPORT),NO INJURY / DRIVE AWAY,,,,"OVER $1,500",02/27/2016 01:35:00 PM,UNABLE TO DETERMINE,UNABLE TO DETERMINE,5200,W,GLADYS AVE,1522.0,,,,,,,2,NO INDICATION OF INJURY,0.0,0.0,0.0,0.0,0.0,3.0,0.0,14,6,2,41.8758625338,-87.7550270228,POINT (-87.755027022843 41.875862533781)
316f0bbf990f2e74636f13830e8ee4eb67be544f0a01290e19cf02447b62bf0b08a75c5c51b7ca2fa3c5b43513834ddc4e1a08647f425c31887a127c0b3dcf9c,JD150021,,02/13/2020 07:50:00 AM,30,TRAFFIC SIGNAL,FUNCTIONING PROPERLY,BLOWING SNOW,DAYLIGHT,PEDESTRIAN,FOUR WAY,,STRAIGHT AND LEVEL,SNOW OR SLUSH,NO DEFECTS,ON SCENE,NO INJURY / DRIVE AWAY,Y,,,$500 OR LESS,02/13/2020 07:52:00 AM,NOT APPLICABLE,NOT APPLICABLE,3858,S,WENTWORTH AVE,915.0,,,,,,,3,NO INDICATION OF INJURY,0.0,0.0,0.0,0.0,0.0,3.0,0.0,7,5,2,41.8240505951,-87.6314617085,POINT (-87.631461708478 41.824050595087)
4318a509b3c7faff9b1849d593e5ead7420b06f55d98e46c55e77f41ce476095b2b970e94da1e9f96e98fedce6558aee0f44963893a3da3d5865d599a51fbd8e,JB495499,,10/29/2018 07:50:00 PM,35,TRAFFIC SIGNAL,FUNCTIONING PROPERLY,CLEAR,DARKNESS,SIDESWIPE SAME DIRECTION,DIVIDED - W/MEDIAN (NOT RAISED),,STRAIGHT AND LEVEL,DRY,NO DEFECTS,ON SCENE,NO INJURY / DRIVE AWAY,,,,"OVER $1,500",10/29/2018 08:33:00 PM,UNABLE TO DETERMINE,UNABLE TO DETERMINE,7356,N,WESTERN AVE,2411.0,,,,,,,2,NO INDICATION OF INJURY,0.0,0.0,0.0,0.0,0.0,2.0,0.0,19,2,10,42.0156763052,-87.6903633462,POINT (-87.690363346165 42.015676305174)
041f49fa1dd41b41aa9eed727744d4b37badd097e01ddb00973b5e5bb9df4b59656683c58134d1bead1651d3c3060ac4a7d32e3659c8ff6a91add0568c469f45,JB212637,,04/05/2018 03:07:00 PM,30,NO CONTROLS,NO CONTROLS,CLEAR,DAYLIGHT,PARKED MOTOR VEHICLE,OTHER,0.0,STRAIGHT AND LEVEL,DRY,NO DEFECTS,ON SCENE,NO INJURY / DRIVE AWAY,,,Y,"$501 - $1,500",04/05/2018 03:12:00 PM,IMPROPER BACKING,IMPROPER TURNING/NO SIGNAL,8300,S,STONY ISLAND AVE,412.0,Y,,,,,,2,NO INDICATION OF INJURY,0.0,0.0,0.0,0.0,0.0,1.0,0.0,15,5,4,41.744151639,-87.585945067,POINT (-87.585945066953 41.744151639042)
531eba790c7a84d415165129d9df8650b24e7aefd3ff1f20ffa37de330a4c18b00b15e584a87240180cf19d8059888aadfe1aa979fced73d96c775e39e562fd9,JG217817,N,04/09/2023 06:00:00 PM,20,NO CONTROLS,NO CONTROLS,CLEAR,DAYLIGHT,PARKED MOTOR VEHICLE,NOT DIVIDED,,STRAIGHT AND LEVEL,DRY,UNKNOWN,NOT ON SCENE (DESK REPORT),NO INJURY / DRIVE AWAY,,,,"OVER $1,500",04/10/2023 02:49:00 PM,UNABLE TO DETERMINE,UNABLE TO DETERMINE,6749,N,ASHLAND AVE,2432.0,N,,,,,,2,NO INDICATION OF INJURY,0.0,0.0,0.0,0.0,0.0,1.0,0.0,18,1,4,42.0050247947,-87.6704367966,POINT (-87.670436796594 42.005024794679)
b91a7ac3fa917046ee7a5be966d44d45c139155d996e1afb161a716135b362073edddb9158c58cd1a67005fd5927703a4844ccefcb166c3cb80fdbafaa0575a6,JF397355,,09/15/2022 07:30:00 AM,30,STOP SIGN/FLASHER,FUNCTIONING PROPERLY,CLEAR,DAYLIGHT,REAR END,NOT DIVIDED,,STRAIGHT AND LEVEL,DRY,NO DEFECTS,NOT ON SCENE (DESK REPORT),NO INJURY / DRIVE AWAY,,,,"OVER $1,500",09/15/2022 04:55:00 PM,UNABLE TO DETERMINE,UNABLE TO DETERMINE,2200,S,KEDVALE AVE,1013.0,,,,,,,2,NO INDICATION OF INJURY,0.0,0.0,0.0,0.0,0.0,2.0,0.0,7,5,9,41.8514184192,-87.7281328041,POINT (-87.728132804052 41.851418419153)
6fc5569aba48805e5b802dc2e87312564316e4b8c5cc4d27fb02bdca675566a6a2484ffc83fd202fc1a5f2ac313baafcdf17039935837d24ed16c32f18712f60,JE184097,,03/30/2021 09:45:00 AM,45,NO CONTROLS,NO CONTROLS,CLEAR,DAYLIGHT,SIDESWIPE SAME DIRECTION,DIVIDED - W/MEDIAN BARRIER,,"CURVE, LEVEL",DRY,NO DEFECTS,,NO INJURY / DRIVE AWAY,,,,"OVER $1,500",03/30/2021 11:45:00 AM,WEATHER,UNABLE TO DETERMINE,4000,N,LAKE SHORE DR SB,1915.0,,,,,,,2,NO INDICATION OF INJURY,0.0,0.0,0.0,0.0,0.0,4.0,0.0,9,3,3,41.9546892413,-87.6449746442,POINT (-87.644974644209 41.954689241342)
9951a00cbbb0a3d10fbceea557b6a436a4cf6a2431c246d9e3372fb870b505245d88fbfbe788ced44dc8a591452536aeeed1923e606c5efa6d79b7ca90d7c46c,JD376143,Y,09/23/2020 12:14:00 AM,30,TRAFFIC SIGNAL,FUNCTIONING PROPERLY,CLEAR,"DARKNESS, LIGHTED ROAD",TURNING,UNKNOWN INTERSECTION TYPE,,STRAIGHT AND LEVEL,DRY,UNKNOWN,ON SCENE,INJURY AND / OR TOW DUE TO CRASH,Y,,Y,"OVER $1,500",09/23/2020 12:19:00 AM,UNABLE TO DETERMINE,NOT APPLICABLE,200,E,51ST ST,224.0,,,,,,,3,NONINCAPACITATING INJURY,4.0,0.0,0.0,4.0,0.0,5.0,0.0,0,4,9,41.8021379499,-87.6209491795,POINT (-87.620949179536 41.802137949948)
a59227a52649972b65a65230a14862d440ac9f1d31773faf29f22359238a9e1ce38825b95e11737e89e8f2bf549eac24a96b212e29d36251316749a2bb30b4f1,JC170905,Y,03/02/2019 06:00:00 AM,30,NO CONTROLS,NO CONTROLS,CLEAR,"DARKNESS, LIGHTED ROAD",PARKED MOTOR VEHICLE,ONE-WAY,1.0,STRAIGHT AND LEVEL,UNKNOWN,WORN SURFACE,NOT ON SCENE (DESK REPORT),NO INJURY / DRIVE AWAY,,,Y,$500 OR LESS,03/02/2019 07:09:00 AM,UNABLE TO DETERMINE,NOT APPLICABLE,7831,S,MARSHFIELD AVE,611.0,,,,,,,2,NO INDICATION OF INJURY,0.0,0.0,0.0,0.0,0.0,1.0,0.0,6,7,3,41.751222895,-87.6645238733,POINT (-87.664523873252 41.751222894955)
3481a9bf6e16315d5f87a53308fdbbe6fc20553004ffdec3646ba1bd072103918b93c88cfa888d84e51942997ea65a1af0afbe8c47b2d503480bc7de195de4dc,JG274115,,05/25/2023 06:45:00 AM,30,STOP SIGN/FLASHER,FUNCTIONING PROPERLY,CLOUDY/OVERCAST,DAYLIGHT,PEDALCYCLIST,NOT DIVIDED,,STRAIGHT AND LEVEL,DRY,NO DEFECTS,ON SCENE,INJURY AND / OR TOW DUE TO CRASH,Y,,,$500 OR LESS,05/25/2023 06:55:00 AM,DRIVING SKILLS/KNOWLEDGE/EXPERIENCE,UNABLE TO DETERMINE,2873,S,ARCHER AVE,913.0,,,,,,,2,NONINCAPACITATING INJURY,2.0,0.0,0.0,1.0,1.0,0.0,0.0,6,5,5,41.8421553628,-87.6566342432,POINT (-87.656634243209 41.842155362803)
01c18782bb1feda2909382b48e0abc87784d5c0d0ec2c6fcc8da274945c14ae143219d67171d11764675d028cb73b20e05a943a2c0a9aa08935d418595acd55b,JA556934,,12/20/2017 02:37:00 PM,30,NO CONTROLS,NO CONTROLS,CLOUDY/OVERCAST,DAYLIGHT,ANGLE,DIVIDED - W/MEDIAN (NOT RAISED),4.0,STRAIGHT AND LEVEL,DRY,NO DEFECTS,NOT ON SCENE (DESK REPORT),NO INJURY / DRIVE AWAY,,,,"OVER $1,500",12/20/2017 03:05:00 PM,UNABLE TO DETERMINE,NOT APPLICABLE,304,S,CICERO AVE,1533.0,,,,,,,2,NO INDICATION OF INJURY,0.0,0.0,0.0,0.0,0.0,2.0,0.0,14,4,12,41.8766224047,-87.7452867851,POINT (-87.745286785071 41.876622404667)
a1366afb3ffe51f1b4e05c0042913b42d0f0b08c47fd84fd4bcbc37577c11bccba650ae64ac66bc55444dcd04e379f4881976bde95d03252841c69c080dc8579,JE195128,,04/10/2021 08:47:00 AM,30,NO CONTROLS,NO CONTROLS,RAIN,DAYLIGHT,FIXED OBJECT,DIVIDED - W/MEDIAN (NOT RAISED),,STRAIGHT AND LEVEL,WET,NO DEFECTS,ON SCENE,INJURY AND / OR TOW DUE TO CRASH,,,Y,"OVER $1,500",04/10/2021 08:48:00 AM,UNABLE TO DETERMINE,UNABLE TO DETERMINE,6658,S,TALMAN AVE,831.0,,,,,,,1,NO INDICATION OF INJURY,0.0,0.0,0.0,0.0,0.0,1.0,0.0,8,7,4,41.7719684206,-87.6897001824,POINT (-87.689700182417 41.771968420563)
e7eb519ef08441799f4a1be5e9cb5c3d07311547e00d7e2df382f8323b9357ae478edffb038526fdac0da6615293d4383f1fea57af0705e5f4f56a6ddd49cf15,JD138246,,02/01/2020 11:00:00 PM,30,NO CONTROLS,NO CONTROLS,CLEAR,DARKNESS,PARKED MOTOR VEHICLE,DIVIDED - W/MEDIAN BARRIER,,STRAIGHT AND LEVEL,DRY,NO DEFECTS,NOT ON SCENE (DESK REPORT),NO INJURY / DRIVE AWAY,,,,"$501 - $1,500",02/03/2020 09:07:00 AM,UNABLE TO DETERMINE,NOT APPLICABLE,11,W,WACKER DR,111.0,,,,,,,2,NO INDICATION OF INJURY,0.0,0.0,0.0,0.0,0.0,1.0,0.0,23,7,2,41.8867058312,-87.6284216086,POINT (-87.628421608558 41.886705831152)
2e28bb7926fba35d928956b2979fda84689c7b01ca23f9da07b22ed974ba5c9a58c0cb24948e60d6ee673dab6b34feaae2db6cd4d44a370c4b942c159f43ad7a,JC247018,,05/02/2019 07:58:00 AM,35,OTHER,OTHER,RAIN,DAYLIGHT,SIDESWIPE SAME DIRECTION,OTHER,,STRAIGHT AND LEVEL,WET,UNKNOWN,NOT ON SCENE (DESK REPORT),NO INJURY / DRIVE AWAY,Y,,,$500 OR LESS,05/02/2019 04:50:00 PM,UNABLE TO DETERMINE,UNABLE TO DETERMINE,2350,W,AUGUSTA BLVD,1212.0,,,,,,,2,NO INDICATION OF INJURY,0.0,0.0,0.0,0.0,0.0,2.0,0.0,7,5,5,41.8994957483,-87.6865123379,POINT (-87.686512337857 41.899495748285)
c22cbb5c718feb905db562d7a02b09eab9d4afa5b7e6e364cd21f4ac3da9acdc54cc1e43c170183ee3b43a6c3e63be8f898927f76d0f5476e5768970faa1f1c0,JF362469,,08/19/2022 11:30:00 AM,30,TRAFFIC SIGNAL,FUNCTIONING PROPERLY,CLEAR,DAYLIGHT,TURNING,ONE-WAY,,STRAIGHT AND LEVEL,DRY,NO DEFECTS,ON SCENE,NO INJURY / DRIVE AWAY,,,Y,"OVER $1,500",08/19/2022 12:04:00 PM,UNABLE TO DETERMINE,NOT APPLICABLE,3300,S,WENTWORTH AVE,915.0,,,,,,,2,NO INDICATION OF INJURY,0.0,0.0,0.0,0.0,0.0,2.0,0.0,11,6,8,41.8344980217,-87.6317458014,POINT (-87.631745801426 41.834498021652)
5383075f90183dd17add82311bc27d61cb6d864c0555e32b77913d14ea5fbcc9022dcda01829aa8b341a7eb5edd34b82b7277d3f629e07769c369e892460db68,JC351202,,07/16/2019 12:55:00 PM,30,NO CONTROLS,NO CONTROLS,UNKNOWN,UNKNOWN,PARKED MOTOR VEHICLE,OTHER,,STRAIGHT AND LEVEL,UNKNOWN,UNKNOWN,ON SCENE,NO INJURY / DRIVE AWAY,,,,"OVER $1,500",07/16/2019 01:00:00 PM,IMPROPER OVERTAKING/PASSING,NOT APPLICABLE,2030,W,DIVISION ST,1424.0,,,,,,,2,NO INDICATION OF INJURY,0.0,0.0,0.0,0.0,0.0,1.0,0.0,12,3,7,41.9032778194,-87.6785203945,POINT (-87.678520394464 41.903277819377)
2d2ae9a7364c6af9426cb6ee1365aa67084f0ec41d481188f0fff49f775fac1520aac6b1de4d1eb12fdf4b90cdc650938327f4baf84638fabc347dc02d575d5b,JG154804,,02/16/2023 01:30:00 PM,30,NO CONTROLS,NO CONTROLS,RAIN,DAYLIGHT,PARKED MOTOR VEHICLE,ONE-WAY,,STRAIGHT AND LEVEL,WET,NO DEFECTS,ON SCENE,INJURY AND / OR TOW DUE TO CRASH,,,,"OVER $1,500",02/16/2023 01:35:00 PM,EQUIPMENT - VEHICLE CONDITION,DRIVING SKILLS/KNOWLEDGE/EXPERIENCE,6228,S,EVANS AVE,313.0,,,,,,,2,NO INDICATION OF INJURY,0.0,0.0,0.0,0.0,0.0,1.0,0.0,13,5,2,41.7813271549,-87.6073544932,POINT (-87.607354493243 41.781327154924)
da7e3b1a4214794b67ffdd9eedeccba50789d6878e3859cbc906850b56aa076e4c48311fba7ac66be93080e87220f037ecf8ad289ca7e57ea346bbf3d665d7cb,JB407265,,08/24/2018 07:05:00 PM,30,NO CONTROLS,NO CONTROLS,CLEAR,"DARKNESS, LIGHTED ROAD",SIDESWIPE SAME DIRECTION,NOT DIVIDED,6.0,STRAIGHT AND LEVEL,DRY,NO DEFECTS,ON SCENE,INJURY AND / OR TOW DUE TO CRASH,,,,"OVER $1,500",08/24/2018 07:11:00 PM,FAILING TO REDUCE SPEED TO AVOID CRASH,DRIVING SKILLS/KNOWLEDGE/EXPERIENCE,3950,S,CICERO AVE,1031.0,,,,,,,3,NONINCAPACITATING INJURY,1.0,0.0,0.0,1.0,0.0,3.0,0.0,19,6,8,41.8206694491,-87.7436558689,POINT (-87.74365586894 41.820669449112)
325c279b98b8003b80be73d8167395ee416a679e764916053558f3d7805c5ecc0ca29a2abd2038edc38aad27f0bf1fcb2561d0d002f78546ba8f66c68285dc66,JC307328,,06/14/2019 10:44:00 PM,30,NO CONTROLS,NO CONTROLS,CLEAR,"DARKNESS, LIGHTED ROAD",TURNING,DIVIDED - W/MEDIAN (NOT RAISED),,STRAIGHT AND LEVEL,DRY,NO DEFECTS,NOT ON SCENE (DESK REPORT),NO INJURY / DRIVE AWAY,,,,"OVER $1,500",06/15/2019 10:00:00 AM,FAILING TO YIELD RIGHT-OF-WAY,NOT APPLICABLE,1636,N,CICERO AVE,2533.0,,,,,,,2,NO INDICATION OF INJURY,0.0,0.0,0.0,0.0,0.0,3.0,0.0,22,6,6,41.9107613335,-87.7460530218,POINT (-87.74605302179 41.910761333548)
34ce8ae5750bd0173dcdc4683b41f3934f5b851c243c3005870e7ccffe95f5ee476f672cf21994605de7a7b0c7f1c8ed3ed0b18ee59a280133e743a3d288cd16,JB539006,,12/03/2018 11:00:00 AM,30,NO CONTROLS,NO CONTROLS,CLEAR,DAYLIGHT,PEDALCYCLIST,ONE-WAY,4.0,STRAIGHT AND LEVEL,DRY,NO DEFECTS,NOT ON SCENE (DESK REPORT),NO INJURY / DRIVE AWAY,,,,$500 OR LESS,12/03/2018 07:44:00 PM,UNABLE TO DETERMINE,UNABLE TO DETERMINE,200,N,DEARBORN ST,111.0,,,,,,,2,NO INDICATION OF INJURY,0.0,0.0,0.0,0.0,0.0,2.0,0.0,11,2,12,41.8857963123,-87.6296461541,POINT (-87.629646154129 41.885796312349)
0a433045beb0cadd3fec242a67ebfa6f258df6361037faa288778c69569de28dd0e5246d07b68cfb950bc4e9971b4d5d6358d32fa033bf6cf556809f721a030f,JD184329,,03/13/2020 01:28:00 PM,30,STOP SIGN/FLASHER,NO CONTROLS,CLEAR,DAYLIGHT,TURNING,NOT DIVIDED,,STRAIGHT AND LEVEL,DRY,NO DEFECTS,ON SCENE,NO INJURY / DRIVE AWAY,,,,"OVER $1,500",03/13/2020 01:28:00 PM,FAILING TO REDUCE SPEED TO AVOID CRASH,NOT APPLICABLE,2500,S,ROCKWELL ST,1034.0,,,,,,,2,NO INDICATION OF INJURY,0.0,0.0,0.0,0.0,0.0,2.0,0.0,13,6,3,41.8464697304,-87.6905367275,POINT (-87.690536727474 41.846469730413)
f5d01ca814b0a7b675510f11a3bc9a35b74b47d23cd15dd880b310f5b489c8bb8488ab07e1cda532e69ba988a601057bd4026073e04c42f40f6bec6e16544057,JF392041,,09/11/2022 03:40:00 PM,30,UNKNOWN,UNKNOWN,UNKNOWN,DAYLIGHT,SIDESWIPE SAME DIRECTION,DIVIDED - W/MEDIAN BARRIER,,STRAIGHT AND LEVEL,UNKNOWN,UNKNOWN,NOT ON SCENE (DESK REPORT),NO INJURY / DRIVE AWAY,,,Y,"OVER $1,500",09/11/2022 04:15:00 PM,UNABLE TO DETERMINE,NOT APPLICABLE,5699,S,LAKE SHORE DR NB,331.0,,,,,,,2,NO INDICATION OF INJURY,0.0,0.0,0.0,0.0,0.0,2.0,0.0,15,1,9,41.7916165742,-87.5799369721,POINT (-87.579936972138 41.79161657424)
fdfd0bd544d6687122f42e89c44efa4f33c80b9136e1ea31e14bc72ff3a3dd9b28040defb7038ad0c606613fe25b1f7ca93296b9642300945e1d4ca4f72b3cfc,JB548856,,12/11/2018 10:15:00 AM,30,NO CONTROLS,NO CONTROLS,CLEAR,DAYLIGHT,SIDESWIPE SAME DIRECTION,NOT DIVIDED,2.0,STRAIGHT AND LEVEL,DRY,NO DEFECTS,NOT ON SCENE (DESK REPORT),NO INJURY / DRIVE AWAY,,,,"OVER $1,500",12/11/2018 02:00:00 PM,UNABLE TO DETERMINE,UNABLE TO DETERMINE,2600,S,WENTWORTH AVE,914.0,,,,,,,2,NO INDICATION OF INJURY,0.0,0.0,0.0,0.0,0.0,3.0,0.0,10,3,12,41.845494944,-87.6319704313,POINT (-87.631970431289 41.845494943967)
f84ac458f9251a8e3dbbbd8143c240e2ca2a0ea3e204317ff08e377351f0e89e64262c49eb5635591b1f313a4a541ec970ef693c98e45dac796356828ae9bc60,JF185279,,03/24/2022 04:30:00 PM,30,TRAFFIC SIGNAL,FUNCTIONING PROPERLY,CLEAR,DAYLIGHT,SIDESWIPE SAME DIRECTION,NOT DIVIDED,,STRAIGHT AND LEVEL,DRY,NO DEFECTS,NOT ON SCENE (DESK REPORT),NO INJURY / DRIVE AWAY,,,Y,"OVER $1,500",03/24/2022 05:00:00 PM,UNABLE TO DETERMINE,NOT APPLICABLE,1201,S,KEDZIE AVE,1022.0,,,,,,,2,NO INDICATION OF INJURY,0.0,0.0,0.0,0.0,0.0,2.0,0.0,16,5,3,41.8663159583,-87.705519881,POINT (-87.705519880996 41.866315958256)
f9cef6634ac97839fd3160840cbcf5a66ee51e719a8bc0b24a6fb71ea3c1e6404fd3395ceba10a475b2e96317aa2b26f73b7b6899cee70ddd6c65af4ad3d7e32,HZ318386,,06/21/2016 04:07:00 PM,0,NO CONTROLS,NO CONTROLS,CLEAR,DAYLIGHT,SIDESWIPE SAME DIRECTION,NOT DIVIDED,,STRAIGHT AND LEVEL,DRY,NO DEFECTS,NOT ON SCENE (DESK REPORT),NO INJURY / DRIVE AWAY,,,Y,"OVER $1,500",06/22/2016 09:41:00 AM,UNABLE TO DETERMINE,UNABLE TO DETERMINE,250,N,OGDEN AVE,1215.0,,,,,,,2,NO INDICATION OF INJURY,0.0,0.0,0.0,0.0,0.0,2.0,0.0,16,3,6,41.8858494344,-87.6626039739,POINT (-87.662603973878 41.885849434411)
3b4e61ab926ce5a4ed7b109d7bd62fa62812d43ad3d0caf2fc9c23aa748656e1efe55f250087597a06087e7da86879be5b7afa8d61728a929cc725cf87389024,JB324655,,06/27/2018 10:30:00 AM,30,NO CONTROLS,NO CONTROLS,CLEAR,DAYLIGHT,SIDESWIPE SAME DIRECTION,ONE-WAY,4.0,STRAIGHT AND LEVEL,DRY,NO DEFECTS,ON SCENE,NO INJURY / DRIVE AWAY,,,,$500 OR LESS,06/27/2018 11:15:00 AM,IMPROPER OVERTAKING/PASSING,FAILING TO REDUCE SPEED TO AVOID CRASH,30,E,ADAMS ST,112.0,,,,,,,2,NO INDICATION OF INJURY,0.0,0.0,0.0,0.0,0.0,2.0,0.0,10,4,6,41.8796163695,-87.6266422444,POINT (-87.626642244358 41.87961636954)
32d42a68fcd94a5b1268e70b15e857a8b3b772b7a5362dfda61b8489d69975af603be3009ef5c889b91d3dc51e7ac4f1abc8d9ffe06df8bcf976267a5a4cee97,JG323402,,06/30/2023 08:55:00 PM,30,NO CONTROLS,NO CONTROLS,CLEAR,"DARKNESS, LIGHTED ROAD",SIDESWIPE SAME DIRECTION,ONE-WAY,,STRAIGHT AND LEVEL,DRY,NO DEFECTS,NOT ON SCENE (DESK REPORT),NO INJURY / DRIVE AWAY,,,,"OVER $1,500",07/01/2023 10:10:00 AM,UNABLE TO DETERMINE,NOT APPLICABLE,1009,N,RUSH ST,1824.0,,,,,,,2,NO INDICATION OF INJURY,0.0,0.0,0.0,0.0,0.0,2.0,0.0,20,6,6,41.901042374,-87.6274901477,POINT (-87.627490147713 41.901042374045)
729d88e61be5cb8406fb02cfefaebd467e6160fcd2df3e29b809c4dd4e4a149bff712fba2d572168a688a4cb9526f2cf3ee2f6b781ba1339ad894e908664d2a4,JD219462,,04/28/2020 09:36:00 PM,30,STOP SIGN/FLASHER,OTHER,RAIN,"DARKNESS, LIGHTED ROAD",REAR END,FOUR WAY,,STRAIGHT AND LEVEL,WET,NO DEFECTS,ON SCENE,INJURY AND / OR TOW DUE TO CRASH,,,N,"OVER $1,500",04/28/2020 09:46:00 PM,UNABLE TO DETERMINE,NOT APPLICABLE,10200,S,WENTWORTH AVE,511.0,,,,,,,2,NO INDICATION OF INJURY,0.0,0.0,0.0,0.0,0.0,2.0,0.0,21,3,4,41.708838551,-87.6285067845,POINT (-87.628506784498 41.708838550955)