CRASH_RECORD_ID,RD_NO,CRASH_DATE_EST_I,CRASH_DATE,POSTED_SPEED_LIMIT,TRAFFIC_CONTROL_DEVICE,DEVICE_CONDITION,WEATHER_CONDITION,LIGHTING_CONDITION,FIRST_CRASH_TYPE,TRAFFICWAY_TYPE,LANE_CNT,ALIGNMENT,ROADWAY_SURFACE_COND,ROAD_DEFECT,REPORT_TYPE,CRASH_TYPE,INTERSECTION_RELATED_I,NOT_RIGHT_OF_WAY_I,HIT_AND_RUN_I,DAMAGE,DATE_POLICE_NOTIFIED,PRIM_CONTRIBUTORY_CAUSE,SEC_CONTRIBUTORY_CAUSE,STREET_NO,STREET_DIRECTION,STREET_NAME,BEAT_OF_OCCURRENCE,PHOTOS_TAKEN_I,STATEMENTS_TAKEN_I,DOORING_I,WORK_ZONE_I,WORK_ZONE_TYPE,WORKERS_PRESENT_I,NUM_UNITS,MOST_SEVERE_INJURY,INJURIES_TOTAL,INJURIES_FATAL,INJURIES_INCAPACITATING,INJURIES_NON_INCAPACITATING,INJURIES_REPORTED_NOT_EVIDENT,INJURIES_NO_INDICATION,INJURIES_UNKNOWN,CRASH_HOUR,CRASH_DAY_OF_WEEK,CRASH_MONTH,LATITUDE,LONGITUDE,LOCATION
6ab943fd67e10cc0fb623385309fc08cc22adac0d48bcc0badc4fda415730cf1b69476436d8f291a780c7bcab0d9cd28ae8de072b2d9e49d6ad755718b0d81fe,JE239601,,05/23/2021 05:20:00 AM,30,NO CONTROLS,NO CONTROLS,CLEAR,"DARKNESS, LIGHTED ROAD",PARKED MOTOR VEHICLE,NOT DIVIDED,,STRAIGHT AND LEVEL,DRY,NO DEFECTS,ON SCENE,INJURY AND / OR TOW DUE TO CRASH,,,Y,"OVER $1,500",05/23/2021 05:20:00 AM,UNABLE TO DETERMINE,UNABLE TO DETERMINE,13736,S,LEYDEN AVE,533.0,,,,,,,2,NO INDICATION OF INJURY,0.0,0.0,0.0,0.0,0.0,1.0,0.0,5,1,5,41.6458366225,-87.6162558878,POINT (-87.616255887849 41.645836622522)
5ace29fb7c09e78ea81edad2700bae5d9c2bd2d471375cf6745425582f6197556010c532d4de349ff0b91f03a93afe81b5129bd35b2fdd1698213e848c165168,JB169942,,02/20/2018 08:00:00 AM,25,UNKNOWN,UNKNOWN,UNKNOWN,UNKNOWN,PARKED MOTOR VEHICLE,NOT DIVIDED,2.0,STRAIGHT AND LEVEL,UNKNOWN,UNKNOWN,NOT ON SCENE (DESK REPORT),NO INJURY / DRIVE AWAY,,,Y,"OVER $1,500",03/01/2018 03:40:00 PM,UNABLE TO DETERMINE,NOT APPLICABLE,1046,N,KEDZIE AVE,1121.0,,,,,,,2,NO INDICATION OF INJURY,0.0,0.0,0.0,0.0,0.0,1.0,0.0,8,3,2,41.9005035659,-87.7068621046,POINT (-87.706862104621 41.900503565869)
6bdd92b253cd0d55c7ee998585a21023bbb3b677799c643e031e4efab44d9ec2b4bc4f7a35b4d810ebd5f3f7a7eb639d23f4726340427f42ed1b41249720203c,JE433816,,11/04/2021 01:50:00 PM,30,TRAFFIC SIGNAL,FUNCTIONING PROPERLY,CLEAR,DAYLIGHT,TURNING,NOT DIVIDED,,STRAIGHT AND LEVEL,DRY,NO DEFECTS,ON SCENE,NO INJURY / DRIVE AWAY,,,,"OVER $1,500",11/04/2021 02:14:00 PM,FAILING TO YIELD RIGHT-OF-WAY,NOT APPLICABLE,2406,S,DAMEN AVE,1034.0,,,,,,,2,NO INDICATION OF INJURY,0.0,0.0,0.0,0.0,0.0,2.0,0.0,13,5,11,41.8483338009,-87.6758885959,POINT (-87.675888595902 41.848333800919)
88f3472315b2129225d1c28feb355e3c6849dc63564fd8b151285ac330510b281238a758a1a8eed6f8ed11aadb23afe207ccb9a724720f5d32e6b2eda1c35232,JC492966,,10/31/2019 07:30:00 AM,30,TRAFFIC SIGNAL,FUNCTIONING PROPERLY,SNOW,DAYLIGHT,PEDESTRIAN,OTHER,,STRAIGHT AND LEVEL,WET,NO DEFECTS,ON SCENE,INJURY AND / OR TOW DUE TO CRASH,Y,,,$500 OR LESS,10/31/2019 08:45:00 AM,UNABLE TO DETERMINE,UNABLE TO DETERMINE,1549,W,MADISON ST,1224.0,,,,,,,2,"REPORTED, NOT EVIDENT",1.0,0.0,0.0,0.0,1.0,1.0,0.0,7,5,10,41.8813525082,-87.6659992581,POINT (-87.665999258098 41.881352508178)
3ef47cebdb6268ef485f031ca7a24cd56b7b261064369938f5c227133aed95720019fcf0ea29022cd7480e5900a3b67d4bdf1683fc02fe5ed1de868fa8f3043d,JF389776,,09/09/2022 05:22:00 PM,30,NO CONTROLS,NO CONTROLS,CLEAR,DAYLIGHT,SIDESWIPE SAME DIRECTION,DIVIDED - W/MEDIAN (NOT RAISED),,STRAIGHT AND LEVEL,DRY,NO DEFECTS,ON SCENE,NO INJURY / DRIVE AWAY,,,,$500 OR LESS,09/09/2022 05:36:00 PM,UNABLE TO DETERMINE,UNABLE TO DETERMINE,2334,W,BELMONT AVE,1921.0,,,,,,,2,NO INDICATION OF INJURY,0.0,0.0,0.0,0.0,0.0,6.0,0.0,17,6,9,41.9395786706,-87.6869470864,POINT (-87.686947086436 41.939578670615)
a0515ae146079d150aa10b07434f7acc2b146f4694cd766ec0d636c07e7eb1104591952ba2df9451f266105f3f477f18a2b7f64aeca381e9bd78cbcf52b36b20,JB556616,,12/17/2018 07:40:00 AM,30,STOP SIGN/FLASHER,FUNCTIONING PROPERLY,CLEAR,DAYLIGHT,ANGLE,DIVIDED - W/MEDIAN (NOT RAISED),2.0,STRAIGHT AND LEVEL,DRY,NO DEFECTS,ON SCENE,INJURY AND / OR TOW DUE TO CRASH,Y,,,"OVER $1,500",12/17/2018 07:53:00 AM,UNABLE TO DETERMINE,NOT APPLICABLE,2900,W,LAKE ST,1222.0,,,,,,,2,NO INDICATION OF INJURY,0.0,0.0,0.0,0.0,0.0,2.0,0.0,7,2,12,41.8842596513,-87.6989636779,POINT (-87.698963677933 41.884259651323)
a6f3efb9e5dd4df16dacf9823f9fe3622ac1e6b6df517c28cf1f1f13ade6ba9270370de1da8932c35b2f53a4a699fcd093c6251701c3113ec3ecb5c839d4d9e9,JC468011,,10/10/2019 07:58:00 AM,30,OTHER,FUNCTIONING PROPERLY,CLEAR,DAYLIGHT,SIDESWIPE SAME DIRECTION,NOT DIVIDED,,STRAIGHT AND LEVEL,DRY,NO DEFECTS,NOT ON SCENE (DESK REPORT),NO INJURY / DRIVE AWAY,,,,$500 OR LESS,10/10/2019 09:30:00 PM,IMPROPER OVERTAKING/PASSING,IMPROPER LANE USAGE,5814,N,CENTRAL AVE,1622.0,,,,,,,2,NO INDICATION OF INJURY,0.0,0.0,0.0,0.0,0.0,2.0,0.0,7,5,10,41.9864107604,-87.7684145011,POINT (-87.768414501074 41.986410760381)
e3881c04fc18f4c534c33d3e79dff93e2e5e8e6dbf52175aa21d956291e4a3a0144b96c8c7c1cfec9bbbdc9a1ca46d0b10f699f8493efbd8b5c0f2070acf8e1c,JC461138,,09/29/2019 03:00:00 PM,10,NO CONTROLS,NO CONTROLS,CLEAR,DAYLIGHT,PARKED MOTOR VEHICLE,PARKING LOT,,STRAIGHT AND LEVEL,DRY,NO DEFECTS,NOT ON SCENE (DESK REPORT),NO INJURY / DRIVE AWAY,,,,"OVER $1,500",10/05/2019 03:15:00 PM,UNABLE TO DETERMINE,NOT APPLICABLE,4100,S,ASHLAND AVE,924.0,,,,,,,2,NO INDICATION OF INJURY,0.0,0.0,0.0,0.0,0.0,4.0,0.0,15,1,9,41.8194414263,-87.6653755449,POINT (-87.665375544909 41.819441426296)
fe4c6cc02a4c6fb890f7664f793f6ed657de9eca8032871b282a9d427cc107dd602570b9827a86383cf40d85230e3d8d75f6865ee9841df0aa0bfdc2d0685ce5,JB427726,,09/08/2018 06:11:00 PM,30,TRAFFIC SIGNAL,FUNCTIONING PROPERLY,CLOUDY/OVERCAST,DUSK,TURNING,NOT DIVIDED,4.0,STRAIGHT AND LEVEL,DRY,UNKNOWN,ON SCENE,NO INJURY / DRIVE AWAY,N,,,"$501 - $1,500",09/08/2018 06:21:00 PM,IMPROPER TURNING/NO SIGNAL,NOT APPLICABLE,4054,W,MADISON ST,1115.0,,,,,,,2,NO INDICATION OF INJURY,0.0,0.0,0.0,0.0,0.0,3.0,0.0,18,7,9,41.8808087954,-87.7278478014,POINT (-87.727847801406 41.880808795408)
73e3bc8baf17738881d3d065e06a2af1cff08fada5701b3eeaec234132611916e84321ba5afa4e774f52a9c9c8a08808abe86b9808b79b28e01600aa0d9d8ddd,JA375644,,08/03/2017 02:00:00 PM,30,NO CONTROLS,NO CONTROLS,RAIN,DAYLIGHT,PEDALCYCLIST,DIVIDED - W/MEDIAN (NOT RAISED),2.0,STRAIGHT AND LEVEL,WET,UNKNOWN,ON SCENE,INJURY AND / OR TOW DUE TO CRASH,Y,,,"OVER $1,500",08/03/2017 02:36:00 PM,WEATHER,UNABLE TO DETERMINE,3691,N,ELSTON AVE,1733.0,,,,,,,2,INCAPACITATING INJURY,1.0,0.0,1.0,0.0,0.0,1.0,0.0,14,5,8,41.9484759473,-87.7113314905,POINT (-87.711331490503 41.948475947312)
13528d22ae1b74c7a2134930f5748018fcb763efa130031ad052dfabb4db5bce383850cb0a2e2190290e41f4d44043dfbaf4d7e5b46e14eac90c2281fcbfdcd4,JF525250,,12/20/2022 02:00:00 PM,30,TRAFFIC SIGNAL,FUNCTIONING IMPROPERLY,CLEAR,DUSK,SIDESWIPE SAME DIRECTION,NOT DIVIDED,,STRAIGHT AND LEVEL,WET,NO DEFECTS,NOT ON SCENE (DESK REPORT),NO INJURY / DRIVE AWAY,,,Y,"OVER $1,500",12/28/2022 02:00:00 PM,UNABLE TO DETERMINE,NOT APPLICABLE,5500,S,LAKE PARK AVE,235.0,,,,,,,2,NO INDICATION OF INJURY,0.0,0.0,0.0,0.0,0.0,2.0,0.0,14,3,12,41.7951059372,-87.5877094121,POINT (-87.587709412142 41.795105937194)
dbea1fbb403318a0474cec5a7ae29a2d2390c55f9213260379b70ab858ae86c1e28947685179f1b0e15e7c486041854abe4be4d0363e1bec701131e5b54e05c0,JG276197,,05/23/2023 07:50:00 AM,30,TRAFFIC SIGNAL,UNKNOWN,UNKNOWN,UNKNOWN,PEDESTRIAN,FOUR WAY,,STRAIGHT AND LEVEL,UNKNOWN,UNKNOWN,NOT ON SCENE (DESK REPORT),INJURY AND / OR TOW DUE TO CRASH,Y,,,"OVER $1,500",05/26/2023 04:15:00 PM,UNABLE TO DETERMINE,UNABLE TO DETERMINE,1430,W,MONTROSE AVE,1912.0,,,,,,,2,NONINCAPACITATING INJURY,1.0,0.0,0.0,1.0,0.0,1.0,0.0,7,3,5,41.9617423308,-87.6661284949,POINT (-87.666128494918 41.961742330814)
42127764853be21bee405c262e565e63353afd72535ab3d6c1e153d2a60bfa84441b03c605249dd579659cf0c220a65fef660ca00269215422010bd5ffa7a6f4,HZ370961,,07/30/2016 10:53:00 AM,30,UNKNOWN,UNKNOWN,CLEAR,DAYLIGHT,REAR END,NOT DIVIDED,2.0,STRAIGHT AND LEVEL,DRY,NO DEFECTS,NOT ON SCENE (DESK REPORT),NO INJURY / DRIVE AWAY,,,,"$501 - $1,500",07/30/2016 11:45:00 AM,UNABLE TO DETERMINE,NOT APPLICABLE,8701,S,THROOP ST,2222.0,,,,,,,3,NO INDICATION OF INJURY,0.0,0.0,0.0,0.0,0.0,3.0,0.0,10,7,7,41.7358093594,-87.6556216259,POINT (-87.655621625901 41.735809359445)
f86627430af9126f61ec3b3179b1c5ae80aef7d246e2eca8d03db1c1cf5f74447c13b60d74b44241b160278b0db280c44c45b8b293956ab10a7b44794f0ff110,JB145968,,02/08/2018 09:10:00 PM,55,OTHER,UNKNOWN,SNOW,"DARKNESS, LIGHTED ROAD",SIDESWIPE SAME DIRECTION,DIVIDED - W/MEDIAN BARRIER,8.0,STRAIGHT AND LEVEL,SNOW OR SLUSH,UNKNOWN,ON SCENE,NO INJURY / DRIVE AWAY,,,Y,"$501 - $1,500",02/08/2018 09:28:00 PM,EXCEEDING SAFE SPEED FOR CONDITIONS,UNABLE TO DETERMINE,4400,N,LAKE SHORE DR SB,1914.0,,,,,,,2,NO INDICATION OF INJURY,0.0,0.0,0.0,0.0,0.0,3.0,0.0,21,5,2,41.9620271555,-87.6466396613,POINT (-87.64663966128 41.962027155537)
c0206b7bd9d002f1040defcdb894c08948a9e048f9a5a8e47eb3309e222279a2b0803397dee0c408f0c72e7a717cd69c70292f6c767684f4f33ce74dc27efb82,JB534222,,11/30/2018 07:40:00 AM,30,TRAFFIC SIGNAL,FUNCTIONING PROPERLY,CLEAR,DAYLIGHT,REAR END,NOT DIVIDED,2.0,STRAIGHT AND LEVEL,DRY,NO DEFECTS,ON SCENE,NO INJURY / DRIVE AWAY,Y,,Y,$500 OR LESS,11/30/2018 07:42:00 AM,FOLLOWING TOO CLOSELY,FOLLOWING TOO CLOSELY,6601,S,COTTAGE GROVE AVE,321.0,,,,,,,2,NO INDICATION OF INJURY,0.0,0.0,0.0,0.0,0.0,2.0,0.0,7,6,11,41.7748711705,-87.6056600534,POINT (-87.605660053419 41.774871170515)
3d7bdf95deb19f47bfafeac0abffbf9ba7abe85fcaf085ce148d3504e0923c4b6982cd36f78c5648f5d9b5e609ff3dbccf4e520368a3e7fdb8dbd82302fd226e,JB284397,,05/29/2018 08:16:00 PM,30,TRAFFIC SIGNAL,FUNCTIONING PROPERLY,CLEAR,DARKNESS,PEDALCYCLIST,NOT DIVIDED,,STRAIGHT AND LEVEL,DRY,NO DEFECTS,ON SCENE,INJURY AND / OR TOW DUE TO CRASH,Y,,,$500 OR LESS,05/29/2018 08:26:00 PM,FAILING TO YIELD RIGHT-OF-WAY,FAILING TO REDUCE SPEED TO AVOID CRASH,8300,S,DAMEN AVE,614.0,,,,,,,2,INCAPACITATING INJURY,1.0,0.0,1.0,0.0,0.0,1.0,0.0,20,3,5,41.7428499806,-87.673107363,POINT (-87.673107362988 41.742849980643)
db21076e05c2b043d99f5ea00611b6b504ac0ee38a942202d089775df9cd25944647f55509c29ffb01659ab407c09a08c5f66b6763aa3846dad8c631790d2c83,HZ232321,,04/12/2016 04:40:00 PM,30,TRAFFIC SIGNAL,FUNCTIONING PROPERLY,CLEAR,DAYLIGHT,SIDESWIPE SAME DIRECTION,NOT DIVIDED,4.0,STRAIGHT AND LEVEL,DRY,NO DEFECTS,NOT ON SCENE (DESK REPORT),NO INJURY / DRIVE AWAY,,,,"OVER $1,500",04/19/2016 04:00:00 PM,IMPROPER BACKING,NOT APPLICABLE,448,W,HARRISON ST,124.0,,,,,,,2,NO INDICATION OF INJURY,0.0,0.0,0.0,0.0,0.0,2.0,0.0,16,3,4,41.8745169357,-87.6394137945,POINT (-87.639413794522 41.87451693567)
8ea2ee618fb3281f6f5e7ed7a043876b8e8c04a0a584f7ae1d2dacf734809839758c35fefd29e0047f073dea4ebc682aa14e1c463bb1cde68700b9f90e133723,HZ339326,,07/06/2016 04:00:00 PM,30,NO CONTROLS,NO CONTROLS,CLEAR,DAYLIGHT,ANGLE,UNKNOWN,,STRAIGHT AND LEVEL,DRY,UNKNOWN,NOT ON SCENE (DESK REPORT),NO INJURY / DRIVE AWAY,,,,"$501 - $1,500",07/07/2016 12:00:00 PM,UNABLE TO DETERMINE,NOT APPLICABLE,60,W,JACKSON BLVD,113.0,,,,,,,2,NO INDICATION OF INJURY,0.0,0.0,0.0,0.0,0.0,2.0,0.0,16,4,7,41.8782670175,-87.630009799,POINT (-87.63000979905 41.878267017488)
36e25f5a17c36115aa4d91daa8c3846f5e03b7e0d2f309a5bff179bb9a641b4f3f8789c18e00e75ae44ba0c9968988f1cde134a26384b964902ddfdb93f6e177,JA347633,,07/13/2017 03:25:00 PM,30,NO CONTROLS,NO CONTROLS,RAIN,DAYLIGHT,OTHER OBJECT,DIVIDED - W/MEDIAN (NOT RAISED),1.0,STRAIGHT AND LEVEL,WET,NO DEFECTS,NOT ON SCENE (DESK REPORT),NO INJURY / DRIVE AWAY,,Y,,$500 OR LESS,07/14/2017 12:54:00 PM,UNABLE TO DETERMINE,UNABLE TO DETERMINE,1221,S,MORGAN ST,1232.0,,,,,,,1,NO INDICATION OF INJURY,0.0,0.0,0.0,0.0,0.0,1.0,0.0,15,5,7,41.8664929683,-87.6508810054,POINT (-87.650881005394 41.866492968305)
24dd50c1a7c669bd9532280d31e9cbbcf709a906ebbb260aa8497138e2eb96e415b766c5997101014225220b581bdcec83bd2413445aec36d6276753e7e73120,JE197073,,07/10/2021 04:40:00 PM,35,TRAFFIC SIGNAL,FUNCTIONING PROPERLY,CLEAR,DAYLIGHT,TURNING,CENTER TURN LANE,,STRAIGHT AND LEVEL,DRY,NO DEFECTS,ON SCENE,INJURY AND / OR TOW DUE TO CRASH,Y,,,"OVER $1,500",07/10/2021 04:45:00 PM,FAILING TO YIELD RIGHT-OF-WAY,NOT APPLICABLE,3201,W,BELMONT AVE,1412.0,,,,,,,2,NONINCAPACITATING INJURY,4.0,0.0,0.0,2.0,2.0,0.0,0.0,16,7,7,41.9392210489,-87.7077146023,POINT (-87.707714602329 41.939221048898)
50905b1c0b2fd60f0fa7664c08a82d8d4df48113ea994eeef23ff5092f35d1a892519f59c1bd3331039f15d1ed9b457937d03659b5df16c8936d2c9adf54eb56,JA470169,,10/13/2017 06:30:00 PM,30,UNKNOWN,UNKNOWN,CLEAR,DAYLIGHT,REAR END,UNKNOWN,,STRAIGHT AND LEVEL,DRY,UNKNOWN,NOT ON SCENE (DESK REPORT),NO INJURY / DRIVE AWAY,,,,"$501 - $1,500",10/13/2017 07:00:00 PM,FOLLOWING TOO CLOSELY,FOLLOWING TOO CLOSELY,189,N,CENTRAL AVE,1523.0,,,,,,,2,NO INDICATION OF INJURY,0.0,0.0,0.0,0.0,0.0,2.0,0.0,18,6,10,41.8841395322,-87.7648506391,POINT (-87.764850639074 41.884139532224)
bad18ccfdc65aac5940f1e2e2ee93928aef72a2b147c1d6981ffad80dbe5cd3a42379c204ac6f26543e72f502ced7fd1b4213fa99662dfe047243d1e38d6bbde,JA527015,,11/27/2017 12:00:00 PM,30,NO CONTROLS,NO CONTROLS,CLEAR,DAYLIGHT,TURNING,OTHER,,STRAIGHT AND LEVEL,DRY,NO DEFECTS,ON SCENE,NO INJURY / DRIVE AWAY,,Y,,"OVER $1,500",11/27/2017 01:50:00 PM,IMPROPER TURNING/NO SIGNAL,NOT APPLICABLE,2303,S,WESTERN AVE,1034.0,,,,,,,2,NO INDICATION OF INJURY,0.0,0.0,0.0,0.0,0.0,2.0,0.0,12,2,11,41.8501088555,-87.6854376462,POINT (-87.685437646194 41.850108855499)
24d0b8e6a0c259ed909e66ff54dd71e9820c57d7ebaedffed396c637f6d8963f2d8c8af2fe774386968c48f6abd30a38f1e8fdfa3b6e9b807635511b8f6f74cd,JE140122,,02/12/2021 06:34:00 PM,30,NO CONTROLS,NO CONTROLS,CLEAR,"DARKNESS, LIGHTED ROAD",PARKED MOTOR VEHICLE,ONE-WAY,,STRAIGHT AND LEVEL,SNOW OR SLUSH,NO DEFECTS,ON SCENE,NO INJURY / DRIVE AWAY,,,N,"OVER $1,500",02/12/2021 06:35:00 PM,UNABLE TO DETERMINE,UNABLE TO DETERMINE,8523,S,PHILLIPS AVE,423.0,,,,,,,2,NO INDICATION OF INJURY,0.0,0.0,0.0,0.0,0.0,3.0,0.0,18,6,2,41.740133979,-87.5646965768,POINT (-87.56469657682 41.740133979029)
388a7383a63cb636c3408f0bb11b08c7f56f61c151d360066c763f52f35da4300cd9912c0d36f792b55b42aa041b90ae94ef64455f3a25f92ac9382a07ecf83d,JA486034,,10/25/2017 05:50:00 PM,30,NO CONTROLS,FUNCTIONING PROPERLY,CLEAR,DAYLIGHT,REAR END,NOT DIVIDED,,STRAIGHT AND LEVEL,DRY,NO DEFECTS,NOT ON SCENE (DESK REPORT),NO INJURY / DRIVE AWAY,,,,$500 OR LESS,10/25/2017 09:10:00 PM,UNABLE TO DETERMINE,UNABLE TO DETERMINE,3042,W,PETERSON AVE,2413.0,,,,,,,2,NO INDICATION OF INJURY,0.0,0.0,0.0,0.0,0.0,3.0,0.0,17,4,10,41.9905149685,-87.7059508652,POINT (-87.705950865207 41.990514968462)
b843e379a98b97488487f6046e595473928e5dd6ce0c9159564c5b38e50c5b7ba71dc2a283b7585b122d6c6f5a830d9dbd56d045f39961ec363b7438cc182883,HY509855,,11/21/2015 11:00:00 AM,30,NO CONTROLS,NO CONTROLS,SNOW,DAYLIGHT,SIDESWIPE OPPOSITE DIRECTION,NOT DIVIDED,4.0,STRAIGHT ON GRADE,SNOW OR SLUSH,NO DEFECTS,NOT ON SCENE (DESK REPORT),NO INJURY / DRIVE AWAY,,,,$500 OR LESS,11/21/2015 11:40:00 AM,IMPROPER LANE USAGE,FAILING TO REDUCE SPEED TO AVOID CRASH,3307,N,PULASKI RD,1732.0,,,,,,,2,NO INDICATION OF INJURY,0.0,0.0,0.0,0.0,0.0,2.0,0.0,11,7,11,41.9412491209,-87.7271025723,POINT (-87.72710257231 41.941249120859)
8212524b9ee82b999411a28e0ee6e87f637cff00951d8fe3ca1fe10862655baa3c67d9e8c4c06b5613f0353d5da93f3b9f5797addeac9a8a8d0d74c513b0e87d,JB235688,,04/24/2018 08:15:00 AM,25,STOP SIGN/FLASHER,FUNCTIONING PROPERLY,CLEAR,DAYLIGHT,REAR END,NOT DIVIDED,2.0,STRAIGHT AND LEVEL,DRY,NO DEFECTS,NOT ON SCENE (DESK REPORT),NO INJURY / DRIVE AWAY,,,,"OVER $1,500",04/24/2018 08:30:00 AM,DISTRACTION - FROM OUTSIDE VEHICLE,NOT APPLICABLE,400,W,MONTROSE HARBOR DR,1915.0,,,,,,,2,NO INDICATION OF INJURY,0.0,0.0,0.0,0.0,0.0,2.0,0.0,8,3,4,41.9601607372,-87.637712204,POINT (-87.637712203997 41.960160737199)
4320403e68ea7717b9610c0e47bb72413e53dd1d19e3ed352b4ee328e82d3e4a3b45f118d432f224cadef7a49988ebaba316ed84dad8bb7ed0614f80aed458d6,JB490020,,10/19/2018 01:00:00 PM,30,NO CONTROLS,NO CONTROLS,UNKNOWN,DAYLIGHT,REAR END,UNKNOWN,4.0,STRAIGHT AND LEVEL,UNKNOWN,UNKNOWN,NOT ON SCENE (DESK REPORT),NO INJURY / DRIVE AWAY,,,,"$501 - $1,500",10/25/2018 06:00:00 PM,UNABLE TO DETERMINE,UNABLE TO DETERMINE,625,W,HUBBARD ST,1214.0,,,,,,,2,NO INDICATION OF INJURY,0.0,0.0,0.0,0.0,0.0,2.0,0.0,13,6,10,41.8900224594,-87.6440488419,POINT (-87.644048841912 41.890022459367)
3928ce9e9ffe42d2c4fccb5e0607f60d99b25f1af334948522f70dd887dc6057fb09f2c529a6248ad9a7e4aa8a44eb1a704ca78255a192dafc0f85f5b56d6325,JB443619,,09/20/2018 07:45:00 AM,30,NO CONTROLS,NO CONTROLS,CLEAR,DAYLIGHT,PARKED MOTOR VEHICLE,PARKING LOT,,STRAIGHT AND LEVEL,DRY,NO DEFECTS,NOT ON SCENE (DESK REPORT),NO INJURY / DRIVE AWAY,,Y,,"OVER $1,500",09/20/2018 03:19:00 PM,NOT APPLICABLE,NOT APPLICABLE,6550,S,RICHMOND ST,831.0,,,,,,,2,NO INDICATION OF INJURY,0.0,0.0,0.0,0.0,0.0,2.0,0.0,7,5,9,41.7739068203,-87.6970672986,POINT (-87.697067298617 41.773906820272)
32da92d8d8ea3bd56e4ddc3875c928149d8e052c69d7dd355113a3df482a1e6c6404733bc72b569bff47734bfcbf5124ebae77028a054e62344e9b7c7282a0a5,JB383265,,08/07/2018 01:44:00 PM,35,STOP SIGN/FLASHER,FUNCTIONING PROPERLY,RAIN,DAWN,TURNING,NOT DIVIDED,2.0,STRAIGHT AND LEVEL,WET,NO DEFECTS,ON SCENE,INJURY AND / OR TOW DUE TO CRASH,,,,$500 OR LESS,08/07/2018 02:27:00 PM,EXCEEDING AUTHORIZED SPEED LIMIT,NOT APPLICABLE,4199,W,FIFTH AVE,1132.0,,,,,,,2,NONINCAPACITATING INJURY,1.0,0.0,0.0,1.0,0.0,1.0,0.0,13,3,8,41.8715605013,-87.730145758,POINT (-87.730145757998 41.871560501267)
c2ebd3bf075b64e5f5e027427484a749020b974fa7a3ad25fc16ca82164c7acf897e4e87441b23003d4a743b7ee7d796aab1a2c022de5aa02fc1e0b07a6c3234,JC280619,,05/27/2019 12:20:00 PM,25,NO CONTROLS,NO CONTROLS,CLEAR,DAYLIGHT,HEAD ON,NOT DIVIDED,,STRAIGHT AND LEVEL,DRY,NO DEFECTS,NOT ON SCENE (DESK REPORT),NO INJURY / DRIVE AWAY,,,Y,"OVER $1,500",05/27/2019 01:10:00 PM,IMPROPER OVERTAKING/PASSING,NOT APPLICABLE,4650,S,HAMLIN AVE,821.0,,,,,,,2,NO INDICATION OF INJURY,0.0,0.0,0.0,0.0,0.0,3.0,0.0,12,2,5,41.8082273335,-87.718878687,POINT (-87.718878687004 41.808227333536)
201395ecddc024fe65db9407609df7c40974f83e4be068dbc9d6cfe52ea5539ae73f13a3ef1d7ffb83194feafb43e88196e0e1c97a4b4726a81ea5a55854520e,JD278649,,06/28/2020 02:45:00 AM,25,TRAFFIC SIGNAL,FUNCTIONING PROPERLY,CLEAR,"DARKNESS, LIGHTED ROAD",TURNING,NOT DIVIDED,,STRAIGHT AND LEVEL,DRY,NO DEFECTS,ON SCENE,INJURY AND / OR TOW DUE TO CRASH,Y,,Y,"OVER $1,500",06/28/2020 02:45:00 AM,UNABLE TO DETERMINE,NOT APPLICABLE,4400,W,ROOSEVELT RD,1131.0,,,,,,,3,NO INDICATION OF INJURY,0.0,0.0,0.0,0.0,0.0,6.0,0.0,2,1,6,41.8661408676,-87.7350895601,POINT (-87.735089560082 41.866140867642)
5a1c6b7038d4c0988bf891baade04a727d5145a65298a13ffe52abc6e1e283e8674884b80b7ee3ea42f08c8abceb0486641fe7ee029c6b31426f2c726e4133d7,JA268643,,05/18/2017 08:05:00 AM,25,NO CONTROLS,NO CONTROLS,CLEAR,DAYLIGHT,ANGLE,ONE-WAY,1.0,STRAIGHT AND LEVEL,DRY,NO DEFECTS,NOT ON SCENE (DESK REPORT),NO INJURY / DRIVE AWAY,,,,"OVER $1,500",05/18/2017 08:25:00 AM,FAILING TO YIELD RIGHT-OF-WAY,NOT APPLICABLE,5441,W,GIDDINGS ST,1623.0,,,,,,,2,NO INDICATION OF INJURY,0.0,0.0,0.0,0.0,0.0,3.0,0.0,8,5,5,41.9663435311,-87.764210132,POINT (-87.764210132009 41.966343531061)
38caa7cffb3dcf9ca637911883bbc9f33232cb91936cd422ca013ade714fbcd1c94709edbf2aa3e55f05a66d41f659e6dff7766d0a40d3a3f71fc17e75c69d98,JC396530,,08/17/2019 04:45:00 PM,30,NO CONTROLS,NO CONTROLS,CLEAR,DAYLIGHT,REAR END,NOT DIVIDED,,STRAIGHT AND LEVEL,UNKNOWN,UNKNOWN,ON SCENE,NO INJURY / DRIVE AWAY,,,Y,"OVER $1,500",08/17/2019 04:54:00 PM,FOLLOWING TOO CLOSELY,NOT APPLICABLE,300,E,MARQUETTE RD,322.0,,,,,,,2,NO INDICATION OF INJURY,0.0,0.0,0.0,0.0,0.0,3.0,0.0,16,7,8,41.7730209526,-87.6186397772,POINT (-87.618639777241 41.773020952557)
ce9165a6e3563c8c1bcf8725adc5f6cb16d5e86d55fcea2edf36c2a67a4dc783a8bc12539880bd75d330fe69e0e7811ffb651351c89f21e561c55ceef53ba6ce,JE425662,,10/28/2021 04:10:00 PM,35,NO CONTROLS,NO CONTROLS,RAIN,DAYLIGHT,REAR END,NOT DIVIDED,,STRAIGHT AND LEVEL,WET,NO DEFECTS,ON SCENE,INJURY AND / OR TOW DUE TO CRASH,Y,,Y,"$501 - $1,500",10/28/2021 04:11:00 PM,FOLLOWING TOO CLOSELY,WEATHER,333,E,79TH ST,623.0,,,,,,,2,NONINCAPACITATING INJURY,1.0,0.0,0.0,1.0,0.0,1.0,0.0,16,5,10,41.7509773491,-87.6167007381,POINT (-87.616700738095 41.750977349064)