CRASH_RECORD_ID,RD_NO,CRASH_DATE_EST_I,CRASH_DATE,POSTED_SPEED_LIMIT,TRAFFIC_CONTROL_DEVICE,DEVICE_CONDITION,WEATHER_CONDITION,LIGHTING_CONDITION,FIRST_CRASH_TYPE,TRAFFICWAY_TYPE,LANE_CNT,ALIGNMENT,ROADWAY_SURFACE_COND,ROAD_DEFECT,REPORT_TYPE,CRASH_TYPE,INTERSECTION_RELATED_I,NOT_RIGHT_OF_WAY_I,HIT_AND_RUN_I,DAMAGE,DATE_POLICE_NOTIFIED,PRIM_CONTRIBUTORY_CAUSE,SEC_CONTRIBUTORY_CAUSE,STREET_NO,STREET_DIRECTION,STREET_NAME,BEAT_OF_OCCURRENCE,PHOTOS_TAKEN_I,STATEMENTS_TAKEN_I,DOORING_I,WORK_ZONE_I,WORK_ZONE_TYPE,WORKERS_PRESENT_I,NUM_UNITS,MOST_SEVERE_INJURY,INJURIES_TOTAL,INJURIES_FATAL,INJURIES_INCAPACITATING,INJURIES_NON_INCAPACITATING,INJURIES_REPORTED_NOT_EVIDENT,INJURIES_NO_INDICATION,INJURIES_UNKNOWN,CRASH_HOUR,CRASH_DAY_OF_WEEK,CRASH_MONTH,LATITUDE,LONGITUDE,LOCATION
23d799729d0dd98ae9bf3f2351e4c1e55467457193b07b0e8185fc49fb4766ed7eceaaef3923364c125103c7fc820ec4b9cefe382a5e6ebcdbca9cbb2127707c,JC174541,,03/05/2019 02:45:00 PM,30,NO CONTROLS,NO CONTROLS,CLEAR,DAYLIGHT,SIDESWIPE SAME DIRECTION,DIVIDED - W/MEDIAN (NOT RAISED),,STRAIGHT AND LEVEL,DRY,NO DEFECTS,NOT ON SCENE (DESK REPORT),NO INJURY / DRIVE AWAY,,,,"OVER $1,500",03/05/2019 03:39:00 PM,FOLLOWING TOO CLOSELY,NOT APPLICABLE,8301,S,CICERO AVE,834.0,,,,,,,2,NO INDICATION OF INJURY,0.0,0.0,0.0,0.0,0.0,2.0,0.0,14,3,3,41.741803599,-87.740953582,POINT (-87.740953581987 41.741803598989)
7c63f2a65bc79a4beec111bc090a0037fda6700c6c75512b4dfac04e8a5cca4156ad585c3a79847e1d19af2d8c4fcd376051543185b1e07eba57b8b355189787,JA349889,,07/16/2017 12:30:00 AM,25,OTHER,OTHER,CLEAR,DARKNESS,PARKED MOTOR VEHICLE,DIVIDED - W/MEDIAN (NOT RAISED),2.0,STRAIGHT AND LEVEL,DRY,UNKNOWN,NOT ON SCENE (DESK REPORT),NO INJURY / DRIVE AWAY,,,,"$501 - $1,500",07/16/2017 12:49:00 AM,UNABLE TO DETERMINE,UNABLE TO DETERMINE,3702,N,SHEFFIELD AVE,1923.0,,,,,,,2,NO INDICATION OF INJURY,0.0,0.0,0.0,0.0,0.0,2.0,0.0,0,1,7,41.9492001416,-87.6545358701,POINT (-87.654535870105 41.949200141629)
9c232caaea513f2291d4515f9f9ae9ab8ed755a2afa47cfe9e1106c76b12f6d3bafa6de72395112b622dd17a556debe25204477eaca5123050b299f69a1ddccc,JB107446,,01/07/2018 09:00:00 AM,30,NO CONTROLS,NO CONTROLS,CLEAR,DAYLIGHT,SIDESWIPE SAME DIRECTION,NOT DIVIDED,,STRAIGHT AND LEVEL,DRY,NO DEFECTS,NOT ON SCENE (DESK REPORT),NO INJURY / DRIVE AWAY,,,,$500 OR LESS,01/07/2018 10:10:00 AM,FAILING TO YIELD RIGHT-OF-WAY,UNABLE TO DETERMINE,45,E,DELAWARE PL,1833.0,,,,,,,2,NO INDICATION OF INJURY,0.0,0.0,0.0,0.0,0.0,2.0,0.0,9,1,1,41.8990589945,-87.6266961362,POINT (-87.626696136194 41.899058994466)
1b18fd18e474b2c5820af4f28beb80167c224b4e3a06183013ad5850b2fbf287502c3cbcedda5b164572026c4f17bec36b7eb3651e48bee45bc5fa9ce457eccc,JB363311,,07/24/2018 01:30:00 PM,30,NO CONTROLS,NO CONTROLS,CLEAR,DAYLIGHT,SIDESWIPE SAME DIRECTION,NOT DIVIDED,,STRAIGHT AND LEVEL,DRY,NO DEFECTS,NOT ON SCENE (DESK REPORT),NO INJURY / DRIVE AWAY,,,,$500 OR LESS,07/24/2018 03:00:00 PM,IMPROPER OVERTAKING/PASSING,NOT APPLICABLE,1300,S,ASHLAND AVE,1233.0,,,,,,,2,NO INDICATION OF INJURY,0.0,0.0,0.0,0.0,0.0,3.0,0.0,13,3,7,41.8650333213,-87.6664874934,POINT (-87.666487493356 41.865033321293)
c8314dc6fbae9d27e50a402c8ef4694361173e33dd0e77c0cbae8bbee615b2e98215c581d0e890a6d57af64a867abac97a5d1ac3103b8f0c6990e4d67177bf48,JG142568,,02/05/2023 11:40:00 AM,30,NO CONTROLS,NO CONTROLS,CLEAR,DAYLIGHT,TURNING,NOT DIVIDED,,STRAIGHT AND LEVEL,DRY,NO DEFECTS,NOT ON SCENE (DESK REPORT),NO INJURY / DRIVE AWAY,,,,"OVER $1,500",02/06/2023 11:40:00 AM,IMPROPER TURNING/NO SIGNAL,NOT APPLICABLE,9700,S,HALSTED ST,2223.0,,,,,,,2,NO INDICATION OF INJURY,0.0,0.0,0.0,0.0,0.0,2.0,0.0,11,1,2,41.7175374349,-87.64325162,POINT (-87.643251620045 41.717537434869)
bc818e9520a8b649647af4b3355c42619d1bcc05f59a0eddcd51213564450db3e2502803eb7dc5cb677aba1e9d26076df48804ecc0b4407ad5494ce971056066,JB366588,,07/26/2018 04:45:00 PM,30,STOP SIGN/FLASHER,NO CONTROLS,CLEAR,DAYLIGHT,REAR END,NOT DIVIDED,,STRAIGHT AND LEVEL,DRY,NO DEFECTS,NOT ON SCENE (DESK REPORT),NO INJURY / DRIVE AWAY,,,,$500 OR LESS,07/26/2018 06:55:00 PM,UNABLE TO DETERMINE,NOT APPLICABLE,1300,N,CALIFORNIA AVE,1423.0,,,,,,,2,NO INDICATION OF INJURY,0.0,0.0,0.0,0.0,0.0,2.0,0.0,16,5,7,41.9047955554,-87.6970730444,POINT (-87.697073044414 41.904795555353)
3c708405b2f0c81cf109028edd2fb7a4dda6e9852f438f5791ad0cc0e3616796605d0e8ffd722e73f0fe38831a5e2496992a8f3ef74b9406e69246e650848c7f,JE220162,,05/05/2021 09:00:00 AM,30,NO CONTROLS,NO CONTROLS,CLEAR,DAYLIGHT,SIDESWIPE SAME DIRECTION,NOT DIVIDED,,STRAIGHT AND LEVEL,DRY,NO DEFECTS,,NO INJURY / DRIVE AWAY,,,,"OVER $1,500",05/05/2021 09:30:00 AM,IMPROPER LANE USAGE,IMPROPER LANE USAGE,7170,N,WESTERN AVE,2411.0,,,,,,,2,NO INDICATION OF INJURY,0.0,0.0,0.0,0.0,0.0,2.0,0.0,9,4,5,42.0122348053,-87.6903940418,POINT (-87.69039404184 42.012234805256)
78c4a3249260f8f010ee613aa60e124809b3d6b57db3ac5db565bef6402ae7744a0021566348468f124a7b97d404e7dac5f02e2ff879f28b6a090a7f4b4407e8,JF221366,,04/26/2022 11:55:00 PM,30,TRAFFIC SIGNAL,FUNCTIONING PROPERLY,CLEAR,"DARKNESS, LIGHTED ROAD",TURNING,FOUR WAY,,STRAIGHT AND LEVEL,DRY,UNKNOWN,ON SCENE,NO INJURY / DRIVE AWAY,Y,,,"OVER $1,500",04/26/2022 11:56:00 PM,UNABLE TO DETERMINE,UNABLE TO DETERMINE,6300,S,CENTRAL AVE,812.0,,,,,,,2,NO INDICATION OF INJURY,0.0,0.0,0.0,0.0,0.0,3.0,0.0,23,3,4,41.7780045905,-87.7618593547,POINT (-87.761859354734 41.778004590539)
79961eb1b60ca37ff6c16011c77c28a1550bd23d44789fbfc9487be1aa0e12c05403bd1873addca5ebd7b6769144a53a7a1465399ddb8ea85452fcf54aed67ac,JA470573,,10/14/2017 02:15:00 AM,30,TRAFFIC SIGNAL,FUNCTIONING PROPERLY,CLEAR,"DARKNESS, LIGHTED ROAD",REAR END,DIVIDED - W/MEDIAN BARRIER,4.0,STRAIGHT AND LEVEL,DRY,NO DEFECTS,ON SCENE,NO INJURY / DRIVE AWAY,N,,,"$501 - $1,500",10/14/2017 02:22:00 AM,UNABLE TO DETERMINE,UNABLE TO DETERMINE,9858,S,HALSTED ST,2232.0,,,,,,,2,NO INDICATION OF INJURY,0.0,0.0,0.0,0.0,0.0,2.0,0.0,2,7,10,41.714503915,-87.6431612902,POINT (-87.643161290197 41.714503914994)
00157ef02e28307e2b84f94bbccdb398dc823a825e9de93297d7fc3db32eb2ff6358633d00be439dbc7158d2151fd81fd028ff81c5a09cb6bd879b4f9a986e46,JE425708,,10/28/2021 04:30:00 PM,30,TRAFFIC SIGNAL,FUNCTIONING PROPERLY,RAIN,DAYLIGHT,PEDESTRIAN,FOUR WAY,,STRAIGHT AND LEVEL,WET,NO DEFECTS,ON SCENE,INJURY AND / OR TOW DUE TO CRASH,Y,,Y,$500 OR LESS,10/28/2021 04:40:00 PM,DISREGARDING TRAFFIC SIGNALS,UNABLE TO DETERMINE,1359,W,69TH ST,734.0,,,,,,,2,NONINCAPACITATING INJURY,1.0,0.0,0.0,1.0,0.0,1.0,0.0,16,5,10,41.768513523,-87.6590017986,POINT (-87.65900179865 41.768513522995)
22ca64d1395a73dc48ab97397251cce63d4ccb340b959369e7540233276e88069ebf2374d455a182fadc3210faa84c2b147c04327a9ffc0a9d79a6d6a3de31b0,JC413059,,08/30/2019 08:50:00 AM,15,NO CONTROLS,NO CONTROLS,CLEAR,DAYLIGHT,OTHER OBJECT,ONE-WAY,,STRAIGHT AND LEVEL,DRY,NO DEFECTS,ON SCENE,NO INJURY / DRIVE AWAY,,,,"$501 - $1,500",08/30/2019 08:55:00 AM,FAILING TO REDUCE SPEED TO AVOID CRASH,NOT APPLICABLE,4520,N,AVERS AVE,1723.0,,,,,,,2,NO INDICATION OF INJURY,0.0,0.0,0.0,0.0,0.0,1.0,0.0,8,6,8,41.9634786419,-87.7243767863,POINT (-87.724376786258 41.963478641888)
0ae5e26c922cd0413cbe2a4dfda3ccc761dcf8843615ecf3d3b2f2da49c74ee1964dc94a64faf014305ec3a102faedbf8c1c6813f5f4ae26c2fe190c46019c43,HZ376938,,08/03/2016 05:40:00 PM,30,NO CONTROLS,NO CONTROLS,CLEAR,DAYLIGHT,ANGLE,ALLEY,,STRAIGHT AND LEVEL,DRY,NO DEFECTS,NOT ON SCENE (DESK REPORT),NO INJURY / DRIVE AWAY,,,,$500 OR LESS,08/03/2016 06:22:00 PM,FAILING TO YIELD RIGHT-OF-WAY,DRIVING SKILLS/KNOWLEDGE/EXPERIENCE,1215,W,74TH ST,734.0,,,,,,,2,NO INDICATION OF INJURY,0.0,0.0,0.0,0.0,0.0,2.0,0.0,17,4,8,41.7594750621,-87.6546405974,POINT (-87.654640597429 41.759475062103)
0139db06bb94ed2e7f9496af9b84fd3eb3ad1ff9b0c5b9279ceb07ecd650675b33a4fafc24c1e2a9cff80b9fa2e9be0a973ca2f1e2fe93a79ece67402a20c5d9,JF201379,Y,04/07/2022 07:00:00 PM,20,NO CONTROLS,NO CONTROLS,UNKNOWN,UNKNOWN,PARKED MOTOR VEHICLE,NOT DIVIDED,,STRAIGHT AND LEVEL,UNKNOWN,NO DEFECTS,NOT ON SCENE (DESK REPORT),NO INJURY / DRIVE AWAY,,,Y,"OVER $1,500",04/08/2022 11:30:00 AM,UNABLE TO DETERMINE,UNABLE TO DETERMINE,2400,W,WARNER AVE,1911.0,,,,,,,2,NO INDICATION OF INJURY,0.0,0.0,0.0,0.0,0.0,1.0,0.0,19,5,4,41.9568649179,-87.6886706907,POINT (-87.688670690707 41.956864917865)
26e7eb357f312d99c0191eafc907c1d2ea7a4c4dc362b1fddcf41ab727ff5206dd53301e0fce9d0d8fb62e2d7ce0d60b12fa65a4fe5e7938095300e9291ac8ca,JE374080,,09/15/2021 06:50:00 AM,30,STOP SIGN/FLASHER,NO CONTROLS,CLEAR,DAYLIGHT,ANGLE,ONE-WAY,,STRAIGHT AND LEVEL,DRY,NO DEFECTS,ON SCENE,INJURY AND / OR TOW DUE TO CRASH,,,,"OVER $1,500",09/15/2021 07:00:00 AM,DISREGARDING STOP SIGN,DISREGARDING STOP SIGN,7700,S,WABASH AVE,623.0,,,,,,,2,"REPORTED, NOT EVIDENT",3.0,0.0,0.0,0.0,3.0,1.0,0.0,6,4,9,41.7545280564,-87.6232185645,POINT (-87.623218564461 41.75452805635)
489eea4cdc1768b333152162c661d626d957446112244f9d272194db8e80f78fd8e057c89bd77ba899af6d3dc1246697f6e977fab7fec266dc1c2224b071f219,JA303274,,06/11/2017 07:00:00 PM,30,NO CONTROLS,NO CONTROLS,CLEAR,DARKNESS,SIDESWIPE SAME DIRECTION,NOT DIVIDED,4.0,STRAIGHT AND LEVEL,DRY,NO DEFECTS,NOT ON SCENE (DESK REPORT),NO INJURY / DRIVE AWAY,,,,"$501 - $1,500",06/12/2017 09:53:00 AM,IMPROPER OVERTAKING/PASSING,UNABLE TO DETERMINE,6656,W,ARCHER AVE,811.0,,,,,,,2,NO INDICATION OF INJURY,0.0,0.0,0.0,0.0,0.0,2.0,0.0,19,1,6,41.7923154759,-87.7889906878,POINT (-87.78899068775 41.792315475933)
b48489f5e9148ccebf296751dc2d97474fdb3ff609ea57e1c7c3cc1ea30f07897eab17f8c6d041c382a74cfaab4aa35487aec3190ad49d6c567161e9c6877413,JD466385,,12/22/2020 12:49:00 PM,30,NO CONTROLS,NO CONTROLS,CLEAR,DAYLIGHT,REAR END,NOT DIVIDED,,STRAIGHT AND LEVEL,DRY,NO DEFECTS,NOT ON SCENE (DESK REPORT),NO INJURY / DRIVE AWAY,,,,"OVER $1,500",12/22/2020 01:38:00 PM,IMPROPER TURNING/NO SIGNAL,UNABLE TO DETERMINE,1200,W,CHICAGO AVE,1213.0,,,,,,,2,NO INDICATION OF INJURY,0.0,0.0,0.0,0.0,0.0,4.0,0.0,12,3,12,41.8963373621,-87.6575327607,POINT (-87.657532760739 41.896337362079)
ffd1b4a12ab5d359d165b544b2f45ea1f7ff2e766b5109b9d56a70d6772aec97f08c85dcb7c69388cf7bcb5d48211d3e5bf0e557eba7bad64d94f807b8fc73fe,JE225854,,05/10/2021 04:30:00 PM,30,TRAFFIC SIGNAL,FUNCTIONING PROPERLY,CLEAR,DAYLIGHT,SIDESWIPE SAME DIRECTION,NOT DIVIDED,,STRAIGHT AND LEVEL,DRY,NO DEFECTS,NOT ON SCENE (DESK REPORT),NO INJURY / DRIVE AWAY,,,Y,"OVER $1,500",05/10/2021 04:30:00 PM,IMPROPER OVERTAKING/PASSING,"OPERATING VEHICLE IN ERRATIC, RECKLESS, CARELESS, NEGLIGENT OR AGGRESSIVE MANNER",600,E,71ST ST,322.0,,,,,,,2,NO INDICATION OF INJURY,0.0,0.0,0.0,0.0,0.0,2.0,0.0,16,2,5,41.765904596,-87.6103710934,POINT (-87.610371093416 41.765904595979)
b1a02c7b67667e7c6a14807a30cace7939cba34b5ee4c28073b0fe5cff37eca6942f34062d261e0fc00239077084808a82c05708976a77a03e47dc408e3e98cd,JC273639,,05/22/2019 12:05:00 PM,20,NO CONTROLS,NO CONTROLS,CLEAR,DAYLIGHT,PARKED MOTOR VEHICLE,ONE-WAY,,STRAIGHT AND LEVEL,DRY,NO DEFECTS,ON SCENE,NO INJURY / DRIVE AWAY,,,,"OVER $1,500",05/22/2019 12:13:00 PM,UNABLE TO DETERMINE,UNABLE TO DETERMINE,7220,S,FAIRFIELD AVE,831.0,,,,,,,2,NO INDICATION OF INJURY,0.0,0.0,0.0,0.0,0.0,1.0,0.0,12,4,5,41.7620771894,-87.6918825201,POINT (-87.691882520104 41.762077189391)
b69c6e4324a763d86b1434352fe45821aa64efd53e2e3b3dc5e87b77eb7f37e2c2c1a6b695609f363af853e65e0d644dde762e2f1418304ac6a4cda167ca2e32,JG272217,,05/23/2023 04:19:00 PM,20,TRAFFIC SIGNAL,FUNCTIONING PROPERLY,CLEAR,DAYLIGHT,REAR END,DIVIDED - W/MEDIAN (NOT RAISED),,STRAIGHT AND LEVEL,DRY,NO DEFECTS,ON SCENE,NO INJURY / DRIVE AWAY,,,,"OVER $1,500",05/23/2023 04:26:00 PM,FAILING TO REDUCE SPEED TO AVOID CRASH,FAILING TO REDUCE SPEED TO AVOID CRASH,47,E,ROOSEVELT RD,131.0,,,,,,,3,NO INDICATION OF INJURY,0.0,0.0,0.0,0.0,0.0,5.0,0.0,16,3,5,41.8673234823,-87.6256534473,POINT (-87.625653447348 41.867323482267)
e09525b30447920d4e368d2b8b0a9cabf03ab0fce48d85ff5303e3fa44ece39e0096e0b70e29c28db712c80acd8b9684863fff05560620302c8f3e40f510ff8e,JC546694,,12/14/2019 01:00:00 PM,30,TRAFFIC SIGNAL,FUNCTIONING PROPERLY,CLEAR,DAYLIGHT,TURNING,DIVIDED - W/MEDIAN BARRIER,,STRAIGHT AND LEVEL,WET,NO DEFECTS,ON SCENE,INJURY AND / OR TOW DUE TO CRASH,Y,,,"$501 - $1,500",12/14/2019 01:00:00 PM,FAILING TO YIELD RIGHT-OF-WAY,FAILING TO YIELD RIGHT-OF-WAY,8702,S,HALSTED ST,2223.0,,,,,,,2,NO INDICATION OF INJURY,0.0,0.0,0.0,0.0,0.0,2.0,0.0,13,7,12,41.7357293922,-87.6437569309,POINT (-87.643756930864 41.735729392227)
222e4032075ac9f01d64f46fff893d0de12179bf6f8901b8d656b8dd07add0ff2b19fc00c9c110284f16c2ffdb6387cad1b2e16226134830e63488029d50f3d0,JD244500,,05/17/2020 04:00:00 PM,10,NO CONTROLS,NO CONTROLS,CLEAR,DAYLIGHT,PARKED MOTOR VEHICLE,PARKING LOT,,STRAIGHT AND LEVEL,DRY,UNKNOWN,NOT ON SCENE (DESK REPORT),NO INJURY / DRIVE AWAY,,,Y,"$501 - $1,500",05/27/2020 02:45:00 PM,UNABLE TO DETERMINE,UNABLE TO DETERMINE,13042,S,DR MARTIN LUTHER KING JR DR,533.0,,,,,,,2,NO INDICATION OF INJURY,0.0,0.0,0.0,0.0,0.0,1.0,0.0,16,1,5,41.6576419689,-87.6135248145,POINT (-87.613524814455 41.657641968933)
fa41e0a39a911237db46b231e9a8db4e271485f5074e1ab67d8d5e9b056db5ef24c6bde79469148a5205ca5216c6cd0312cc88a9806201983c095e7bbc63e8e3,JE265926,,06/14/2021 03:45:00 PM,30,NO CONTROLS,NO CONTROLS,CLEAR,DAYLIGHT,ANGLE,DIVIDED - W/MEDIAN (NOT RAISED),,STRAIGHT AND LEVEL,DRY,UNKNOWN,NOT ON SCENE (DESK REPORT),NO INJURY / DRIVE AWAY,,,Y,$500 OR LESS,06/14/2021 05:20:00 PM,DRIVING SKILLS/KNOWLEDGE/EXPERIENCE,NOT APPLICABLE,3968,W,WASHINGTON BLVD,1122.0,,,,,,,2,NO INDICATION OF INJURY,0.0,0.0,0.0,0.0,0.0,2.0,0.0,15,2,6,41.8820291657,-87.7255609262,POINT (-87.72556092623 41.882029165685)
381da8c387d52edd4fd77f3ec2e57053cf226b08da7f0c509c8a81dd67c524a97aae512c841a430a80e12cb77f14f1d6f4cf40131cc609c2cc3e25a25dbc83f9,JG299364,Y,06/12/2023 12:00:00 PM,30,STOP SIGN/FLASHER,NO CONTROLS,CLEAR,DAYLIGHT,TURNING,T-INTERSECTION,,STRAIGHT AND LEVEL,DRY,NO DEFECTS,,NO INJURY / DRIVE AWAY,,,,"OVER $1,500",06/13/2023 12:45:00 PM,FAILING TO YIELD RIGHT-OF-WAY,NOT APPLICABLE,9700,S,AVENUE L,432.0,,,,,,,2,NO INDICATION OF INJURY,0.0,0.0,0.0,0.0,0.0,4.0,0.0,12,2,6,41.7194387747,-87.5366417862,POINT (-87.536641786212 41.719438774685)
de929757d962710535fde9b95ad9452f5ef1e517db246da3283c75a5e16a587399ba947d4b59d390faed3e16fd012d7fbaa04c95c82573226c672946c745ad24,JD368284,,09/15/2020 05:53:00 PM,35,STOP SIGN/FLASHER,FUNCTIONING PROPERLY,CLEAR,DAYLIGHT,PEDALCYCLIST,NOT DIVIDED,,STRAIGHT AND LEVEL,DRY,NO DEFECTS,ON SCENE,INJURY AND / OR TOW DUE TO CRASH,,,,$500 OR LESS,09/15/2020 05:57:00 PM,IMPROPER TURNING/NO SIGNAL,UNABLE TO DETERMINE,899,N,HALSTED ST,1822.0,,,,,,,2,NONINCAPACITATING INJURY,1.0,0.0,0.0,1.0,0.0,1.0,0.0,17,3,9,41.8989550258,-87.6477259394,POINT (-87.6477259394 41.898955025791)
74063bfc07f64732f74743d54ac38fe03739b097cd978ed3387789ff32679813b514934257c014206bbc23d1cfcc30d97bebfbf2bd91012410d17e6ac635c960,JF351338,,08/09/2022 05:00:00 PM,30,NO CONTROLS,NO CONTROLS,CLEAR,DAYLIGHT,TURNING,NOT DIVIDED,,STRAIGHT AND LEVEL,DRY,NO DEFECTS,NOT ON SCENE (DESK REPORT),NO INJURY / DRIVE AWAY,,,,"OVER $1,500",08/10/2022 10:18:00 AM,UNABLE TO DETERMINE,UNABLE TO DETERMINE,1440,S,LAKE SHORE DR W,132.0,,,,,,,2,NO INDICATION OF INJURY,0.0,0.0,0.0,0.0,0.0,2.0,0.0,17,3,8,41.8630120296,-87.6190130679,POINT (-87.619013067921 41.863012029587)
0929187a3f774a457d629f3554a683315fb8a3150cf2825ef46e8b08ea90edfa796db915920362b4b784354fa0b1671fcaa69ac6ba9fdc216fb1fbbc7c0aeee3,JG314426,,06/24/2023 05:18:00 PM,30,TRAFFIC SIGNAL,FUNCTIONING PROPERLY,CLEAR,DAYLIGHT,TURNING,FOUR WAY,,STRAIGHT AND LEVEL,DRY,UNKNOWN,ON SCENE,INJURY AND / OR TOW DUE TO CRASH,,,,"OVER $1,500",06/24/2023 05:19:00 PM,UNABLE TO DETERMINE,UNABLE TO DETERMINE,9220,S,EXCHANGE AVE,423.0,,,,,,,2,NO INDICATION OF INJURY,0.0,0.0,0.0,0.0,0.0,2.0,0.0,17,7,6,41.727576973,-87.552936347,POINT (-87.552936347021 41.727576973024)
f01533e9bf763023066ee4ecd196e3330e022d4cf5fd1a213560663129eb9e04dca745ebc86f852c963f505d44f48fb92948d303bab4463ad50dd4395bec1cb2,JF384415,,09/05/2022 06:25:00 PM,30,NO CONTROLS,NO CONTROLS,CLEAR,DUSK,PARKED MOTOR VEHICLE,ONE-WAY,,STRAIGHT AND LEVEL,DRY,NO DEFECTS,ON SCENE,NO INJURY / DRIVE AWAY,,,Y,"$501 - $1,500",09/05/2022 06:33:00 PM,UNABLE TO DETERMINE,UNABLE TO DETERMINE,5436,S,SACRAMENTO AVE,923.0,,,,,,,2,NO INDICATION OF INJURY,0.0,0.0,0.0,0.0,0.0,1.0,0.0,18,2,9,41.7943409929,-87.6988443733,POINT (-87.698844373302 41.79434099293)
f2d499b5d8c3227453e7dd0b7c089bf955b96a594fe163dc2e96132c7cc4648d7763e6479bb2618b7aab6bfd3d81db7daead6d9bd37d9b80dec598a1f9bbce97,JE427480,,10/30/2021 03:30:00 AM,30,NO CONTROLS,NO CONTROLS,RAIN,"DARKNESS, LIGHTED ROAD",PARKED MOTOR VEHICLE,NOT DIVIDED,,STRAIGHT AND LEVEL,WET,NO DEFECTS,ON SCENE,INJURY AND / OR TOW DUE TO CRASH,,,,"OVER $1,500",10/30/2021 03:36:00 AM,FAILING TO REDUCE SPEED TO AVOID CRASH,WEATHER,20,E,CEDAR ST,1824.0,,,,,,,2,NONINCAPACITATING INJURY,1.0,0.0,0.0,1.0,0.0,0.0,0.0,3,7,10,41.9024957615,-87.6274759855,POINT (-87.627475985487 41.902495761493)
6a2f6288e696ec1f45ab1448d7c5a1dd7b6545286c05a9aba6b371276b97155ad456d055e646461fc68338d9dd5ad2e00f6be9c02ccfd74c6452a51b89895590,JB116761,,01/15/2018 11:15:00 AM,30,TRAFFIC SIGNAL,FUNCTIONING PROPERLY,SNOW,DAYLIGHT,ANGLE,NOT DIVIDED,,STRAIGHT AND LEVEL,SNOW OR SLUSH,NO DEFECTS,NOT ON SCENE (DESK REPORT),NO INJURY / DRIVE AWAY,,,,"OVER $1,500",01/15/2018 11:30:00 AM,WEATHER,NOT APPLICABLE,11100,S,HAMLET AVE,2234.0,,,,,,,2,NO INDICATION OF INJURY,0.0,0.0,0.0,0.0,0.0,2.0,0.0,11,2,1,41.692112887,-87.6598989521,POINT (-87.659898952054 41.692112887026)
7b931f6ded9e4cd96e744163157435f1f427c844190e20cf4b3b2122580a2a301d812d03bec4109c30152903b81e383983449a3b8a4a3140855d5659a50e404c,JF145680,,02/15/2022 08:15:00 PM,30,STOP SIGN/FLASHER,FUNCTIONING PROPERLY,CLEAR,"DARKNESS, LIGHTED ROAD",ANGLE,NOT DIVIDED,,STRAIGHT AND LEVEL,DRY,NO DEFECTS,ON SCENE,INJURY AND / OR TOW DUE TO CRASH,Y,,,"OVER $1,500",02/15/2022 08:20:00 PM,FAILING TO YIELD RIGHT-OF-WAY,UNABLE TO DETERMINE,3300,N,OAK PARK AVE,1632.0,,,,,,,2,NO INDICATION OF INJURY,0.0,0.0,0.0,0.0,0.0,2.0,0.0,20,3,2,41.9400696913,-87.7959199644,POINT (-87.795919964422 41.940069691315)
5eb961653101c37f5e7d33d9dd78009ee47e7f4e41cc721f335419dc0d95d66548c5dc18454028eca89e929586be0ff25bb024cf6d56da92801dd5ff9b8741e1,JF192698,,03/31/2022 03:43:00 PM,30,NO CONTROLS,NO CONTROLS,RAIN,DAYLIGHT,SIDESWIPE SAME DIRECTION,DIVIDED - W/MEDIAN (NOT RAISED),,STRAIGHT AND LEVEL,WET,NO DEFECTS,ON SCENE,NO INJURY / DRIVE AWAY,,,Y,"OVER $1,500",03/31/2022 03:45:00 PM,IMPROPER LANE USAGE,NOT APPLICABLE,3341,N,ELSTON AVE,1733.0,,,,,,,2,NO INDICATION OF INJURY,0.0,0.0,0.0,0.0,0.0,5.0,0.0,15,5,3,41.9422353848,-87.7022400228,POINT (-87.702240022807 41.942235384784)
3ecf248da99b85a80782e207b57976798016c1c426f65232d17f9764935ccfcccf5c9426ddf193242edf9d87eefb2e3932ce396a12b323be5849da950edbc8cd,JB350659,,07/15/2018 12:10:00 PM,30,NO CONTROLS,NO CONTROLS,CLEAR,DAYLIGHT,PARKED MOTOR VEHICLE,NOT DIVIDED,1.0,STRAIGHT AND LEVEL,DRY,NO DEFECTS,ON SCENE,NO INJURY / DRIVE AWAY,,,,"$501 - $1,500",07/15/2018 12:13:00 PM,UNABLE TO DETERMINE,NOT APPLICABLE,3827,N,PLAINFIELD AVE,1631.0,,,,,,,2,NO INDICATION OF INJURY,0.0,0.0,0.0,0.0,0.0,1.0,0.0,12,1,7,41.949289074,-87.8340039255,POINT (-87.834003925468 41.949289074013)
8224d70660e44b820f5b66a3d843e30446128336a17946ce37e318998ef615f9b7fa1e5b7c2c2d684a1bc3538625c5be3e7bc71cc69da24ff563301edca99213,JC172612,,03/03/2019 07:10:00 PM,45,NO CONTROLS,NO CONTROLS,CLEAR,"DARKNESS, LIGHTED ROAD",SIDESWIPE SAME DIRECTION,DIVIDED - W/MEDIAN BARRIER,4.0,"CURVE, LEVEL",DRY,NO DEFECTS,ON SCENE,INJURY AND / OR TOW DUE TO CRASH,,,,"OVER $1,500",03/03/2019 07:12:00 PM,DRIVING SKILLS/KNOWLEDGE/EXPERIENCE,UNABLE TO DETERMINE,5300,S,LAKE SHORE DR SB,234.0,,,,,,,2,"REPORTED, NOT EVIDENT",1.0,0.0,0.0,0.0,1.0,3.0,0.0,19,1,3,41.7995693995,-87.5815490603,POINT (-87.581549060329 41.7995693995)