CRASH_RECORD_ID,RD_NO,CRASH_DATE_EST_I,CRASH_DATE,POSTED_SPEED_LIMIT,TRAFFIC_CONTROL_DEVICE,DEVICE_CONDITION,WEATHER_CONDITION,LIGHTING_CONDITION,FIRST_CRASH_TYPE,TRAFFICWAY_TYPE,LANE_CNT,ALIGNMENT,ROADWAY_SURFACE_COND,ROAD_DEFECT,REPORT_TYPE,CRASH_TYPE,INTERSECTION_RELATED_I,NOT_RIGHT_OF_WAY_I,HIT_AND_RUN_I,DAMAGE,DATE_POLICE_NOTIFIED,PRIM_CONTRIBUTORY_CAUSE,SEC_CONTRIBUTORY_CAUSE,STREET_NO,STREET_DIRECTION,STREET_NAME,BEAT_OF_OCCURRENCE,PHOTOS_TAKEN_I,STATEMENTS_TAKEN_I,DOORING_I,WORK_ZONE_I,WORK_ZONE_TYPE,WORKERS_PRESENT_I,NUM_UNITS,MOST_SEVERE_INJURY,INJURIES_TOTAL,INJURIES_FATAL,INJURIES_INCAPACITATING,INJURIES_NON_INCAPACITATING,INJURIES_REPORTED_NOT_EVIDENT,INJURIES_NO_INDICATION,INJURIES_UNKNOWN,CRASH_HOUR,CRASH_DAY_OF_WEEK,CRASH_MONTH,LATITUDE,LONGITUDE,LOCATION
6554daaf8a221389ebb08395e9febb281c374dc50b72abdd40ceaa0b4f114bc8f93868e1037e1fbbeca3ec51da65f4568c4dcdcd36e314a47c0da8c7bca9fb86,JE357206,,08/31/2021 08:19:00 PM,30,TRAFFIC SIGNAL,FUNCTIONING PROPERLY,CLEAR,"DARKNESS, LIGHTED ROAD",TURNING,FOUR WAY,,STRAIGHT AND LEVEL,DRY,NO DEFECTS,ON SCENE,NO INJURY / DRIVE AWAY,Y,,,"OVER $1,500",08/31/2021 08:23:00 PM,UNABLE TO DETERMINE,UNABLE TO DETERMINE,4800,W,FULLERTON AVE,2521.0,,,,,,,2,NO INDICATION OF INJURY,0.0,0.0,0.0,0.0,0.0,2.0,0.0,20,3,8,41.924347036,-87.7464276397,POINT (-87.746427639656 41.924347036011)
6c08380a72a448b71ea437e974753386f3797cbde14a0953cee0a4ecd40c1ab5d89a2bbbf2ffa6289fd9a1c7a4121cc43ad4c568230b2fb155863b04cda3ef85,JC552555,,12/19/2019 11:27:00 AM,30,TRAFFIC SIGNAL,FUNCTIONING PROPERLY,CLEAR,DAYLIGHT,PEDESTRIAN,FOUR WAY,,STRAIGHT AND LEVEL,DRY,NO DEFECTS,ON SCENE,INJURY AND / OR TOW DUE TO CRASH,Y,,,$500 OR LESS,12/19/2019 11:27:00 AM,FAILING TO REDUCE SPEED TO AVOID CRASH,NOT APPLICABLE,8257,S,SOUTH SHORE DR,424.0,,,,,,,2,NONINCAPACITATING INJURY,1.0,0.0,0.0,1.0,0.0,1.0,0.0,11,5,12,41.7448541154,-87.5477623206,POINT (-87.54776232059 41.744854115381)
a0da41a461d744f85f424d950540fbd51adbe5ef5dd1e1ff3194d6ae3c87fb157993e9d6f06f6d37ad3771ac38c4dbbefe8ce9ca635cdef2740a4aaedaf8e608,JG441573,,09/27/2023 04:54:00 PM,30,STOP SIGN/FLASHER,FUNCTIONING PROPERLY,CLEAR,DAYLIGHT,ANGLE,FOUR WAY,,STRAIGHT AND LEVEL,DRY,NO DEFECTS,ON SCENE,NO INJURY / DRIVE AWAY,Y,,,"OVER $1,500",09/27/2023 04:54:00 PM,UNABLE TO DETERMINE,NOT APPLICABLE,5899,W,THOMAS ST,1511.0,,,,,,,2,NO INDICATION OF INJURY,0.0,0.0,0.0,0.0,0.0,4.0,0.0,16,4,9,41.9001041876,-87.7728154959,POINT (-87.77281549592 41.9001041876)
97206012d7072048888d19a791ed8432ddd0b52969f54e5fa22be3302dd1e035bf1e02bfe093f3e8805e76e1c01ea3e63b913ffd27c50675bdc5e79d7f0ef285,JC512165,Y,11/15/2019 10:00:00 PM,30,TRAFFIC SIGNAL,FUNCTIONING PROPERLY,CLEAR,"DARKNESS, LIGHTED ROAD",REAR END,FOUR WAY,,STRAIGHT AND LEVEL,DRY,NO DEFECTS,ON SCENE,NO INJURY / DRIVE AWAY,Y,,,$500 OR LESS,11/15/2019 10:05:00 PM,FOLLOWING TOO CLOSELY,NOT APPLICABLE,6258,S,YALE AVE,711.0,,,,,,,2,NO INDICATION OF INJURY,0.0,0.0,0.0,0.0,0.0,5.0,0.0,22,6,11,41.7799726778,-87.6319808168,POINT (-87.631980816767 41.779972677795)
b402f2696a26156575d2fd98e7ba5bea0c26a705aae2e9670696646637a9ab492fb4aeebe85bc572d94a4c2f68d122ddb5129210425d4f624e14817a54778cb2,JC492961,,10/31/2019 08:06:00 AM,30,STOP SIGN/FLASHER,FUNCTIONING PROPERLY,SLEET/HAIL,"DARKNESS, LIGHTED ROAD",ANGLE,FOUR WAY,,STRAIGHT AND LEVEL,SNOW OR SLUSH,UNKNOWN,ON SCENE,INJURY AND / OR TOW DUE TO CRASH,Y,,,"OVER $1,500",10/31/2019 08:14:00 AM,DISREGARDING STOP SIGN,WEATHER,1300,W,DIVERSEY PKWY,1932.0,,,,,,,2,"REPORTED, NOT EVIDENT",1.0,0.0,0.0,0.0,1.0,3.0,0.0,8,5,10,41.9326268437,-87.6611932158,POINT (-87.661193215763 41.932626843733)
fd210fe456c7cfdf1f7c11aea2461e0fb3e4951b12020f5c0fd4925ade35053f53607bc0a74dcda66995faaab101859d15a0451714147a03206829ef533da2be,JE132253,,01/29/2021 06:15:00 PM,30,NO CONTROLS,NO CONTROLS,CLEAR,"DARKNESS, LIGHTED ROAD",PARKED MOTOR VEHICLE,PARKING LOT,,STRAIGHT AND LEVEL,DRY,NO DEFECTS,NOT ON SCENE (DESK REPORT),NO INJURY / DRIVE AWAY,,,,"OVER $1,500",02/04/2021 01:15:00 PM,DRIVING SKILLS/KNOWLEDGE/EXPERIENCE,NOT APPLICABLE,4810,W,DIVERSEY AVE,2521.0,,,,,,,2,NO INDICATION OF INJURY,0.0,0.0,0.0,0.0,0.0,2.0,0.0,18,6,1,41.9316370992,-87.7471018452,POINT (-87.747101845159 41.931637099154)
f907ae7aaf5bfc8dad04f152ce45d3f1c19318de9cf3e5f41e9ba99f20ddd8ee862b3840b86bff78bfbb812dd370f80c78d3296bfa3c6a3d622c8856e59db880,JD424012,,11/07/2020 01:00:00 PM,30,NO CONTROLS,NO CONTROLS,CLEAR,DAYLIGHT,REAR TO FRONT,NOT DIVIDED,,STRAIGHT AND LEVEL,DRY,NO DEFECTS,NOT ON SCENE (DESK REPORT),NO INJURY / DRIVE AWAY,,,,"OVER $1,500",11/07/2020 01:15:00 PM,UNABLE TO DETERMINE,UNABLE TO DETERMINE,1150,W,TAYLOR ST,1232.0,,,,,,,2,NO INDICATION OF INJURY,0.0,0.0,0.0,0.0,0.0,2.0,0.0,13,7,11,41.8695335439,-87.6562609787,POINT (-87.65626097874 41.869533543941)
1be9c041525c61793008f5ae13ebe8a492191e01396f837b0936903dbfb0b90f9c3eacee302dfad3f65b57afcaf4543cb73802210de660da118211ec06ebd9f8,JD332739,,08/14/2020 09:00:00 PM,30,NO CONTROLS,NO CONTROLS,CLEAR,"DARKNESS, LIGHTED ROAD",FIXED OBJECT,ONE-WAY,,STRAIGHT AND LEVEL,DRY,WORN SURFACE,ON SCENE,INJURY AND / OR TOW DUE TO CRASH,,,,"OVER $1,500",08/14/2020 09:05:00 PM,UNABLE TO DETERMINE,UNABLE TO DETERMINE,2127,W,GARFIELD BLVD,715.0,,,,,,,1,INCAPACITATING INJURY,1.0,0.0,1.0,0.0,0.0,1.0,0.0,21,6,8,41.7934002753,-87.6778774765,POINT (-87.677877476492 41.793400275343)
2dd52753e92161935da4e1ff41754f3e0ac839d61b9855c5400aac1b75fbf8af91ecbfe37b55dd4c1242ecc0022f9fc734b4a749ab91989ffe184d45f2f7a189,HY489317,,11/04/2015 06:00:00 PM,30,NO CONTROLS,NO CONTROLS,CLEAR,"DARKNESS, LIGHTED ROAD",PARKED MOTOR VEHICLE,NOT DIVIDED,4.0,STRAIGHT AND LEVEL,DRY,NO DEFECTS,NOT ON SCENE (DESK REPORT),NO INJURY / DRIVE AWAY,,,,"$501 - $1,500",11/04/2015 06:45:00 PM,IMPROPER LANE USAGE,NOT APPLICABLE,5306,W,BELMONT AVE,1634.0,,,,,,,2,NO INDICATION OF INJURY,0.0,0.0,0.0,0.0,0.0,1.0,0.0,18,4,11,41.9387733418,-87.7594910622,POINT (-87.759491062204 41.938773341842)
1c664cb4d0176f40ebcbdbd8a101f88dd519fa0f73a20e27ab3231f91c8d731ac1d0be95e264f039c33d560d6438742df06fac65e60360105665469b91441fcd,JA376703,,08/03/2017 06:45:00 PM,30,NO CONTROLS,NO CONTROLS,CLEAR,DAYLIGHT,REAR END,NOT DIVIDED,2.0,STRAIGHT AND LEVEL,WET,NO DEFECTS,NOT ON SCENE (DESK REPORT),NO INJURY / DRIVE AWAY,,,Y,"OVER $1,500",08/04/2017 12:00:00 PM,UNABLE TO DETERMINE,UNABLE TO DETERMINE,4523,N,KIMBALL AVE,1724.0,,,,,,,2,NO INDICATION OF INJURY,0.0,0.0,0.0,0.0,0.0,2.0,0.0,18,5,8,41.9636652137,-87.7130713898,POINT (-87.713071389762 41.963665213662)
02ae0958f85de4f09bb015eb8c8963b41a15c7eca62008fbdd30690017d8a7fab5ad7bbed5886af7dd76886b38ebfda328d542b7d43a3a7c6ded1db59098b7bd,JA318004,,06/22/2017 12:30:00 PM,30,NO CONTROLS,NO CONTROLS,CLEAR,DAYLIGHT,SIDESWIPE SAME DIRECTION,NOT DIVIDED,6.0,STRAIGHT AND LEVEL,DRY,NO DEFECTS,ON SCENE,NO INJURY / DRIVE AWAY,,,Y,"OVER $1,500",06/22/2017 02:45:00 PM,DRIVING SKILLS/KNOWLEDGE/EXPERIENCE,UNABLE TO DETERMINE,7601,S,CICERO AVE,833.0,,,,,,,2,NO INDICATION OF INJURY,0.0,0.0,0.0,0.0,0.0,2.0,0.0,12,5,6,41.7546601244,-87.7413847586,POINT (-87.741384758605 41.754660124394)
7926da864a98ac9327531015f844dea84fa73168c80a9f989434a2f705f1b54dfe71829bfe0dfa9f8cd8bf4e469c272f9ab632b440a490faa7e2a2010840a173,JG184168,,03/13/2023 03:15:00 PM,30,NO CONTROLS,NO CONTROLS,CLOUDY/OVERCAST,DAYLIGHT,SIDESWIPE SAME DIRECTION,NOT DIVIDED,,STRAIGHT AND LEVEL,DRY,NO DEFECTS,NOT ON SCENE (DESK REPORT),NO INJURY / DRIVE AWAY,,,,"OVER $1,500",03/13/2023 03:40:00 PM,FAILING TO YIELD RIGHT-OF-WAY,UNABLE TO DETERMINE,2169,S,CHINA PL,914.0,,,,,,,2,NO INDICATION OF INJURY,0.0,0.0,0.0,0.0,0.0,2.0,0.0,15,2,3,41.8535395038,-87.635232466,POINT (-87.635232465997 41.853539503775)
912bcc898c5b8354b02223b4510c3a0d8b0a82239dc586d321a387fcb67900c22ffc548e012f925413038bcc331c4557157ba003b1c60dcc9697fe466f3b7c4b,JA204457,,03/29/2017 07:50:00 AM,30,STOP SIGN/FLASHER,FUNCTIONING PROPERLY,CLEAR,DAYLIGHT,REAR END,NOT DIVIDED,4.0,STRAIGHT AND LEVEL,DRY,NO DEFECTS,NOT ON SCENE (DESK REPORT),NO INJURY / DRIVE AWAY,,,,$500 OR LESS,03/29/2017 08:13:00 AM,FAILING TO REDUCE SPEED TO AVOID CRASH,FOLLOWING TOO CLOSELY,6213,W,IRVING PARK RD,1633.0,,,,,,,2,NO INDICATION OF INJURY,0.0,0.0,0.0,0.0,0.0,2.0,0.0,7,4,3,41.952862192,-87.7822873399,POINT (-87.782287339868 41.952862192003)
99ce5ce2aa152acdf469e09780f50f429498674b999dbcdaa12a0f5188bf0ba12beef6076aedf0da9d4b3e7806542463dd78d5db72970596ecc553097659ffae,HZ446618,,09/23/2016 03:20:00 PM,30,NO CONTROLS,NO CONTROLS,CLEAR,DAYLIGHT,PARKED MOTOR VEHICLE,PARKING LOT,0.0,STRAIGHT ON GRADE,DRY,NO DEFECTS,NOT ON SCENE (DESK REPORT),NO INJURY / DRIVE AWAY,,,Y,"OVER $1,500",09/23/2016 04:25:00 PM,IMPROPER BACKING,NOT APPLICABLE,5165,S,STATE ST,225.0,,,,,,,2,NO INDICATION OF INJURY,0.0,0.0,0.0,0.0,0.0,1.0,0.0,15,6,9,41.8000117466,-87.6256944679,POINT (-87.625694467891 41.800011746592)
7ece0e023195cb52e4e3d835f0cb99940cee8ea8140381b7b5aadcc64362c46cf68a4a2f263d2b65e7ca7e3015b3e818abf3bb0ae1c0c3dd1c431c2e536601a5,HZ126034,N,01/22/2016 04:40:00 PM,30,NO CONTROLS,NO CONTROLS,CLEAR,DAYLIGHT,REAR END,ONE-WAY,3.0,STRAIGHT AND LEVEL,DRY,NO DEFECTS,NOT ON SCENE (DESK REPORT),NO INJURY / DRIVE AWAY,,,Y,"$501 - $1,500",01/23/2016 04:30:00 PM,IMPROPER LANE USAGE,FAILING TO YIELD RIGHT-OF-WAY,158,W,MONROE ST,122.0,,,,,,,2,NO INDICATION OF INJURY,0.0,0.0,0.0,0.0,0.0,2.0,0.0,16,6,1,41.8807841308,-87.632624874,POINT (-87.632624873962 41.88078413081)
ecad4d3e5b9a95eff6a7508968d579c005d03f003877c2adeb3651510f93bc777d5af9b6262bd748e2b12da3c27e281583c5a177e8d3e7ed568cf526fa7ba8ba,JC297487,,06/08/2019 11:55:00 AM,30,NO CONTROLS,NO CONTROLS,CLEAR,DAYLIGHT,SIDESWIPE SAME DIRECTION,DIVIDED - W/MEDIAN (NOT RAISED),,STRAIGHT AND LEVEL,DRY,NO DEFECTS,ON SCENE,INJURY AND / OR TOW DUE TO CRASH,,,,"OVER $1,500",06/08/2019 11:57:00 AM,IMPROPER OVERTAKING/PASSING,NOT APPLICABLE,5715,S,WESTERN AVE,824.0,,,,,,,4,NO INDICATION OF INJURY,0.0,0.0,0.0,0.0,0.0,2.0,0.0,11,7,6,41.7897198277,-87.6837771166,POINT (-87.683777116619 41.78971982766)
646c58879bd7d904ef711af6ac2060d498daef2a7d935be71f76b30370f0e62d7ce53cd35f9e11427f540122b412e5310c56074b8d2f2447eec63411533f7548,JC119996,,01/17/2019 07:15:00 AM,30,STOP SIGN/FLASHER,FUNCTIONING PROPERLY,RAIN,DAYLIGHT,TURNING,DIVIDED - W/MEDIAN (NOT RAISED),,STRAIGHT AND LEVEL,WET,NO DEFECTS,ON SCENE,NO INJURY / DRIVE AWAY,,,,"OVER $1,500",01/17/2019 07:30:00 AM,FAILING TO YIELD RIGHT-OF-WAY,NOT APPLICABLE,1532,W,NORTH AVE,1433.0,,,,,,,2,NO INDICATION OF INJURY,0.0,0.0,0.0,0.0,0.0,2.0,0.0,7,5,1,41.9107562387,-87.6665600601,POINT (-87.666560060093 41.910756238676)
b3bb08638b308f42843338dc5e668a809ccd1409b6bb4d5cea6139d63434e831ef7f2f87ca4b8f7d646ed7cbea439d6032f90e4d19ddecc769f2dec1366c71c2,JA201544,,03/26/2017 05:00:00 PM,10,NO CONTROLS,NO CONTROLS,CLEAR,DAYLIGHT,PARKED MOTOR VEHICLE,PARKING LOT,1.0,STRAIGHT AND LEVEL,DRY,NO DEFECTS,NOT ON SCENE (DESK REPORT),NO INJURY / DRIVE AWAY,,,,$500 OR LESS,03/26/2017 06:34:00 PM,UNABLE TO DETERMINE,NOT APPLICABLE,201,E,RANDOLPH ST,114.0,,,,,,,2,NO INDICATION OF INJURY,0.0,0.0,0.0,0.0,0.0,1.0,0.0,17,1,3,41.8841673843,-87.6222500417,POINT (-87.622250041701 41.884167384339)
95765d011e2ccd6492ebffc2c5afb9ff3044fb89472f825acba2c27c8e317c924180f29f4d64d72e314d797a1eb21eeb3cb432bcecf83f8a7d3cd54e1552cfac,JF407796,,09/23/2022 03:00:00 PM,25,UNKNOWN,UNKNOWN,UNKNOWN,UNKNOWN,REAR END,PARKING LOT,,STRAIGHT AND LEVEL,UNKNOWN,UNKNOWN,NOT ON SCENE (DESK REPORT),NO INJURY / DRIVE AWAY,,,,"$501 - $1,500",09/23/2022 03:10:00 PM,FAILING TO YIELD RIGHT-OF-WAY,NOT APPLICABLE,2500,N,CENTRAL AVE,2515.0,,,,,,,2,NO INDICATION OF INJURY,0.0,0.0,0.0,0.0,0.0,4.0,0.0,15,6,9,41.9258928802,-87.7662048258,POINT (-87.766204825838 41.925892880213)
2c384bced0e434974c8296ff07dfa3d5142f38338cd1e85891b109d855b3691208af8d79da5c635c836554f912837b523e9dd5a0c74b3847aa2926aafa5d1146,JE266910,,06/15/2021 01:30:00 PM,30,NO CONTROLS,NO CONTROLS,CLEAR,DAYLIGHT,PARKED MOTOR VEHICLE,DIVIDED - W/MEDIAN (NOT RAISED),,STRAIGHT AND LEVEL,DRY,NO DEFECTS,NOT ON SCENE (DESK REPORT),NO INJURY / DRIVE AWAY,,,,"OVER $1,500",06/15/2021 01:45:00 PM,NOT APPLICABLE,NOT APPLICABLE,3553,W,PETERSON AVE,1711.0,,,,,,,2,NO INDICATION OF INJURY,0.0,0.0,0.0,0.0,0.0,2.0,0.0,13,3,6,41.9901557838,-87.7186293848,POINT (-87.718629384792 41.990155783805)
6b701d033e74ef3646457bc9d947104db274d003bf1523013293c91ed821cc23c02e78fb90e3a30dba204e500bfd87aca16f5462abe273f2f37b1d3948f29ac4,JG390342,,08/20/2023 12:19:00 AM,20,NO CONTROLS,NO CONTROLS,CLEAR,"DARKNESS, LIGHTED ROAD",PARKED MOTOR VEHICLE,PARKING LOT,,STRAIGHT AND LEVEL,DRY,NO DEFECTS,NOT ON SCENE (DESK REPORT),NO INJURY / DRIVE AWAY,,,,"OVER $1,500",08/20/2023 03:00:00 PM,UNABLE TO DETERMINE,UNABLE TO DETERMINE,8628,S,COTTAGE GROVE AVE,632.0,,,,,,,2,NO INDICATION OF INJURY,0.0,0.0,0.0,0.0,0.0,1.0,0.0,0,1,8,41.737581396,-87.6049962309,POINT (-87.604996230941 41.737581395989)
9362cff64457379d07cfb1a95fee41874bf1efb4aa974d7ccec9ff212decc4548192aeee702cb60cbeb4a71b78e91bf81750af48a1a7302c48881910574d83f6,JD283790,,07/02/2020 06:40:00 PM,35,TRAFFIC SIGNAL,FUNCTIONING PROPERLY,CLEAR,DAYLIGHT,REAR END,NOT DIVIDED,,STRAIGHT AND LEVEL,DRY,NO DEFECTS,NOT ON SCENE (DESK REPORT),NO INJURY / DRIVE AWAY,,,,"OVER $1,500",07/02/2020 07:20:00 PM,FOLLOWING TOO CLOSELY,UNABLE TO DETERMINE,2000,E,MARQUETTE DR,331.0,,,,,,,2,NO INDICATION OF INJURY,0.0,0.0,0.0,0.0,0.0,2.0,0.0,18,5,7,41.7757698807,-87.5763473518,POINT (-87.57634735179 41.775769880715)
ddde829dc96a0269d842c4b3789886f37943b2037c7d7faee7abfbc419d0aaffcfd60b8ae69c31fe609f61fb9c4ca13a97e9e45d0cc24ed841478f00034d4542,JB180934,,03/10/2018 03:34:00 PM,20,NO CONTROLS,NO CONTROLS,CLEAR,DAYLIGHT,ANGLE,ONE-WAY,1.0,STRAIGHT AND LEVEL,DRY,NO DEFECTS,ON SCENE,NO INJURY / DRIVE AWAY,Y,,,"OVER $1,500",03/10/2018 03:35:00 PM,UNABLE TO DETERMINE,UNABLE TO DETERMINE,2144,S,WASHTENAW AVE,1023.0,,Y,,,,,2,NO INDICATION OF INJURY,0.0,0.0,0.0,0.0,0.0,3.0,0.0,15,7,3,41.8523903825,-87.6931550097,POINT (-87.693155009677 41.852390382465)
f174ab93b93363da4808ab603a272327b2744757b1ea05fb45e793135a8f0e0ba8c11d19e6caa906016e1698ccefcdb540773a6a2a835b69191898849232f101,JE151301,,02/24/2021 06:00:00 PM,30,NO CONTROLS,NO CONTROLS,CLEAR,DARKNESS,REAR END,NOT DIVIDED,,STRAIGHT AND LEVEL,DRY,NO DEFECTS,NOT ON SCENE (DESK REPORT),NO INJURY / DRIVE AWAY,,,,"OVER $1,500",02/24/2021 07:50:00 PM,FOLLOWING TOO CLOSELY,NOT APPLICABLE,1711,W,PETERSON AVE,2012.0,,,,,,,2,NO INDICATION OF INJURY,0.0,0.0,0.0,0.0,0.0,2.0,0.0,18,4,2,41.990670826,-87.6721359604,POINT (-87.672135960369 41.990670826023)
5195aebe0e04351ec516645b456f908f44cd187c13869cdc79f1bffc3f5deb73857cedfe389c42440d962a15f0b25e91a7e9a5798980a7445cfe33d36a2c43b5,JA208682,,04/01/2017 01:45:00 PM,30,TRAFFIC SIGNAL,FUNCTIONING PROPERLY,CLEAR,DAYLIGHT,REAR END,DIVIDED - W/MEDIAN (NOT RAISED),4.0,STRAIGHT AND LEVEL,DRY,NO DEFECTS,ON SCENE,NO INJURY / DRIVE AWAY,,,,"OVER $1,500",04/01/2017 01:55:00 PM,IMPROPER LANE USAGE,NOT APPLICABLE,5450,N,BROADWAY,2013.0,,,,,,,2,NO INDICATION OF INJURY,0.0,0.0,0.0,0.0,0.0,2.0,0.0,13,7,4,41.9814773428,-87.6601572059,POINT (-87.660157205942 41.981477342791)
c08319d0dd6fc4d6728e7161a9b21498e1e1a2a8995ef796fedaed65a6d0de985878fb0d78ed3e17d36754d5d5cfe39479afe0000911973a8171481d29a1648e,JG321284,,06/29/2023 06:33:00 PM,30,STOP SIGN/FLASHER,UNKNOWN,CLOUDY/OVERCAST,DAYLIGHT,SIDESWIPE SAME DIRECTION,NOT DIVIDED,,STRAIGHT AND LEVEL,DRY,UNKNOWN,ON SCENE,NO INJURY / DRIVE AWAY,Y,,,$500 OR LESS,06/29/2023 06:36:00 PM,IMPROPER OVERTAKING/PASSING,NOT APPLICABLE,36,W,DIVISION ST,1824.0,,,,,,,2,NO INDICATION OF INJURY,0.0,0.0,0.0,0.0,0.0,3.0,0.0,18,5,6,41.9040321468,-87.6300611856,POINT (-87.630061185565 41.904032146847)
d87c0a4caefdb2b45f9300e9271659a601a3497c05ae7d7efbdf7078be46c2f52bdb96fca1e6c610eb0a420dbdff1c20eda0cad8136c555100013a4820f2ff3d,JC295679,,06/07/2019 07:20:00 AM,30,NO CONTROLS,NO CONTROLS,CLEAR,DAYLIGHT,SIDESWIPE SAME DIRECTION,NOT DIVIDED,,STRAIGHT AND LEVEL,DRY,NO DEFECTS,NOT ON SCENE (DESK REPORT),NO INJURY / DRIVE AWAY,,,,"$501 - $1,500",06/07/2019 07:30:00 AM,NOT APPLICABLE,NOT APPLICABLE,10327,S,TORRENCE AVE,434.0,,,,,,,2,NO INDICATION OF INJURY,0.0,0.0,0.0,0.0,0.0,2.0,0.0,7,6,6,41.7073666384,-87.5595021286,POINT (-87.559502128636 41.707366638401)
938b7087106742fbeb790fc4e3b6e19b580d2d835e37b02d024a5653d98fc042d10adf1ac840a0c9c0846717da2fb37b3f099e67f8bc6b722278f446ad76bbdb,JF440344,,10/19/2022 08:50:00 AM,30,STOP SIGN/FLASHER,FUNCTIONING PROPERLY,CLEAR,DAYLIGHT,ANGLE,DIVIDED - W/MEDIAN (NOT RAISED),,STRAIGHT AND LEVEL,DRY,UNKNOWN,ON SCENE,INJURY AND / OR TOW DUE TO CRASH,Y,,,"OVER $1,500",10/19/2022 08:55:00 AM,FAILING TO YIELD RIGHT-OF-WAY,DISREGARDING STOP SIGN,1,S,HOYNE AVE,1223.0,,,,,,,2,INCAPACITATING INJURY,2.0,0.0,1.0,1.0,0.0,1.0,0.0,8,4,10,41.8812127518,-87.6789387124,POINT (-87.678938712407 41.881212751778)
88d045068a78ec1fbb5080c9d15a48f1298ff73864d58303422c759f06fac0f5ee9ba6fe5df7b68cde45dfe0b33c4792dcc1ff617a46c29c5549d941429dc2bb,JB417496,,09/01/2018 03:40:00 AM,30,TRAFFIC SIGNAL,FUNCTIONING PROPERLY,CLEAR,"DARKNESS, LIGHTED ROAD",TURNING,NOT DIVIDED,2.0,STRAIGHT AND LEVEL,DRY,NO DEFECTS,ON SCENE,INJURY AND / OR TOW DUE TO CRASH,Y,,Y,"$501 - $1,500",09/01/2018 04:16:00 AM,DISREGARDING TRAFFIC SIGNALS,NOT APPLICABLE,4010,W,WASHINGTON BLVD,1114.0,,,,,,,2,INCAPACITATING INJURY,1.0,0.0,1.0,0.0,0.0,4.0,0.0,3,7,9,41.8821116229,-87.7261839608,POINT (-87.7261839608 41.882111622906)
fb4f25a827ffb7c1f112ab028289d3888fadb8345f6b9725212f303a76bf53eb1a1915b713569967dcf08566256862c847448869ac1042c4e12a149d3ae8c16a,JB240058,,04/27/2018 12:33:00 PM,25,STOP SIGN/FLASHER,FUNCTIONING PROPERLY,CLEAR,DAYLIGHT,PEDALCYCLIST,NOT DIVIDED,2.0,STRAIGHT AND LEVEL,DRY,NO DEFECTS,ON SCENE,INJURY AND / OR TOW DUE TO CRASH,,,,$500 OR LESS,04/27/2018 12:33:00 PM,DRIVING ON WRONG SIDE/WRONG WAY,DRIVING SKILLS/KNOWLEDGE/EXPERIENCE,3859,N,SHEFFIELD AVE,1923.0,,,,,,,2,NONINCAPACITATING INJURY,1.0,0.0,0.0,1.0,0.0,1.0,0.0,12,6,4,41.9525994633,-87.6543411895,POINT (-87.654341189486 41.952599463317)
aae55e4ff20cf500ef9a3dac96bcd05d864f563563377416e0cedc9dd004930967c4c41e18208b251a05937a16b1935ac8b39ffaac5c5cd25a4a57a737625756,JG452695,,10/06/2023 12:11:00 AM,30,TRAFFIC SIGNAL,FUNCTIONING PROPERLY,CLEAR,"DARKNESS, LIGHTED ROAD",ANGLE,FOUR WAY,,STRAIGHT AND LEVEL,DRY,NO DEFECTS,ON SCENE,INJURY AND / OR TOW DUE TO CRASH,Y,,,"OVER $1,500",10/06/2023 12:19:00 AM,DISREGARDING TRAFFIC SIGNALS,NOT APPLICABLE,5600,W,AUGUSTA BLVD,1511.0,,,,,,,2,"REPORTED, NOT EVIDENT",4.0,0.0,0.0,0.0,4.0,1.0,0.0,0,6,10,41.8986057682,-87.7655880081,POINT (-87.765588008091 41.898605768197)
2d458586b7208191a35e80a9ed64e4f784f3b7e638f4b7dc0d6f6adbf841a9b8ce0c898a2a6b66076f1d9265ba6091253dc3f5b694ae04e23e993e8f13382ae3,JB267563,,05/17/2018 03:45:00 PM,30,TRAFFIC SIGNAL,FUNCTIONING PROPERLY,CLEAR,DAYLIGHT,TURNING,NOT DIVIDED,,STRAIGHT AND LEVEL,DRY,NO DEFECTS,ON SCENE,NO INJURY / DRIVE AWAY,Y,,Y,"OVER $1,500",05/17/2018 04:15:00 PM,UNABLE TO DETERMINE,UNABLE TO DETERMINE,201,E,ROOSEVELT RD,132.0,,,,,,,2,NO INDICATION OF INJURY,0.0,0.0,0.0,0.0,0.0,2.0,0.0,15,5,5,41.8673751156,-87.6224932322,POINT (-87.622493232196 41.867375115595)
cc2368757b8507cd8cf9b1d08b38509a07ec56f11976b642bca297c7be896f737a8c12b54d26ec543cb08777fb23eace29f98b18d9d0d58fb54ac148d855d767,JE409901,,10/14/2021 06:20:00 PM,25,NO CONTROLS,NO CONTROLS,CLEAR,DUSK,PARKED MOTOR VEHICLE,ONE-WAY,,STRAIGHT AND LEVEL,DRY,NO DEFECTS,NOT ON SCENE (DESK REPORT),INJURY AND / OR TOW DUE TO CRASH,,,,"$501 - $1,500",10/14/2021 07:00:00 PM,UNABLE TO DETERMINE,NOT APPLICABLE,7421,S,EMERALD AVE,732.0,,,,,,,2,NO INDICATION OF INJURY,0.0,0.0,0.0,0.0,0.0,3.0,0.0,18,5,10,41.7591642139,-87.6428923129,POINT (-87.642892312895 41.759164213942)