CRASH_RECORD_ID,RD_NO,CRASH_DATE_EST_I,CRASH_DATE,POSTED_SPEED_LIMIT,TRAFFIC_CONTROL_DEVICE,DEVICE_CONDITION,WEATHER_CONDITION,LIGHTING_CONDITION,FIRST_CRASH_TYPE,TRAFFICWAY_TYPE,LANE_CNT,ALIGNMENT,ROADWAY_SURFACE_COND,ROAD_DEFECT,REPORT_TYPE,CRASH_TYPE,INTERSECTION_RELATED_I,NOT_RIGHT_OF_WAY_I,HIT_AND_RUN_I,DAMAGE,DATE_POLICE_NOTIFIED,PRIM_CONTRIBUTORY_CAUSE,SEC_CONTRIBUTORY_CAUSE,STREET_NO,STREET_DIRECTION,STREET_NAME,BEAT_OF_OCCURRENCE,PHOTOS_TAKEN_I,STATEMENTS_TAKEN_I,DOORING_I,WORK_ZONE_I,WORK_ZONE_TYPE,WORKERS_PRESENT_I,NUM_UNITS,MOST_SEVERE_INJURY,INJURIES_TOTAL,INJURIES_FATAL,INJURIES_INCAPACITATING,INJURIES_NON_INCAPACITATING,INJURIES_REPORTED_NOT_EVIDENT,INJURIES_NO_INDICATION,INJURIES_UNKNOWN,CRASH_HOUR,CRASH_DAY_OF_WEEK,CRASH_MONTH,LATITUDE,LONGITUDE,LOCATION
698a938b55b5ca89f1b5070ab21de518fa5cb244b2c330f06b31c0896a3137436ee15ee3151d3db6a2e2749162f61478367e363709fef62527d6922c2bab0432,HY516699,,11/27/2015 03:30:00 PM,20,NO CONTROLS,NO CONTROLS,CLOUDY/OVERCAST,DUSK,REAR END,NOT DIVIDED,2.0,STRAIGHT AND LEVEL,WET,NO DEFECTS,NOT ON SCENE (DESK REPORT),NO INJURY / DRIVE AWAY,,,,$500 OR LESS,11/27/2015 03:45:00 PM,EQUIPMENT - VEHICLE CONDITION,NOT APPLICABLE,220,W,MERCHANDISE MART PLZ,1831.0,,,,,,,2,NO INDICATION OF INJURY,0.0,0.0,0.0,0.0,0.0,2.0,0.0,15,6,11,41.8880755385,-87.6348735737,POINT (-87.634873573717 41.88807553848)
6fa807a636e0983107b96bb4f3e89bfdf0ad8b89bc71fe7595e2710a6ebcc5d6dda82a15e6946413958ef34178335163205ce3488b3dc3d065837193bcbe6f8d,JC466957,,10/09/2019 04:58:00 PM,30,NO CONTROLS,NO CONTROLS,CLEAR,DUSK,REAR END,DIVIDED - W/MEDIAN (NOT RAISED),,STRAIGHT AND LEVEL,DRY,NO DEFECTS,NOT ON SCENE (DESK REPORT),NO INJURY / DRIVE AWAY,,,,"OVER $1,500",10/10/2019 05:30:00 AM,UNABLE TO DETERMINE,UNABLE TO DETERMINE,12800,S,INDIANA AVE,532.0,,,,,,,2,NO INDICATION OF INJURY,0.0,0.0,0.0,0.0,0.0,2.0,0.0,16,4,10,41.6618532075,-87.6180349188,POINT (-87.618034918833 41.661853207514)
ee4d50e4a2d8133a167233bcf8abe2e72c35dfcd6683849027bcdaf9c57339eaa89ff350030fdaa33c5fd695fa636383e4cc30249be21c8445877574f25adeba,JF393286,,09/12/2022 03:05:00 PM,30,STOP SIGN/FLASHER,NO CONTROLS,CLEAR,DAYLIGHT,FIXED OBJECT,NOT DIVIDED,,STRAIGHT AND LEVEL,DRY,UNKNOWN,NOT ON SCENE (DESK REPORT),INJURY AND / OR TOW DUE TO CRASH,,,,"OVER $1,500",09/12/2022 03:46:00 PM,UNABLE TO DETERMINE,UNABLE TO DETERMINE,15,S,ALBANY AVE,1124.0,N,N,,,,,1,NO INDICATION OF INJURY,0.0,0.0,0.0,0.0,0.0,1.0,0.0,15,2,9,41.8805660131,-87.7028125485,POINT (-87.7028125485 41.880566013057)
f55e2063937056c64aec382be017cc98634e77f1fd568b4df97fd7eb66a95dad7748e1ad8d6ba3f5f022f166fcf7ffc480de09690d94ae0b5ad6b6f36e0ab7c6,JB106643,Y,01/05/2018 09:00:00 AM,30,NO CONTROLS,NO CONTROLS,CLEAR,DAYLIGHT,PARKED MOTOR VEHICLE,NOT DIVIDED,2.0,STRAIGHT AND LEVEL,DRY,NO DEFECTS,NOT ON SCENE (DESK REPORT),NO INJURY / DRIVE AWAY,,,Y,"$501 - $1,500",01/06/2018 02:35:00 PM,DRIVING SKILLS/KNOWLEDGE/EXPERIENCE,UNABLE TO DETERMINE,324,E,75TH ST,323.0,,,,,,,2,NO INDICATION OF INJURY,0.0,0.0,0.0,0.0,0.0,1.0,0.0,9,6,1,41.7584803163,-87.6172108948,POINT (-87.61721089479 41.758480316269)
9ca2898be61e136b62acb3f055994ce3a08f3733d543b2ef245909c31da7a9335d7989d4803637225f66824903ce43ce07a1835e48a6cdb9ab73a2fc6d1ce2fd,JF437726,,10/17/2022 10:45:00 AM,30,NO CONTROLS,NO CONTROLS,CLEAR,DAYLIGHT,REAR END,DIVIDED - W/MEDIAN (NOT RAISED),,STRAIGHT AND LEVEL,DRY,NO DEFECTS,ON SCENE,INJURY AND / OR TOW DUE TO CRASH,,,,"OVER $1,500",10/17/2022 10:55:00 AM,UNABLE TO DETERMINE,UNABLE TO DETERMINE,3115,N,HARLEM AVE,2511.0,Y,Y,,,,,2,NO INDICATION OF INJURY,0.0,0.0,0.0,0.0,0.0,2.0,0.0,10,2,10,41.9368592688,-87.8065604754,POINT (-87.806560475412 41.936859268798)
15bc1713f63aba5813a9e86b5871928fccd504d4b1d0915ccc5e2809df98d8fb6e35c18cee0c59b99dc09fdc5a0003cc948fe689d08e9ba3051cbe2afc423f38,JG200791,,03/27/2023 09:30:00 AM,30,STOP SIGN/FLASHER,NO CONTROLS,CLEAR,DAYLIGHT,REAR END,NOT DIVIDED,,STRAIGHT AND LEVEL,DRY,NO DEFECTS,NOT ON SCENE (DESK REPORT),NO INJURY / DRIVE AWAY,N,,,"OVER $1,500",03/27/2023 12:00:00 PM,UNABLE TO DETERMINE,UNABLE TO DETERMINE,6535,W,ADDISON ST,1632.0,,,,,,,2,NO INDICATION OF INJURY,0.0,0.0,0.0,0.0,0.0,2.0,0.0,9,2,3,41.9454831042,-87.7901948934,POINT (-87.790194893449 41.945483104157)
6ee3a10d1dcbaa88995483ab8dbbbcb34fa858d7e2f4a5959ee3bced834577e72a7ab3f60a9117c75a762a93bc40a9f67251870efbbb50426b210a0678cc5150,JB106023,,01/05/2018 10:45:00 PM,30,STOP SIGN/FLASHER,FUNCTIONING PROPERLY,CLEAR,"DARKNESS, LIGHTED ROAD",TURNING,DIVIDED - W/MEDIAN (NOT RAISED),2.0,STRAIGHT AND LEVEL,DRY,NO DEFECTS,ON SCENE,INJURY AND / OR TOW DUE TO CRASH,Y,,,"OVER $1,500",01/05/2018 10:50:00 PM,FAILING TO YIELD RIGHT-OF-WAY,EQUIPMENT - VEHICLE CONDITION,6558,S,KEDZIE AVE,831.0,,,,,,,2,NO INDICATION OF INJURY,0.0,0.0,0.0,0.0,0.0,3.0,0.0,22,6,1,41.7735439455,-87.7031587462,POINT (-87.703158746198 41.773543945549)
00ea832162755ae505a2e0979744f87be9ea9ec575fde7861e9ac1f35482cff749a901ee062996ea1454ee3f24d4b6310b28633a3db0f0e1c12a7c6dd33f7ff5,JD162287,,02/23/2020 04:25:00 PM,15,NO CONTROLS,NO CONTROLS,CLEAR,DAYLIGHT,FIXED OBJECT,ALLEY,,STRAIGHT AND LEVEL,DRY,NO DEFECTS,ON SCENE,NO INJURY / DRIVE AWAY,,Y,,"OVER $1,500",02/23/2020 04:26:00 PM,IMPROPER LANE USAGE,NOT APPLICABLE,7149,S,SACRAMENTO AVE,831.0,,,,,,,1,NO INDICATION OF INJURY,0.0,0.0,0.0,0.0,0.0,1.0,0.0,16,1,2,41.7630121874,-87.6977327189,POINT (-87.697732718866 41.763012187429)
de7554ffbf2556788a160fcf1ff2cef903e5adb983739b81198712624979caec996cad363a37524532d976cf505e7cf489470d8158515ef3fd486c55a245ffcf,JA475500,,10/18/2017 07:55:00 AM,30,NO CONTROLS,NO CONTROLS,CLEAR,DAYLIGHT,REAR END,DIVIDED - W/MEDIAN BARRIER,2.0,STRAIGHT AND LEVEL,DRY,NO DEFECTS,ON SCENE,NO INJURY / DRIVE AWAY,,,,"OVER $1,500",10/18/2017 08:00:00 AM,FOLLOWING TOO CLOSELY,NOT APPLICABLE,2140,W,IRVING PARK RD,1911.0,,,,,,,3,NO INDICATION OF INJURY,0.0,0.0,0.0,0.0,0.0,3.0,0.0,7,4,10,41.9542057609,-87.6828529257,POINT (-87.682852925738 41.954205760854)
e6012b2e304b13fdc128fda589ddc994f23e36ec09b29db07864a0834b75258bdd5583b8d0536dd2f40c5258bf65e53e25f5c5498e303eeee31208f3bbafd665,JE178673,,03/24/2021 05:50:00 PM,30,NO CONTROLS,NO CONTROLS,CLOUDY/OVERCAST,DAYLIGHT,SIDESWIPE SAME DIRECTION,NOT DIVIDED,,STRAIGHT AND LEVEL,DRY,NO DEFECTS,NOT ON SCENE (DESK REPORT),NO INJURY / DRIVE AWAY,,,Y,"OVER $1,500",03/24/2021 06:00:00 PM,FAILING TO YIELD RIGHT-OF-WAY,NOT APPLICABLE,4951,N,MILWAUKEE AVE,1623.0,,,,,,,2,NO INDICATION OF INJURY,0.0,0.0,0.0,0.0,0.0,2.0,0.0,17,4,3,41.9708849582,-87.7632613109,POINT (-87.763261310877 41.970884958152)
615e146d94f5b057b0a0af173463b051116a5dddfc55790cd0a94b83217248c32dfae07adce32bc597b05f6064d2e72edd44f0594aca014e880be0831a4850bd,JE374366,,09/12/2021 09:00:00 PM,30,NO CONTROLS,NO CONTROLS,CLEAR,"DARKNESS, LIGHTED ROAD",PARKED MOTOR VEHICLE,ONE-WAY,,STRAIGHT AND LEVEL,DRY,NO DEFECTS,NOT ON SCENE (DESK REPORT),NO INJURY / DRIVE AWAY,,,Y,"OVER $1,500",09/15/2021 11:30:00 AM,UNABLE TO DETERMINE,FAILING TO REDUCE SPEED TO AVOID CRASH,1741,E,73RD PL,324.0,,,,,,,2,NO INDICATION OF INJURY,0.0,0.0,0.0,0.0,0.0,1.0,0.0,21,1,9,41.7614346095,-87.5819617565,POINT (-87.581961756549 41.761434609477)
925ebdcedb82d9f3bd8b829075202aafe219e2e420c801275ebd733bf83bd06b742851bc501c862d0d8a749ff366f2afb5dcbca67a18e5670fb6997a85590599,HZ532386,,11/18/2016 07:15:00 PM,30,NO CONTROLS,NO CONTROLS,UNKNOWN,DARKNESS,PARKED MOTOR VEHICLE,PARKING LOT,0.0,STRAIGHT AND LEVEL,UNKNOWN,UNKNOWN,NOT ON SCENE (DESK REPORT),NO INJURY / DRIVE AWAY,,,,"OVER $1,500",11/28/2016 06:15:00 PM,UNABLE TO DETERMINE,UNABLE TO DETERMINE,100,W,87TH ST,622.0,,,,,,,2,NO INDICATION OF INJURY,0.0,0.0,0.0,0.0,0.0,1.0,0.0,19,6,11,41.7363738203,-87.6272315646,POINT (-87.627231564567 41.736373820276)
b08e857316eab6acffe32360bc5da2ab01f54ff3289be424b25ffc6d3e5472adad566dfca56e6b6ccec6baf96de21f4f55fdbe48282e1e5f4507ffa6c9a70942,JE348142,,08/24/2021 10:30:00 AM,10,NO CONTROLS,NO CONTROLS,CLEAR,DAYLIGHT,PARKED MOTOR VEHICLE,PARKING LOT,,STRAIGHT AND LEVEL,DRY,NO DEFECTS,ON SCENE,NO INJURY / DRIVE AWAY,,,,"OVER $1,500",08/24/2021 10:33:00 AM,NOT APPLICABLE,NOT APPLICABLE,256,E,ERIE ST,1834.0,,,,,,,2,NO INDICATION OF INJURY,0.0,0.0,0.0,0.0,0.0,1.0,0.0,10,3,8,41.8943003595,-87.6205006755,POINT (-87.620500675538 41.89430035953)
a0b7aec1c028ba8f3ffdcac1cf9b9285084bd78a0ccd76c0e60b050b4fbbbec7d9b73bd6d18096d3c929d982935c23d5726f18c421f9409ecbdaa8b0510d90fd,JB241868,,04/28/2018 07:10:00 PM,30,TRAFFIC SIGNAL,FUNCTIONING PROPERLY,CLEAR,DAWN,SIDESWIPE SAME DIRECTION,DIVIDED - W/MEDIAN (NOT RAISED),3.0,STRAIGHT AND LEVEL,DRY,NO DEFECTS,ON SCENE,NO INJURY / DRIVE AWAY,Y,,,$500 OR LESS,04/28/2018 07:35:00 PM,FAILING TO REDUCE SPEED TO AVOID CRASH,DRIVING SKILLS/KNOWLEDGE/EXPERIENCE,4800,W,ROOSEVELT RD,1533.0,,,,,,,2,NO INDICATION OF INJURY,0.0,0.0,0.0,0.0,0.0,2.0,0.0,19,7,4,41.8660060394,-87.7448173762,POINT (-87.74481737621 41.866006039367)
9e22ed42d6b71ef88b19ecddbe59ffa456c892af7a9ee5330513fb9703e480d73cb150859425c0b21df50dd910ff3cd7c557dbb11237e241e4dc81088ae46f56,JG213020,,04/06/2023 11:32:00 AM,30,TRAFFIC SIGNAL,FUNCTIONING PROPERLY,CLEAR,DAYLIGHT,SIDESWIPE SAME DIRECTION,NOT DIVIDED,,STRAIGHT AND LEVEL,DRY,UNKNOWN,ON SCENE,NO INJURY / DRIVE AWAY,,,,"OVER $1,500",04/06/2023 11:32:00 AM,UNABLE TO DETERMINE,UNABLE TO DETERMINE,2801,S,KEDZIE AVE,1033.0,,,,,,,2,NO INDICATION OF INJURY,0.0,0.0,0.0,0.0,0.0,10.0,0.0,11,5,4,41.8408141312,-87.7047814293,POINT (-87.704781429299 41.840814131218)
bdd398914ec8b110e50c5a0e7fab6ae6d377b5f60ee5ade516b38cd4342916f0d824402d7c941d4b279b4a754def725d2c0ac57dc807eacc5cadda81918dd58e,JB246701,,05/02/2018 11:15:00 AM,30,NO CONTROLS,NO CONTROLS,CLEAR,DAYLIGHT,REAR END,DIVIDED - W/MEDIAN (NOT RAISED),,STRAIGHT AND LEVEL,DRY,NO DEFECTS,NOT ON SCENE (DESK REPORT),NO INJURY / DRIVE AWAY,,,,$500 OR LESS,05/02/2018 11:35:00 AM,FOLLOWING TOO CLOSELY,NOT APPLICABLE,4760,W,FULLERTON AVE,2521.0,,,,,,,2,NO INDICATION OF INJURY,0.0,0.0,0.0,0.0,0.0,2.0,0.0,11,4,5,41.9243499158,-87.7462435909,POINT (-87.746243590888 41.924349915846)
40979f43e6ba5033d86ad88c69fec5019590969b769f8203499115d48c6719cbc508097fdf82388321b2dc0a157801833ae799e159239ac4de998d5283dc23d9,JC488669,,10/27/2019 05:35:00 PM,30,TRAFFIC SIGNAL,FUNCTIONING PROPERLY,CLEAR,DAYLIGHT,REAR END,FOUR WAY,,STRAIGHT AND LEVEL,DRY,NO DEFECTS,ON SCENE,NO INJURY / DRIVE AWAY,,,,$500 OR LESS,10/27/2019 05:50:00 PM,UNABLE TO DETERMINE,UNABLE TO DETERMINE,7201,W,IRVING PARK RD,1631.0,,,,,,,2,NO INDICATION OF INJURY,0.0,0.0,0.0,0.0,0.0,3.0,0.0,17,1,10,41.9526554062,-87.8073313241,POINT (-87.807331324127 41.952655406155)
7342fd288d26094581a2ced3b7a9d5d5864b2aa89dbd8c4934db7b06bff2b477f7db66b0db56e51e8640a85ef4ec54ac252703d0794be8f741aeda45b9c51280,JA164555,,02/23/2017 12:38:00 PM,30,NO CONTROLS,NO CONTROLS,CLEAR,DAYLIGHT,PARKED MOTOR VEHICLE,NOT DIVIDED,2.0,STRAIGHT AND LEVEL,DRY,NO DEFECTS,NOT ON SCENE (DESK REPORT),NO INJURY / DRIVE AWAY,,,,$500 OR LESS,02/23/2017 01:30:00 PM,FAILING TO YIELD RIGHT-OF-WAY,NOT APPLICABLE,4801,W,OHIO ST,1532.0,,,,,,,2,NO INDICATION OF INJURY,0.0,0.0,0.0,0.0,0.0,2.0,0.0,12,5,2,41.8912716701,-87.7457089497,POINT (-87.745708949656 41.891271670056)
c4d23fb92081a32af08e16b6ac3302e10669efee4f17ce9afe2293815bea4d52f22e5e87dce2faba2aba16f778dfe668c7a15cb2ffce4ca2bc17f13f7eb19565,JF408561,,09/24/2022 04:00:00 AM,30,STOP SIGN/FLASHER,FUNCTIONING PROPERLY,CLEAR,"DARKNESS, LIGHTED ROAD",ANGLE,FOUR WAY,,STRAIGHT AND LEVEL,WET,NO DEFECTS,NOT ON SCENE (DESK REPORT),NO INJURY / DRIVE AWAY,Y,,,"OVER $1,500",09/24/2022 08:30:00 AM,UNABLE TO DETERMINE,UNABLE TO DETERMINE,3635,W,MONTROSE AVE,1723.0,,,,,,,2,NO INDICATION OF INJURY,0.0,0.0,0.0,0.0,0.0,2.0,0.0,4,7,9,41.9609408978,-87.7194741856,POINT (-87.719474185581 41.960940897764)
a2d8e0e8e3f5c6387004d6ef8a71d448411d70b594f9b0a0ea20d12e6cc513b35d022cbdc120979f3e52f135ff416cc8d118e9bebd9b5e37e1f69eb96e5fc4ba,JA521311,,11/22/2017 08:00:00 AM,30,NO CONTROLS,NO CONTROLS,CLEAR,DAYLIGHT,SIDESWIPE OPPOSITE DIRECTION,NOT DIVIDED,,STRAIGHT AND LEVEL,DRY,NO DEFECTS,ON SCENE,NO INJURY / DRIVE AWAY,,,,"OVER $1,500",11/22/2017 08:05:00 AM,IMPROPER LANE USAGE,FAILING TO YIELD RIGHT-OF-WAY,1440,N,STATE PKWY,1824.0,,,,,,,2,NO INDICATION OF INJURY,0.0,0.0,0.0,0.0,0.0,2.0,0.0,8,4,11,41.9089618106,-87.6289631053,POINT (-87.628963105275 41.908961810601)
5f82916ac9458bddfd5798c4bb46c8ca7f35c64fc1304e2b81842f3afe63006bd681fc0d169a377232fb356b2bd3b14be695bb478cc28a7a0b63e9a0b77619eb,JC467062,,10/10/2019 08:30:00 AM,15,NO CONTROLS,NO CONTROLS,CLEAR,DAYLIGHT,SIDESWIPE OPPOSITE DIRECTION,ALLEY,,STRAIGHT AND LEVEL,DRY,NO DEFECTS,NOT ON SCENE (DESK REPORT),NO INJURY / DRIVE AWAY,,,,"$501 - $1,500",10/10/2019 08:45:00 AM,UNABLE TO DETERMINE,NOT APPLICABLE,217,S,CENTRAL AVE,1522.0,,,,,,,2,NO INDICATION OF INJURY,0.0,0.0,0.0,0.0,0.0,4.0,0.0,8,5,10,41.877457051,-87.7646142857,POINT (-87.76461428575 41.877457050996)
ca94fc0f5223c88c0cf20eb2628718cc83ebfbf4b2d690a02fc3f5bbedadd0d4b81b2ae73433cf7ed8eab8ca30fc2c4777e22bca53cfd368cc8ae81fa6800ad1,HY510122,,11/21/2015 03:00:00 PM,30,UNKNOWN,UNKNOWN,SNOW,UNKNOWN,REAR END,NOT DIVIDED,4.0,STRAIGHT AND LEVEL,SNOW OR SLUSH,UNKNOWN,NOT ON SCENE (DESK REPORT),NO INJURY / DRIVE AWAY,,,,"OVER $1,500",11/21/2015 03:20:00 PM,UNABLE TO DETERMINE,NOT APPLICABLE,4755,N,CENTRAL AVE,1623.0,,,,,,,2,NO INDICATION OF INJURY,0.0,0.0,0.0,0.0,0.0,2.0,0.0,15,7,11,41.9675630686,-87.7673236013,POINT (-87.767323601348 41.967563068578)
24a96790d4053fc34bf1dcdfc7586231d8a415b4f4a58c6c7532427cfcd6a57481530392d23a95b2440a5987d1fe28cee2276921f535da2942c1be24277ee8f2,JB212579,,04/05/2018 03:05:00 PM,35,NO CONTROLS,NO CONTROLS,CLEAR,DAYLIGHT,REAR END,NOT DIVIDED,,STRAIGHT AND LEVEL,DRY,NO DEFECTS,NOT ON SCENE (DESK REPORT),NO INJURY / DRIVE AWAY,,,,$500 OR LESS,04/05/2018 03:15:00 PM,FOLLOWING TOO CLOSELY,NOT APPLICABLE,5800,S,NARRAGANSETT AVE,811.0,,,,,,,2,NO INDICATION OF INJURY,0.0,0.0,0.0,0.0,0.0,4.0,0.0,15,5,4,41.786748936,-87.7817478459,POINT (-87.78174784592 41.786748935986)
0a3fc8da271e9f3adb9b78dbfe51859536d48822aa307087559b6422ce0488cb7ca0515dcbef06f8da733e5f609ab2d6a102e15697d5df912d44483373f2f4d3,JF225477,,04/30/2022 01:15:00 PM,30,NO CONTROLS,NO CONTROLS,CLEAR,DAYLIGHT,PARKED MOTOR VEHICLE,ONE-WAY,,STRAIGHT AND LEVEL,DRY,NO DEFECTS,ON SCENE,INJURY AND / OR TOW DUE TO CRASH,,,,"OVER $1,500",04/30/2022 01:17:00 PM,IMPROPER LANE USAGE,IMPROPER OVERTAKING/PASSING,703,N,DEARBORN ST,1832.0,,,,,,,2,NO INDICATION OF INJURY,0.0,0.0,0.0,0.0,0.0,2.0,0.0,13,7,4,41.8949702655,-87.6295815773,POINT (-87.629581577266 41.894970265515)
c98ae98f778540cdc4d4f766612a95ad03e1a26bf872dd274f537ce99eb464fabf94f7b5b662ae4694b9d17aa47f55236f9a6c3833e03a3ef7474491644e8bc2,JG173789,,03/04/2023 02:00:00 PM,30,NO CONTROLS,NO CONTROLS,CLEAR,DAYLIGHT,REAR END,NOT DIVIDED,,STRAIGHT AND LEVEL,DRY,NO DEFECTS,NOT ON SCENE (DESK REPORT),NO INJURY / DRIVE AWAY,,,,"OVER $1,500",03/04/2023 02:17:00 PM,NOT APPLICABLE,NOT APPLICABLE,3131,W,63RD ST,823.0,,,,,,,2,NO INDICATION OF INJURY,0.0,0.0,0.0,0.0,0.0,3.0,0.0,14,7,3,41.7788811758,-87.701855225,POINT (-87.701855225017 41.778881175753)
9dd0b31a2e4bb6c4a3b0bf2f754bcf1df10572099c6db8f4538bbc9291d891bee1f51f77f21a555ba3db9c6e0e7f1e8ebf6f4fae207c3a774c6ec04ce6537f67,JA495481,,11/02/2017 07:37:00 AM,30,NO CONTROLS,NO CONTROLS,RAIN,DAYLIGHT,TURNING,NOT DIVIDED,2.0,STRAIGHT AND LEVEL,WET,NO DEFECTS,NOT ON SCENE (DESK REPORT),NO INJURY / DRIVE AWAY,Y,,,"OVER $1,500",11/02/2017 08:27:00 AM,WEATHER,UNABLE TO DETERMINE,100,W,CERMAK RD,131.0,,,,,,,3,NO INDICATION OF INJURY,0.0,0.0,0.0,0.0,0.0,3.0,0.0,7,5,11,41.8529912193,-87.629386933,POINT (-87.629386933044 41.852991219253)
4bc03c0658f6c7de22866db3fa9ce535a6e06e156e0c165fc7c564105e36aa5d7a7cdb0dd81e3183c6c837232c28b13fde376255578483ef351a87da6b66a34a,JD196240,,03/27/2020 03:42:00 PM,30,NO CONTROLS,NO CONTROLS,RAIN,DAYLIGHT,TURNING,NOT DIVIDED,,STRAIGHT AND LEVEL,WET,UNKNOWN,ON SCENE,NO INJURY / DRIVE AWAY,,,Y,"OVER $1,500",03/27/2020 03:42:00 PM,IMPROPER BACKING,IMPROPER BACKING,4816,W,CHICAGO AVE,1531.0,,,,,,,2,NO INDICATION OF INJURY,0.0,0.0,0.0,0.0,0.0,2.0,0.0,15,6,3,41.8951071356,-87.7465397678,POINT (-87.746539767825 41.895107135558)
51ac8bad6433a236bdef9718960fa6331bebf8f810fa188623fd81344fbcc0ecdcfc897bcfdf73bda6642edfd6364d6fb4e88fd44785e7f4f51ed713a3f2dde2,JC171733,,03/02/2019 09:47:00 PM,35,NO CONTROLS,NO CONTROLS,CLEAR,"DARKNESS, LIGHTED ROAD",PARKED MOTOR VEHICLE,NOT DIVIDED,,STRAIGHT AND LEVEL,DRY,NO DEFECTS,ON SCENE,NO INJURY / DRIVE AWAY,,,,"$501 - $1,500",03/02/2019 09:50:00 PM,IMPROPER BACKING,UNDER THE INFLUENCE OF ALCOHOL/DRUGS (USE WHEN ARREST IS EFFECTED),1417,E,83RD ST,412.0,,,,,,,2,NO INDICATION OF INJURY,0.0,0.0,0.0,0.0,0.0,2.0,0.0,21,7,3,41.7440397204,-87.5897074599,POINT (-87.589707459923 41.74403972038)
5440a818f324125c0c5981fff25ab66490d045ef5c7a6086bb5f791ad7da70bd0cbdd9e0a8222b32102a2fb01a2107257dd17ca5137900bf33247b46028c9dc0,HZ261370,,05/12/2016 10:10:00 AM,30,NO CONTROLS,NO CONTROLS,CLEAR,DAYLIGHT,ANGLE,NOT DIVIDED,2.0,STRAIGHT AND LEVEL,WET,NO DEFECTS,NOT ON SCENE (DESK REPORT),NO INJURY / DRIVE AWAY,,,Y,"OVER $1,500",05/12/2016 11:00:00 AM,UNABLE TO DETERMINE,UNABLE TO DETERMINE,3922,W,AUGUSTA BLVD,1112.0,,,,,,,2,NO INDICATION OF INJURY,0.0,0.0,0.0,0.0,0.0,3.0,0.0,10,5,5,41.8991447903,-87.7248208153,POINT (-87.72482081527 41.899144790294)
ab5a89d6c80e0a15d5fba576a642b08b6567cbfb0a5e2858487d566382e3f1f2277a487f4fac0e47bad50bc27c7bb39fa84e8c70cbeec46f0180f8561962d5f9,JG294980,,06/09/2023 08:56:00 PM,30,TRAFFIC SIGNAL,FUNCTIONING PROPERLY,CLEAR,"DARKNESS, LIGHTED ROAD",SIDESWIPE SAME DIRECTION,NOT DIVIDED,,STRAIGHT AND LEVEL,DRY,NO DEFECTS,ON SCENE,INJURY AND / OR TOW DUE TO CRASH,,,,"OVER $1,500",06/09/2023 09:57:00 PM,IMPROPER LANE USAGE,NOT APPLICABLE,2223,W,NORTH AVE,1424.0,,,,,,,2,NO INDICATION OF INJURY,0.0,0.0,0.0,0.0,0.0,4.0,0.0,20,6,6,41.9102686265,-87.6834094008,POINT (-87.683409400756 41.910268626473)
9025556548184ac678ef52af439de67345f5cde3c15306e7b79b2c651c1c949ca4bc53d3e63442755202985ef63bf63428dfbabb82f5839433358a32033296a3,JF185116,,03/17/2022 03:54:00 PM,30,TRAFFIC SIGNAL,FUNCTIONING PROPERLY,UNKNOWN,DAYLIGHT,REAR TO FRONT,NOT DIVIDED,,STRAIGHT AND LEVEL,UNKNOWN,UNKNOWN,NOT ON SCENE (DESK REPORT),NO INJURY / DRIVE AWAY,,,,"OVER $1,500",03/24/2022 03:00:00 PM,UNABLE TO DETERMINE,UNABLE TO DETERMINE,6200,S,MICHIGAN AVE,311.0,,,,,,,2,NO INDICATION OF INJURY,0.0,0.0,0.0,0.0,0.0,2.0,0.0,15,5,3,41.7818064859,-87.6223838475,POINT (-87.622383847478 41.781806485937)
5fb9a6e2d3538361fc55ada322a623f4459d9f67650d582a6f9e63e1f33d8d1e36db892929e2dd0fcd6945d859f10251eec743c19e1195cd53762db7c64a61e4,,,10/27/2023 02:00:00 PM,15,NO CONTROLS,NO CONTROLS,CLEAR,DAYLIGHT,REAR TO FRONT,PARKING LOT,,STRAIGHT AND LEVEL,DRY,NO DEFECTS,NOT ON SCENE (DESK REPORT),NO INJURY / DRIVE AWAY,,Y,,$500 OR LESS,10/27/2023 02:15:00 PM,IMPROPER BACKING,NOT APPLICABLE,1,W,PARKING LOT B ST,1654.0,,,,,,,2,NO INDICATION OF INJURY,0.0,0.0,0.0,0.0,0.0,2.0,0.0,14,6,10,,,
d0de0118a0bff343b80ae0d568d9669223e18f4fb83bd8c8c33aa175eb527d1512d7541511b70255bda8285e5d4ec46a200d0a52071f438f7c8fc4c3482d9d83,HZ469314,,10/11/2016 12:06:00 AM,30,NO CONTROLS,NO CONTROLS,CLEAR,"DARKNESS, LIGHTED ROAD",FIXED OBJECT,NOT DIVIDED,2.0,STRAIGHT AND LEVEL,DRY,NO DEFECTS,ON SCENE,INJURY AND / OR TOW DUE TO CRASH,,,,"$501 - $1,500",10/11/2016 12:06:00 AM,UNABLE TO DETERMINE,NOT APPLICABLE,1812,N,LARAMIE AVE,2532.0,Y,,,,,,1,FATAL,2.0,1.0,0.0,1.0,0.0,0.0,0.0,0,3,10,41.9134984324,-87.7559561415,POINT (-87.75595614155 41.913498432401)