CRASH_RECORD_ID,RD_NO,CRASH_DATE_EST_I,CRASH_DATE,POSTED_SPEED_LIMIT,TRAFFIC_CONTROL_DEVICE,DEVICE_CONDITION,WEATHER_CONDITION,LIGHTING_CONDITION,FIRST_CRASH_TYPE,TRAFFICWAY_TYPE,LANE_CNT,ALIGNMENT,ROADWAY_SURFACE_COND,ROAD_DEFECT,REPORT_TYPE,CRASH_TYPE,INTERSECTION_RELATED_I,NOT_RIGHT_OF_WAY_I,HIT_AND_RUN_I,DAMAGE,DATE_POLICE_NOTIFIED,PRIM_CONTRIBUTORY_CAUSE,SEC_CONTRIBUTORY_CAUSE,STREET_NO,STREET_DIRECTION,STREET_NAME,BEAT_OF_OCCURRENCE,PHOTOS_TAKEN_I,STATEMENTS_TAKEN_I,DOORING_I,WORK_ZONE_I,WORK_ZONE_TYPE,WORKERS_PRESENT_I,NUM_UNITS,MOST_SEVERE_INJURY,INJURIES_TOTAL,INJURIES_FATAL,INJURIES_INCAPACITATING,INJURIES_NON_INCAPACITATING,INJURIES_REPORTED_NOT_EVIDENT,INJURIES_NO_INDICATION,INJURIES_UNKNOWN,CRASH_HOUR,CRASH_DAY_OF_WEEK,CRASH_MONTH,LATITUDE,LONGITUDE,LOCATION
8fef5798d5681a4898abdd8f66ed30717cb3ad78e67aefcb75f3e7f884facf431204728cd4826e0c69c7e3d21e4f1726f075ed91e43eda9889f4723a4c6a830e,JG198696,,03/23/2023 08:00:00 PM,30,TRAFFIC SIGNAL,UNKNOWN,UNKNOWN,UNKNOWN,REAR END,OTHER,,STRAIGHT AND LEVEL,UNKNOWN,UNKNOWN,NOT ON SCENE (DESK REPORT),NO INJURY / DRIVE AWAY,,,,"$501 - $1,500",03/25/2023 02:30:00 PM,UNABLE TO DETERMINE,UNABLE TO DETERMINE,2531,N,WESTERN AVE,1432.0,,,,,,,2,NO INDICATION OF INJURY,0.0,0.0,0.0,0.0,0.0,2.0,0.0,20,5,3,41.9274093924,-87.687581735,POINT (-87.687581735015 41.927409392379)
b2cc086e23814d87259c351535879868777f48b1331740579a96ff24f4757c09d0792b2bca614eefc4c2ee06905110728eefcb1e04daf79b8eedeb30a9fac0ba,JD264328,,06/14/2020 10:56:00 PM,30,NO CONTROLS,NO CONTROLS,CLEAR,"DARKNESS, LIGHTED ROAD",PARKED MOTOR VEHICLE,DIVIDED - W/MEDIAN (NOT RAISED),,STRAIGHT AND LEVEL,DRY,NO DEFECTS,ON SCENE,INJURY AND / OR TOW DUE TO CRASH,,,,"OVER $1,500",06/14/2020 10:56:00 PM,UNABLE TO DETERMINE,NOT APPLICABLE,1020,N,CENTRAL AVE,1511.0,,,,,,,3,NONINCAPACITATING INJURY,1.0,0.0,0.0,1.0,0.0,0.0,0.0,22,1,6,41.8991288245,-87.7656943733,POINT (-87.76569437333 41.899128824453)
481da3ca0432369b891e063c80128b4bb9b862a44ffa2813c13d97ab26baca43ff5240433e15cdce0cc68155105765bca49e6babdf05c74b50111706fc31fe76,JF453913,,10/29/2022 09:21:00 AM,20,NO CONTROLS,NO CONTROLS,CLEAR,DAYLIGHT,PARKED MOTOR VEHICLE,PARKING LOT,,STRAIGHT AND LEVEL,DRY,NO DEFECTS,NOT ON SCENE (DESK REPORT),NO INJURY / DRIVE AWAY,,,,"$501 - $1,500",10/29/2022 10:50:00 AM,NOT APPLICABLE,UNABLE TO DETERMINE,2100,S,DAMEN AVE,1234.0,,,,,,,2,NO INDICATION OF INJURY,0.0,0.0,0.0,0.0,0.0,1.0,0.0,9,7,10,41.8539628189,-87.6760399305,POINT (-87.676039930451 41.853962818869)
3b8b267f7cf2333af15d7a192586c6487df270716be26e2797a86e387610c4278f6b4afdceee49ca6a4e180bfc59c659b982a538b3678929fe725ad78824a1ee,JD217433,,04/26/2020 09:50:00 AM,15,NO CONTROLS,NO CONTROLS,CLEAR,DAYLIGHT,PARKED MOTOR VEHICLE,PARKING LOT,,STRAIGHT AND LEVEL,DRY,NO DEFECTS,ON SCENE,NO INJURY / DRIVE AWAY,,Y,,$500 OR LESS,04/26/2020 10:00:00 AM,IMPROPER LANE USAGE,IMPROPER LANE USAGE,3280,W,87TH ST,834.0,,,,,,,2,NO INDICATION OF INJURY,0.0,0.0,0.0,0.0,0.0,1.0,0.0,9,1,4,41.7352633113,-87.7042871944,POINT (-87.704287194431 41.735263311303)
488bc2a0ba4df57087a73866083ea384ba5b123ab3d4fa7195ae4675532fa3c4ce063acc1df0218f4887603c6a560880460e14947dffadc5a69470f42590427d,HZ447871,,09/20/2016 09:00:00 PM,30,UNKNOWN,UNKNOWN,CLOUDY/OVERCAST,UNKNOWN,FIXED OBJECT,UNKNOWN,4.0,STRAIGHT AND LEVEL,OTHER,"RUT, HOLES",NOT ON SCENE (DESK REPORT),INJURY AND / OR TOW DUE TO CRASH,,,,"OVER $1,500",09/24/2016 02:50:00 PM,UNABLE TO DETERMINE,NOT APPLICABLE,3200,W,BELMONT AVE,1733.0,,,,Y,CONSTRUCTION,,1,NO INDICATION OF INJURY,0.0,0.0,0.0,0.0,0.0,1.0,0.0,21,3,9,41.9394405612,-87.7077185163,POINT (-87.707718516309 41.939440561174)
f220e20b1af1e0cf4698145360e222c405b5489a4555667f38af314210e8db615c72b24a366c874c60e2caaa6f77818a148791d0043f288960ead83ff718860f,JB567218,,12/25/2018 09:30:00 PM,35,STOP SIGN/FLASHER,FUNCTIONING PROPERLY,CLEAR,"DARKNESS, LIGHTED ROAD",TURNING,CENTER TURN LANE,,STRAIGHT AND LEVEL,DRY,UNKNOWN,NOT ON SCENE (DESK REPORT),NO INJURY / DRIVE AWAY,Y,,Y,"$501 - $1,500",12/25/2018 10:10:00 PM,IMPROPER TURNING/NO SIGNAL,UNABLE TO DETERMINE,6401,W,MONTROSE AVE,1632.0,,,,,,,2,NO INDICATION OF INJURY,0.0,0.0,0.0,0.0,0.0,3.0,0.0,21,3,12,41.9601064914,-87.7868634926,POINT (-87.7868634926 41.960106491383)
7796840cca683fa815f9f8763e85456e3c002671c26fa973ebfcdca122ad78ad436cefbb9c98f539ca24ca32e1b12f5e118266700558524ae83f86ba8bde6be6,JG287949,,06/04/2023 03:41:00 PM,30,NO CONTROLS,NO CONTROLS,UNKNOWN,UNKNOWN,PARKED MOTOR VEHICLE,NOT DIVIDED,,STRAIGHT AND LEVEL,UNKNOWN,NO DEFECTS,ON SCENE,INJURY AND / OR TOW DUE TO CRASH,,,Y,"OVER $1,500",06/04/2023 03:42:00 PM,UNABLE TO DETERMINE,UNABLE TO DETERMINE,4251,N,LARAMIE AVE,1624.0,,,,,,,2,NO INDICATION OF INJURY,0.0,0.0,0.0,0.0,0.0,1.0,0.0,15,1,6,41.958497671,-87.7571700762,POINT (-87.757170076201 41.95849767098)
87c668faa97fc987c65ce49a16f73b3d23b1c8a8582669978e2453c288ab271163ccc8b187551aabf6436f4dfb8253b70010a71010936ed3814f537afe0005b6,JF149262,,02/19/2022 07:57:00 AM,30,NO CONTROLS,NO CONTROLS,CLEAR,DAYLIGHT,PARKED MOTOR VEHICLE,NOT DIVIDED,,STRAIGHT AND LEVEL,DRY,NO DEFECTS,ON SCENE,INJURY AND / OR TOW DUE TO CRASH,,,Y,"OVER $1,500",02/19/2022 08:24:00 AM,FAILING TO REDUCE SPEED TO AVOID CRASH,NOT APPLICABLE,1641,W,NORTH AVE,1433.0,,,,,,,2,NO INDICATION OF INJURY,0.0,0.0,0.0,0.0,0.0,1.0,0.0,7,7,2,41.9104978415,-87.6693631279,POINT (-87.669363127882 41.910497841465)
f0c68f75826b1ab138af71bdc9fcc93cbb8db9cf5ba8733256b875181a92fa6620d7c999214f1668d178cea95240107ac709c50bdff174689410343c4f9a9490,JD101891,,01/02/2020 04:00:00 PM,30,NO CONTROLS,NO CONTROLS,CLEAR,DAYLIGHT,SIDESWIPE SAME DIRECTION,DIVIDED - W/MEDIAN (NOT RAISED),,STRAIGHT AND LEVEL,DRY,NO DEFECTS,ON SCENE,INJURY AND / OR TOW DUE TO CRASH,,,,"OVER $1,500",01/02/2020 04:00:00 PM,UNABLE TO DETERMINE,UNABLE TO DETERMINE,2100,N,CENTRAL AVE,2515.0,,,,,,,2,NONINCAPACITATING INJURY,1.0,0.0,0.0,1.0,0.0,4.0,0.0,16,5,1,41.9182112154,-87.7659221651,POINT (-87.765922165139 41.918211215443)
0bf23aa2772467864d597f1fa28c44aa93c07196517a785f3a795b27614031518fdf7c50a6411176fb39216f0f0e547fd89f3d3fd7144cdd24e86eb63ec5d59c,JE362166,,09/05/2021 06:50:00 AM,10,NO CONTROLS,NO CONTROLS,CLEAR,DAYLIGHT,FIXED OBJECT,ALLEY,,STRAIGHT AND LEVEL,DRY,NO DEFECTS,ON SCENE,INJURY AND / OR TOW DUE TO CRASH,,,Y,"OVER $1,500",09/05/2021 06:55:00 AM,"OPERATING VEHICLE IN ERRATIC, RECKLESS, CARELESS, NEGLIGENT OR AGGRESSIVE MANNER",DRIVING SKILLS/KNOWLEDGE/EXPERIENCE,1242,N,CLARK ST,1821.0,,,,,,,1,NO INDICATION OF INJURY,0.0,0.0,0.0,0.0,0.0,2.0,0.0,6,1,9,41.9051385115,-87.6316324548,POINT (-87.631632454809 41.905138511469)
9824207ef1d30372f4d4f90a46b1ef551b6df3f978629907614525d582d433edea9b10862d45fc072759dd1ca14a2fa788b549a52346439ef0c57668e9739171,JF467463,Y,11/08/2022 07:50:00 AM,30,NO CONTROLS,NO CONTROLS,CLEAR,DAYLIGHT,PARKED MOTOR VEHICLE,NOT DIVIDED,,STRAIGHT AND LEVEL,DRY,NO DEFECTS,NOT ON SCENE (DESK REPORT),NO INJURY / DRIVE AWAY,,,Y,"OVER $1,500",11/08/2022 06:30:00 PM,UNABLE TO DETERMINE,UNABLE TO DETERMINE,1647,N,HUMBOLDT BLVD,1421.0,,,,,,,2,NO INDICATION OF INJURY,0.0,0.0,0.0,0.0,0.0,1.0,0.0,7,3,11,41.9114729085,-87.7017592933,POINT (-87.701759293315 41.911472908498)
500eddeb8da5933103e0f193e201ca8ed289980d41b504fe1898490ac05465a6d8417b7cc82444cf8095bf4cd15690e852a42cf0db8e7226af06cce46179c064,JB375988,,08/02/2018 01:51:00 PM,30,TRAFFIC SIGNAL,FUNCTIONING PROPERLY,CLEAR,DAYLIGHT,TURNING,DIVIDED - W/MEDIAN (NOT RAISED),,STRAIGHT AND LEVEL,DRY,NO DEFECTS,ON SCENE,INJURY AND / OR TOW DUE TO CRASH,Y,,Y,"$501 - $1,500",08/02/2018 02:30:00 PM,IMPROPER LANE USAGE,NOT APPLICABLE,7100,S,CALIFORNIA AVE,831.0,,,,,,,2,NO INDICATION OF INJURY,0.0,0.0,0.0,0.0,0.0,3.0,0.0,13,5,8,41.7644468993,-87.6931737199,POINT (-87.693173719945 41.76444689926)
f42c8ee4b8d0d17e99b386cc34c7504db12a031337ab2da1371b8201a4b932a031972d5b0bdf23b304a1f5d3db152fa78b2b36d6de3d78465b81a7bfd8ec8082,HZ251319,,04/26/2016 07:30:00 AM,30,NO CONTROLS,NO CONTROLS,UNKNOWN,"DARKNESS, LIGHTED ROAD",PARKED MOTOR VEHICLE,ONE-WAY,1.0,STRAIGHT AND LEVEL,DRY,NO DEFECTS,NOT ON SCENE (DESK REPORT),NO INJURY / DRIVE AWAY,,,Y,"$501 - $1,500",05/04/2016 04:42:00 PM,UNABLE TO DETERMINE,UNABLE TO DETERMINE,6705,N,WASHTENAW AVE,2412.0,,,,,,,2,NO INDICATION OF INJURY,0.0,0.0,0.0,0.0,0.0,1.0,0.0,7,3,4,42.003268015,-87.6972022677,POINT (-87.697202267693 42.003268015007)
406590f9a07c7cc9585a460935d408e93e33bc966868b3a254a275381c1bf42cbd818d7e88e9f9272d80bcc370ba42c57d999423bab562706ac98703ce34dd90,JG391142,,08/21/2023 04:29:00 AM,30,NO CONTROLS,NO CONTROLS,CLEAR,"DARKNESS, LIGHTED ROAD",PARKED MOTOR VEHICLE,DIVIDED - W/MEDIAN (NOT RAISED),,STRAIGHT AND LEVEL,DRY,UNKNOWN,ON SCENE,INJURY AND / OR TOW DUE TO CRASH,,,,"OVER $1,500",08/21/2023 04:30:00 AM,UNABLE TO DETERMINE,UNABLE TO DETERMINE,7859,S,MARSHFIELD AVE,611.0,,,,,,,2,"REPORTED, NOT EVIDENT",1.0,0.0,0.0,0.0,1.0,0.0,0.0,4,2,8,41.7504307749,-87.6645054076,POINT (-87.664505407603 41.750430774883)
b2849424ac8ff4f55adc2bb66fe34cbef5b082d5d023405c91d5444e5f8df62a7f4da41fd47f426da3aa0d21254ffc1823d48354613db3da199fe5ded011b93a,JA284470,,05/30/2017 01:00:00 AM,30,STOP SIGN/FLASHER,NO CONTROLS,CLEAR,DARKNESS,REAR END,NOT DIVIDED,2.0,STRAIGHT AND LEVEL,DRY,NO DEFECTS,NOT ON SCENE (DESK REPORT),NO INJURY / DRIVE AWAY,,,,$500 OR LESS,05/30/2017 02:40:00 AM,UNABLE TO DETERMINE,UNABLE TO DETERMINE,1400,S,LAKE SHORE DRIVE,1824.0,,,,,,,2,NO INDICATION OF INJURY,0.0,0.0,0.0,0.0,0.0,2.0,0.0,1,3,5,41.8640356398,-87.6192970692,POINT (-87.619297069192 41.864035639814)
4d960c220a9615ec753a1d790a3fbc4e190d0c2c5a8c1d71e144307442ff12e74650fc98fba6b158725c23b60f326855fd0732834cd2ab8ed1a04fdfbeeb17e7,HZ134258,,01/29/2016 05:00:00 AM,30,NO CONTROLS,NO CONTROLS,CLEAR,DAYLIGHT,PARKED MOTOR VEHICLE,PARKING LOT,99.0,STRAIGHT AND LEVEL,DRY,NO DEFECTS,NOT ON SCENE (DESK REPORT),NO INJURY / DRIVE AWAY,,,,"OVER $1,500",01/30/2016 12:00:00 PM,UNABLE TO DETERMINE,NOT APPLICABLE,8344,S,COMMERCIAL AVE,423.0,,,,,,,2,NO INDICATION OF INJURY,0.0,0.0,0.0,0.0,0.0,1.0,0.0,5,6,1,41.7437496894,-87.551898131,POINT (-87.551898130961 41.743749689419)
d0234d8e22a475f1a8aaf6e089436b5f07b4012e2bd11b282895aba84ecdc861d13fc6514a715161d374b1518f7a7023ad21e309c640036e56bd8ef94d468ea0,JB103972,,01/04/2018 10:20:00 AM,30,NO CONTROLS,NO CONTROLS,CLEAR,DAYLIGHT,TURNING,NOT DIVIDED,,STRAIGHT AND LEVEL,DRY,NO DEFECTS,ON SCENE,NO INJURY / DRIVE AWAY,,,Y,$500 OR LESS,01/04/2018 10:20:00 AM,IMPROPER OVERTAKING/PASSING,UNABLE TO DETERMINE,1605,E,50TH ST,222.0,,,,,,,2,NO INDICATION OF INJURY,0.0,0.0,0.0,0.0,0.0,2.0,0.0,10,5,1,41.8042481361,-87.5862418465,POINT (-87.586241846523 41.804248136144)
4f86189610dd874e9db3fc701990dbb50e0eca3bb9e7fffe76e6dea69cf90146ea724e08d2c840acf5199461c3cac6f337ed659c0a7d6c19c1682f6cec3b5129,HZ411275,,08/28/2016 11:30:00 PM,30,TRAFFIC SIGNAL,FUNCTIONING PROPERLY,CLEAR,"DARKNESS, LIGHTED ROAD",SIDESWIPE SAME DIRECTION,DIVIDED - W/MEDIAN (NOT RAISED),4.0,STRAIGHT AND LEVEL,DRY,NO DEFECTS,NOT ON SCENE (DESK REPORT),NO INJURY / DRIVE AWAY,,,,"OVER $1,500",08/28/2016 11:30:00 PM,UNABLE TO DETERMINE,NOT APPLICABLE,651,S,AUSTIN BLVD,1513.0,,,,,,,2,NO INDICATION OF INJURY,0.0,0.0,0.0,0.0,0.0,2.0,0.0,23,1,8,41.8713251911,-87.7741920499,POINT (-87.774192049944 41.8713251911)
49145ef4548e2e82e0182d5e1e596fc5ffffa2036ab4bf95ca95f17df274fe7b9112fa0fc0c0316ed131ba19a94a3cb56812a6c8b66aea543479b289316bb3f1,JF151728,,02/21/2022 05:30:00 PM,35,TRAFFIC SIGNAL,FUNCTIONING PROPERLY,CLEAR,"DARKNESS, LIGHTED ROAD",SIDESWIPE SAME DIRECTION,DIVIDED - W/MEDIAN (NOT RAISED),,STRAIGHT AND LEVEL,DRY,NO DEFECTS,NOT ON SCENE (DESK REPORT),NO INJURY / DRIVE AWAY,Y,,Y,"OVER $1,500",02/21/2022 06:00:00 PM,IMPROPER OVERTAKING/PASSING,UNABLE TO DETERMINE,7900,S,MORGAN ST,612.0,,,,,,,2,NO INDICATION OF INJURY,0.0,0.0,0.0,0.0,0.0,2.0,0.0,17,2,2,41.7504751929,-87.64903192,POINT (-87.649031919951 41.750475192888)
fac149d48c13356d0098087f2e1fc751144dc98a2d59e022038bcdba1832a960a53220b7a8968ba9e8136d34def5691adbe33b73ec597f0af35d031e2ff2e61c,JA150874,,02/12/2017 11:30:00 AM,35,TRAFFIC SIGNAL,FUNCTIONING PROPERLY,CLEAR,DAYLIGHT,TURNING,DIVIDED - W/MEDIAN (NOT RAISED),,STRAIGHT AND LEVEL,DRY,NO DEFECTS,NOT ON SCENE (DESK REPORT),NO INJURY / DRIVE AWAY,Y,,,"OVER $1,500",02/12/2017 11:48:00 AM,FAILING TO YIELD RIGHT-OF-WAY,FAILING TO YIELD RIGHT-OF-WAY,3100,S,DAMEN AVE,912.0,,,,,,,2,NO INDICATION OF INJURY,0.0,0.0,0.0,0.0,0.0,6.0,0.0,11,1,2,41.8375827578,-87.6755906266,POINT (-87.675590626552 41.837582757773)
4d1e6b77413409922a56c927abc1ad76afca7c6ca12f7b29d378810a38237c2d790afd6f3e003429b7be42afc5f28d34083bb8a07c18c73a6fa7279809e713bb,JA401330,,08/22/2017 09:50:00 AM,30,NO CONTROLS,NO CONTROLS,CLEAR,DAYLIGHT,TURNING,NOT DIVIDED,4.0,STRAIGHT AND LEVEL,DRY,NO DEFECTS,NOT ON SCENE (DESK REPORT),NO INJURY / DRIVE AWAY,,,,"OVER $1,500",08/22/2017 10:32:00 AM,FAILING TO YIELD RIGHT-OF-WAY,NOT APPLICABLE,2357,W,PETERSON AVE,2012.0,,,,,,,2,NO INDICATION OF INJURY,0.0,0.0,0.0,0.0,0.0,2.0,0.0,9,3,8,41.9903919891,-87.6895288084,POINT (-87.689528808361 41.990391989117)
283e6feca7b9e586261a1a26894563d37b0c1cb69e9f6b5c33bc0620dc95701d8c2cf27152e96fecf9694a5bb1e223c51e2fd5d83b70039fbe999ac2e99d72f5,JA461155,,10/06/2017 05:30:00 PM,30,NO CONTROLS,NO CONTROLS,RAIN,DAYLIGHT,REAR END,DIVIDED - W/MEDIAN (NOT RAISED),4.0,STRAIGHT AND LEVEL,WET,NO DEFECTS,NOT ON SCENE (DESK REPORT),NO INJURY / DRIVE AWAY,,,,"OVER $1,500",10/06/2017 06:02:00 PM,FAILING TO REDUCE SPEED TO AVOID CRASH,DRIVING SKILLS/KNOWLEDGE/EXPERIENCE,4300,S,WESTERN BLVD,922.0,,,,,,,3,NO INDICATION OF INJURY,0.0,0.0,0.0,0.0,0.0,3.0,0.0,17,6,10,41.8156049513,-87.6842159161,POINT (-87.684215916118 41.815604951255)
792b24f5578daf76a87f0efa8820dda0368353fbbb99f4b41b6ad53cee5e206cbf931849b807db3b5b22513f21a1a7faae2310cb5d26113cf1ce52021df651f3,JA357422,,07/21/2017 01:45:00 PM,30,TRAFFIC SIGNAL,FUNCTIONING PROPERLY,CLEAR,DAYLIGHT,SIDESWIPE SAME DIRECTION,ONE-WAY,3.0,STRAIGHT AND LEVEL,DRY,NO DEFECTS,NOT ON SCENE (DESK REPORT),NO INJURY / DRIVE AWAY,,,,"OVER $1,500",07/21/2017 02:18:00 PM,UNABLE TO DETERMINE,NOT APPLICABLE,156,W,VAN BUREN ST,122.0,,,,,,,2,NO INDICATION OF INJURY,0.0,0.0,0.0,0.0,0.0,2.0,0.0,13,6,7,41.8769792361,-87.6327152957,POINT (-87.63271529572 41.876979236087)
54bdb4aeb8d0db391029939347c751370a326389f761e21da0d0e16aefe62d2d093a2f4d9faa4997b002bae90e5314eca23a82896ca5e31ba47bf257e91eeb45,JG407484,,09/01/2023 11:00:00 PM,30,NO CONTROLS,NO CONTROLS,UNKNOWN,UNKNOWN,SIDESWIPE SAME DIRECTION,NOT DIVIDED,,STRAIGHT AND LEVEL,UNKNOWN,UNKNOWN,NOT ON SCENE (DESK REPORT),NO INJURY / DRIVE AWAY,,,Y,"OVER $1,500",09/01/2023 11:15:00 PM,IMPROPER OVERTAKING/PASSING,NOT APPLICABLE,144,E,127TH ST,532.0,,,,,,,2,NO INDICATION OF INJURY,0.0,0.0,0.0,0.0,0.0,2.0,0.0,23,6,9,41.6634780166,-87.6182217473,POINT (-87.618221747299 41.663478016579)
ccb66cd58e3e23210ee93945c169a716b380082b00ce00510562565ff925b57b86ea62f0e1ab55617b0aef7db2061fde9ab02ddfb7f8fc71fa39ce01c5e00637,HZ491327,,10/28/2016 06:20:00 PM,20,STOP SIGN/FLASHER,FUNCTIONING PROPERLY,CLEAR,DUSK,REAR END,NOT DIVIDED,2.0,STRAIGHT AND LEVEL,DRY,NO DEFECTS,NOT ON SCENE (DESK REPORT),NO INJURY / DRIVE AWAY,,,,"OVER $1,500",10/28/2016 07:25:00 PM,UNABLE TO DETERMINE,UNABLE TO DETERMINE,3100,N,AUSTIN AVE,2511.0,,,,,,,2,NO INDICATION OF INJURY,0.0,0.0,0.0,0.0,0.0,2.0,0.0,18,6,10,41.9366653257,-87.7762998658,POINT (-87.776299865752 41.936665325667)
91b82e68f473ae3999934ea1169b4add5ee325d4cc3a463c943ff67306f4d9b4bb92105aafd6bff4c818727e0a5eb11aacb531fc4d92c9414dbeb31fd1545b66,JF441558,,10/20/2022 09:10:00 AM,30,NO CONTROLS,NO CONTROLS,CLEAR,DAYLIGHT,PARKED MOTOR VEHICLE,OTHER,,STRAIGHT AND LEVEL,DRY,NO DEFECTS,ON SCENE,NO INJURY / DRIVE AWAY,,,,"OVER $1,500",10/20/2022 09:16:00 AM,NOT APPLICABLE,NOT APPLICABLE,1611,S,RACINE AVE,1235.0,,,,,,,2,NO INDICATION OF INJURY,0.0,0.0,0.0,0.0,0.0,1.0,0.0,9,5,10,41.8594096494,-87.6563211793,POINT (-87.656321179338 41.859409649435)
554402ba3f58576c8d69cd59d3d4c40afb0796bec4b166bbe87daa0cedc3fa55baa4ce0a5f9e1ad9883df2b61f6071ba147361f2d645e468991996e5b5ec1058,JC177977,,03/08/2019 12:25:00 PM,30,TRAFFIC SIGNAL,FUNCTIONING PROPERLY,CLEAR,DAYLIGHT,TURNING,DIVIDED - W/MEDIAN (NOT RAISED),6.0,STRAIGHT AND LEVEL,DRY,NO DEFECTS,ON SCENE,NO INJURY / DRIVE AWAY,Y,,Y,"OVER $1,500",03/08/2019 12:26:00 PM,IMPROPER TURNING/NO SIGNAL,FAILING TO YIELD RIGHT-OF-WAY,900,N,MICHIGAN AVE,1833.0,,,,,,,2,NO INDICATION OF INJURY,0.0,0.0,0.0,0.0,0.0,3.0,0.0,12,6,3,41.899248597,-87.6242749782,POINT (-87.624274978205 41.899248597036)
054aea937652a134de32f8988a3abfea6886cfbd2fbf93edc76d87775e27f2d03201344034de608b0637e3af595beeff0a9aef5235f9d17933acd47d1dfbf9c7,JF430599,,10/10/2022 03:40:00 PM,30,NO CONTROLS,NO CONTROLS,RAIN,DAYLIGHT,TURNING,NOT DIVIDED,,STRAIGHT AND LEVEL,WET,NO DEFECTS,ON SCENE,INJURY AND / OR TOW DUE TO CRASH,,,Y,"OVER $1,500",10/11/2022 04:00:00 PM,IMPROPER LANE USAGE,IMPROPER LANE USAGE,6510,S,COTTAGE GROVE AVE,321.0,,,,,,,2,NO INDICATION OF INJURY,0.0,0.0,0.0,0.0,0.0,3.0,0.0,15,2,10,41.7764026063,-87.6059863525,POINT (-87.605986352454 41.776402606299)
0161f4ce206753153de3cf741cf3efbe55ace8f4a98b7a318db0c2e9c911622d77b95a3f27b5fa4c1ea12063ee98c79b95d8145f892a8dd9c847f9c7ae2b3372,JC457711,,10/17/2019 06:08:00 AM,30,STOP SIGN/FLASHER,FUNCTIONING PROPERLY,CLEAR,DAWN,TURNING,NOT DIVIDED,,STRAIGHT AND LEVEL,DRY,NO DEFECTS,ON SCENE,NO INJURY / DRIVE AWAY,Y,,,$500 OR LESS,10/17/2019 06:08:00 AM,OBSTRUCTED CROSSWALKS,NOT APPLICABLE,2232,W,DEVON AVE,2412.0,,,,,,,2,NO INDICATION OF INJURY,0.0,0.0,0.0,0.0,0.0,4.0,0.0,6,5,10,41.9979025788,-87.6862939578,POINT (-87.686293957767 41.997902578836)
95a99374e6e4d057aa9e688c4ba31143ac9c2efa6e1510613b1c82890460120ac04776ec98de1dca0ba6716179c8244f33680d9c98734bb2cc75de9ffa52b880,JB509812,,11/09/2018 01:45:00 PM,15,NO CONTROLS,NO CONTROLS,CLEAR,DAYLIGHT,REAR END,PARKING LOT,4.0,STRAIGHT AND LEVEL,WET,UNKNOWN,NOT ON SCENE (DESK REPORT),NO INJURY / DRIVE AWAY,,Y,,"$501 - $1,500",11/09/2018 02:40:00 PM,"VISION OBSCURED (SIGNS, TREE LIMBS, BUILDINGS, ETC.)",UNABLE TO DETERMINE,7535,S,ASHLAND AVE,612.0,,,,,,,2,NO INDICATION OF INJURY,0.0,0.0,0.0,0.0,0.0,2.0,0.0,13,6,11,41.7565454141,-87.6634438529,POINT (-87.663443852852 41.756545414126)
f3dc6b0e2e753bd58fb8679a0d359da78353de04a5307cd7c19a34b3ff968ae3b482807fa08df1662d33943f8f9ae83e0e65825daed1ac84dc848172d199084a,JC130516,,01/25/2019 06:50:00 PM,30,STOP SIGN/FLASHER,FUNCTIONING PROPERLY,SNOW,"DARKNESS, LIGHTED ROAD",TURNING,NOT DIVIDED,2.0,STRAIGHT AND LEVEL,SNOW OR SLUSH,NO DEFECTS,NOT ON SCENE (DESK REPORT),NO INJURY / DRIVE AWAY,,,,"OVER $1,500",01/26/2019 02:46:00 PM,FAILING TO YIELD RIGHT-OF-WAY,NOT APPLICABLE,437,N,RACINE AVE,1214.0,,,,,,,2,NO INDICATION OF INJURY,0.0,0.0,0.0,0.0,0.0,3.0,0.0,18,6,1,41.8899803051,-87.6572108515,POINT (-87.657210851532 41.889980305106)
e3775a7af10a849c6595462fe72006fd449b70601d9492826f6a893c18e8bd43e7934992a8f5ba6be1ec39be9d7656d55b4843edd8eb90aaa9a3b6e8b873c76a,JF325379,,07/20/2022 10:17:00 PM,30,TRAFFIC SIGNAL,UNKNOWN,UNKNOWN,"DARKNESS, LIGHTED ROAD",TURNING,UNKNOWN,,STRAIGHT AND LEVEL,UNKNOWN,UNKNOWN,NOT ON SCENE (DESK REPORT),NO INJURY / DRIVE AWAY,,,,"OVER $1,500",07/20/2022 10:45:00 PM,IMPROPER LANE USAGE,DRIVING SKILLS/KNOWLEDGE/EXPERIENCE,2198,S,CLARK ST,131.0,,,,,,,2,NO INDICATION OF INJURY,0.0,0.0,0.0,0.0,0.0,4.0,0.0,22,4,7,41.8529339676,-87.6302142392,POINT (-87.630214239166 41.852933967598)
c70044b86acf53764c6df83cec0bd9d9d4eba90a74eb86af9b8eb6ea7a5711710dac63467e7af277c97efb8e1ae1c621ff4eef4dc66ad255f1cba2e1fb263339,JC357368,,07/19/2019 09:20:00 AM,30,TRAFFIC SIGNAL,FUNCTIONING PROPERLY,CLEAR,DAYLIGHT,REAR END,NOT DIVIDED,,STRAIGHT AND LEVEL,DRY,NO DEFECTS,NOT ON SCENE (DESK REPORT),NO INJURY / DRIVE AWAY,Y,,,"OVER $1,500",07/20/2019 06:05:00 PM,UNABLE TO DETERMINE,NOT APPLICABLE,1046,N,MILWAUKEE AVE,1213.0,,,,,,,2,NO INDICATION OF INJURY,0.0,0.0,0.0,0.0,0.0,3.0,0.0,9,6,7,41.9008138768,-87.6627421707,POINT (-87.66274217075 41.900813876827)