CRASH_RECORD_ID,RD_NO,CRASH_DATE_EST_I,CRASH_DATE,POSTED_SPEED_LIMIT,TRAFFIC_CONTROL_DEVICE,DEVICE_CONDITION,WEATHER_CONDITION,LIGHTING_CONDITION,FIRST_CRASH_TYPE,TRAFFICWAY_TYPE,LANE_CNT,ALIGNMENT,ROADWAY_SURFACE_COND,ROAD_DEFECT,REPORT_TYPE,CRASH_TYPE,INTERSECTION_RELATED_I,NOT_RIGHT_OF_WAY_I,HIT_AND_RUN_I,DAMAGE,DATE_POLICE_NOTIFIED,PRIM_CONTRIBUTORY_CAUSE,SEC_CONTRIBUTORY_CAUSE,STREET_NO,STREET_DIRECTION,STREET_NAME,BEAT_OF_OCCURRENCE,PHOTOS_TAKEN_I,STATEMENTS_TAKEN_I,DOORING_I,WORK_ZONE_I,WORK_ZONE_TYPE,WORKERS_PRESENT_I,NUM_UNITS,MOST_SEVERE_INJURY,INJURIES_TOTAL,INJURIES_FATAL,INJURIES_INCAPACITATING,INJURIES_NON_INCAPACITATING,INJURIES_REPORTED_NOT_EVIDENT,INJURIES_NO_INDICATION,INJURIES_UNKNOWN,CRASH_HOUR,CRASH_DAY_OF_WEEK,CRASH_MONTH,LATITUDE,LONGITUDE,LOCATION
785e22dac53ef1e988b6d0d3880a7b751589e805dde2213d4faa168ccf28b5aa616b759cad7235329d265d0bb73d6e954adc8d62508fd75fff918018f24b72a3,JB282974,,05/28/2018 11:00:00 PM,15,NO CONTROLS,NO CONTROLS,CLEAR,"DARKNESS, LIGHTED ROAD",SIDESWIPE OPPOSITE DIRECTION,ONE-WAY,1.0,STRAIGHT AND LEVEL,DRY,NO DEFECTS,NOT ON SCENE (DESK REPORT),NO INJURY / DRIVE AWAY,,,,$500 OR LESS,05/28/2018 11:45:00 PM,IMPROPER BACKING,UNABLE TO DETERMINE,2510,N,MASON AVE,2515.0,,,,,,,2,NO INDICATION OF INJURY,0.0,0.0,0.0,0.0,0.0,2.0,0.0,23,2,5,41.9260461489,-87.7747222981,POINT (-87.774722298132 41.926046148908)
708b4cc845ae7fbb58ddb9948a98350f9d2d7886d755205bf5fd3d15a1746dabd8fddaaf0a926871ff06fd25ecded07cc39660b24cd0ec32e70d031ad3274e0e,JB386115,,08/09/2018 01:40:00 PM,30,STOP SIGN/FLASHER,FUNCTIONING PROPERLY,CLEAR,DAYLIGHT,ANGLE,NOT DIVIDED,4.0,STRAIGHT AND LEVEL,DRY,UNKNOWN,ON SCENE,INJURY AND / OR TOW DUE TO CRASH,Y,,,"OVER $1,500",08/09/2018 01:45:00 PM,FAILING TO REDUCE SPEED TO AVOID CRASH,NOT APPLICABLE,830,W,GRAND AVE,1214.0,,,,,,,4,NO INDICATION OF INJURY,0.0,0.0,0.0,0.0,0.0,3.0,0.0,13,5,8,41.8912795719,-87.6487336238,POINT (-87.64873362379 41.8912795719)
852006a47f739463274fea70b175d645df21a2d534b938e550939995482b7e940f7204bb246d85ecddcda0c8d51ca0c98ebac8039f51966d9908e115f1aea92e,JD205245,,04/09/2020 07:50:00 AM,30,TRAFFIC SIGNAL,FUNCTIONING PROPERLY,CLEAR,DAYLIGHT,TURNING,ONE-WAY,,STRAIGHT AND LEVEL,DRY,NO DEFECTS,ON SCENE,INJURY AND / OR TOW DUE TO CRASH,Y,,N,"OVER $1,500",04/09/2020 08:00:00 AM,IMPROPER OVERTAKING/PASSING,FAILING TO YIELD RIGHT-OF-WAY,2,E,OHIO ST,1834.0,,,,,,,2,NONINCAPACITATING INJURY,1.0,0.0,0.0,1.0,0.0,2.0,0.0,7,5,4,41.8925800855,-87.6280283954,POINT (-87.628028395434 41.892580085455)
3142baf85ff3eda883443830cd0e0046ba1d83186f580826d4787e616ecea2fb60143789d5f1cd002aa82c7e882a2baeafc5c97c2ce63c73f964894df2a08460,JB106616,,01/06/2018 01:45:00 PM,30,TRAFFIC SIGNAL,FUNCTIONING PROPERLY,CLEAR,DAYLIGHT,REAR END,NOT DIVIDED,4.0,STRAIGHT AND LEVEL,DRY,NO DEFECTS,NOT ON SCENE (DESK REPORT),INJURY AND / OR TOW DUE TO CRASH,Y,,,"$501 - $1,500",01/06/2018 02:10:00 PM,FOLLOWING TOO CLOSELY,FAILING TO REDUCE SPEED TO AVOID CRASH,6400,W,NORTH AVE,2513.0,,,,,,,2,NONINCAPACITATING INJURY,1.0,0.0,0.0,1.0,0.0,1.0,0.0,13,7,1,41.9092570732,-87.7850565929,POINT (-87.785056592855 41.909257073207)
6d6da6b2bee44d0f498e7e1a2da53841392211cab14e644c3881a9f45b9453fabf157f25a88f3aceb2b1bbd1ec5f76176984967c14e0f0fcc0ff1df04fa365b4,JC445878,,09/22/2019 08:30:00 PM,30,NO CONTROLS,UNKNOWN,UNKNOWN,"DARKNESS, LIGHTED ROAD",PARKED MOTOR VEHICLE,PARKING LOT,,STRAIGHT AND LEVEL,UNKNOWN,UNKNOWN,NOT ON SCENE (DESK REPORT),NO INJURY / DRIVE AWAY,,,,"$501 - $1,500",09/22/2019 11:00:00 PM,UNABLE TO DETERMINE,UNABLE TO DETERMINE,3135,W,ADDISON ST,1733.0,,,,,,,2,NO INDICATION OF INJURY,0.0,0.0,0.0,0.0,0.0,1.0,0.0,20,1,9,41.9465290505,-87.7068127131,POINT (-87.706812713126 41.946529050537)
97a75e51b7d500e13c228ecb66c286e680211b5761d8657c532e15534fc87609df14772fad99866e39233eb19f19770a160746265bd3159f4ef4218cec9b5af2,JF451686,,10/27/2022 03:13:00 PM,30,TRAFFIC SIGNAL,FUNCTIONING PROPERLY,CLEAR,DAYLIGHT,REAR END,NOT DIVIDED,,STRAIGHT AND LEVEL,DRY,NO DEFECTS,ON SCENE,INJURY AND / OR TOW DUE TO CRASH,,,,"$501 - $1,500",10/27/2022 03:20:00 PM,UNABLE TO DETERMINE,UNABLE TO DETERMINE,1741,W,51ST ST,932.0,,,,,,,2,NO INDICATION OF INJURY,0.0,0.0,0.0,0.0,0.0,2.0,0.0,15,5,10,41.801173082,-87.6688230238,POINT (-87.668823023758 41.801173081982)
caeac302492f45e491717c824c1ad648d72e94ae234214d9b1094b36e15258c681926c49bcbbeb398a809defa407d149173e053691da97fb214eff63d807ced0,JB269379,,05/18/2018 10:30:00 PM,30,NO CONTROLS,NO CONTROLS,RAIN,"DARKNESS, LIGHTED ROAD",PARKED MOTOR VEHICLE,NOT DIVIDED,,STRAIGHT AND LEVEL,WET,WORN SURFACE,NOT ON SCENE (DESK REPORT),NO INJURY / DRIVE AWAY,,,Y,"OVER $1,500",05/18/2018 10:30:00 PM,UNABLE TO DETERMINE,NOT APPLICABLE,64,E,75TH ST,323.0,,,,,,,2,NO INDICATION OF INJURY,0.0,0.0,0.0,0.0,0.0,1.0,0.0,22,6,5,41.7583892751,-87.6222309375,POINT (-87.622230937503 41.758389275084)
63f17b2da6d83ff0c3e1721f905f02864a98f248d1f0c28a86044d04d3b4f952c45a6ecde3b030c970bc44c1bb0e27258d687a2a15449b26a6150807f554dc20,JD457708,,11/26/2021 06:20:00 PM,30,TRAFFIC SIGNAL,FUNCTIONING PROPERLY,CLEAR,"DARKNESS, LIGHTED ROAD",REAR END,NOT DIVIDED,,STRAIGHT AND LEVEL,DRY,NO DEFECTS,NOT ON SCENE (DESK REPORT),NO INJURY / DRIVE AWAY,,,,$500 OR LESS,11/26/2021 06:41:00 PM,UNABLE TO DETERMINE,NOT APPLICABLE,3249,W,PETERSON AVE,1711.0,,,,,,,2,NO INDICATION OF INJURY,0.0,0.0,0.0,0.0,0.0,3.0,0.0,18,6,11,41.9902532308,-87.7109208175,POINT (-87.71092081753 41.990253230778)
9925868bdc8612f506cff7f9d23344a752fc1e9eb202faf45607165a98aac06defd3f7bd9f6c683d3fb93b58464b5ea1e20f492a0c9a0ce90738da65f5a975fe,HZ260844,,05/11/2016 08:15:00 PM,30,NO CONTROLS,NO CONTROLS,CLEAR,"DARKNESS, LIGHTED ROAD",REAR END,ONE-WAY,1.0,STRAIGHT AND LEVEL,DRY,NO DEFECTS,NOT ON SCENE (DESK REPORT),NO INJURY / DRIVE AWAY,,,,$500 OR LESS,05/11/2016 09:00:00 PM,FOLLOWING TOO CLOSELY,UNABLE TO DETERMINE,2541,S,ST LOUIS AVE,1024.0,,,,,,,2,NO INDICATION OF INJURY,0.0,0.0,0.0,0.0,0.0,2.0,0.0,20,4,5,41.8450173365,-87.7122202073,POINT (-87.712220207268 41.845017336533)
9421b6e6ac90c36b411a524c290635911c8f2957cd5a6c9e57bd7199702616056e88e5e6d45f5580b5066deb500e2dc57d17d59c941125820a56fca25f4263ed,JD193276,,03/23/2020 01:15:00 PM,0,NO CONTROLS,NO CONTROLS,CLOUDY/OVERCAST,DAYLIGHT,PARKED MOTOR VEHICLE,PARKING LOT,,STRAIGHT AND LEVEL,DRY,NO DEFECTS,ON SCENE,NO INJURY / DRIVE AWAY,,,,"$501 - $1,500",03/23/2020 01:20:00 PM,UNABLE TO DETERMINE,NOT APPLICABLE,4821,W,NORTH AVE,2533.0,,,,,,,2,NO INDICATION OF INJURY,0.0,0.0,0.0,0.0,0.0,1.0,0.0,13,2,3,41.9095051477,-87.7469599363,POINT (-87.746959936272 41.909505147743)
065e4dc6efd3ccef4792921fec28788ad775905236b77494e5d0ed4236aac0e3fa157b53fef1323b5428b42d15cf55bfa1998db071c2011cef300629acf8ea20,JG374858,,08/03/2023 01:52:00 PM,30,NO CONTROLS,NO CONTROLS,CLEAR,DAYLIGHT,SIDESWIPE SAME DIRECTION,NOT DIVIDED,,STRAIGHT AND LEVEL,DRY,NO DEFECTS,NOT ON SCENE (DESK REPORT),NO INJURY / DRIVE AWAY,,,,"OVER $1,500",08/08/2023 05:20:00 PM,FAILING TO YIELD RIGHT-OF-WAY,IMPROPER OVERTAKING/PASSING,1506,E,53RD ST,234.0,,,,,,,2,NO INDICATION OF INJURY,0.0,0.0,0.0,0.0,0.0,2.0,0.0,13,5,8,41.7996554044,-87.5888133591,POINT (-87.588813359072 41.799655404371)
1d4336002746534af27af7c6bf88b93342796abd50f3047dbc7816d93734c597a0737cf5fd3b558fc4daa266dd20acc4201600e52f5a21106d07dcc5111ab65b,JA482863,,10/23/2017 08:00:00 AM,30,TRAFFIC SIGNAL,FUNCTIONING PROPERLY,RAIN,DAYLIGHT,REAR END,ONE-WAY,4.0,STRAIGHT AND LEVEL,WET,NO DEFECTS,NOT ON SCENE (DESK REPORT),NO INJURY / DRIVE AWAY,,,,"$501 - $1,500",10/23/2017 04:58:00 PM,WEATHER,NOT APPLICABLE,425,W,WASHINGTON ST,121.0,,,,,,,2,NO INDICATION OF INJURY,0.0,0.0,0.0,0.0,0.0,2.0,0.0,8,2,10,41.8830794946,-87.6390467221,POINT (-87.639046722068 41.883079494635)
6cf042b167845b4cc1cd0712606b3864955029295c3cc8b399483d7aae2134b99046ba934be46f26a24a5c1804166b58ec86054beacc5cfae487b39845e694bf,JC462289,,10/06/2019 01:30:00 PM,20,TRAFFIC SIGNAL,FUNCTIONING PROPERLY,CLEAR,DAYLIGHT,TURNING,NOT DIVIDED,,STRAIGHT AND LEVEL,DRY,NO DEFECTS,NOT ON SCENE (DESK REPORT),NO INJURY / DRIVE AWAY,,,,"OVER $1,500",10/06/2019 03:45:00 PM,IMPROPER TURNING/NO SIGNAL,NOT APPLICABLE,4357,N,SHERIDAN RD,1915.0,,,,,,,2,NO INDICATION OF INJURY,0.0,0.0,0.0,0.0,0.0,2.0,0.0,13,1,10,41.9614562863,-87.6545948698,POINT (-87.654594869781 41.961456286294)
5bb39a146faa871c6e571022979d01047405d410b3271b93aa5808e1581a6a98d19256491cf422a237d1198deed4d5dfa0759b08e14fe11c8467fb478fe6498a,JB479997,,10/18/2018 08:30:00 AM,30,TRAFFIC SIGNAL,FUNCTIONING PROPERLY,CLEAR,DAYLIGHT,ANGLE,NOT DIVIDED,2.0,STRAIGHT AND LEVEL,DRY,NO DEFECTS,ON SCENE,INJURY AND / OR TOW DUE TO CRASH,Y,,,"OVER $1,500",10/18/2018 08:30:00 AM,DISREGARDING TRAFFIC SIGNALS,NOT APPLICABLE,5500,S,INDIANA AVE,231.0,,,,,,,2,NONINCAPACITATING INJURY,2.0,0.0,0.0,2.0,0.0,0.0,0.0,8,5,10,41.7943689623,-87.6209833126,POINT (-87.620983312554 41.794368962316)
514eea789276fd64a50ba60c0229a6b6b645d94be08486224ba9c22a55b811a83ae18a1c4fa6f94869e5de068c981f80e60dc868fb7af7b0570ca85c451cf9ca,JE396979,,10/03/2021 07:30:00 PM,30,TRAFFIC SIGNAL,FUNCTIONING PROPERLY,CLEAR,"DARKNESS, LIGHTED ROAD",REAR END,FOUR WAY,,STRAIGHT AND LEVEL,DRY,NO DEFECTS,ON SCENE,INJURY AND / OR TOW DUE TO CRASH,Y,,,"OVER $1,500",10/03/2021 07:30:00 PM,FAILING TO REDUCE SPEED TO AVOID CRASH,FOLLOWING TOO CLOSELY,10,S,CENTRAL AVE,1513.0,,,,,,,2,"REPORTED, NOT EVIDENT",1.0,0.0,0.0,0.0,1.0,3.0,0.0,19,1,10,41.8799368275,-87.7650047785,POINT (-87.765004778452 41.879936827547)
6e5553f45190be47683537bd4c1257411bcc216b7642170d31a36f50b52b8ec4c0dc6b343de2562d91e67e3620597754cd2fd2f4f80af96b9c5bc822f4a18581,JE253076,,06/04/2021 04:30:00 AM,30,NO CONTROLS,NO CONTROLS,CLEAR,"DARKNESS, LIGHTED ROAD",PARKED MOTOR VEHICLE,NOT DIVIDED,,STRAIGHT AND LEVEL,DRY,NO DEFECTS,ON SCENE,INJURY AND / OR TOW DUE TO CRASH,,,,"OVER $1,500",06/04/2021 04:40:00 AM,EQUIPMENT - VEHICLE CONDITION,NOT APPLICABLE,10545,S,MICHIGAN AVE,512.0,,,,,,,2,NO INDICATION OF INJURY,0.0,0.0,0.0,0.0,0.0,1.0,0.0,4,6,6,41.7022137348,-87.6206148572,POINT (-87.620614857193 41.702213734777)
3dc5c0194b2c6839410106307761d120f1743a4a38134bd397dd6567ad8a75d42be0d36afbad68e04f0d345bfb3e132758ea25b3d513b83af6517a46d43b3c44,JB377310,,08/03/2018 12:00:00 PM,30,NO CONTROLS,NO CONTROLS,CLEAR,DAYLIGHT,SIDESWIPE SAME DIRECTION,NOT DIVIDED,,STRAIGHT AND LEVEL,DRY,NO DEFECTS,NOT ON SCENE (DESK REPORT),NO INJURY / DRIVE AWAY,Y,,,"OVER $1,500",08/03/2018 12:20:00 PM,FAILING TO YIELD RIGHT-OF-WAY,FAILING TO YIELD RIGHT-OF-WAY,1200,S,COLUMBUS DR,132.0,,,,,,,2,NO INDICATION OF INJURY,0.0,0.0,0.0,0.0,0.0,2.0,0.0,12,6,8,41.8673879139,-87.6204910341,POINT (-87.620491034097 41.867387913926)
b7b450f36a6a86b6efb8998f5be60040b8eac55697049433c195b9664638fcb9d4a8321ad362c7ad1a94d1e8d76535b5fb68b73a14ecc856abb46c932ecb8832,JA484430,,10/24/2017 05:18:00 PM,20,NO CONTROLS,NO CONTROLS,RAIN,DAYLIGHT,PEDESTRIAN,ONE-WAY,1.0,STRAIGHT AND LEVEL,WET,NO DEFECTS,ON SCENE,INJURY AND / OR TOW DUE TO CRASH,,,,"OVER $1,500",10/24/2017 05:18:00 PM,DISTRACTION - FROM OUTSIDE VEHICLE,UNABLE TO DETERMINE,1441,N,KILDARE AVE,2534.0,,,,,,,2,NONINCAPACITATING INJURY,1.0,0.0,0.0,1.0,0.0,1.0,0.0,17,3,10,41.9073858862,-87.7336573106,POINT (-87.73365731061 41.907385886225)
0d206b0ef4f853a82c2db0758244666311c89a50dd743e48b53ccafb72fdfda9834ac6b264a75e55fd2d678ea6ca7461cd6f204c2fb6e53002864b8889263971,JE271303,,06/18/2021 10:00:00 PM,30,TRAFFIC SIGNAL,FUNCTIONING PROPERLY,CLEAR,DAWN,SIDESWIPE SAME DIRECTION,NOT DIVIDED,,STRAIGHT AND LEVEL,DRY,NO DEFECTS,NOT ON SCENE (DESK REPORT),NO INJURY / DRIVE AWAY,Y,,,$500 OR LESS,06/19/2021 12:45:00 AM,UNABLE TO DETERMINE,UNABLE TO DETERMINE,10,E,75TH ST,323.0,,,,,,,2,NO INDICATION OF INJURY,0.0,0.0,0.0,0.0,0.0,2.0,0.0,22,6,6,41.7583104728,-87.624323409,POINT (-87.624323409048 41.758310472839)
e23018cccb0a41520eed5d54fbf7946f1bd315b526d5a6ed06c57bbc838a373d2d162501d59c3b19886c283f7f78b4c8dc87dc9626b426bf8d2372b06c47130b,JC387841,N,08/11/2019 09:30:00 AM,30,STOP SIGN/FLASHER,FUNCTIONING PROPERLY,CLEAR,DAYLIGHT,ANGLE,NOT DIVIDED,,STRAIGHT AND LEVEL,DRY,NO DEFECTS,NOT ON SCENE (DESK REPORT),NO INJURY / DRIVE AWAY,N,,,"$501 - $1,500",08/11/2019 09:35:00 AM,FAILING TO YIELD RIGHT-OF-WAY,NOT APPLICABLE,2030,W,99TH ST,2213.0,,,,,,,2,NO INDICATION OF INJURY,0.0,0.0,0.0,0.0,0.0,2.0,0.0,9,1,8,41.7138982142,-87.6733157938,POINT (-87.673315793753 41.713898214152)
e3507e8e71748273d16e0c86c5dc8d57771d352686ac2d48c4d0c8d47f9f705ae6e8561e44c7d757569b6501de7567b11783fe80656d90c1869e80ac6dc5fcf3,JC343876,,07/11/2019 08:55:00 AM,30,TRAFFIC SIGNAL,FUNCTIONING PROPERLY,CLEAR,DAYLIGHT,REAR END,NOT DIVIDED,,STRAIGHT AND LEVEL,DRY,NO DEFECTS,ON SCENE,INJURY AND / OR TOW DUE TO CRASH,,,,"OVER $1,500",07/11/2019 09:00:00 AM,UNABLE TO DETERMINE,NOT APPLICABLE,1654,W,119TH ST,2234.0,,,,,,,2,NO INDICATION OF INJURY,0.0,0.0,0.0,0.0,0.0,2.0,0.0,8,5,7,41.6776170559,-87.6631131459,POINT (-87.663113145868 41.677617055887)
d3246d768cc1b798c9a8f127cac98d47fd7444626128f49589dae302df6551e216ac65df1662947f49d418a0466f95c679c52491c50c238ccb3e906848c3f248,HZ200537,,03/24/2016 08:05:00 PM,30,NO CONTROLS,NO CONTROLS,CLEAR,"DARKNESS, LIGHTED ROAD",REAR END,NOT DIVIDED,,STRAIGHT ON GRADE,DRY,NO DEFECTS,NOT ON SCENE (DESK REPORT),NO INJURY / DRIVE AWAY,,,,"$501 - $1,500",03/25/2016 12:58:00 PM,NOT APPLICABLE,NOT APPLICABLE,1434,E,87TH ST,412.0,,,,,,,2,NO INDICATION OF INJURY,0.0,0.0,0.0,0.0,0.0,2.0,0.0,20,5,3,41.7369783401,-87.5889378037,POINT (-87.588937803658 41.736978340093)
828f39c0cd848a86bee00fa26c856dba2be498ec6ad3539b1bdf9f3701444d01ba71eeb2b95ab87d9c0e617f3f85284120cddaffc4e47fa2bfe745065daabaa7,JD435123,,11/18/2020 05:15:00 PM,30,NO CONTROLS,NO CONTROLS,CLEAR,DAYLIGHT,TURNING,NOT DIVIDED,,STRAIGHT AND LEVEL,DRY,NO DEFECTS,NOT ON SCENE (DESK REPORT),NO INJURY / DRIVE AWAY,Y,,,"$501 - $1,500",11/18/2020 05:50:00 PM,IMPROPER OVERTAKING/PASSING,NOT APPLICABLE,6599,N,KEDZIE AVE,2412.0,,,,,,,2,NO INDICATION OF INJURY,0.0,0.0,0.0,0.0,0.0,2.0,0.0,17,4,11,42.0009235353,-87.7092208179,POINT (-87.709220817946 42.000923535332)
225abc6ba3cd50c523ea6182666ea5ba6f7c22756a3ebd642473fdd6dc062e26f4317e44ec0c34cf73fdc1f32621dde28cad16d93ad32096e1efa8d39b96eefc,JC146408,,02/09/2019 02:30:00 PM,30,NO CONTROLS,NO CONTROLS,CLEAR,DAYLIGHT,SIDESWIPE SAME DIRECTION,NOT DIVIDED,2.0,STRAIGHT AND LEVEL,DRY,NO DEFECTS,NOT ON SCENE (DESK REPORT),NO INJURY / DRIVE AWAY,,,,$500 OR LESS,02/09/2019 06:30:00 PM,DRIVING SKILLS/KNOWLEDGE/EXPERIENCE,UNABLE TO DETERMINE,5550,W,BELMONT AVE,1633.0,,,,,,,2,NO INDICATION OF INJURY,0.0,0.0,0.0,0.0,0.0,1.0,0.0,14,7,2,41.9386885936,-87.7661234379,POINT (-87.766123437859 41.938688593596)
c7333126b2422de258b024f5d54f27a118cc9ab1816bfef01c125e36eb9f85b2700c83195a6da5286b92787c870891c52c2bfd17574e2877206e0bf7409dcb15,JB230768,,04/20/2018 08:15:00 AM,35,TRAFFIC SIGNAL,FUNCTIONING PROPERLY,CLEAR,DAYLIGHT,REAR END,NOT DIVIDED,2.0,STRAIGHT AND LEVEL,DRY,NO DEFECTS,NOT ON SCENE (DESK REPORT),NO INJURY / DRIVE AWAY,,,,"$501 - $1,500",04/20/2018 08:34:00 AM,FOLLOWING TOO CLOSELY,FOLLOWING TOO CLOSELY,6300,S,DAMEN AVE,726.0,,,,,,,2,NO INDICATION OF INJURY,0.0,0.0,0.0,0.0,0.0,2.0,0.0,8,6,4,41.7792269207,-87.6740527314,POINT (-87.674052731379 41.779226920693)
7b2ee4f891dc5d1e6f1878241025352a43d5d00e57a4a2142dd5ee774f431f4e2775f6bb5b2e31b6b29175567cea2938de05cf61707252a6bfb642039d4a2951,JB503284,,11/04/2018 03:00:00 PM,20,NO CONTROLS,NO CONTROLS,RAIN,DAYLIGHT,PARKED MOTOR VEHICLE,NOT DIVIDED,,STRAIGHT AND LEVEL,WET,NO DEFECTS,NOT ON SCENE (DESK REPORT),NO INJURY / DRIVE AWAY,,,N,"OVER $1,500",11/04/2018 03:30:00 PM,UNABLE TO DETERMINE,NOT APPLICABLE,10817,S,SANGAMON ST,2234.0,,,,,,,2,NO INDICATION OF INJURY,0.0,0.0,0.0,0.0,0.0,1.0,0.0,15,1,11,41.6972325416,-87.6460348982,POINT (-87.646034898216 41.697232541553)
dd863015557acbfd48c17b8ecca3d2c8f59f6222c82a804e6be0d1d914cef4ae1051dbe7ab4c1d74b2f7fb36d3e5d209a4d9373f7e455697c0e1ac81a687e269,JB126111,,01/22/2018 11:23:00 PM,30,NO CONTROLS,NO CONTROLS,CLEAR,"DARKNESS, LIGHTED ROAD",SIDESWIPE SAME DIRECTION,NOT DIVIDED,2.0,STRAIGHT AND LEVEL,DRY,NO DEFECTS,ON SCENE,INJURY AND / OR TOW DUE TO CRASH,,,Y,"OVER $1,500",01/22/2018 11:24:00 PM,IMPROPER LANE USAGE,FAILING TO YIELD RIGHT-OF-WAY,2540,W,MARQUETTE RD,832.0,,,,,,,2,NO INDICATION OF INJURY,0.0,0.0,0.0,0.0,0.0,3.0,0.0,23,2,1,41.7720229139,-87.6875123726,POINT (-87.687512372578 41.772022913873)
47cf310d07df123a4210d99849412dc75ff11bdc79546587aa883ec25ab80abf02bb5d7ab79e5700fbaee1d94d5869af49b1326c9144bd70dc924e2bd6614712,JA193960,,03/20/2017 02:30:00 PM,30,NO CONTROLS,NO CONTROLS,CLEAR,DAYLIGHT,FIXED OBJECT,DIVIDED - W/MEDIAN BARRIER,4.0,STRAIGHT AND LEVEL,DRY,NO DEFECTS,NOT ON SCENE (DESK REPORT),NO INJURY / DRIVE AWAY,,,,"OVER $1,500",03/20/2017 03:45:00 PM,UNABLE TO DETERMINE,UNABLE TO DETERMINE,2000,W,18TH ST,1234.0,,,,,,,2,NO INDICATION OF INJURY,0.0,0.0,0.0,0.0,0.0,1.0,0.0,14,2,3,41.8577710109,-87.6761195654,POINT (-87.676119565392 41.857771010925)
647eb4fe5bc0cf88f94d94475f2c82acc80d556a7c3e07fe8f401b92f55842b36388e9f00d7ace96eee2c343446a3b59941f76c8dd535b3d327b61ca9e6310cc,JC266153,,05/16/2019 08:45:00 PM,30,NO CONTROLS,NO CONTROLS,CLEAR,DUSK,TURNING,DIVIDED - W/MEDIAN (NOT RAISED),,STRAIGHT AND LEVEL,DRY,NO DEFECTS,ON SCENE,INJURY AND / OR TOW DUE TO CRASH,,,,$500 OR LESS,05/16/2019 09:00:00 PM,IMPROPER OVERTAKING/PASSING,NOT APPLICABLE,400,N,LARAMIE AVE,1523.0,,,,,,,2,"REPORTED, NOT EVIDENT",1.0,0.0,0.0,0.0,1.0,1.0,0.0,20,5,5,41.8878620713,-87.7554862834,POINT (-87.75548628343 41.887862071289)
3486eafb7cb965328b646bf8963910ef70c8b3d176dd0ee61be6d089cce7562692eb87b96cd80121793542f427d898485e69bc66278c044e726dc347d9321ed0,JF172696,,03/13/2022 03:30:00 PM,30,UNKNOWN,UNKNOWN,CLEAR,DAYLIGHT,SIDESWIPE SAME DIRECTION,NOT DIVIDED,,STRAIGHT AND LEVEL,UNKNOWN,UNKNOWN,NOT ON SCENE (DESK REPORT),NO INJURY / DRIVE AWAY,,,,"$501 - $1,500",03/13/2022 04:30:00 PM,IMPROPER OVERTAKING/PASSING,IMPROPER OVERTAKING/PASSING,3100,W,MONTROSE AVE,1724.0,,,,,,,2,NO INDICATION OF INJURY,0.0,0.0,0.0,0.0,0.0,2.0,0.0,15,1,3,41.9613129033,-87.7058623709,POINT (-87.705862370938 41.961312903299)
2a236e2cc3d073ee0ffa689b751e604fa3bd9377f2e186d1468e2e5319666729b14026dc9a64de3d80a0c1e772adcdffceba8c62a59b457f63e171c10be80f61,JC224436,,04/14/2019 03:52:00 PM,30,NO CONTROLS,NO CONTROLS,SNOW,DAYLIGHT,ANGLE,DIVIDED - W/MEDIAN (NOT RAISED),,STRAIGHT AND LEVEL,SNOW OR SLUSH,UNKNOWN,ON SCENE,INJURY AND / OR TOW DUE TO CRASH,Y,,,"OVER $1,500",04/14/2019 03:52:00 PM,UNABLE TO DETERMINE,UNABLE TO DETERMINE,1998,S,ASHLAND AVE,1234.0,,,,,,,2,NO INDICATION OF INJURY,0.0,0.0,0.0,0.0,0.0,2.0,0.0,15,1,4,41.8551086636,-87.666221271,POINT (-87.666221270951 41.85510866355)
6fd7a1c3f23fce274f900e115caf93fefca7e9adcf08e61f6379670efe87b4fafdb0406dc81d748a5a2378d6f47b419c2b7aef47a036541ea80fd634e10b3bc7,JG391447,,08/20/2023 07:00:00 PM,15,NO CONTROLS,NO CONTROLS,CLEAR,DAYLIGHT,OTHER OBJECT,NOT DIVIDED,,STRAIGHT AND LEVEL,DRY,UNKNOWN,NOT ON SCENE (DESK REPORT),NO INJURY / DRIVE AWAY,,,,"OVER $1,500",08/21/2023 10:50:00 AM,UNABLE TO DETERMINE,UNABLE TO DETERMINE,1332,N,MILWAUKEE AVE,1424.0,,,,,,,1,NO INDICATION OF INJURY,0.0,0.0,0.0,0.0,0.0,1.0,0.0,19,1,8,41.9058847202,-87.6706650851,POINT (-87.670665085108 41.905884720172)
749162438c6a88c4b211d35329e3bfe3cc401c49ba3f88ac7ed795f9e143d43c5cdcfaacd51cd1a6d31ee3f6e082ed8219e9ae73b49cdefee61c9e40dee37e83,JA216929,,04/08/2017 05:37:00 AM,30,NO CONTROLS,NO CONTROLS,CLEAR,DARKNESS,PARKED MOTOR VEHICLE,DIVIDED - W/MEDIAN (NOT RAISED),2.0,STRAIGHT AND LEVEL,DRY,NO DEFECTS,ON SCENE,INJURY AND / OR TOW DUE TO CRASH,,,,"OVER $1,500",04/08/2017 05:37:00 AM,ANIMAL,FAILING TO REDUCE SPEED TO AVOID CRASH,5345,W,JACKSON BLVD,1522.0,,,,,,,3,"REPORTED, NOT EVIDENT",2.0,0.0,0.0,0.0,2.0,0.0,0.0,5,7,4,41.8764909793,-87.7592748194,POINT (-87.759274819447 41.876490979289)