CRASH_RECORD_ID,RD_NO,CRASH_DATE_EST_I,CRASH_DATE,POSTED_SPEED_LIMIT,TRAFFIC_CONTROL_DEVICE,DEVICE_CONDITION,WEATHER_CONDITION,LIGHTING_CONDITION,FIRST_CRASH_TYPE,TRAFFICWAY_TYPE,LANE_CNT,ALIGNMENT,ROADWAY_SURFACE_COND,ROAD_DEFECT,REPORT_TYPE,CRASH_TYPE,INTERSECTION_RELATED_I,NOT_RIGHT_OF_WAY_I,HIT_AND_RUN_I,DAMAGE,DATE_POLICE_NOTIFIED,PRIM_CONTRIBUTORY_CAUSE,SEC_CONTRIBUTORY_CAUSE,STREET_NO,STREET_DIRECTION,STREET_NAME,BEAT_OF_OCCURRENCE,PHOTOS_TAKEN_I,STATEMENTS_TAKEN_I,DOORING_I,WORK_ZONE_I,WORK_ZONE_TYPE,WORKERS_PRESENT_I,NUM_UNITS,MOST_SEVERE_INJURY,INJURIES_TOTAL,INJURIES_FATAL,INJURIES_INCAPACITATING,INJURIES_NON_INCAPACITATING,INJURIES_REPORTED_NOT_EVIDENT,INJURIES_NO_INDICATION,INJURIES_UNKNOWN,CRASH_HOUR,CRASH_DAY_OF_WEEK,CRASH_MONTH,LATITUDE,LONGITUDE,LOCATION
f41f1616e01010adf3b49896428775c16e8cc20488d68265147f108fab6794e08375706c9f1a62ae17001f1c50cb3f0eb38b4e6f3fdacd63c15f2b44a3c5dee5,JB252081,,05/06/2018 06:15:00 AM,30,TRAFFIC SIGNAL,FUNCTIONING PROPERLY,CLEAR,DAYLIGHT,TURNING,OTHER,,STRAIGHT AND LEVEL,DRY,NO DEFECTS,ON SCENE,INJURY AND / OR TOW DUE TO CRASH,Y,,,"OVER $1,500",05/06/2018 06:18:00 AM,FAILING TO YIELD RIGHT-OF-WAY,IMPROPER TURNING/NO SIGNAL,2400,W,FULLERTON AVE,1431.0,,,,,,,3,INCAPACITATING INJURY,1.0,0.0,1.0,0.0,0.0,4.0,0.0,6,1,5,41.9250099348,-87.6877047522,POINT (-87.687704752222 41.925009934765)
e485632b8f74d4608a891d76df981457d372bb87465778b4d68d0c1c685770a333906fba0cd57b0b8e1acd9d518dbee59d720fef23eb746eb590f669be8c179d,JF444688,,10/22/2022 01:31:00 PM,20,NO CONTROLS,NO CONTROLS,CLEAR,DAYLIGHT,SIDESWIPE SAME DIRECTION,ONE-WAY,,STRAIGHT AND LEVEL,DRY,NO DEFECTS,NOT ON SCENE (DESK REPORT),NO INJURY / DRIVE AWAY,,,Y,"OVER $1,500",10/22/2022 02:56:00 PM,IMPROPER OVERTAKING/PASSING,UNABLE TO DETERMINE,2152,N,LONG AVE,2515.0,,,,,,,2,NO INDICATION OF INJURY,0.0,0.0,0.0,0.0,0.0,2.0,0.0,13,7,10,41.9201432331,-87.7610877811,POINT (-87.761087781059 41.920143233128)
422af4a6afed7cbea9716885155cbcd4a913c61429f84eee06c9d1c7f35c49f7fe5e832226327d32c50ed8d39429731fe8f6cb29e5b2544ce5fa4b977db16291,JC221649,,04/12/2019 12:16:00 PM,30,STOP SIGN/FLASHER,FUNCTIONING PROPERLY,CLEAR,DAYLIGHT,TURNING,OTHER,2.0,STRAIGHT AND LEVEL,DRY,NO DEFECTS,ON SCENE,INJURY AND / OR TOW DUE TO CRASH,Y,,,"OVER $1,500",04/12/2019 12:20:00 PM,FAILING TO YIELD RIGHT-OF-WAY,FAILING TO YIELD RIGHT-OF-WAY,6200,S,KEDZIE AVE,823.0,,,,,,,2,NONINCAPACITATING INJURY,1.0,0.0,0.0,1.0,0.0,1.0,0.0,12,6,4,41.7807478543,-87.7033329372,POINT (-87.703332937155 41.78074785433)
0e682e060dc5d30537207eb2ba725e1b30e837af62b635342d8b1cf5d619b7bf3df0b1add1e651f6fff28ec8735f4feac3d4b88073b2fe5dd1e0074e04ac11ec,JG426757,,09/16/2023 02:45:00 PM,30,NO CONTROLS,NO CONTROLS,CLOUDY/OVERCAST,DAYLIGHT,REAR END,DIVIDED - W/MEDIAN (NOT RAISED),,STRAIGHT AND LEVEL,DRY,NO DEFECTS,,INJURY AND / OR TOW DUE TO CRASH,,,,"OVER $1,500",09/16/2023 03:20:00 PM,UNABLE TO DETERMINE,UNABLE TO DETERMINE,4415,W,FULLERTON AVE,2522.0,,,,,,,2,"REPORTED, NOT EVIDENT",2.0,0.0,0.0,0.0,2.0,2.0,0.0,14,7,9,41.9242480956,-87.7371753012,POINT (-87.737175301207 41.924248095591)
14e0d11982c6002b326315600a1821481699b28d2b570409c74336fe31a943fcd935e354f38d80d4fd46d5a9994ada75ee021cc2c0f5e87b73c32861c27455e2,JC260497,,05/12/2019 08:19:00 PM,30,NO CONTROLS,NO CONTROLS,RAIN,DARKNESS,PEDESTRIAN,NOT DIVIDED,,STRAIGHT AND LEVEL,WET,NO DEFECTS,ON SCENE,INJURY AND / OR TOW DUE TO CRASH,,,Y,"OVER $1,500",05/12/2019 08:19:00 PM,FAILING TO REDUCE SPEED TO AVOID CRASH,IMPROPER LANE USAGE,4918,N,MILWAUKEE AVE,1623.0,,,,,,,2,NONINCAPACITATING INJURY,1.0,0.0,0.0,1.0,0.0,1.0,0.0,20,1,5,41.970092744,-87.7628739668,POINT (-87.762873966809 41.970092744046)
0886dff3485d99029f0d60bea1e622192dab5b8768a48baad0edaf263d8388e2a57d03e7dbfdb1e39c2b25728049f6c8411c999c2dc00e737bfb9795db600b15,JG425224,,09/15/2023 01:00:00 PM,30,NO CONTROLS,NO CONTROLS,CLEAR,DAYLIGHT,REAR END,NOT DIVIDED,,STRAIGHT AND LEVEL,DRY,NO DEFECTS,NOT ON SCENE (DESK REPORT),NO INJURY / DRIVE AWAY,,,,"$501 - $1,500",09/15/2023 01:19:00 PM,FOLLOWING TOO CLOSELY,NOT APPLICABLE,4300,W,59TH ST,813.0,,,,,,,2,NO INDICATION OF INJURY,0.0,0.0,0.0,0.0,0.0,4.0,0.0,13,6,9,41.7859716358,-87.7303608958,POINT (-87.730360895839 41.785971635777)
50d4a52776d3ce96265d185e218901defd28830695d41d8def937894a47c096187ebe63c711a8730f13ab04f2689b23a7c524ede7e61857e5232b9bbee6ec37d,JB401208,,08/20/2018 11:00:00 AM,35,TRAFFIC SIGNAL,FUNCTIONING PROPERLY,CLEAR,DAYLIGHT,SIDESWIPE SAME DIRECTION,NOT DIVIDED,4.0,STRAIGHT AND LEVEL,DRY,NO DEFECTS,NOT ON SCENE (DESK REPORT),NO INJURY / DRIVE AWAY,,,Y,"$501 - $1,500",08/20/2018 11:55:00 AM,UNABLE TO DETERMINE,UNABLE TO DETERMINE,8258,S,PULASKI RD,834.0,,,,,,,2,NO INDICATION OF INJURY,0.0,0.0,0.0,0.0,0.0,2.0,0.0,11,2,8,41.7422219295,-87.7218273082,POINT (-87.721827308183 41.7422219295)
d28b3cb16339ba199a3521dc3d33dd00094810078a9258635bd62267160881daaf700b5addb2053fd29d5fb188e88a3fc46753590add466ddcb1bd7809aab6db,JC137935,,02/02/2019 05:15:00 PM,30,NO CONTROLS,NO CONTROLS,SNOW,"DARKNESS, LIGHTED ROAD",SIDESWIPE SAME DIRECTION,NOT DIVIDED,,STRAIGHT AND LEVEL,WET,NO DEFECTS,ON SCENE,NO INJURY / DRIVE AWAY,,,Y,$500 OR LESS,02/02/2019 05:16:00 PM,NOT APPLICABLE,NOT APPLICABLE,2129,W,GRANVILLE AVE,2413.0,,,,,,,2,NO INDICATION OF INJURY,0.0,0.0,0.0,0.0,0.0,2.0,0.0,17,7,2,41.9940891324,-87.6835498823,POINT (-87.68354988229 41.994089132376)
3d950c777ed96b3a6ab50831820b6792ade5968114d466b4c366b636936a7289346dc3b97b40bfdbef010c7a588e63f4baf3fb9cc47a1b24daed77a2753b5992,JF457834,,11/01/2022 12:00:00 PM,30,STOP SIGN/FLASHER,NO CONTROLS,CLEAR,DAYLIGHT,REAR END,NOT DIVIDED,,STRAIGHT AND LEVEL,DRY,UNKNOWN,ON SCENE,NO INJURY / DRIVE AWAY,,,,"$501 - $1,500",11/01/2022 12:05:00 PM,UNABLE TO DETERMINE,UNABLE TO DETERMINE,3131,N,MILWAUKEE AVE,2523.0,,Y,,,,,2,NO INDICATION OF INJURY,0.0,0.0,0.0,0.0,0.0,2.0,0.0,12,3,11,41.9378768785,-87.7216177268,POINT (-87.721617726849 41.937876878482)
7bba9ac8c0d9a353b400f37c7fefc8e9980cc0c503dd958e984873bec738a57f39f8327d57f902cec5d993944a3b19d0095b4bfe00e420ae10c3045814779472,JA442792,,09/22/2017 10:00:00 PM,30,TRAFFIC SIGNAL,FUNCTIONING PROPERLY,CLEAR,"DARKNESS, LIGHTED ROAD",TURNING,DIVIDED - W/MEDIAN (NOT RAISED),4.0,STRAIGHT AND LEVEL,DRY,NO DEFECTS,,NO INJURY / DRIVE AWAY,Y,,,$500 OR LESS,09/22/2017 11:40:00 PM,NOT APPLICABLE,NOT APPLICABLE,626,N,MICHIGAN AVE,1834.0,,,,,,,2,NO INDICATION OF INJURY,0.0,0.0,0.0,0.0,0.0,3.0,0.0,22,6,9,41.8933722143,-87.6243614185,POINT (-87.624361418497 41.893372214284)
08aa8c2e1c80d79f19a08de9f1f1b6594ec5820621a2c326878495d3b0d79aed37e704e4215a6b97a400308623527bdd15d709324990659d5edec44ee9ecbe58,JD333045,,08/15/2020 04:33:00 AM,30,NO CONTROLS,NO CONTROLS,CLEAR,"DARKNESS, LIGHTED ROAD",FIXED OBJECT,NOT DIVIDED,,STRAIGHT AND LEVEL,DRY,NO DEFECTS,ON SCENE,INJURY AND / OR TOW DUE TO CRASH,,Y,,"OVER $1,500",08/15/2020 04:42:00 AM,DISTRACTION - FROM INSIDE VEHICLE,NOT APPLICABLE,6300,W,ADDISON ST,1633.0,,,,,,,1,NO INDICATION OF INJURY,0.0,0.0,0.0,0.0,0.0,2.0,0.0,4,7,8,41.9458051184,-87.7839384499,POINT (-87.783938449854 41.945805118409)
c27784ef87f0f2626302a19c53b3939c11ad9e5f32318f4c5a0abde948c2687ea6108274d76ea474e4a91a44d95b54efae5a7254e11de6dcdac9e474b8b4a4c5,JD185668,Y,03/14/2020 04:00:00 PM,15,NO CONTROLS,NO CONTROLS,CLEAR,DAYLIGHT,ANGLE,ALLEY,,STRAIGHT AND LEVEL,DRY,UNKNOWN,ON SCENE,NO INJURY / DRIVE AWAY,,,,"OVER $1,500",03/14/2020 04:24:00 PM,FAILING TO YIELD RIGHT-OF-WAY,NOT APPLICABLE,5506,S,MORGAN ST,712.0,,,,,,,2,NO INDICATION OF INJURY,0.0,0.0,0.0,0.0,0.0,2.0,0.0,16,7,3,41.7936170201,-87.6501498184,POINT (-87.65014981839 41.793617020063)
e1316f57b94c5210c6da07f4dfade34d74432b13a8f0a1d99d5600d00e58566a6952df8fc01560107b9a43eda7d4c77c828f8494334ebf39ae6fae9d9e29dc66,JD312810,,07/27/2020 07:18:00 PM,30,UNKNOWN,UNKNOWN,CLEAR,"DARKNESS, LIGHTED ROAD",SIDESWIPE SAME DIRECTION,DIVIDED - W/MEDIAN BARRIER,,STRAIGHT AND LEVEL,DRY,UNKNOWN,NOT ON SCENE (DESK REPORT),NO INJURY / DRIVE AWAY,,,,"OVER $1,500",07/28/2020 11:40:00 AM,IMPROPER OVERTAKING/PASSING,IMPROPER OVERTAKING/PASSING,70,E,GARFIELD BLVD,225.0,,,,,,,2,NO INDICATION OF INJURY,0.0,0.0,0.0,0.0,0.0,2.0,0.0,19,2,7,41.7947940243,-87.6229151036,POINT (-87.62291510355 41.794794024265)
afeb8f6655172d3ff8fc8a4c9dbd99892bbbdc279fe04809333749b1fb24118d5fb1dcc8e46cefa7c96965939a3fc526f0d9b862d9157c2e905a50e36a70e419,JE191187,,04/06/2021 01:20:00 PM,5,NO CONTROLS,NO CONTROLS,CLEAR,DAYLIGHT,PARKED MOTOR VEHICLE,PARKING LOT,,STRAIGHT AND LEVEL,DRY,NO DEFECTS,ON SCENE,NO INJURY / DRIVE AWAY,,,,"OVER $1,500",04/06/2021 01:29:00 PM,UNABLE TO DETERMINE,UNABLE TO DETERMINE,108,W,111TH ST,513.0,,,,,,,2,NO INDICATION OF INJURY,0.0,0.0,0.0,0.0,0.0,1.0,0.0,13,3,4,41.6926570343,-87.6262392632,POINT (-87.626239263238 41.692657034287)
1637d351b9fa942a6c3f175b497c62c93a820a06a4db52efc8abc07ed4a697075a0ceba980d9ba5c4fe2dfd295134a3031f43baf1f7f1ea2360fc5f337fa5029,JA233552,,04/20/2017 08:00:00 AM,30,NO CONTROLS,NO CONTROLS,CLEAR,DAYLIGHT,PARKED MOTOR VEHICLE,DIVIDED - W/MEDIAN (NOT RAISED),2.0,STRAIGHT AND LEVEL,DRY,NO DEFECTS,NOT ON SCENE (DESK REPORT),NO INJURY / DRIVE AWAY,,,,"OVER $1,500",04/21/2017 02:50:00 PM,IMPROPER OVERTAKING/PASSING,IMPROPER OVERTAKING/PASSING,1600,W,MADISON ST,1224.0,,,,,,,2,NO INDICATION OF INJURY,0.0,0.0,0.0,0.0,0.0,1.0,0.0,8,5,4,41.881564167,-87.6669294629,POINT (-87.666929462948 41.88156416702)
980180ad11543a44db14c05fe7c8b962345494889862dcec1d4f4dae1e0e296b69054a67e5c39954cd48e4aab4b3af278088ac1186e25836e3e29f559737b2eb,JC439873,,09/10/2019 03:45:00 PM,30,TRAFFIC SIGNAL,FUNCTIONING PROPERLY,CLEAR,DAYLIGHT,REAR END,ONE-WAY,,STRAIGHT AND LEVEL,DRY,NO DEFECTS,NOT ON SCENE (DESK REPORT),NO INJURY / DRIVE AWAY,,,,"$501 - $1,500",09/19/2019 02:05:00 PM,UNABLE TO DETERMINE,UNABLE TO DETERMINE,1700,N,LA SALLE DR,1814.0,,,,,,,2,NO INDICATION OF INJURY,0.0,0.0,0.0,0.0,0.0,5.0,0.0,15,3,9,41.9128749374,-87.6332656389,POINT (-87.633265638884 41.912874937441)
41a0b8c8f6956149c6edc7527c40d968b786a689afa9b3ffcc982dc1744d98234e85fff4b36d56eb34f7130ef8763f92f5c2369395cca95f16d8dbfbfbb36d3d,JF415533,,09/29/2022 04:10:00 PM,30,NO CONTROLS,NO CONTROLS,CLEAR,DAYLIGHT,PEDESTRIAN,NOT DIVIDED,,STRAIGHT AND LEVEL,DRY,NO DEFECTS,NOT ON SCENE (DESK REPORT),INJURY AND / OR TOW DUE TO CRASH,,,,$500 OR LESS,09/29/2022 04:15:00 PM,FAILING TO YIELD RIGHT-OF-WAY,DISTRACTION - FROM OUTSIDE VEHICLE,2908,E,91ST ST,423.0,,,,,,,2,NONINCAPACITATING INJURY,1.0,0.0,0.0,1.0,0.0,1.0,0.0,16,5,9,41.7301565434,-87.553598612,POINT (-87.553598612008 41.730156543391)
6a2abda5337f7c3a65d3b0b5f723265514811a8c815e672b525d32d2d8f18c180f69aec3e7e11c45182f779be2f831a55ee576524272b18df9c467215c7be22b,JF409715,Y,09/25/2022 06:00:00 AM,15,NO CONTROLS,NO CONTROLS,CLEAR,DAYLIGHT,PARKED MOTOR VEHICLE,NOT DIVIDED,,STRAIGHT AND LEVEL,DRY,NO DEFECTS,ON SCENE,NO INJURY / DRIVE AWAY,,,,"OVER $1,500",09/25/2022 06:14:00 AM,UNABLE TO DETERMINE,UNABLE TO DETERMINE,6213,S,LAWNDALE AVE,823.0,,,,,,,2,NO INDICATION OF INJURY,0.0,0.0,0.0,0.0,0.0,1.0,0.0,6,1,9,41.780141427,-87.7152916807,POINT (-87.715291680724 41.780141427041)
a90446b4540e823145b81c6bd94e973f774449a103683a17e585dd6c95c0c13d578dd6a1e706c0b10cf5607d203c1b3f2e1d72e9a4792bde0f5407ba10b7b9e7,JD429995,,11/13/2020 10:00:00 AM,20,NO CONTROLS,NO CONTROLS,CLEAR,DAYLIGHT,TURNING,NOT DIVIDED,,STRAIGHT AND LEVEL,DRY,NO DEFECTS,ON SCENE,NO INJURY / DRIVE AWAY,,,Y,$500 OR LESS,11/13/2020 10:00:00 AM,FAILING TO YIELD RIGHT-OF-WAY,FAILING TO YIELD RIGHT-OF-WAY,7199,W,56TH ST,811.0,,,,,,,2,NO INDICATION OF INJURY,0.0,0.0,0.0,0.0,0.0,2.0,0.0,10,6,11,,,
9aa6bfce4a1497dee0acb74188f215aa56203d599cf0a90f15a621a584af6d5a0e803f38b7c6e367af4bfb60a5522c60a86f09776ed32bd70439819408c6077e,HZ542122,,12/06/2016 12:56:00 PM,30,TRAFFIC SIGNAL,FUNCTIONING PROPERLY,CLEAR,DAYLIGHT,TURNING,NOT DIVIDED,2.0,STRAIGHT AND LEVEL,DRY,NO DEFECTS,ON SCENE,NO INJURY / DRIVE AWAY,,,,$500 OR LESS,12/06/2016 01:03:00 PM,IMPROPER TURNING/NO SIGNAL,NOT APPLICABLE,801,W,69TH ST,733.0,,,,,,,2,NO INDICATION OF INJURY,0.0,0.0,0.0,0.0,0.0,2.0,0.0,12,3,12,41.7687269879,-87.6445654109,POINT (-87.644565410866 41.768726987859)
c573414bafa0f639cfaefb0c05221c30b7def7b0592b1239e245395eacf013665c11eb86aef574a32275047a962980a8f2d8a63c78414becbd6669c82c51c5e7,JD179239,,03/09/2020 09:15:00 AM,30,NO CONTROLS,NO CONTROLS,OTHER,DAYLIGHT,PARKED MOTOR VEHICLE,NOT DIVIDED,,STRAIGHT AND LEVEL,WET,NO DEFECTS,ON SCENE,INJURY AND / OR TOW DUE TO CRASH,,,Y,"OVER $1,500",03/09/2020 09:16:00 AM,UNABLE TO DETERMINE,UNABLE TO DETERMINE,139,S,SPRINGFIELD AVE,1122.0,,,,,,,2,NO INDICATION OF INJURY,0.0,0.0,0.0,0.0,0.0,1.0,0.0,9,2,3,41.8786589696,-87.7230114888,POINT (-87.723011488806 41.878658969567)
50bab6179b2cb0ff5fdb21e64bb30eaaf88408af618cbdc143284c60277e6245beedbfaa5aca9d4c19314d053097d9d5d4d9b43e149e21e3da27549428333c27,JF270499,,06/07/2022 07:00:00 AM,30,TRAFFIC SIGNAL,FUNCTIONING PROPERLY,CLOUDY/OVERCAST,DAYLIGHT,TURNING,TRAFFIC ROUTE,,STRAIGHT AND LEVEL,DRY,NO DEFECTS,ON SCENE,NO INJURY / DRIVE AWAY,Y,,,"OVER $1,500",06/07/2022 07:41:00 AM,FAILING TO YIELD RIGHT-OF-WAY,NOT APPLICABLE,2010,S,ARCHER AVE,131.0,,,,,,,2,NO INDICATION OF INJURY,0.0,0.0,0.0,0.0,0.0,3.0,0.0,7,3,6,41.8552024123,-87.6302631406,POINT (-87.630263140555 41.855202412284)
a7b17903d5078a04317d7d70f525ce33cfe0eb5f88043d8539dcfa94b5cec6716f2e7994a2f5950e399f93e124544c1e17234bad6ae775bf61524d92e5502573,JG285642,,06/02/2023 06:36:00 PM,30,TRAFFIC SIGNAL,FUNCTIONING PROPERLY,CLEAR,DAYLIGHT,TURNING,FOUR WAY,,STRAIGHT AND LEVEL,DRY,NO DEFECTS,,NO INJURY / DRIVE AWAY,,,,"OVER $1,500",06/02/2023 06:56:00 PM,TURNING RIGHT ON RED,NOT APPLICABLE,6000,S,WOODLAWN AVE,235.0,,,,,,,2,NO INDICATION OF INJURY,0.0,0.0,0.0,0.0,0.0,2.0,0.0,18,6,6,41.7859192819,-87.596476642,POINT (-87.596476641971 41.785919281878)
380f631783ecc48ab9b7600360365ce1310c847f31ed64714deaf8b083c380abfa5a989c5f2302f123f10192152b041e14e617c10dbc7ebde41962647b06f2d8,HZ504311,,11/05/2016 10:00:00 PM,30,TRAFFIC SIGNAL,UNKNOWN,CLEAR,"DARKNESS, LIGHTED ROAD",TURNING,NOT DIVIDED,4.0,STRAIGHT AND LEVEL,DRY,UNKNOWN,NOT ON SCENE (DESK REPORT),NO INJURY / DRIVE AWAY,Y,,,"OVER $1,500",11/05/2016 11:15:00 PM,FAILING TO YIELD RIGHT-OF-WAY,IMPROPER OVERTAKING/PASSING,2299,W,FULLERTON AVE,1432.0,,,,,,,2,NO INDICATION OF INJURY,0.0,0.0,0.0,0.0,0.0,4.0,0.0,22,7,11,41.9248228341,-87.6851662308,POINT (-87.685166230849 41.924822834104)
2226902b0f2e4e4ab8e62e98499332ba451c4933aa318b33f9fd803aef6355cfff5209980599d093aa2665060883b706f3bfad5feb6f55591761cc92b8394771,JE339108,,08/16/2021 10:20:00 AM,30,NO CONTROLS,NO CONTROLS,CLEAR,DAYLIGHT,PARKED MOTOR VEHICLE,PARKING LOT,,STRAIGHT AND LEVEL,DRY,NO DEFECTS,NOT ON SCENE (DESK REPORT),NO INJURY / DRIVE AWAY,,Y,,"OVER $1,500",08/16/2021 11:00:00 AM,IMPROPER BACKING,NOT APPLICABLE,6014,W,NORTH AVE,2513.0,,,,,,,2,NO INDICATION OF INJURY,0.0,0.0,0.0,0.0,0.0,1.0,0.0,10,2,8,41.9093593594,-87.775917959,POINT (-87.775917959049 41.909359359432)
6bb9a4f5dc78c5cb76c794fe1b46e040209b2ffd71d3f86c53f210a6a2d96fce6992b0a0085aa7a7eb84911ea7b42f0f0e673a99e934f70af19a477223af583e,HZ236965,Y,04/23/2016 05:00:00 AM,30,NO CONTROLS,NO CONTROLS,CLEAR,"DARKNESS, LIGHTED ROAD",PARKED MOTOR VEHICLE,ONE-WAY,4.0,STRAIGHT AND LEVEL,DRY,NO DEFECTS,NOT ON SCENE (DESK REPORT),NO INJURY / DRIVE AWAY,,,Y,"$501 - $1,500",04/23/2016 11:00:00 AM,UNABLE TO DETERMINE,NOT APPLICABLE,2238,S,DRAKE AVE,1024.0,,,,,,,2,NO INDICATION OF INJURY,0.0,0.0,0.0,0.0,0.0,1.0,0.0,5,7,4,41.8505564116,-87.7138912825,POINT (-87.713891282457 41.850556411609)
fe9d2c0da5ce6b1e6fd5ed705da38201b7e0b8b57b387902f2cf5ceb8aafdfb318f8fbaacbc458e431c1fab5ad41b21241797282fff81d66cdb2f6c60cc194c3,JG136109,,01/31/2023 02:55:00 PM,10,NO CONTROLS,NO CONTROLS,CLEAR,DAYLIGHT,REAR TO FRONT,PARKING LOT,,STRAIGHT AND LEVEL,UNKNOWN,NO DEFECTS,NOT ON SCENE (DESK REPORT),NO INJURY / DRIVE AWAY,,Y,,"$501 - $1,500",01/31/2023 04:00:00 PM,UNABLE TO DETERMINE,NOT APPLICABLE,3737,W,99TH ST,2211.0,,,,,,,2,NO INDICATION OF INJURY,0.0,0.0,0.0,0.0,0.0,2.0,0.0,14,3,1,41.7131468925,-87.7153146485,POINT (-87.715314648528 41.713146892523)
9a2a04e4dc60ed2e3250f61012619b4d7c0b096658093cf5087913b9849488d73affe09d446d8519352e71af897e2443407eac668905ddee383e9545cf94e758,JF470807,,11/11/2022 10:50:00 AM,30,NO CONTROLS,NO CONTROLS,CLEAR,DAYLIGHT,ANGLE,DIVIDED - W/MEDIAN (NOT RAISED),,STRAIGHT AND LEVEL,UNKNOWN,UNKNOWN,NOT ON SCENE (DESK REPORT),NO INJURY / DRIVE AWAY,,,,"OVER $1,500",11/11/2022 01:05:00 PM,UNABLE TO DETERMINE,NOT APPLICABLE,4401,W,ARMITAGE AVE,2533.0,,,,,,,2,NO INDICATION OF INJURY,0.0,0.0,0.0,0.0,0.0,2.0,0.0,10,6,11,41.9169344398,-87.7363871475,POINT (-87.736387147508 41.916934439845)
ffde10e1645d5d78f27bdad43030b133ef6cb609e43105d0a6dfe812c1a52efcea66b878a8ebfbb30f77558164550a70b45eca71fdac8cf4937d0530a8163a07,JF344921,,08/05/2022 08:22:00 AM,30,NO CONTROLS,NO CONTROLS,CLEAR,DAYLIGHT,SIDESWIPE SAME DIRECTION,ONE-WAY,,STRAIGHT AND LEVEL,DRY,NO DEFECTS,ON SCENE,NO INJURY / DRIVE AWAY,,,,"OVER $1,500",08/05/2022 08:24:00 AM,UNABLE TO DETERMINE,UNABLE TO DETERMINE,4840,N,FRANCISCO AVE,2031.0,,,,,,,2,NO INDICATION OF INJURY,0.0,0.0,0.0,0.0,0.0,2.0,0.0,8,6,8,41.9695876592,-87.7008384125,POINT (-87.700838412518 41.969587659198)
1843b02b393eeaca4c6817c598ab3b48030d1244678e9ca9b3bb042cac4b5127c35d5bdb19096c5f5869f21a02747873ab8788a8c8dd62d6703a9bc248a34bd8,JD315331,,07/30/2020 03:23:00 PM,30,TRAFFIC SIGNAL,FUNCTIONING PROPERLY,CLEAR,DAYLIGHT,TURNING,FOUR WAY,,STRAIGHT AND LEVEL,DRY,NO DEFECTS,ON SCENE,INJURY AND / OR TOW DUE TO CRASH,Y,,,"$501 - $1,500",07/30/2020 03:25:00 PM,DRIVING SKILLS/KNOWLEDGE/EXPERIENCE,UNABLE TO DETERMINE,3528,W,25TH ST,1024.0,,,,,,,2,NONINCAPACITATING INJURY,1.0,0.0,0.0,1.0,0.0,2.0,0.0,15,5,7,41.8463382941,-87.7135611661,POINT (-87.713561166103 41.846338294132)
3e3a468d5f456c4ae9269312121873c0f704a81655702a28ab9d9e88681f1f933eb4c484bd41aadb81bf6561b3513fd9f520395e4b55098080b1976a71f705b1,JC484818,,10/24/2019 10:05:00 AM,30,TRAFFIC SIGNAL,FUNCTIONING PROPERLY,CLEAR,DAYLIGHT,REAR END,NOT DIVIDED,,STRAIGHT AND LEVEL,DRY,NO DEFECTS,NOT ON SCENE (DESK REPORT),NO INJURY / DRIVE AWAY,,,,"$501 - $1,500",10/24/2019 03:00:00 PM,FOLLOWING TOO CLOSELY,UNABLE TO DETERMINE,3400,N,CUMBERLAND AVE,1631.0,,,,,,,2,NO INDICATION OF INJURY,0.0,0.0,0.0,0.0,0.0,2.0,0.0,10,5,10,41.9405217464,-87.836354902,POINT (-87.836354902042 41.94052174636)
50ca83257cb3c001afdde2e5c1a22dc2fc4a0ea2458e44f82fcd0c38ee302b73b88ecad78977c8bef5760da4621385f1dfa5479d91bbd279f6e0d85db38cd8e1,JE179641,,03/25/2021 05:15:00 PM,30,TRAFFIC SIGNAL,FUNCTIONING PROPERLY,CLEAR,DAYLIGHT,TURNING,T-INTERSECTION,,STRAIGHT AND LEVEL,DRY,UNKNOWN,ON SCENE,INJURY AND / OR TOW DUE TO CRASH,Y,,,"OVER $1,500",03/25/2021 05:27:00 PM,FAILING TO YIELD RIGHT-OF-WAY,DISREGARDING OTHER TRAFFIC SIGNS,1810,W,PETERSON AVE,2413.0,,,,,,,2,NONINCAPACITATING INJURY,1.0,0.0,0.0,1.0,0.0,1.0,0.0,17,5,3,41.9908543102,-87.6757093664,POINT (-87.675709366386 41.990854310203)
d34c16fc560ffc969be3691b5542b3808a640e3eb8dc6948ca7c49f22325417933cd49c4a79b3ed4dc2165b706100276c60d1b0361247fd721736bf5f5327f35,JC429213,,09/11/2019 04:30:00 PM,30,TRAFFIC SIGNAL,FUNCTIONING PROPERLY,CLEAR,DAYLIGHT,TURNING,OTHER,,STRAIGHT AND LEVEL,DRY,NO DEFECTS,ON SCENE,NO INJURY / DRIVE AWAY,Y,,,"$501 - $1,500",09/11/2019 04:36:00 PM,IMPROPER TURNING/NO SIGNAL,UNABLE TO DETERMINE,4800,W,FLOURNOY ST,1533.0,,,,,,,2,NO INDICATION OF INJURY,0.0,0.0,0.0,0.0,0.0,2.0,0.0,16,4,9,41.8721809289,-87.7449844277,POINT (-87.744984427653 41.87218092888)
8abdf5f8bf4fc09fb4ed557f90a203bef0163f29f5b2c28c06748b2388e56cc139ee9751169aed244bbecd377ffeedbb2093e2739e4c3711e3df3fb143013fd8,JC480819,,10/21/2019 11:00:00 AM,30,NO CONTROLS,NO CONTROLS,CLEAR,DAYLIGHT,PARKED MOTOR VEHICLE,DIVIDED - W/MEDIAN BARRIER,,STRAIGHT AND LEVEL,DRY,UNKNOWN,NOT ON SCENE (DESK REPORT),NO INJURY / DRIVE AWAY,,,,"OVER $1,500",10/21/2019 01:00:00 PM,UNABLE TO DETERMINE,NOT APPLICABLE,520,S,MICHIGAN AVE,123.0,,,,,,,2,NO INDICATION OF INJURY,0.0,0.0,0.0,0.0,0.0,1.0,0.0,11,2,10,41.8752598258,-87.6243966738,POINT (-87.624396673836 41.875259825819)