CRASH_RECORD_ID,RD_NO,CRASH_DATE_EST_I,CRASH_DATE,POSTED_SPEED_LIMIT,TRAFFIC_CONTROL_DEVICE,DEVICE_CONDITION,WEATHER_CONDITION,LIGHTING_CONDITION,FIRST_CRASH_TYPE,TRAFFICWAY_TYPE,LANE_CNT,ALIGNMENT,ROADWAY_SURFACE_COND,ROAD_DEFECT,REPORT_TYPE,CRASH_TYPE,INTERSECTION_RELATED_I,NOT_RIGHT_OF_WAY_I,HIT_AND_RUN_I,DAMAGE,DATE_POLICE_NOTIFIED,PRIM_CONTRIBUTORY_CAUSE,SEC_CONTRIBUTORY_CAUSE,STREET_NO,STREET_DIRECTION,STREET_NAME,BEAT_OF_OCCURRENCE,PHOTOS_TAKEN_I,STATEMENTS_TAKEN_I,DOORING_I,WORK_ZONE_I,WORK_ZONE_TYPE,WORKERS_PRESENT_I,NUM_UNITS,MOST_SEVERE_INJURY,INJURIES_TOTAL,INJURIES_FATAL,INJURIES_INCAPACITATING,INJURIES_NON_INCAPACITATING,INJURIES_REPORTED_NOT_EVIDENT,INJURIES_NO_INDICATION,INJURIES_UNKNOWN,CRASH_HOUR,CRASH_DAY_OF_WEEK,CRASH_MONTH,LATITUDE,LONGITUDE,LOCATION
65c2232b4299a238afdc0c7bd96c5cf59873eca00d34174451328385df2cd4964a628d50da2cbdeb8319a1429e39c2a3f39ac0588ed0a6f2443a40db3e9b20c5,,,10/24/2023 05:37:00 PM,20,NO CONTROLS,NO CONTROLS,CLEAR,DUSK,REAR END,DIVIDED - W/MEDIAN (NOT RAISED),,STRAIGHT AND LEVEL,DRY,UNKNOWN,ON SCENE,NO INJURY / DRIVE AWAY,,,,"OVER $1,500",10/24/2023 05:40:00 PM,NOT APPLICABLE,NOT APPLICABLE,7531,S,SOUTH SHORE DR,421.0,,,,,,,2,NO INDICATION OF INJURY,0.0,0.0,0.0,0.0,0.0,2.0,0.0,17,3,10,41.7598374343,-87.5562557464,POINT (-87.556255746418 41.759837434317)
cc52b8d9faee3e39f0c00b4790812027c1cc2986d60b57b4cb85cc6a989df5cabac32fc7443b57ac405c50921fbf11ad4ae4ee3ad9fbccfe2a626bb1dc99c448,JC550808,,12/17/2019 08:00:00 PM,30,NO CONTROLS,NO CONTROLS,CLEAR,"DARKNESS, LIGHTED ROAD",SIDESWIPE SAME DIRECTION,NOT DIVIDED,,STRAIGHT AND LEVEL,DRY,NO DEFECTS,NOT ON SCENE (DESK REPORT),NO INJURY / DRIVE AWAY,,,,"OVER $1,500",12/17/2019 08:30:00 PM,UNABLE TO DETERMINE,DRIVING SKILLS/KNOWLEDGE/EXPERIENCE,927,W,WILSON AVE,1914.0,,,,,,,2,NO INDICATION OF INJURY,0.0,0.0,0.0,0.0,0.0,2.0,0.0,20,3,12,41.9653393681,-87.653479057,POINT (-87.653479057005 41.96533936815)
03707a08cd02d79989c5ffaa99cd4ceccea1e1b600ff865f187513dfd080b68e511b2edc29fa3039df0bbf1ff2c429b92c1b4007d3bcd72348b0fc69e767d734,JG260954,,05/15/2023 06:15:00 AM,30,NO CONTROLS,NO CONTROLS,CLEAR,DAYLIGHT,ANGLE,DIVIDED - W/MEDIAN (NOT RAISED),,STRAIGHT AND LEVEL,DRY,UNKNOWN,,INJURY AND / OR TOW DUE TO CRASH,,,,"OVER $1,500",05/15/2023 07:52:00 AM,UNABLE TO DETERMINE,UNABLE TO DETERMINE,2814,W,59TH ST,824.0,,,,,,,3,"REPORTED, NOT EVIDENT",1.0,0.0,0.0,0.0,1.0,1.0,0.0,6,2,5,41.7865020027,-87.6943007064,POINT (-87.694300706369 41.786502002683)
035e53259313bb5c4f10da208a5ac58257fc4d13e5692ac246389ca0c6242b391bd41af034cd8f255b985557a40ac6416f7b5330812dab81bf248b8a7fe574c4,JC556986,,12/22/2019 09:00:00 PM,30,NO CONTROLS,NO CONTROLS,CLEAR,"DARKNESS, LIGHTED ROAD",OVERTURNED,NOT DIVIDED,,STRAIGHT AND LEVEL,DRY,NO DEFECTS,NOT ON SCENE (DESK REPORT),INJURY AND / OR TOW DUE TO CRASH,,,,"OVER $1,500",12/22/2019 09:05:00 PM,UNABLE TO DETERMINE,UNABLE TO DETERMINE,5499,S,ELLSWORTH DR,233.0,,,,,,,1,NONINCAPACITATING INJURY,1.0,0.0,0.0,1.0,0.0,0.0,0.0,21,1,12,41.7945307503,-87.6145135929,POINT (-87.614513592896 41.794530750326)
d2003fcc5ed1e702b560089fcdf967586a2fbabafe0790763b83377ba684b2f6e88a46ff75cce602198ba395c9d781bf2bf8132da4cdd68b813bce0dd7de2af6,JE190931,,04/03/2021 05:00:00 PM,30,TRAFFIC SIGNAL,FUNCTIONING PROPERLY,CLEAR,DAYLIGHT,SIDESWIPE SAME DIRECTION,NOT DIVIDED,,STRAIGHT AND LEVEL,DRY,NO DEFECTS,NOT ON SCENE (DESK REPORT),NO INJURY / DRIVE AWAY,,,Y,"OVER $1,500",04/06/2021 09:34:00 AM,IMPROPER OVERTAKING/PASSING,NOT APPLICABLE,540,E,ILLINOIS ST,1834.0,,,,,,,2,NO INDICATION OF INJURY,0.0,0.0,0.0,0.0,0.0,2.0,0.0,17,7,4,41.8912436066,-87.6129398215,POINT (-87.612939821474 41.891243606622)
34808694a57dd19dd71dec29f78f070b4c0ecf8a4d68d0aaa461163670ea55aad5cec71779af3973812d41a28b58d45d1016a9de483e28e2bce9afcdbe90c0cb,JF108846,,01/10/2022 09:24:00 AM,20,TRAFFIC SIGNAL,FUNCTIONING PROPERLY,CLEAR,DAYLIGHT,SIDESWIPE SAME DIRECTION,NOT DIVIDED,,STRAIGHT AND LEVEL,DRY,NO DEFECTS,ON SCENE,NO INJURY / DRIVE AWAY,N,,Y,"OVER $1,500",01/10/2022 05:52:00 PM,FOLLOWING TOO CLOSELY,NOT APPLICABLE,2334,W,DIVISION ST,1424.0,,,,,,,2,NO INDICATION OF INJURY,0.0,0.0,0.0,0.0,0.0,2.0,0.0,9,2,1,41.9031447532,-87.6859965221,POINT (-87.685996522064 41.903144753166)
656ec00d57cbfc6328377e4b5bce76dbf3ed0f9d8233b3718a0749d46681024464523f99e652e2bdc43de0049a7ff2f878213c69452dfd8a50f048515a8bcfca,JE398623,,10/05/2021 09:00:00 AM,30,UNKNOWN,UNKNOWN,UNKNOWN,UNKNOWN,REAR END,NOT DIVIDED,,STRAIGHT AND LEVEL,UNKNOWN,UNKNOWN,NOT ON SCENE (DESK REPORT),NO INJURY / DRIVE AWAY,Y,,,"OVER $1,500",10/05/2021 09:15:00 AM,UNABLE TO DETERMINE,UNABLE TO DETERMINE,1558,W,FULLERTON AVE,1932.0,,,,,,,2,NO INDICATION OF INJURY,0.0,0.0,0.0,0.0,0.0,2.0,0.0,9,3,10,41.9252620846,-87.6680905531,POINT (-87.66809055308 41.925262084631)
1481f5a4d57c84a4b353fa8cdae44f733c4c8c0bcd0116a7c414bc7d5a3c6c74ce21e9d99fdcbc9f0de3c8c2b26330e5ae22912f8fd1e6d47402ea571f2d3eed,JC115703,,01/13/2019 05:55:00 PM,30,TRAFFIC SIGNAL,FUNCTIONING PROPERLY,CLEAR,"DARKNESS, LIGHTED ROAD",ANGLE,NOT DIVIDED,2.0,STRAIGHT AND LEVEL,DRY,NO DEFECTS,NOT ON SCENE (DESK REPORT),NO INJURY / DRIVE AWAY,Y,,,"OVER $1,500",01/13/2019 06:15:00 PM,UNABLE TO DETERMINE,NOT APPLICABLE,660,N,ORLEANS ST,1831.0,,,,,,,2,NO INDICATION OF INJURY,0.0,0.0,0.0,0.0,0.0,2.0,0.0,17,1,1,41.8940614889,-87.6372523399,POINT (-87.63725233994 41.894061488904)
f2a34e861102d8b80ef76afa178f4bd7b06a629495c861d9739b7910b35b8561379aeade135875595c476ce309c9c03b3dbe854eb4fccb1ef6564579e1846710,JF368032,,08/23/2022 11:34:00 PM,30,NO CONTROLS,NO CONTROLS,CLEAR,"DARKNESS, LIGHTED ROAD",PARKED MOTOR VEHICLE,OTHER,,STRAIGHT AND LEVEL,DRY,UNKNOWN,ON SCENE,NO INJURY / DRIVE AWAY,,,,"$501 - $1,500",08/23/2022 11:34:00 PM,IMPROPER OVERTAKING/PASSING,UNABLE TO DETERMINE,900,E,SOLIDARITY DR,132.0,,,,,,,2,NO INDICATION OF INJURY,0.0,0.0,0.0,0.0,0.0,2.0,0.0,23,3,8,41.8666007983,-87.6083293384,POINT (-87.608329338442 41.866600798255)
5426dd4f4d459e85493371cbb03139c00b086ae69299008c169ae8c951c4118e49cb693c80b44c4fd723248b6ff99dc71dbbb9a129cdd5ea4ae943f8b6646bd7,JE139940,,02/12/2021 03:09:00 PM,20,STOP SIGN/FLASHER,FUNCTIONING PROPERLY,CLEAR,DAYLIGHT,ANGLE,T-INTERSECTION,,STRAIGHT AND LEVEL,WET,NO DEFECTS,NOT ON SCENE (DESK REPORT),NO INJURY / DRIVE AWAY,Y,,,"$501 - $1,500",02/12/2021 03:50:00 PM,FAILING TO YIELD RIGHT-OF-WAY,UNABLE TO DETERMINE,900,E,87TH ST,632.0,,,,,,,2,NO INDICATION OF INJURY,0.0,0.0,0.0,0.0,0.0,2.0,0.0,15,6,2,41.7367911917,-87.6023358527,POINT (-87.602335852674 41.736791191728)
f86f17fce94391b57b0ccd19dbec4d444e457b0bd44da22eef74c6a4b5f897b17e0c20fa135c81c8f9a7172e5e122d49ef71a01cd8578933dc6d9c5ebc35e75d,JF421328,,10/04/2022 08:50:00 AM,30,NO CONTROLS,NO CONTROLS,CLEAR,DAYLIGHT,PARKED MOTOR VEHICLE,NOT DIVIDED,,STRAIGHT AND LEVEL,DRY,UNKNOWN,NOT ON SCENE (DESK REPORT),INJURY AND / OR TOW DUE TO CRASH,,,,"OVER $1,500",10/04/2022 08:52:00 AM,UNABLE TO DETERMINE,NOT APPLICABLE,1243,N,KOSTNER AVE,2534.0,,,,,,,3,NO INDICATION OF INJURY,0.0,0.0,0.0,0.0,0.0,2.0,0.0,8,3,10,41.9037391023,-87.7360286251,POINT (-87.736028625139 41.903739102317)
e085adf2054643bd2d6e4fb100f5e12b55871e9fffec3be044a1b2523b7fef5e103a7d97cf79ac864f05dd766c7edd31e29c693024eb49f95e15c38edd9b18a6,JB417823,,09/01/2018 11:50:00 AM,35,NO CONTROLS,NO CONTROLS,RAIN,DAYLIGHT,SIDESWIPE SAME DIRECTION,NOT DIVIDED,2.0,STRAIGHT AND LEVEL,WET,NO DEFECTS,ON SCENE,INJURY AND / OR TOW DUE TO CRASH,,,,"OVER $1,500",09/01/2018 11:57:00 AM,UNABLE TO DETERMINE,UNABLE TO DETERMINE,10311,S,MICHIGAN AVE,512.0,,,,,,,2,NO INDICATION OF INJURY,0.0,0.0,0.0,0.0,0.0,4.0,0.0,11,7,9,41.7068422902,-87.620119779,POINT (-87.620119779016 41.70684229023)
bc2397ae8c1908a6e3d510ecd89c9774c7efeb75cdc6a412282665244a3accd0c5ec2ed0f47ef03c4bc9903571101af750ef301b4ffffc5e2a9600e0fa5b9239,JA300409,,06/10/2017 04:48:00 AM,35,TRAFFIC SIGNAL,FUNCTIONING PROPERLY,CLEAR,"DARKNESS, LIGHTED ROAD",REAR END,NOT DIVIDED,4.0,STRAIGHT AND LEVEL,DRY,NO DEFECTS,NOT ON SCENE (DESK REPORT),NO INJURY / DRIVE AWAY,,,Y,"OVER $1,500",06/10/2017 05:40:00 AM,FAILING TO REDUCE SPEED TO AVOID CRASH,FAILING TO REDUCE SPEED TO AVOID CRASH,300,S,CICERO AVE,1533.0,,,,,,,2,NO INDICATION OF INJURY,0.0,0.0,0.0,0.0,0.0,3.0,0.0,4,7,6,41.8767606549,-87.7452916664,POINT (-87.745291666388 41.876760654888)
fa8c5a3c20ca6f89af36998a080ff7005d836feaf8af110702cb6275137817a71c0f4a0a85056c53ae7502b0eb6d7528aa5de3741bf18bb1f2b4041a36062e2d,JE303270,,07/16/2021 10:45:00 AM,30,TRAFFIC SIGNAL,FUNCTIONING PROPERLY,CLEAR,DAYLIGHT,ANGLE,NOT DIVIDED,,STRAIGHT AND LEVEL,DRY,NO DEFECTS,ON SCENE,NO INJURY / DRIVE AWAY,,,,"OVER $1,500",07/16/2021 10:59:00 AM,DRIVING SKILLS/KNOWLEDGE/EXPERIENCE,NOT APPLICABLE,4100,W,31ST ST,1031.0,,,,,,,2,NO INDICATION OF INJURY,0.0,0.0,0.0,0.0,0.0,3.0,0.0,10,6,7,41.8369618835,-87.7268474893,POINT (-87.726847489284 41.836961883454)
e622884490f200a7fd7490089a29eb75c2bd2d356b5c3fe4109f3403c512c30e2b08736bb7ee364a5a78f0d49195dbb1e5f97cd3ab96a3def3b2fd177dbc7650,JC521289,,11/22/2019 06:45:00 PM,30,TRAFFIC SIGNAL,FUNCTIONING PROPERLY,CLEAR,DUSK,SIDESWIPE SAME DIRECTION,DIVIDED - W/MEDIAN (NOT RAISED),,STRAIGHT AND LEVEL,DRY,NO DEFECTS,NOT ON SCENE (DESK REPORT),NO INJURY / DRIVE AWAY,Y,,,"OVER $1,500",11/23/2019 08:30:00 AM,FAILING TO YIELD RIGHT-OF-WAY,NOT APPLICABLE,800,W,MARQUETTE RD,723.0,,,,,,,2,NO INDICATION OF INJURY,0.0,0.0,0.0,0.0,0.0,2.0,0.0,18,6,11,41.7725811798,-87.64466131,POINT (-87.644661310011 41.77258117979)
ef936ce48e596cc9d838f7aebe0b55d628efc1fdbd927629b259582f72253e9dafb93645191e622e0e527663e3657700ce96fb54f3e23c0a2268edf343b721cd,JB142649,,02/05/2018 06:15:00 PM,30,NO CONTROLS,NO CONTROLS,SNOW,DUSK,PARKED MOTOR VEHICLE,NOT DIVIDED,2.0,STRAIGHT AND LEVEL,SNOW OR SLUSH,UNKNOWN,NOT ON SCENE (DESK REPORT),NO INJURY / DRIVE AWAY,,,Y,"OVER $1,500",02/06/2018 03:15:00 AM,UNABLE TO DETERMINE,UNABLE TO DETERMINE,640,W,HUBBARD ST,1214.0,,,,,,,2,NO INDICATION OF INJURY,0.0,0.0,0.0,0.0,0.0,1.0,0.0,18,2,2,41.8902367534,-87.6444268299,POINT (-87.644426829918 41.890236753391)
cb38603fc1b0473d8e10628f4bbac4a8ad925f02ada569680299017dde4e0737e9b4c33f15bfc6e1488e1e68ba8b24aec4da8b8abfceaf6f8c0c6de854419a6c,JB487760,,10/24/2018 07:09:00 AM,30,NO CONTROLS,NO CONTROLS,CLEAR,DAYLIGHT,REAR END,DIVIDED - W/MEDIAN (NOT RAISED),2.0,STRAIGHT AND LEVEL,DRY,NO DEFECTS,ON SCENE,NO INJURY / DRIVE AWAY,,,,"OVER $1,500",10/24/2018 07:11:00 AM,UNABLE TO DETERMINE,UNABLE TO DETERMINE,4651,N,CENTRAL AVE,1623.0,,,,,,,2,NO INDICATION OF INJURY,0.0,0.0,0.0,0.0,0.0,2.0,0.0,7,4,10,41.9655944429,-87.7672596033,POINT (-87.767259603285 41.96559444287)
211968eec6f9d219be34ad02c83fb5d72ceb4c18ad3c29b792d27074ff83c1a6e13b44f6b21ba23ed3216f2da689e9b0a12290b5284448f856942cce03860683,JB238216,,04/25/2018 11:05:00 PM,30,TRAFFIC SIGNAL,FUNCTIONING PROPERLY,CLEAR,"DARKNESS, LIGHTED ROAD",FIXED OBJECT,DIVIDED - W/MEDIAN (NOT RAISED),2.0,STRAIGHT AND LEVEL,DRY,NO DEFECTS,ON SCENE,INJURY AND / OR TOW DUE TO CRASH,Y,,,"OVER $1,500",04/25/2018 11:06:00 PM,EQUIPMENT - VEHICLE CONDITION,DRIVING SKILLS/KNOWLEDGE/EXPERIENCE,2804,E,130TH ST,433.0,,,,,,,1,NO INDICATION OF INJURY,0.0,0.0,0.0,0.0,0.0,1.0,0.0,23,4,4,41.6593006106,-87.5554043914,POINT (-87.555404391411 41.659300610598)
e5dda4323bd6e3b0a8d031f1ca88d64a88e8b735dc0949852565e88874c3108fd856e7a6150781f77e9d9480b03d201fd93f15cd378deb062e90ab98b619876c,JG139548,,02/03/2023 02:35:00 PM,20,NO CONTROLS,NO CONTROLS,CLEAR,DAYLIGHT,PARKED MOTOR VEHICLE,PARKING LOT,,STRAIGHT AND LEVEL,DRY,NO DEFECTS,NOT ON SCENE (DESK REPORT),NO INJURY / DRIVE AWAY,,,,"$501 - $1,500",02/03/2023 03:43:00 PM,UNABLE TO DETERMINE,NOT APPLICABLE,5233,N,LINCOLN AVE,2011.0,,,,,,,2,NO INDICATION OF INJURY,0.0,0.0,0.0,0.0,0.0,1.0,0.0,14,6,2,41.9768950984,-87.6922796678,POINT (-87.692279667764 41.976895098405)
a917833c0c6d74cbd8377c383df976567c4b81f3a82d859aeb34c6a07a1c26de0ce7957383ebba5f3d9c3ef0a45a9559a8798678955310c54e122b50c88527ec,JF380261,,08/27/2022 04:00:00 AM,30,NO CONTROLS,NO CONTROLS,UNKNOWN,UNKNOWN,PARKED MOTOR VEHICLE,ONE-WAY,,STRAIGHT AND LEVEL,UNKNOWN,NO DEFECTS,NOT ON SCENE (DESK REPORT),NO INJURY / DRIVE AWAY,,,,"$501 - $1,500",09/02/2022 01:05:00 PM,UNABLE TO DETERMINE,NOT APPLICABLE,2801,S,CHRISTIANA AVE,1032.0,,,,,,,2,NO INDICATION OF INJURY,0.0,0.0,0.0,0.0,0.0,1.0,0.0,4,7,8,41.8407273415,-87.7084420647,POINT (-87.708442064689 41.840727341454)
3c8e5938c9de414e7ff4304e20db40eaa2e723674eabeac2a49bcec7de937d8030350b63b2e708be4525a5f7fbbe4bad0e7df1fd341d550d94d770b68b8212d6,JD277399,Y,06/26/2020 06:55:00 PM,25,NO CONTROLS,NO CONTROLS,RAIN,DUSK,PEDESTRIAN,NOT DIVIDED,,STRAIGHT AND LEVEL,WET,NO DEFECTS,,INJURY AND / OR TOW DUE TO CRASH,N,,,$500 OR LESS,06/26/2020 07:00:00 PM,FAILING TO YIELD RIGHT-OF-WAY,UNABLE TO DETERMINE,5557,N,WAYNE AVE,2013.0,,,,,,,3,INCAPACITATING INJURY,2.0,0.0,1.0,1.0,0.0,1.0,0.0,18,6,6,41.9834208897,-87.6636023207,POINT (-87.66360232073 41.983420889687)
b01e11c022d157d40604f31066a076e8363bde542447b059ef9ab5cc7e5bb722eaca6856d3ffc3b09bfbdd370acec31e5c838aaee1f71e6a278f275acfc3c734,JE407673,,10/12/2021 07:15:00 PM,30,NO CONTROLS,NO CONTROLS,CLEAR,DUSK,PARKED MOTOR VEHICLE,ONE-WAY,,STRAIGHT AND LEVEL,DRY,NO DEFECTS,NOT ON SCENE (DESK REPORT),NO INJURY / DRIVE AWAY,,,Y,"$501 - $1,500",10/12/2021 08:44:00 PM,NOT APPLICABLE,NOT APPLICABLE,2918,W,65TH ST,823.0,,,,,,,2,NO INDICATION OF INJURY,0.0,0.0,0.0,0.0,0.0,1.0,0.0,19,3,10,41.7755297826,-87.6966225454,POINT (-87.6966225454 41.775529782562)
265b2121d92cbf2b8a4185be04c017cf471ca25df0e674495e22cf8fce0bb1ad9f21b7ed7e845e94897893fcde29e77bf0dcd0d073ef1d9dcf2b2a28627489e7,JF150884,,02/20/2022 09:25:00 PM,30,TRAFFIC SIGNAL,FUNCTIONING PROPERLY,CLEAR,"DARKNESS, LIGHTED ROAD",TURNING,FOUR WAY,,STRAIGHT AND LEVEL,DRY,NO DEFECTS,NOT ON SCENE (DESK REPORT),NO INJURY / DRIVE AWAY,,,,"$501 - $1,500",02/20/2022 10:30:00 PM,IMPROPER OVERTAKING/PASSING,NOT APPLICABLE,1958,W,59TH ST,715.0,,,,,,,2,NO INDICATION OF INJURY,0.0,0.0,0.0,0.0,0.0,2.0,0.0,21,1,2,41.7867374434,-87.6740397838,POINT (-87.674039783769 41.786737443357)
4d6fa4a1586120fedb136938181eefdaa46a4360f1d20f52a642b7ebcd448b886aa3d8ae90bfb38d3fede14fa44ec6481a1723ba5309f6f4456c814ba2d9bc69,JG131150,,01/27/2023 08:15:00 AM,30,TRAFFIC SIGNAL,FUNCTIONING PROPERLY,CLOUDY/OVERCAST,DAYLIGHT,TURNING,NOT DIVIDED,,STRAIGHT AND LEVEL,UNKNOWN,UNKNOWN,NOT ON SCENE (DESK REPORT),NO INJURY / DRIVE AWAY,,,,"OVER $1,500",01/27/2023 08:40:00 AM,DRIVING SKILLS/KNOWLEDGE/EXPERIENCE,NOT APPLICABLE,1201,W,MORSE AVE,2431.0,,,,,,,2,NO INDICATION OF INJURY,0.0,0.0,0.0,0.0,0.0,2.0,0.0,8,6,1,42.0078674798,-87.661790964,POINT (-87.661790963966 42.007867479758)
731308254474a1820cb0d4557f51ebbb4aff188e557baeb651d2ebe5280c9936336a8146f45887910b5b44497e1720b165ec6863d3efb50a6d346cfccfd3e7af,JD349751,,08/29/2020 06:55:00 PM,30,NO CONTROLS,NO CONTROLS,CLEAR,DAYLIGHT,PARKED MOTOR VEHICLE,NOT DIVIDED,,STRAIGHT AND LEVEL,DRY,NO DEFECTS,NOT ON SCENE (DESK REPORT),NO INJURY / DRIVE AWAY,,,,"OVER $1,500",08/29/2020 07:10:00 PM,UNABLE TO DETERMINE,UNABLE TO DETERMINE,5305,N,DAMEN AVE,2012.0,,,,,,,2,NO INDICATION OF INJURY,0.0,0.0,0.0,0.0,0.0,1.0,0.0,18,7,8,41.9780347774,-87.6793176332,POINT (-87.679317633214 41.978034777408)
d06b20f6050b1dada8327e7f486c653906bcffbe15a60bff38a1640e898ee0e967a7e18919e903926ca3bfc7b695fe29874de176e47c97c32f7f9a0a367398de,JE266282,Y,06/16/2021 12:50:00 PM,30,NO CONTROLS,NO CONTROLS,CLEAR,DAYLIGHT,PARKED MOTOR VEHICLE,PARKING LOT,,STRAIGHT AND LEVEL,DRY,NO DEFECTS,ON SCENE,NO INJURY / DRIVE AWAY,,Y,Y,$500 OR LESS,06/16/2021 04:00:00 PM,UNABLE TO DETERMINE,UNABLE TO DETERMINE,4700,S,CALIFORNIA AVE,922.0,,,,,,,2,NO INDICATION OF INJURY,0.0,0.0,0.0,0.0,0.0,1.0,0.0,12,4,6,41.8082170512,-87.6943500349,POINT (-87.694350034906 41.808217051245)
167de28f67db01017f115c633084d2e635709b4708c3a55abd5ea4ddbc5064303f21f857f50b0d10c0b69fe5e798a5d3eb8893f896201a5d1bddccec6b73cce6,JD256545,,06/07/2020 11:15:00 AM,30,STOP SIGN/FLASHER,FUNCTIONING PROPERLY,CLEAR,DAYLIGHT,REAR END,NOT DIVIDED,,STRAIGHT AND LEVEL,DRY,NO DEFECTS,NOT ON SCENE (DESK REPORT),NO INJURY / DRIVE AWAY,,,Y,$500 OR LESS,06/07/2020 11:45:00 AM,UNABLE TO DETERMINE,NOT APPLICABLE,11100,S,MICHIGAN AVE,531.0,,,,,,,2,NO INDICATION OF INJURY,0.0,0.0,0.0,0.0,0.0,2.0,0.0,11,1,6,41.6925597626,-87.6211936954,POINT (-87.621193695398 41.692559762592)
70d6be0693e99d2e4fe16ca724e0314a750eb39a8d32b0d0fddb5b39a4d681041589835971a8854b5029bf5f88ee6f2082d657543f09d6c95a508dde5a94e3c8,JG194791,,03/22/2023 12:04:00 PM,30,TRAFFIC SIGNAL,FUNCTIONING PROPERLY,CLEAR,DAYLIGHT,REAR END,NOT DIVIDED,,STRAIGHT AND LEVEL,DRY,NO DEFECTS,ON SCENE,NO INJURY / DRIVE AWAY,,,Y,$500 OR LESS,03/22/2023 12:04:00 PM,UNABLE TO DETERMINE,NOT APPLICABLE,1962,W,95TH ST,2221.0,,Y,,,,,2,NO INDICATION OF INJURY,0.0,0.0,0.0,0.0,0.0,2.0,0.0,12,4,3,41.7211897893,-87.6721462097,POINT (-87.672146209675 41.72118978927)
8c75a05d78fcabdfccf9c4864657887554a827fdbb37ef66244c5b6f589fb759c147d712e9bdd14a7890db11a22a7a82bd88fd9d1cb9568b50beb876c7e42249,JE205552,Y,04/12/2021 10:00:00 PM,20,NO CONTROLS,NO CONTROLS,UNKNOWN,UNKNOWN,PARKED MOTOR VEHICLE,ONE-WAY,,STRAIGHT AND LEVEL,UNKNOWN,UNKNOWN,NOT ON SCENE (DESK REPORT),NO INJURY / DRIVE AWAY,,,Y,"OVER $1,500",04/21/2021 10:45:00 AM,UNABLE TO DETERMINE,NOT APPLICABLE,2413,W,CARMEN AVE,2031.0,,,,,,,2,NO INDICATION OF INJURY,0.0,0.0,0.0,0.0,0.0,1.0,0.0,22,2,4,41.973979545,-87.6896723703,POINT (-87.689672370327 41.973979544955)
4571329551ceaf73ee4617d2f126f487f6f97fe571bf25c4e563876fc5bb4de853404b9bbc9d8cbe95c2e5d4a4e7e8347970fea4fce95594903a3aff2cf18ff6,JB490044,,10/25/2018 06:00:00 PM,30,NO CONTROLS,NO CONTROLS,CLEAR,DUSK,REAR END,NOT DIVIDED,3.0,STRAIGHT AND LEVEL,UNKNOWN,"RUT, HOLES",NOT ON SCENE (DESK REPORT),NO INJURY / DRIVE AWAY,,,,"$501 - $1,500",10/25/2018 06:10:00 PM,DRIVING SKILLS/KNOWLEDGE/EXPERIENCE,ROAD CONSTRUCTION/MAINTENANCE,1405,W,DIVERSEY PKWY,1932.0,,,,,,,2,NO INDICATION OF INJURY,0.0,0.0,0.0,0.0,0.0,2.0,0.0,18,5,10,41.9323669552,-87.6637915569,POINT (-87.663791556916 41.932366955233)
074c7f17b3aa06462961eb256c7c0854029ac7c47279e1d69f7c9d28734141672f12704d042d0fd25c7b9bbb09b4cb3e106463470aade5e0539af0b6856d89c7,JF102157,,12/31/2021 05:00:00 PM,30,UNKNOWN,UNKNOWN,UNKNOWN,UNKNOWN,SIDESWIPE SAME DIRECTION,DIVIDED - W/MEDIAN (NOT RAISED),,STRAIGHT AND LEVEL,UNKNOWN,UNKNOWN,NOT ON SCENE (DESK REPORT),NO INJURY / DRIVE AWAY,,,,"$501 - $1,500",01/03/2022 01:00:00 PM,UNABLE TO DETERMINE,NOT APPLICABLE,3126,N,HALSTED ST,1933.0,,,,,,,2,NO INDICATION OF INJURY,0.0,0.0,0.0,0.0,0.0,2.0,0.0,17,6,12,41.9386652721,-87.6493770147,POINT (-87.649377014697 41.938665272146)
22232eb474d295fe239be2fe82c564fb088e1153869c79739fb2fd3539d50d6108c991fa8dbdaaa501266d1240dc85a4715833774290af8ff1ac4aac3780d53f,JA507692,,11/11/2017 11:00:00 AM,30,TRAFFIC SIGNAL,FUNCTIONING PROPERLY,CLEAR,DAYLIGHT,ANGLE,ONE-WAY,0.0,STRAIGHT AND LEVEL,DRY,NO DEFECTS,ON SCENE,INJURY AND / OR TOW DUE TO CRASH,Y,,,"OVER $1,500",11/11/2017 11:05:00 AM,DISREGARDING TRAFFIC SIGNALS,"OPERATING VEHICLE IN ERRATIC, RECKLESS, CARELESS, NEGLIGENT OR AGGRESSIVE MANNER",300,S,WELLS ST,122.0,,,,,,,2,NONINCAPACITATING INJURY,1.0,0.0,0.0,1.0,0.0,2.0,0.0,11,7,11,41.8780530407,-87.6338743329,POINT (-87.633874332934 41.878053040682)
7126a136430370100faa01eefb684922f2b6847685ffb33669be9a1179b9645b32bd7399c5416f7c4cb411f5b4af1f88f80c3b916e06717a76d739559b7fbf03,JF160076,,03/01/2022 03:55:00 PM,30,STOP SIGN/FLASHER,FUNCTIONING PROPERLY,CLEAR,DAYLIGHT,TURNING,T-INTERSECTION,,STRAIGHT AND LEVEL,DRY,NO DEFECTS,NOT ON SCENE (DESK REPORT),NO INJURY / DRIVE AWAY,Y,,,"OVER $1,500",03/01/2022 05:00:00 PM,UNABLE TO DETERMINE,UNABLE TO DETERMINE,860,W,WRIGHTWOOD AVE,1935.0,,,,,,,2,NO INDICATION OF INJURY,0.0,0.0,0.0,0.0,0.0,2.0,0.0,15,3,3,41.9291574643,-87.6512526962,POINT (-87.651252696225 41.929157464284)