CRASH_RECORD_ID,RD_NO,CRASH_DATE_EST_I,CRASH_DATE,POSTED_SPEED_LIMIT,TRAFFIC_CONTROL_DEVICE,DEVICE_CONDITION,WEATHER_CONDITION,LIGHTING_CONDITION,FIRST_CRASH_TYPE,TRAFFICWAY_TYPE,LANE_CNT,ALIGNMENT,ROADWAY_SURFACE_COND,ROAD_DEFECT,REPORT_TYPE,CRASH_TYPE,INTERSECTION_RELATED_I,NOT_RIGHT_OF_WAY_I,HIT_AND_RUN_I,DAMAGE,DATE_POLICE_NOTIFIED,PRIM_CONTRIBUTORY_CAUSE,SEC_CONTRIBUTORY_CAUSE,STREET_NO,STREET_DIRECTION,STREET_NAME,BEAT_OF_OCCURRENCE,PHOTOS_TAKEN_I,STATEMENTS_TAKEN_I,DOORING_I,WORK_ZONE_I,WORK_ZONE_TYPE,WORKERS_PRESENT_I,NUM_UNITS,MOST_SEVERE_INJURY,INJURIES_TOTAL,INJURIES_FATAL,INJURIES_INCAPACITATING,INJURIES_NON_INCAPACITATING,INJURIES_REPORTED_NOT_EVIDENT,INJURIES_NO_INDICATION,INJURIES_UNKNOWN,CRASH_HOUR,CRASH_DAY_OF_WEEK,CRASH_MONTH,LATITUDE,LONGITUDE,LOCATION
30ca207154c9c6601053376614ad7e5242167dcfe85628e41815c4954e95d2770304dbbf860d75aff1fc2481d816640e0147254142a2bdbace2198fe5238b82b,JA265019,,05/15/2017 05:30:00 PM,30,TRAFFIC SIGNAL,FUNCTIONING PROPERLY,CLEAR,DAYLIGHT,SIDESWIPE OPPOSITE DIRECTION,NOT DIVIDED,4.0,STRAIGHT AND LEVEL,DRY,NO DEFECTS,NOT ON SCENE (DESK REPORT),NO INJURY / DRIVE AWAY,Y,,,"$501 - $1,500",05/15/2017 06:10:00 PM,IMPROPER BACKING,UNABLE TO DETERMINE,351,W,BELMONT AVE,1934.0,,,,,,,2,NO INDICATION OF INJURY,0.0,0.0,0.0,0.0,0.0,3.0,0.0,17,2,5,41.9400726314,-87.6390935079,POINT (-87.639093507898 41.940072631408)
3e48297c68dc986d16543c21484e4da8c5304e7ce6b25e96895a40b4efac2854dbaf105e31d62dfb2d8744e393a172fb63d9a9c9978a59708aa949932dfd834a,JB309942,,06/16/2018 07:55:00 PM,30,UNKNOWN,UNKNOWN,UNKNOWN,"DARKNESS, LIGHTED ROAD",PEDESTRIAN,NOT DIVIDED,2.0,STRAIGHT AND LEVEL,UNKNOWN,UNKNOWN,ON SCENE,INJURY AND / OR TOW DUE TO CRASH,,,,$500 OR LESS,06/16/2018 08:01:00 PM,UNABLE TO DETERMINE,NOT APPLICABLE,5200,N,SHERIDAN RD,2023.0,,,,,,,2,"REPORTED, NOT EVIDENT",2.0,0.0,0.0,0.0,2.0,0.0,0.0,19,7,6,41.9764927208,-87.6551336046,POINT (-87.655133604567 41.976492720778)
11ba64636875e26e253cfddb77c9f6738547d8d2001c9a5df41d44747687336b94fb93dfba5337cb74e96da63e2ad86ce458932b4ca47d4f33dbda35f6b0722e,JD462883,,12/18/2020 05:45:00 PM,30,NO CONTROLS,NO CONTROLS,CLEAR,"DARKNESS, LIGHTED ROAD",REAR TO FRONT,NOT DIVIDED,,STRAIGHT AND LEVEL,DRY,NO DEFECTS,NOT ON SCENE (DESK REPORT),NO INJURY / DRIVE AWAY,,,,"OVER $1,500",12/18/2020 06:00:00 PM,FAILING TO YIELD RIGHT-OF-WAY,NOT APPLICABLE,4608,W,BELMONT AVE,1731.0,,,,,,,2,NO INDICATION OF INJURY,0.0,0.0,0.0,0.0,0.0,4.0,0.0,17,6,12,41.9389938243,-87.7426989895,POINT (-87.742698989467 41.938993824336)
7e4483b2c983d839f737a4285c1a86493c7f4b55f8332d3fa36e85807ec886628f54a560f7093609a9ed964cefb720bfaf689be2091f0ec717b10583eaf641a8,JF282965,,06/17/2022 07:30:00 AM,30,NO CONTROLS,NO CONTROLS,CLEAR,DAYLIGHT,OTHER OBJECT,ALLEY,,STRAIGHT AND LEVEL,DRY,WORN SURFACE,ON SCENE,NO INJURY / DRIVE AWAY,,Y,,"$501 - $1,500",06/17/2022 08:05:00 AM,UNABLE TO DETERMINE,UNABLE TO DETERMINE,2348,S,WASHTENAW AVE,1034.0,,,,,,,1,NO INDICATION OF INJURY,0.0,0.0,0.0,0.0,0.0,1.0,0.0,7,6,6,41.8486539928,-87.6930503898,POINT (-87.693050389824 41.848653992837)
16ea6f26c6e8814ef127d9359a8166e98764799ccc6b4c712af067987406c871f45dc180f4009c14883f0a8866625338b783d2c5c94395f9c0ebccdb59e2797a,JE164612,,03/09/2021 03:30:00 PM,30,NO CONTROLS,NO CONTROLS,CLEAR,DAYLIGHT,PARKED MOTOR VEHICLE,NOT DIVIDED,,STRAIGHT AND LEVEL,DRY,NO DEFECTS,NOT ON SCENE (DESK REPORT),NO INJURY / DRIVE AWAY,,,,"OVER $1,500",03/10/2021 09:15:00 AM,PHYSICAL CONDITION OF DRIVER,UNABLE TO DETERMINE,10133,S,AVENUE L,432.0,,,,,,,2,NO INDICATION OF INJURY,0.0,0.0,0.0,0.0,0.0,1.0,0.0,15,3,3,41.7110032349,-87.5363419744,POINT (-87.536341974416 41.711003234902)
48748d6b9aabb063ee2185c7e50b20c3deea6b88605a3b323eb32aca2e75cdfda6140def0a88d411d03e881c707a6c08b8832671e9139c1c05feef32397d9bb3,JF142056,,02/12/2022 08:45:00 AM,30,TRAFFIC SIGNAL,FUNCTIONING PROPERLY,CLEAR,DAYLIGHT,TURNING,FOUR WAY,,STRAIGHT AND LEVEL,DRY,NO DEFECTS,ON SCENE,INJURY AND / OR TOW DUE TO CRASH,Y,,Y,"OVER $1,500",02/12/2022 08:47:00 AM,DRIVING ON WRONG SIDE/WRONG WAY,IMPROPER LANE USAGE,4000,W,WASHINGTON BLVD,1114.0,,,,,,,2,NO INDICATION OF INJURY,0.0,0.0,0.0,0.0,0.0,4.0,0.0,8,7,2,41.8820618962,-87.7258015444,POINT (-87.725801544404 41.882061896152)
8a15855d932174cc8a3763dbbdc8ae909077cfbaab1cb30eb71e07bcf667a65dbe0d6ff03dea13c19c227cd5e1db58d4e892e9c91286f06076be956a82989b97,JC470741,,10/13/2019 02:12:00 AM,30,TRAFFIC SIGNAL,FUNCTIONING PROPERLY,CLEAR,"DARKNESS, LIGHTED ROAD",ANGLE,FOUR WAY,,STRAIGHT AND LEVEL,DRY,NO DEFECTS,ON SCENE,NO INJURY / DRIVE AWAY,Y,,,"OVER $1,500",10/13/2019 02:12:00 AM,DISREGARDING TRAFFIC SIGNALS,NOT APPLICABLE,1199,N,LARAMIE AVE,1531.0,,,,,,,2,NO INDICATION OF INJURY,0.0,0.0,0.0,0.0,0.0,7.0,0.0,2,1,10,41.9021599851,-87.7556250421,POINT (-87.755625042059 41.902159985082)
28286c94eff7244cc59f1fe09d6fdfbbbe99767cf466b853f3242bd27a56f65cd072867820bdb5839abae637019f0b6b8af291c5e286d0c6dbd2fc6328b2f8ff,JC388166,,08/02/2019 05:00:00 PM,10,NO CONTROLS,NO CONTROLS,CLEAR,UNKNOWN,PARKED MOTOR VEHICLE,PARKING LOT,,STRAIGHT AND LEVEL,UNKNOWN,NO DEFECTS,NOT ON SCENE (DESK REPORT),NO INJURY / DRIVE AWAY,,,Y,"OVER $1,500",08/11/2019 02:30:00 PM,UNABLE TO DETERMINE,NOT APPLICABLE,1901,W,MADISON ST,1223.0,,,,,,,2,NO INDICATION OF INJURY,0.0,0.0,0.0,0.0,0.0,1.0,0.0,17,6,8,41.8812414568,-87.674282534,POINT (-87.674282533953 41.881241456803)
b32deb49fe6a147db07b74e9319770f077634a4de9021dd372b8cde6832e0b34b1580e5140527e18d875ecb0868ddf8ecc7527eea9b4d7784c79167f5bb5a286,JA112713,,01/12/2017 02:55:00 AM,35,NO CONTROLS,NO CONTROLS,OTHER,"DARKNESS, LIGHTED ROAD",FIXED OBJECT,DIVIDED - W/MEDIAN BARRIER,4.0,STRAIGHT AND LEVEL,ICE,NO DEFECTS,ON SCENE,NO INJURY / DRIVE AWAY,,Y,,"OVER $1,500",01/12/2017 03:00:00 AM,WEATHER,EXCEEDING SAFE SPEED FOR CONDITIONS,3412,W,79TH ST,835.0,,,,,,,1,NO INDICATION OF INJURY,0.0,0.0,0.0,0.0,0.0,1.0,0.0,2,5,1,41.7498920789,-87.7078453081,POINT (-87.707845308093 41.749892078894)
96096b2dfbf6e13e80a6fe583e201cfa3140aaa89a347b4d3f4bc5b6fa67bbdd79063ea2d3b7b6e211e458cd721e48d71cd6b10ddf7bbdd3979ad8088f1ad199,JG155345,,02/16/2023 08:52:00 PM,30,TRAFFIC SIGNAL,FUNCTIONING PROPERLY,SNOW,"DARKNESS, LIGHTED ROAD",ANGLE,FOUR WAY,,STRAIGHT AND LEVEL,SNOW OR SLUSH,UNKNOWN,ON SCENE,INJURY AND / OR TOW DUE TO CRASH,Y,,,"OVER $1,500",02/16/2023 09:00:00 PM,DISREGARDING TRAFFIC SIGNALS,FAILING TO REDUCE SPEED TO AVOID CRASH,7401,S,HALSTED ST,732.0,,,,,,,2,NO INDICATION OF INJURY,0.0,0.0,0.0,0.0,0.0,3.0,0.0,20,5,2,41.7596779216,-87.6441270651,POINT (-87.64412706509 41.75967792156)
585545c14b49f1f259d6f6be4494ef477f30b999c7e5e7d5c3617a6e791901e331b27c7dd941778b819440a98df70281118f9a8ba9492b862e53c882a8407b93,JC150455,,02/13/2019 08:03:00 AM,30,TRAFFIC SIGNAL,FUNCTIONING PROPERLY,CLEAR,DAYLIGHT,ANGLE,OTHER,4.0,STRAIGHT AND LEVEL,WET,NO DEFECTS,ON SCENE,INJURY AND / OR TOW DUE TO CRASH,Y,,,"OVER $1,500",02/13/2019 08:03:00 AM,EXCEEDING SAFE SPEED FOR CONDITIONS,UNABLE TO DETERMINE,600,S,INDEPENDENCE BLVD,1133.0,,,,,,,3,"REPORTED, NOT EVIDENT",1.0,0.0,0.0,0.0,1.0,4.0,0.0,8,4,2,41.8734674235,-87.7205108596,POINT (-87.72051085957 41.873467423537)
bf927e341e11a9c6384f4c46ad9550a05f8f3dd4cf28ee05975973ef97eb5718e465b335cc7c5fabf19f10c204eba982d4c884f002ddd87f0ce52151c0c8abc9,JD123436,,01/21/2020 02:48:00 PM,30,NO CONTROLS,NO CONTROLS,CLEAR,DAYLIGHT,REAR END,NOT DIVIDED,,STRAIGHT AND LEVEL,DRY,NO DEFECTS,ON SCENE,NO INJURY / DRIVE AWAY,,,Y,$500 OR LESS,01/21/2020 02:52:00 PM,FOLLOWING TOO CLOSELY,DRIVING SKILLS/KNOWLEDGE/EXPERIENCE,1512,W,FULLERTON AVE,1932.0,,,,,,,2,NO INDICATION OF INJURY,0.0,0.0,0.0,0.0,0.0,2.0,0.0,14,3,1,41.9252866117,-87.6663028507,POINT (-87.66630285072 41.925286611669)
411d233f24799faa478e98bf61da1be47eab93f29c947004396729b544e8a0e3f079a516e5808ee67db6cdb09e19cdbb8bc8509b4bc46b148951547afed9fdb0,JF398311,,09/16/2022 12:30:00 PM,30,NO CONTROLS,NO CONTROLS,CLEAR,DAYLIGHT,TURNING,PARKING LOT,,STRAIGHT AND LEVEL,DRY,NO DEFECTS,ON SCENE,NO INJURY / DRIVE AWAY,,,,"OVER $1,500",09/16/2022 12:35:00 PM,UNABLE TO DETERMINE,UNABLE TO DETERMINE,10238,S,VINCENNES AVE,2213.0,,,,,,,2,NO INDICATION OF INJURY,0.0,0.0,0.0,0.0,0.0,2.0,0.0,12,6,9,41.7074890012,-87.6559125577,POINT (-87.655912557703 41.70748900121)
b91b14ebe06cb0114906ce7131d14b9461a071d187de084e8f693ec264f3be959a36809ffa3ec821e59355f87a70e41b14a9b9e30767bde54b4f76e176e6e361,JF217756,Y,04/23/2022 08:16:00 PM,30,TRAFFIC SIGNAL,FUNCTIONING PROPERLY,CLEAR,DARKNESS,ANGLE,FOUR WAY,,STRAIGHT AND LEVEL,DRY,NO DEFECTS,,INJURY AND / OR TOW DUE TO CRASH,Y,,,"OVER $1,500",04/23/2022 08:17:00 PM,DISREGARDING TRAFFIC SIGNALS,UNABLE TO DETERMINE,1555,E,71ST ST,324.0,,,,,,,2,INCAPACITATING INJURY,1.0,0.0,1.0,0.0,0.0,1.0,0.0,20,7,4,41.7658615013,-87.5864013125,POINT (-87.58640131247 41.76586150129)
ebc9604e5c7eca08a5c31b30b7c11bb8bada76203a98d2fdecd23273c1dee73a5ecd8be05ce7cb3d06c74571c9a41e5cd6964c40c0b267f0c916cb48cf81b69c,JA445763,,09/25/2017 07:15:00 AM,20,NO CONTROLS,NO CONTROLS,CLEAR,DAYLIGHT,PARKED MOTOR VEHICLE,DIVIDED - W/MEDIAN (NOT RAISED),2.0,STRAIGHT AND LEVEL,DRY,NO DEFECTS,NOT ON SCENE (DESK REPORT),NO INJURY / DRIVE AWAY,,,Y,"OVER $1,500",09/25/2017 10:09:00 AM,UNABLE TO DETERMINE,NOT APPLICABLE,2415,E,105TH ST,434.0,,,,,,,2,NO INDICATION OF INJURY,0.0,0.0,0.0,0.0,0.0,1.0,0.0,7,2,9,41.7044636099,-87.5650617491,POINT (-87.565061749085 41.704463609911)
d77a3d85fa72bdc4d2b9ed91ca079755b9db0422dbfe2a52c5028d1960fe8d63763e026c9cce783a014af878f9d5fd9ee292c72183d6a46d67bfdc20a87dc8ef,HZ488718,,10/25/2016 04:10:00 PM,20,NO CONTROLS,NO CONTROLS,CLEAR,DAYLIGHT,REAR END,NOT DIVIDED,2.0,STRAIGHT AND LEVEL,DRY,NO DEFECTS,NOT ON SCENE (DESK REPORT),NO INJURY / DRIVE AWAY,Y,,,"$501 - $1,500",10/25/2016 04:35:00 PM,FAILING TO REDUCE SPEED TO AVOID CRASH,UNABLE TO DETERMINE,5800,W,GRAND AVE,2515.0,,,,,,,2,NO INDICATION OF INJURY,0.0,0.0,0.0,0.0,0.0,3.0,0.0,16,3,10,41.919774901,-87.7707265258,POINT (-87.770726525828 41.919774900971)
6c6d86699d9acb8161e76c9dfe584b67136878520217fdf604c86e6ffd47f1ca4239d4afc72619ffd7f503506b17db298cdb01989935448025cc98e6a1d5f1fb,HY496801,,11/10/2015 05:10:00 PM,30,TRAFFIC SIGNAL,FUNCTIONING PROPERLY,CLEAR,"DARKNESS, LIGHTED ROAD",TURNING,DIVIDED - W/MEDIAN (NOT RAISED),4.0,STRAIGHT AND LEVEL,DRY,NO DEFECTS,NOT ON SCENE (DESK REPORT),NO INJURY / DRIVE AWAY,,,,"OVER $1,500",11/10/2015 05:38:00 PM,FAILING TO YIELD RIGHT-OF-WAY,NOT APPLICABLE,800,W,ROOSEVELT RD,1232.0,,,,,,,2,NO INDICATION OF INJURY,0.0,0.0,0.0,0.0,0.0,5.0,0.0,17,3,11,41.8672630984,-87.646972686,POINT (-87.646972686016 41.867263098369)
bf7ae9741b5e326993c54bace6847d1ff210cce0cecfd745e54f927ac241157713683f14f3b62dd45a592536b74bca2c25d5a4fc5a090980177518bedefad74c,JD132505,,01/29/2020 10:00:00 AM,30,NO CONTROLS,NO CONTROLS,CLEAR,DAYLIGHT,PARKED MOTOR VEHICLE,NOT DIVIDED,,STRAIGHT AND LEVEL,DRY,NO DEFECTS,ON SCENE,NO INJURY / DRIVE AWAY,,,,"OVER $1,500",01/29/2020 10:03:00 AM,DRIVING SKILLS/KNOWLEDGE/EXPERIENCE,NOT APPLICABLE,1939,N,KIMBALL AVE,1422.0,,,,,,,2,NO INDICATION OF INJURY,0.0,0.0,0.0,0.0,0.0,1.0,0.0,10,4,1,41.91665103,-87.7117448109,POINT (-87.711744810895 41.916651029998)
e8d9993d83ab1e75c6baa314a493caa3d642bb201adedbbd4388e6721915166710271dd7b99dbe276b5ef2d5c2b45b1817fda6d102192f7a11626ed5a71dc21e,JC135750,,01/31/2019 11:40:00 AM,30,STOP SIGN/FLASHER,NO CONTROLS,SNOW,DAYLIGHT,TURNING,NOT DIVIDED,,STRAIGHT AND LEVEL,ICE,NO DEFECTS,NOT ON SCENE (DESK REPORT),NO INJURY / DRIVE AWAY,,,,"OVER $1,500",01/31/2019 07:25:00 PM,FAILING TO YIELD RIGHT-OF-WAY,DRIVING SKILLS/KNOWLEDGE/EXPERIENCE,5500,S,RUTHERFORD AVE,811.0,,,,,,,2,NO INDICATION OF INJURY,0.0,0.0,0.0,0.0,0.0,3.0,0.0,11,5,1,41.7920871031,-87.7904970436,POINT (-87.790497043614 41.792087103135)
453683eb30379cf513feb78915c90f03f1a418a33e3b3d9fd7fa13ea7897b90ed50f99f486e5bbffd862a11d2c8c2d7c623d301adf8cc4d87c7a273802735bb7,HZ366799,,07/16/2016 02:00:00 PM,35,NO CONTROLS,NO CONTROLS,CLEAR,DAYLIGHT,ANGLE,NOT DIVIDED,5.0,STRAIGHT AND LEVEL,DRY,NO DEFECTS,NOT ON SCENE (DESK REPORT),NO INJURY / DRIVE AWAY,,,,"$501 - $1,500",07/27/2016 02:21:00 PM,UNABLE TO DETERMINE,UNABLE TO DETERMINE,2376,W,PRATT BLVD,2411.0,,,,,,,2,NO INDICATION OF INJURY,0.0,0.0,0.0,0.0,0.0,3.0,0.0,14,7,7,42.0051445345,-87.6899687325,POINT (-87.689968732521 42.005144534455)
29c1babf96b39af8c4ecf58c12b45a46b42d37e9efdcd8ac41b2540ade418ad02375a17ee826610d55cedb93cb34856602618d267d4ee7da2db43964d699f374,JF488736,,11/26/2022 09:15:00 PM,25,NO CONTROLS,NO CONTROLS,CLEAR,DAYLIGHT,PARKED MOTOR VEHICLE,NOT DIVIDED,,STRAIGHT AND LEVEL,DRY,NO DEFECTS,ON SCENE,INJURY AND / OR TOW DUE TO CRASH,,,,"OVER $1,500",11/26/2022 09:20:00 PM,UNDER THE INFLUENCE OF ALCOHOL/DRUGS (USE WHEN ARREST IS EFFECTED),NOT APPLICABLE,4061,N,SHERIDAN RD,1915.0,,,,,,,3,NO INDICATION OF INJURY,0.0,0.0,0.0,0.0,0.0,1.0,0.0,21,7,11,41.9562609129,-87.6544479443,POINT (-87.65444794432 41.956260912918)
f0393e1d47a4795caaa5159637927876f8fdd4c59cb4454a8ad81c2d120deb0b15d031fc3a5670b29bfd7dea0b36c0e94467a090b2e920f8dafa1fdeb92ae1fc,JE488620,,12/25/2021 02:10:00 PM,30,NO CONTROLS,NO CONTROLS,CLEAR,DAYLIGHT,TURNING,NOT DIVIDED,,STRAIGHT AND LEVEL,DRY,NO DEFECTS,NOT ON SCENE (DESK REPORT),NO INJURY / DRIVE AWAY,,,Y,"OVER $1,500",12/25/2021 02:20:00 PM,IMPROPER TURNING/NO SIGNAL,UNABLE TO DETERMINE,826,W,31ST ST,913.0,,,,,,,2,NO INDICATION OF INJURY,0.0,0.0,0.0,0.0,0.0,3.0,0.0,14,7,12,41.8381418789,-87.6473232406,POINT (-87.647323240648 41.838141878937)
1409edb16a2ef00593f4a7b4485bd5c8d5f286bc094b103efb01a2bf82c9e049196db22150dbf7314ae90a7e88dd7127090681f55ae66d1bbb0d0352c5b9c8e5,JC479363,,10/20/2019 06:17:00 AM,30,TRAFFIC SIGNAL,FUNCTIONING PROPERLY,CLEAR,"DARKNESS, LIGHTED ROAD",ANGLE,NOT DIVIDED,,STRAIGHT AND LEVEL,DRY,NO DEFECTS,ON SCENE,INJURY AND / OR TOW DUE TO CRASH,Y,,,"OVER $1,500",10/20/2019 06:20:00 AM,"OPERATING VEHICLE IN ERRATIC, RECKLESS, CARELESS, NEGLIGENT OR AGGRESSIVE MANNER",DISREGARDING TRAFFIC SIGNALS,3000,W,LAKE ST,1222.0,,,,,,,2,INCAPACITATING INJURY,2.0,0.0,2.0,0.0,0.0,0.0,0.0,6,1,10,41.884187654,-87.7014111681,POINT (-87.701411168075 41.884187653953)
db7659c476101669e1a7320d6c6e81353d32a489946a777e8ed156474c3022ac0cc2d9f161adecb686d35973e0dedb70ce7e28df8f5c6dc5a9ac2781dc70817a,JB144035,,02/07/2018 10:10:00 AM,30,NO CONTROLS,NO CONTROLS,SNOW,DAYLIGHT,PARKED MOTOR VEHICLE,ONE-WAY,1.0,STRAIGHT AND LEVEL,SNOW OR SLUSH,NO DEFECTS,ON SCENE,NO INJURY / DRIVE AWAY,,,,$500 OR LESS,02/07/2018 10:14:00 AM,UNABLE TO DETERMINE,NOT APPLICABLE,5739,S,BISHOP ST,713.0,,,,,,,2,NO INDICATION OF INJURY,0.0,0.0,0.0,0.0,0.0,1.0,0.0,10,4,2,41.7892764768,-87.6606763596,POINT (-87.660676359567 41.789276476785)
61866f37b49fb04affcd5645fb712bd4be7e2d042f9292569762255f6189faf1e5e59fd7d03c1986cb1c5d5995245931363ef88a0f6375dff16af2e1f228bf44,JA428402,,09/12/2017 01:00:00 PM,30,TRAFFIC SIGNAL,FUNCTIONING PROPERLY,CLEAR,DAYLIGHT,REAR END,NOT DIVIDED,2.0,STRAIGHT AND LEVEL,DRY,UNKNOWN,NOT ON SCENE (DESK REPORT),NO INJURY / DRIVE AWAY,,,,"$501 - $1,500",09/12/2017 02:00:00 PM,FOLLOWING TOO CLOSELY,UNABLE TO DETERMINE,6399,N,CALIFORNIA AVE,2413.0,,,,,,,2,NO INDICATION OF INJURY,0.0,0.0,0.0,0.0,0.0,2.0,0.0,13,3,9,41.9974742315,-87.6994918511,POINT (-87.699491851118 41.9974742315)
e6683e10cee54ec355267bc479b4a374e4b820794aa6e9a4f4bec2ec8140d99205c4ca1ef5d91d59812756185d779e3038e1aac67377984100fc84f54e138e48,JB392105,,08/13/2018 05:39:00 PM,15,TRAFFIC SIGNAL,FUNCTIONING PROPERLY,CLEAR,DAYLIGHT,TURNING,NOT DIVIDED,,STRAIGHT AND LEVEL,DRY,NO DEFECTS,ON SCENE,NO INJURY / DRIVE AWAY,Y,,,"OVER $1,500",08/13/2018 05:49:00 PM,FAILING TO YIELD RIGHT-OF-WAY,FAILING TO YIELD RIGHT-OF-WAY,4700,W,MARQUETTE RD,833.0,,,,,,,2,NO INDICATION OF INJURY,0.0,0.0,0.0,0.0,0.0,2.0,0.0,17,2,8,41.7712748211,-87.739676508,POINT (-87.739676508031 41.771274821137)
00584bf41f53f987568ba0d5cb04db697c238c83e77a266b4f5ed4587b4b099e1be470bcd249c473fad3e741f444f9ce2e365302ceaa23eff182479baf548827,JC511112,,11/15/2019 08:08:00 AM,30,TRAFFIC SIGNAL,FUNCTIONING PROPERLY,CLEAR,DAYLIGHT,REAR END,NOT DIVIDED,,STRAIGHT AND LEVEL,DRY,NO DEFECTS,NOT ON SCENE (DESK REPORT),NO INJURY / DRIVE AWAY,Y,,Y,$500 OR LESS,11/15/2019 08:35:00 AM,FOLLOWING TOO CLOSELY,FAILING TO REDUCE SPEED TO AVOID CRASH,2359,N,CALIFORNIA AVE,1431.0,,,,,,,2,NO INDICATION OF INJURY,0.0,0.0,0.0,0.0,0.0,2.0,0.0,8,6,11,41.9245341537,-87.6972585866,POINT (-87.697258586604 41.924534153728)
2b9fd8a243d8865a10e6875704524aff21d7ebf85bead553ee30be92f040bea4d0589020e4d3fb7a8b99303b0805827c4da3f6e58c673434339e385e8e12d381,JC460437,N,10/04/2019 10:00:00 PM,30,TRAFFIC SIGNAL,UNKNOWN,CLEAR,"DARKNESS, LIGHTED ROAD",TURNING,FOUR WAY,,STRAIGHT AND LEVEL,DRY,UNKNOWN,NOT ON SCENE (DESK REPORT),NO INJURY / DRIVE AWAY,Y,,,"OVER $1,500",10/04/2019 10:40:00 PM,IMPROPER TURNING/NO SIGNAL,UNABLE TO DETERMINE,5200,N,MILWAUKEE AVE,1623.0,,,,,,,2,NO INDICATION OF INJURY,0.0,0.0,0.0,0.0,0.0,2.0,0.0,22,6,10,41.9746371862,-87.7669929579,POINT (-87.766992957914 41.974637186208)
dc4c1c968f8bd1b052c7753a0a3fc80e75b675024b914421598593bffbcb5c8b4a73b7046a319d48d8c4b26b61b444cdeaa3101c46dc29b063b9d1a7463aeaea,JC548831,,12/16/2019 11:50:00 AM,30,NO CONTROLS,NO CONTROLS,CLOUDY/OVERCAST,DAYLIGHT,REAR END,NOT DIVIDED,,STRAIGHT AND LEVEL,DRY,NO DEFECTS,NOT ON SCENE (DESK REPORT),NO INJURY / DRIVE AWAY,,,,"$501 - $1,500",12/16/2019 12:05:00 PM,UNABLE TO DETERMINE,UNABLE TO DETERMINE,4041,W,LAWRENCE AVE,1722.0,,,,,,,2,NO INDICATION OF INJURY,0.0,0.0,0.0,0.0,0.0,3.0,0.0,11,2,12,41.9681132524,-87.7297104882,POINT (-87.729710488238 41.968113252356)
dff89c5a3687006debaa7d5f12bbb4765d4147f4da431e0a2c6184c735671ef2ee4a84a475e2ef8aa2690dc24069affd98ba98aa5d7de667b89a30121c2d1a2f,JC423626,,09/07/2019 12:34:00 PM,10,NO CONTROLS,NO CONTROLS,CLEAR,DAYLIGHT,PARKED MOTOR VEHICLE,PARKING LOT,,STRAIGHT AND LEVEL,UNKNOWN,UNKNOWN,ON SCENE,NO INJURY / DRIVE AWAY,,,,"OVER $1,500",09/07/2019 12:36:00 PM,UNABLE TO DETERMINE,NOT APPLICABLE,6933,N,KEDZIE AVE,2411.0,,,,,,,2,NO INDICATION OF INJURY,0.0,0.0,0.0,0.0,0.0,1.0,0.0,12,7,9,42.0073774508,-87.7091256198,POINT (-87.709125619765 42.007377450752)
c6db1a4642289e7ec8c47f9f25f0dfad0f045451ee96d797aee861201421942500cb767302d4b13047489bb749fb50e397cb16ad74a94b996a67d28d436a7ce1,JA206977,,03/31/2017 08:25:00 AM,30,TRAFFIC SIGNAL,FUNCTIONING PROPERLY,CLOUDY/OVERCAST,DAYLIGHT,ANGLE,ONE-WAY,0.0,STRAIGHT AND LEVEL,WET,NO DEFECTS,ON SCENE,INJURY AND / OR TOW DUE TO CRASH,Y,,Y,"OVER $1,500",03/31/2017 08:31:00 AM,DISREGARDING TRAFFIC SIGNALS,FAILING TO REDUCE SPEED TO AVOID CRASH,2258,W,VAN BUREN ST,1225.0,,,,,,,2,INCAPACITATING INJURY,1.0,0.0,1.0,0.0,0.0,4.0,0.0,8,6,3,41.8762463467,-87.6825266468,POINT (-87.682526646761 41.876246346744)
870e27aa169c7df49858329038cf4fbf848eb6a01c293d4ad65c7cd16138b0a07c080b029c7952e1ecc308db5084d34edad36f46deee769cdd20cd88ec59b5f3,JB454973,,09/28/2018 06:45:00 PM,25,NO CONTROLS,NO CONTROLS,CLEAR,DARKNESS,PARKED MOTOR VEHICLE,PARKING LOT,,STRAIGHT AND LEVEL,WET,NO DEFECTS,NOT ON SCENE (DESK REPORT),NO INJURY / DRIVE AWAY,,,,"$501 - $1,500",09/28/2018 08:04:00 PM,NOT APPLICABLE,NOT APPLICABLE,3899,W,MADISON ST,1122.0,,,,,,,2,NO INDICATION OF INJURY,0.0,0.0,0.0,0.0,0.0,1.0,0.0,18,6,9,41.8806490299,-87.7231247241,POINT (-87.723124724118 41.880649029868)
2ff9b683e074b6d1e62cd6712a9ed162ae3a8d967d856c83241289a0fde87e8cc5378a8e9d9821a40b151ca989b8322751233ce50c0fac75924a5e262bed420f,JE318437,,07/29/2021 11:50:00 AM,30,NO CONTROLS,NO CONTROLS,CLEAR,DAYLIGHT,REAR END,NOT DIVIDED,,STRAIGHT AND LEVEL,DRY,UNKNOWN,ON SCENE,NO INJURY / DRIVE AWAY,,,,"$501 - $1,500",07/29/2021 11:55:00 AM,UNABLE TO DETERMINE,NOT APPLICABLE,909,W,DIVERSEY PKWY,1935.0,,,,,,,2,NO INDICATION OF INJURY,0.0,0.0,0.0,0.0,0.0,2.0,0.0,11,5,7,41.9325626006,-87.6518278705,POINT (-87.6518278705 41.93256260057)