CRASH_RECORD_ID,RD_NO,CRASH_DATE_EST_I,CRASH_DATE,POSTED_SPEED_LIMIT,TRAFFIC_CONTROL_DEVICE,DEVICE_CONDITION,WEATHER_CONDITION,LIGHTING_CONDITION,FIRST_CRASH_TYPE,TRAFFICWAY_TYPE,LANE_CNT,ALIGNMENT,ROADWAY_SURFACE_COND,ROAD_DEFECT,REPORT_TYPE,CRASH_TYPE,INTERSECTION_RELATED_I,NOT_RIGHT_OF_WAY_I,HIT_AND_RUN_I,DAMAGE,DATE_POLICE_NOTIFIED,PRIM_CONTRIBUTORY_CAUSE,SEC_CONTRIBUTORY_CAUSE,STREET_NO,STREET_DIRECTION,STREET_NAME,BEAT_OF_OCCURRENCE,PHOTOS_TAKEN_I,STATEMENTS_TAKEN_I,DOORING_I,WORK_ZONE_I,WORK_ZONE_TYPE,WORKERS_PRESENT_I,NUM_UNITS,MOST_SEVERE_INJURY,INJURIES_TOTAL,INJURIES_FATAL,INJURIES_INCAPACITATING,INJURIES_NON_INCAPACITATING,INJURIES_REPORTED_NOT_EVIDENT,INJURIES_NO_INDICATION,INJURIES_UNKNOWN,CRASH_HOUR,CRASH_DAY_OF_WEEK,CRASH_MONTH,LATITUDE,LONGITUDE,LOCATION
38b05ce4011c8cfccb4bac52c1a95f781fe3b6bbf4b9b1a1c9fa67cc7441ff76bbf6352fe862cef887f3a4cc11022293a98e067180c6cb83d099b5d902551c4a,JG466834,,10/17/2023 07:34:00 AM,35,STOP SIGN/FLASHER,FUNCTIONING PROPERLY,RAIN,DAYLIGHT,TURNING,FOUR WAY,,STRAIGHT AND LEVEL,DRY,NO DEFECTS,NOT ON SCENE (DESK REPORT),NO INJURY / DRIVE AWAY,Y,,,"OVER $1,500",10/17/2023 09:16:00 AM,IMPROPER OVERTAKING/PASSING,DRIVING SKILLS/KNOWLEDGE/EXPERIENCE,835,W,WAYMAN ST,1214.0,,,,,,,2,NO INDICATION OF INJURY,0.0,0.0,0.0,0.0,0.0,2.0,0.0,7,3,10,41.8872616186,-87.6488282486,POINT (-87.648828248551 41.887261618615)
82c24727df5a13bc9aa6e2168ec6f3879b3b36c50d17ee1937c99b659ca896e442b362c6b38f92b2fee7ab01145277e788808ede44ae7e5409ea954947425c0b,HZ263077,,05/12/2016 07:45:00 AM,35,NO CONTROLS,NO CONTROLS,FOG/SMOKE/HAZE,DAYLIGHT,REAR END,NOT DIVIDED,2.0,STRAIGHT AND LEVEL,WET,NO DEFECTS,NOT ON SCENE (DESK REPORT),NO INJURY / DRIVE AWAY,,,,"OVER $1,500",05/13/2016 04:03:00 PM,FAILING TO REDUCE SPEED TO AVOID CRASH,NOT APPLICABLE,3450,W,DIVISION ST,1422.0,,,,,,,2,NO INDICATION OF INJURY,0.0,0.0,0.0,0.0,0.0,2.0,0.0,7,5,5,41.9028865911,-87.7135688187,POINT (-87.713568818672 41.90288659112)
198dd463df4b2ddf97c65b2b16f6ed2fa950eff0251a8f8527670a4ccc0b6813fb20340105f61de246203e959e75c20305c1e4a46ec24fbdf1c032880826e331,JE252484,,06/03/2021 03:41:00 PM,30,TRAFFIC SIGNAL,FUNCTIONING PROPERLY,CLEAR,DAYLIGHT,REAR END,NOT DIVIDED,,STRAIGHT AND LEVEL,DRY,NO DEFECTS,NOT ON SCENE (DESK REPORT),NO INJURY / DRIVE AWAY,Y,,Y,"$501 - $1,500",06/03/2021 04:40:00 PM,FOLLOWING TOO CLOSELY,UNABLE TO DETERMINE,2398,W,GRANVILLE AVE,2413.0,,,,,,,2,NO INDICATION OF INJURY,0.0,0.0,0.0,0.0,0.0,2.0,0.0,15,5,6,41.994203449,-87.6897059799,POINT (-87.689705979921 41.994203448984)
402f89968cf5df549fe25cd683bc3943c126212b1caea9a6f45cd43d3c207280dcdee3f67ce854a59377095d99bd92d42244bfab993061e9ae7efe96f7ab2cd5,JD297702,,07/14/2020 10:10:00 PM,30,STOP SIGN/FLASHER,FUNCTIONING PROPERLY,CLEAR,"DARKNESS, LIGHTED ROAD",REAR END,NOT DIVIDED,,STRAIGHT AND LEVEL,DRY,NO DEFECTS,NOT ON SCENE (DESK REPORT),NO INJURY / DRIVE AWAY,,,,"$501 - $1,500",07/14/2020 10:45:00 PM,UNABLE TO DETERMINE,UNABLE TO DETERMINE,11600,S,AVENUE O,433.0,,,,,,,2,NO INDICATION OF INJURY,0.0,0.0,0.0,0.0,0.0,2.0,0.0,22,3,7,41.6844984454,-87.5402760789,POINT (-87.540276078933 41.684498445358)
90aee512344b851f06a9e3907b00453ec762f884bf9f464f743db9e53027218d1c5a5ab38729ef8df9da60bcdc5abfaebe9700aa3fbabd48c104680777b05fdb,JF479140,,11/18/2022 06:00:00 AM,30,NO CONTROLS,NO CONTROLS,SNOW,DAYLIGHT,PARKED MOTOR VEHICLE,NOT DIVIDED,,STRAIGHT AND LEVEL,WET,NO DEFECTS,ON SCENE,NO INJURY / DRIVE AWAY,,,Y,"$501 - $1,500",11/18/2022 10:45:00 AM,UNABLE TO DETERMINE,NOT APPLICABLE,940,E,133RD ST,533.0,,,,,,,2,NO INDICATION OF INJURY,0.0,0.0,0.0,0.0,0.0,1.0,0.0,6,6,11,41.6539024024,-87.5979534843,POINT (-87.597953484282 41.653902402435)
1183bd816997c113c80309299c2cf72a7915ea4507d2f30b9fed5e4f72da2c7c6dde9586ae42de6aec3dbf404b2eeaf776d0d3a682a646381fd9a543025ba843,JE240694,,05/24/2021 03:30:00 AM,30,NO CONTROLS,NO CONTROLS,CLEAR,"DARKNESS, LIGHTED ROAD",PARKED MOTOR VEHICLE,ONE-WAY,,STRAIGHT AND LEVEL,DRY,NO DEFECTS,ON SCENE,NO INJURY / DRIVE AWAY,,,Y,"OVER $1,500",05/24/2021 06:45:00 AM,DRIVING SKILLS/KNOWLEDGE/EXPERIENCE,UNABLE TO DETERMINE,7816,S,RIDGELAND AVE,414.0,,,,,,,4,NO INDICATION OF INJURY,0.0,0.0,0.0,0.0,0.0,1.0,0.0,3,2,5,41.7528039661,-87.5822652134,POINT (-87.58226521344 41.752803966056)
cb7dfe0ab3fbf26c0352cdb14cdf98be6809ce14ed116f316c57ae875c93464f3b0ec56ddece62521ff2e7a704762941901471789f637e30ebaccaf2e043426f,JB387744,,08/10/2018 04:00:00 PM,30,UNKNOWN,UNKNOWN,CLEAR,DAYLIGHT,PARKED MOTOR VEHICLE,DIVIDED - W/MEDIAN (NOT RAISED),2.0,STRAIGHT AND LEVEL,UNKNOWN,UNKNOWN,ON SCENE,NO INJURY / DRIVE AWAY,,,Y,"$501 - $1,500",08/10/2018 04:21:00 PM,NOT APPLICABLE,NOT APPLICABLE,218,N,RACINE AVE,1215.0,,,,,,,2,NO INDICATION OF INJURY,0.0,0.0,0.0,0.0,0.0,1.0,0.0,16,6,8,41.88615363,-87.6569684101,POINT (-87.656968410088 41.886153630046)
773c3d7e2bb6737dfb0fa550abc20d202f82429ffa3a565e3ca85e6ccfb944757a5874bd28b366adaa1898ba4bc6edb027bc85adfe99d85db951db038f443a9b,JA176596,,03/06/2017 07:00:00 AM,30,NO CONTROLS,NO CONTROLS,CLOUDY/OVERCAST,DAYLIGHT,TURNING,DIVIDED - W/MEDIAN (NOT RAISED),2.0,STRAIGHT AND LEVEL,DRY,NO DEFECTS,NOT ON SCENE (DESK REPORT),NO INJURY / DRIVE AWAY,,,,$500 OR LESS,03/06/2017 08:30:00 AM,UNABLE TO DETERMINE,UNABLE TO DETERMINE,2946,N,WESTERN AVE,1411.0,,,,,,,2,NO INDICATION OF INJURY,0.0,0.0,0.0,0.0,0.0,2.0,0.0,7,2,3,41.9355305877,-87.6881188797,POINT (-87.688118879738 41.935530587746)
d0dd76656db777754e65908a243f96438666f6c5000c6d7a72558e727a885990b3215e490cbed3b4ccfdefaf360d6e3446d11f23cf4fd1d577fcdffd6161588f,JC121989,,01/18/2019 05:58:00 PM,30,NO CONTROLS,NO CONTROLS,CLEAR,DARKNESS,REAR END,DIVIDED - W/MEDIAN (NOT RAISED),2.0,STRAIGHT AND LEVEL,DRY,NO DEFECTS,ON SCENE,NO INJURY / DRIVE AWAY,,,,"OVER $1,500",01/18/2019 06:15:00 PM,FOLLOWING TOO CLOSELY,NOT APPLICABLE,6613,W,IRVING PARK RD,1632.0,,,,,,,2,NO INDICATION OF INJURY,0.0,0.0,0.0,0.0,0.0,2.0,0.0,17,6,1,41.952709128,-87.7920283927,POINT (-87.792028392711 41.952709128004)
a6a888ef08587825f5456106b54d37e4eefe3a027dec629ed67374f8f67f299e0cabdbd5275653322afe7c7dceec2045abf86db9dc09f6c64848d15c5dc0b11b,JB574102,,12/31/2018 05:00:00 PM,10,TRAFFIC SIGNAL,FUNCTIONING PROPERLY,RAIN,"DARKNESS, LIGHTED ROAD",TURNING,ONE-WAY,3.0,STRAIGHT AND LEVEL,WET,NO DEFECTS,NOT ON SCENE (DESK REPORT),NO INJURY / DRIVE AWAY,Y,Y,,"OVER $1,500",12/31/2018 05:50:00 PM,IMPROPER TURNING/NO SIGNAL,NOT APPLICABLE,240,W,MERCHANDISE MART PLZ,1831.0,,,,,,,2,NO INDICATION OF INJURY,0.0,0.0,0.0,0.0,0.0,2.0,0.0,17,2,12,41.8880627655,-87.6356900673,POINT (-87.635690067301 41.888062765498)
0e68fb3c39aec3273c6838b237cc419af87e5ddaaab6803da1fe017393f099df0b19a5bbe20a28543ebbeba647798645b3dae20f93cd42c611fc84f7d881d553,JE469285,,12/07/2021 03:35:00 PM,25,NO CONTROLS,NO CONTROLS,CLEAR,DAYLIGHT,REAR END,DIVIDED - W/MEDIAN (NOT RAISED),,STRAIGHT AND LEVEL,DRY,NO DEFECTS,ON SCENE,INJURY AND / OR TOW DUE TO CRASH,,,,"OVER $1,500",12/07/2021 03:40:00 PM,FAILING TO REDUCE SPEED TO AVOID CRASH,UNABLE TO DETERMINE,2913,W,24TH BLVD,1033.0,,,,,,,3,"REPORTED, NOT EVIDENT",1.0,0.0,0.0,0.0,1.0,2.0,0.0,15,3,12,41.8477344817,-87.6982660821,POINT (-87.698266082105 41.847734481696)
486bda18b3d951a4c45b0b594efccbea8ac80b4fb742ce16c6e3ea98282e4a830a431a689cc2e724a630449ef641b5b3e41c21ecb3c2663902c569b70c3ff2a3,JE137459,,02/09/2021 07:30:00 PM,25,NO CONTROLS,NO CONTROLS,CLEAR,"DARKNESS, LIGHTED ROAD",PARKED MOTOR VEHICLE,ONE-WAY,,STRAIGHT AND LEVEL,SNOW OR SLUSH,NO DEFECTS,ON SCENE,NO INJURY / DRIVE AWAY,,,Y,"OVER $1,500",02/09/2021 11:08:00 PM,FAILING TO REDUCE SPEED TO AVOID CRASH,UNABLE TO DETERMINE,2833,N,NEW ENGLAND AVE,2511.0,,,,,,,2,NO INDICATION OF INJURY,0.0,0.0,0.0,0.0,0.0,1.0,0.0,19,3,2,41.931849588,-87.7978003978,POINT (-87.797800397802 41.931849588014)
7131e69135dabc42e925b5cde0d01109e02062374c5e5aa7d6b9b1d255a46dcbf09e23caad90a4dbc4d4fcdc3b323b2a789b5935bcac10039775254a347052bb,JF186470,,03/25/2022 03:00:00 PM,30,NO CONTROLS,NO CONTROLS,CLEAR,DAYLIGHT,SIDESWIPE SAME DIRECTION,NOT DIVIDED,,STRAIGHT AND LEVEL,DRY,NO DEFECTS,NOT ON SCENE (DESK REPORT),NO INJURY / DRIVE AWAY,,,,"OVER $1,500",03/25/2022 05:15:00 PM,UNABLE TO DETERMINE,UNABLE TO DETERMINE,3739,W,HARRISON ST,1133.0,,,,,,,2,NO INDICATION OF INJURY,0.0,0.0,0.0,0.0,0.0,2.0,0.0,15,6,3,41.8734054734,-87.7197335402,POINT (-87.719733540185 41.87340547339)
8eb7edf78c8b1d17136d2cb28757b96d9bdbd55122aeee6d01cfc0868ea7ded1f0143ddcc8149c3d329ec0181574085ba4b070e9025cd44dccbc1f80dd001efa,JF158443,,02/28/2022 09:35:00 AM,30,STOP SIGN/FLASHER,OTHER,CLEAR,DAYLIGHT,TURNING,FOUR WAY,,STRAIGHT AND LEVEL,DRY,NO DEFECTS,NOT ON SCENE (DESK REPORT),NO INJURY / DRIVE AWAY,Y,,,"$501 - $1,500",02/28/2022 10:00:00 AM,FAILING TO YIELD RIGHT-OF-WAY,NOT APPLICABLE,1330,N,HOMAN AVE,1422.0,,,,,,,2,NO INDICATION OF INJURY,0.0,0.0,0.0,0.0,0.0,3.0,0.0,9,2,2,41.9054665003,-87.7119093723,POINT (-87.711909372322 41.905466500264)
bdba24dc2d60c4d0729ee07822e531fbdaf80169fdc0aa0fed919c63d8588f0c7a84d1ba4cd0526a8b0db536748dba8cb391ba9583ba67c83ec6ed26d4807113,JE198185,,04/13/2021 11:45:00 AM,25,NO CONTROLS,NO CONTROLS,CLEAR,DAYLIGHT,PARKED MOTOR VEHICLE,ONE-WAY,,STRAIGHT AND LEVEL,DRY,NO DEFECTS,NOT ON SCENE (DESK REPORT),NO INJURY / DRIVE AWAY,,,Y,"$501 - $1,500",04/13/2021 12:30:00 PM,UNABLE TO DETERMINE,NOT APPLICABLE,4109,W,VAN BUREN ST,1132.0,,,,,,,2,NO INDICATION OF INJURY,0.0,0.0,0.0,0.0,0.0,1.0,0.0,11,3,4,41.8751216427,-87.7283597547,POINT (-87.728359754663 41.87512164267)
f2395c73684870e9799fe3c80801e8eaed3c84c41c3d4903f262d7206ee88e7bbb50730832e20dc94d36dd86bfd38e4fa9e5cc0e4192418defd86c6b908c9fe6,JB239649,,04/24/2018 11:00:00 AM,30,TRAFFIC SIGNAL,FUNCTIONING PROPERLY,CLEAR,DAYLIGHT,REAR END,NOT DIVIDED,,STRAIGHT AND LEVEL,DRY,NO DEFECTS,NOT ON SCENE (DESK REPORT),NO INJURY / DRIVE AWAY,,,N,$500 OR LESS,04/27/2018 05:30:00 AM,IMPROPER BACKING,FAILING TO REDUCE SPEED TO AVOID CRASH,1,E,79TH ST,623.0,,,,,,,2,NO INDICATION OF INJURY,0.0,0.0,0.0,0.0,0.0,2.0,0.0,11,3,4,41.7508520955,-87.6244638321,POINT (-87.624463832103 41.750852095511)
841a96904c30d6f637cbf3b138b303e3f63246f3df5c930e60b9a3d57a233492063960f72641f4348e87ca5d58bc820e27db04aa0a4e87c54539843cf6eacff7,JE290437,,07/05/2021 02:45:00 AM,30,TRAFFIC SIGNAL,FUNCTIONING PROPERLY,CLEAR,"DARKNESS, LIGHTED ROAD",ANGLE,DIVIDED - W/MEDIAN BARRIER,,STRAIGHT AND LEVEL,DRY,NO DEFECTS,ON SCENE,INJURY AND / OR TOW DUE TO CRASH,,,,"OVER $1,500",07/05/2021 03:02:00 AM,DISREGARDING TRAFFIC SIGNALS,UNDER THE INFLUENCE OF ALCOHOL/DRUGS (USE WHEN ARREST IS EFFECTED),700,W,ROOSEVELT RD,1232.0,,,,,,,2,NONINCAPACITATING INJURY,3.0,0.0,0.0,3.0,0.0,3.0,0.0,2,2,7,41.8672871622,-87.6452469415,POINT (-87.645246941532 41.867287162218)
8cb97da366709764fc27d9d78c1fe58e2854fc760525a3b096e62e1c36cdc3aef195fac7d19ad01b03ae04ddc85b47a1854c9f78bb798e16c59d9585d6b98722,JG347829,,07/19/2023 04:00:00 PM,30,STOP SIGN/FLASHER,FUNCTIONING PROPERLY,CLEAR,DAYLIGHT,REAR END,DIVIDED - W/MEDIAN (NOT RAISED),,STRAIGHT AND LEVEL,DRY,NO DEFECTS,NOT ON SCENE (DESK REPORT),NO INJURY / DRIVE AWAY,Y,,Y,"$501 - $1,500",07/19/2023 05:16:00 PM,UNABLE TO DETERMINE,NOT APPLICABLE,2201,S,ASHLAND AVE,1235.0,,,,,,,2,NO INDICATION OF INJURY,0.0,0.0,0.0,0.0,0.0,3.0,0.0,16,4,7,41.8522192816,-87.6658765358,POINT (-87.6658765358 41.852219281567)
cf4233e8605f101a94160a8e34c5e4a6c03e57d15c93f88eec4ae956223079dd1665348f1cb08c0fe577a4af98f84deb3764cef23939308664d0fe13546ea968,JA408966,,08/28/2017 07:30:00 AM,30,STOP SIGN/FLASHER,NO CONTROLS,CLEAR,DAYLIGHT,ANGLE,ONE-WAY,1.0,STRAIGHT AND LEVEL,DRY,UNKNOWN,NOT ON SCENE (DESK REPORT),NO INJURY / DRIVE AWAY,,,,"$501 - $1,500",08/28/2017 08:00:00 AM,UNABLE TO DETERMINE,UNABLE TO DETERMINE,5998,S,HAMLIN AVE,822.0,,,,,,,2,NO INDICATION OF INJURY,0.0,0.0,0.0,0.0,0.0,2.0,0.0,7,2,8,41.7842368175,-87.7181549166,POINT (-87.71815491659 41.784236817544)
48c6e6eccf2c9a3509292154c45cdbbc828c8d6f978fd8ee952e7a8345d1558d3de4ae17b11a9bff98d111188e4dac8e68dc26aea4fd685274db429db849d102,JC478300,,10/19/2019 09:40:00 AM,30,TRAFFIC SIGNAL,FUNCTIONING PROPERLY,CLEAR,DAYLIGHT,PEDESTRIAN,NOT DIVIDED,,STRAIGHT AND LEVEL,DRY,NO DEFECTS,ON SCENE,INJURY AND / OR TOW DUE TO CRASH,Y,,,$500 OR LESS,10/19/2019 10:00:00 AM,UNABLE TO DETERMINE,NOT APPLICABLE,2559,W,55TH ST,824.0,,,,,,,2,"REPORTED, NOT EVIDENT",1.0,0.0,0.0,0.0,1.0,3.0,0.0,9,7,10,41.7936740185,-87.6888660862,POINT (-87.688866086215 41.793674018474)
2fa2202ac6ea3be6b712f918b41176c8c2b88f23fbf49c4931749b1eacf39e79d04090d788e39f76b1c8d61e1cf602a5ac4d5946e7206c49ae5e178d952dd0f5,JD127937,,01/25/2020 06:04:00 AM,30,NO CONTROLS,FUNCTIONING PROPERLY,RAIN,"DARKNESS, LIGHTED ROAD",FIXED OBJECT,NOT DIVIDED,,STRAIGHT AND LEVEL,WET,NO DEFECTS,ON SCENE,INJURY AND / OR TOW DUE TO CRASH,,,,"OVER $1,500",01/25/2020 06:15:00 AM,DRIVING SKILLS/KNOWLEDGE/EXPERIENCE,NOT APPLICABLE,7131,S,SOUTH CHICAGO AVE,324.0,,,,,,,1,NONINCAPACITATING INJURY,1.0,0.0,0.0,1.0,0.0,0.0,0.0,6,7,1,41.7652914226,-87.604543742,POINT (-87.604543742002 41.765291422607)
f83a5e1a0b18963ff80a6a719e8bdab7444f4c92098a5a0cdb6cc2bb1511e85faa1a73b1d610831c1762ff96d6686a744fe1fb48284bffcc3d2779bd2a18c8bb,JF524842,,12/22/2022 07:15:00 AM,30,NO CONTROLS,NO CONTROLS,CLEAR,DAYLIGHT,SIDESWIPE SAME DIRECTION,NOT DIVIDED,,STRAIGHT AND LEVEL,WET,NO DEFECTS,NOT ON SCENE (DESK REPORT),NO INJURY / DRIVE AWAY,N,,Y,"OVER $1,500",12/28/2022 07:45:00 AM,IMPROPER OVERTAKING/PASSING,UNABLE TO DETERMINE,200,W,87TH ST,622.0,N,,,,,,2,NO INDICATION OF INJURY,0.0,0.0,0.0,0.0,0.0,2.0,0.0,7,5,12,41.7362616994,-87.6290647164,POINT (-87.629064716425 41.736261699376)
eca497f4c7874d885428b5b63f8b14cf9cda83acfb0a45dd3351348a385fdb107ea8bcd938c75255e2e9a9e86f9a8db968d9a44bac3d0779b336d963d45a67ce,JC392484,,08/11/2019 10:30:00 AM,30,NO CONTROLS,NO CONTROLS,CLEAR,DAYLIGHT,FIXED OBJECT,PARKING LOT,,STRAIGHT AND LEVEL,DRY,NO DEFECTS,NOT ON SCENE (DESK REPORT),NO INJURY / DRIVE AWAY,,Y,,$500 OR LESS,08/11/2019 01:30:00 PM,DISTRACTION - FROM OUTSIDE VEHICLE,NOT APPLICABLE,1758,S,CLARK ST,131.0,,,,,,,1,,,,,,,,,10,1,8,41.8578360645,-87.6303745744,POINT (-87.630374574357 41.857836064476)
0e93d9c26b3b946f0a665b921f88ddb9b7f5c9faaa809367bf7181b3393842349dd66ff21378abb724612d38c6864b8967de24644f32863d4222b044a0f82597,JE388034,,09/26/2021 02:45:00 PM,30,NO CONTROLS,NO CONTROLS,CLEAR,DAYLIGHT,SIDESWIPE SAME DIRECTION,DIVIDED - W/MEDIAN (NOT RAISED),,STRAIGHT AND LEVEL,DRY,NO DEFECTS,ON SCENE,INJURY AND / OR TOW DUE TO CRASH,,,,"OVER $1,500",09/26/2021 03:39:00 PM,DRIVING SKILLS/KNOWLEDGE/EXPERIENCE,NOT APPLICABLE,2308,S,ROCKWELL ST,1034.0,,,,,,,2,NO INDICATION OF INJURY,0.0,0.0,0.0,0.0,0.0,2.0,0.0,14,1,9,41.8498235874,-87.690629016,POINT (-87.690629016009 41.849823587444)
64e1b4268bfd574c270e7ed1c0920f84e733be9e138d17921e1a80f3f8e81663ba419e7d66272f6c05e1883b1390b57291a63616c7c50bdcdb663055033f0a86,JB374325,,08/01/2018 12:00:00 PM,30,TRAFFIC SIGNAL,FUNCTIONING PROPERLY,CLEAR,DAYLIGHT,TURNING,NOT DIVIDED,4.0,STRAIGHT AND LEVEL,DRY,WORN SURFACE,ON SCENE,INJURY AND / OR TOW DUE TO CRASH,Y,,,"OVER $1,500",08/01/2018 12:01:00 PM,UNABLE TO DETERMINE,NOT APPLICABLE,7900,S,SOUTH CHICAGO AVE,411.0,,,,,,,3,"REPORTED, NOT EVIDENT",1.0,0.0,0.0,0.0,1.0,2.0,0.0,12,4,8,41.7513397046,-87.5856322657,POINT (-87.585632265652 41.751339704589)
0a645458653f3a55141cc73a4793e54fc861ee3f18e48b8c61f30eca81f418716d6f257f53596ef4e437b2995534b03405acda56f35f403dc0fff8bc131c20a7,JC560400,,12/26/2019 07:00:00 AM,35,STOP SIGN/FLASHER,FUNCTIONING PROPERLY,CLEAR,DAYLIGHT,SIDESWIPE SAME DIRECTION,DIVIDED - W/MEDIAN (NOT RAISED),,STRAIGHT AND LEVEL,WET,NO DEFECTS,ON SCENE,NO INJURY / DRIVE AWAY,,,,"$501 - $1,500",12/26/2019 07:02:00 AM,UNABLE TO DETERMINE,FAILING TO REDUCE SPEED TO AVOID CRASH,1130,W,99TH ST,2223.0,,,,,,,2,NO INDICATION OF INJURY,0.0,0.0,0.0,0.0,0.0,2.0,0.0,7,5,12,41.7142519216,-87.6516581892,POINT (-87.651658189171 41.71425192162)
11b2aff49a5a90da78f7c84df5bbc9aee10a71d6f7fd7a5b668dcadbf403c8f9e3f49ce06edbd6c1e344e91ed2de062f4da0b5b4df33b5d45c41cff6a89eb49c,JG377633,,08/10/2023 06:30:00 PM,30,TRAFFIC SIGNAL,FUNCTIONING PROPERLY,CLEAR,DAYLIGHT,ANGLE,DIVIDED - W/MEDIAN (NOT RAISED),,STRAIGHT AND LEVEL,DRY,NO DEFECTS,NOT ON SCENE (DESK REPORT),NO INJURY / DRIVE AWAY,N,,,"OVER $1,500",08/10/2023 06:45:00 PM,NOT APPLICABLE,NOT APPLICABLE,5200,N,CICERO AVE,1621.0,,,,,,,2,NO INDICATION OF INJURY,0.0,0.0,0.0,0.0,0.0,2.0,0.0,18,5,8,41.9754383945,-87.7481451665,POINT (-87.748145166467 41.975438394487)
5511ddbf3a866e55a1de3747c29d47e9fb1a14b7c7c49b4d85148704c94a5bc05a4505d29e2eb9551347c4a0286ee4da37e6b1f18919bba7fa36d1dc885dba56,JD343201,,08/24/2020 09:10:00 AM,10,NO CONTROLS,NO CONTROLS,CLEAR,DAYLIGHT,PARKED MOTOR VEHICLE,PARKING LOT,,STRAIGHT AND LEVEL,UNKNOWN,UNKNOWN,ON SCENE,NO INJURY / DRIVE AWAY,,Y,,$500 OR LESS,08/24/2020 09:15:00 AM,IMPROPER BACKING,UNABLE TO DETERMINE,7801,S,SOUTH CHICAGO AVE,411.0,,,,,,,2,NO INDICATION OF INJURY,0.0,0.0,0.0,0.0,0.0,1.0,0.0,9,2,8,41.7529041073,-87.5873205869,POINT (-87.587320586947 41.752904107327)
c42edcd034025fa13d15cd9b54d58db12cecdaea5a7c0882cdc3c6cbfb60b10419f6ebe1ca1940cb31541e492a89968756bb044d5599d477c12e7e131de07a9d,JB353405,,07/16/2018 02:30:00 PM,0,TRAFFIC SIGNAL,FUNCTIONING PROPERLY,CLEAR,DAYLIGHT,REAR END,DIVIDED - W/MEDIAN (NOT RAISED),4.0,STRAIGHT AND LEVEL,WET,NO DEFECTS,NOT ON SCENE (DESK REPORT),INJURY AND / OR TOW DUE TO CRASH,,,,"OVER $1,500",07/17/2018 12:00:00 PM,UNABLE TO DETERMINE,NOT APPLICABLE,7560,S,COTTAGE GROVE AVE,624.0,,,,,,,2,"REPORTED, NOT EVIDENT",1.0,0.0,0.0,0.0,1.0,2.0,0.0,14,2,7,41.7568458985,-87.605494637,POINT (-87.60549463696 41.756845898506)
6dad82dc022d3daac78a11de2e30e32fc52abab962c877efa79877050932e262f8f97f028469b3da1815d6bdde4fd7d068f19c1755cdf22effc82a7e7faf3e45,JC413750,,08/30/2019 05:50:00 PM,30,NO CONTROLS,NO CONTROLS,CLEAR,DAYLIGHT,TURNING,ROUNDABOUT,,STRAIGHT AND LEVEL,DRY,NO DEFECTS,ON SCENE,NO INJURY / DRIVE AWAY,Y,,,"OVER $1,500",08/30/2019 06:00:00 PM,FAILING TO YIELD RIGHT-OF-WAY,NOT APPLICABLE,2300,N,KILPATRICK AVE,2522.0,,,,,,,2,NO INDICATION OF INJURY,0.0,0.0,0.0,0.0,0.0,2.0,0.0,17,6,8,41.9225328571,-87.7439688886,POINT (-87.743968888586 41.922532857127)
a112cb2d80283f0eb50643bce759e3ed170b534a8a3e22881135a3182d77928eb1a1553d7f745a1f14fee01909679b3bde89448868383b608e95a6baca7981ad,JA109280,,01/09/2017 09:00:00 AM,30,NO CONTROLS,NO CONTROLS,CLEAR,DAYLIGHT,PARKED MOTOR VEHICLE,PARKING LOT,,STRAIGHT AND LEVEL,DRY,NO DEFECTS,NOT ON SCENE (DESK REPORT),NO INJURY / DRIVE AWAY,,,Y,"OVER $1,500",01/09/2017 01:08:00 PM,UNABLE TO DETERMINE,UNABLE TO DETERMINE,3600,W,FULLERTON AVE,2524.0,,,,,,,2,NO INDICATION OF INJURY,0.0,0.0,0.0,0.0,0.0,1.0,0.0,9,2,1,41.9247124142,-87.7170573515,POINT (-87.717057351489 41.924712414194)
620ef4fa7ff66948d8c2b0a0756525a71a597902e81ea929843218594217e7e29220c19864cf388ccec5271580c8a90add23b6dfdccbc424f7658e374e5dd8d1,HZ170477,,02/29/2016 06:30:00 PM,30,NO CONTROLS,NO CONTROLS,CLEAR,DAYLIGHT,PEDALCYCLIST,ONE-WAY,1.0,STRAIGHT AND LEVEL,DRY,NO DEFECTS,NOT ON SCENE (DESK REPORT),NO INJURY / DRIVE AWAY,,,,"OVER $1,500",03/01/2016 12:30:00 PM,UNABLE TO DETERMINE,NOT APPLICABLE,60,W,SCHILLER ST,1824.0,,,,,,,2,NO INDICATION OF INJURY,0.0,0.0,0.0,0.0,0.0,2.0,0.0,18,2,2,41.9079584711,-87.6308795396,POINT (-87.630879539586 41.907958471113)
99fad83bb24aeae6124bd58f3eb214a255321f62ebda7d5629501627b3b18d8eb27cb5cd743412986427d837a071f30552d436b4d823d1dfada114e947acf4de,JB108352,Y,01/08/2018 02:00:00 AM,30,NO CONTROLS,NO CONTROLS,SNOW,DARKNESS,PARKED MOTOR VEHICLE,ONE-WAY,1.0,STRAIGHT AND LEVEL,WET,NO DEFECTS,NOT ON SCENE (DESK REPORT),NO INJURY / DRIVE AWAY,,,Y,"OVER $1,500",01/08/2018 10:20:00 AM,UNABLE TO DETERMINE,UNABLE TO DETERMINE,6435,S,LAFLIN ST,725.0,,,,,,,2,NO INDICATION OF INJURY,0.0,0.0,0.0,0.0,0.0,1.0,0.0,2,2,1,41.7766399561,-87.6615556991,POINT (-87.661555699133 41.776639956133)