CRASH_RECORD_ID,RD_NO,CRASH_DATE_EST_I,CRASH_DATE,POSTED_SPEED_LIMIT,TRAFFIC_CONTROL_DEVICE,DEVICE_CONDITION,WEATHER_CONDITION,LIGHTING_CONDITION,FIRST_CRASH_TYPE,TRAFFICWAY_TYPE,LANE_CNT,ALIGNMENT,ROADWAY_SURFACE_COND,ROAD_DEFECT,REPORT_TYPE,CRASH_TYPE,INTERSECTION_RELATED_I,NOT_RIGHT_OF_WAY_I,HIT_AND_RUN_I,DAMAGE,DATE_POLICE_NOTIFIED,PRIM_CONTRIBUTORY_CAUSE,SEC_CONTRIBUTORY_CAUSE,STREET_NO,STREET_DIRECTION,STREET_NAME,BEAT_OF_OCCURRENCE,PHOTOS_TAKEN_I,STATEMENTS_TAKEN_I,DOORING_I,WORK_ZONE_I,WORK_ZONE_TYPE,WORKERS_PRESENT_I,NUM_UNITS,MOST_SEVERE_INJURY,INJURIES_TOTAL,INJURIES_FATAL,INJURIES_INCAPACITATING,INJURIES_NON_INCAPACITATING,INJURIES_REPORTED_NOT_EVIDENT,INJURIES_NO_INDICATION,INJURIES_UNKNOWN,CRASH_HOUR,CRASH_DAY_OF_WEEK,CRASH_MONTH,LATITUDE,LONGITUDE,LOCATION
6dac1085a14f3d0eb15e969681715aedd456168ef795d19b9645aa2a5b25249ba5e9d7b97330095c3c9866d6bbfd2d8e56dac0badc0a53de8afe7a8190862631,JC275431,,05/23/2019 03:30:00 PM,30,UNKNOWN,UNKNOWN,CLEAR,DAYLIGHT,SIDESWIPE SAME DIRECTION,NOT DIVIDED,,STRAIGHT AND LEVEL,DRY,UNKNOWN,NOT ON SCENE (DESK REPORT),NO INJURY / DRIVE AWAY,N,,,"$501 - $1,500",05/23/2019 04:00:00 PM,UNABLE TO DETERMINE,NOT APPLICABLE,2201,S,PULASKI RD,1013.0,,,,,,,2,NO INDICATION OF INJURY,0.0,0.0,0.0,0.0,0.0,2.0,0.0,15,5,5,41.8515258586,-87.7246112167,POINT (-87.724611216741 41.851525858599)
6551b06a537983e9ef8ad3a99411037d399312caff96e8096fe3451227632578f0b0db6fe163a415e70eecafff9629cc0ceb63e4a4bcacf004b6348285884286,JC389627,,08/12/2019 10:00:00 AM,30,TRAFFIC SIGNAL,FUNCTIONING PROPERLY,CLEAR,DAYLIGHT,SIDESWIPE SAME DIRECTION,NOT DIVIDED,,STRAIGHT AND LEVEL,DRY,NO DEFECTS,,NO INJURY / DRIVE AWAY,,,,"OVER $1,500",08/12/2019 04:00:00 PM,FAILING TO YIELD RIGHT-OF-WAY,NOT APPLICABLE,340,W,ERIE ST,1831.0,,,,,,,2,NO INDICATION OF INJURY,0.0,0.0,0.0,0.0,0.0,2.0,0.0,10,2,8,41.894059895,-87.6371764374,POINT (-87.637176437393 41.894059894991)
a99c4a903a2a2c4c2b5dca9af2c143cfc30d8d7fbe89d013cdffd4cdce61835f096545a0c5ffdd01e56a40e23c69739b86c718cbac6ff9e5a0255ca3de35874c,JF430473,,10/11/2022 12:15:00 PM,30,UNKNOWN,UNKNOWN,CLEAR,DAYLIGHT,SIDESWIPE SAME DIRECTION,UNKNOWN,,STRAIGHT AND LEVEL,DRY,UNKNOWN,NOT ON SCENE (DESK REPORT),NO INJURY / DRIVE AWAY,Y,,,"OVER $1,500",10/11/2022 02:30:00 PM,UNABLE TO DETERMINE,UNABLE TO DETERMINE,3900,S,DR MARTIN LUTHER KING JR DR,213.0,,,,,,,2,NO INDICATION OF INJURY,0.0,0.0,0.0,0.0,0.0,2.0,0.0,12,3,10,41.8237727478,-87.6171420204,POINT (-87.617142020372 41.823772747763)
11565a3315320eb6cdfb597ca92607fe696330a79d42c3b27ee48324650ca50630a67ef2daf56a94712b95173a1c7a73d4af4754524d0a86f0d30d304c9280ca,JB145028,,02/08/2018 07:20:00 AM,30,STOP SIGN/FLASHER,FUNCTIONING PROPERLY,CLOUDY/OVERCAST,DAYLIGHT,ANGLE,DIVIDED - W/MEDIAN (NOT RAISED),4.0,STRAIGHT AND LEVEL,DRY,NO DEFECTS,NOT ON SCENE (DESK REPORT),NO INJURY / DRIVE AWAY,,,Y,"OVER $1,500",02/08/2018 08:02:00 AM,FAILING TO YIELD RIGHT-OF-WAY,DISREGARDING STOP SIGN,1300,N,CICERO AVE,2533.0,,,,,,,3,NO INDICATION OF INJURY,0.0,0.0,0.0,0.0,0.0,3.0,0.0,7,5,2,41.9042146276,-87.7461523831,POINT (-87.746152383072 41.904214627632)
dfcc2de9bcfd84b634c7d24b56f98892355c0244f7976a7690f924a580f123ce3c8e3703469735cd5d8e8c5077ef83b500424d2e9b820055b5d16a427f27302a,JF352312,,08/11/2022 01:01:00 AM,30,TRAFFIC SIGNAL,FUNCTIONING PROPERLY,CLEAR,"DARKNESS, LIGHTED ROAD",TURNING,FOUR WAY,,STRAIGHT AND LEVEL,DRY,NO DEFECTS,ON SCENE,INJURY AND / OR TOW DUE TO CRASH,Y,,Y,"OVER $1,500",08/11/2022 01:01:00 AM,UNABLE TO DETERMINE,UNABLE TO DETERMINE,11900,S,HALSTED ST,524.0,,,,,,,2,NO INDICATION OF INJURY,0.0,0.0,0.0,0.0,0.0,2.0,0.0,1,5,8,41.6777208292,-87.642051845,POINT (-87.642051844982 41.677720829248)
576afa3661cb9624dd4db5bc18b610a299c7e4f3f608e417bc0fd5942eb110cd5036d54213ebfa91adca25ff6ac029df76a2c0306dcafad518b74c3b668ee567,JC413399,Y,08/30/2019 01:00:00 PM,30,TRAFFIC SIGNAL,FUNCTIONING PROPERLY,CLEAR,DAYLIGHT,TURNING,DIVIDED - W/MEDIAN (NOT RAISED),,STRAIGHT AND LEVEL,DRY,NO DEFECTS,ON SCENE,INJURY AND / OR TOW DUE TO CRASH,Y,,,"OVER $1,500",08/30/2019 01:02:00 PM,IMPROPER TURNING/NO SIGNAL,NOT APPLICABLE,3200,W,OGDEN AVE,1022.0,,N,,,,,2,NO INDICATION OF INJURY,0.0,0.0,0.0,0.0,0.0,4.0,0.0,13,6,8,41.8580532553,-87.705555636,POINT (-87.705555636014 41.858053255297)
018ed6d41f33df1c9ae7f4c632c3d1966bd9c3a013766eb6d0c9a7fc47e1af3c268924a321749df7ef5c96936d4c6ba7eb39b089135a764b3ae8469a76b70991,JC307577,,06/15/2019 12:16:00 PM,40,TRAFFIC SIGNAL,FUNCTIONING PROPERLY,CLOUDY/OVERCAST,DAYLIGHT,SIDESWIPE SAME DIRECTION,DIVIDED - W/MEDIAN BARRIER,,STRAIGHT AND LEVEL,DRY,NO DEFECTS,NOT ON SCENE (DESK REPORT),NO INJURY / DRIVE AWAY,,,Y,"OVER $1,500",06/15/2019 01:30:00 PM,IMPROPER OVERTAKING/PASSING,UNABLE TO DETERMINE,700,S,LAKE SHORE DR W,114.0,,,,,,,2,NO INDICATION OF INJURY,0.0,0.0,0.0,0.0,0.0,2.0,0.0,12,7,6,41.873190589,-87.6174581402,POINT (-87.617458140248 41.873190589037)
925ddd49a1742fa20a687e6a86a072d2ca6f135086432abfd9b6a7d70b87af8772992d53915be47b0d5bc821acb5a21f53aafc39686bd478e00b422c9129979f,JD216614,Y,04/25/2020 03:10:00 AM,30,NO CONTROLS,NO CONTROLS,CLEAR,"DARKNESS, LIGHTED ROAD",PARKED MOTOR VEHICLE,NOT DIVIDED,,STRAIGHT AND LEVEL,DRY,UNKNOWN,ON SCENE,INJURY AND / OR TOW DUE TO CRASH,,Y,,"$501 - $1,500",04/25/2020 03:14:00 AM,UNABLE TO DETERMINE,NOT APPLICABLE,4048,N,MILWAUKEE AVE,1624.0,,,,,,,3,NONINCAPACITATING INJURY,1.0,0.0,0.0,1.0,0.0,1.0,0.0,3,7,4,41.9542508446,-87.7489291766,POINT (-87.748929176598 41.954250844587)
e8609e3ee93fef6c117bdde2dd9b38a5829e403fc4f832320c065719e2be1bfc7d8c901a5ae8730fa49c913e5cfa8c26f9f7c47dc83fa59c5beee84e963d7e06,JE293379,,07/05/2021 11:30:00 AM,30,UNKNOWN,UNKNOWN,UNKNOWN,DAYLIGHT,ANGLE,UNKNOWN INTERSECTION TYPE,,STRAIGHT AND LEVEL,UNKNOWN,UNKNOWN,NOT ON SCENE (DESK REPORT),NO INJURY / DRIVE AWAY,,,,$500 OR LESS,07/07/2021 01:35:00 PM,UNABLE TO DETERMINE,UNABLE TO DETERMINE,5332,N,ELSTON AVE,1623.0,,,,,,,2,NO INDICATION OF INJURY,0.0,0.0,0.0,0.0,0.0,2.0,0.0,11,2,7,41.9781101567,-87.7566370405,POINT (-87.756637040465 41.978110156656)
4c0f3ee7f4c4b035ec8b0e085be7921441234343e40f805c64c38696ae3b7580a5fe22d6a4c5e6a63cc083ff607b60715e39607210f7b351f682da83b502ad87,JE386534,,09/25/2021 07:10:00 AM,30,TRAFFIC SIGNAL,FUNCTIONING PROPERLY,CLEAR,DAYLIGHT,TURNING,DIVIDED - W/MEDIAN (NOT RAISED),,STRAIGHT AND LEVEL,DRY,NO DEFECTS,NOT ON SCENE (DESK REPORT),NO INJURY / DRIVE AWAY,Y,,,"$501 - $1,500",09/25/2021 07:45:00 AM,FAILING TO YIELD RIGHT-OF-WAY,NOT APPLICABLE,200,W,63RD ST,311.0,,,,,,,2,NO INDICATION OF INJURY,0.0,0.0,0.0,0.0,0.0,2.0,0.0,7,7,9,41.7800965005,-87.6301721989,POINT (-87.630172198939 41.780096500488)
1a48864f7597640fcf7e74d821fd1811267946f97431b421b469b6d706a5d8e4205971639b0c4396ff1f9ca8e15a4dcd4fe9a4a7b9b90a7ba11efc6cff6ce6f4,JB282254,,05/26/2018 12:09:00 PM,30,TRAFFIC SIGNAL,FUNCTIONING PROPERLY,CLEAR,DAYLIGHT,TURNING,NOT DIVIDED,,STRAIGHT AND LEVEL,DRY,NO DEFECTS,NOT ON SCENE (DESK REPORT),NO INJURY / DRIVE AWAY,Y,,,"OVER $1,500",05/28/2018 01:45:00 PM,UNABLE TO DETERMINE,UNABLE TO DETERMINE,1901,N,ELSTON AVE,1433.0,,,,,,,2,NO INDICATION OF INJURY,0.0,0.0,0.0,0.0,0.0,2.0,0.0,12,7,5,41.9165472742,-87.6663116789,POINT (-87.666311678945 41.916547274199)
ef0e8dd9c4e60d018824a0668b31c4e3ca16986687353ae329ee13aff967cc05a7f69635a053875167a46480d4e1a41f9826788db591d88720241e7bece8418f,JC172946,,03/04/2019 07:10:00 AM,30,TRAFFIC SIGNAL,FUNCTIONING PROPERLY,CLEAR,DAYLIGHT,REAR END,NOT DIVIDED,,STRAIGHT AND LEVEL,DRY,NO DEFECTS,NOT ON SCENE (DESK REPORT),INJURY AND / OR TOW DUE TO CRASH,,,,"OVER $1,500",03/04/2019 08:20:00 AM,UNABLE TO DETERMINE,UNABLE TO DETERMINE,4700,W,IRVING PARK RD,1722.0,,,,,,,3,"REPORTED, NOT EVIDENT",1.0,0.0,0.0,0.0,1.0,2.0,0.0,7,2,3,41.9535543273,-87.7456675512,POINT (-87.745667551162 41.953554327295)
ac8af66cf4aca8d54140f2d039480de01cbbb9fd01962fddfb0e29cae9ede967fe13eb163065deadc0ad34809210d2924065e84f2335c08c0cc8bd365a731c9d,JB533392,Y,11/29/2018 12:35:00 PM,30,NO CONTROLS,NO CONTROLS,UNKNOWN,UNKNOWN,PARKED MOTOR VEHICLE,ONE-WAY,3.0,STRAIGHT AND LEVEL,SNOW OR SLUSH,NO DEFECTS,NOT ON SCENE (DESK REPORT),NO INJURY / DRIVE AWAY,,,Y,"OVER $1,500",11/29/2018 02:20:00 PM,WEATHER,NOT APPLICABLE,422,W,EVERGREEN AVE,1821.0,,,,,,,2,NO INDICATION OF INJURY,0.0,0.0,0.0,0.0,0.0,1.0,0.0,12,5,11,41.9066106761,-87.6394380631,POINT (-87.639438063119 41.906610676112)
6d005f2c115b952e1cc46a4a13a5fd69ab4027b0ca58a81ff2e54f091ec66cbfe3a0a556623f049420a485644aace42080041faf0662aba089d099aca3a157b0,JG472200,,10/21/2023 02:13:00 AM,30,TRAFFIC SIGNAL,FUNCTIONING PROPERLY,CLEAR,DUSK,REAR END,DIVIDED - W/MEDIAN (NOT RAISED),,STRAIGHT AND LEVEL,DRY,NO DEFECTS,ON SCENE,INJURY AND / OR TOW DUE TO CRASH,,,,"$501 - $1,500",10/21/2023 02:38:00 AM,IMPROPER OVERTAKING/PASSING,NOT APPLICABLE,4333,W,DIVISION ST,1111.0,,,,,,,3,NO INDICATION OF INJURY,0.0,0.0,0.0,0.0,0.0,2.0,0.0,2,7,10,41.9024237634,-87.7350260643,POINT (-87.735026064283 41.902423763407)
e48bbfad8c886079f36a4f20bf648f0128a852615ffff0351c593167d5ce5cd06444afe3828c43f444baa16ea7aac6d7f6ae3031613fa33462f3986cc3731b29,JG162025,,02/22/2023 10:00:00 AM,30,UNKNOWN,UNKNOWN,UNKNOWN,UNKNOWN,PARKED MOTOR VEHICLE,NOT DIVIDED,,STRAIGHT AND LEVEL,UNKNOWN,UNKNOWN,NOT ON SCENE (DESK REPORT),NO INJURY / DRIVE AWAY,,,Y,"OVER $1,500",02/22/2023 04:00:00 PM,IMPROPER BACKING,UNABLE TO DETERMINE,10,W,CHICAGO AVE,1832.0,,,,,,,2,NO INDICATION OF INJURY,0.0,0.0,0.0,0.0,0.0,1.0,0.0,10,4,2,41.8967814355,-87.6286144573,POINT (-87.628614457261 41.896781435528)
3cbf668907626e094be50cc5f4d3e6e2c2f5aa14e3fe3535bccf8dc141d10a455648c7a6c64b8693fda76ee42ca7cc04dfc7e07bb2eb612996b6ccac2c6e54fe,JC100667,,01/01/2019 11:37:00 AM,30,NO CONTROLS,NO CONTROLS,CLEAR,DAYLIGHT,PARKED MOTOR VEHICLE,NOT DIVIDED,,STRAIGHT AND LEVEL,DRY,NO DEFECTS,NOT ON SCENE (DESK REPORT),NO INJURY / DRIVE AWAY,,,N,"OVER $1,500",01/01/2019 12:35:00 PM,FAILING TO YIELD RIGHT-OF-WAY,FAILING TO YIELD RIGHT-OF-WAY,4801,N,MULLIGAN AVE,1622.0,,,,,,,2,NO INDICATION OF INJURY,0.0,0.0,0.0,0.0,0.0,1.0,0.0,11,3,1,41.9685288831,-87.7866532265,POINT (-87.786653226469 41.968528883065)
b349ca90ebbf9e83411f089e2ab1933c0a0f3d9a0ef88f42cdfc8848b728b83acd62f1abfec4956b967deee455badb448ea2f07b159fb60a2745a416f90244ed,JB205704,,03/30/2018 07:00:00 PM,25,NO CONTROLS,NO CONTROLS,CLEAR,DAYLIGHT,PARKED MOTOR VEHICLE,NOT DIVIDED,2.0,STRAIGHT AND LEVEL,DRY,UNKNOWN,NOT ON SCENE (DESK REPORT),NO INJURY / DRIVE AWAY,,,Y,$500 OR LESS,03/30/2018 07:35:00 PM,DRIVING SKILLS/KNOWLEDGE/EXPERIENCE,UNABLE TO DETERMINE,2241,S,CENTRAL PARK AVE,1024.0,,,,,,,2,NO INDICATION OF INJURY,0.0,0.0,0.0,0.0,0.0,1.0,0.0,19,6,3,41.8504517136,-87.714815874,POINT (-87.714815874042 41.850451713596)
9b1fe76f4792fd8361f195c77a2a2769c4f263e92f09b029836dd608af2dafe1a1f9e4ed7cea5630f5a56fcae7770c80eacdfcdafa9dfd5f3eda4c6f82dda3d1,JC196487,,03/23/2019 08:30:00 AM,20,NO CONTROLS,NO CONTROLS,CLEAR,UNKNOWN,PARKED MOTOR VEHICLE,NOT DIVIDED,,STRAIGHT AND LEVEL,DRY,UNKNOWN,NOT ON SCENE (DESK REPORT),NO INJURY / DRIVE AWAY,,,Y,"OVER $1,500",03/23/2019 11:22:00 AM,UNABLE TO DETERMINE,UNABLE TO DETERMINE,1234,W,97TH PL,2213.0,,,,,,,2,NO INDICATION OF INJURY,0.0,0.0,0.0,0.0,0.0,1.0,0.0,8,7,3,41.7170851624,-87.6542484822,POINT (-87.654248482191 41.717085162403)
3cd3b70b202e0988fbbc0617075417941a6133b8b954c779fed94cc7b119cdecb3448a6aa90f7abd8ae9653e3809d2b835192e303339a89ecc0a2c22894b8e98,JG285572,,06/02/2023 03:13:00 PM,35,NO CONTROLS,NO CONTROLS,CLEAR,DAYLIGHT,PARKED MOTOR VEHICLE,NOT DIVIDED,,STRAIGHT AND LEVEL,DRY,NO DEFECTS,ON SCENE,NO INJURY / DRIVE AWAY,,,,"OVER $1,500",06/02/2023 06:07:00 PM,UNABLE TO DETERMINE,NOT APPLICABLE,1513,E,75TH ST,411.0,,,,,,,2,NO INDICATION OF INJURY,0.0,0.0,0.0,0.0,0.0,2.0,0.0,15,6,6,41.7586398818,-87.5878387502,POINT (-87.587838750218 41.758639881764)
151ad749f872986206f6c8d52c2ee91aad545faffb96e0e38b4c753d5df05b36b8df8fd484b8d64767e7dfa621f570c7112228bfe8fa76ba2ae5529b876dc4b8,JB289430,Y,06/01/2018 09:30:00 PM,25,NO CONTROLS,NO CONTROLS,UNKNOWN,UNKNOWN,PARKED MOTOR VEHICLE,ONE-WAY,1.0,STRAIGHT AND LEVEL,UNKNOWN,NO DEFECTS,NOT ON SCENE (DESK REPORT),NO INJURY / DRIVE AWAY,,,Y,"OVER $1,500",06/02/2018 08:50:00 AM,NOT APPLICABLE,NOT APPLICABLE,2976,N,WISNER AVE,1412.0,,,,,,,2,NO INDICATION OF INJURY,0.0,0.0,0.0,0.0,0.0,1.0,0.0,21,6,6,41.9351425008,-87.7127685739,POINT (-87.712768573936 41.935142500824)
385db14d1218cd472470f7c3e93e212f34c46df9b5fec3e6a82f4e6c01bb74bb744f37aa65d0bb81b4909dfbcdb283fa1b72b1ccbc956af97710c292fa00bc15,JD198753,,03/31/2020 06:45:00 AM,20,STOP SIGN/FLASHER,FUNCTIONING PROPERLY,RAIN,DARKNESS,PEDESTRIAN,FOUR WAY,,STRAIGHT AND LEVEL,WET,NO DEFECTS,NOT ON SCENE (DESK REPORT),INJURY AND / OR TOW DUE TO CRASH,Y,,Y,$500 OR LESS,03/31/2020 07:52:00 AM,DISREGARDING STOP SIGN,NOT APPLICABLE,4600,N,DRAKE AVE,1723.0,,,,,,,2,INCAPACITATING INJURY,1.0,0.0,1.0,0.0,0.0,1.0,0.0,6,3,3,41.9648131826,-87.7170697051,POINT (-87.717069705051 41.964813182555)
58901298fab3831fb87f658288a840fe7213a36cc106c8f43c81c865a4c851a010d2067cfda09956f293de40afa9cfeba210aed029719d3b185479396c92aaf4,JG191804,,03/20/2023 02:07:00 AM,30,TRAFFIC SIGNAL,FUNCTIONING PROPERLY,CLEAR,"DARKNESS, LIGHTED ROAD",PARKED MOTOR VEHICLE,NOT DIVIDED,,STRAIGHT AND LEVEL,DRY,NO DEFECTS,ON SCENE,INJURY AND / OR TOW DUE TO CRASH,,,Y,"OVER $1,500",03/20/2023 02:12:00 AM,UNABLE TO DETERMINE,UNABLE TO DETERMINE,1,S,LEAVITT ST,1223.0,,,,,,,2,NO INDICATION OF INJURY,0.0,0.0,0.0,0.0,0.0,1.0,0.0,2,2,3,41.8811717826,-87.6813836558,POINT (-87.681383655754 41.881171782571)
60b1bb6e0a92dbe89c676a4b8f5986c9857e3a4c1b854fefff87cdeabad31b2cd3be8b96749f999b317ff034376298094698ba534da0e517e20cff0451df6b1e,JG402784,,08/29/2023 04:38:00 PM,30,TRAFFIC SIGNAL,FUNCTIONING PROPERLY,CLEAR,DAYLIGHT,TURNING,FOUR WAY,,STRAIGHT AND LEVEL,DRY,NO DEFECTS,ON SCENE,NO INJURY / DRIVE AWAY,Y,,,"$501 - $1,500",08/29/2023 04:38:00 PM,NOT APPLICABLE,NOT APPLICABLE,3300,S,EMERALD AVE,915.0,,,,,,,2,NO INDICATION OF INJURY,0.0,0.0,0.0,0.0,0.0,2.0,0.0,16,3,8,41.8343236181,-87.6451218429,POINT (-87.645121842884 41.834323618147)
3928eb142f42fa77eaff1035bef02c2986352a4d3aaaaad9ab0f8ce5bb22d6376c9fd79a1e719c25949cc39dede82880f4cb7dc7e7b9b9671a9036ab4d21020e,JA275930,,05/23/2017 02:00:00 PM,30,TRAFFIC SIGNAL,FUNCTIONING PROPERLY,CLOUDY/OVERCAST,DAYLIGHT,REAR END,NOT DIVIDED,2.0,STRAIGHT AND LEVEL,DRY,NO DEFECTS,NOT ON SCENE (DESK REPORT),NO INJURY / DRIVE AWAY,Y,,,"OVER $1,500",05/23/2017 02:10:00 PM,FAILING TO REDUCE SPEED TO AVOID CRASH,UNABLE TO DETERMINE,1400,W,76TH ST,612.0,,,,,,,2,NO INDICATION OF INJURY,0.0,0.0,0.0,0.0,0.0,3.0,0.0,14,3,5,41.7559920005,-87.6588140753,POINT (-87.658814075348 41.755992000526)
0be431c4b65d4cc5a51e94568a18f6fb8dde5e39cbd1a5f829ad183a959efff1da3c9c4e5e75879ccc9c09cad192aa44c27decd3ed209416d22167908047bee0,JC225109,,04/15/2019 10:20:00 AM,30,STOP SIGN/FLASHER,FUNCTIONING PROPERLY,CLEAR,DAYLIGHT,ANGLE,DIVIDED - W/MEDIAN (NOT RAISED),,STRAIGHT AND LEVEL,DRY,NO DEFECTS,ON SCENE,NO INJURY / DRIVE AWAY,Y,,,"$501 - $1,500",04/15/2019 10:23:00 AM,FAILING TO YIELD RIGHT-OF-WAY,DISREGARDING STOP SIGN,5900,S,SPRINGFIELD AVE,822.0,,,,,,,2,NO INDICATION OF INJURY,0.0,0.0,0.0,0.0,0.0,2.0,0.0,10,2,4,41.7859297173,-87.7206523879,POINT (-87.7206523879 41.785929717253)
9dd18c4198338e878067737a2311dd433e9fc4f7c9ab3675680d7827101866a0038c0e5b5b2373e7456c69231d52fc23c71e37bf47ac340f31dd04b6338d90a2,HZ391913,,08/14/2016 03:00:00 PM,30,NO CONTROLS,NO CONTROLS,CLEAR,DAYLIGHT,REAR END,NOT DIVIDED,4.0,STRAIGHT AND LEVEL,DRY,NO DEFECTS,NOT ON SCENE (DESK REPORT),NO INJURY / DRIVE AWAY,,,,"OVER $1,500",08/14/2016 04:45:00 PM,FOLLOWING TOO CLOSELY,FOLLOWING TOO CLOSELY,5534,S,RUSSELL DR,233.0,,,,,,,2,NO INDICATION OF INJURY,0.0,0.0,0.0,0.0,0.0,2.0,0.0,15,1,8,41.7937221608,-87.6132426677,POINT (-87.613242667664 41.793722160777)
c2f532201c68a28dea1f904001a3e81fe7669d54305e05f8fa2fd2852492b9dc8ceff2d3ec6ff8f8bbfd6332561beb599d41560c3b2009f423d27e81e9fd1508,JE287695,,07/02/2021 06:02:00 PM,30,NO CONTROLS,NO CONTROLS,CLEAR,DAYLIGHT,PARKED MOTOR VEHICLE,NOT DIVIDED,,STRAIGHT AND LEVEL,DRY,UNKNOWN,NOT ON SCENE (DESK REPORT),NO INJURY / DRIVE AWAY,,,,"OVER $1,500",07/02/2021 07:33:00 PM,UNABLE TO DETERMINE,UNABLE TO DETERMINE,25,N,KARLOV AVE,1115.0,,,,,,,2,NO INDICATION OF INJURY,0.0,0.0,0.0,0.0,0.0,1.0,0.0,18,6,7,41.8815553291,-87.7279976362,POINT (-87.727997636222 41.88155532906)
c4e2a1e47308fbed65715bfa992ab1528a23b11559ed10295b14efb45f19146c6f674f37e5e9628a16e328ffa51cf72113c0bfe2591f5bd6b1bff51ae08cd972,JG292303,,06/07/2023 06:21:00 PM,30,TRAFFIC SIGNAL,FUNCTIONING PROPERLY,CLEAR,DAYLIGHT,TURNING,ONE-WAY,,STRAIGHT AND LEVEL,DRY,NO DEFECTS,NOT ON SCENE (DESK REPORT),NO INJURY / DRIVE AWAY,,,Y,"OVER $1,500",06/07/2023 07:00:00 PM,IMPROPER OVERTAKING/PASSING,NOT APPLICABLE,310,E,GRAND AVE,1834.0,,,,,,,2,NO INDICATION OF INJURY,0.0,0.0,0.0,0.0,0.0,2.0,0.0,18,4,6,41.8919209391,-87.6197775322,POINT (-87.619777532217 41.891920939051)
46ab8a28a00beeb319e97f8948f7dde8c14ce9e6ab7ec666764b7ff9c5f3ce2a1f3413b4699dce6c671f501f227635e991da23ab918b70213088f5b72aa3fd99,JG410057,,09/04/2023 12:44:00 AM,30,NO CONTROLS,NO CONTROLS,CLEAR,"DARKNESS, LIGHTED ROAD",PARKED MOTOR VEHICLE,NOT DIVIDED,,STRAIGHT AND LEVEL,DRY,NO DEFECTS,ON SCENE,NO INJURY / DRIVE AWAY,,,,"OVER $1,500",09/04/2023 12:45:00 AM,FOLLOWING TOO CLOSELY,UNABLE TO DETERMINE,7100,S,WOODLAWN AVE,324.0,,,,,,,2,NO INDICATION OF INJURY,0.0,0.0,0.0,0.0,0.0,2.0,0.0,0,2,9,41.7658580358,-87.5959884273,POINT (-87.595988427317 41.765858035771)
9a37d3880f82747e68ef25f5b22f6b1b5c096553d2f211252957c1cecbbd3784f7458f6008567dd2faa2161bfc712d1360e44cd5982d160d3631645e8e74d48f,JE171733,,03/15/2021 06:00:00 PM,30,TRAFFIC SIGNAL,FUNCTIONING PROPERLY,CLEAR,DAYLIGHT,HEAD ON,NOT DIVIDED,,STRAIGHT AND LEVEL,UNKNOWN,UNKNOWN,NOT ON SCENE (DESK REPORT),NO INJURY / DRIVE AWAY,,,Y,"$501 - $1,500",03/17/2021 04:46:00 PM,UNABLE TO DETERMINE,UNABLE TO DETERMINE,13000,S,STONY ISLAND AVE,434.0,,,,,,,2,NO INDICATION OF INJURY,0.0,0.0,0.0,0.0,0.0,2.0,0.0,18,2,3,,,
5255ea5cd50be01ef2f6dee16c2e8733d20133066d1f9b1e7739309f9cbe4023646c550c94f0ead0e4b559cd8257830f67c9191bee5f310769aa0fc442ff4635,JF246236,,05/17/2022 10:53:00 PM,30,NO CONTROLS,NO CONTROLS,CLEAR,"DARKNESS, LIGHTED ROAD",FIXED OBJECT,NOT DIVIDED,,STRAIGHT AND LEVEL,DRY,NO DEFECTS,ON SCENE,INJURY AND / OR TOW DUE TO CRASH,,,Y,"OVER $1,500",05/17/2022 10:54:00 PM,UNABLE TO DETERMINE,UNABLE TO DETERMINE,1007,W,63RD ST,724.0,,,,,,,1,NO INDICATION OF INJURY,0.0,0.0,0.0,0.0,0.0,1.0,0.0,22,3,5,41.7795645849,-87.6499748357,POINT (-87.649974835714 41.779564584873)
f7573036789beeb9a77a6d8a606a26b2fc35cb632f7af4f867278a0ccf280b453bdb99451d3bfb9a8ea0ffbabcc2cd35fd55ac3a9f7ddd1dab36ff44a0f3956d,JG326450,,07/03/2023 06:55:00 PM,10,NO CONTROLS,NO CONTROLS,CLEAR,DAYLIGHT,PARKED MOTOR VEHICLE,PARKING LOT,,STRAIGHT AND LEVEL,DRY,NO DEFECTS,NOT ON SCENE (DESK REPORT),NO INJURY / DRIVE AWAY,,Y,,"OVER $1,500",07/03/2023 07:02:00 PM,IMPROPER BACKING,IMPROPER BACKING,6253,S,MICHIGAN AVE,311.0,,,,,,,2,NO INDICATION OF INJURY,0.0,0.0,0.0,0.0,0.0,5.0,0.0,18,2,7,41.7804036945,-87.6218374892,POINT (-87.62183748917 41.780403694544)
121e7413de89f9b13f2f76d4e995286231f67b694ccdd2473d9187653c917178234c9d546d9925ca78c3219da0655ae43182938daa3a62cbfe4f2e616ce597ff,JC401214,Y,08/21/2019 10:26:00 AM,30,NO CONTROLS,NO CONTROLS,CLEAR,DAYLIGHT,SIDESWIPE SAME DIRECTION,NOT DIVIDED,,STRAIGHT AND LEVEL,DRY,NO DEFECTS,NOT ON SCENE (DESK REPORT),NO INJURY / DRIVE AWAY,,,Y,"OVER $1,500",08/21/2019 11:15:00 AM,UNABLE TO DETERMINE,UNABLE TO DETERMINE,810,N,LA SALLE DR,1832.0,,,,,,,2,NO INDICATION OF INJURY,0.0,0.0,0.0,0.0,0.0,2.0,0.0,10,4,8,41.8969666371,-87.632863011,POINT (-87.632863011034 41.896966637081)