CRASH_RECORD_ID,RD_NO,CRASH_DATE_EST_I,CRASH_DATE,POSTED_SPEED_LIMIT,TRAFFIC_CONTROL_DEVICE,DEVICE_CONDITION,WEATHER_CONDITION,LIGHTING_CONDITION,FIRST_CRASH_TYPE,TRAFFICWAY_TYPE,LANE_CNT,ALIGNMENT,ROADWAY_SURFACE_COND,ROAD_DEFECT,REPORT_TYPE,CRASH_TYPE,INTERSECTION_RELATED_I,NOT_RIGHT_OF_WAY_I,HIT_AND_RUN_I,DAMAGE,DATE_POLICE_NOTIFIED,PRIM_CONTRIBUTORY_CAUSE,SEC_CONTRIBUTORY_CAUSE,STREET_NO,STREET_DIRECTION,STREET_NAME,BEAT_OF_OCCURRENCE,PHOTOS_TAKEN_I,STATEMENTS_TAKEN_I,DOORING_I,WORK_ZONE_I,WORK_ZONE_TYPE,WORKERS_PRESENT_I,NUM_UNITS,MOST_SEVERE_INJURY,INJURIES_TOTAL,INJURIES_FATAL,INJURIES_INCAPACITATING,INJURIES_NON_INCAPACITATING,INJURIES_REPORTED_NOT_EVIDENT,INJURIES_NO_INDICATION,INJURIES_UNKNOWN,CRASH_HOUR,CRASH_DAY_OF_WEEK,CRASH_MONTH,LATITUDE,LONGITUDE,LOCATION
7bb4f49c1206b9d7c3c8deccc81f07e6ba7b02637158535dededd64c02033cc1c778cb48437d9c01adc7461a7ef36f3c21f3ee6e81ae444bc13112d458d741ef,JD123794,,01/21/2020 04:24:00 PM,30,TRAFFIC SIGNAL,FUNCTIONING PROPERLY,CLEAR,DAWN,REAR END,ONE-WAY,,STRAIGHT AND LEVEL,DRY,NO DEFECTS,NOT ON SCENE (DESK REPORT),NO INJURY / DRIVE AWAY,,,,"$501 - $1,500",01/21/2020 07:15:00 PM,FOLLOWING TOO CLOSELY,FOLLOWING TOO CLOSELY,5048,S,WOODLAWN AVE,222.0,,,,,,,2,NO INDICATION OF INJURY,0.0,0.0,0.0,0.0,0.0,2.0,0.0,16,3,1,41.8027050238,-87.596857449,POINT (-87.596857448975 41.802705023843)
9378e95caae14dea1b0f2f7f497dd91536cfb37ee95b951876774be4fdb0485af88e81f345a6625cb2f0bb8d6ed29142243120c1f28933b7dd5398faa7371afb,JB149658,,02/12/2018 03:40:00 PM,30,NO CONTROLS,NO CONTROLS,SNOW,"DARKNESS, LIGHTED ROAD",PARKED MOTOR VEHICLE,NOT DIVIDED,,STRAIGHT AND LEVEL,SNOW OR SLUSH,NO DEFECTS,NOT ON SCENE (DESK REPORT),NO INJURY / DRIVE AWAY,,,Y,"OVER $1,500",02/12/2018 06:00:00 PM,UNABLE TO DETERMINE,UNABLE TO DETERMINE,821,E,104TH ST,512.0,,,,,,,2,NO INDICATION OF INJURY,0.0,0.0,0.0,0.0,0.0,1.0,0.0,15,2,2,41.7055402487,-87.602995619,POINT (-87.60299561896 41.705540248717)
326cd594d3f2de34c9cfe37912a4ce16cb75b831111d4964e0c4dac03f9eed3073570883a981923ab1432257e8d66e9de8320a53a5f6a4e3bc1024db7d95425b,JB432016,,09/12/2018 07:40:00 AM,30,NO CONTROLS,NO CONTROLS,CLEAR,DAYLIGHT,REAR END,DIVIDED - W/MEDIAN (NOT RAISED),,STRAIGHT AND LEVEL,DRY,NO DEFECTS,ON SCENE,NO INJURY / DRIVE AWAY,,,Y,"OVER $1,500",09/12/2018 07:47:00 AM,FOLLOWING TOO CLOSELY,NOT APPLICABLE,2827,S,LOOMIS ST,913.0,,,,,,,2,NO INDICATION OF INJURY,0.0,0.0,0.0,0.0,0.0,2.0,0.0,7,4,9,41.8432121107,-87.6587195137,POINT (-87.658719513712 41.843212110735)
9f65914b7ae74a045f6cc0db7f75e98c9b2e768f83b3b3c574439ef44ae8fa9ff28e4d665011e6c317f2cb96373763865311f0b94c487fb7440448fcb69f21e9,JA160418,Y,02/19/2017 09:00:00 PM,30,NO CONTROLS,NO CONTROLS,CLEAR,"DARKNESS, LIGHTED ROAD",PARKED MOTOR VEHICLE,NOT DIVIDED,2.0,STRAIGHT AND LEVEL,DRY,NO DEFECTS,NOT ON SCENE (DESK REPORT),NO INJURY / DRIVE AWAY,,,,"OVER $1,500",02/20/2017 08:13:00 AM,UNABLE TO DETERMINE,NOT APPLICABLE,1381,W,LAWRENCE AVE,1913.0,,,,,,,2,NO INDICATION OF INJURY,0.0,0.0,0.0,0.0,0.0,1.0,0.0,21,1,2,41.9688441076,-87.6643539598,POINT (-87.66435395985 41.968844107554)
68fefb168752ae05c29a09cea7bcd78c5d6a8d38075f756339e8bdb8158d5540d8a7056c36958c8c5221dd3d48a6498751b4f1134ecc7da461a1eea9a138cfdd,JD364956,,09/12/2020 02:04:00 PM,30,UNKNOWN,UNKNOWN,RAIN,DAYLIGHT,FIXED OBJECT,FOUR WAY,,STRAIGHT AND LEVEL,WET,NO DEFECTS,ON SCENE,INJURY AND / OR TOW DUE TO CRASH,,Y,,"OVER $1,500",09/12/2020 02:05:00 PM,NOT APPLICABLE,NOT APPLICABLE,6302,S,WESTERN AVE,825.0,,,,,,,1,FATAL,1.0,1.0,0.0,0.0,0.0,1.0,0.0,14,7,9,41.7790656785,-87.6837812604,POINT (-87.683781260399 41.779065678513)
e8e4e07a2b96569e2a0a97a3306daa1ddb1c89bc4ff6a100c891e045037aa06b8365cc9f76847799acdb2ce7c10950e66ecc1fd5d765fa2e32de7b766efeb040,JC287072,,05/31/2019 11:25:00 PM,30,NO CONTROLS,NO CONTROLS,CLEAR,DAYLIGHT,ANGLE,NOT DIVIDED,,STRAIGHT AND LEVEL,DRY,NO DEFECTS,ON SCENE,INJURY AND / OR TOW DUE TO CRASH,,,,"OVER $1,500",05/31/2019 11:36:00 PM,UNABLE TO DETERMINE,NOT APPLICABLE,4021,N,KEELER AVE,1722.0,,,,,,,2,NO INDICATION OF INJURY,0.0,0.0,0.0,0.0,0.0,2.0,0.0,23,6,5,41.9542003329,-87.732343982,POINT (-87.732343982023 41.954200332878)
08f3e237820497d77cf4c3188bd454628f875c62edb4ee59e1494c4c3d4dad7b1af1bc34b5ca12bc835c4d27fd88570ffd7423dd9fd063603ef466bdf8cd707a,JE223236,,05/08/2021 02:10:00 AM,30,STOP SIGN/FLASHER,FUNCTIONING PROPERLY,CLEAR,"DARKNESS, LIGHTED ROAD",REAR END,NOT DIVIDED,,STRAIGHT AND LEVEL,DRY,NO DEFECTS,ON SCENE,INJURY AND / OR TOW DUE TO CRASH,,,Y,"OVER $1,500",05/08/2021 02:12:00 AM,FAILING TO REDUCE SPEED TO AVOID CRASH,DISREGARDING STOP SIGN,10901,S,WENTWORTH AVE,513.0,,,,,,,2,NONINCAPACITATING INJURY,1.0,0.0,0.0,1.0,0.0,2.0,0.0,2,7,5,41.6961265806,-87.6278452796,POINT (-87.627845279596 41.696126580571)
175f4e396bc3aabf7e9dd312c0d2da1b86a6521cfe4cc8743bd7468d2fd2b3641df2ce043185a27ca0218a73601373d688e951b9f56ff8013094b109cb1024ae,JF283121,,06/17/2022 10:35:00 AM,30,NO CONTROLS,NO CONTROLS,CLEAR,DAYLIGHT,PARKED MOTOR VEHICLE,DIVIDED - W/MEDIAN (NOT RAISED),,STRAIGHT AND LEVEL,DRY,NO DEFECTS,NOT ON SCENE (DESK REPORT),NO INJURY / DRIVE AWAY,,,,"OVER $1,500",06/17/2022 10:45:00 AM,UNABLE TO DETERMINE,UNABLE TO DETERMINE,1026,W,63RD ST,712.0,,,,,,,2,NO INDICATION OF INJURY,0.0,0.0,0.0,0.0,0.0,1.0,0.0,10,6,6,41.7797719921,-87.6508018357,POINT (-87.650801835714 41.779771992062)
46a8f06e1e41995eff183b5c51895e6fd24a0bffadf664605bb2ecd0880d4618ddf090821d2ad078c1f7b5aba15e218bc01a3736f67cc8c4714fd159c435acb8,HY497341,,11/11/2015 07:15:00 AM,30,NO CONTROLS,NO CONTROLS,CLEAR,DAYLIGHT,SIDESWIPE SAME DIRECTION,DIVIDED - W/MEDIAN BARRIER,6.0,STRAIGHT AND LEVEL,DRY,NO DEFECTS,NOT ON SCENE (DESK REPORT),NO INJURY / DRIVE AWAY,,,Y,"$501 - $1,500",11/11/2015 08:09:00 AM,UNABLE TO DETERMINE,UNABLE TO DETERMINE,7800,S,STONY ISLAND AVE,411.0,,,,,,,2,NO INDICATION OF INJURY,0.0,0.0,0.0,0.0,0.0,2.0,0.0,7,4,11,41.7532413078,-87.5862199858,POINT (-87.586219985841 41.753241307821)
d167587d4e6f156dbbe0fb7534443c348485fc8af5a24b6e0f04dd6af590d1c2099b84b567e7e70636407450dd3d748542e022ca33c8cfde3cc1f6ecd2d322e3,JG156430,,02/17/2023 03:45:00 PM,30,NO CONTROLS,NO CONTROLS,SNOW,DAYLIGHT,PARKED MOTOR VEHICLE,ONE-WAY,,STRAIGHT AND LEVEL,SNOW OR SLUSH,NO DEFECTS,NOT ON SCENE (DESK REPORT),NO INJURY / DRIVE AWAY,,,Y,"OVER $1,500",02/17/2023 06:00:00 PM,UNABLE TO DETERMINE,UNABLE TO DETERMINE,801,E,DREXEL SQUARE DR,233.0,,,,,,,2,NO INDICATION OF INJURY,0.0,0.0,0.0,0.0,0.0,1.0,0.0,15,6,2,41.8012731682,-87.6062521581,POINT (-87.606252158053 41.801273168238)
e207644113ad24e3a07e59ada8c79a6f802868a6b882f83d1efd4e2626406edf8bb5ce5ad5f010d9e2f781a4bef0c95c401ba10d30629b1f7950753d6c0975fd,JD110628,,01/10/2020 08:50:00 AM,30,NO CONTROLS,NO CONTROLS,CLEAR,DAYLIGHT,SIDESWIPE SAME DIRECTION,DIVIDED - W/MEDIAN (NOT RAISED),,STRAIGHT AND LEVEL,DRY,NO DEFECTS,NOT ON SCENE (DESK REPORT),NO INJURY / DRIVE AWAY,,,,"$501 - $1,500",01/10/2020 08:59:00 AM,IMPROPER BACKING,NOT APPLICABLE,2122,S,MICHIGAN AVE,131.0,,,,,,,2,NO INDICATION OF INJURY,0.0,0.0,0.0,0.0,0.0,2.0,0.0,8,6,1,41.8535433763,-87.6239808972,POINT (-87.623980897185 41.853543376301)
e8693c5bb961d70c1c65cebc403186a770ac5e6a21bab4e1bf6a1b5a0ca46987c3cc3e897537c39cad7326fca5af5262c5090483e969191a73805a6f28c3c682,HZ388935,,08/12/2016 11:30:00 AM,30,NO CONTROLS,NO CONTROLS,RAIN,DAYLIGHT,REAR END,NOT DIVIDED,2.0,STRAIGHT AND LEVEL,WET,NO DEFECTS,NOT ON SCENE (DESK REPORT),NO INJURY / DRIVE AWAY,,,,$500 OR LESS,08/12/2016 01:00:00 PM,FOLLOWING TOO CLOSELY,WEATHER,5730,W,ROOSEVELT RD,1513.0,,,,,,,2,NO INDICATION OF INJURY,0.0,0.0,0.0,0.0,0.0,2.0,0.0,11,6,8,41.8656548861,-87.768050779,POINT (-87.768050778972 41.865654886095)
2668a970ad79d5826df330bc21ff633043db546b6cc0bd1cdeecb6b069d6d78656c73177da4fe9c48edb6d5d4dd10e86986d989bcecd2cc85d5db657a043af41,JG244490,,05/01/2023 06:30:00 PM,30,NO CONTROLS,NO CONTROLS,UNKNOWN,UNKNOWN,REAR END,DIVIDED - W/MEDIAN (NOT RAISED),,STRAIGHT AND LEVEL,UNKNOWN,UNKNOWN,NOT ON SCENE (DESK REPORT),NO INJURY / DRIVE AWAY,,,Y,$500 OR LESS,05/01/2023 07:25:00 PM,UNABLE TO DETERMINE,NOT APPLICABLE,3223,W,63RD ST,823.0,,,,,,,2,NO INDICATION OF INJURY,0.0,0.0,0.0,0.0,0.0,2.0,0.0,18,2,5,41.7788482064,-87.7040813021,POINT (-87.704081302054 41.778848206367)
9c6587a88a3123876848ffddcc8abae1a185832f666b20b1fafddd021265c6f1620015f915a5cf78a3030f9b9728e3758529eb542cf21511f7f2732ed3705d86,JC132483,,01/28/2019 01:30:00 PM,5,NO CONTROLS,NO CONTROLS,SNOW,DAYLIGHT,PARKED MOTOR VEHICLE,ALLEY,1.0,STRAIGHT AND LEVEL,SNOW OR SLUSH,UNKNOWN,NOT ON SCENE (DESK REPORT),NO INJURY / DRIVE AWAY,,,Y,"$501 - $1,500",01/28/2019 01:50:00 PM,UNABLE TO DETERMINE,UNABLE TO DETERMINE,6130,N,MOZART ST,2413.0,,,,,,,2,NO INDICATION OF INJURY,0.0,0.0,0.0,0.0,0.0,1.0,0.0,13,2,1,41.9930967747,-87.7008497122,POINT (-87.700849712219 41.993096774746)
f51fdfb06dd61cc871b7b8353d243c13593cf73f37efcf7076d7fba89428425d7227560725c61769dcf610cf0fac1dfc26b3b4b9015a33e90c0bf9b0ea51016e,JA160118,,02/19/2017 04:25:00 PM,30,NO CONTROLS,NO CONTROLS,CLEAR,DAYLIGHT,SIDESWIPE SAME DIRECTION,NOT DIVIDED,4.0,STRAIGHT AND LEVEL,DRY,NO DEFECTS,NOT ON SCENE (DESK REPORT),NO INJURY / DRIVE AWAY,,,,"$501 - $1,500",02/19/2017 09:50:00 PM,IMPROPER LANE USAGE,UNABLE TO DETERMINE,545,S,WELLS ST,123.0,,,,,,,2,NO INDICATION OF INJURY,0.0,0.0,0.0,0.0,0.0,2.0,0.0,16,1,2,41.8747805605,-87.6334903846,POINT (-87.633490384638 41.874780560535)
1a44155a2671c7b42f5f82e8c0788d134e83bf08f18c15f1295d1a460983594ee84a51b5beefef6e4b7327a94b6b03d70aec21936278006bc28e9c275df4c20a,JG186968,,03/15/2023 06:10:00 PM,30,STOP SIGN/FLASHER,FUNCTIONING PROPERLY,CLEAR,DAYLIGHT,ANGLE,NOT DIVIDED,,STRAIGHT AND LEVEL,DRY,NO DEFECTS,ON SCENE,INJURY AND / OR TOW DUE TO CRASH,Y,,,"OVER $1,500",03/15/2023 06:14:00 PM,DRIVING SKILLS/KNOWLEDGE/EXPERIENCE,UNABLE TO DETERMINE,4158,S,WALLACE ST,925.0,,,,,,,2,NO INDICATION OF INJURY,0.0,0.0,0.0,0.0,0.0,2.0,0.0,18,4,3,41.8187056364,-87.6410766955,POINT (-87.641076695542 41.818705636352)
9e6ad191a14e1b58da13d02d8cb4e426617d01577fd130eed8b87c10b0f2c5f8d88db8ad709aa685e95d9e19047788d81c451440fe8d31566370639e9e1e08d2,JE119761,,01/21/2021 12:15:00 PM,30,NO CONTROLS,NO CONTROLS,CLEAR,DAYLIGHT,TURNING,NOT DIVIDED,,STRAIGHT AND LEVEL,DRY,NO DEFECTS,NOT ON SCENE (DESK REPORT),NO INJURY / DRIVE AWAY,,,Y,"OVER $1,500",01/22/2021 08:11:00 AM,FOLLOWING TOO CLOSELY,NOT APPLICABLE,8659,S,STATE ST,632.0,,,,,,,2,NO INDICATION OF INJURY,0.0,0.0,0.0,0.0,0.0,2.0,0.0,12,5,1,41.7363580134,-87.6240150581,POINT (-87.624015058087 41.736358013424)
d67836f022aad2c3bca0cc154850c39de9a323906bc681a4f67ddc72a81ab5da629077f38540387664b6acf5aff19ad781047dfeb18a9fec365dbdfbbe024371,JA433605,,09/16/2017 11:15:00 AM,30,TRAFFIC SIGNAL,FUNCTIONING PROPERLY,CLEAR,DAYLIGHT,TURNING,NOT DIVIDED,8.0,"CURVE, LEVEL",DRY,NO DEFECTS,ON SCENE,INJURY AND / OR TOW DUE TO CRASH,Y,,,"OVER $1,500",09/16/2017 11:21:00 AM,FAILING TO YIELD RIGHT-OF-WAY,FAILING TO REDUCE SPEED TO AVOID CRASH,6169,N,LINCOLN AVE,1711.0,,,,,,,2,NONINCAPACITATING INJURY,1.0,0.0,0.0,1.0,0.0,1.0,0.0,11,7,9,41.9941495397,-87.713263831,POINT (-87.713263830987 41.994149539664)
1b7ac5c11aa014dc6012b3f997077441cc46afbf6b2312ef0de50b55563d861ccd473ba721629fef1f9e622fafca504bbd60d81c4e90fd6e845da859483b028e,JC369394,Y,07/29/2019 11:30:00 AM,30,NO CONTROLS,NO CONTROLS,RAIN,DAYLIGHT,PARKED MOTOR VEHICLE,PARKING LOT,,STRAIGHT AND LEVEL,WET,NO DEFECTS,NOT ON SCENE (DESK REPORT),NO INJURY / DRIVE AWAY,,,,"OVER $1,500",07/29/2019 11:55:00 AM,NOT APPLICABLE,NOT APPLICABLE,4025,N,WESTERN AVE,1911.0,,,,,,,2,NO INDICATION OF INJURY,0.0,0.0,0.0,0.0,0.0,1.0,0.0,11,2,7,41.9547729035,-87.6883409965,POINT (-87.688340996464 41.954772903474)
6ec5b8171f42c506f5ee0793db5694d448a0e460eee8c255abe2e087731abf279d89b6176e8f0e8f33a4887639f4595896cc44739b5ee28c5e9bcef25d6c49ba,JD458114,Y,12/13/2020 03:02:00 PM,30,NO CONTROLS,NO CONTROLS,CLEAR,DAYLIGHT,PARKED MOTOR VEHICLE,NOT DIVIDED,,STRAIGHT AND LEVEL,DRY,NO DEFECTS,ON SCENE,INJURY AND / OR TOW DUE TO CRASH,,,Y,"OVER $1,500",12/13/2020 03:02:00 PM,"OPERATING VEHICLE IN ERRATIC, RECKLESS, CARELESS, NEGLIGENT OR AGGRESSIVE MANNER",IMPROPER LANE USAGE,2631,S,PULASKI RD,1031.0,,N,,,,,3,"REPORTED, NOT EVIDENT",1.0,0.0,0.0,0.0,1.0,0.0,0.0,15,1,12,41.843306107,-87.7243764467,POINT (-87.724376446715 41.843306107024)
319bad97598a778cd4338434a60c04cb282334884d260cd6b7d31bf9f8ed59ca0e869d7526ca9b7bacb9c7d14d2bbbf46f4f77d8a38b94004d92feec74abab5e,HZ475956,,10/14/2016 01:50:00 PM,30,TRAFFIC SIGNAL,FUNCTIONING PROPERLY,CLEAR,DAYLIGHT,TURNING,NOT DIVIDED,4.0,STRAIGHT AND LEVEL,DRY,NO DEFECTS,NOT ON SCENE (DESK REPORT),NO INJURY / DRIVE AWAY,Y,,,"OVER $1,500",10/15/2016 11:15:00 PM,IMPROPER LANE USAGE,UNABLE TO DETERMINE,300,N,LOWER COLUMBUS DR,114.0,,,,,,,2,NO INDICATION OF INJURY,0.0,0.0,0.0,0.0,0.0,2.0,0.0,13,6,10,41.8868837174,-87.6208801158,POINT (-87.620880115813 41.886883717417)
bb804906ec9fbdcaefa9f47be4e84028b52dd4160e74f13e3b27c01defe08e53b4ae464b24c6964571e41545b71f76d0f1520d2ebe35f193dd030285b1790af3,JG289433,,06/05/2023 05:00:00 PM,30,UNKNOWN,UNKNOWN,UNKNOWN,UNKNOWN,TURNING,FOUR WAY,,STRAIGHT AND LEVEL,UNKNOWN,UNKNOWN,NOT ON SCENE (DESK REPORT),NO INJURY / DRIVE AWAY,,,Y,"OVER $1,500",06/05/2023 06:20:00 PM,TURNING RIGHT ON RED,UNABLE TO DETERMINE,629,N,ORLEANS ST,1831.0,,,,,,,2,NO INDICATION OF INJURY,0.0,0.0,0.0,0.0,0.0,2.0,0.0,17,2,6,41.8931891096,-87.6369336617,POINT (-87.636933661745 41.893189109557)
d1af6f0ab57ee22000c8697263c4afad187ad9cb2591fd9e7fc79162a2f3ee56dc6c72a24c136119eb34aff2d81c287aa208cfbd54d7dca3d72300bd5b9e247e,JD314498,,07/29/2020 08:09:00 PM,15,NO CONTROLS,NO CONTROLS,CLEAR,"DARKNESS, LIGHTED ROAD",FIXED OBJECT,ALLEY,,STRAIGHT AND LEVEL,DRY,UNKNOWN,ON SCENE,INJURY AND / OR TOW DUE TO CRASH,,,N,"OVER $1,500",07/29/2020 08:09:00 PM,DRIVING SKILLS/KNOWLEDGE/EXPERIENCE,NOT APPLICABLE,7059,S,ASHLAND AVE,734.0,,,,,,,1,NO INDICATION OF INJURY,0.0,0.0,0.0,0.0,0.0,1.0,0.0,20,4,7,41.7650042594,-87.6636541132,POINT (-87.663654113217 41.765004259432)
c2c41a8fc502fad3d09f925efac45d4d5e8ace7ec8f53482a1d6a886c67912a52ab4522f131f157a6b3e5779dd14074ea262c90b37d7f834d1a9aa9ce19fbd6d,JB150621,,02/13/2018 02:00:00 AM,15,NO CONTROLS,NO CONTROLS,CLEAR,"DARKNESS, LIGHTED ROAD",ANGLE,PARKING LOT,,STRAIGHT AND LEVEL,DRY,NO DEFECTS,NOT ON SCENE (DESK REPORT),NO INJURY / DRIVE AWAY,,Y,,"$501 - $1,500",02/13/2018 02:10:00 PM,UNABLE TO DETERMINE,NOT APPLICABLE,4000,W,ROOSEVELT RD,1132.0,,,,,,,2,NO INDICATION OF INJURY,0.0,0.0,0.0,0.0,0.0,2.0,0.0,2,3,2,41.8662810027,-87.7252342198,POINT (-87.725234219839 41.866281002665)
5e82377d198d490fd9ac4281c1fac75e36f5e7f6a10b4af13fb20388c7096f7ee5670c3da377e8588ad7c951b87f1feb1cd685756726c9b52f597880e2782bf9,JE101811,,01/03/2021 01:25:00 AM,30,NO CONTROLS,NO CONTROLS,RAIN,"DARKNESS, LIGHTED ROAD",REAR TO FRONT,PARKING LOT,,STRAIGHT AND LEVEL,WET,NO DEFECTS,ON SCENE,NO INJURY / DRIVE AWAY,,,,"$501 - $1,500",01/03/2021 02:05:00 AM,IMPROPER BACKING,NOT APPLICABLE,119,S,CICERO AVE,1113.0,,Y,,,,,2,NO INDICATION OF INJURY,0.0,0.0,0.0,0.0,0.0,2.0,0.0,1,1,1,41.8785715424,-87.7450600136,POINT (-87.745060013603 41.878571542397)
e8241a203e60db56dd999f63d85229cad99845d9ce1b22f0b6518e17631eae1007f7182cd9dc46b782744e720c3b7f1fbd1ebeeef7898f81c431705888e14351,JG204663,,03/30/2023 12:54:00 PM,30,TRAFFIC SIGNAL,FUNCTIONING PROPERLY,CLEAR,DAYLIGHT,ANGLE,FOUR WAY,,STRAIGHT AND LEVEL,DRY,NO DEFECTS,ON SCENE,INJURY AND / OR TOW DUE TO CRASH,Y,,,"OVER $1,500",03/30/2023 12:55:00 PM,DISREGARDING TRAFFIC SIGNALS,UNABLE TO DETERMINE,3000,W,VAN BUREN ST,1124.0,,,,,,,2,NONINCAPACITATING INJURY,1.0,0.0,0.0,1.0,0.0,1.0,0.0,12,5,3,41.8760381715,-87.7011030232,POINT (-87.701103023191 41.876038171488)
e721f33d27cdd4df0f3c560ee73302ca5314063cc8f21d105059adf9287768d5ab83fb97092b05861e5c6dae23af60c58da000e20bdf1f6225831203995509cb,JA411718,,08/30/2017 09:19:00 AM,30,TRAFFIC SIGNAL,FUNCTIONING PROPERLY,CLEAR,DAYLIGHT,REAR END,NOT DIVIDED,3.0,STRAIGHT AND LEVEL,DRY,NO DEFECTS,ON SCENE,NO INJURY / DRIVE AWAY,,,Y,"OVER $1,500",08/30/2017 09:26:00 AM,FOLLOWING TOO CLOSELY,FAILING TO REDUCE SPEED TO AVOID CRASH,10701,S,VINCENNES AVE,2234.0,,,,,,,2,NO INDICATION OF INJURY,0.0,0.0,0.0,0.0,0.0,2.0,0.0,9,4,8,41.6993311379,-87.6586306867,POINT (-87.658630686729 41.69933113787)
003d652c5120eeda25f6e66f31e88eb3a3990a571019f14a2876b8203bb9e9a2aee7d88498154a5c37190d24b2210a76aef63751c10857ab5a2674389859c1bd,JG433068,,09/21/2023 10:25:00 AM,30,UNKNOWN,UNKNOWN,OTHER,UNKNOWN,PARKED MOTOR VEHICLE,UNKNOWN,,STRAIGHT AND LEVEL,UNKNOWN,UNKNOWN,NOT ON SCENE (DESK REPORT),NO INJURY / DRIVE AWAY,,,,"$501 - $1,500",09/21/2023 12:00:00 PM,NOT APPLICABLE,NOT APPLICABLE,1250,W,ARGYLE ST,2033.0,,,,,,,2,NO INDICATION OF INJURY,0.0,0.0,0.0,0.0,0.0,1.0,0.0,10,5,9,41.9727508868,-87.6618487303,POINT (-87.661848730267 41.972750886765)
5abf1468b4902f57307ffad5ff61dbf854c20e3ebc1b78cc283010d2c8c5933dfe47f11a9c7940f756b2915b54220f8687c3042487363839243cb6aa0bd010bb,HZ447540,,09/24/2016 10:00:00 AM,30,NO CONTROLS,NO CONTROLS,CLOUDY/OVERCAST,DAYLIGHT,REAR END,NOT DIVIDED,2.0,STRAIGHT AND LEVEL,DRY,NO DEFECTS,NOT ON SCENE (DESK REPORT),NO INJURY / DRIVE AWAY,,,,"$501 - $1,500",09/24/2016 10:15:00 AM,UNABLE TO DETERMINE,UNABLE TO DETERMINE,6550,N,SHERIDAN RD,2432.0,,,,,,,2,NO INDICATION OF INJURY,0.0,0.0,0.0,0.0,0.0,2.0,0.0,10,7,9,42.0016244507,-87.6608955301,POINT (-87.660895530051 42.001624450693)
a6e35160ed202f5cd5ce39eea5c5fe795a83c8dd89321436a20b880e75ad1d619f4bbf077f03b2378b8c12e85f3205aaac28bbf1c89d67f4eb3d96159f93648f,JC414447,,08/31/2019 02:00:00 AM,25,NO CONTROLS,NO CONTROLS,CLEAR,"DARKNESS, LIGHTED ROAD",PARKED MOTOR VEHICLE,ONE-WAY,,STRAIGHT AND LEVEL,DRY,NO DEFECTS,NOT ON SCENE (DESK REPORT),NO INJURY / DRIVE AWAY,,,Y,"OVER $1,500",08/31/2019 08:20:00 AM,UNABLE TO DETERMINE,NOT APPLICABLE,1411,N,KOLIN AVE,2534.0,,,,,,,2,NO INDICATION OF INJURY,0.0,0.0,0.0,0.0,0.0,1.0,0.0,2,7,8,41.9065209708,-87.7348763232,POINT (-87.734876323248 41.906520970815)
93e63aabd6a2cfd4b22aca97ecc8744474800501329adf16b08040f3463471082ed41b85ec0059edd9b0c75590b651d49bf7913906912bb0f11e8281cd7321e7,JA403152,,08/23/2017 10:56:00 AM,15,STOP SIGN/FLASHER,FUNCTIONING PROPERLY,CLEAR,DAYLIGHT,PEDALCYCLIST,NOT DIVIDED,2.0,STRAIGHT AND LEVEL,DRY,NO DEFECTS,NOT ON SCENE (DESK REPORT),NO INJURY / DRIVE AWAY,Y,,,"$501 - $1,500",08/23/2017 03:20:00 PM,UNABLE TO DETERMINE,UNABLE TO DETERMINE,1556,E,76TH PL,411.0,,,,,,,2,NO INDICATION OF INJURY,0.0,0.0,0.0,0.0,0.0,3.0,0.0,10,4,8,41.7561362831,-87.5860598762,POINT (-87.586059876177 41.756136283091)
c0a9ffe1390903015ac3fe7ad02b1ca0911ee8663e3c4c51fdc39d633fa1d924716d05c789591242399414ecd1bc9926a976e4dad1538725a49613d30d83c203,JE392955,,09/30/2021 02:00:00 PM,30,NO CONTROLS,NO CONTROLS,CLEAR,UNKNOWN,REAR END,ONE-WAY,,STRAIGHT AND LEVEL,WET,UNKNOWN,NOT ON SCENE (DESK REPORT),NO INJURY / DRIVE AWAY,,,N,"OVER $1,500",09/30/2021 03:00:00 PM,UNABLE TO DETERMINE,UNABLE TO DETERMINE,3844,W,HARRISON ST,1133.0,,,,,,,2,NO INDICATION OF INJURY,0.0,0.0,0.0,0.0,0.0,2.0,0.0,14,5,9,41.8735804625,-87.7222051809,POINT (-87.722205180949 41.873580462488)
f307bb5652aff182580e7c346562679fc88a2a36495b16446d09bd0ab6a088483ada87543f6b30ddc513fbb45f4652732079c5c67b210184ed985d728b48629c,JE265935,,06/14/2021 04:55:00 PM,35,STOP SIGN/FLASHER,FUNCTIONING PROPERLY,CLEAR,DAYLIGHT,ANGLE,DIVIDED - W/MEDIAN (NOT RAISED),,STRAIGHT AND LEVEL,DRY,NO DEFECTS,ON SCENE,INJURY AND / OR TOW DUE TO CRASH,,,,"OVER $1,500",06/14/2021 05:18:00 PM,FAILING TO YIELD RIGHT-OF-WAY,IMPROPER TURNING/NO SIGNAL,5109,S,PULASKI RD,822.0,,,,,,,2,NO INDICATION OF INJURY,0.0,0.0,0.0,0.0,0.0,4.0,0.0,16,2,6,41.8000915344,-87.7232136115,POINT (-87.723213611533 41.800091534442)