CRASH_RECORD_ID,RD_NO,CRASH_DATE_EST_I,CRASH_DATE,POSTED_SPEED_LIMIT,TRAFFIC_CONTROL_DEVICE,DEVICE_CONDITION,WEATHER_CONDITION,LIGHTING_CONDITION,FIRST_CRASH_TYPE,TRAFFICWAY_TYPE,LANE_CNT,ALIGNMENT,ROADWAY_SURFACE_COND,ROAD_DEFECT,REPORT_TYPE,CRASH_TYPE,INTERSECTION_RELATED_I,NOT_RIGHT_OF_WAY_I,HIT_AND_RUN_I,DAMAGE,DATE_POLICE_NOTIFIED,PRIM_CONTRIBUTORY_CAUSE,SEC_CONTRIBUTORY_CAUSE,STREET_NO,STREET_DIRECTION,STREET_NAME,BEAT_OF_OCCURRENCE,PHOTOS_TAKEN_I,STATEMENTS_TAKEN_I,DOORING_I,WORK_ZONE_I,WORK_ZONE_TYPE,WORKERS_PRESENT_I,NUM_UNITS,MOST_SEVERE_INJURY,INJURIES_TOTAL,INJURIES_FATAL,INJURIES_INCAPACITATING,INJURIES_NON_INCAPACITATING,INJURIES_REPORTED_NOT_EVIDENT,INJURIES_NO_INDICATION,INJURIES_UNKNOWN,CRASH_HOUR,CRASH_DAY_OF_WEEK,CRASH_MONTH,LATITUDE,LONGITUDE,LOCATION
775b4066ccc49f9bc9dc64e3c2e7c42b18df1ac09b0269be380e0cb707ad85668aa742437b5ee73f3023aea8f3fc15eda5689935a31bb18c9022c858543eaad5,JC275090,,05/21/2019 08:45:00 AM,30,STOP SIGN/FLASHER,NO CONTROLS,CLEAR,DAYLIGHT,OTHER OBJECT,RAMP,,STRAIGHT ON GRADE,DRY,NO DEFECTS,NOT ON SCENE (DESK REPORT),NO INJURY / DRIVE AWAY,,Y,,"$501 - $1,500",05/23/2019 11:45:00 AM,CELL PHONE USE OTHER THAN TEXTING,NOT APPLICABLE,30,W,MONROE ST,112.0,,,,,,,1,NO INDICATION OF INJURY,0.0,0.0,0.0,0.0,0.0,1.0,0.0,8,3,5,41.8808386159,-87.6289019445,POINT (-87.628901944452 41.880838615883)
d171b683ee6a3bfa2978ca3223e0f08fa4b345dc3ca7d61e662b5f11481aa204be5d449e03718c505864e2977adf97113f3133e6ae03803a2475d110746cc249,JB180375,,03/10/2018 04:00:00 AM,30,NO CONTROLS,NO CONTROLS,CLEAR,"DARKNESS, LIGHTED ROAD",ANGLE,DIVIDED - W/MEDIAN (NOT RAISED),2.0,STRAIGHT AND LEVEL,DRY,NO DEFECTS,ON SCENE,NO INJURY / DRIVE AWAY,,,,"OVER $1,500",03/10/2018 04:55:00 AM,FAILING TO YIELD RIGHT-OF-WAY,DRIVING SKILLS/KNOWLEDGE/EXPERIENCE,1335,W,DIVISION ST,1213.0,,,,,,,2,NO INDICATION OF INJURY,0.0,0.0,0.0,0.0,0.0,6.0,0.0,4,7,3,41.9033158016,-87.661923617,POINT (-87.661923616959 41.903315801568)
b9246edd1e99dd956181064c6cd2e02fdc1219f9dbaa05b520db1da1a3edbfb2da69e7418897b75f8fdeaa1646436183bd7f508a1299b219ab5ed06cc9a9a9b3,JC254474,,05/08/2019 08:49:00 AM,35,STOP SIGN/FLASHER,FUNCTIONING PROPERLY,CLOUDY/OVERCAST,DAYLIGHT,ANGLE,T-INTERSECTION,,STRAIGHT ON GRADE,WET,NO DEFECTS,ON SCENE,INJURY AND / OR TOW DUE TO CRASH,Y,,,"OVER $1,500",05/08/2019 09:00:00 AM,FAILING TO YIELD RIGHT-OF-WAY,NOT APPLICABLE,3425,W,IRVING PARK RD,1732.0,,,,,,,2,"REPORTED, NOT EVIDENT",1.0,0.0,0.0,0.0,1.0,1.0,0.0,8,4,5,41.9537316799,-87.7139764672,POINT (-87.713976467156 41.953731679916)
e5717702a606eef4583574f1015ed747a0eb564fd9228be8c1302f715680e727e2c05b06a204a7b9275c2095a579eb490fd8ae0e741e40b2d645f44d4ed8f675,JE311773,,07/23/2021 05:30:00 PM,20,UNKNOWN,UNKNOWN,CLEAR,DAYLIGHT,PARKED MOTOR VEHICLE,ONE-WAY,,STRAIGHT AND LEVEL,DRY,UNKNOWN,NOT ON SCENE (DESK REPORT),NO INJURY / DRIVE AWAY,,,,"OVER $1,500",07/23/2021 07:20:00 PM,UNABLE TO DETERMINE,NOT APPLICABLE,1210,S,AVERS AVE,1011.0,,,,,,,2,NO INDICATION OF INJURY,0.0,0.0,0.0,0.0,0.0,1.0,0.0,17,6,7,41.8658333278,-87.7216510865,POINT (-87.72165108652 41.865833327813)
94bd56f0b6254e8b67e46601d82961ba66eb3c7ea978d30f542e690eccbdce42445fb858b8b6d91448f71d6435a8094f823e23d600846320a471f85a90335b79,JA525985,,11/25/2017 03:00:00 AM,30,NO CONTROLS,NO CONTROLS,CLEAR,"DARKNESS, LIGHTED ROAD",PARKED MOTOR VEHICLE,ONE-WAY,,STRAIGHT AND LEVEL,DRY,NO DEFECTS,NOT ON SCENE (DESK REPORT),NO INJURY / DRIVE AWAY,,,,"$501 - $1,500",11/26/2017 04:10:00 PM,UNABLE TO DETERMINE,NOT APPLICABLE,2534,N,MONTICELLO AVE,2524.0,,,,,,,2,NO INDICATION OF INJURY,0.0,0.0,0.0,0.0,0.0,1.0,0.0,3,7,11,41.9274303983,-87.7184357565,POINT (-87.718435756465 41.927430398271)
5a69f374608e6632d688dadf0d7e038f654450c2376488c29b8ebda98cb33040340919e49dd154c47c796357d7e665c13440cae1247896094017e888e145a509,JA298454,,06/08/2017 05:45:00 PM,30,TRAFFIC SIGNAL,FUNCTIONING PROPERLY,CLEAR,DAYLIGHT,SIDESWIPE SAME DIRECTION,NOT DIVIDED,4.0,STRAIGHT AND LEVEL,DRY,NO DEFECTS,NOT ON SCENE (DESK REPORT),NO INJURY / DRIVE AWAY,Y,,,"OVER $1,500",06/08/2017 07:17:00 PM,UNABLE TO DETERMINE,UNABLE TO DETERMINE,5500,S,WESTERN AVE,824.0,,,,,,,2,NO INDICATION OF INJURY,0.0,0.0,0.0,0.0,0.0,2.0,0.0,17,5,6,41.7933705543,-87.6841753768,POINT (-87.684175376759 41.79337055433)
a2775cf9de486e214dc78827ecc2109f837ee820c6848edc02a4f522bc0219562fcc3f25b19c8ad31088585dc1e1fd766032cb0c8f7a2c7dafc7463875b8fa09,JA273160,Y,05/21/2017 10:00:00 AM,30,NO CONTROLS,NO CONTROLS,CLEAR,DAYLIGHT,PARKED MOTOR VEHICLE,NOT DIVIDED,2.0,STRAIGHT AND LEVEL,DRY,NO DEFECTS,NOT ON SCENE (DESK REPORT),NO INJURY / DRIVE AWAY,,,Y,"OVER $1,500",05/21/2017 01:45:00 PM,DRIVING SKILLS/KNOWLEDGE/EXPERIENCE,UNABLE TO DETERMINE,5700,S,KOSTNER AVE,813.0,,,,,,,2,NO INDICATION OF INJURY,0.0,0.0,0.0,0.0,0.0,1.0,0.0,10,1,5,41.789385271,-87.7330000364,POINT (-87.733000036366 41.789385270974)
3d5c375141d3a3f9c294c25aff14cea6cd209395211881783097313a6dcac08d5bb0ea1ab3ae274bd96b44563e44bb953f58fa9b20b00c831d2be8331e9fbd51,JA286949,,05/31/2017 05:15:00 PM,30,TRAFFIC SIGNAL,FUNCTIONING PROPERLY,CLEAR,DAYLIGHT,REAR END,NOT DIVIDED,2.0,STRAIGHT AND LEVEL,DRY,NO DEFECTS,NOT ON SCENE (DESK REPORT),NO INJURY / DRIVE AWAY,Y,,,"OVER $1,500",05/31/2017 06:00:00 PM,FOLLOWING TOO CLOSELY,FAILING TO REDUCE SPEED TO AVOID CRASH,2052,W,ARMITAGE AVE,1432.0,,,,,,,2,NO INDICATION OF INJURY,0.0,0.0,0.0,0.0,0.0,2.0,0.0,17,4,5,41.9178270493,-87.6796792305,POINT (-87.679679230513 41.917827049324)
b2094fe0097843c09fd7621697193a9dcfba5bd4987ba5a6e9c28b1a0d31ddfb1f39a1142b261bd96f0e6562bcccc9418e9182a8a585e420425c45959c73d4f7,JB324783,,06/27/2018 12:05:00 PM,30,NO CONTROLS,NO CONTROLS,CLEAR,DAYLIGHT,TURNING,NOT DIVIDED,2.0,STRAIGHT AND LEVEL,DRY,NO DEFECTS,NOT ON SCENE (DESK REPORT),NO INJURY / DRIVE AWAY,,,,"OVER $1,500",06/27/2018 12:45:00 PM,FAILING TO YIELD RIGHT-OF-WAY,FAILING TO YIELD RIGHT-OF-WAY,3520,N,KEDZIE AVE,1733.0,,,,,,,2,NO INDICATION OF INJURY,0.0,0.0,0.0,0.0,0.0,3.0,0.0,12,4,6,41.9454370556,-87.7079372383,POINT (-87.707937238275 41.945437055614)
13b36c0539bd9d4a743546cff63dff9351d383ae9f9a16390b9ec0f2344bdba3f43d2af5c53b11841894e6f549a8e1a0f13931f68e2c597b71c78c1bcde78f4e,JF282375,,06/03/2022 03:30:00 PM,25,NO CONTROLS,NO CONTROLS,CLEAR,DAYLIGHT,OTHER OBJECT,NOT DIVIDED,,STRAIGHT AND LEVEL,DRY,"RUT, HOLES",NOT ON SCENE (DESK REPORT),NO INJURY / DRIVE AWAY,,,,$500 OR LESS,06/16/2022 06:00:00 PM,ROAD ENGINEERING/SURFACE/MARKING DEFECTS,NOT APPLICABLE,3636,W,109TH ST,2211.0,,,,,,,1,NO INDICATION OF INJURY,0.0,0.0,0.0,0.0,0.0,1.0,0.0,15,6,6,41.6951585364,-87.7122128257,POINT (-87.712212825713 41.695158536445)
a8a80428f4668f57984831629f52eb1c60eb58c4c5a9558dd7af6325545bac6317c10475c75f8db0b021d2a76021be6bd10557c018bba4b722ad4e407687ca99,JC151517,,02/13/2019 05:20:00 PM,30,TRAFFIC SIGNAL,FUNCTIONING PROPERLY,CLEAR,"DARKNESS, LIGHTED ROAD",REAR END,ONE-WAY,,STRAIGHT AND LEVEL,DRY,NO DEFECTS,NOT ON SCENE (DESK REPORT),NO INJURY / DRIVE AWAY,Y,,,"OVER $1,500",02/13/2019 09:30:00 PM,FOLLOWING TOO CLOSELY,NOT APPLICABLE,1,E,JACKSON BLVD,113.0,,,,,,,2,NO INDICATION OF INJURY,0.0,0.0,0.0,0.0,0.0,2.0,0.0,17,4,2,41.8781101565,-87.627534546,POINT (-87.627534545969 41.8781101565)
aa0767fcc139b71e7ce2e075a021cd99c7bc536fb52f54aa27290c28ee3385027eef26ac36cb1e0d1639d58c8b45a43a4dad964020fbb98e39eac3130237a85c,JD306370,,07/22/2020 03:30:00 PM,30,NO CONTROLS,NO CONTROLS,CLEAR,DAYLIGHT,SIDESWIPE SAME DIRECTION,ONE-WAY,,STRAIGHT AND LEVEL,DRY,UNKNOWN,NOT ON SCENE (DESK REPORT),NO INJURY / DRIVE AWAY,,,,"OVER $1,500",07/22/2020 03:50:00 PM,UNABLE TO DETERMINE,NOT APPLICABLE,6500,S,WENTWORTH AVE,722.0,,,,,,,2,NO INDICATION OF INJURY,0.0,0.0,0.0,0.0,0.0,2.0,0.0,15,4,7,41.7765901409,-87.6302171981,POINT (-87.630217198102 41.776590140893)
ebe002d6a922066f91e8f1643cdc539298ea2df477572c6656c480874c5deba2e4723fa9d29414c2ca9bad25ed77d99c092919971e795cc12afc58e4bf197bfb,JE343517,,08/20/2021 09:30:00 AM,30,NO CONTROLS,NO CONTROLS,CLEAR,DAYLIGHT,SIDESWIPE SAME DIRECTION,NOT DIVIDED,,STRAIGHT AND LEVEL,DRY,NO DEFECTS,NOT ON SCENE (DESK REPORT),INJURY AND / OR TOW DUE TO CRASH,,,Y,"OVER $1,500",08/20/2021 10:00:00 AM,IMPROPER LANE USAGE,NOT APPLICABLE,3650,W,CHICAGO AVE,1112.0,,,,,,,2,NO INDICATION OF INJURY,0.0,0.0,0.0,0.0,0.0,3.0,0.0,9,6,8,41.8955513116,-87.7183294236,POINT (-87.718329423565 41.895551311591)
803047eab3d045213a3aab0c9bddffac8424cf3a545a60704d6a68e87c666c8fcc583d3955881d2c77ef972e3faa2fb9e500440892c5cb7f1ccbfd0ca93bf5dc,JG365564,,06/18/2023 08:00:00 AM,25,NO CONTROLS,NO CONTROLS,CLEAR,DAYLIGHT,PARKED MOTOR VEHICLE,ONE-WAY,,STRAIGHT AND LEVEL,DRY,UNKNOWN,ON SCENE,NO INJURY / DRIVE AWAY,,,N,"$501 - $1,500",06/18/2023 08:40:00 AM,UNABLE TO DETERMINE,UNABLE TO DETERMINE,1709,N,MOODY AVE,2513.0,,,,,,,2,NO INDICATION OF INJURY,0.0,0.0,0.0,0.0,0.0,1.0,0.0,8,1,6,41.9113574523,-87.7787915532,POINT (-87.778791553174 41.911357452309)
0e296756698f0191b9eba640875562d8cd27daef8af520334af5b743a08e4ea004ea9b67aef7ab3492cf388c871604180bfc4a0b39d1cff6f968b02dd5e074c8,HZ301874,,06/10/2016 04:45:00 PM,35,NO CONTROLS,NO CONTROLS,CLEAR,DAYLIGHT,REAR END,NOT DIVIDED,2.0,STRAIGHT AND LEVEL,DRY,NO DEFECTS,ON SCENE,NO INJURY / DRIVE AWAY,,,,"OVER $1,500",06/10/2016 06:25:00 PM,NOT APPLICABLE,NOT APPLICABLE,1900,S,HALSTED ST,1235.0,,,,,,,3,NO INDICATION OF INJURY,0.0,0.0,0.0,0.0,0.0,3.0,0.0,16,6,6,41.8566912447,-87.6467569448,POINT (-87.646756944767 41.856691244708)
7b90fe0ca921ba423f453638bb03558954d99e32ad27386209c30480b815726445d3d7c8b237a496481fbce966bb54b03bca535bf9428ce69f6945a78e5bc08e,HY481090,,10/29/2015 02:00:00 PM,25,NO CONTROLS,NO CONTROLS,CLEAR,DAYLIGHT,ANGLE,ONE-WAY,1.0,STRAIGHT AND LEVEL,DRY,NO DEFECTS,NOT ON SCENE (DESK REPORT),NO INJURY / DRIVE AWAY,,,,"$501 - $1,500",10/29/2015 02:22:00 PM,FAILING TO YIELD RIGHT-OF-WAY,DRIVING SKILLS/KNOWLEDGE/EXPERIENCE,350,E,96TH ST,511.0,,,,,,,2,NO INDICATION OF INJURY,0.0,0.0,0.0,0.0,0.0,2.0,0.0,14,5,10,41.7201737471,-87.6144979292,POINT (-87.614497929162 41.720173747109)
71bd4eb2d6c57001f9b9b36ff195a3d500b1a7045277005688fe16dc87299df7d1f1c3ddad63286e13f1a97fa3663a703bd0cb1511163be051b191fd1229c469,JA395924,,08/18/2017 07:25:00 AM,30,NO CONTROLS,NO CONTROLS,CLEAR,DAYLIGHT,REAR END,NOT DIVIDED,4.0,STRAIGHT AND LEVEL,DRY,NO DEFECTS,NOT ON SCENE (DESK REPORT),NO INJURY / DRIVE AWAY,,,,"$501 - $1,500",08/18/2017 07:33:00 AM,IMPROPER BACKING,NOT APPLICABLE,5157,W,LAWRENCE AVE,1623.0,,,,,,,2,NO INDICATION OF INJURY,0.0,0.0,0.0,0.0,0.0,3.0,0.0,7,6,8,41.9678018802,-87.7570671615,POINT (-87.757067161513 41.967801880211)
047ed99fe312df42342875d862e501af336e6f1f08163c9a1b9954e9d8474c33f8cf7b95788ac20b1c1768d82ffe8c254dac1f550bd4b20fc1520931f8b6ebd8,JC317841,,06/23/2019 12:40:00 AM,40,POLICE/FLAGMAN,OTHER,CLEAR,"DARKNESS, LIGHTED ROAD",SIDESWIPE SAME DIRECTION,ONE-WAY,,STRAIGHT AND LEVEL,DRY,NO DEFECTS,ON SCENE,NO INJURY / DRIVE AWAY,Y,,,"$501 - $1,500",06/23/2019 12:41:00 AM,IMPROPER LANE USAGE,"OPERATING VEHICLE IN ERRATIC, RECKLESS, CARELESS, NEGLIGENT OR AGGRESSIVE MANNER",1430,S,LAKE SHORE DR E,132.0,,,,,,,2,NO INDICATION OF INJURY,0.0,0.0,0.0,0.0,0.0,3.0,0.0,0,1,6,41.8632585939,-87.6187710503,POINT (-87.61877105034 41.863258593904)
4dd3fc4c29923a7709bb2e520e425c353d0a0508e49cd1b09940a960a3683d09cef484fb1d4536a4b5852726d5351ae812e8e569035ec577976b57b29dc3e672,JB175552,,03/06/2018 11:30:00 AM,30,TRAFFIC SIGNAL,FUNCTIONING PROPERLY,CLEAR,DAYLIGHT,REAR END,DIVIDED - W/MEDIAN (NOT RAISED),2.0,STRAIGHT AND LEVEL,DRY,NO DEFECTS,ON SCENE,INJURY AND / OR TOW DUE TO CRASH,,,,"OVER $1,500",03/06/2018 11:31:00 AM,FOLLOWING TOO CLOSELY,DRIVING SKILLS/KNOWLEDGE/EXPERIENCE,3322,N,PULASKI RD,1731.0,,,,,,,2,NO INDICATION OF INJURY,0.0,0.0,0.0,0.0,0.0,2.0,0.0,11,3,3,41.9415147853,-87.7274059228,POINT (-87.727405922812 41.941514785284)
ec82d82f80c9c3cc936405b651d0a6d8a421832819e9756a85d6476efaa5b25f8629c9013051dc25ec1f1fa3998ff67a5b73d6d5431e49a2ed7468d3f45481c8,JF295056,,06/26/2022 02:30:00 PM,20,NO CONTROLS,NO CONTROLS,CLEAR,DAYLIGHT,FIXED OBJECT,PARKING LOT,,STRAIGHT ON GRADE,DRY,NO DEFECTS,ON SCENE,NO INJURY / DRIVE AWAY,,,,"OVER $1,500",06/26/2022 06:08:00 PM,IMPROPER BACKING,UNABLE TO DETERMINE,1200,W,WILSON AVE,1913.0,,,,,,,1,NO INDICATION OF INJURY,0.0,0.0,0.0,0.0,0.0,1.0,0.0,14,1,6,41.9654754532,-87.6597015615,POINT (-87.659701561519 41.965475453158)
f30d784314414033aceb3b43fd92db3581dee1b58d9c55cb0fb5bd1b5dc61c0f5ca358f66c595e44cfc5d33f4221ec0141c6afcaa599713e20a3351c90c3c9bf,JE227133,,05/11/2021 07:45:00 PM,30,UNKNOWN,UNKNOWN,CLEAR,"DARKNESS, LIGHTED ROAD",TURNING,UNKNOWN,,STRAIGHT AND LEVEL,DRY,UNKNOWN,ON SCENE,INJURY AND / OR TOW DUE TO CRASH,,,Y,"OVER $1,500",05/11/2021 07:55:00 PM,FAILING TO REDUCE SPEED TO AVOID CRASH,NOT APPLICABLE,4856,S,COTTAGE GROVE AVE,223.0,,,,,,,2,NO INDICATION OF INJURY,0.0,0.0,0.0,0.0,0.0,2.0,0.0,19,3,5,41.8060390853,-87.6066378274,POINT (-87.606637827445 41.806039085339)
9bbd84e1f7e9031f58b9a43e334643387b80d685cafbfbc3cb5bf70e173f75cf5643f8c082ad751c0fc5f5542cf4a0411a40aa49e4a09721d201089b2a59690f,JA453274,,09/30/2017 03:42:00 PM,35,NO CONTROLS,NO CONTROLS,CLEAR,DUSK,OTHER OBJECT,OTHER,,STRAIGHT AND LEVEL,DRY,"RUT, HOLES",NOT ON SCENE (DESK REPORT),NO INJURY / DRIVE AWAY,,,,"OVER $1,500",09/30/2017 07:20:00 PM,ROAD CONSTRUCTION/MAINTENANCE,UNABLE TO DETERMINE,29,E,42ND ST,213.0,,,,Y,MAINTENANCE,,1,NO INDICATION OF INJURY,0.0,0.0,0.0,0.0,0.0,1.0,0.0,15,7,9,41.8182117082,-87.6249584645,POINT (-87.624958464463 41.818211708238)
25ee2d324e23ee97d6596265c34d5c497c9f54fd5d2b4a911783a93c923f2fe0e738b9f6d3966f337655189654a3de3529d00846a6e238968af02d64c38f134d,JG304971,,06/17/2023 05:36:00 PM,30,NO CONTROLS,NO CONTROLS,CLEAR,DAYLIGHT,REAR END,NOT DIVIDED,,STRAIGHT AND LEVEL,DRY,UNKNOWN,NOT ON SCENE (DESK REPORT),NO INJURY / DRIVE AWAY,,,,"OVER $1,500",06/17/2023 06:04:00 PM,UNABLE TO DETERMINE,UNABLE TO DETERMINE,3937,W,ADDISON ST,1732.0,,,,,,,3,NO INDICATION OF INJURY,0.0,0.0,0.0,0.0,0.0,4.0,0.0,17,7,6,41.9462768002,-87.7264649126,POINT (-87.726464912567 41.946276800234)
6d0dee88c678e2e691707a0a504328fb633dd88d85219fc1b24695bcdf6edfd56ee2c6ca05baa09175750481f3f31809b70657dcbbed640a2359c837d6cea2ce,JC296361,,06/07/2019 04:37:00 PM,30,STOP SIGN/FLASHER,FUNCTIONING PROPERLY,CLEAR,DAYLIGHT,ANGLE,NOT DIVIDED,,STRAIGHT AND LEVEL,DRY,NO DEFECTS,ON SCENE,INJURY AND / OR TOW DUE TO CRASH,Y,,,"OVER $1,500",06/07/2019 04:40:00 PM,DISREGARDING STOP SIGN,NOT APPLICABLE,6400,S,HAMLIN AVE,823.0,,,,,,,2,NO INDICATION OF INJURY,0.0,0.0,0.0,0.0,0.0,2.0,0.0,16,6,6,41.7768547187,-87.7179530641,POINT (-87.717953064145 41.776854718652)
2d80465ece6dfa38cc6a55e7801f75cfd4e2af827c0bd8b3b3d5e5bac21da66c6d4280345a9b303e5228bf4ce3878e215d9cdbeb1255035546f58abc7568b90e,JC208194,,04/01/2019 05:30:00 PM,30,STOP SIGN/FLASHER,FUNCTIONING PROPERLY,CLEAR,DAYLIGHT,TURNING,OTHER,4.0,STRAIGHT AND LEVEL,DRY,NO DEFECTS,NOT ON SCENE (DESK REPORT),NO INJURY / DRIVE AWAY,Y,,,"$501 - $1,500",04/01/2019 07:29:00 PM,FAILING TO YIELD RIGHT-OF-WAY,IMPROPER TURNING/NO SIGNAL,499,W,SUPERIOR ST,1831.0,,,,,,,2,NO INDICATION OF INJURY,0.0,0.0,0.0,0.0,0.0,2.0,0.0,17,2,4,41.8953910214,-87.6414264041,POINT (-87.641426404078 41.895391021388)
a70b1ea9bbbd54b1d7fd18de601572da2c6e739aeef9c9730c2c4ff753f44508b1232321140391bc28593242ced6582a3e979a220946a0747f0caeb8ed6dc954,JE445595,,11/15/2021 06:50:00 AM,30,TRAFFIC SIGNAL,FUNCTIONING PROPERLY,CLEAR,DAWN,SIDESWIPE SAME DIRECTION,DIVIDED - W/MEDIAN (NOT RAISED),,STRAIGHT AND LEVEL,DRY,NO DEFECTS,NOT ON SCENE (DESK REPORT),NO INJURY / DRIVE AWAY,,,,"OVER $1,500",11/15/2021 07:50:00 AM,IMPROPER OVERTAKING/PASSING,IMPROPER OVERTAKING/PASSING,3901,S,WESTERN AVE,921.0,,,,,,,2,NO INDICATION OF INJURY,0.0,0.0,0.0,0.0,0.0,2.0,0.0,6,2,11,41.8230213869,-87.6847335303,POINT (-87.684733530341 41.823021386901)
cf425d094215d38fa751ec390e485688edc6f4a8a5ca7ca6d7e093f993bbf954a2140e75134741f7176f5bc0ed3a40cd2bfa6f123837d59fad4f3c00c7d22c26,JG111182,,01/10/2023 03:28:00 PM,30,STOP SIGN/FLASHER,FUNCTIONING PROPERLY,CLEAR,DAYLIGHT,TURNING,FOUR WAY,,STRAIGHT AND LEVEL,DRY,NO DEFECTS,ON SCENE,NO INJURY / DRIVE AWAY,Y,,Y,"OVER $1,500",01/10/2023 03:51:00 PM,DISREGARDING YIELD SIGN,UNABLE TO DETERMINE,3028,W,47TH ST,922.0,,,,,,,2,NO INDICATION OF INJURY,0.0,0.0,0.0,0.0,0.0,2.0,0.0,15,3,1,41.8082919687,-87.7002545875,POINT (-87.700254587541 41.808291968741)
4a40193e3ebf21599ce01e1deb22f3e81a06f244d7b795839ffb208069b67ea9aafa73e20f29f5d5561647f4a11607ebe26cde41576c3aabbb82927b374ab8f3,JC400312,,08/20/2019 03:50:00 PM,30,TRAFFIC SIGNAL,FUNCTIONING PROPERLY,RAIN,DAYLIGHT,SIDESWIPE SAME DIRECTION,FOUR WAY,,STRAIGHT AND LEVEL,WET,UNKNOWN,NOT ON SCENE (DESK REPORT),NO INJURY / DRIVE AWAY,Y,,,$500 OR LESS,08/20/2019 04:20:00 PM,UNABLE TO DETERMINE,NOT APPLICABLE,401,W,BELMONT AVE,1934.0,,,,,,,2,NO INDICATION OF INJURY,0.0,0.0,0.0,0.0,0.0,2.0,0.0,15,3,8,41.9400230856,-87.6396056977,POINT (-87.639605697722 41.940023085573)
813b6b5e08090fe8c04953db1e96b6999c5d5dacf3ee9c9035c1534c4cfd0c7c75e0a00061ba7ed3d47ed30cf8968f00709ed5ac4e001680aa022f775072ffc7,JA462575,,10/07/2017 07:55:00 PM,30,TRAFFIC SIGNAL,FUNCTIONING PROPERLY,CLEAR,"DARKNESS, LIGHTED ROAD",REAR END,DIVIDED - W/MEDIAN (NOT RAISED),4.0,STRAIGHT AND LEVEL,WET,NO DEFECTS,NOT ON SCENE (DESK REPORT),NO INJURY / DRIVE AWAY,,,,"OVER $1,500",10/07/2017 08:15:00 PM,FAILING TO REDUCE SPEED TO AVOID CRASH,DRIVING SKILLS/KNOWLEDGE/EXPERIENCE,6501,S,CICERO AVE,833.0,,,,,,,2,NO INDICATION OF INJURY,0.0,0.0,0.0,0.0,0.0,2.0,0.0,19,7,10,41.7746945416,-87.7420133008,POINT (-87.742013300808 41.774694541589)
2213662e9379ba8491724be673112ce2d3af9450386e9e33a1470f4ccd4c36c1bfcca9b2be69780dac586b02b9a8fd7d84e5663a7c2fe9026441aa2301eadd76,JB219306,,04/11/2018 08:37:00 AM,20,TRAFFIC SIGNAL,FUNCTIONING PROPERLY,CLEAR,DAYLIGHT,SIDESWIPE SAME DIRECTION,NOT DIVIDED,,STRAIGHT AND LEVEL,DRY,NO DEFECTS,ON SCENE,INJURY AND / OR TOW DUE TO CRASH,Y,,,"OVER $1,500",04/11/2018 08:38:00 AM,FAILING TO YIELD RIGHT-OF-WAY,UNABLE TO DETERMINE,5100,S,WENTWORTH AVE,225.0,,,,,,,2,NONINCAPACITATING INJURY,1.0,0.0,0.0,1.0,0.0,8.0,0.0,8,4,4,,,
33a47fa7e2585c18d69dd6f3739a2dd9843fd9631976f7e98a5adfed8baf2d75f017e8e1eaaa79afac5a04133e5a4515e8eb9ead4967a3ca6b2991a101c65a05,JG370299,,08/01/2023 09:10:00 PM,30,TRAFFIC SIGNAL,FUNCTIONING PROPERLY,CLEAR,"DARKNESS, LIGHTED ROAD",REAR END,NOT DIVIDED,,STRAIGHT AND LEVEL,DRY,NO DEFECTS,NOT ON SCENE (DESK REPORT),NO INJURY / DRIVE AWAY,,,Y,"OVER $1,500",08/05/2023 10:20:00 AM,FOLLOWING TOO CLOSELY,NOT APPLICABLE,3700,N,KIMBALL AVE,1732.0,,,,,,,2,NO INDICATION OF INJURY,0.0,0.0,0.0,0.0,0.0,4.0,0.0,21,3,8,41.9484362506,-87.7129152741,POINT (-87.712915274113 41.948436250628)
ccf8f0d32c4deca3e263f6aec2a1dc08bc1abe0302bdc19a005b7069848e4811241b9aeedd4651803f7898d7cb339cb7e6cd64500cb485fd452b08bb0d036d5e,JG188000,,03/16/2023 03:50:00 PM,30,NO CONTROLS,NO CONTROLS,CLEAR,DAYLIGHT,TURNING,NOT DIVIDED,,STRAIGHT AND LEVEL,DRY,NO DEFECTS,ON SCENE,INJURY AND / OR TOW DUE TO CRASH,,,,"$501 - $1,500",03/16/2023 03:51:00 PM,FAILING TO YIELD RIGHT-OF-WAY,FAILING TO YIELD RIGHT-OF-WAY,4723,S,KEDZIE AVE,922.0,,Y,,,,,2,NONINCAPACITATING INJURY,1.0,0.0,0.0,1.0,0.0,1.0,0.0,15,5,3,41.8074720653,-87.7038115366,POINT (-87.703811536633 41.80747206527)
af3f19a3a1c279c82f15637d20be23c0dcfa383104dd3ede5f1e98f861bd0227e5b8002d76c721b1783bbfda60f6576d4587179b2937aba7cec8e70299811189,JC319015,,06/23/2019 09:13:00 PM,30,STOP SIGN/FLASHER,FUNCTIONING PROPERLY,RAIN,"DARKNESS, LIGHTED ROAD",ANGLE,NOT DIVIDED,,STRAIGHT AND LEVEL,WET,NO DEFECTS,ON SCENE,INJURY AND / OR TOW DUE TO CRASH,Y,,Y,"OVER $1,500",06/23/2019 09:44:00 PM,DISREGARDING STOP SIGN,FAILING TO YIELD RIGHT-OF-WAY,3159,N,NATOMA AVE,2511.0,,,,,,,3,NONINCAPACITATING INJURY,3.0,0.0,0.0,2.0,1.0,1.0,0.0,21,1,6,41.938130694,-87.7918860316,POINT (-87.791886031609 41.938130693967)