CRASH_RECORD_ID,RD_NO,CRASH_DATE_EST_I,CRASH_DATE,POSTED_SPEED_LIMIT,TRAFFIC_CONTROL_DEVICE,DEVICE_CONDITION,WEATHER_CONDITION,LIGHTING_CONDITION,FIRST_CRASH_TYPE,TRAFFICWAY_TYPE,LANE_CNT,ALIGNMENT,ROADWAY_SURFACE_COND,ROAD_DEFECT,REPORT_TYPE,CRASH_TYPE,INTERSECTION_RELATED_I,NOT_RIGHT_OF_WAY_I,HIT_AND_RUN_I,DAMAGE,DATE_POLICE_NOTIFIED,PRIM_CONTRIBUTORY_CAUSE,SEC_CONTRIBUTORY_CAUSE,STREET_NO,STREET_DIRECTION,STREET_NAME,BEAT_OF_OCCURRENCE,PHOTOS_TAKEN_I,STATEMENTS_TAKEN_I,DOORING_I,WORK_ZONE_I,WORK_ZONE_TYPE,WORKERS_PRESENT_I,NUM_UNITS,MOST_SEVERE_INJURY,INJURIES_TOTAL,INJURIES_FATAL,INJURIES_INCAPACITATING,INJURIES_NON_INCAPACITATING,INJURIES_REPORTED_NOT_EVIDENT,INJURIES_NO_INDICATION,INJURIES_UNKNOWN,CRASH_HOUR,CRASH_DAY_OF_WEEK,CRASH_MONTH,LATITUDE,LONGITUDE,LOCATION
71a96afaac39d1c7bc3d62e28ea1b9bcb703ebff562f480998e4758366ae21b9936607cfcda01c44ca1a63663f1f666905da699824da6fdb8448778a76622f88,JD461574,,12/16/2020 05:00:00 PM,30,TRAFFIC SIGNAL,FUNCTIONING PROPERLY,CLEAR,DAYLIGHT,REAR END,NOT DIVIDED,,STRAIGHT AND LEVEL,DRY,NO DEFECTS,NOT ON SCENE (DESK REPORT),NO INJURY / DRIVE AWAY,,,,"OVER $1,500",12/17/2020 12:00:00 PM,UNABLE TO DETERMINE,UNABLE TO DETERMINE,8001,S,HALSTED ST,621.0,,,,,,,2,NO INDICATION OF INJURY,0.0,0.0,0.0,0.0,0.0,2.0,0.0,17,4,12,41.748731431,-87.6438388917,POINT (-87.643838891712 41.748731430974)
f9f76ffc1bcabaf7b5a493d50b8535abf23865a4ebdd687855ac1e743d822ee6a3cd43b4cd2249ddf8088c0790fc2b04638d2c64735634dac071424332285c55,JG158540,,02/19/2023 03:35:00 PM,30,TRAFFIC SIGNAL,FUNCTIONING PROPERLY,CLEAR,DAYLIGHT,SIDESWIPE SAME DIRECTION,NOT DIVIDED,,STRAIGHT AND LEVEL,DRY,NO DEFECTS,NOT ON SCENE (DESK REPORT),NO INJURY / DRIVE AWAY,,,,"OVER $1,500",02/19/2023 04:10:00 PM,NOT APPLICABLE,NOT APPLICABLE,6301,S,ARCHER AVE,811.0,,,,,,,2,NO INDICATION OF INJURY,0.0,0.0,0.0,0.0,0.0,6.0,0.0,15,1,2,41.7931316856,-87.7784268564,POINT (-87.778426856407 41.793131685618)
a716a1e11daabac7708c74eb29d1509293eb879940bf20737c2b32d5bfac365ab192bb62b44f68ba01e7674614a3babe681a1d4e076e4c4d85834b4786c99dc7,JF231646,,04/28/2022 12:00:00 PM,10,NO CONTROLS,NO CONTROLS,CLEAR,UNKNOWN,PARKED MOTOR VEHICLE,DRIVEWAY,,STRAIGHT AND LEVEL,DRY,NO DEFECTS,NOT ON SCENE (DESK REPORT),NO INJURY / DRIVE AWAY,,,Y,"OVER $1,500",05/05/2022 12:00:00 PM,UNABLE TO DETERMINE,NOT APPLICABLE,1619,W,103RD ST,2212.0,,,,,,,2,NO INDICATION OF INJURY,0.0,0.0,0.0,0.0,0.0,1.0,0.0,12,5,4,41.7065769808,-87.662873819,POINT (-87.662873819036 41.706576980751)
dd89bc97297828783f4dda6f8010c20c30bdd4f6b01048344abd12ab32eb2f7f92444a07bbcda24b76ccb0644670a3f8c40e166f8bab5867ccc6a5b63022b4c0,JC523921,,11/25/2019 10:50:00 AM,30,TRAFFIC SIGNAL,FUNCTIONING PROPERLY,CLEAR,DAYLIGHT,REAR END,DIVIDED - W/MEDIAN (NOT RAISED),,STRAIGHT AND LEVEL,DRY,NO DEFECTS,NOT ON SCENE (DESK REPORT),NO INJURY / DRIVE AWAY,,,,"OVER $1,500",11/25/2019 01:40:00 PM,FOLLOWING TOO CLOSELY,UNABLE TO DETERMINE,8700,S,JEFFERY BLVD,412.0,,,,,,,2,NO INDICATION OF INJURY,0.0,0.0,0.0,0.0,0.0,2.0,0.0,10,2,11,41.7369631273,-87.5758627085,POINT (-87.575862708451 41.736963127272)
c4493df24e106315ed291c7a444c561c86b009f3b78c6338cc9913f0e863ddde04c3a4b5e488b6871dd0618c3ada33d508b75dd019b18c1282cddee0fdd1b187,JB169736,,02/17/2018 02:50:00 PM,30,NO CONTROLS,NO CONTROLS,CLOUDY/OVERCAST,DAYLIGHT,ANGLE,DIVIDED - W/MEDIAN (NOT RAISED),,STRAIGHT AND LEVEL,DRY,UNKNOWN,NOT ON SCENE (DESK REPORT),NO INJURY / DRIVE AWAY,,,,"$501 - $1,500",03/01/2018 12:37:00 PM,FAILING TO YIELD RIGHT-OF-WAY,UNABLE TO DETERMINE,5043,S,WOODLAWN AVE,222.0,,,,,,,2,NO INDICATION OF INJURY,0.0,0.0,0.0,0.0,0.0,2.0,0.0,14,7,2,41.8031042423,-87.5965692642,POINT (-87.596569264151 41.80310424235)
829b9324c5c5bb99a4b21ce912c7463addb2552ac0ac92fe29c3d59dc167f286414d269e3e173f215c37f331fd5b88f6cc6e607cdb0bd3d9e15e95ca879de2fd,JB367102,,07/27/2018 04:35:00 AM,30,NO CONTROLS,NO CONTROLS,CLEAR,"DARKNESS, LIGHTED ROAD",PARKED MOTOR VEHICLE,NOT DIVIDED,2.0,STRAIGHT AND LEVEL,DRY,NO DEFECTS,ON SCENE,NO INJURY / DRIVE AWAY,,,,$500 OR LESS,07/27/2018 04:35:00 AM,UNABLE TO DETERMINE,NOT APPLICABLE,2543,S,KEDZIE AVE,1033.0,,,,,,,2,NO INDICATION OF INJURY,0.0,0.0,0.0,0.0,0.0,1.0,0.0,4,6,7,41.8450631136,-87.7049056241,POINT (-87.704905624091 41.845063113568)
b5134724a17e65587de6bd10755d9148c18fc22fb3c9f6c31a427630e448453b38f65f4cf91be1256d6d5ce5caa891a6f55c2745e1406123468b402f886121ea,JE282351,,06/28/2021 08:00:00 AM,30,TRAFFIC SIGNAL,FUNCTIONING PROPERLY,CLEAR,DAYLIGHT,REAR END,NOT DIVIDED,,STRAIGHT AND LEVEL,DRY,NO DEFECTS,NOT ON SCENE (DESK REPORT),NO INJURY / DRIVE AWAY,,,,"$501 - $1,500",06/28/2021 12:20:00 PM,FAILING TO REDUCE SPEED TO AVOID CRASH,FAILING TO REDUCE SPEED TO AVOID CRASH,2198,W,TOUHY AVE,2411.0,,,,,,,2,NO INDICATION OF INJURY,0.0,0.0,0.0,0.0,0.0,3.0,0.0,8,2,6,42.0123489927,-87.6862066165,POINT (-87.686206616546 42.012348992748)
532f1612a8d4792248a0c9b0809e24305f56029311bc969000be46ef7dced43330f6a1be7c3a4cae2829d29cd3a57b330e442c96ea50de6909ab7834b48c1507,JF528625,,12/30/2022 09:27:00 PM,30,TRAFFIC SIGNAL,FUNCTIONING PROPERLY,CLEAR,"DARKNESS, LIGHTED ROAD",SIDESWIPE SAME DIRECTION,DIVIDED - W/MEDIAN (NOT RAISED),,STRAIGHT AND LEVEL,DRY,NO DEFECTS,NOT ON SCENE (DESK REPORT),NO INJURY / DRIVE AWAY,,,,"$501 - $1,500",12/31/2022 11:30:00 AM,IMPROPER OVERTAKING/PASSING,NOT APPLICABLE,1602,W,59TH ST,715.0,,,,,,,3,NO INDICATION OF INJURY,0.0,0.0,0.0,0.0,0.0,3.0,0.0,21,6,12,41.7868543209,-87.6645223501,POINT (-87.664522350079 41.786854320887)
1a7787391bb06b57c985ece05f3553bbd07a4c88ea14aa483f282169241a8c651ff81b9534e3704a2b9d5090872f36eebea47b2d3e187e75c77a10171bf0be15,JD453783,,12/09/2020 05:20:00 AM,30,NO CONTROLS,NO CONTROLS,CLEAR,"DARKNESS, LIGHTED ROAD",PARKED MOTOR VEHICLE,NOT DIVIDED,,STRAIGHT AND LEVEL,DRY,NO DEFECTS,ON SCENE,INJURY AND / OR TOW DUE TO CRASH,,,Y,"$501 - $1,500",12/09/2020 05:22:00 AM,UNABLE TO DETERMINE,UNABLE TO DETERMINE,3940,W,FLOURNOY ST,1132.0,,,,,,,2,NO INDICATION OF INJURY,0.0,0.0,0.0,0.0,0.0,1.0,0.0,5,4,12,41.8726555443,-87.7245981779,POINT (-87.72459817788 41.872655544265)
53603270004ca6f638d188cf8a8a9583cd447e054016de1b0efdd704588cf8c37c03f86468eb6c97629209b77badc2da58a4a07b2dfb7ec37c6a2adada0af507,JC316950,,06/22/2019 10:45:00 AM,30,NO CONTROLS,FUNCTIONING PROPERLY,CLEAR,DAYLIGHT,OTHER NONCOLLISION,CENTER TURN LANE,,STRAIGHT AND LEVEL,DRY,"RUT, HOLES",ON SCENE,NO INJURY / DRIVE AWAY,Y,,,"$501 - $1,500",06/22/2019 11:45:00 AM,NOT APPLICABLE,NOT APPLICABLE,855,N,WESTERN AVE,1212.0,,,,,,,1,NO INDICATION OF INJURY,0.0,0.0,0.0,0.0,0.0,1.0,0.0,10,7,6,41.8974027842,-87.6867369121,POINT (-87.686736912098 41.89740278418)
2b39aeb53829c7086d82415b5b4da70fd089d20a9377af0ff062e21ebc70c52555202cf59f65d7538cd545b054a34efc590ea3937f8737aee76a436b5fd0abdf,JD349863,Y,08/28/2020 08:00:00 PM,30,NO CONTROLS,NO CONTROLS,CLEAR,DARKNESS,PARKED MOTOR VEHICLE,NOT DIVIDED,,STRAIGHT AND LEVEL,DRY,NO DEFECTS,NOT ON SCENE (DESK REPORT),NO INJURY / DRIVE AWAY,,,,"$501 - $1,500",08/29/2020 09:20:00 PM,UNABLE TO DETERMINE,UNABLE TO DETERMINE,5735,N,MARKHAM AVE,1622.0,,,,,,,2,NO INDICATION OF INJURY,0.0,0.0,0.0,0.0,0.0,1.0,0.0,20,6,8,41.9859899693,-87.7756958175,POINT (-87.775695817459 41.985989969255)
f3df070394f99ad77bc5ff3519742198c403fa95f0e2c74d2c77631ea5c94b315433ef97eca159aa17c530a05d86c540f222235be30afefe40bd8642cad66121,JA380692,,08/07/2017 07:40:00 AM,5,NO CONTROLS,NO CONTROLS,CLEAR,DAYLIGHT,FIXED OBJECT,OTHER,1.0,STRAIGHT AND LEVEL,DRY,NO DEFECTS,NOT ON SCENE (DESK REPORT),NO INJURY / DRIVE AWAY,,,,"$501 - $1,500",08/07/2017 07:55:00 AM,IMPROPER BACKING,IMPROPER BACKING,727,E,111TH ST,531.0,,,,,,,1,NO INDICATION OF INJURY,0.0,0.0,0.0,0.0,0.0,1.0,0.0,7,2,8,41.6927233639,-87.6045058667,POINT (-87.60450586672 41.692723363896)
b8c4d23ef3a2b995eb60652a47751e0d46fa616113d02991612273fe311d1b118f0fffc06f015ef71e0a5ccec3f8c5ba0932a4f1ea98cc3c7f0fac96ad5baca3,JC252438,,05/06/2019 02:00:00 PM,25,NO CONTROLS,NO CONTROLS,RAIN,DAYLIGHT,PARKED MOTOR VEHICLE,ONE-WAY,,STRAIGHT AND LEVEL,WET,NO DEFECTS,ON SCENE,NO INJURY / DRIVE AWAY,,,Y,$500 OR LESS,05/06/2019 04:50:00 PM,UNABLE TO DETERMINE,NOT APPLICABLE,1603,S,AVERS AVE,1014.0,,,,,,,2,NO INDICATION OF INJURY,0.0,0.0,0.0,0.0,0.0,1.0,0.0,14,2,5,41.8587715365,-87.7210494683,POINT (-87.721049468277 41.858771536547)
0513450678e0f931333a25d3267916fd263c806d1b4af5e3ec3d8fe4498e52437baade9bd5ecb8708088b8e49996ce24c840d499184a991205999e80895bce32,JD207249,,04/11/2020 10:40:00 PM,30,NO CONTROLS,NO CONTROLS,RAIN,"DARKNESS, LIGHTED ROAD",PARKED MOTOR VEHICLE,NOT DIVIDED,,STRAIGHT AND LEVEL,WET,NO DEFECTS,ON SCENE,INJURY AND / OR TOW DUE TO CRASH,,,,"OVER $1,500",04/11/2020 10:44:00 PM,UNABLE TO DETERMINE,UNABLE TO DETERMINE,6121,W,GIDDINGS ST,1622.0,,,,,,,5,INCAPACITATING INJURY,1.0,0.0,1.0,0.0,0.0,0.0,0.0,22,7,4,41.966510467,-87.7806349467,POINT (-87.780634946661 41.96651046703)
02daefea6734ee0375f6f0e539e309057f6c41d6a33342e15431e526e0aaf844d15d8ef8d9ee1e80725b21ef3ad4f58392c6d077bf4eb8c6fb192659dd5dceb7,JD457399,,12/12/2020 05:10:00 PM,15,NO CONTROLS,NO CONTROLS,RAIN,"DARKNESS, LIGHTED ROAD",FIXED OBJECT,ALLEY,,STRAIGHT AND LEVEL,WET,NO DEFECTS,ON SCENE,NO INJURY / DRIVE AWAY,,Y,Y,"OVER $1,500",12/12/2020 05:12:00 PM,UNABLE TO DETERMINE,UNABLE TO DETERMINE,642,N,LOREL AVE,1524.0,,,,,,,2,NO INDICATION OF INJURY,0.0,0.0,0.0,0.0,0.0,3.0,0.0,17,7,12,41.8924290463,-87.7593952147,POINT (-87.759395214679 41.892429046315)
868eaf9ef32315fa6efdf498745433142f24990999a4fab2e68d232718b73d1608b820e3c1ed599e06fcf73d06b92a8463a1a6b28bb82aaf7f418257c8e409a2,JF222321,,04/27/2022 06:21:00 PM,30,NO CONTROLS,NO CONTROLS,CLEAR,DAYLIGHT,PARKED MOTOR VEHICLE,ONE-WAY,,STRAIGHT AND LEVEL,DRY,NO DEFECTS,ON SCENE,NO INJURY / DRIVE AWAY,,,Y,"OVER $1,500",04/27/2022 06:37:00 PM,NOT APPLICABLE,NOT APPLICABLE,3254,W,23RD ST,1024.0,,,,,,,2,NO INDICATION OF INJURY,0.0,0.0,0.0,0.0,0.0,1.0,0.0,18,4,4,41.8500320999,-87.7073834404,POINT (-87.707383440399 41.850032099947)
1ebc988b68f92a079d5b7de89cbc3d06ff6ee46eb1431ffde64baf5b97c5b7db1cceb53e0c1003b9d8780686a619faaae8a0383a5668881aa66b4fd2f20033c9,HZ485543,,05/02/2016 03:50:00 PM,25,NO CONTROLS,NO CONTROLS,CLEAR,DAYLIGHT,SIDESWIPE SAME DIRECTION,NOT DIVIDED,2.0,STRAIGHT AND LEVEL,DRY,NO DEFECTS,NOT ON SCENE (DESK REPORT),NO INJURY / DRIVE AWAY,,,,"$501 - $1,500",05/02/2016 04:23:00 PM,FAILING TO YIELD RIGHT-OF-WAY,FAILING TO YIELD RIGHT-OF-WAY,3541,W,MONTROSE AVE,1723.0,,,,,,,2,NO INDICATION OF INJURY,0.0,0.0,0.0,0.0,0.0,2.0,0.0,15,2,5,41.9609685766,-87.7172635097,POINT (-87.717263509661 41.960968576584)
f591b96bf108fd9e84e577d50ebe7bdf174823b8f4bd2d3316f527902341a3c4849b951ebbe4b1fc950d6427538df1e5b9ca8a5a21b384255dee1e3af3d73836,JG461248,,10/12/2023 06:44:00 PM,30,NO CONTROLS,NO CONTROLS,CLEAR,"DARKNESS, LIGHTED ROAD",REAR END,ONE-WAY,,STRAIGHT AND LEVEL,DRY,NO DEFECTS,ON SCENE,NO INJURY / DRIVE AWAY,,,Y,"OVER $1,500",10/12/2023 06:45:00 PM,UNABLE TO DETERMINE,UNABLE TO DETERMINE,3702,W,HARRISON ST,1133.0,,,,,,,2,NO INDICATION OF INJURY,0.0,0.0,0.0,0.0,0.0,2.0,0.0,18,5,10,41.8736322124,-87.7182177619,POINT (-87.718217761866 41.873632212403)
1857922c6aa478f9ccd13af96aa36a7a4e5becde5e22e02f730f76fa003162b21917e53bf9e7579f7a7a6133970584093aee09704ddc4a4c0d43b57bc6c2b8c7,HZ406187,,08/25/2016 03:37:00 AM,35,NO CONTROLS,UNKNOWN,RAIN,"DARKNESS, LIGHTED ROAD",HEAD ON,NOT DIVIDED,2.0,STRAIGHT AND LEVEL,WET,NO DEFECTS,ON SCENE,INJURY AND / OR TOW DUE TO CRASH,,,Y,"OVER $1,500",08/25/2016 03:40:00 AM,DRIVING ON WRONG SIDE/WRONG WAY,DRIVING SKILLS/KNOWLEDGE/EXPERIENCE,6827,S,JEFFERY BLVD,331.0,,,,,,,2,NO INDICATION OF INJURY,0.0,0.0,0.0,0.0,0.0,3.0,0.0,3,5,8,41.7708021908,-87.5762793941,POINT (-87.576279394118 41.770802190821)
1f4eed51b9584acfd2f3242ffb861307255f4affe917e994dca8796796635826565d5841091070343f2b9c5bdc35523d03e7dcd4d78d647f724c5a834214c5ae,HZ413608,,08/30/2016 03:00:00 PM,30,NO CONTROLS,NO CONTROLS,CLEAR,DAYLIGHT,REAR END,NOT DIVIDED,,STRAIGHT AND LEVEL,DRY,NO DEFECTS,NOT ON SCENE (DESK REPORT),NO INJURY / DRIVE AWAY,,,,"OVER $1,500",08/30/2016 04:04:00 PM,NOT APPLICABLE,NOT APPLICABLE,6300,S,OAK PARK AVE,812.0,,,,,,,2,NO INDICATION OF INJURY,0.0,0.0,0.0,0.0,0.0,2.0,0.0,15,3,8,41.7774951709,-87.7911694748,POINT (-87.791169474792 41.777495170938)
72ee44bc78220654165e782b843c4837ddf4c929636304678217ac22334b17d775bf4a7839454c1444336507c788cc1fa2a3a25c3f60635ce20ddd953b466aac,JF436521,,10/16/2022 09:30:00 AM,30,NO CONTROLS,NO CONTROLS,CLEAR,DAYLIGHT,PARKED MOTOR VEHICLE,NOT DIVIDED,,STRAIGHT AND LEVEL,DRY,NO DEFECTS,ON SCENE,INJURY AND / OR TOW DUE TO CRASH,,,,"$501 - $1,500",10/16/2022 09:37:00 AM,PHYSICAL CONDITION OF DRIVER,UNABLE TO DETERMINE,13521,S,AVENUE M,433.0,,,,,,,2,"REPORTED, NOT EVIDENT",1.0,0.0,0.0,0.0,1.0,0.0,0.0,9,1,10,41.6493760678,-87.5373089056,POINT (-87.537308905648 41.649376067831)
516c8392349e4e349d1ae4bae189d40b69c716e43afe3c95871c652984ecf4c610af1c4b7dfdfd9ae0234a9d36528a2bdf7cebd7600e62a183d7cdbd4a21d4c5,JC238083,,04/25/2019 01:40:00 PM,15,TRAFFIC SIGNAL,UNKNOWN,CLEAR,DAYLIGHT,SIDESWIPE SAME DIRECTION,RAMP,,STRAIGHT AND LEVEL,DRY,NO DEFECTS,NOT ON SCENE (DESK REPORT),NO INJURY / DRIVE AWAY,,,,$500 OR LESS,04/25/2019 01:45:00 PM,UNABLE TO DETERMINE,UNABLE TO DETERMINE,1559,N,LAKE SHORE DR,1824.0,,,,,,,2,NO INDICATION OF INJURY,0.0,0.0,0.0,0.0,0.0,6.0,0.0,13,5,4,41.9111880523,-87.6261508121,POINT (-87.626150812083 41.911188052315)
3b02001aefc223909afd713cad75f481f396df315510cad7ebc3abd9d7a8117bc09006ca66468ada760e382c838b026a52b051e4dcb0aa851b747a2f97c31301,JC154678,,01/15/2019 11:30:00 PM,30,TRAFFIC SIGNAL,FUNCTIONING PROPERLY,CLEAR,"DARKNESS, LIGHTED ROAD",FIXED OBJECT,NOT DIVIDED,0.0,STRAIGHT AND LEVEL,DRY,"RUT, HOLES",NOT ON SCENE (DESK REPORT),NO INJURY / DRIVE AWAY,Y,,,"OVER $1,500",02/16/2019 01:00:00 PM,ROAD ENGINEERING/SURFACE/MARKING DEFECTS,NOT APPLICABLE,520,N,MC CLURG CT,1834.0,,,,,,,1,NO INDICATION OF INJURY,0.0,0.0,0.0,0.0,0.0,1.0,0.0,23,3,1,41.8918045084,-87.6178391771,POINT (-87.617839177121 41.891804508431)
660ee2f8d47ead0d25de185195cce261cfa49492f3f7e76aa04ea584dca7897aa5c57d07a281a0ba660e1b02a2f40bb46db1bf1c8409a7f0a467377962ab41af,JE297689,,07/11/2021 08:37:00 AM,15,UNKNOWN,UNKNOWN,RAIN,DAYLIGHT,REAR TO SIDE,PARKING LOT,,STRAIGHT AND LEVEL,WET,UNKNOWN,NOT ON SCENE (DESK REPORT),NO INJURY / DRIVE AWAY,,,,"$501 - $1,500",07/11/2021 09:30:00 AM,UNABLE TO DETERMINE,NOT APPLICABLE,4338,W,NORTH AVE,2534.0,,,,,,,2,NO INDICATION OF INJURY,0.0,0.0,0.0,0.0,0.0,3.0,0.0,8,1,7,41.9098808681,-87.7351582004,POINT (-87.735158200369 41.909880868056)
8fda262cd2605a3de0355270bd49a3fd7946b70df16984f45465ac717a216438fbdf8b6eca3919d6eb731fd55c0b1f10ef8cafb7d116090438144d977b6acd98,JE456346,,11/24/2021 11:30:00 PM,30,TRAFFIC SIGNAL,FUNCTIONING PROPERLY,RAIN,"DARKNESS, LIGHTED ROAD",PARKED MOTOR VEHICLE,DIVIDED - W/MEDIAN (NOT RAISED),,STRAIGHT AND LEVEL,WET,NO DEFECTS,ON SCENE,NO INJURY / DRIVE AWAY,,,,"OVER $1,500",11/25/2021 01:04:00 AM,PHYSICAL CONDITION OF DRIVER,PHYSICAL CONDITION OF DRIVER,11817,S,ASHLAND AVE,524.0,,,,,,,2,NO INDICATION OF INJURY,0.0,0.0,0.0,0.0,0.0,1.0,0.0,23,4,11,41.6788500799,-87.6612552947,POINT (-87.66125529467 41.678850079887)
23ab9efb43e1e8fa4780ba655d0dfb51133069d377a45ca4339b23656fe7fd69174565c71fe3bd734ba64524fcb76e99b94e4dd5070d6c13c6a1f029aee4d815,HY514373,,11/24/2015 07:30:00 PM,30,STOP SIGN/FLASHER,FUNCTIONING PROPERLY,CLEAR,"DARKNESS, LIGHTED ROAD",REAR END,NOT DIVIDED,4.0,STRAIGHT AND LEVEL,DRY,NO DEFECTS,NOT ON SCENE (DESK REPORT),NO INJURY / DRIVE AWAY,Y,,,"OVER $1,500",11/25/2015 10:10:00 AM,FOLLOWING TOO CLOSELY,DRIVING SKILLS/KNOWLEDGE/EXPERIENCE,2610,S,KEDZIE AVE,1032.0,,,,,,,2,NO INDICATION OF INJURY,0.0,0.0,0.0,0.0,0.0,4.0,0.0,19,3,11,41.8441411553,-87.7051787561,POINT (-87.705178756125 41.844141155327)
238e990c6eb0b63e3a2630c96703db6e54217d40da7a8197d52d52d8c306341893420011fc6b847b60dd9367c1b5853464bdd38003a1719c5cf7f1dc9455ed26,JF158586,,02/28/2022 12:00:00 PM,30,NO CONTROLS,NO CONTROLS,CLEAR,DAYLIGHT,PEDALCYCLIST,T-INTERSECTION,,STRAIGHT AND LEVEL,DRY,NO DEFECTS,ON SCENE,INJURY AND / OR TOW DUE TO CRASH,Y,,,$500 OR LESS,02/28/2022 12:00:00 PM,UNABLE TO DETERMINE,UNABLE TO DETERMINE,2079,N,CLYBOURN AVE,1811.0,,,,,,,2,NONINCAPACITATING INJURY,1.0,0.0,0.0,1.0,0.0,1.0,0.0,12,2,2,41.9193016422,-87.6609812816,POINT (-87.660981281557 41.919301642249)
5590930e0c8de54aff531280946aebabcdd5ce798a37bba57e348767963ab9972abc4995b39885f423f226e2898df17ffef38424e81ea9cabd20fa22fd10c9c3,JG362386,,07/30/2023 12:30:00 PM,20,NO CONTROLS,NO CONTROLS,UNKNOWN,UNKNOWN,PARKED MOTOR VEHICLE,NOT DIVIDED,,STRAIGHT AND LEVEL,UNKNOWN,UNKNOWN,NOT ON SCENE (DESK REPORT),NO INJURY / DRIVE AWAY,,,,"OVER $1,500",07/30/2023 05:30:00 PM,UNABLE TO DETERMINE,NOT APPLICABLE,3741,W,FULLERTON AVE,2525.0,,,,,,,2,NO INDICATION OF INJURY,0.0,0.0,0.0,0.0,0.0,1.0,0.0,12,1,7,41.924441971,-87.721111935,POINT (-87.721111934959 41.924441970981)
20ada6ce2cdf750424417c92f7161e5f7658b20884e2a35d48a5eb48f242963074d11f6d18cd0fda86490c294bcd6aca0c3c63ed9a281c4b96a60db93fc79923,JC265550,,05/16/2019 12:05:00 PM,30,NO CONTROLS,NO CONTROLS,RAIN,DAYLIGHT,PARKED MOTOR VEHICLE,DIVIDED - W/MEDIAN (NOT RAISED),,STRAIGHT AND LEVEL,WET,UNKNOWN,NOT ON SCENE (DESK REPORT),NO INJURY / DRIVE AWAY,,,,"$501 - $1,500",05/16/2019 03:00:00 PM,UNABLE TO DETERMINE,UNABLE TO DETERMINE,5708,S,WOODLAWN AVE,235.0,,,,,,,2,NO INDICATION OF INJURY,0.0,0.0,0.0,0.0,0.0,3.0,0.0,12,5,5,41.791127667,-87.5965962887,POINT (-87.59659628868 41.791127666963)
c38b26b22c28d39d223cdac003b3eef3256184cd01d29c2293ce0732ab4a0bd1bbbb4d652e5d00f97c97b52b9dcf121852fadff12ff58c4c1d731fe1c4400449,JG324406,,07/02/2023 02:14:00 AM,30,TRAFFIC SIGNAL,UNKNOWN,RAIN,"DARKNESS, LIGHTED ROAD",HEAD ON,FOUR WAY,,STRAIGHT AND LEVEL,WET,UNKNOWN,ON SCENE,INJURY AND / OR TOW DUE TO CRASH,Y,,,"OVER $1,500",07/02/2023 02:20:00 AM,UNABLE TO DETERMINE,UNABLE TO DETERMINE,116,W,CERMAK RD,131.0,,,,,,,2,NO INDICATION OF INJURY,0.0,0.0,0.0,0.0,0.0,6.0,0.0,2,1,7,41.8529870791,-87.6300266133,POINT (-87.630026613318 41.85298707906)
f7e55cf875943ec117c7a11e0f2cc18008d0e833c08296ff773b5853982a71584323348aeb942af41516cfa4d844e86519528ed95a9f231271545bc383a062eb,JE130381,,02/02/2021 02:20:00 PM,30,NO CONTROLS,NO CONTROLS,CLEAR,DAYLIGHT,TURNING,NOT DIVIDED,,STRAIGHT AND LEVEL,WET,WORN SURFACE,ON SCENE,INJURY AND / OR TOW DUE TO CRASH,Y,,,"OVER $1,500",02/02/2021 02:30:00 PM,UNABLE TO DETERMINE,UNABLE TO DETERMINE,4332,W,47TH ST,815.0,,,,,,,2,NO INDICATION OF INJURY,0.0,0.0,0.0,0.0,0.0,2.0,0.0,14,3,2,41.8078705062,-87.7322707954,POINT (-87.732270795357 41.807870506184)
0931b632859dfc73bb13d814c921ce2f77677c9a02eb7af80a1599d1226a6ae2ee6151f033cec39d0d274ea1860c3b71a70be1bb04020e297ef07c6a99bda2c9,JB167958,,02/27/2018 08:00:00 PM,35,NO CONTROLS,NO CONTROLS,CLEAR,DARKNESS,ANGLE,CENTER TURN LANE,5.0,STRAIGHT AND LEVEL,DRY,NO DEFECTS,NOT ON SCENE (DESK REPORT),NO INJURY / DRIVE AWAY,,,,"OVER $1,500",02/27/2018 09:39:00 PM,FAILING TO YIELD RIGHT-OF-WAY,NOT APPLICABLE,3145,N,CICERO AVE,2521.0,,,,,,,2,NO INDICATION OF INJURY,0.0,0.0,0.0,0.0,0.0,2.0,0.0,20,3,2,41.93837078,-87.7467225446,POINT (-87.746722544604 41.938370779982)
f4ecccd204f3ca3daa2ccb3323493e32bcb142796756e8e40f00558b01410f846f894b2db0cb80acaf10e64ac0abd89c069530e9b8bb992d565886e08825ec7d,JF124821,,01/26/2022 03:00:00 PM,30,TRAFFIC SIGNAL,FUNCTIONING PROPERLY,CLEAR,DAYLIGHT,SIDESWIPE SAME DIRECTION,DIVIDED - W/MEDIAN BARRIER,,STRAIGHT AND LEVEL,DRY,NO DEFECTS,NOT ON SCENE (DESK REPORT),NO INJURY / DRIVE AWAY,,,,"$501 - $1,500",01/26/2022 03:20:00 PM,UNABLE TO DETERMINE,UNABLE TO DETERMINE,5500,S,STATE ST,225.0,,,,,,,2,NO INDICATION OF INJURY,0.0,0.0,0.0,0.0,0.0,2.0,0.0,15,4,1,41.794225291,-87.6258360156,POINT (-87.625836015583 41.79422529104)