CRASH_RECORD_ID,RD_NO,CRASH_DATE_EST_I,CRASH_DATE,POSTED_SPEED_LIMIT,TRAFFIC_CONTROL_DEVICE,DEVICE_CONDITION,WEATHER_CONDITION,LIGHTING_CONDITION,FIRST_CRASH_TYPE,TRAFFICWAY_TYPE,LANE_CNT,ALIGNMENT,ROADWAY_SURFACE_COND,ROAD_DEFECT,REPORT_TYPE,CRASH_TYPE,INTERSECTION_RELATED_I,NOT_RIGHT_OF_WAY_I,HIT_AND_RUN_I,DAMAGE,DATE_POLICE_NOTIFIED,PRIM_CONTRIBUTORY_CAUSE,SEC_CONTRIBUTORY_CAUSE,STREET_NO,STREET_DIRECTION,STREET_NAME,BEAT_OF_OCCURRENCE,PHOTOS_TAKEN_I,STATEMENTS_TAKEN_I,DOORING_I,WORK_ZONE_I,WORK_ZONE_TYPE,WORKERS_PRESENT_I,NUM_UNITS,MOST_SEVERE_INJURY,INJURIES_TOTAL,INJURIES_FATAL,INJURIES_INCAPACITATING,INJURIES_NON_INCAPACITATING,INJURIES_REPORTED_NOT_EVIDENT,INJURIES_NO_INDICATION,INJURIES_UNKNOWN,CRASH_HOUR,CRASH_DAY_OF_WEEK,CRASH_MONTH,LATITUDE,LONGITUDE,LOCATION
9709215bd5099eea9cf4c45c4521dcb9257d0bf6024a0f3573e9d5bab17fdf1db05b6f6164c179900cea558f0fa80ba38cde5eddd2e36c7d64bcf789f9464865,JE297731,,07/11/2021 09:38:00 AM,30,NO CONTROLS,NO CONTROLS,RAIN,DAYLIGHT,REAR END,NOT DIVIDED,,STRAIGHT AND LEVEL,WET,UNKNOWN,NOT ON SCENE (DESK REPORT),NO INJURY / DRIVE AWAY,,,,"$501 - $1,500",07/11/2021 10:18:00 AM,UNABLE TO DETERMINE,NOT APPLICABLE,2700,S,CALIFORNIA BLVD,1034.0,,,,,,,2,NO INDICATION OF INJURY,0.0,0.0,0.0,0.0,0.0,2.0,0.0,9,1,7,41.8428589434,-87.6947541011,POINT (-87.69475410112 41.842858943383)
2da1a4047550a1f65362f42cd6f57a1c4d281355af3a30c7e321c8785eb2114eccf34ff4de5f5f3490a73bf3a8d81720426a7fee8d3f6f5a902b4340cefe230b,JB438390,,09/14/2018 08:00:00 PM,35,TRAFFIC SIGNAL,FUNCTIONING PROPERLY,CLEAR,DARKNESS,SIDESWIPE SAME DIRECTION,OTHER,,STRAIGHT AND LEVEL,DRY,NO DEFECTS,NOT ON SCENE (DESK REPORT),NO INJURY / DRIVE AWAY,Y,,N,"OVER $1,500",09/16/2018 08:16:00 PM,FOLLOWING TOO CLOSELY,NOT APPLICABLE,1004,N,LAKE SHORE DR,1824.0,,,,,,,2,NO INDICATION OF INJURY,0.0,0.0,0.0,0.0,0.0,2.0,0.0,20,6,9,41.9010606396,-87.6243688971,POINT (-87.624368897067 41.901060639573)
6576099cf5aeb8d3a6e3fc02c47d50b524c98f7e91019805b87848ebd5d9a4a2483e78c7d1d69a292ee8dea8e3338d19c42c6f91f1bd4844da624d53b0c5cf63,JA404096,,08/24/2017 10:00:00 AM,30,NO CONTROLS,NO CONTROLS,CLEAR,DAYLIGHT,PARKED MOTOR VEHICLE,PARKING LOT,,STRAIGHT AND LEVEL,DRY,NO DEFECTS,NOT ON SCENE (DESK REPORT),NO INJURY / DRIVE AWAY,,,Y,"OVER $1,500",08/24/2017 10:15:00 AM,DRIVING SKILLS/KNOWLEDGE/EXPERIENCE,NOT APPLICABLE,4931,S,ARCHER AVE,821.0,,,,,,,2,NO INDICATION OF INJURY,0.0,0.0,0.0,0.0,0.0,1.0,0.0,10,5,8,41.803548798,-87.7211916269,POINT (-87.721191626901 41.80354879802)
81644be6eaf3aec63e446dee948963341e70020ed36c9a94fa809c67a77d3ccd2f493e2fb4e11435f17999f23029546dd447c8d78104399fe58aceba3ffea0f7,JC145439,,02/08/2019 07:53:00 PM,30,NO CONTROLS,NO CONTROLS,CLEAR,"DARKNESS, LIGHTED ROAD",SIDESWIPE SAME DIRECTION,DIVIDED - W/MEDIAN (NOT RAISED),,STRAIGHT AND LEVEL,DRY,NO DEFECTS,NOT ON SCENE (DESK REPORT),NO INJURY / DRIVE AWAY,,,,"$501 - $1,500",02/08/2019 09:30:00 PM,IMPROPER LANE USAGE,NOT APPLICABLE,365,N,JEFFERSON ST,1214.0,,,,,,,2,NO INDICATION OF INJURY,0.0,0.0,0.0,0.0,0.0,2.0,0.0,19,6,2,41.8884778776,-87.6427227369,POINT (-87.642722736941 41.888477877571)
5cefba28a920922af4e23a33ecd20a37ce5d89029715e198277ea823f6ee98cb0c7a4a58b84b06ea497ed38ef1bceb4c197c99f09f5a33db16bff90fcc19500e,JE428422,,10/30/2021 11:45:00 AM,35,UNKNOWN,UNKNOWN,CLEAR,"DARKNESS, LIGHTED ROAD",HEAD ON,NOT DIVIDED,,STRAIGHT AND LEVEL,DRY,UNKNOWN,ON SCENE,INJURY AND / OR TOW DUE TO CRASH,,,Y,"OVER $1,500",10/30/2021 11:45:00 AM,UNABLE TO DETERMINE,NOT APPLICABLE,11600,S,MICHIGAN AVE,532.0,,,,,,,2,NONINCAPACITATING INJURY,1.0,0.0,0.0,1.0,0.0,1.0,0.0,11,7,10,41.6825099084,-87.6208034028,POINT (-87.620803402825 41.682509908434)
a48b189de0911b94ae85c68ec3bf6e74370851f7861e8e7f8d18cafa267db051d23b37e95c94b269cd64f5aba8c4f9508b078453d20f149b769fd014f90dcb0c,JC526646,,11/27/2019 02:42:00 PM,30,STOP SIGN/FLASHER,OTHER,CLEAR,DAYLIGHT,TURNING,NOT DIVIDED,,STRAIGHT AND LEVEL,DRY,NO DEFECTS,ON SCENE,NO INJURY / DRIVE AWAY,,,,"OVER $1,500",11/27/2019 02:46:00 PM,FAILING TO YIELD RIGHT-OF-WAY,UNABLE TO DETERMINE,5997,N,NAGLE AVE,1622.0,,,,,,,2,NO INDICATION OF INJURY,0.0,0.0,0.0,0.0,0.0,3.0,0.0,14,4,11,41.9900951967,-87.7874541787,POINT (-87.787454178685 41.990095196695)
84c1f24235f4a7cd62ad9e78c0b2305bda513040c4051af2045539b435f4004953f5e4d75937b11fb44300657c19cf2d3ab9a8940fdea1c4b0e9b12a84d4d437,JC255432,,05/08/2019 08:40:00 PM,35,STOP SIGN/FLASHER,NO CONTROLS,CLEAR,"DARKNESS, LIGHTED ROAD",PARKED MOTOR VEHICLE,NOT DIVIDED,,STRAIGHT AND LEVEL,DRY,NO DEFECTS,ON SCENE,NO INJURY / DRIVE AWAY,,,,"OVER $1,500",05/08/2019 08:45:00 PM,UNABLE TO DETERMINE,UNABLE TO DETERMINE,334,S,LARAMIE AVE,1522.0,,,,,,,2,NO INDICATION OF INJURY,0.0,0.0,0.0,0.0,0.0,1.0,0.0,20,4,5,41.8757051345,-87.7550385661,POINT (-87.755038566052 41.875705134471)
1559a73415bb87098c73b92e2a972ee0da2aecc9963d75200337dd869f5bf5f03c63060bbebc15dcb74e58caf831045b381b8a3ee330279d04a7ac438c7b9034,JC544807,,12/12/2019 10:00:00 PM,30,NO CONTROLS,NO CONTROLS,CLEAR,"DARKNESS, LIGHTED ROAD",PARKED MOTOR VEHICLE,ONE-WAY,,STRAIGHT AND LEVEL,DRY,NO DEFECTS,ON SCENE,INJURY AND / OR TOW DUE TO CRASH,,,Y,"OVER $1,500",12/12/2019 10:15:00 PM,NOT APPLICABLE,NOT APPLICABLE,6808,S,RIDGELAND AVE,332.0,,,,,,,2,NO INDICATION OF INJURY,0.0,0.0,0.0,0.0,0.0,1.0,0.0,22,5,12,41.7712177098,-87.5827338075,POINT (-87.582733807532 41.771217709754)
33c96a48bd6107e2eea0596dba9499fa7803ea7916c3a4dce23ee993d5a0c4993fe416e7bae547652f2217b97a2c6f29f909145f731ad02b8be397cf8af533b1,JC336028,,07/05/2019 02:35:00 PM,30,NO CONTROLS,NO CONTROLS,CLEAR,DAYLIGHT,TURNING,DIVIDED - W/MEDIAN (NOT RAISED),,STRAIGHT AND LEVEL,DRY,NO DEFECTS,NOT ON SCENE (DESK REPORT),NO INJURY / DRIVE AWAY,,,,"$501 - $1,500",07/05/2019 02:50:00 PM,UNABLE TO DETERMINE,UNABLE TO DETERMINE,5100,S,PULASKI RD,815.0,,,,,,,2,NO INDICATION OF INJURY,0.0,0.0,0.0,0.0,0.0,2.0,0.0,14,6,7,41.8005277021,-87.7235192748,POINT (-87.723519274799 41.80052770213)
cdf12cf85d85280b90c5fa8cc6857be48818b27a728bfdcac61d6add5635431ac94065dd1ba67591c5d969dbfeccbdb90035636fa722b3311b6ed4fa6839936a,JA484638,,10/24/2017 07:35:00 PM,30,TRAFFIC SIGNAL,FUNCTIONING PROPERLY,RAIN,"DARKNESS, LIGHTED ROAD",REAR END,NOT DIVIDED,2.0,STRAIGHT AND LEVEL,WET,NO DEFECTS,ON SCENE,NO INJURY / DRIVE AWAY,,,,"OVER $1,500",10/24/2017 07:40:00 PM,FOLLOWING TOO CLOSELY,NOT APPLICABLE,1223,W,99TH ST,2213.0,,,,,,,2,NO INDICATION OF INJURY,0.0,0.0,0.0,0.0,0.0,2.0,0.0,19,3,10,41.713967373,-87.6536471802,POINT (-87.653647180193 41.71396737295)
e2ad299979d1e8b7030a2f98e1cb085f67e687376389ee36970f775e061ccb9f88b6c639f827a4927a95a3d244502515f7169564c970daf1c752fc26bff58f40,JB152277,,02/14/2018 06:30:00 PM,30,NO CONTROLS,NO CONTROLS,CLEAR,"DARKNESS, LIGHTED ROAD",SIDESWIPE SAME DIRECTION,DIVIDED - W/MEDIAN BARRIER,2.0,STRAIGHT AND LEVEL,DRY,NO DEFECTS,NOT ON SCENE (DESK REPORT),NO INJURY / DRIVE AWAY,,,,"OVER $1,500",02/14/2018 07:00:00 PM,UNABLE TO DETERMINE,UNABLE TO DETERMINE,200,W,WACKER DR,122.0,,,,,,,2,NO INDICATION OF INJURY,0.0,0.0,0.0,0.0,0.0,2.0,0.0,18,4,2,41.8870408811,-87.6340425111,POINT (-87.634042511085 41.887040881068)
c70581dc264cc4f6ad622d2965d0e78291ccf944627007789de53dfd45160d8a450a474cb26d786b8f63ebc7a50e4c061f1ae139ee34c73ef9adc0a3862a651e,JC282685,,05/28/2019 09:00:00 PM,30,NO CONTROLS,NO CONTROLS,RAIN,"DARKNESS, LIGHTED ROAD",PARKED MOTOR VEHICLE,DIVIDED - W/MEDIAN (NOT RAISED),,STRAIGHT AND LEVEL,WET,NO DEFECTS,NOT ON SCENE (DESK REPORT),NO INJURY / DRIVE AWAY,,,Y,"OVER $1,500",05/28/2019 11:31:00 PM,WEATHER,NOT APPLICABLE,8239,W,IRVING PARK RD,1631.0,,,,,,,2,NO INDICATION OF INJURY,0.0,0.0,0.0,0.0,0.0,1.0,0.0,21,3,5,41.9520144696,-87.833337355,POINT (-87.833337354986 41.952014469581)
6009eea17d675e2ff14d490b901ede322caa643a83e269ff363d703eae231096b0f4ca657d7ad226008800dfc156a9034b45cc68a98c20b0d043708543c0b786,JF417958,,10/01/2022 01:42:00 PM,30,TRAFFIC SIGNAL,FUNCTIONING PROPERLY,CLEAR,DAYLIGHT,REAR END,DIVIDED - W/MEDIAN BARRIER,,STRAIGHT AND LEVEL,DRY,UNKNOWN,NOT ON SCENE (DESK REPORT),NO INJURY / DRIVE AWAY,Y,,,"OVER $1,500",10/01/2022 02:45:00 PM,UNABLE TO DETERMINE,UNABLE TO DETERMINE,3928,W,OGDEN AVE,1014.0,,,,,,,2,NO INDICATION OF INJURY,0.0,0.0,0.0,0.0,0.0,4.0,0.0,13,7,10,41.8516863393,-87.7235091864,POINT (-87.72350918638 41.851686339272)
86475b05d1d0c453408c43f30add714e9aa1484f9490f7ad446990df4ef0c783be979ca524c3762b4c33e0b48f8aa5dc1a0f3234f3636bc1b84044228a58e8c8,HZ467546,,10/09/2016 02:30:00 PM,30,NO CONTROLS,NO CONTROLS,CLEAR,DAYLIGHT,SIDESWIPE OPPOSITE DIRECTION,ALLEY,,STRAIGHT AND LEVEL,DRY,NO DEFECTS,NOT ON SCENE (DESK REPORT),NO INJURY / DRIVE AWAY,,,,"OVER $1,500",10/09/2016 04:00:00 PM,UNABLE TO DETERMINE,UNABLE TO DETERMINE,310,S,MICHIGAN AVE,113.0,,,,,,,2,NO INDICATION OF INJURY,0.0,0.0,0.0,0.0,0.0,2.0,0.0,14,1,10,41.877987807,-87.6244598007,POINT (-87.624459800703 41.87798780697)
c0db5701530dc79d12f9c108aea45378ea81616364fb338da87580dd219c540dfaa9479a4c0d7fc32504c6968ab1334717c819a0282c7498fd79587b2a926a85,JD387241,,10/03/2020 10:59:00 AM,30,TRAFFIC SIGNAL,FUNCTIONING PROPERLY,CLEAR,DAYLIGHT,ANGLE,FOUR WAY,,STRAIGHT AND LEVEL,DRY,NO DEFECTS,ON SCENE,INJURY AND / OR TOW DUE TO CRASH,Y,,Y,"OVER $1,500",10/03/2020 10:59:00 AM,DRIVING ON WRONG SIDE/WRONG WAY,FAILING TO REDUCE SPEED TO AVOID CRASH,801,W,95TH ST,2223.0,,,,,,,2,NO INDICATION OF INJURY,0.0,0.0,0.0,0.0,0.0,2.0,0.0,10,7,10,41.7213473676,-87.6432732128,POINT (-87.643273212798 41.721347367618)
2844bd5b2d62cff7440471e08320af87ef84e213b9a9e6c98018ad42a7b89c7461a631407e956d14b71e301d21dc54b77799fe696b8bd0d23a83ebd4e2b11d76,JD374792,,09/21/2020 04:36:00 PM,25,NO CONTROLS,NO CONTROLS,CLEAR,DAYLIGHT,HEAD ON,NOT DIVIDED,,STRAIGHT AND LEVEL,DRY,NO DEFECTS,NOT ON SCENE (DESK REPORT),NO INJURY / DRIVE AWAY,,,Y,"$501 - $1,500",09/21/2020 06:07:00 PM,NOT APPLICABLE,NOT APPLICABLE,2731,W,FLOURNOY ST,1135.0,,,,,,,2,NO INDICATION OF INJURY,0.0,0.0,0.0,0.0,0.0,2.0,0.0,16,2,9,41.8727834581,-87.694885993,POINT (-87.694885992974 41.872783458114)
86a82d4690bbf6badea9a07e20fd115f1819fd00892951d056e8793744115091e2cf0088be1b000e9806c49f6634cf079e1af53c085936f8dbf695c5277a6d20,JD454870,,12/10/2020 08:00:00 AM,30,STOP SIGN/FLASHER,FUNCTIONING PROPERLY,CLEAR,DAYLIGHT,ANGLE,FOUR WAY,,STRAIGHT AND LEVEL,DRY,NO DEFECTS,NOT ON SCENE (DESK REPORT),INJURY AND / OR TOW DUE TO CRASH,Y,,Y,"OVER $1,500",12/10/2020 08:01:00 AM,DISREGARDING STOP SIGN,DISREGARDING STOP SIGN,3333,N,LARAMIE AVE,1634.0,,,,,,,2,NO INDICATION OF INJURY,0.0,0.0,0.0,0.0,0.0,2.0,0.0,8,5,12,41.9415449428,-87.7566366097,POINT (-87.756636609707 41.941544942764)
100ffe3d2f316dee236f498e1660d1fdadb30297235cc96cd5e312bde95f3cdbdb2b5c93959accf7f189069c4ba2ad79e95f679724526a1f3cd6e99bec6887d9,JG162142,,02/22/2023 07:50:00 AM,30,STOP SIGN/FLASHER,FUNCTIONING PROPERLY,UNKNOWN,UNKNOWN,ANGLE,NOT DIVIDED,,STRAIGHT AND LEVEL,UNKNOWN,NO DEFECTS,NOT ON SCENE (DESK REPORT),NO INJURY / DRIVE AWAY,,,,"$501 - $1,500",02/22/2023 05:15:00 PM,UNABLE TO DETERMINE,NOT APPLICABLE,1340,S,DAMEN AVE,1233.0,,,,,,,2,NO INDICATION OF INJURY,0.0,0.0,0.0,0.0,0.0,2.0,0.0,7,4,2,41.8637343909,-87.67631269,POINT (-87.676312689993 41.863734390899)
69d8b8f4d2bb1507f57b87cd575ee7ac2bb017126e3973cd284b369a99613a67e605dc74644a1a19216232470bc77e977a4ecefcdb22be9fb8aef868011330eb,JE411529,,10/16/2021 09:30:00 AM,30,TRAFFIC SIGNAL,FUNCTIONING PROPERLY,CLEAR,DAYLIGHT,REAR END,NOT DIVIDED,,STRAIGHT AND LEVEL,DRY,NO DEFECTS,ON SCENE,NO INJURY / DRIVE AWAY,,,,$500 OR LESS,10/16/2021 09:35:00 AM,FOLLOWING TOO CLOSELY,FOLLOWING TOO CLOSELY,7199,N,CALDWELL AVE,1621.0,,,,,,,2,NO INDICATION OF INJURY,0.0,0.0,0.0,0.0,0.0,2.0,0.0,9,7,10,42.0119592767,-87.788516703,POINT (-87.788516703017 42.011959276669)
f8953ec8dcb49dcf29678277c43c32476a34747d59783a85ac44125073296a416f7f4541f105d4a2e45e12abc8e86a1d1e9ec884003a2cda79bcb0798c93acc4,JC163413,,02/23/2019 06:38:00 PM,30,NO CONTROLS,NO CONTROLS,RAIN,"DARKNESS, LIGHTED ROAD",PEDESTRIAN,DIVIDED - W/MEDIAN (NOT RAISED),2.0,STRAIGHT AND LEVEL,WET,NO DEFECTS,ON SCENE,INJURY AND / OR TOW DUE TO CRASH,,,,"OVER $1,500",02/23/2019 06:39:00 PM,UNABLE TO DETERMINE,NOT APPLICABLE,1623,N,CENTRAL AVE,2532.0,,,,,,,2,INCAPACITATING INJURY,1.0,0.0,1.0,0.0,0.0,4.0,0.0,18,7,2,41.9100777229,-87.7653919863,POINT (-87.765391986264 41.910077722949)
1a16dd24c28a13c360fb41a9357c7d757993488901bdb0e72123a6833e148c67db9ed9ada90055b78c3433ed98dd7f575f13869e11b062046efb007a8cbea0d7,JC172221,Y,03/03/2019 12:00:00 PM,30,NO CONTROLS,NO CONTROLS,CLEAR,DAYLIGHT,PARKED MOTOR VEHICLE,ONE-WAY,1.0,STRAIGHT AND LEVEL,DRY,NO DEFECTS,ON SCENE,NO INJURY / DRIVE AWAY,,,Y,$500 OR LESS,03/03/2019 12:20:00 PM,IMPROPER TURNING/NO SIGNAL,FAILING TO REDUCE SPEED TO AVOID CRASH,5505,S,MERRIMAC AVE,811.0,,,,,,,2,NO INDICATION OF INJURY,0.0,0.0,0.0,0.0,0.0,1.0,0.0,12,1,3,41.7922169167,-87.7780005105,POINT (-87.778000510533 41.792216916723)
3ec0ccf5056edce2f7345bc238d057659eccbf01cdac9f274a3a9df7975b101e85e3d921719b542303fec488a2c4399e644bd866436a00227c8f1cf65aca5e6b,JB481769,,10/19/2018 02:04:00 PM,35,TRAFFIC SIGNAL,FUNCTIONING PROPERLY,CLEAR,DAYLIGHT,REAR END,NOT DIVIDED,,STRAIGHT AND LEVEL,DRY,NO DEFECTS,ON SCENE,NO INJURY / DRIVE AWAY,,,,"OVER $1,500",10/19/2018 02:17:00 PM,FOLLOWING TOO CLOSELY,FAILING TO REDUCE SPEED TO AVOID CRASH,3811,W,103RD ST,2211.0,,,,,,,2,NO INDICATION OF INJURY,0.0,0.0,0.0,0.0,0.0,4.0,0.0,14,6,10,41.7058619406,-87.7164841922,POINT (-87.716484192214 41.705861940576)
74d8ec2b14695f45418de0dd8780d253ee0f26f132aaf96c9784ca5fa78425236ac7b7a5361079810dce70f077dc9c95073ae4d16133d5193b4b5bd41ad5f64f,JD135648,,01/31/2020 08:25:00 PM,25,TRAFFIC SIGNAL,FUNCTIONING IMPROPERLY,CLEAR,"DARKNESS, LIGHTED ROAD",REAR END,NOT DIVIDED,,STRAIGHT AND LEVEL,DRY,UNKNOWN,NOT ON SCENE (DESK REPORT),NO INJURY / DRIVE AWAY,Y,,,"OVER $1,500",01/31/2020 08:25:00 PM,FOLLOWING TOO CLOSELY,FOLLOWING TOO CLOSELY,4748,W,ADDISON ST,1731.0,,,,,,,3,NO INDICATION OF INJURY,0.0,0.0,0.0,0.0,0.0,3.0,0.0,20,6,1,41.9462434538,-87.7465126045,POINT (-87.746512604471 41.94624345384)
8ef0fa7944aa44dbee01b2d36289fa8655ebef1ee232ccd51657c68299c19d077cf95339160a0393dd3c3e6deb9199389d6e136c9fb246e48ed3438abae625fa,JC143318,,02/07/2019 09:11:00 AM,15,STOP SIGN/FLASHER,FUNCTIONING PROPERLY,RAIN,DAYLIGHT,SIDESWIPE SAME DIRECTION,RAMP,1.0,STRAIGHT ON GRADE,WET,NO DEFECTS,ON SCENE,INJURY AND / OR TOW DUE TO CRASH,Y,,,"OVER $1,500",02/07/2019 09:20:00 AM,IMPROPER OVERTAKING/PASSING,FAILING TO REDUCE SPEED TO AVOID CRASH,4213,N,KOSTNER AVE,1722.0,,,,,,,2,NO INDICATION OF INJURY,0.0,0.0,0.0,0.0,0.0,2.0,0.0,9,5,2,41.9576560236,-87.738132982,POINT (-87.738132982033 41.957656023585)
cc88c698ba61a7de61adccb8a65f5daf39b18200dca4acf6f80fc92f0e7d62184d7556e0c41fb117ecea55d00513669a274f32df0bf04d6253f44137495153a0,JA186110,,03/13/2017 08:30:00 PM,0,TRAFFIC SIGNAL,FUNCTIONING PROPERLY,SNOW,DARKNESS,REAR END,ONE-WAY,2.0,STRAIGHT AND LEVEL,SNOW OR SLUSH,UNKNOWN,NOT ON SCENE (DESK REPORT),NO INJURY / DRIVE AWAY,,,,"$501 - $1,500",03/13/2017 09:00:00 PM,UNABLE TO DETERMINE,UNABLE TO DETERMINE,36,S,LA SALLE ST,215.0,,,,,,,2,NO INDICATION OF INJURY,0.0,0.0,0.0,0.0,0.0,2.0,0.0,20,2,3,41.8809903841,-87.6324848429,POINT (-87.632484842916 41.880990384061)
ba020e30f039873e42cbb1bf04bb1f29a678cd0810319f884978b35945ba4e566952226b43dd615d9decfa50d7d1ca2e769d0ddc0afbbed2aa71ba4033772e65,JD452051,,12/07/2020 11:45:00 AM,30,TRAFFIC SIGNAL,FUNCTIONING PROPERLY,CLEAR,DAYLIGHT,REAR END,NOT DIVIDED,,STRAIGHT AND LEVEL,DRY,NO DEFECTS,NOT ON SCENE (DESK REPORT),NO INJURY / DRIVE AWAY,,,Y,"$501 - $1,500",12/07/2020 12:00:00 PM,DRIVING SKILLS/KNOWLEDGE/EXPERIENCE,NOT APPLICABLE,3557,N,ELSTON AVE,1733.0,,,,,,,2,NO INDICATION OF INJURY,0.0,0.0,0.0,0.0,0.0,2.0,0.0,11,2,12,41.9459714983,-87.707663684,POINT (-87.707663684045 41.945971498349)
99d59e5fc7823addb6d32feda72b590790dc2ff3a6f3d7d951d4686f8242d08ec79b23c418289fcf751a4de99c5e5f3c235196e2430d6065d4f4c5fd4b3f05c1,HZ214485,,04/03/2016 01:05:00 PM,10,STOP SIGN/FLASHER,FUNCTIONING PROPERLY,SNOW,DAYLIGHT,OTHER NONCOLLISION,NOT DIVIDED,2.0,STRAIGHT AND LEVEL,SNOW OR SLUSH,"RUT, HOLES",NOT ON SCENE (DESK REPORT),NO INJURY / DRIVE AWAY,,,,$500 OR LESS,04/05/2016 03:47:00 PM,ROAD CONSTRUCTION/MAINTENANCE,UNABLE TO DETERMINE,13100,S,INGLESIDE AVE,533.0,,,,,,,1,NO INDICATION OF INJURY,0.0,0.0,0.0,0.0,0.0,1.0,0.0,13,1,4,41.6572323889,-87.599540757,POINT (-87.599540756983 41.65723238886)
b313f7d708d0d4756be79c643eb75f6a34f49c94c17e7c9609e49a422710c6f3bb6831eaea05223d905703cac06d5f060f06e08883c45d7d59fa1fb2cc032db1,JD270374,N,05/30/2020 08:00:00 PM,30,TRAFFIC SIGNAL,UNKNOWN,CLEAR,DUSK,REAR END,FOUR WAY,,STRAIGHT AND LEVEL,UNKNOWN,UNKNOWN,NOT ON SCENE (DESK REPORT),INJURY AND / OR TOW DUE TO CRASH,Y,,Y,"OVER $1,500",06/20/2020 02:30:00 PM,NOT APPLICABLE,NOT APPLICABLE,7101,S,WENTWORTH AVE,731.0,,,,,,,2,NO INDICATION OF INJURY,0.0,0.0,0.0,0.0,0.0,2.0,0.0,20,7,5,41.7653464278,-87.6296214201,POINT (-87.629621420089 41.765346427762)
ca207325b0565e8056943e42e9f5b7653833bca62a56c7cfff2c2aac1bd49f3478425d07f7b8bc99cd4ed32fc9ac61aad2bc3fb94ceb5b5543f4b1811e61995c,JA563574,,12/26/2017 03:40:00 PM,30,TRAFFIC SIGNAL,FUNCTIONING PROPERLY,CLEAR,DAWN,TURNING,DIVIDED - W/MEDIAN (NOT RAISED),2.0,STRAIGHT AND LEVEL,UNKNOWN,UNKNOWN,ON SCENE,NO INJURY / DRIVE AWAY,Y,,Y,"$501 - $1,500",12/26/2017 03:40:00 PM,IMPROPER OVERTAKING/PASSING,IMPROPER LANE USAGE,1600,N,CALIFORNIA AVE,1421.0,,,,,,,2,NO INDICATION OF INJURY,0.0,0.0,0.0,0.0,0.0,4.0,0.0,15,3,12,41.9103151463,-87.697174719,POINT (-87.697174719012 41.910315146253)
65d95363490174951856e886355c8ede3d23b1a1a0be9fa0c95e0aee2a6970086b7c831d23dfcb52b1cfbca4f51bef6f3ba30c16ddfbe2bae679bec3f11f5bef,JD110159,,01/09/2020 06:28:00 PM,15,NO CONTROLS,NO CONTROLS,CLEAR,"DARKNESS, LIGHTED ROAD",REAR TO REAR,PARKING LOT,,STRAIGHT AND LEVEL,DRY,NO DEFECTS,ON SCENE,NO INJURY / DRIVE AWAY,,Y,,"$501 - $1,500",01/09/2020 06:30:00 PM,UNABLE TO DETERMINE,UNABLE TO DETERMINE,5838,S,PULASKI RD,813.0,,,,,,,2,NO INDICATION OF INJURY,0.0,0.0,0.0,0.0,0.0,3.0,0.0,18,5,1,41.7866084095,-87.7231300289,POINT (-87.723130028895 41.786608409502)
cb91891b0ddf02fbd58dbbf6cf7bf19b6b58a03a3497a7af68fdd02538e3ad32a5e6d9a4432998dbb05789b47836bdf75fd369ef1d214c02ea6047bbb50fc342,JA269999,,05/19/2017 12:36:00 AM,20,NO CONTROLS,NO CONTROLS,CLEAR,DARKNESS,PARKED MOTOR VEHICLE,NOT DIVIDED,1.0,STRAIGHT AND LEVEL,DRY,NO DEFECTS,ON SCENE,NO INJURY / DRIVE AWAY,,,Y,$500 OR LESS,05/19/2017 12:45:00 AM,UNABLE TO DETERMINE,UNABLE TO DETERMINE,23,S,MAYFIELD AVE,1513.0,,,,,,,2,NO INDICATION OF INJURY,0.0,0.0,0.0,0.0,0.0,1.0,0.0,0,6,5,41.8793962024,-87.7712205154,POINT (-87.77122051537 41.879396202404)
444067aff1e7778722d1745702eaffb53cbdbf10a969f29e87b5eda9c280c96e9a37bc9db7b6bb90c13745f9f97fe2cc2118887c970f7b0160ccd07824e4e0bb,JG130632,,01/26/2023 03:45:00 PM,30,NO CONTROLS,NO CONTROLS,SNOW,DAYLIGHT,TURNING,NOT DIVIDED,,STRAIGHT AND LEVEL,UNKNOWN,UNKNOWN,NOT ON SCENE (DESK REPORT),NO INJURY / DRIVE AWAY,,,,"OVER $1,500",01/26/2023 05:45:00 PM,FAILING TO YIELD RIGHT-OF-WAY,UNABLE TO DETERMINE,810,E,43RD ST,214.0,,,,,,,2,NO INDICATION OF INJURY,0.0,0.0,0.0,0.0,0.0,2.0,0.0,15,5,1,41.8169320566,-87.6062122722,POINT (-87.606212272203 41.81693205664)
365a999790004840596048ebe3a6d209e5f5bb0f2a35350d6b087aa262315a57f116cc10ef6dfab4524cc9f05d653c06da06d50f71792bbabd4c0ba06c79a3c4,JB221651,,04/12/2018 07:30:00 PM,30,TRAFFIC SIGNAL,FUNCTIONING PROPERLY,CLEAR,"DARKNESS, LIGHTED ROAD",REAR END,DIVIDED - W/MEDIAN BARRIER,,STRAIGHT AND LEVEL,DRY,NO DEFECTS,NOT ON SCENE (DESK REPORT),NO INJURY / DRIVE AWAY,,,,"OVER $1,500",04/12/2018 08:01:00 PM,FOLLOWING TOO CLOSELY,NOT APPLICABLE,1410,S,MUSEUM CAMPUS DR,132.0,,,,,,,2,NO INDICATION OF INJURY,0.0,0.0,0.0,0.0,0.0,2.0,0.0,19,5,4,41.862628294,-87.6150310941,POINT (-87.615031094113 41.862628294038)