CRASH_RECORD_ID,RD_NO,CRASH_DATE_EST_I,CRASH_DATE,POSTED_SPEED_LIMIT,TRAFFIC_CONTROL_DEVICE,DEVICE_CONDITION,WEATHER_CONDITION,LIGHTING_CONDITION,FIRST_CRASH_TYPE,TRAFFICWAY_TYPE,LANE_CNT,ALIGNMENT,ROADWAY_SURFACE_COND,ROAD_DEFECT,REPORT_TYPE,CRASH_TYPE,INTERSECTION_RELATED_I,NOT_RIGHT_OF_WAY_I,HIT_AND_RUN_I,DAMAGE,DATE_POLICE_NOTIFIED,PRIM_CONTRIBUTORY_CAUSE,SEC_CONTRIBUTORY_CAUSE,STREET_NO,STREET_DIRECTION,STREET_NAME,BEAT_OF_OCCURRENCE,PHOTOS_TAKEN_I,STATEMENTS_TAKEN_I,DOORING_I,WORK_ZONE_I,WORK_ZONE_TYPE,WORKERS_PRESENT_I,NUM_UNITS,MOST_SEVERE_INJURY,INJURIES_TOTAL,INJURIES_FATAL,INJURIES_INCAPACITATING,INJURIES_NON_INCAPACITATING,INJURIES_REPORTED_NOT_EVIDENT,INJURIES_NO_INDICATION,INJURIES_UNKNOWN,CRASH_HOUR,CRASH_DAY_OF_WEEK,CRASH_MONTH,LATITUDE,LONGITUDE,LOCATION
0ebeea60907b911d384cb3c8ae4fae74d09556920445fd8c5021fb6a3eb07fd5868e244110f0a985289ff1224362482142691a2027588ef3697b9ab9c6ddc12c,JG307688,Y,06/19/2023 09:10:00 AM,30,NO CONTROLS,NO CONTROLS,CLEAR,DAYLIGHT,PARKED MOTOR VEHICLE,DIVIDED - W/MEDIAN (NOT RAISED),,STRAIGHT AND LEVEL,DRY,NO DEFECTS,NOT ON SCENE (DESK REPORT),NO INJURY / DRIVE AWAY,,,Y,"OVER $1,500",06/19/2023 07:45:00 PM,NOT APPLICABLE,NOT APPLICABLE,3006,N,KEDZIE AVE,1412.0,,,,,,,2,NO INDICATION OF INJURY,0.0,0.0,0.0,0.0,0.0,1.0,0.0,9,2,6,41.9359559877,-87.707683036,POINT (-87.707683035996 41.93595598767)
61e9001a145328246684cbfb0605641c968fd647d9bed58cc90f793dec5b0893fc36c89b4bd05f7e090b1c3602a51099356bb57fd7a75f8a3ebf878c82f78993,JG260523,,05/14/2023 05:30:00 PM,30,NO CONTROLS,NO CONTROLS,RAIN,DAYLIGHT,ANGLE,FOUR WAY,,STRAIGHT AND LEVEL,WET,UNKNOWN,ON SCENE,INJURY AND / OR TOW DUE TO CRASH,Y,,,"OVER $1,500",05/14/2023 05:30:00 PM,FAILING TO REDUCE SPEED TO AVOID CRASH,WEATHER,3329,N,LARAMIE AVE,1634.0,,,,,,,2,NO INDICATION OF INJURY,0.0,0.0,0.0,0.0,0.0,2.0,0.0,17,1,5,41.9413949453,-87.7566315753,POINT (-87.756631575298 41.941394945322)
c00417f4b57b342e0b6e5e97ce4a4aa7bab3c7acd2554d01fae35fd827d3baf07d991c17053f3a134a9ba577332807499ffcfc037ba25610948fd9a146d4e7e1,JF377080,,08/31/2022 06:50:00 AM,40,STOP SIGN/FLASHER,FUNCTIONING PROPERLY,CLEAR,DAYLIGHT,ANGLE,DIVIDED - W/MEDIAN BARRIER,,STRAIGHT AND LEVEL,DRY,NO DEFECTS,ON SCENE,INJURY AND / OR TOW DUE TO CRASH,Y,,N,"OVER $1,500",08/31/2022 07:10:00 AM,UNABLE TO DETERMINE,UNABLE TO DETERMINE,8200,S,STONY ISLAND AVE,411.0,,,,,,,2,NONINCAPACITATING INJURY,2.0,0.0,0.0,2.0,0.0,2.0,0.0,6,4,8,41.7459282584,-87.5859949102,POINT (-87.585994910205 41.745928258449)
5fd9ebaed35c7cbdf946dae9faa5dc9dd455d63021d6e7eec0e1b31ac0b14075e350d518aecda8a0122749a14dc59f18a5d2f413246528ff76feb5b35ea9aa7d,JE438822,,11/08/2021 10:43:00 PM,30,NO CONTROLS,NO CONTROLS,CLEAR,"DARKNESS, LIGHTED ROAD",PARKED MOTOR VEHICLE,DIVIDED - W/MEDIAN BARRIER,,STRAIGHT AND LEVEL,DRY,NO DEFECTS,ON SCENE,INJURY AND / OR TOW DUE TO CRASH,,,Y,"OVER $1,500",11/08/2021 10:46:00 PM,UNABLE TO DETERMINE,UNABLE TO DETERMINE,140,S,HAMLIN BLVD,1122.0,,,,,,,2,NO INDICATION OF INJURY,0.0,0.0,0.0,0.0,0.0,3.0,0.0,22,2,11,41.8786178972,-87.7208160797,POINT (-87.720816079712 41.878617897169)
5e7282a7cf1517c1fbab7e353b453b442ee5ee17b7b9f7c606283dfe85ec3b8bd5d7fccddd39554899baf6944f686e8f9e1a14ff31fda811b6715fde8952d7a9,JE311349,N,07/23/2021 12:55:00 PM,30,STOP SIGN/FLASHER,FUNCTIONING PROPERLY,CLEAR,DAYLIGHT,ANGLE,FOUR WAY,,STRAIGHT AND LEVEL,DRY,NO DEFECTS,ON SCENE,INJURY AND / OR TOW DUE TO CRASH,Y,Y,,"OVER $1,500",07/23/2021 01:11:00 PM,DISREGARDING STOP SIGN,NOT APPLICABLE,1199,S,KILBOURN AVE,1131.0,N,N,,,,,2,FATAL,3.0,1.0,0.0,1.0,1.0,0.0,0.0,12,6,7,41.866049042,-87.7372611461,POINT (-87.737261146119 41.866049041965)
10eba3d46a260c4ec5abf17fabad817f03c4581388dc72eb4e9173e634c67aaadba090df81791122007ff2a919c2b1dd98dcbd5de63d58b5b18289e5b7c69b41,JD265795,,06/16/2020 10:59:00 AM,30,NO CONTROLS,NO CONTROLS,CLEAR,DAYLIGHT,ANGLE,ONE-WAY,,STRAIGHT AND LEVEL,DRY,NO DEFECTS,ON SCENE,INJURY AND / OR TOW DUE TO CRASH,,,,"OVER $1,500",06/16/2020 11:01:00 AM,FAILING TO YIELD RIGHT-OF-WAY,FAILING TO REDUCE SPEED TO AVOID CRASH,2010,N,FREMONT ST,1812.0,,,,,,,3,NO INDICATION OF INJURY,0.0,0.0,0.0,0.0,0.0,2.0,0.0,10,3,6,41.9185123824,-87.6510950928,POINT (-87.651095092843 41.918512382359)
1cfaff57012401a309a522a4c0a9edba6a27ad05537d890eed3c563e1593eeffd0e8fd3bf9d34f1379922a366d864c9134a10bfa0641efdc845275d67253a513,JE462701,,12/01/2021 04:30:00 PM,30,NO CONTROLS,NO CONTROLS,CLEAR,DUSK,REAR END,NOT DIVIDED,,STRAIGHT AND LEVEL,DRY,NO DEFECTS,NOT ON SCENE (DESK REPORT),NO INJURY / DRIVE AWAY,,,,"OVER $1,500",12/01/2021 05:30:00 PM,UNABLE TO DETERMINE,UNABLE TO DETERMINE,3899,W,MADISON ST,1122.0,,,,,,,2,NO INDICATION OF INJURY,0.0,0.0,0.0,0.0,0.0,2.0,0.0,16,4,12,41.8806490299,-87.7231247241,POINT (-87.723124724118 41.880649029868)
d10daa80e403e89ccde4d736372eb3c0b4bc97a1402674bdbbde1194d8b8ab89d9ae436af0f385abb2b94ce9428dfbc2a44cfd5f54cbbd1799a8692636ac9864,JC220129,,04/11/2019 10:20:00 AM,30,STOP SIGN/FLASHER,FUNCTIONING PROPERLY,CLEAR,DAYLIGHT,ANGLE,NOT DIVIDED,,STRAIGHT AND LEVEL,DRY,NO DEFECTS,ON SCENE,NO INJURY / DRIVE AWAY,Y,,,"OVER $1,500",04/11/2019 10:21:00 AM,FAILING TO YIELD RIGHT-OF-WAY,FAILING TO YIELD RIGHT-OF-WAY,727,N,WESTERN AVE,1221.0,,,,,,,2,NO INDICATION OF INJURY,0.0,0.0,0.0,0.0,0.0,2.0,0.0,10,5,4,41.8947846749,-87.6866702742,POINT (-87.686670274199 41.894784674894)
c04f7c203a060607827f1af657907ed9996368945ff8f859cf547b3a456cfd07a30dc731c7a1a45e10cfce3ec87b777236139f8c4dc5dfed288b8ceb4c7e7f06,JE340260,,08/17/2021 10:15:00 AM,30,TRAFFIC SIGNAL,FUNCTIONING PROPERLY,CLEAR,DAYLIGHT,TURNING,ONE-WAY,,STRAIGHT ON HILLCREST,DRY,UNKNOWN,NOT ON SCENE (DESK REPORT),NO INJURY / DRIVE AWAY,Y,,,"$501 - $1,500",08/17/2021 11:05:00 AM,IMPROPER LANE USAGE,FAILING TO YIELD RIGHT-OF-WAY,100,E,GRAND AVE,1834.0,,,,,,,2,NO INDICATION OF INJURY,0.0,0.0,0.0,0.0,0.0,6.0,0.0,10,3,8,41.8918234902,-87.6253177097,POINT (-87.625317709668 41.891823490173)
d0476953e3acaa730065692a60d8a8731e9692d9ac7e5a43ccea91704a6715073250731629c3ded2e8f2b78368d25396ad0aa7a94c4659e62eb355f91626c0b0,JG288802,,06/05/2023 10:45:00 AM,30,OTHER,OTHER,CLEAR,DAYLIGHT,ANGLE,DIVIDED - W/MEDIAN (NOT RAISED),,STRAIGHT AND LEVEL,DRY,NO DEFECTS,ON SCENE,NO INJURY / DRIVE AWAY,,,,"OVER $1,500",06/05/2023 10:51:00 AM,FAILING TO YIELD RIGHT-OF-WAY,"VISION OBSCURED (SIGNS, TREE LIMBS, BUILDINGS, ETC.)",6905,S,LAFAYETTE AVE,731.0,,,,,,,2,NO INDICATION OF INJURY,0.0,0.0,0.0,0.0,0.0,2.0,0.0,10,2,6,41.7689131337,-87.626524081,POINT (-87.626524080989 41.768913133654)
d52e91b0d7531e39f225f2799915f012d1626356b20b6700e0fdd86430fca602bfd8a52d3fd446c400ffa8607181f0fde13ad4354df8706acb0302142d562de0,JF514988,,12/18/2022 12:25:00 PM,15,TRAFFIC SIGNAL,FUNCTIONING PROPERLY,CLEAR,DAYLIGHT,SIDESWIPE OPPOSITE DIRECTION,FOUR WAY,,STRAIGHT AND LEVEL,DRY,NO DEFECTS,ON SCENE,NO INJURY / DRIVE AWAY,Y,,,"OVER $1,500",12/18/2022 12:25:00 PM,FAILING TO YIELD RIGHT-OF-WAY,NOT APPLICABLE,800,E,55TH ST,233.0,,,,,,,2,NO INDICATION OF INJURY,0.0,0.0,0.0,0.0,0.0,2.0,0.0,12,1,12,41.7950752068,-87.6060966093,POINT (-87.606096609283 41.795075206809)
6d88c537b61acbc339da4a1a58a4fe7412ac9b55003b3c9c3957f7eafcc79bff8420b65cb2ef0915f77a87f0015017a81ecf42d24c5f0daa09556acdff1fa746,JE268995,,06/17/2021 08:01:00 AM,30,UNKNOWN,UNKNOWN,CLEAR,DAYLIGHT,REAR END,NOT DIVIDED,,STRAIGHT AND LEVEL,DRY,UNKNOWN,ON SCENE,INJURY AND / OR TOW DUE TO CRASH,,,,"OVER $1,500",06/17/2021 08:26:00 AM,FAILING TO REDUCE SPEED TO AVOID CRASH,NOT APPLICABLE,6500,S,COTTAGE GROVE AVE,321.0,,,,,,,2,NO INDICATION OF INJURY,0.0,0.0,0.0,0.0,0.0,2.0,0.0,8,5,6,41.7766846147,-87.6059935789,POINT (-87.60599357891 41.776684614718)
abb3308b8cae14fe94109902efbd190b6c57bdc227c0096d4b44dc416ea591d8ba9c5e50494c6bf34a3c310d025e5841619fde7998d5fea75275ff1a6636c912,JE375468,,09/11/2021 12:39:00 AM,30,TRAFFIC SIGNAL,FUNCTIONING PROPERLY,CLEAR,"DARKNESS, LIGHTED ROAD",SIDESWIPE SAME DIRECTION,NOT DIVIDED,,STRAIGHT AND LEVEL,DRY,NO DEFECTS,NOT ON SCENE (DESK REPORT),INJURY AND / OR TOW DUE TO CRASH,,,Y,"OVER $1,500",09/16/2021 09:00:00 AM,IMPROPER OVERTAKING/PASSING,IMPROPER TURNING/NO SIGNAL,1400,W,79TH ST,612.0,,,,,,,3,NONINCAPACITATING INJURY,1.0,0.0,0.0,1.0,0.0,2.0,0.0,0,7,9,41.7505349813,-87.6586520623,POINT (-87.65865206229 41.750534981258)
eb56d138efbfe1694d5e85e7194e7f234344dfb333cf38215a2d2e035e85c61c9253651b88fdcb76c729585148d81c6336c0c022477146cd9b480e9dcc89a04e,JE199696,,04/14/2021 09:24:00 PM,30,NO CONTROLS,NO CONTROLS,CLEAR,"DARKNESS, LIGHTED ROAD",PARKED MOTOR VEHICLE,ONE-WAY,,STRAIGHT AND LEVEL,DRY,NO DEFECTS,NOT ON SCENE (DESK REPORT),NO INJURY / DRIVE AWAY,,,Y,"OVER $1,500",04/14/2021 10:25:00 PM,"OPERATING VEHICLE IN ERRATIC, RECKLESS, CARELESS, NEGLIGENT OR AGGRESSIVE MANNER",UNABLE TO DETERMINE,6614,S,LANGLEY AVE,321.0,,,,,,,2,NO INDICATION OF INJURY,0.0,0.0,0.0,0.0,0.0,1.0,0.0,21,4,4,41.7744299858,-87.6083997696,POINT (-87.608399769617 41.774429985793)
3f819de2f1fdf1eb6e0b26e75a76a01698f311e6bc64cc380262eb3cd83db8e467ae961fb8baf041038580c57d7ec9a094688ca05dd8098548c6740938b9f802,JA210789,,04/03/2017 08:06:00 AM,0,NO CONTROLS,NO CONTROLS,CLEAR,DAYLIGHT,FIXED OBJECT,ALLEY,1.0,STRAIGHT AND LEVEL,DRY,NO DEFECTS,NOT ON SCENE (DESK REPORT),NO INJURY / DRIVE AWAY,,,,"OVER $1,500",04/03/2017 12:15:00 PM,UNABLE TO DETERMINE,NOT APPLICABLE,6317,S,ELLIS AVE,314.0,,,,,,,1,NO INDICATION OF INJURY,0.0,0.0,0.0,0.0,0.0,1.0,0.0,8,2,4,41.7799456154,-87.6002987828,POINT (-87.600298782778 41.779945615427)
a588c3d597d2aac87bf284fd8d6688fafb2ee259a3a94a720785ea46efd3e3113ab81df5cd83f0c5b05c0a24501f4c3e77c8e4db8e0cc052107dee73085d30d0,JE304177,,07/17/2021 03:16:00 AM,30,STOP SIGN/FLASHER,FUNCTIONING PROPERLY,CLEAR,"DARKNESS, LIGHTED ROAD",ANGLE,FOUR WAY,,STRAIGHT AND LEVEL,DRY,NO DEFECTS,ON SCENE,INJURY AND / OR TOW DUE TO CRASH,N,,,"OVER $1,500",07/17/2021 03:16:00 AM,UNABLE TO DETERMINE,DRIVING SKILLS/KNOWLEDGE/EXPERIENCE,1800,W,CULLERTON ST,1234.0,,,,,,,2,NO INDICATION OF INJURY,0.0,0.0,0.0,0.0,0.0,2.0,0.0,3,7,7,41.8550994587,-87.671147426,POINT (-87.671147425981 41.855099458727)
25e6e00fa4528a4aeb9922c47a7ed15c5e78d13b3aeba027faefe21451b4f36e1d1ace975d42cff796a1e1d5da3eca1806dd54d2dd55100a0d07a99e88908e78,JC566028,,12/30/2019 11:15:00 PM,30,UNKNOWN,UNKNOWN,SNOW,"DARKNESS, LIGHTED ROAD",REAR END,NOT DIVIDED,,STRAIGHT AND LEVEL,SNOW OR SLUSH,UNKNOWN,ON SCENE,INJURY AND / OR TOW DUE TO CRASH,,,,"OVER $1,500",12/30/2019 11:21:00 PM,FOLLOWING TOO CLOSELY,FAILING TO REDUCE SPEED TO AVOID CRASH,7603,S,SOUTH CHICAGO AVE,411.0,Y,Y,,,,,3,"REPORTED, NOT EVIDENT",1.0,0.0,0.0,0.0,1.0,4.0,0.0,23,2,12,41.7568558348,-87.5928141734,POINT (-87.592814173444 41.756855834805)
e506defc8e61f594fc291cc825a328c1896280d19a7249fe4a9d3ffad8c45517b8ef4c007982ebcc9459abfac4912b4fcd1698ccb70457ec2b635ac7f21b0247,JE378307,,09/17/2021 06:00:00 PM,10,NO CONTROLS,NO CONTROLS,CLEAR,DAYLIGHT,PARKED MOTOR VEHICLE,PARKING LOT,,STRAIGHT AND LEVEL,DRY,NO DEFECTS,NOT ON SCENE (DESK REPORT),NO INJURY / DRIVE AWAY,,Y,Y,"OVER $1,500",09/18/2021 11:34:00 AM,UNABLE TO DETERMINE,UNABLE TO DETERMINE,220,E,ILLINOIS ST,1834.0,,,,,,,2,NO INDICATION OF INJURY,0.0,0.0,0.0,0.0,0.0,1.0,0.0,18,6,9,41.8910859417,-87.6217038119,POINT (-87.621703811899 41.891085941719)
ddfb62e24821bec757d8f24ae2d74a5fec9c795cc33ca7ee1af7115aa6f7fe18ef65d0d1530cae8c8697f02f75fbdc07d8199433f3321c380cbe425729d61c80,JF156816,,02/24/2022 07:30:00 PM,30,STOP SIGN/FLASHER,UNKNOWN,UNKNOWN,UNKNOWN,SIDESWIPE SAME DIRECTION,NOT DIVIDED,,STRAIGHT AND LEVEL,UNKNOWN,UNKNOWN,NOT ON SCENE (DESK REPORT),NO INJURY / DRIVE AWAY,Y,,Y,"OVER $1,500",02/26/2022 03:00:00 PM,UNABLE TO DETERMINE,NOT APPLICABLE,2815,W,79TH ST,835.0,,,,,,,2,NO INDICATION OF INJURY,0.0,0.0,0.0,0.0,0.0,2.0,0.0,19,5,2,41.7497264566,-87.6932733372,POINT (-87.693273337231 41.749726456621)
abbc179ee7259d8c3cec9253f1baa99414db90ded21f07f95c03cff70421e87f469f2f9a57cd3127da6baf9fb9b3d9727c0987f40e8f4b0031fe4be9981e61af,JF133056,,02/03/2022 03:35:00 PM,30,TRAFFIC SIGNAL,FUNCTIONING PROPERLY,CLEAR,DAYLIGHT,SIDESWIPE SAME DIRECTION,DIVIDED - W/MEDIAN (NOT RAISED),,STRAIGHT AND LEVEL,WET,UNKNOWN,NOT ON SCENE (DESK REPORT),NO INJURY / DRIVE AWAY,,,,"$501 - $1,500",02/03/2022 08:28:00 PM,UNABLE TO DETERMINE,UNABLE TO DETERMINE,3200,N,PULASKI RD,1731.0,,,,,,,2,NO INDICATION OF INJURY,0.0,0.0,0.0,0.0,0.0,2.0,0.0,15,5,2,41.9391381535,-87.7273337101,POINT (-87.727333710143 41.9391381535)
84100d4d621790e2b28e4405e9e28782a78dc448037e1471218deb0debe217d89ec7e90ef9d730e2e1cc065272fabd8fb981308cda39255dc4c6c08d7ad39ced,JG351636,Y,07/22/2023 01:55:00 PM,30,NO CONTROLS,NO CONTROLS,CLEAR,DAYLIGHT,REAR END,FOUR WAY,,STRAIGHT AND LEVEL,DRY,UNKNOWN,NOT ON SCENE (DESK REPORT),NO INJURY / DRIVE AWAY,Y,,Y,$500 OR LESS,07/22/2023 02:20:00 PM,UNABLE TO DETERMINE,UNABLE TO DETERMINE,35,W,107TH ST,513.0,,,,,,,2,NO INDICATION OF INJURY,0.0,0.0,0.0,0.0,0.0,2.0,0.0,13,7,7,41.6997460726,-87.624651455,POINT (-87.624651454957 41.69974607255)
c7db1e0ab30c37ab2eda4d3ecdfd41fd30969b66720d92f9d26b33ad8ba81a73feec63ae2d03df4b5dee8593a0c6bca59f4e5300093aea8d9fe816c224d6a70b,JG327549,,07/04/2023 02:55:00 PM,30,TRAFFIC SIGNAL,FUNCTIONING PROPERLY,CLEAR,DAYLIGHT,ANGLE,NOT DIVIDED,,STRAIGHT AND LEVEL,DRY,NO DEFECTS,ON SCENE,INJURY AND / OR TOW DUE TO CRASH,Y,,Y,"OVER $1,500",07/04/2023 02:56:00 PM,UNABLE TO DETERMINE,NOT APPLICABLE,100,N,CENTRAL AVE,1512.0,,,,,,,2,NONINCAPACITATING INJURY,1.0,0.0,0.0,1.0,0.0,1.0,0.0,14,3,7,41.8823392818,-87.7650780103,POINT (-87.765078010279 41.882339281817)
a0fae0437c86df04b9bca25169e174f87e51eab7d4dbcb83650efd9d94e2718aec51e2cfb6c5e962a7c9864b36cdc18a534a7547efc084bbeb6d452c1fe81f19,JF271048,,06/06/2022 12:25:00 PM,30,NO CONTROLS,NO CONTROLS,CLEAR,DAYLIGHT,PARKED MOTOR VEHICLE,OTHER,,STRAIGHT AND LEVEL,DRY,NO DEFECTS,NOT ON SCENE (DESK REPORT),NO INJURY / DRIVE AWAY,,,,"$501 - $1,500",06/07/2022 03:45:00 PM,FOLLOWING TOO CLOSELY,NOT APPLICABLE,3748,W,26TH ST,1013.0,,,,,,,2,NO INDICATION OF INJURY,0.0,0.0,0.0,0.0,0.0,1.0,0.0,12,2,6,41.8444305991,-87.7191920862,POINT (-87.719192086204 41.84443059913)
87b7ad741f4bca18b719dcdfa079a2f83b60e57b0e696299cf36a2bd6aaf3831d0047a6b9d7ada38475eb71418ae896f36fead14c345dd3190b1387f6e7f1e4d,HZ356834,,07/26/2016 06:20:00 PM,30,TRAFFIC SIGNAL,FUNCTIONING PROPERLY,CLEAR,DAYLIGHT,SIDESWIPE SAME DIRECTION,DIVIDED - W/MEDIAN (NOT RAISED),,STRAIGHT AND LEVEL,DRY,NO DEFECTS,NOT ON SCENE (DESK REPORT),NO INJURY / DRIVE AWAY,,,,"OVER $1,500",07/26/2016 07:55:00 PM,IMPROPER OVERTAKING/PASSING,NOT APPLICABLE,1,S,WACKER DR,122.0,,,,,,,2,NO INDICATION OF INJURY,0.0,0.0,0.0,0.0,0.0,2.0,0.0,18,3,7,41.8818862275,-87.6366183305,POINT (-87.63661833048 41.881886227462)
b63d0dd24f5d0011c22d88de645f955a516fa88b090885ce0bb21cdedab97dfbda92ec56ea4867b62febdf20dc0545b05cc842cb7bac6470b7aab6a37037cd4d,JC207913,,04/01/2019 04:00:00 PM,30,NO CONTROLS,NO CONTROLS,CLEAR,DAYLIGHT,REAR END,NOT DIVIDED,,STRAIGHT AND LEVEL,DRY,NO DEFECTS,NOT ON SCENE (DESK REPORT),NO INJURY / DRIVE AWAY,,,,"$501 - $1,500",04/01/2019 05:35:00 PM,FOLLOWING TOO CLOSELY,FAILING TO REDUCE SPEED TO AVOID CRASH,5831,W,NORTH AVE,2531.0,,,,,,,2,NO INDICATION OF INJURY,0.0,0.0,0.0,0.0,0.0,2.0,0.0,16,2,4,41.9091902672,-87.7719413908,POINT (-87.771941390834 41.909190267157)
1d3c41288f02cfa5223572ed623a52e6dde4b88532e79f4e974a9d86175ac7b44e5851a9fb178c8bcf83c46aa4fbe971d8875cdcf75781b6f4e87383cfa997c7,JF105927,,01/07/2022 01:29:00 PM,25,NO CONTROLS,NO CONTROLS,CLEAR,DAYLIGHT,FIXED OBJECT,NOT DIVIDED,,STRAIGHT AND LEVEL,DRY,NO DEFECTS,ON SCENE,NO INJURY / DRIVE AWAY,,,,"OVER $1,500",01/07/2022 01:30:00 PM,UNABLE TO DETERMINE,NOT APPLICABLE,1800,W,MONTROSE AVE,1912.0,,,,,,,1,NO INDICATION OF INJURY,0.0,0.0,0.0,0.0,0.0,1.0,0.0,13,6,1,41.9616269172,-87.6745592365,POINT (-87.6745592365 41.961626917209)
17932b45b63ac05a031b01c3dc6ca4ebe50ffdfb0e1870700ff0a0ae4cd046c9fe17b87b860bdd0cef3a81da6ea021f24762638e657b74ec489b6ef5c1851dfb,JG338250,,07/12/2023 03:00:00 PM,25,TRAFFIC SIGNAL,NO CONTROLS,CLEAR,DAYLIGHT,REAR END,NOT DIVIDED,,STRAIGHT AND LEVEL,WET,NO DEFECTS,NOT ON SCENE (DESK REPORT),NO INJURY / DRIVE AWAY,,,,"OVER $1,500",07/12/2023 05:13:00 PM,FAILING TO YIELD RIGHT-OF-WAY,UNABLE TO DETERMINE,4225,W,CERMAK RD,1013.0,,,,,,,2,NO INDICATION OF INJURY,0.0,0.0,0.0,0.0,0.0,2.0,0.0,15,4,7,41.8513525552,-87.730666533,POINT (-87.730666532979 41.851352555178)
4336f3df537c833f367a3cca12a8cbdc3bebe2f7bd25f6e5aedbb4fc39b493b01f63ed27679f7a34d4e698c8b931f41a17be0cb5cedaaad49f408d8d5b9ed347,JA351869,,07/17/2017 03:45:00 PM,30,NO CONTROLS,NO CONTROLS,CLEAR,DAYLIGHT,OTHER NONCOLLISION,NOT DIVIDED,2.0,STRAIGHT AND LEVEL,DRY,NO DEFECTS,ON SCENE,INJURY AND / OR TOW DUE TO CRASH,,,,"OVER $1,500",07/17/2017 03:46:00 PM,UNABLE TO DETERMINE,NOT APPLICABLE,5000,N,KIMBALL AVE,1712.0,,,,,,,1,"REPORTED, NOT EVIDENT",1.0,0.0,0.0,0.0,1.0,0.0,0.0,15,2,7,41.9721106242,-87.7136140626,POINT (-87.713614062552 41.972110624194)
68f03fdbb4b1cda28c3dc009227ec52e4c1714158bfdb6474403177b3eb975cc825f6f4ac54528636fbcb596bee1f44e4995aadb0a13f03bc107aa598bbd29bf,JE467121,,12/05/2021 04:50:00 PM,30,NO CONTROLS,NO CONTROLS,RAIN,"DARKNESS, LIGHTED ROAD",REAR END,DIVIDED - W/MEDIAN (NOT RAISED),,STRAIGHT AND LEVEL,WET,NO DEFECTS,NOT ON SCENE (DESK REPORT),NO INJURY / DRIVE AWAY,,,,"OVER $1,500",12/05/2021 05:15:00 PM,FOLLOWING TOO CLOSELY,NOT APPLICABLE,758,E,79TH ST,624.0,,,,,,,2,NO INDICATION OF INJURY,0.0,0.0,0.0,0.0,0.0,4.0,0.0,16,1,12,41.7513951194,-87.6052786482,POINT (-87.605278648185 41.751395119411)
351b54d986a32df774ce77962348aa537de93ae82f422da881fae8963fd674a499e55c4e4e8035f4d9fb3b0865bb68fbee134088fb10f0df43b91e11bbeb2d26,JD212480,,04/19/2020 03:15:00 PM,15,NO CONTROLS,NO CONTROLS,CLEAR,DAYLIGHT,ANGLE,PARKING LOT,,STRAIGHT ON GRADE,DRY,NO DEFECTS,NOT ON SCENE (DESK REPORT),NO INJURY / DRIVE AWAY,,Y,,"$501 - $1,500",04/19/2020 03:50:00 PM,IMPROPER BACKING,NOT APPLICABLE,805,W,111TH ST,2233.0,,,,,,,2,NO INDICATION OF INJURY,0.0,0.0,0.0,0.0,0.0,4.0,0.0,15,1,4,41.6922443662,-87.6426203779,POINT (-87.642620377854 41.692244366178)
3713e6589f8845fe1ed16ea6e947b370cf1a5cb5083f24a66a7f9f326bac0a5f4f931c9ca0c0f1d43a516f899f1b1673e6984130e862f0b3f4fab52ce012ad3f,JA504115,,10/30/2017 06:40:00 PM,30,TRAFFIC SIGNAL,FUNCTIONING PROPERLY,CLEAR,"DARKNESS, LIGHTED ROAD",REAR END,ONE-WAY,,STRAIGHT AND LEVEL,DRY,NO DEFECTS,NOT ON SCENE (DESK REPORT),NO INJURY / DRIVE AWAY,,,,"OVER $1,500",11/08/2017 05:14:00 PM,NOT APPLICABLE,NOT APPLICABLE,657,W,ROOSEVELT RD,1232.0,,,,,,,2,NO INDICATION OF INJURY,0.0,0.0,0.0,0.0,0.0,2.0,0.0,18,2,10,41.8670780226,-87.6444880856,POINT (-87.6444880856 41.867078022615)
9f1163a07f8ce67460d3885f7deabaf2fd6e1e8367b08a21c9a82302c3c978903d93c2e0b992b23cdf22465e8041289e16485d0e75595528bdbf1129752000f7,JC396640,,08/06/2019 02:54:00 PM,30,TRAFFIC SIGNAL,UNKNOWN,CLEAR,DAYLIGHT,REAR END,NOT DIVIDED,,STRAIGHT AND LEVEL,DRY,UNKNOWN,NOT ON SCENE (DESK REPORT),NO INJURY / DRIVE AWAY,,,Y,"OVER $1,500",08/17/2019 06:44:00 PM,UNABLE TO DETERMINE,UNABLE TO DETERMINE,1554,W,95TH ST,2221.0,,,,,,,3,NO INDICATION OF INJURY,0.0,0.0,0.0,0.0,0.0,4.0,0.0,14,3,8,41.7213269867,-87.6625336585,POINT (-87.66253365849 41.721326986728)
1bd6693c544625cb18f4303f9658b52760250637b14d18eb9d8aa6a3c6e93f18f04016eee4de358b3821c64b32283cd42473223c3a3e633b7edfc9363ad272d3,JG255435,,05/10/2023 02:15:00 PM,30,UNKNOWN,UNKNOWN,UNKNOWN,UNKNOWN,SIDESWIPE SAME DIRECTION,NOT DIVIDED,,STRAIGHT AND LEVEL,UNKNOWN,UNKNOWN,NOT ON SCENE (DESK REPORT),NO INJURY / DRIVE AWAY,,,,"OVER $1,500",05/10/2023 04:30:00 PM,IMPROPER LANE USAGE,UNABLE TO DETERMINE,1222,W,DIVISION ST,1433.0,,,,,,,2,NO INDICATION OF INJURY,0.0,0.0,0.0,0.0,0.0,2.0,0.0,14,4,5,41.9036073779,-87.6583139395,POINT (-87.658313939486 41.903607377943)
d8e0f331c7e8babffbe7ce5deccc1b227b0b2fd9e5fceb85be423bb6e623ddcd7fa9f1379a1f85f8ccfba1b33b3e3a298e4daea861361995918f04ace3276a13,JC376869,,08/03/2019 02:00:00 PM,50,NO CONTROLS,NO CONTROLS,CLEAR,DAYLIGHT,REAR END,OTHER,,STRAIGHT AND LEVEL,DRY,NO DEFECTS,NOT ON SCENE (DESK REPORT),NO INJURY / DRIVE AWAY,,,,"OVER $1,500",08/03/2019 03:14:00 PM,UNABLE TO DETERMINE,IMPROPER LANE USAGE,3100,S,LAKE SHORE DR SB,211.0,,,,,,,2,NO INDICATION OF INJURY,0.0,0.0,0.0,0.0,0.0,4.0,0.0,14,7,8,41.8383932992,-87.6087495204,POINT (-87.608749520406 41.838393299151)