CRASH_RECORD_ID,RD_NO,CRASH_DATE_EST_I,CRASH_DATE,POSTED_SPEED_LIMIT,TRAFFIC_CONTROL_DEVICE,DEVICE_CONDITION,WEATHER_CONDITION,LIGHTING_CONDITION,FIRST_CRASH_TYPE,TRAFFICWAY_TYPE,LANE_CNT,ALIGNMENT,ROADWAY_SURFACE_COND,ROAD_DEFECT,REPORT_TYPE,CRASH_TYPE,INTERSECTION_RELATED_I,NOT_RIGHT_OF_WAY_I,HIT_AND_RUN_I,DAMAGE,DATE_POLICE_NOTIFIED,PRIM_CONTRIBUTORY_CAUSE,SEC_CONTRIBUTORY_CAUSE,STREET_NO,STREET_DIRECTION,STREET_NAME,BEAT_OF_OCCURRENCE,PHOTOS_TAKEN_I,STATEMENTS_TAKEN_I,DOORING_I,WORK_ZONE_I,WORK_ZONE_TYPE,WORKERS_PRESENT_I,NUM_UNITS,MOST_SEVERE_INJURY,INJURIES_TOTAL,INJURIES_FATAL,INJURIES_INCAPACITATING,INJURIES_NON_INCAPACITATING,INJURIES_REPORTED_NOT_EVIDENT,INJURIES_NO_INDICATION,INJURIES_UNKNOWN,CRASH_HOUR,CRASH_DAY_OF_WEEK,CRASH_MONTH,LATITUDE,LONGITUDE,LOCATION
b036e79bdabe00211015509c7f58aeb5a612e4f78cd7f491b005381cae604cc1e1c529abbb8d4ace06a887d4c3d929b1b6755a40cb101790f123f63441add84d,JC473768,,10/15/2019 04:20:00 PM,30,NO CONTROLS,NO CONTROLS,RAIN,DAYLIGHT,TURNING,DIVIDED - W/MEDIAN (NOT RAISED),,STRAIGHT AND LEVEL,WET,NO DEFECTS,ON SCENE,INJURY AND / OR TOW DUE TO CRASH,,,,"OVER $1,500",10/15/2019 04:24:00 PM,FAILING TO YIELD RIGHT-OF-WAY,FAILING TO REDUCE SPEED TO AVOID CRASH,2420,N,PULASKI RD,2524.0,,,,,,,2,NONINCAPACITATING INJURY,1.0,0.0,0.0,1.0,0.0,1.0,0.0,16,3,10,41.9250899713,-87.7269362155,POINT (-87.726936215491 41.92508997135)
e8ccefae7501190a933cfce6ef346711e4f3249b717209aead225ad87c1b120d1d46f4cce9e80cc4b4dd357385bf9c77b6cc3fb5d38e67271614e7de3dceefa8,JF421648,,10/03/2022 06:40:00 PM,30,TRAFFIC SIGNAL,FUNCTIONING PROPERLY,CLEAR,UNKNOWN,REAR END,DIVIDED - W/MEDIAN (NOT RAISED),,STRAIGHT AND LEVEL,UNKNOWN,UNKNOWN,NOT ON SCENE (DESK REPORT),NO INJURY / DRIVE AWAY,,,,"OVER $1,500",10/04/2022 01:30:00 PM,UNABLE TO DETERMINE,NOT APPLICABLE,2759,N,CICERO AVE,2521.0,,,,,,,2,NO INDICATION OF INJURY,0.0,0.0,0.0,0.0,0.0,2.0,0.0,18,2,10,41.9314909676,-87.7464459494,POINT (-87.746445949379 41.931490967585)
4fd997dbb6c1434548075d0e73923da25c36ddcb93d703850d0909bce983ec172d84ed5d9e4436558945f500dec6c4299ca5bb4e70201cf1d1d753f1b1a25e59,JC419670,,09/04/2019 11:05:00 AM,30,STOP SIGN/FLASHER,FUNCTIONING PROPERLY,CLEAR,DAYLIGHT,ANGLE,NOT DIVIDED,,STRAIGHT AND LEVEL,DRY,NO DEFECTS,ON SCENE,INJURY AND / OR TOW DUE TO CRASH,Y,,,"OVER $1,500",09/04/2019 11:07:00 AM,UNABLE TO DETERMINE,NOT APPLICABLE,4600,W,WASHINGTON BLVD,1113.0,,,,,,,2,NONINCAPACITATING INJURY,1.0,0.0,0.0,1.0,0.0,1.0,0.0,11,4,9,41.8819844348,-87.7401630114,POINT (-87.740163011434 41.881984434835)
88cf51d58ec2bdbb0b179c5e8f70c4a8454567750ec9160f089796458884d4729621e9c51029b55f620d6b8419707fbb8c0918db8ee5b34c85e221aea587a0ef,JF156877,,02/26/2022 03:45:00 PM,30,TRAFFIC SIGNAL,FUNCTIONING PROPERLY,CLEAR,DAYLIGHT,REAR END,NOT DIVIDED,,STRAIGHT AND LEVEL,DRY,NO DEFECTS,ON SCENE,NO INJURY / DRIVE AWAY,,,Y,"OVER $1,500",02/26/2022 03:50:00 PM,UNABLE TO DETERMINE,UNABLE TO DETERMINE,1158,S,HOMAN AVE,1133.0,,,,,,,2,NO INDICATION OF INJURY,0.0,0.0,0.0,0.0,0.0,2.0,0.0,15,7,2,41.8663943832,-87.7106910323,POINT (-87.710691032326 41.866394383244)
dd819a6678392f847626b3ff428dcc5002c652073140633721b3be3fc9094fd2aff23d8344a2f4d42f4ee00483debb6eecd8f3e63557c8519597b82f2bbd99ce,JE342969,,08/19/2021 05:30:00 PM,30,STOP SIGN/FLASHER,FUNCTIONING PROPERLY,CLEAR,DAYLIGHT,REAR END,FOUR WAY,,STRAIGHT AND LEVEL,UNKNOWN,NO DEFECTS,NOT ON SCENE (DESK REPORT),NO INJURY / DRIVE AWAY,Y,,N,"OVER $1,500",08/19/2021 06:20:00 PM,FAILING TO REDUCE SPEED TO AVOID CRASH,UNABLE TO DETERMINE,5300,S,CALIFORNIA AVE,923.0,,Y,,,,,2,NO INDICATION OF INJURY,0.0,0.0,0.0,0.0,0.0,2.0,0.0,17,5,8,41.7972453501,-87.6940444095,POINT (-87.694044409543 41.797245350107)
e5c60beec45ee732a69c250583d35f952f70acc8e3c0df6a57d6d7e3c51a7b613559b62f211ccde2b30e0d54360ba8bf021a7018a7885463734a8c40f4f8fae2,JC261374,Y,05/13/2019 02:10:00 PM,30,TRAFFIC SIGNAL,FUNCTIONING PROPERLY,CLEAR,DAYLIGHT,TURNING,NOT DIVIDED,,STRAIGHT AND LEVEL,DRY,NO DEFECTS,NOT ON SCENE (DESK REPORT),NO INJURY / DRIVE AWAY,,,,"OVER $1,500",05/13/2019 02:35:00 PM,FAILING TO YIELD RIGHT-OF-WAY,IMPROPER TURNING/NO SIGNAL,1800,S,CLARK ST,131.0,,,,,,,2,NO INDICATION OF INJURY,0.0,0.0,0.0,0.0,0.0,4.0,0.0,14,2,5,41.8576920115,-87.6303712389,POINT (-87.630371238942 41.857692011499)
1a95e824b0e7b9c578c3968bff453d7a55b9df5b97e291114158ba38d81639b1f65a00e5286c02f7b4e7a6d32c391e967ed38c1aaa72521ab7f007889dcc42a5,JF292741,,06/24/2022 06:00:00 PM,30,TRAFFIC SIGNAL,FUNCTIONING PROPERLY,CLEAR,DAYLIGHT,REAR END,NOT DIVIDED,,STRAIGHT AND LEVEL,DRY,NO DEFECTS,NOT ON SCENE (DESK REPORT),NO INJURY / DRIVE AWAY,,,,"$501 - $1,500",06/24/2022 06:45:00 PM,IMPROPER OVERTAKING/PASSING,IMPROPER OVERTAKING/PASSING,501,S,CONGRESS PLAZA DR,114.0,,N,,,,,2,NO INDICATION OF INJURY,0.0,0.0,0.0,0.0,0.0,3.0,0.0,18,6,6,41.8756521215,-87.6231179183,POINT (-87.623117918284 41.875652121458)
d4decd9856cfb453058671b227492165956801e95f23640a9da3431b0caa5ad87ade3abef4b4150b0c868487ebcaf2dc953ab16fd2bfd2a7185372dda601064c,HZ537008,,12/01/2016 10:30:00 PM,20,STOP SIGN/FLASHER,FUNCTIONING PROPERLY,CLEAR,"DARKNESS, LIGHTED ROAD",ANGLE,ONE-WAY,1.0,STRAIGHT AND LEVEL,DRY,NO DEFECTS,NOT ON SCENE (DESK REPORT),NO INJURY / DRIVE AWAY,Y,,,"OVER $1,500",12/02/2016 12:09:00 PM,DISREGARDING STOP SIGN,NOT APPLICABLE,922,N,OAKLEY BLVD,1212.0,,,,,,,2,NO INDICATION OF INJURY,0.0,0.0,0.0,0.0,0.0,3.0,0.0,22,5,12,41.898399017,-87.6846123898,POINT (-87.684612389846 41.898399016964)
d1e44e77018f8dcc45514df547fc3f74b6ad3851adbf9cf78e846930ade974b0e8175b23d7ebe4a523631bc2fdab80893393b7ac50d0118101bcd45e3e5dfdc7,JC543419,,12/08/2019 01:00:00 PM,30,NO CONTROLS,NO CONTROLS,CLEAR,DAYLIGHT,PARKED MOTOR VEHICLE,NOT DIVIDED,,STRAIGHT AND LEVEL,DRY,NO DEFECTS,NOT ON SCENE (DESK REPORT),NO INJURY / DRIVE AWAY,,,Y,"$501 - $1,500",12/11/2019 07:15:00 PM,NOT APPLICABLE,NOT APPLICABLE,10699,S,STATE ST,512.0,,,,,,,2,NO INDICATION OF INJURY,0.0,0.0,0.0,0.0,0.0,1.0,0.0,13,1,12,41.6999191051,-87.623168664,POINT (-87.623168664011 41.699919105096)
79cbde5946407162b90947038aeb3fb71e89795c174e9274665ca3286f671820c822170b02ab25e494ba63e24bea2c2a563f187c6c7f399724396a4181f0e033,JE466705,,12/05/2021 08:45:00 AM,30,NO CONTROLS,NO CONTROLS,RAIN,DAYLIGHT,FIXED OBJECT,DIVIDED - W/MEDIAN BARRIER,,STRAIGHT AND LEVEL,WET,NO DEFECTS,ON SCENE,NO INJURY / DRIVE AWAY,,Y,Y,"OVER $1,500",12/05/2021 08:50:00 AM,UNABLE TO DETERMINE,NOT APPLICABLE,1237,W,95TH ST,2213.0,,,,,,,3,NO INDICATION OF INJURY,0.0,0.0,0.0,0.0,0.0,1.0,0.0,8,1,12,41.7212106574,-87.6544555981,POINT (-87.65445559812 41.721210657381)
eaaf82ed3f38c1e10b7300ed1224086bc9c2bff904d8993b740a90c31583ced29a8095b597fe92361741fb0ea48e45e3aa9c902a07dc1411bb44e369cf4502cb,JC462891,,10/07/2019 06:45:00 AM,30,TRAFFIC SIGNAL,FUNCTIONING PROPERLY,CLEAR,DAWN,SIDESWIPE SAME DIRECTION,ONE-WAY,,STRAIGHT AND LEVEL,DRY,NO DEFECTS,NOT ON SCENE (DESK REPORT),NO INJURY / DRIVE AWAY,,,,"OVER $1,500",10/07/2019 06:53:00 AM,IMPROPER LANE USAGE,NOT APPLICABLE,32,W,ERIE ST,1832.0,,,,,,,2,NO INDICATION OF INJURY,0.0,0.0,0.0,0.0,0.0,2.0,0.0,6,2,10,41.8941643867,-87.6294728043,POINT (-87.629472804279 41.894164386652)
80c5083a9bc163afd36d7619dfb6b6c810e93b27cf2e9a9455e7cef90d4936ab07354d1be4908b4e6a100e39e35737549aac7b5dd6d39879bcf3e2d4b8c6eaf8,JD171801,,03/02/2020 07:00:00 PM,30,TRAFFIC SIGNAL,FUNCTIONING PROPERLY,CLEAR,"DARKNESS, LIGHTED ROAD",TURNING,DIVIDED - W/MEDIAN (NOT RAISED),,STRAIGHT AND LEVEL,DRY,NO DEFECTS,NOT ON SCENE (DESK REPORT),NO INJURY / DRIVE AWAY,,,,"OVER $1,500",03/02/2020 07:30:00 PM,UNABLE TO DETERMINE,UNABLE TO DETERMINE,4000,W,ADDISON ST,1732.0,,,,,,,2,NO INDICATION OF INJURY,0.0,0.0,0.0,0.0,0.0,2.0,0.0,19,2,3,41.9464817787,-87.727494881,POINT (-87.727494880967 41.946481778729)
7b95566d9bc6331912f642279d026863349a56637528e5caf815f4d0a72f1ce6887f10c5abdabb93d718312b7e5408571a7c931858ba0024c978ef0fac26cdb5,JD325644,,08/08/2020 09:30:00 PM,20,NO CONTROLS,NO CONTROLS,CLEAR,"DARKNESS, LIGHTED ROAD",PARKED MOTOR VEHICLE,NOT DIVIDED,,STRAIGHT AND LEVEL,DRY,NO DEFECTS,ON SCENE,NO INJURY / DRIVE AWAY,,,Y,"OVER $1,500",08/08/2020 09:49:00 PM,UNABLE TO DETERMINE,NOT APPLICABLE,64,E,CEDAR ST,1824.0,,,,,,,3,NO INDICATION OF INJURY,0.0,0.0,0.0,0.0,0.0,1.0,0.0,21,7,8,41.9025219484,-87.6258693279,POINT (-87.625869327923 41.902521948409)
72d259918eec85be591d141faebb1168c8e97c601d6473791eceddbd687af79cf456067ad913a9531f7da272d672bdc15f1e21768a9cd63b52ace5c008bd2f86,JC515554,,11/18/2019 06:50:00 AM,30,TRAFFIC SIGNAL,FUNCTIONING PROPERLY,CLEAR,"DARKNESS, LIGHTED ROAD",REAR END,NOT DIVIDED,,STRAIGHT AND LEVEL,WET,NO DEFECTS,ON SCENE,NO INJURY / DRIVE AWAY,,,,"$501 - $1,500",11/18/2019 06:26:00 PM,NOT APPLICABLE,NOT APPLICABLE,1905,W,MONTROSE AVE,1912.0,,,,,,,2,NO INDICATION OF INJURY,0.0,0.0,0.0,0.0,0.0,3.0,0.0,6,2,11,41.9613816666,-87.6762398726,POINT (-87.676239872586 41.961381666617)
e721856d4fe81436a4acd5fd3c0301b10d455bf2b2bd785ee2f57e85fd8d81a297143293304a2f3fa9336ad90c5d0ed0afa0a8d315a479b90072528b2f1d4bd4,JE374493,,09/15/2021 01:00:00 PM,30,NO CONTROLS,NO CONTROLS,CLEAR,DAYLIGHT,PARKED MOTOR VEHICLE,NOT DIVIDED,,STRAIGHT AND LEVEL,DRY,NO DEFECTS,NOT ON SCENE (DESK REPORT),INJURY AND / OR TOW DUE TO CRASH,,,Y,"$501 - $1,500",09/15/2021 01:15:00 PM,UNABLE TO DETERMINE,UNABLE TO DETERMINE,1550,E,89TH ST,412.0,,,,,,,2,NO INDICATION OF INJURY,0.0,0.0,0.0,0.0,0.0,1.0,0.0,13,4,9,41.7333747125,-87.5859844723,POINT (-87.585984472301 41.733374712475)
09b4b7c8a957e2a7d115f23ef58e920dce8e2366d2e1bb62c9b7a7e559e7c8313780c9139aeb49cebf70329a30139361dfaab74045c6ec28040e6b4fd252e2a7,JA560773,,12/23/2017 01:00:00 PM,30,NO CONTROLS,NO CONTROLS,CLEAR,DAYLIGHT,PARKED MOTOR VEHICLE,NOT DIVIDED,2.0,STRAIGHT AND LEVEL,DRY,NO DEFECTS,NOT ON SCENE (DESK REPORT),INJURY AND / OR TOW DUE TO CRASH,,,,"OVER $1,500",12/23/2017 02:35:00 PM,DRIVING SKILLS/KNOWLEDGE/EXPERIENCE,UNABLE TO DETERMINE,8128,S,EBERHART AVE,631.0,,,,,,,2,NO INDICATION OF INJURY,0.0,0.0,0.0,0.0,0.0,1.0,0.0,13,7,12,41.7466155767,-87.6125230038,POINT (-87.612523003752 41.74661557669)
ed4deca40fb0520c946592531a0a121b82d4cb629f3fbbad6d62d0a3b73a734fe4a0cc3d8d094fe1a3565ed85d62ee4e5ebde152feab662d6f034ecf9117cfb0,JD259060,,06/09/2020 06:00:00 PM,35,NO CONTROLS,NO CONTROLS,RAIN,DAYLIGHT,FIXED OBJECT,DIVIDED - W/MEDIAN BARRIER,,STRAIGHT AND LEVEL,WET,NO DEFECTS,ON SCENE,INJURY AND / OR TOW DUE TO CRASH,,,,"OVER $1,500",06/09/2020 06:05:00 PM,WEATHER,EQUIPMENT - VEHICLE CONDITION,3100,S,LAKE SHORE DR NB,211.0,,,,,,,1,NO INDICATION OF INJURY,0.0,0.0,0.0,0.0,0.0,1.0,0.0,18,3,6,41.8383932992,-87.6087495204,POINT (-87.608749520406 41.838393299151)
eaf3b35c410f7ae6b8684e8d86e8320e93dd5eadcca63ad9642d2fe7aaf94ba889be5b765b01748842f4f9123dd73bbaa8b52664758003c1fef480422ba6f55c,JD395640,,10/11/2020 03:24:00 AM,35,UNKNOWN,UNKNOWN,CLEAR,"DARKNESS, LIGHTED ROAD",REAR END,NOT DIVIDED,,STRAIGHT AND LEVEL,DRY,NO DEFECTS,ON SCENE,NO INJURY / DRIVE AWAY,,,,"OVER $1,500",10/11/2020 03:49:00 AM,FAILING TO REDUCE SPEED TO AVOID CRASH,UNABLE TO DETERMINE,1159,N,KEDZIE AVE,1211.0,,,,,,,2,NO INDICATION OF INJURY,0.0,0.0,0.0,0.0,0.0,2.0,0.0,3,1,10,41.9027857301,-87.7066414144,POINT (-87.70664141436 41.902785730071)
47a51ddade12a3b49d096448b53cee96873bf7c822744b5d5713eb4aa9e669f9bcef41e14d848842b1dea90b4fcbccbc5460927303ee00bb461fc6619b91eaf6,JB170248,,02/27/2018 06:45:00 PM,30,STOP SIGN/FLASHER,FUNCTIONING PROPERLY,CLEAR,DUSK,ANGLE,NOT DIVIDED,,STRAIGHT AND LEVEL,DRY,NO DEFECTS,NOT ON SCENE (DESK REPORT),NO INJURY / DRIVE AWAY,,,,"OVER $1,500",03/01/2018 07:07:00 PM,NOT APPLICABLE,NOT APPLICABLE,5900,S,ARTESIAN AVE,824.0,,,,,,,2,NO INDICATION OF INJURY,0.0,0.0,0.0,0.0,0.0,3.0,0.0,18,3,2,41.7864516128,-87.6852015696,POINT (-87.685201569589 41.786451612814)
044f26c34cc27d80154955a5a4975a8349681c13ac32a2f799c9eb8b37b898cecebda98a6906a6f340b4ff74e231251b6ef0f3b1129c45ad31c00b01cf81442b,HY457386,,10/10/2015 06:00:00 PM,30,NO CONTROLS,NO CONTROLS,CLEAR,"DARKNESS, LIGHTED ROAD",PARKED MOTOR VEHICLE,ONE-WAY,1.0,STRAIGHT AND LEVEL,DRY,NO DEFECTS,NOT ON SCENE (DESK REPORT),NO INJURY / DRIVE AWAY,,,,"OVER $1,500",10/10/2015 11:50:00 PM,UNABLE TO DETERMINE,UNABLE TO DETERMINE,3427,N,HAMLIN AVE,1732.0,,,,,,,2,NO INDICATION OF INJURY,0.0,0.0,0.0,0.0,0.0,1.0,0.0,18,7,10,41.9436258458,-87.7222771398,POINT (-87.722277139759 41.943625845803)
2f5e8bf0fbbc0ab77dd760df08d336a253eae5145510d1f0ee2c51513bdee481a33005234942a50d0ba1f25a46cd818c7ae64d62058f983243b59e1ad1081aa2,JG264918,,05/18/2023 03:30:00 AM,30,NO CONTROLS,NO CONTROLS,CLEAR,"DARKNESS, LIGHTED ROAD",FIXED OBJECT,NOT DIVIDED,,STRAIGHT AND LEVEL,DRY,NO DEFECTS,ON SCENE,INJURY AND / OR TOW DUE TO CRASH,,,,"OVER $1,500",05/18/2023 03:36:00 AM,IMPROPER LANE USAGE,IMPROPER TURNING/NO SIGNAL,130,W,PERSHING RD,213.0,,,,,,,1,NO INDICATION OF INJURY,0.0,0.0,0.0,0.0,0.0,2.0,0.0,3,5,5,41.823781258,-87.6296638273,POINT (-87.629663827282 41.823781257986)
ee16c640048721d3cdfcf7fc2db529f0ced9bcd3505fcd1e8251d0c281f5d3193105d91eebb1304b61842edba038cca42a7e00898420a5390643f05b32acb013,JF313125,,07/11/2022 08:14:00 AM,30,TRAFFIC SIGNAL,FUNCTIONING PROPERLY,CLEAR,DAYLIGHT,TURNING,T-INTERSECTION,,STRAIGHT AND LEVEL,DRY,NO DEFECTS,ON SCENE,NO INJURY / DRIVE AWAY,Y,,Y,"OVER $1,500",07/11/2022 08:40:00 AM,DISREGARDING TRAFFIC SIGNALS,FAILING TO YIELD RIGHT-OF-WAY,500,S,SACRAMENTO BLVD,1134.0,,,,,,,2,NO INDICATION OF INJURY,0.0,0.0,0.0,0.0,0.0,2.0,0.0,8,2,7,,,
e97ab543a1f56f85c542acc1b68402037bd6079ca84001dd381f5d4d7f25526ab3c4d5b6aac6b613fbe0a88a904e9a71bccef5a63b8867a7bdb18c0942540ec3,JC129080,Y,01/25/2019 10:07:00 AM,30,NO CONTROLS,NO CONTROLS,CLEAR,DAYLIGHT,REAR END,NOT DIVIDED,2.0,STRAIGHT AND LEVEL,ICE,NO DEFECTS,ON SCENE,NO INJURY / DRIVE AWAY,,,,$500 OR LESS,01/25/2019 10:30:00 AM,UNABLE TO DETERMINE,UNABLE TO DETERMINE,5598,W,ROOSEVELT RD,1522.0,,,,,,,2,NO INDICATION OF INJURY,0.0,0.0,0.0,0.0,0.0,2.0,0.0,10,6,1,41.8657150393,-87.7641826135,POINT (-87.764182613481 41.865715039264)
c35c5c71c7cc527121d73f9ef93ea851ebe20711c0bc6a68ce40ffc328168a86bbcd96384ef0f16e2db8616946a71a5656f6090f63ed5a99210cad5a1099aba5,JG135856,,01/28/2023 09:37:00 PM,10,NO CONTROLS,NO CONTROLS,SNOW,"DARKNESS, LIGHTED ROAD",PARKED MOTOR VEHICLE,PARKING LOT,,STRAIGHT AND LEVEL,SNOW OR SLUSH,NO DEFECTS,NOT ON SCENE (DESK REPORT),NO INJURY / DRIVE AWAY,,Y,,"OVER $1,500",01/31/2023 12:20:00 PM,IMPROPER BACKING,NOT APPLICABLE,3407,N,HALSTED ST,1925.0,,,,,,,2,NO INDICATION OF INJURY,0.0,0.0,0.0,0.0,0.0,3.0,0.0,21,7,1,41.9438538522,-87.6492348023,POINT (-87.649234802285 41.943853852218)
da0fe714a7e818f96773a1e7bb2aeabbf1fe1491f730ac1d4268ae9874dbb5b4e4fa879c7b5dbfbf6d8d5fc407840ef1cb921944f78bff8ccba1553621f1a593,JB145226,,02/08/2018 09:00:00 AM,30,NO CONTROLS,NO CONTROLS,CLEAR,DAYLIGHT,TURNING,DIVIDED - W/MEDIAN (NOT RAISED),2.0,STRAIGHT AND LEVEL,DRY,NO DEFECTS,NOT ON SCENE (DESK REPORT),NO INJURY / DRIVE AWAY,Y,,,"OVER $1,500",02/08/2018 11:20:00 AM,IMPROPER OVERTAKING/PASSING,FOLLOWING TOO CLOSELY,1781,W,GRAND AVE,1215.0,,,,,,,2,NO INDICATION OF INJURY,0.0,0.0,0.0,0.0,0.0,3.0,0.0,9,5,2,41.8907944186,-87.6719782527,POINT (-87.671978252721 41.890794418598)
02f44aca3ff93f9b4351b9d937b52585baaa2ca2c46c3b1ed867108385644fb9981e80b41950326d80d665b871bab1cec37596777c6eb4ffaf8d4f576f6180bb,HY428205,,09/18/2015 08:30:00 AM,30,TRAFFIC SIGNAL,FUNCTIONING PROPERLY,CLEAR,DAYLIGHT,TURNING,DIVIDED - W/MEDIAN BARRIER,6.0,STRAIGHT AND LEVEL,DRY,NO DEFECTS,NOT ON SCENE (DESK REPORT),NO INJURY / DRIVE AWAY,,,,"$501 - $1,500",09/18/2015 11:20:00 AM,FAILING TO YIELD RIGHT-OF-WAY,NOT APPLICABLE,198,S,MICHIGAN AVE,112.0,,,,,,,2,NO INDICATION OF INJURY,0.0,0.0,0.0,0.0,0.0,2.0,0.0,8,6,9,41.8796169609,-87.624499957,POINT (-87.624499957019 41.879616960921)
7c33637e199da47a17a4e357a3fb487589cfc27e2fd9462db0fe42187c706a4e80c355f3c879920160cd3e6bc3c926bb7bb0f742bb61fca3a0a640d65ae480db,JA300988,,06/10/2017 03:00:00 PM,30,STOP SIGN/FLASHER,FUNCTIONING PROPERLY,CLEAR,DAYLIGHT,ANGLE,NOT DIVIDED,4.0,STRAIGHT AND LEVEL,DRY,NO DEFECTS,NOT ON SCENE (DESK REPORT),NO INJURY / DRIVE AWAY,Y,,Y,"$501 - $1,500",06/10/2017 04:15:00 PM,FAILING TO YIELD RIGHT-OF-WAY,NOT APPLICABLE,2132,N,CICERO AVE,2522.0,,,,,,,2,NO INDICATION OF INJURY,0.0,0.0,0.0,0.0,0.0,4.0,0.0,15,7,6,41.919773321,-87.7463395175,POINT (-87.746339517494 41.91977332096)
e6b1c6623d3b68aa5cbad7f817ad48233a9d2260d8e4f0864f3d6944be22e1736286ced1af559c7c4758f267895060309b54f01e9be4dabbff7207eef62dee3d,JG220491,,04/05/2023 09:15:00 PM,30,TRAFFIC SIGNAL,FUNCTIONING PROPERLY,CLEAR,DARKNESS,TURNING,"FIVE POINT, OR MORE",,STRAIGHT AND LEVEL,DRY,NO DEFECTS,NOT ON SCENE (DESK REPORT),NO INJURY / DRIVE AWAY,,,Y,"OVER $1,500",04/12/2023 01:50:00 PM,HAD BEEN DRINKING (USE WHEN ARREST IS NOT MADE),NOT APPLICABLE,1600,E,79TH ST,411.0,,,,,,,2,NO INDICATION OF INJURY,0.0,0.0,0.0,0.0,0.0,2.0,0.0,21,4,4,41.7516115233,-87.5855922843,POINT (-87.585592284288 41.751611523273)
62a7bc92c72cda1f995d8f24c94b36dbd4d05033284ad7beef53cb3f0a57cb5fa5b273143acea34002b22f05077ab89a2180e948a2e063e3709eafa0783166e4,JE364677,,09/07/2021 12:34:00 PM,30,TRAFFIC SIGNAL,FUNCTIONING PROPERLY,CLEAR,DAYLIGHT,TURNING,FOUR WAY,,STRAIGHT AND LEVEL,DRY,NO DEFECTS,ON SCENE,INJURY AND / OR TOW DUE TO CRASH,Y,,,"OVER $1,500",09/07/2021 12:35:00 PM,FAILING TO YIELD RIGHT-OF-WAY,DRIVING SKILLS/KNOWLEDGE/EXPERIENCE,3301,W,DEVON AVE,1711.0,,,,,,,3,INCAPACITATING INJURY,2.0,0.0,2.0,0.0,0.0,2.0,0.0,12,3,9,41.9972372887,-87.7117977826,POINT (-87.711797782623 41.997237288655)
a9725aa416ae1603f1db6eb33a52d502bf864275823eef442e50502c14487021e5d244e493d3d76b460ddefc3702c2b44b9e599bd9689c3765d19ff885af3226,JD157082,,02/19/2020 07:40:00 AM,30,TRAFFIC SIGNAL,FUNCTIONING PROPERLY,CLEAR,DAYLIGHT,SIDESWIPE SAME DIRECTION,DIVIDED - W/MEDIAN (NOT RAISED),,STRAIGHT AND LEVEL,DRY,UNKNOWN,,NO INJURY / DRIVE AWAY,,,,$500 OR LESS,02/19/2020 07:45:00 AM,UNABLE TO DETERMINE,UNABLE TO DETERMINE,4300,S,CICERO AVE,814.0,,,,,,,2,NO INDICATION OF INJURY,0.0,0.0,0.0,0.0,0.0,2.0,0.0,7,4,2,41.8148367504,-87.7435014806,POINT (-87.743501480634 41.81483675036)
3c7e38dba10a9f834e8d9ba7f1d8735b18f074577d841c21380fe1ed87bc557d50b0875c61b6613ed526389792d12962dbc94e5d49a535274e2ade598d2a36ca,JA506373,,11/10/2017 11:25:00 AM,30,NO CONTROLS,NO CONTROLS,SNOW,DAYLIGHT,PARKED MOTOR VEHICLE,NOT DIVIDED,2.0,STRAIGHT AND LEVEL,WET,NO DEFECTS,ON SCENE,INJURY AND / OR TOW DUE TO CRASH,,,,"OVER $1,500",11/10/2017 11:27:00 AM,FAILING TO REDUCE SPEED TO AVOID CRASH,EXCEEDING SAFE SPEED FOR CONDITIONS,3502,N,AUSTIN AVE,1633.0,,,,,,,2,NO INDICATION OF INJURY,0.0,0.0,0.0,0.0,0.0,1.0,0.0,11,6,11,41.9440445189,-87.776579273,POINT (-87.776579272998 41.944044518866)
01cad7fab7d2491478214f059bee22ba72618e594a661ed647a21933903b8e7eb09c3f6ffaad4a54650dac610fab62dac5b9818e98ec50541fd7f273c49f8bbe,JE291983,,07/06/2021 12:00:00 PM,30,NO CONTROLS,NO CONTROLS,CLEAR,DAYLIGHT,PARKED MOTOR VEHICLE,DIVIDED - W/MEDIAN (NOT RAISED),,STRAIGHT AND LEVEL,DRY,NO DEFECTS,ON SCENE,INJURY AND / OR TOW DUE TO CRASH,,,,"OVER $1,500",07/06/2021 12:01:00 PM,UNABLE TO DETERMINE,NOT APPLICABLE,2207,N,WESTERN AVE,1432.0,,,,,,,3,NONINCAPACITATING INJURY,1.0,0.0,0.0,1.0,0.0,0.0,0.0,12,3,7,41.9219454513,-87.6874025923,POINT (-87.687402592265 41.921945451305)
c553f6d79bea8c52b680e9dc688d8ed35a8e3cb1507cd00deacfdf4d88c4f56026e495de7714a40b3594e21406590e0e1e351b5099b6242c6f69f102d30b0c46,JE161339,,03/05/2021 11:40:00 PM,30,NO CONTROLS,NO CONTROLS,CLEAR,DARKNESS,PARKED MOTOR VEHICLE,NOT DIVIDED,,STRAIGHT AND LEVEL,DRY,NO DEFECTS,NOT ON SCENE (DESK REPORT),NO INJURY / DRIVE AWAY,,,Y,"$501 - $1,500",03/06/2021 09:18:00 PM,NOT APPLICABLE,NOT APPLICABLE,4857,S,WOLCOTT AVE,931.0,,,,,,,2,NO INDICATION OF INJURY,0.0,0.0,0.0,0.0,0.0,1.0,0.0,23,6,3,41.8050436325,-87.6720202175,POINT (-87.672020217514 41.805043632519)