CRASH_RECORD_ID,RD_NO,CRASH_DATE_EST_I,CRASH_DATE,POSTED_SPEED_LIMIT,TRAFFIC_CONTROL_DEVICE,DEVICE_CONDITION,WEATHER_CONDITION,LIGHTING_CONDITION,FIRST_CRASH_TYPE,TRAFFICWAY_TYPE,LANE_CNT,ALIGNMENT,ROADWAY_SURFACE_COND,ROAD_DEFECT,REPORT_TYPE,CRASH_TYPE,INTERSECTION_RELATED_I,NOT_RIGHT_OF_WAY_I,HIT_AND_RUN_I,DAMAGE,DATE_POLICE_NOTIFIED,PRIM_CONTRIBUTORY_CAUSE,SEC_CONTRIBUTORY_CAUSE,STREET_NO,STREET_DIRECTION,STREET_NAME,BEAT_OF_OCCURRENCE,PHOTOS_TAKEN_I,STATEMENTS_TAKEN_I,DOORING_I,WORK_ZONE_I,WORK_ZONE_TYPE,WORKERS_PRESENT_I,NUM_UNITS,MOST_SEVERE_INJURY,INJURIES_TOTAL,INJURIES_FATAL,INJURIES_INCAPACITATING,INJURIES_NON_INCAPACITATING,INJURIES_REPORTED_NOT_EVIDENT,INJURIES_NO_INDICATION,INJURIES_UNKNOWN,CRASH_HOUR,CRASH_DAY_OF_WEEK,CRASH_MONTH,LATITUDE,LONGITUDE,LOCATION
0238f22acc8d55fee19ba8b9b23b9d1c85dab760b406b085bb20d66621c715b8a11849ee3bfbc4335c4e5e744ff39d1769e98f036ce0b75ad340015404f0ce11,JD173757,,03/04/2020 01:50:00 PM,30,TRAFFIC SIGNAL,FUNCTIONING PROPERLY,CLEAR,DAYLIGHT,SIDESWIPE SAME DIRECTION,NOT DIVIDED,,STRAIGHT AND LEVEL,DRY,NO DEFECTS,,NO INJURY / DRIVE AWAY,,,Y,"OVER $1,500",03/04/2020 02:00:00 PM,UNABLE TO DETERMINE,UNABLE TO DETERMINE,5717,N,CALIFORNIA AVE,2011.0,,,,,,,2,NO INDICATION OF INJURY,0.0,0.0,0.0,0.0,0.0,3.0,0.0,13,4,3,41.9855175623,-87.6990894694,POINT (-87.699089469394 41.985517562273)
b8fa2c58f5cc32a60b253d39c7d8ad6523b87b37396eb69b3b3c975f56a62a631a8ad6ddc5a98c1d2c9bb79619b99eef6907608c7b0093cc11e350eb22856408,JG394860,,08/23/2023 06:14:00 PM,30,NO CONTROLS,NO CONTROLS,CLEAR,DAYLIGHT,PARKED MOTOR VEHICLE,NOT DIVIDED,,STRAIGHT AND LEVEL,DRY,NO DEFECTS,ON SCENE,INJURY AND / OR TOW DUE TO CRASH,,,Y,"OVER $1,500",08/23/2023 06:44:00 PM,IMPROPER LANE USAGE,UNABLE TO DETERMINE,2513,N,LARAMIE AVE,2521.0,,,,,,,3,NO INDICATION OF INJURY,0.0,0.0,0.0,0.0,0.0,1.0,0.0,18,4,8,41.9264205924,-87.7560839536,POINT (-87.756083953617 41.926420592412)
6f972a5dd7ad424d1dd301f571f2e8d46286f7685a6761e01ae4cd342c69d0ce951473a56d10fc5bef99cbde9608d148ae858992019639fd1758809bb789e0b4,JB457406,,09/30/2018 06:30:00 PM,15,NO CONTROLS,NO CONTROLS,CLEAR,DAYLIGHT,PARKED MOTOR VEHICLE,PARKING LOT,1.0,STRAIGHT AND LEVEL,DRY,UNKNOWN,NOT ON SCENE (DESK REPORT),NO INJURY / DRIVE AWAY,,Y,Y,"$501 - $1,500",09/30/2018 08:00:00 PM,UNABLE TO DETERMINE,UNABLE TO DETERMINE,2550,W,MADISON ST,1222.0,,,,,,,2,NO INDICATION OF INJURY,0.0,0.0,0.0,0.0,0.0,1.0,0.0,18,1,9,41.8812334237,-87.6903895862,POINT (-87.690389586208 41.881233423719)
03b1b4df87e3f8b15a7c96fbdfa4e6a7e86f7aad1c7c7662a57a68c8e67db33fa941550fba1df4e1440424a01861518746df55dbccd2d0dee3017d4ba6b045ee,HZ378767,,08/04/2016 11:30:00 PM,30,NO CONTROLS,NO CONTROLS,CLEAR,DAYLIGHT,SIDESWIPE SAME DIRECTION,NOT DIVIDED,2.0,STRAIGHT AND LEVEL,DRY,NO DEFECTS,NOT ON SCENE (DESK REPORT),NO INJURY / DRIVE AWAY,Y,,,"OVER $1,500",08/05/2016 12:30:00 AM,IMPROPER BACKING,UNABLE TO DETERMINE,3832,N,ELSTON AVE,1732.0,,,,,,,2,NO INDICATION OF INJURY,0.0,0.0,0.0,0.0,0.0,2.0,0.0,23,5,8,41.9509187942,-87.7153215812,POINT (-87.715321581246 41.950918794225)
b2098f6722afcc1029e692132ddbed8c72ab4098a97e629485f193ba6696aae66fc618fc119ce2ce9fe454e9a488e0efd0a9f703dc2ad7b4802d6bac04780eca,JD415378,,10/30/2020 12:30:00 PM,30,TRAFFIC SIGNAL,FUNCTIONING PROPERLY,CLEAR,DAYLIGHT,REAR END,NOT DIVIDED,,STRAIGHT AND LEVEL,DRY,NO DEFECTS,ON SCENE,INJURY AND / OR TOW DUE TO CRASH,,Y,,"OVER $1,500",10/30/2020 12:50:00 PM,UNABLE TO DETERMINE,UNABLE TO DETERMINE,4127,W,WASHINGTON BLVD,1115.0,,Y,,,,,2,NONINCAPACITATING INJURY,2.0,0.0,0.0,2.0,0.0,1.0,0.0,12,6,10,41.8818911699,-87.7292699545,POINT (-87.729269954452 41.881891169924)
1aa0342d91e83db0b5a1212e5e4a7b286527493f8109c77091f79e7e04471cc9a311562071594e36dad5111915c14389453f7d0f21afdf3fb2988d70c88b8d75,JC424912,,09/08/2019 03:00:00 PM,30,NO CONTROLS,NO CONTROLS,CLEAR,DAYLIGHT,REAR END,NOT DIVIDED,,STRAIGHT AND LEVEL,DRY,NO DEFECTS,NOT ON SCENE (DESK REPORT),NO INJURY / DRIVE AWAY,,,,"OVER $1,500",09/08/2019 03:10:00 PM,FOLLOWING TOO CLOSELY,NOT APPLICABLE,5524,W,DEVON AVE,1621.0,,,,,,,2,NO INDICATION OF INJURY,0.0,0.0,0.0,0.0,0.0,2.0,0.0,15,1,9,41.9974146214,-87.7666616914,POINT (-87.766661691409 41.99741462138)
f67cfec7fcc7f9909bc0adfa2817f1ad71b14a4e76c9a0d100bcb710c34e204f911cbf585808b9243c268b0105a70560aa8fd24009dd3c540923b8af27c7033b,HY483574,,10/31/2015 08:20:00 AM,20,NO CONTROLS,NO CONTROLS,RAIN,DAYLIGHT,PARKED MOTOR VEHICLE,NOT DIVIDED,2.0,STRAIGHT AND LEVEL,WET,NO DEFECTS,NOT ON SCENE (DESK REPORT),NO INJURY / DRIVE AWAY,,,,"$501 - $1,500",10/31/2015 12:50:00 PM,UNABLE TO DETERMINE,NOT APPLICABLE,1658,W,104TH ST,2212.0,,,,,,,2,NO INDICATION OF INJURY,0.0,0.0,0.0,0.0,0.0,1.0,0.0,8,7,10,41.7054152544,-87.6642489935,POINT (-87.664248993498 41.705415254421)
96009e19119441d12fc861a3b5f249c029de586189a7a36129e6d157868e1e00605bc6a831fb91a13df9e4efd4407c59f968bd4512be7e4641beaa907c81b0fa,JB325107,,06/27/2018 02:45:00 PM,30,NO CONTROLS,NO CONTROLS,CLEAR,DAYLIGHT,PARKED MOTOR VEHICLE,NOT DIVIDED,,STRAIGHT AND LEVEL,DRY,NO DEFECTS,NOT ON SCENE (DESK REPORT),NO INJURY / DRIVE AWAY,,,Y,$500 OR LESS,06/27/2018 04:25:00 PM,FOLLOWING TOO CLOSELY,NOT APPLICABLE,2896,S,ARCHER AVE,913.0,,,,,,,2,NO INDICATION OF INJURY,0.0,0.0,0.0,0.0,0.0,1.0,0.0,14,4,6,41.8419288365,-87.6576432621,POINT (-87.657643262117 41.841928836549)
cd7bdec486d4cbff68a8831a84bc4d3802f7ee77ae076a620e03641fa367bfeb563085f6a71adddadb6e9bd34d930ce53a0b064899f88f950480c12cda51b3ae,JA435215,,09/17/2017 02:15:00 PM,35,NO CONTROLS,NO CONTROLS,CLEAR,DAYLIGHT,TURNING,NOT DIVIDED,2.0,STRAIGHT AND LEVEL,DRY,NO DEFECTS,ON SCENE,INJURY AND / OR TOW DUE TO CRASH,Y,,,"OVER $1,500",09/17/2017 02:59:00 PM,FAILING TO YIELD RIGHT-OF-WAY,FAILING TO YIELD RIGHT-OF-WAY,5358,S,PULASKI RD,815.0,,,,,,,2,NO INDICATION OF INJURY,0.0,0.0,0.0,0.0,0.0,2.0,0.0,14,1,9,41.7951395437,-87.7233624082,POINT (-87.723362408186 41.795139543682)
e9596f56df988e5db2dda5c5a453fbf83f92d97bd7a59f0db6ee42a0fdd06799d0bcd27e90fd4d786945ba124598f291230b236a2925283a7be6a97fe3728258,JB522218,,11/19/2018 06:30:00 PM,30,NO CONTROLS,NO CONTROLS,CLEAR,"DARKNESS, LIGHTED ROAD",PARKED MOTOR VEHICLE,ONE-WAY,1.0,STRAIGHT AND LEVEL,DRY,UNKNOWN,NOT ON SCENE (DESK REPORT),NO INJURY / DRIVE AWAY,,,,"OVER $1,500",11/19/2018 07:10:00 PM,"OPERATING VEHICLE IN ERRATIC, RECKLESS, CARELESS, NEGLIGENT OR AGGRESSIVE MANNER",UNABLE TO DETERMINE,2354,N,CLIFTON AVE,1811.0,,,,,,,2,NO INDICATION OF INJURY,0.0,0.0,0.0,0.0,0.0,3.0,0.0,18,2,11,41.9251049198,-87.6573874508,POINT (-87.657387450829 41.925104919825)
83e5af94cf8526afb0a3b0dbede0459c99a7da9004dca1d738ed7ec5201f21cdd417fd40bcda1bedb9424ba4bf30a72aac261263ca2a2120ac4e07ff93505d05,JF106003,,01/07/2022 02:30:00 PM,30,NO CONTROLS,NO CONTROLS,CLEAR,DAYLIGHT,ANGLE,ONE-WAY,,STRAIGHT AND LEVEL,DRY,NO DEFECTS,NOT ON SCENE (DESK REPORT),NO INJURY / DRIVE AWAY,,,,"$501 - $1,500",01/07/2022 03:10:00 PM,FAILING TO YIELD RIGHT-OF-WAY,NOT APPLICABLE,5539,N,WINTHROP AVE,2023.0,,,,,,,2,NO INDICATION OF INJURY,0.0,0.0,0.0,0.0,0.0,2.0,0.0,14,6,1,41.9830046524,-87.6578508266,POINT (-87.657850826627 41.983004652393)
2ef1dbfc2a8a63495741eb665ddbd1980b337d40de1ea724469a14c9ffc4a39539360ff9771117525f228d56712031ee40cc89e8e05c2c594a999371cf30b6ff,JG321882,,06/30/2023 06:15:00 AM,25,OTHER,FUNCTIONING PROPERLY,CLOUDY/OVERCAST,DAYLIGHT,REAR END,DIVIDED - W/MEDIAN (NOT RAISED),,STRAIGHT ON GRADE,DRY,NO DEFECTS,NOT ON SCENE (DESK REPORT),NO INJURY / DRIVE AWAY,,,Y,"$501 - $1,500",06/30/2023 08:30:00 AM,IMPROPER TURNING/NO SIGNAL,FOLLOWING TOO CLOSELY,2451,W,CERMAK RD,1034.0,,,,,,,3,NO INDICATION OF INJURY,0.0,0.0,0.0,0.0,0.0,3.0,0.0,6,6,6,41.8519005567,-87.6877612013,POINT (-87.687761201326 41.851900556666)
fa1647b25bb86203138ddd10a5cee6ac6a607f2d640a68a0361abee5ac6281ffaa989118bdf2423ad9b5d120ba29c194a88e9c82486e97d99787f41d67bb2ff2,JA344982,,07/12/2017 01:15:00 PM,30,TRAFFIC SIGNAL,FUNCTIONING PROPERLY,RAIN,DAYLIGHT,TURNING,DIVIDED - W/MEDIAN BARRIER,6.0,STRAIGHT AND LEVEL,WET,NO DEFECTS,NOT ON SCENE (DESK REPORT),NO INJURY / DRIVE AWAY,Y,,Y,"$501 - $1,500",07/12/2017 02:15:00 PM,IMPROPER TURNING/NO SIGNAL,NOT APPLICABLE,645,N,MICHIGAN AVE,1834.0,,,,,,,2,NO INDICATION OF INJURY,0.0,0.0,0.0,0.0,0.0,3.0,0.0,13,4,7,41.893918609,-87.624085833,POINT (-87.624085832985 41.893918609004)
69e038ee435d94e8e91bab458be8f19b04946db0d1b1ccc9ee750aa460c9bd309f0cd4fcb997d149801c4e92564130d5ed95938f0e8185357a55832ad70e2665,JC534793,,12/04/2019 05:25:00 PM,30,NO CONTROLS,NO CONTROLS,CLEAR,"DARKNESS, LIGHTED ROAD",TURNING,NOT DIVIDED,,STRAIGHT AND LEVEL,DRY,NO DEFECTS,,NO INJURY / DRIVE AWAY,,,Y,"OVER $1,500",12/04/2019 06:05:00 PM,UNABLE TO DETERMINE,UNABLE TO DETERMINE,11719,S,HALSTED ST,524.0,,,,,,,2,NO INDICATION OF INJURY,0.0,0.0,0.0,0.0,0.0,2.0,0.0,17,4,12,41.6811599777,-87.641874523,POINT (-87.641874522993 41.681159977682)
8043e54c1fa5ff5aab4e52ef7b5910f9be3fe06b4ea867ce7e5ae691d79ee14b0310ced4645ae76fbbcbe8df3ef923535dbd09459419f0a065839c452f28713e,JF210560,,04/17/2022 10:20:00 AM,30,NO CONTROLS,NO CONTROLS,CLEAR,DAYLIGHT,REAR END,NOT DIVIDED,,STRAIGHT AND LEVEL,DRY,NO DEFECTS,ON SCENE,INJURY AND / OR TOW DUE TO CRASH,,,,"OVER $1,500",04/17/2022 10:21:00 AM,UNABLE TO DETERMINE,NOT APPLICABLE,3141,N,KIMBALL AVE,1412.0,,,,,,,4,NONINCAPACITATING INJURY,1.0,0.0,0.0,1.0,0.0,3.0,0.0,10,1,4,41.9386834137,-87.7123167114,POINT (-87.712316711424 41.938683413657)
2c334f22c85dbf2982a115bb48e0bd79cda888aa0060a5713071ad6da967d808b97b3cda24c0c713473b37e9300c5fc5a673b00f43ed9d8a3643bcbf04eaeaa4,HZ132399,,01/28/2016 08:45:00 AM,15,NO CONTROLS,NO CONTROLS,CLEAR,DAYLIGHT,SIDESWIPE OPPOSITE DIRECTION,ALLEY,1.0,STRAIGHT AND LEVEL,DRY,NO DEFECTS,NOT ON SCENE (DESK REPORT),NO INJURY / DRIVE AWAY,,,Y,$500 OR LESS,01/28/2016 09:05:00 PM,IMPROPER BACKING,IMPROPER BACKING,2021,N,LARAMIE AVE,2522.0,,,,,,,2,NO INDICATION OF INJURY,0.0,0.0,0.0,0.0,0.0,7.0,0.0,8,5,1,41.917555989,-87.7558115168,POINT (-87.755811516825 41.91755598904)
3e9ed17e9c4dfac11e8fda00fc156e1318e74bb077c0f5930a55829b7e4484fb749407f0e9097ca3868ef3790fbf7aeaeda554bb3e89a1a7ad99ed3660926ffe,JD432883,,11/16/2020 11:00:00 AM,15,NO CONTROLS,NO CONTROLS,CLEAR,DAYLIGHT,PARKED MOTOR VEHICLE,ONE-WAY,,STRAIGHT AND LEVEL,DRY,NO DEFECTS,NOT ON SCENE (DESK REPORT),NO INJURY / DRIVE AWAY,,,,$500 OR LESS,11/16/2020 12:00:00 PM,FOLLOWING TOO CLOSELY,NOT APPLICABLE,505,W,DEMING PL,1935.0,,,,,,,2,NO INDICATION OF INJURY,0.0,0.0,0.0,0.0,0.0,1.0,0.0,11,2,11,41.9283604065,-87.6424148468,POINT (-87.642414846802 41.928360406524)
5e82604d74beb29b645fe84be3e98f44450e306a2950eea7353196b44d5b8e611e7576e4570183034220a2c42d6c5a398a373d095928b59333db5000fcc84ca6,JE481161,,12/17/2021 02:20:00 PM,30,STOP SIGN/FLASHER,FUNCTIONING PROPERLY,CLEAR,DAYLIGHT,REAR TO REAR,FOUR WAY,,STRAIGHT AND LEVEL,DRY,NO DEFECTS,NOT ON SCENE (DESK REPORT),NO INJURY / DRIVE AWAY,Y,,,"OVER $1,500",12/17/2021 10:00:00 PM,IMPROPER BACKING,"OPERATING VEHICLE IN ERRATIC, RECKLESS, CARELESS, NEGLIGENT OR AGGRESSIVE MANNER",402,N,SANGAMON ST,1214.0,,,,,,,2,NO INDICATION OF INJURY,0.0,0.0,0.0,0.0,0.0,2.0,0.0,14,6,12,41.8891105403,-87.6512210105,POINT (-87.651221010471 41.889110540296)
41caad95529ec73c9d31dc31437ef287bcddd79a5b9fb13b80b20a931b9b1e1229623adb36302a618cb80091c86122183a0c5277640e56f8aa8e4d91f06eb457,JB186145,,03/14/2018 08:45:00 PM,20,STOP SIGN/FLASHER,FUNCTIONING PROPERLY,CLEAR,"DARKNESS, LIGHTED ROAD",REAR END,ONE-WAY,,STRAIGHT AND LEVEL,DRY,NO DEFECTS,ON SCENE,NO INJURY / DRIVE AWAY,,,,"$501 - $1,500",03/14/2018 08:47:00 PM,"OPERATING VEHICLE IN ERRATIC, RECKLESS, CARELESS, NEGLIGENT OR AGGRESSIVE MANNER",FOLLOWING TOO CLOSELY,6158,S,TROY ST,823.0,,,,,,,2,NO INDICATION OF INJURY,0.0,0.0,0.0,0.0,0.0,2.0,0.0,20,4,3,41.7808945723,-87.7021202437,POINT (-87.70212024369 41.780894572336)
fedc72fb61150a4474ca042a6a41336a0b6028c05c6aa32294bb491cb2aeb386fe94024f144964fbc7d0638ab2f53e8e87fafdb9bb0ec235ffaf0ac550196577,JE282160,,06/28/2021 09:30:00 AM,35,NO CONTROLS,NO CONTROLS,CLEAR,DAYLIGHT,ANGLE,NOT DIVIDED,,STRAIGHT AND LEVEL,DRY,NO DEFECTS,NOT ON SCENE (DESK REPORT),NO INJURY / DRIVE AWAY,,,,"$501 - $1,500",06/28/2021 10:01:00 AM,DISREGARDING TRAFFIC SIGNALS,NOT APPLICABLE,60,E,GRAND AVE,1834.0,,,,,,,2,NO INDICATION OF INJURY,0.0,0.0,0.0,0.0,0.0,2.0,0.0,9,2,6,41.8918143653,-87.6256852646,POINT (-87.625685264584 41.891814365281)
133a8adea5e1690994456f32f8bcce53284afe38716ee25e569da27bfd11d6cf38e3a6274e00d8eaf29291be3606a73f0b5e25859565ace426e3218bf96fc65a,JA546878,,12/12/2017 06:00:00 PM,30,TRAFFIC SIGNAL,FUNCTIONING PROPERLY,CLEAR,"DARKNESS, LIGHTED ROAD",REAR END,DIVIDED - W/MEDIAN (NOT RAISED),4.0,STRAIGHT AND LEVEL,DRY,NO DEFECTS,NOT ON SCENE (DESK REPORT),NO INJURY / DRIVE AWAY,Y,,,"$501 - $1,500",12/12/2017 07:30:00 PM,UNABLE TO DETERMINE,UNABLE TO DETERMINE,520,N,OGDEN AVE,1215.0,,,,,,,2,NO INDICATION OF INJURY,0.0,0.0,0.0,0.0,0.0,2.0,0.0,18,3,12,41.8917697782,-87.6586046142,POINT (-87.658604614249 41.891769778206)
7bf83878ca0acb17b088f0fb362747d63eaed28b1aeef606d92ada6c9eefffe7e91265cf7d7a55b5029dbaf1625079f641836042cad784cffa6b31e1ea5b0852,JE284880,N,06/30/2021 02:25:00 PM,30,NO CONTROLS,FUNCTIONING PROPERLY,RAIN,DAYLIGHT,REAR END,NOT DIVIDED,,STRAIGHT AND LEVEL,WET,NO DEFECTS,ON SCENE,INJURY AND / OR TOW DUE TO CRASH,,Y,,"OVER $1,500",06/30/2021 02:25:00 PM,UNABLE TO DETERMINE,UNABLE TO DETERMINE,1161,E,95TH ST,511.0,,,,,,,2,NONINCAPACITATING INJURY,2.0,0.0,0.0,2.0,0.0,0.0,0.0,14,4,6,41.7220856263,-87.5948551156,POINT (-87.594855115617 41.72208562629)
06f639d9abd1bdf104ad6dc1c5f2e871b591675a78bce2ca0c1c9be831e3df2acdbbb3c03a2a38c60edb12034f9b52cf438dd2f4f7cc34886bb19b1e336df638,JE152587,,02/26/2021 02:30:00 AM,30,NO CONTROLS,NO CONTROLS,CLEAR,"DARKNESS, LIGHTED ROAD",FIXED OBJECT,DIVIDED - W/MEDIAN BARRIER,,STRAIGHT AND LEVEL,ICE,NO DEFECTS,ON SCENE,INJURY AND / OR TOW DUE TO CRASH,,,,"OVER $1,500",02/26/2021 02:45:00 AM,UNABLE TO DETERMINE,UNABLE TO DETERMINE,7209,S,COTTAGE GROVE AVE,323.0,,,,,,,1,"REPORTED, NOT EVIDENT",1.0,0.0,0.0,0.0,1.0,1.0,0.0,2,6,2,41.7637507423,-87.6053766094,POINT (-87.60537660936 41.763750742349)
7f9beca90130ab01b09b061fef0fab951fbf748d344f0a837bf8fdf77ed79744fe9c113207eae35df7303cf828d847a3af9565d38035c1bd2fc152c7631c597e,JD320426,,08/04/2020 09:45:00 AM,30,NO CONTROLS,NO CONTROLS,CLEAR,DAYLIGHT,PARKED MOTOR VEHICLE,NOT DIVIDED,,STRAIGHT AND LEVEL,DRY,NO DEFECTS,NOT ON SCENE (DESK REPORT),NO INJURY / DRIVE AWAY,,,,"$501 - $1,500",08/04/2020 09:45:00 AM,DRIVING SKILLS/KNOWLEDGE/EXPERIENCE,DRIVING SKILLS/KNOWLEDGE/EXPERIENCE,652,E,90TH ST,633.0,Y,,,,,,2,NO INDICATION OF INJURY,0.0,0.0,0.0,0.0,0.0,1.0,0.0,9,3,8,41.7312456601,-87.6074635848,POINT (-87.607463584808 41.73124566014)
cdc499d3d399c6c23b0be1f4a656d01382dccd4e0cc119abc92343cd9195811c2cbcfc9614cdbac0539e4d87a96c67b57ce657608722813d55d9b28a63d5b30d,HY478634,,10/27/2015 02:25:00 PM,30,STOP SIGN/FLASHER,FUNCTIONING PROPERLY,RAIN,DAYLIGHT,TURNING,NOT DIVIDED,2.0,STRAIGHT AND LEVEL,WET,NO DEFECTS,NOT ON SCENE (DESK REPORT),NO INJURY / DRIVE AWAY,Y,,,"$501 - $1,500",10/27/2015 03:00:00 PM,UNABLE TO DETERMINE,UNABLE TO DETERMINE,1600,N,SEDGWICK ST,1813.0,,,,,,,2,NO INDICATION OF INJURY,0.0,0.0,0.0,0.0,0.0,2.0,0.0,14,3,10,41.9111602413,-87.638740951,POINT (-87.638740950988 41.911160241295)
59ad1afd77a63b5c5d1df75a81d995c6018877ae31f4d0972b9054ad30d42852020f83a9607cd8d6bcac07b19ca4ba833f456a732cb41dccfb224db99f22f748,HY538565,,12/15/2015 07:00:00 PM,30,TRAFFIC SIGNAL,FUNCTIONING PROPERLY,CLEAR,"DARKNESS, LIGHTED ROAD",REAR END,NOT DIVIDED,2.0,STRAIGHT AND LEVEL,DRY,NO DEFECTS,NOT ON SCENE (DESK REPORT),NO INJURY / DRIVE AWAY,Y,,Y,"OVER $1,500",12/15/2015 07:27:00 PM,FOLLOWING TOO CLOSELY,EXCEEDING AUTHORIZED SPEED LIMIT,4100,W,MADISON ST,1115.0,,,,,,,2,NO INDICATION OF INJURY,0.0,0.0,0.0,0.0,0.0,5.0,0.0,19,3,12,41.8808041582,-87.7282444217,POINT (-87.728244421697 41.880804158177)
13c0d6301a25bec67cc2f159087285d77c972822e39b24e60cc72e7002789fe4515a20005b84ec0b04049a806e72e1393a1bacbcf303735e8aec3e78cbbf4f17,JG157933,,02/19/2023 01:45:00 AM,30,NO CONTROLS,NO CONTROLS,CLEAR,"DARKNESS, LIGHTED ROAD",ANGLE,DRIVEWAY,,STRAIGHT AND LEVEL,DRY,NO DEFECTS,NOT ON SCENE (DESK REPORT),NO INJURY / DRIVE AWAY,,,Y,"OVER $1,500",02/19/2023 02:20:00 AM,"OPERATING VEHICLE IN ERRATIC, RECKLESS, CARELESS, NEGLIGENT OR AGGRESSIVE MANNER",NOT APPLICABLE,6,W,GRAND AVE,1831.0,,,,,,,2,NO INDICATION OF INJURY,0.0,0.0,0.0,0.0,0.0,2.0,0.0,1,1,2,41.8917725053,-87.6283166771,POINT (-87.628316677126 41.891772505349)
d2c4f95cb4a525afe49fddf5de325951f10e4e2052b4ffa49d27d7d0aa398b5ab36e77b7634b607ab0c38e1809b81a3823337610184b184d2b7c1192a1d50bed,JB135580,,01/30/2018 03:15:00 PM,30,NO CONTROLS,NO CONTROLS,CLEAR,DAYLIGHT,PARKED MOTOR VEHICLE,NOT DIVIDED,2.0,STRAIGHT AND LEVEL,DRY,UNKNOWN,NOT ON SCENE (DESK REPORT),NO INJURY / DRIVE AWAY,,,,$500 OR LESS,01/30/2018 06:55:00 PM,UNABLE TO DETERMINE,UNABLE TO DETERMINE,4520,N,WESTERN AVE,1911.0,,,,,,,2,NO INDICATION OF INJURY,0.0,0.0,0.0,0.0,0.0,1.0,0.0,15,3,1,41.9637992831,-87.6889030057,POINT (-87.688903005673 41.963799283139)
e4d973c60cc69a40c222a58d536b6ec7fc1c45ae395be4b4896432ff31d81dcf4f7e93160cc35028918f432625c794de54a6fe802236bd1ba15b359977f56df4,HZ371280,Y,07/30/2016 02:30:00 PM,25,NO CONTROLS,NO CONTROLS,CLEAR,DAYLIGHT,PARKED MOTOR VEHICLE,ONE-WAY,1.0,STRAIGHT AND LEVEL,DRY,NO DEFECTS,NOT ON SCENE (DESK REPORT),NO INJURY / DRIVE AWAY,,,Y,"OVER $1,500",07/30/2016 04:00:00 PM,UNABLE TO DETERMINE,NOT APPLICABLE,1549,W,NORTH SHORE AVE,2432.0,,,,,,,2,NO INDICATION OF INJURY,0.0,0.0,0.0,0.0,0.0,1.0,0.0,14,7,7,42.0034470956,-87.6700607972,POINT (-87.670060797195 42.003447095599)
cd6024804314b548397fcf93132800c0ca19a73a1e865cffd82b76e9949deedd471fea5740a89cc7c8ce8b882f5f8ea3b435d86f0522b4a0a6c6bd48e6785196,JC498572,,11/04/2019 04:01:00 PM,30,TRAFFIC SIGNAL,FUNCTIONING PROPERLY,CLEAR,DAYLIGHT,REAR END,DIVIDED - W/MEDIAN BARRIER,,STRAIGHT AND LEVEL,DRY,UNKNOWN,NOT ON SCENE (DESK REPORT),NO INJURY / DRIVE AWAY,Y,,,$500 OR LESS,11/04/2019 04:04:00 PM,FAILING TO REDUCE SPEED TO AVOID CRASH,NOT APPLICABLE,1602,W,GARFIELD BLVD,932.0,,,,,,,2,NO INDICATION OF INJURY,0.0,0.0,0.0,0.0,0.0,4.0,0.0,16,2,11,41.7941318845,-87.6647361125,POINT (-87.664736112543 41.794131884492)
068258bb09eb950b80aaa27d2358be3ce04727d38379a295bf113c94065201406fec60b564964f449c3190e17a7054b116d6c298dcc1fc2d8c1adae0781d88a1,JD146823,Y,02/10/2020 02:30:00 PM,30,NO CONTROLS,NO CONTROLS,CLEAR,DAYLIGHT,REAR END,NOT DIVIDED,,STRAIGHT AND LEVEL,DRY,NO DEFECTS,ON SCENE,INJURY AND / OR TOW DUE TO CRASH,,,Y,"$501 - $1,500",02/10/2020 02:34:00 PM,UNABLE TO DETERMINE,NOT APPLICABLE,5129,W,MONTROSE AVE,1624.0,,,,,,,2,INCAPACITATING INJURY,2.0,0.0,2.0,0.0,0.0,1.0,0.0,14,2,2,41.9605111337,-87.7556665928,POINT (-87.755666592843 41.960511133702)
a2c01daeee3bf49012b1e9a141bfa3154bd3ca7623e4560618392a1a02448aee1dd3491258164be47a43c3f033a6c4378f8b8b6f0abd2679a95199e3dda2f9e6,JD470071,,12/26/2020 01:30:00 PM,25,STOP SIGN/FLASHER,UNKNOWN,CLEAR,DAYLIGHT,TURNING,FOUR WAY,,STRAIGHT AND LEVEL,DRY,UNKNOWN,NOT ON SCENE (DESK REPORT),NO INJURY / DRIVE AWAY,Y,,,"$501 - $1,500",12/26/2020 04:20:00 PM,UNABLE TO DETERMINE,NOT APPLICABLE,4600,S,MOZART ST,922.0,,,,,,,2,NO INDICATION OF INJURY,0.0,0.0,0.0,0.0,0.0,3.0,0.0,13,7,12,41.8099845661,-87.6956269314,POINT (-87.695626931434 41.809984566147)
62ad9373a2b24007c504b4924508c57ab7a3b148cf9dd4c80a84d175626c15e6ee3b97fe209340b3f396300225903fce60b7de84df077df96fedd5d6eb3ec55e,JC267430,,05/17/2019 08:00:00 PM,30,TRAFFIC SIGNAL,FUNCTIONING PROPERLY,RAIN,DARKNESS,REAR END,ONE-WAY,,STRAIGHT AND LEVEL,WET,NO DEFECTS,NOT ON SCENE (DESK REPORT),NO INJURY / DRIVE AWAY,,,,$500 OR LESS,05/17/2019 08:03:00 PM,IMPROPER BACKING,NOT APPLICABLE,70,W,WASHINGTON ST,111.0,,,,,,,2,NO INDICATION OF INJURY,0.0,0.0,0.0,0.0,0.0,2.0,0.0,20,6,5,41.8833202155,-87.6304357082,POINT (-87.630435708183 41.883320215459)