CRASH_RECORD_ID,RD_NO,CRASH_DATE_EST_I,CRASH_DATE,POSTED_SPEED_LIMIT,TRAFFIC_CONTROL_DEVICE,DEVICE_CONDITION,WEATHER_CONDITION,LIGHTING_CONDITION,FIRST_CRASH_TYPE,TRAFFICWAY_TYPE,LANE_CNT,ALIGNMENT,ROADWAY_SURFACE_COND,ROAD_DEFECT,REPORT_TYPE,CRASH_TYPE,INTERSECTION_RELATED_I,NOT_RIGHT_OF_WAY_I,HIT_AND_RUN_I,DAMAGE,DATE_POLICE_NOTIFIED,PRIM_CONTRIBUTORY_CAUSE,SEC_CONTRIBUTORY_CAUSE,STREET_NO,STREET_DIRECTION,STREET_NAME,BEAT_OF_OCCURRENCE,PHOTOS_TAKEN_I,STATEMENTS_TAKEN_I,DOORING_I,WORK_ZONE_I,WORK_ZONE_TYPE,WORKERS_PRESENT_I,NUM_UNITS,MOST_SEVERE_INJURY,INJURIES_TOTAL,INJURIES_FATAL,INJURIES_INCAPACITATING,INJURIES_NON_INCAPACITATING,INJURIES_REPORTED_NOT_EVIDENT,INJURIES_NO_INDICATION,INJURIES_UNKNOWN,CRASH_HOUR,CRASH_DAY_OF_WEEK,CRASH_MONTH,LATITUDE,LONGITUDE,LOCATION
4895738974df38fafc0df4358524f0fd802a148779835b2bf11bce17a30c32a6f9eeec1a767bebd14713211eea7990adce9f324212c4b8a753678655dee53c88,JG415659,,09/07/2023 11:36:00 PM,30,TRAFFIC SIGNAL,FUNCTIONING PROPERLY,CLEAR,DARKNESS,PEDALCYCLIST,FOUR WAY,,STRAIGHT AND LEVEL,DRY,NO DEFECTS,ON SCENE,NO INJURY / DRIVE AWAY,,,,$500 OR LESS,09/07/2023 11:36:00 PM,DISREGARDING OTHER TRAFFIC SIGNS,BICYCLE ADVANCING LEGALLY ON RED LIGHT,3898,S,DR MARTIN LUTHER KING JR DR,212.0,,,,,,,2,NO INDICATION OF INJURY,0.0,0.0,0.0,0.0,0.0,3.0,0.0,23,5,9,41.8239227121,-87.6171458852,POINT (-87.617145885166 41.823922712124)
fc14c1db47a92c91361f70c22c117cc8bd28477bfd3195fdae8b9b7a610d58b557d460cd4d4732e88521584e8618da247d33f420f1f230686920262c19efbe52,JF223810,,04/29/2022 05:40:00 AM,30,TRAFFIC SIGNAL,FUNCTIONING PROPERLY,CLEAR,DAWN,SIDESWIPE OPPOSITE DIRECTION,NOT DIVIDED,,STRAIGHT AND LEVEL,DRY,NO DEFECTS,ON SCENE,NO INJURY / DRIVE AWAY,,,Y,"OVER $1,500",04/29/2022 06:00:00 AM,NOT APPLICABLE,NOT APPLICABLE,7100,S,CALIFORNIA AVE,831.0,,,,,,,2,NO INDICATION OF INJURY,0.0,0.0,0.0,0.0,0.0,2.0,0.0,5,6,4,41.7644468993,-87.6931737199,POINT (-87.693173719945 41.76444689926)
81bd32b993e81fc364f120797b88ccedcffa7c531c071ce2810c53deb7f23381cbfb40840737edb93cdfcef2813c87af04852f906d44dfc360219ed0eedf5ebe,JD400486,,10/15/2020 04:06:00 PM,15,NO CONTROLS,NO CONTROLS,CLEAR,DAYLIGHT,SIDESWIPE OPPOSITE DIRECTION,NOT DIVIDED,,STRAIGHT AND LEVEL,DRY,NO DEFECTS,NOT ON SCENE (DESK REPORT),NO INJURY / DRIVE AWAY,,,Y,"$501 - $1,500",10/15/2020 05:07:00 PM,IMPROPER OVERTAKING/PASSING,IMPROPER OVERTAKING/PASSING,201,W,91ST ST,634.0,,,,,,,2,NO INDICATION OF INJURY,0.0,0.0,0.0,0.0,0.0,11.0,0.0,16,5,10,41.7288583982,-87.6288809337,POINT (-87.628880933707 41.728858398238)
a6f60d2334c033511c72cd3f7fb2a69bc4bcde2b1bac92012cf4afede92c733415539cc08e91eb11564399ae49ca3a83310cfc7ed2d3f146f77058204e580392,JC501335,,11/06/2019 09:35:00 PM,25,NO CONTROLS,NO CONTROLS,CLEAR,"DARKNESS, LIGHTED ROAD",TURNING,NOT DIVIDED,,STRAIGHT AND LEVEL,DRY,NO DEFECTS,NOT ON SCENE (DESK REPORT),NO INJURY / DRIVE AWAY,,,Y,"$501 - $1,500",11/06/2019 09:40:00 PM,FAILING TO YIELD RIGHT-OF-WAY,NOT APPLICABLE,10900,S,DOTY AVE E,513.0,,,,,,,2,NO INDICATION OF INJURY,0.0,0.0,0.0,0.0,0.0,2.0,0.0,21,4,11,41.6962325277,-87.5958061971,POINT (-87.59580619714 41.696232527674)
0bd80aa1da0d3895646417cd2c61212695257073109ede70792f2633817cbe5ffa773ee2581054300db1387060146f82f7c0916ce689d6188e9a401cb7c50537,JG195091,,03/22/2023 03:05:00 PM,30,NO CONTROLS,NO CONTROLS,CLEAR,DAYLIGHT,SIDESWIPE SAME DIRECTION,NOT DIVIDED,,STRAIGHT AND LEVEL,DRY,NO DEFECTS,NOT ON SCENE (DESK REPORT),NO INJURY / DRIVE AWAY,,,,"OVER $1,500",03/22/2023 04:22:00 PM,DRIVING SKILLS/KNOWLEDGE/EXPERIENCE,UNABLE TO DETERMINE,2128,N,DAMEN AVE,1432.0,,,,,,,2,NO INDICATION OF INJURY,0.0,0.0,0.0,0.0,0.0,2.0,0.0,15,4,3,41.9203854245,-87.6778649841,POINT (-87.677864984132 41.920385424476)
d9cdb02cf0bc6eb86de136a3748d17cff0232505a2f76bb42383dfb72fa5b5a076123bd640ae65eae60283acad22c59b6db970440e2e2399140d43662271ca2a,JC149054,Y,02/11/2019 10:30:00 PM,30,NO CONTROLS,NO CONTROLS,SLEET/HAIL,"DARKNESS, LIGHTED ROAD",PARKED MOTOR VEHICLE,NOT DIVIDED,1.0,STRAIGHT AND LEVEL,ICE,NO DEFECTS,ON SCENE,NO INJURY / DRIVE AWAY,,,Y,"$501 - $1,500",02/11/2019 10:30:00 PM,WEATHER,UNABLE TO DETERMINE,2211,N,NAGLE AVE,2512.0,,,,,,,2,NO INDICATION OF INJURY,0.0,0.0,0.0,0.0,0.0,1.0,0.0,22,2,2,41.9204074901,-87.7864229131,POINT (-87.786422913056 41.920407490124)
ad55aa6faac7c3869e3e8528f51d527eb31b9b354aa1fdb71a6d49b1b558b61b038ccf86fbc19b7af94a02a5b7d2103df0c98c64313dbf62e8f3305b26ac02cb,JD356926,,09/05/2020 01:20:00 AM,30,NO CONTROLS,NO CONTROLS,CLEAR,"DARKNESS, LIGHTED ROAD",FIXED OBJECT,NOT DIVIDED,,STRAIGHT AND LEVEL,DRY,NO DEFECTS,ON SCENE,INJURY AND / OR TOW DUE TO CRASH,,,,"OVER $1,500",09/05/2020 01:40:00 AM,UNABLE TO DETERMINE,UNABLE TO DETERMINE,1158,N,KOLMAR AVE,1111.0,,,,,,,1,NO INDICATION OF INJURY,0.0,0.0,0.0,0.0,0.0,1.0,0.0,1,7,9,41.9024024395,-87.7400330597,POINT (-87.74003305973 41.902402439497)
38b6cbdfc2101872871da43580b4dac9ca277ed27a91b39b0ce25a35062c16d2516294f45f94a75d8914f19fa99a56a50f0adb472662e3fccb20eebf181128fb,HZ112256,,01/11/2016 07:50:00 PM,35,NO CONTROLS,NO CONTROLS,SNOW,"DARKNESS, LIGHTED ROAD",FIXED OBJECT,DIVIDED - W/MEDIAN (NOT RAISED),4.0,STRAIGHT AND LEVEL,SNOW OR SLUSH,NO DEFECTS,ON SCENE,NO INJURY / DRIVE AWAY,,Y,Y,"$501 - $1,500",01/11/2016 08:00:00 PM,WEATHER,EXCEEDING SAFE SPEED FOR CONDITIONS,10300,S,MICHIGAN AVE,512.0,Y,,,,,,1,NO INDICATION OF INJURY,0.0,0.0,0.0,0.0,0.0,1.0,0.0,19,2,1,41.7071821754,-87.6203614922,POINT (-87.620361492183 41.707182175387)
9545050fe04615486a71b76e6a4e69ea33c50cba1c18f12a167961dc862943b5165da1a5e6c754bf35aa3d246b7197dfb1453d5d690a6f3fba3f0a193c22dfca,JF450821,,10/26/2022 09:30:00 PM,30,NO CONTROLS,NO CONTROLS,CLEAR,DUSK,TURNING,NOT DIVIDED,,STRAIGHT AND LEVEL,DRY,NO DEFECTS,ON SCENE,NO INJURY / DRIVE AWAY,,,,"$501 - $1,500",10/26/2022 09:30:00 PM,FAILING TO YIELD RIGHT-OF-WAY,IMPROPER TURNING/NO SIGNAL,5131,W,NORTH AVE,2533.0,,,,,,,2,NO INDICATION OF INJURY,0.0,0.0,0.0,0.0,0.0,3.0,0.0,21,4,10,41.9094062645,-87.7546486685,POINT (-87.754648668493 41.909406264493)
97eaed76dd64e159655fcf0c9c53748f8bf237f70d224c2b0f7b6e3bdda8fb8028d5c91b89c3d711ebee797294f4155b1397782b448b7202eb19a1a730574010,JC360151,,07/22/2019 06:00:00 PM,30,TRAFFIC SIGNAL,FUNCTIONING PROPERLY,CLEAR,DAYLIGHT,SIDESWIPE SAME DIRECTION,FOUR WAY,,STRAIGHT AND LEVEL,DRY,NO DEFECTS,NOT ON SCENE (DESK REPORT),NO INJURY / DRIVE AWAY,,,,"$501 - $1,500",07/22/2019 06:30:00 PM,UNABLE TO DETERMINE,IMPROPER TURNING/NO SIGNAL,1943,N,ASHLAND AVE,1433.0,,,,,,,2,NO INDICATION OF INJURY,0.0,0.0,0.0,0.0,0.0,2.0,0.0,18,2,7,41.917416345,-87.6676546311,POINT (-87.667654631141 41.917416344988)
efaf47466c7dbe510ebfa4c87c0a77ef8c97e6e8f2540aedc532ff439c2cd4f8ed93f9010b51765365f54324768324a2c0da44ba4ca7712e8b349d64974efbf2,JB415522,,08/30/2018 04:15:00 PM,30,NO CONTROLS,UNKNOWN,CLEAR,DAYLIGHT,ANGLE,PARKING LOT,4.0,STRAIGHT AND LEVEL,DRY,UNKNOWN,NOT ON SCENE (DESK REPORT),NO INJURY / DRIVE AWAY,,,,"$501 - $1,500",08/30/2018 06:50:00 PM,FAILING TO REDUCE SPEED TO AVOID CRASH,UNABLE TO DETERMINE,3803,W,ROOSEVELT RD,1011.0,,,,,,,2,NO INDICATION OF INJURY,0.0,0.0,0.0,0.0,0.0,2.0,0.0,16,5,8,41.8661281298,-87.7202640083,POINT (-87.720264008274 41.866128129787)
fff4dd13ccae2dfc8b46c270962668858148c4543c7202381ed101d020cc3de59e4d983c7e46bf65ff31a99a0f3a74a39bead53bdc5c665a48089e47eefce929,JB489044,,10/24/2018 10:30:00 PM,30,TRAFFIC SIGNAL,FUNCTIONING PROPERLY,CLEAR,"DARKNESS, LIGHTED ROAD",SIDESWIPE SAME DIRECTION,NOT DIVIDED,4.0,STRAIGHT ON HILLCREST,DRY,NO DEFECTS,NOT ON SCENE (DESK REPORT),NO INJURY / DRIVE AWAY,,,,$500 OR LESS,10/24/2018 11:45:00 PM,IMPROPER OVERTAKING/PASSING,IMPROPER OVERTAKING/PASSING,799,W,ADAMS ST,1232.0,,,,,,,2,NO INDICATION OF INJURY,0.0,0.0,0.0,0.0,0.0,2.0,0.0,22,4,10,41.879108043,-87.6472296237,POINT (-87.647229623663 41.879108042955)
e8c4d485259e9bd8096c9b832c86bcc1bbfe3948fe3ff00f0cf9920c63759cb4a2df20758d82162593d065f7799b146651c3beb92ab005b786458e9402daa8fb,JC174070,,03/05/2019 08:30:00 AM,35,STOP SIGN/FLASHER,NO CONTROLS,CLEAR,DAYLIGHT,TURNING,NOT DIVIDED,,STRAIGHT AND LEVEL,DRY,NO DEFECTS,ON SCENE,INJURY AND / OR TOW DUE TO CRASH,Y,,,"OVER $1,500",03/05/2019 08:45:00 AM,UNABLE TO DETERMINE,UNABLE TO DETERMINE,5401,S,HARLEM AVE,811.0,,,,,,,2,NO INDICATION OF INJURY,0.0,0.0,0.0,0.0,0.0,2.0,0.0,8,3,3,41.7939229464,-87.8014421117,POINT (-87.801442111652 41.793922946388)
ae718dc5615e863d2a6360f2a49865e205c96ecbd6d28122638ad9c52c86f6146dc98847f45172ba905dcff1d55bcbc5ae3de9dbc0711035d403a3a1ff0124b7,JC418266,,09/03/2019 09:39:00 AM,30,TRAFFIC SIGNAL,FUNCTIONING PROPERLY,RAIN,DAYLIGHT,SIDESWIPE SAME DIRECTION,DIVIDED - W/MEDIAN BARRIER,,STRAIGHT AND LEVEL,WET,NO DEFECTS,ON SCENE,NO INJURY / DRIVE AWAY,Y,,,$500 OR LESS,09/03/2019 11:10:00 AM,IMPROPER TURNING/NO SIGNAL,NOT APPLICABLE,1559,N,ASHLAND AVE,1433.0,,,,,,,2,NO INDICATION OF INJURY,0.0,0.0,0.0,0.0,0.0,2.0,0.0,9,3,9,41.9105941219,-87.6675437444,POINT (-87.667543744403 41.910594121877)
ccaca677a0decf6033a8543dbbca1938e97af485a0f9a4cf6cdd68c57684f321a10240c69dfb305b8bc0f492d1c149d087e4fd89816ceb4aa825a7d013aaedd4,JA242549,,04/28/2017 11:18:00 AM,10,NO CONTROLS,NO CONTROLS,CLOUDY/OVERCAST,DAYLIGHT,ANGLE,PARKING LOT,2.0,STRAIGHT AND LEVEL,DRY,NO DEFECTS,ON SCENE,NO INJURY / DRIVE AWAY,,Y,Y,"$501 - $1,500",04/28/2017 11:30:00 AM,FAILING TO YIELD RIGHT-OF-WAY,FAILING TO REDUCE SPEED TO AVOID CRASH,1651,W,ROOSEVELT RD,1233.0,,,,,,,2,NO INDICATION OF INJURY,0.0,0.0,0.0,0.0,0.0,2.0,0.0,11,6,4,41.8667493828,-87.6684640529,POINT (-87.668464052851 41.866749382827)
51db805cb1d474ed5ee942cbc1dfe2f7345b6bfc4d5d06a69aca7eab2168223203cf80d38209048da31f7934907294b6e5e3a7101db2d295d30c2792c744e258,JB311066,,06/17/2018 04:15:00 PM,30,NO CONTROLS,NO CONTROLS,CLEAR,DAYLIGHT,TURNING,DIVIDED - W/MEDIAN (NOT RAISED),,STRAIGHT AND LEVEL,DRY,NO DEFECTS,NOT ON SCENE (DESK REPORT),NO INJURY / DRIVE AWAY,,,Y,"OVER $1,500",06/17/2018 05:30:00 PM,IMPROPER OVERTAKING/PASSING,NOT APPLICABLE,4320,N,MOBILE AVE,1624.0,,,,,,,2,NO INDICATION OF INJURY,0.0,0.0,0.0,0.0,0.0,2.0,0.0,16,1,6,41.9591164981,-87.7844662929,POINT (-87.784466292886 41.959116498128)
111ce27594bf89832c3f002da764069589c9710c89464b81f18230266c6b8a718c5aadd209465a4c66836b406c86a24ab2139e69cbfd5cfb6204f09742bd3edc,JG465156,,10/15/2023 07:50:00 PM,15,NO CONTROLS,NO CONTROLS,CLEAR,DARKNESS,OVERTURNED,ONE-WAY,,"CURVE, LEVEL",DRY,NO DEFECTS,ON SCENE,INJURY AND / OR TOW DUE TO CRASH,,,,"OVER $1,500",10/15/2023 07:58:00 PM,"OPERATING VEHICLE IN ERRATIC, RECKLESS, CARELESS, NEGLIGENT OR AGGRESSIVE MANNER",FAILING TO REDUCE SPEED TO AVOID CRASH,2918,W,MANN DR,831.0,,,,,,,1,NONINCAPACITATING INJURY,6.0,0.0,0.0,6.0,0.0,0.0,0.0,19,1,10,41.7707848087,-87.6974082857,POINT (-87.697408285747 41.770784808657)
66d8931e44dcc085ebf1876df8c73aae514979652645641804951dc13cbfb3284371ca0e4e2691aa81679467014378f7ba31931f9ef20d71cf1b6300a89c3694,JD294300,,07/11/2020 08:45:00 PM,30,NO CONTROLS,NO CONTROLS,CLEAR,"DARKNESS, LIGHTED ROAD",PARKED MOTOR VEHICLE,ONE-WAY,,STRAIGHT AND LEVEL,DRY,NO DEFECTS,ON SCENE,NO INJURY / DRIVE AWAY,,,,"OVER $1,500",07/11/2020 08:51:00 PM,FAILING TO YIELD RIGHT-OF-WAY,NOT APPLICABLE,4609,S,KEATING AVE,815.0,,,,,,,2,NO INDICATION OF INJURY,0.0,0.0,0.0,0.0,0.0,1.0,0.0,20,7,7,41.8091500067,-87.7418305778,POINT (-87.741830577772 41.809150006686)
3e110d8c37f50b93df16e33b5c20882ab5c34a189542c937b5ee4e5e67fb8b6d34f8574dd151bcc9f8551e40cd37a4bb3b96212dbf333829d538caa07bea04d3,JD260057,,06/10/2020 04:45:00 PM,30,TRAFFIC SIGNAL,FUNCTIONING PROPERLY,CLEAR,DAYLIGHT,REAR END,NOT DIVIDED,,STRAIGHT AND LEVEL,DRY,NO DEFECTS,ON SCENE,INJURY AND / OR TOW DUE TO CRASH,Y,,,$500 OR LESS,06/10/2020 04:48:00 PM,UNABLE TO DETERMINE,UNABLE TO DETERMINE,300,N,ASHLAND AVE,1215.0,,,,,,,2,NONINCAPACITATING INJURY,2.0,0.0,0.0,2.0,0.0,3.0,0.0,16,4,6,41.8869577044,-87.6671724175,POINT (-87.6671724175 41.886957704378)
6617b3a6575a4fbf12c943dab81add9ac059597ad3fd340851fe98c10ec76eb32acfd7b1cbcf63711148f7e9c30c114ed0ac4844a313a88d2da76cbf78c688ec,JG436235,,09/23/2023 06:00:00 PM,30,NO CONTROLS,NO CONTROLS,CLEAR,DAYLIGHT,SIDESWIPE SAME DIRECTION,DIVIDED - W/MEDIAN (NOT RAISED),,STRAIGHT AND LEVEL,DRY,NO DEFECTS,NOT ON SCENE (DESK REPORT),NO INJURY / DRIVE AWAY,,,,"OVER $1,500",09/23/2023 06:15:00 PM,UNABLE TO DETERMINE,NOT APPLICABLE,3193,S,WESTERN AVE,912.0,,,,,,,2,NO INDICATION OF INJURY,0.0,0.0,0.0,0.0,0.0,2.0,0.0,18,7,9,41.8354287772,-87.6844230288,POINT (-87.684423028808 41.835428777234)
14e9429791aeeea67fce6617ad3f6018f9c3368d3da93b6cba57d663f5f08f4a1243d6e178fb7f9845db4d2fae5f199ea445cb40593b228cb8f7869b26c822f9,JC134890,,01/30/2019 09:10:00 PM,35,TRAFFIC SIGNAL,FUNCTIONING PROPERLY,CLEAR,DARKNESS,REAR END,NOT DIVIDED,,STRAIGHT AND LEVEL,DRY,NO DEFECTS,NOT ON SCENE (DESK REPORT),NO INJURY / DRIVE AWAY,,,,"OVER $1,500",01/30/2019 10:20:00 PM,UNABLE TO DETERMINE,UNABLE TO DETERMINE,4200,W,BELMONT AVE,1731.0,,,,,,,2,NO INDICATION OF INJURY,0.0,0.0,0.0,0.0,0.0,4.0,0.0,21,4,1,41.9391398421,-87.7320876337,POINT (-87.732087633723 41.939139842133)
b1ff37b4295337bec9fe3aff43b0415621da1123556786123db13e1a3b38f2db1400d59e9d09fd02923b91a643685d0b678dcaf7b637107ecad1bab1692c254f,JB525895,,11/23/2018 07:25:00 AM,30,NO CONTROLS,NO CONTROLS,CLEAR,DAYLIGHT,PARKED MOTOR VEHICLE,ONE-WAY,1.0,STRAIGHT AND LEVEL,DRY,NO DEFECTS,ON SCENE,NO INJURY / DRIVE AWAY,,,Y,"$501 - $1,500",11/23/2018 08:22:00 AM,UNABLE TO DETERMINE,NOT APPLICABLE,125,E,ERIE ST,1834.0,,,,,,,2,NO INDICATION OF INJURY,0.0,0.0,0.0,0.0,0.0,1.0,0.0,7,6,11,41.8940253835,-87.6242934012,POINT (-87.624293401165 41.894025383544)
63613ea135229f3d8b71dc8f54395deedad8fd420145d1aa5caac440dca58b44dcd914395597c97a8bd14392220f51e92d566090f64d062cf9eb9a43fa3e4f50,,,10/31/2023 12:00:00 PM,30,STOP SIGN/FLASHER,FUNCTIONING PROPERLY,SNOW,DAYLIGHT,TURNING,ONE-WAY,,STRAIGHT AND LEVEL,WET,NO DEFECTS,ON SCENE,INJURY AND / OR TOW DUE TO CRASH,Y,,,"OVER $1,500",10/31/2023 01:00:00 PM,DRIVING ON WRONG SIDE/WRONG WAY,DISREGARDING OTHER TRAFFIC SIGNS,8754,S,HARPER AVE,412.0,,,,,,,3,"REPORTED, NOT EVIDENT",1.0,0.0,0.0,0.0,1.0,2.0,0.0,12,3,10,41.7352762886,-87.5870268193,POINT (-87.58702681929 41.735276288619)
2c56276e82d9416d46c65572063d7988bba524fe2eef3a9a0d5d61b949caf7ccab3a45d2fea2d3ea4dd22a165053825df49a7b30ba3f4dc67d223a4c755f7bdd,JG271794,,05/19/2023 06:19:00 PM,30,STOP SIGN/FLASHER,NO CONTROLS,CLEAR,DAYLIGHT,TURNING,PARKING LOT,,STRAIGHT AND LEVEL,DRY,UNKNOWN,NOT ON SCENE (DESK REPORT),NO INJURY / DRIVE AWAY,,,,"$501 - $1,500",05/23/2023 12:00:00 PM,FAILING TO YIELD RIGHT-OF-WAY,FAILING TO YIELD RIGHT-OF-WAY,200,W,87TH ST,622.0,,,,,,,2,NO INDICATION OF INJURY,0.0,0.0,0.0,0.0,0.0,2.0,0.0,18,6,5,41.7362616994,-87.6290647164,POINT (-87.629064716425 41.736261699376)
110f1c0ffbb64d55fb6df122d491050cbea303010f723489e65efcf345d4253f53a0501c246143fdbcbda4b6e6cadee1eec29e4d50774bcaf53e7340df6f3d5d,JF311358,,07/09/2022 04:36:00 PM,30,TRAFFIC SIGNAL,FUNCTIONING PROPERLY,CLEAR,DAYLIGHT,TURNING,RAMP,,STRAIGHT AND LEVEL,DRY,NO DEFECTS,,INJURY AND / OR TOW DUE TO CRASH,N,,Y,"$501 - $1,500",07/09/2022 04:36:00 PM,IMPROPER OVERTAKING/PASSING,NOT APPLICABLE,320,N,HALSTED ST,1214.0,,,,,,,2,NONINCAPACITATING INJURY,1.0,0.0,0.0,1.0,0.0,1.0,0.0,16,7,7,41.8874113617,-87.6476725317,POINT (-87.647672531697 41.887411361659)
9b0250428fe8ec73395952289a4a2e3f3436aec49223e4ef326190a1d875f668a02fbd8757142b52bfecca9d29a4df969f129f9359fcd7146ef16cdf6adfe1ca,JC258725,,05/10/2019 03:40:00 PM,30,TRAFFIC SIGNAL,FUNCTIONING PROPERLY,CLEAR,DAYLIGHT,REAR END,DIVIDED - W/MEDIAN (NOT RAISED),,STRAIGHT AND LEVEL,DRY,NO DEFECTS,NOT ON SCENE (DESK REPORT),NO INJURY / DRIVE AWAY,,,,"OVER $1,500",05/11/2019 10:25:00 AM,FOLLOWING TOO CLOSELY,FAILING TO YIELD RIGHT-OF-WAY,2234,W,FULLERTON AVE,1432.0,,,,,,,2,NO INDICATION OF INJURY,0.0,0.0,0.0,0.0,0.0,4.0,0.0,15,6,5,41.9250573027,-87.6842721142,POINT (-87.684272114195 41.925057302664)
5dc0bce30d2dc8139c744f3803d4979b56d713c95cb86929393483eafbf68bac66b85b7f82654483fe28eff3bb97bcf5fe4212809bc8e4e44a14fa026e62a2ca,JA431793,Y,09/14/2017 11:45:00 PM,15,NO CONTROLS,NO CONTROLS,CLEAR,DARKNESS,PARKED MOTOR VEHICLE,ONE-WAY,1.0,STRAIGHT AND LEVEL,DRY,NO DEFECTS,ON SCENE,NO INJURY / DRIVE AWAY,,,Y,"$501 - $1,500",09/15/2017 12:20:00 AM,UNABLE TO DETERMINE,EXCEEDING AUTHORIZED SPEED LIMIT,2749,N,MOBILE AVE,2512.0,,,,,,,2,NO INDICATION OF INJURY,0.0,0.0,0.0,0.0,0.0,1.0,0.0,23,5,9,41.9306635434,-87.7830989629,POINT (-87.783098962909 41.930663543434)
1b538f34a43074d1ebbaa14f287b0452c5cbaec7f7639cdee8b8a89b2d1ca74234b8f1da1b3f4b3d6ff709d8f8e09674a1f3fdb8f9633763720445dcd393bd13,JE351013,,08/25/2021 10:05:00 AM,30,STOP SIGN/FLASHER,FUNCTIONING PROPERLY,CLEAR,DAYLIGHT,SIDESWIPE SAME DIRECTION,NOT DIVIDED,,STRAIGHT AND LEVEL,DRY,NO DEFECTS,NOT ON SCENE (DESK REPORT),NO INJURY / DRIVE AWAY,Y,,,"$501 - $1,500",08/26/2021 05:32:00 PM,UNABLE TO DETERMINE,NOT APPLICABLE,1000,W,GRAND AVE,1214.0,,,,,,,3,NO INDICATION OF INJURY,0.0,0.0,0.0,0.0,0.0,2.0,0.0,10,4,8,41.8912422896,-87.652355874,POINT (-87.652355873963 41.89124228961)
926484446f5bb515e4bde7fbb48fbe848e0e9a2d24c2eaa1ed996b09841181b08fac1d9c3c997f569c8ede48b6306c3f1f74976ddf9ab1fb0bbac6414df1f8eb,JG117181,,01/15/2023 11:15:00 AM,30,NO CONTROLS,NO CONTROLS,CLEAR,DAYLIGHT,TURNING,DIVIDED - W/MEDIAN (NOT RAISED),,STRAIGHT AND LEVEL,DRY,NO DEFECTS,NOT ON SCENE (DESK REPORT),NO INJURY / DRIVE AWAY,Y,,,"$501 - $1,500",01/15/2023 02:25:00 PM,IMPROPER TURNING/NO SIGNAL,NOT APPLICABLE,1998,S,ASHLAND AVE,1234.0,,,,,,,2,NO INDICATION OF INJURY,0.0,0.0,0.0,0.0,0.0,3.0,0.0,11,1,1,41.8551086636,-87.666221271,POINT (-87.666221270951 41.85510866355)
0bda97db756d364c0f67fc486939bc7e12ee07779512f2dac08a7fe998759f6daaa6a4e3a99d71bbf54dde86061c20598112092e6a0406c60aaa893072b3ebe3,JB491518,,10/26/2018 07:00:00 PM,30,STOP SIGN/FLASHER,NO CONTROLS,CLEAR,"DARKNESS, LIGHTED ROAD",ANGLE,NOT DIVIDED,,STRAIGHT AND LEVEL,DRY,NO DEFECTS,NOT ON SCENE (DESK REPORT),NO INJURY / DRIVE AWAY,,,N,"$501 - $1,500",10/26/2018 08:12:00 PM,FAILING TO YIELD RIGHT-OF-WAY,IMPROPER OVERTAKING/PASSING,66,E,WASHINGTON ST,111.0,,,,,,,2,NO INDICATION OF INJURY,0.0,0.0,0.0,0.0,0.0,2.0,0.0,19,6,10,41.8833319786,-87.6254588275,POINT (-87.625458827536 41.883331978624)
dbcecca446fbc5d03436fc8bd512c0a02b4823a386ee0624de2ed52ad9eb247b1a155ff1faf65c3d48d9ca7e6c21331ceb3dd54d4a335dcc139ee2ecf65b0c74,JG339856,,07/13/2023 06:45:00 PM,30,NO CONTROLS,NO CONTROLS,CLEAR,DAYLIGHT,ANGLE,DIVIDED - W/MEDIAN (NOT RAISED),,STRAIGHT AND LEVEL,DRY,NO DEFECTS,ON SCENE,NO INJURY / DRIVE AWAY,,,,"OVER $1,500",07/13/2023 06:49:00 PM,FAILING TO YIELD RIGHT-OF-WAY,UNABLE TO DETERMINE,4001,W,KAMERLING AVE,2534.0,,,,,,,2,NO INDICATION OF INJURY,0.0,0.0,0.0,0.0,0.0,4.0,0.0,18,5,7,41.9052648069,-87.7265053319,POINT (-87.726505331944 41.905264806925)
6609229cd89a77f99489f7dda4acb7afbee3f803090b1e88a79042c0904e5db30b0c164edb4d904d4847aa9ebbbd1f7df982df0954533c8d485e5628daa3db5f,JD102884,,01/03/2020 01:00:00 PM,20,NO CONTROLS,NO CONTROLS,UNKNOWN,DAYLIGHT,PARKED MOTOR VEHICLE,ONE-WAY,,STRAIGHT AND LEVEL,UNKNOWN,NO DEFECTS,NOT ON SCENE (DESK REPORT),NO INJURY / DRIVE AWAY,,,Y,"OVER $1,500",01/03/2020 01:30:00 PM,UNABLE TO DETERMINE,NOT APPLICABLE,4927,W,WAVELAND AVE,1634.0,,,,,,,2,NO INDICATION OF INJURY,0.0,0.0,0.0,0.0,0.0,1.0,0.0,13,6,1,41.9477987421,-87.7507784845,POINT (-87.750778484463 41.947798742146)