CRASH_RECORD_ID,RD_NO,CRASH_DATE_EST_I,CRASH_DATE,POSTED_SPEED_LIMIT,TRAFFIC_CONTROL_DEVICE,DEVICE_CONDITION,WEATHER_CONDITION,LIGHTING_CONDITION,FIRST_CRASH_TYPE,TRAFFICWAY_TYPE,LANE_CNT,ALIGNMENT,ROADWAY_SURFACE_COND,ROAD_DEFECT,REPORT_TYPE,CRASH_TYPE,INTERSECTION_RELATED_I,NOT_RIGHT_OF_WAY_I,HIT_AND_RUN_I,DAMAGE,DATE_POLICE_NOTIFIED,PRIM_CONTRIBUTORY_CAUSE,SEC_CONTRIBUTORY_CAUSE,STREET_NO,STREET_DIRECTION,STREET_NAME,BEAT_OF_OCCURRENCE,PHOTOS_TAKEN_I,STATEMENTS_TAKEN_I,DOORING_I,WORK_ZONE_I,WORK_ZONE_TYPE,WORKERS_PRESENT_I,NUM_UNITS,MOST_SEVERE_INJURY,INJURIES_TOTAL,INJURIES_FATAL,INJURIES_INCAPACITATING,INJURIES_NON_INCAPACITATING,INJURIES_REPORTED_NOT_EVIDENT,INJURIES_NO_INDICATION,INJURIES_UNKNOWN,CRASH_HOUR,CRASH_DAY_OF_WEEK,CRASH_MONTH,LATITUDE,LONGITUDE,LOCATION
fb3149807ec9f345fdc1ec999d1edc53ee77aea56f4b96cdee8d0ffba7e5b5741cb67991554634362adc72d51ee9d449621415448059cad2adbf128d3a09d374,JC206037,,03/31/2019 01:02:00 AM,30,TRAFFIC SIGNAL,FUNCTIONING PROPERLY,SNOW,"DARKNESS, LIGHTED ROAD",FIXED OBJECT,NOT DIVIDED,2.0,STRAIGHT AND LEVEL,WET,NO DEFECTS,ON SCENE,INJURY AND / OR TOW DUE TO CRASH,Y,,,"OVER $1,500",03/31/2019 01:05:00 AM,EXCEEDING SAFE SPEED FOR CONDITIONS,FAILING TO REDUCE SPEED TO AVOID CRASH,3502,S,RACINE AVE,912.0,,,,,,,1,NO INDICATION OF INJURY,0.0,0.0,0.0,0.0,0.0,1.0,0.0,1,1,3,41.8304548097,-87.6558661503,POINT (-87.655866150271 41.830454809678)
f2bbe91b396c995698907f53f62b3e2cba23e923279ae4a5bbf5bcfb7c56c428b452652bf981028c69e01f87fa586b2e06fbefa4cfaae54e09fb3ae1473ea83d,JD241573,,05/24/2020 02:00:00 PM,30,NO CONTROLS,NO CONTROLS,CLEAR,DAYLIGHT,SIDESWIPE SAME DIRECTION,ONE-WAY,,STRAIGHT AND LEVEL,DRY,NO DEFECTS,NOT ON SCENE (DESK REPORT),NO INJURY / DRIVE AWAY,,,,"OVER $1,500",05/24/2020 03:00:00 PM,FAILING TO YIELD RIGHT-OF-WAY,FAILING TO YIELD RIGHT-OF-WAY,3510,S,INDIANA AVE,212.0,,,,,,,2,NO INDICATION OF INJURY,0.0,0.0,0.0,0.0,0.0,2.0,0.0,14,1,5,41.8307164269,-87.6219024987,POINT (-87.621902498652 41.830716426907)
898f58cc14e0ec90c72e1200b3a6adc47df962f0ad4391d7a420b82dfb305d465b01274c775b9643782a330ac34588acf6ed85012f43c9e9636c4bde4673487b,JC439066,,09/17/2019 07:35:00 AM,35,NO CONTROLS,NO CONTROLS,CLEAR,DAYLIGHT,SIDESWIPE SAME DIRECTION,T-INTERSECTION,,STRAIGHT AND LEVEL,DRY,UNKNOWN,NOT ON SCENE (DESK REPORT),NO INJURY / DRIVE AWAY,,,,"$501 - $1,500",09/18/2019 08:18:00 PM,IMPROPER LANE USAGE,IMPROPER LANE USAGE,1600,S,WESTERN AVE,1023.0,,,,,,,2,NO INDICATION OF INJURY,0.0,0.0,0.0,0.0,0.0,3.0,0.0,7,3,9,41.8593162257,-87.685979441,POINT (-87.685979440959 41.859316225746)
55ad87f18ecefc1a22c824e9c927f16d047862efc1bdd02078d24a7e5bf723f943b966b8feffe3469d3882ee92c0f9ec134641cbc692e2f2e4a15258755cf5da,JB211178,,04/03/2018 08:30:00 PM,10,NO CONTROLS,NO CONTROLS,CLEAR,DAYLIGHT,PARKED MOTOR VEHICLE,PARKING LOT,,STRAIGHT AND LEVEL,DRY,NO DEFECTS,NOT ON SCENE (DESK REPORT),NO INJURY / DRIVE AWAY,,,Y,"$501 - $1,500",04/04/2018 02:30:00 PM,UNABLE TO DETERMINE,NOT APPLICABLE,1655,E,95TH ST,431.0,,,,,,,2,NO INDICATION OF INJURY,0.0,0.0,0.0,0.0,0.0,1.0,0.0,20,3,4,41.7222631981,-87.5829176346,POINT (-87.582917634619 41.722263198134)
d3c819364d8748249acf04bcc4b870d19ca3e79d98a955de87cde0e1bec8bfcc5cd9ebdd842baa90fd264aa4c11c32a925e31ab8ba1c8363d84d235a66ce2940,JG452276,,10/05/2023 04:00:00 PM,30,NO CONTROLS,NO CONTROLS,CLEAR,DAYLIGHT,PARKED MOTOR VEHICLE,ONE-WAY,,STRAIGHT AND LEVEL,DRY,NO DEFECTS,NOT ON SCENE (DESK REPORT),NO INJURY / DRIVE AWAY,,,,"$501 - $1,500",10/05/2023 05:05:00 PM,IMPROPER BACKING,UNABLE TO DETERMINE,9825,S,WINSTON AVE,2213.0,,,,,,,2,NO INDICATION OF INJURY,0.0,0.0,0.0,0.0,0.0,1.0,0.0,16,5,10,41.7151210341,-87.6582522838,POINT (-87.658252283826 41.715121034138)
5ee2f2060bb303e6c0ccc1c155afed29b61548cc2313a0ca3fa943860d777232bebd1fd9bbf982a01e5cfed12d9c69a1e4307d8a20a12600a5738a96e485aeb1,JF239249,,05/12/2022 05:41:00 AM,25,NO CONTROLS,NO CONTROLS,CLEAR,DAYLIGHT,PARKED MOTOR VEHICLE,PARKING LOT,,STRAIGHT AND LEVEL,DRY,NO DEFECTS,NOT ON SCENE (DESK REPORT),NO INJURY / DRIVE AWAY,,,,"OVER $1,500",05/12/2022 11:10:00 AM,UNABLE TO DETERMINE,NOT APPLICABLE,2555,S,BLUE ISLAND AVE,1034.0,,,,,,,2,NO INDICATION OF INJURY,0.0,0.0,0.0,0.0,0.0,1.0,0.0,5,5,5,41.8456329083,-87.6830124492,POINT (-87.683012449239 41.845632908315)
caad95933ac149f9361379fd5b414a99a65578b34b1bfcd0ea204e630762d8e2b653a4bc4b7480fbfdeed9328627f679db1b082721fc99ee06fcfd53bfe717fb,JC156131,Y,02/17/2019 06:00:00 PM,30,NO CONTROLS,NO CONTROLS,SNOW,"DARKNESS, LIGHTED ROAD",FIXED OBJECT,NOT DIVIDED,4.0,STRAIGHT AND LEVEL,SNOW OR SLUSH,NO DEFECTS,ON SCENE,NO INJURY / DRIVE AWAY,,,,$500 OR LESS,02/17/2019 06:07:00 PM,WEATHER,UNABLE TO DETERMINE,3520,W,GRAND AVE,1121.0,,,,,,,1,NO INDICATION OF INJURY,0.0,0.0,0.0,0.0,0.0,1.0,0.0,18,1,2,41.9014323577,-87.7141953729,POINT (-87.714195372906 41.901432357652)
ffbbcdaae10911bfd89dcc364952c5331d9f21cd59fb3c1cbe8576bc10164549b97a59b3bf0651096b16f1f47cf5ad754f3ec4bcaf387b480214eb2f8d610e7e,JA358806,N,07/22/2017 12:59:00 PM,30,NO CONTROLS,NO CONTROLS,CLEAR,DAYLIGHT,TURNING,ONE-WAY,4.0,STRAIGHT AND LEVEL,DRY,NO DEFECTS,NOT ON SCENE (DESK REPORT),NO INJURY / DRIVE AWAY,,,,"OVER $1,500",07/22/2017 01:16:00 PM,FAILING TO YIELD RIGHT-OF-WAY,DRIVING SKILLS/KNOWLEDGE/EXPERIENCE,10000,W,OHARE ST,1651.0,Y,,,,,,2,NO INDICATION OF INJURY,0.0,0.0,0.0,0.0,0.0,2.0,0.0,12,7,7,41.976201139,-87.9053091251,POINT (-87.905309125103 41.976201139024)
12343880c8766547eb006bce88ef249016fc7e624367bcd56a877bf989caab43215983fb250b4f815e93d52c5b7a295bf48933a760c952e4f434ada1c6c28db8,JF436938,,10/16/2022 04:23:00 PM,30,NO CONTROLS,NO CONTROLS,CLEAR,DAYLIGHT,PARKED MOTOR VEHICLE,DIVIDED - W/MEDIAN (NOT RAISED),,STRAIGHT AND LEVEL,DRY,NO DEFECTS,,INJURY AND / OR TOW DUE TO CRASH,,,Y,"OVER $1,500",10/16/2022 04:24:00 PM,UNABLE TO DETERMINE,UNABLE TO DETERMINE,5700,W,DIVERSEY AVE,2514.0,,,,,,,2,NO INDICATION OF INJURY,0.0,0.0,0.0,0.0,0.0,1.0,0.0,16,1,10,41.9313528707,-87.7687401123,POINT (-87.768740112349 41.931352870657)
9a8c5714418e19adbe844e2fb7460cd73cdf5db864179dc361b0d93e94603c4ec3a5276e62b1bf93d78417b4476efa3fde53cd16fdee16edb3b48418397878e2,JF416102,,09/30/2022 06:48:00 AM,30,STOP SIGN/FLASHER,FUNCTIONING PROPERLY,CLEAR,DAYLIGHT,ANGLE,FOUR WAY,,STRAIGHT AND LEVEL,DRY,NO DEFECTS,ON SCENE,INJURY AND / OR TOW DUE TO CRASH,Y,,,"OVER $1,500",09/30/2022 06:48:00 AM,FAILING TO YIELD RIGHT-OF-WAY,DRIVING SKILLS/KNOWLEDGE/EXPERIENCE,6359,S,PULASKI RD,823.0,,,,,,,2,NO INDICATION OF INJURY,0.0,0.0,0.0,0.0,0.0,2.0,0.0,6,6,9,41.7768743167,-87.7225683819,POINT (-87.722568381898 41.776874316742)
48d65939c5d3011da59b2797f9cdd902dfd281ca41a0004e1bed3121427ace87d5c70c78472e26b8b2e8d889fe19f0e797462899b8ff4570f6a46b330c63ede1,JD417846,,11/01/2020 04:15:00 PM,30,TRAFFIC SIGNAL,FUNCTIONING PROPERLY,CLEAR,DAYLIGHT,REAR END,NOT DIVIDED,,STRAIGHT AND LEVEL,DRY,NO DEFECTS,,NO INJURY / DRIVE AWAY,Y,,Y,"OVER $1,500",11/01/2020 04:44:00 PM,FOLLOWING TOO CLOSELY,NOT APPLICABLE,1900,S,ASHLAND AVE,1234.0,,,,,,,2,NO INDICATION OF INJURY,0.0,0.0,0.0,0.0,0.0,2.0,0.0,16,1,11,41.8559248428,-87.6662398305,POINT (-87.666239830496 41.855924842836)
08b4aae4b2d76c09f9eaa23af0c59ce29410e9fa5bd2926f8b47a410dbaf6579b8410e24de14ed069716d590d700dec4bf14e09d221acc41616f65528f7a3b4d,JE475040,,12/12/2021 02:20:00 PM,30,TRAFFIC SIGNAL,FUNCTIONING PROPERLY,CLEAR,DAYLIGHT,REAR END,NOT DIVIDED,,STRAIGHT AND LEVEL,DRY,NO DEFECTS,NOT ON SCENE (DESK REPORT),NO INJURY / DRIVE AWAY,,,,"$501 - $1,500",12/12/2021 03:15:00 PM,FOLLOWING TOO CLOSELY,FAILING TO REDUCE SPEED TO AVOID CRASH,6400,W,FULLERTON AVE,2512.0,,,,,,,2,NO INDICATION OF INJURY,0.0,0.0,0.0,0.0,0.0,3.0,0.0,14,1,12,41.9237861887,-87.7855672056,POINT (-87.785567205622 41.923786188711)
e75e4eb929d1ad1e00d0c8f2590da2b7b022995420ea8c834f458612dd36451ce8b9b5fed388e9b1a2b439b6939b3e9f269116f8868a85ba09b7fed99f7820e8,JE392679,,09/29/2021 09:50:00 PM,25,UNKNOWN,UNKNOWN,CLEAR,"DARKNESS, LIGHTED ROAD",SIDESWIPE SAME DIRECTION,DIVIDED - W/MEDIAN (NOT RAISED),,STRAIGHT AND LEVEL,DRY,UNKNOWN,NOT ON SCENE (DESK REPORT),NO INJURY / DRIVE AWAY,,,,"OVER $1,500",09/30/2021 11:00:00 AM,UNABLE TO DETERMINE,UNABLE TO DETERMINE,958,E,42ND PL,214.0,,,,,,,2,NO INDICATION OF INJURY,0.0,0.0,0.0,0.0,0.0,2.0,0.0,21,4,9,41.8181104251,-87.602004412,POINT (-87.602004412023 41.818110425056)
635c16a43dd087f3a2e64127a648374459bee8302ca98e4325e8f0d9ca7760b70430e0bd3c0653c7b3287fd15178859a3458f673a478a337df379e5d934a0e8a,JE167051,,03/12/2021 03:59:00 PM,30,TRAFFIC SIGNAL,FUNCTIONING PROPERLY,CLEAR,DAYLIGHT,REAR END,FOUR WAY,,STRAIGHT AND LEVEL,DRY,NO DEFECTS,ON SCENE,INJURY AND / OR TOW DUE TO CRASH,Y,,,"OVER $1,500",03/12/2021 03:59:00 PM,UNABLE TO DETERMINE,UNABLE TO DETERMINE,5901,S,HALSTED ST,711.0,,Y,,,,,2,"REPORTED, NOT EVIDENT",1.0,0.0,0.0,0.0,1.0,1.0,0.0,15,6,3,41.7869366535,-87.6448191941,POINT (-87.644819194124 41.786936653518)
f7e3c3d07b65db9e953ff64a842f36adf0591ac05f2a7dcfeb903c539d53f82d4591993436b0beab814398267cc7a8bb531bbd49a3d9e1f89661f1980466c0ef,JB174483,,03/05/2018 01:20:00 PM,30,TRAFFIC SIGNAL,FUNCTIONING PROPERLY,CLEAR,DAYLIGHT,REAR END,ONE-WAY,5.0,STRAIGHT AND LEVEL,DRY,NO DEFECTS,ON SCENE,INJURY AND / OR TOW DUE TO CRASH,Y,,,"OVER $1,500",03/05/2018 01:21:00 PM,FOLLOWING TOO CLOSELY,FAILING TO REDUCE SPEED TO AVOID CRASH,50,E,ONTARIO ST,1834.0,,,,,,,2,NO INDICATION OF INJURY,0.0,0.0,0.0,0.0,0.0,2.0,0.0,13,2,3,41.8934120427,-87.6261789812,POINT (-87.626178981241 41.893412042746)
f121b096ca32def10522a54280138e8b87ee636f86033eee045820ddad29f2368320b8fd14973e13a797c1ed87509ec3d28135a8de2cd4d6194bc527210c8887,JB496352,,10/30/2018 02:58:00 PM,30,NO CONTROLS,NO CONTROLS,CLEAR,DAYLIGHT,TURNING,PARKING LOT,2.0,STRAIGHT AND LEVEL,DRY,NO DEFECTS,ON SCENE,NO INJURY / DRIVE AWAY,,,,$500 OR LESS,10/30/2018 02:59:00 PM,IMPROPER TURNING/NO SIGNAL,NOT APPLICABLE,3333,N,KIMBALL AVE,1733.0,,,,,,,2,NO INDICATION OF INJURY,0.0,0.0,0.0,0.0,0.0,5.0,0.0,14,3,10,41.9421535856,-87.7124460176,POINT (-87.712446017587 41.942153585613)
142c563956d4e0dc69942610d8e693ae173968ca1b4f584447bbe8bd8d1119dd3d11d6ea4c9a7605978bff5d40debf94ab4ed4be978cdc1e206b6a7ec8689fd3,JB186389,,03/15/2018 08:09:00 AM,30,NO CONTROLS,NO CONTROLS,CLEAR,DAYLIGHT,REAR END,NOT DIVIDED,2.0,STRAIGHT AND LEVEL,DRY,NO DEFECTS,ON SCENE,NO INJURY / DRIVE AWAY,,,,"OVER $1,500",03/15/2018 08:09:00 AM,FOLLOWING TOO CLOSELY,DRIVING SKILLS/KNOWLEDGE/EXPERIENCE,5243,W,CHICAGO AVE,1524.0,,,,,,,3,NO INDICATION OF INJURY,0.0,0.0,0.0,0.0,0.0,4.0,0.0,8,5,3,41.8948074736,-87.7573578814,POINT (-87.757357881369 41.894807473635)
5a9c488f65b2f3590ca4931a7f9a736af61827a43fc221b1732d839bf47946e8e6438146cca67479ecae5e047aab9d753a9064a483014f09d00b9d4b39ef26ef,JA477688,,10/19/2017 05:15:00 PM,30,TRAFFIC SIGNAL,FUNCTIONING PROPERLY,CLEAR,DAYLIGHT,TURNING,OTHER,,STRAIGHT AND LEVEL,DRY,NO DEFECTS,ON SCENE,NO INJURY / DRIVE AWAY,Y,,,"$501 - $1,500",10/19/2017 05:19:00 PM,FAILING TO YIELD RIGHT-OF-WAY,HAD BEEN DRINKING (USE WHEN ARREST IS NOT MADE),658,N,ORLEANS ST,1831.0,,,,,,,2,NO INDICATION OF INJURY,0.0,0.0,0.0,0.0,0.0,2.0,0.0,17,5,10,41.8939893332,-87.6372509151,POINT (-87.637250915099 41.893989333155)
807b97eedd7b2d69828e1ad597c7d07f502f90956ab4664969762026f1d8210880a8d33f046f3cf17eba430d5b204c35f17d64e81c74bb136fc4b9af7d3a96ed,JA124654,,01/21/2017 01:55:00 AM,30,TRAFFIC SIGNAL,FUNCTIONING PROPERLY,CLEAR,DARKNESS,SIDESWIPE SAME DIRECTION,DIVIDED - W/MEDIAN (NOT RAISED),6.0,STRAIGHT AND LEVEL,DRY,NO DEFECTS,NOT ON SCENE (DESK REPORT),NO INJURY / DRIVE AWAY,,,Y,"OVER $1,500",01/21/2017 05:00:00 PM,UNABLE TO DETERMINE,NOT APPLICABLE,191,N,WACKER DR,122.0,,,,,,,2,NO INDICATION OF INJURY,0.0,0.0,0.0,0.0,0.0,3.0,0.0,1,7,1,41.8855344999,-87.6366760915,POINT (-87.636676091475 41.885534499942)
b151c2fe86b0785fc81703be4d02f7ecb5674e8d98fd9a1560ea353b2475b68e3e19eafd1426770e4e57987da5c6f79d4c1a12f337965dfd1508972913c76bd0,JB123455,,02/01/2018 06:00:00 PM,30,NO CONTROLS,NO CONTROLS,CLEAR,"DARKNESS, LIGHTED ROAD",PARKED MOTOR VEHICLE,OTHER,,STRAIGHT AND LEVEL,DRY,NO DEFECTS,NOT ON SCENE (DESK REPORT),NO INJURY / DRIVE AWAY,,,,"$501 - $1,500",02/01/2018 07:05:00 PM,UNABLE TO DETERMINE,UNABLE TO DETERMINE,8300,S,STONY ISLAND AVE,412.0,,,,,,,2,NO INDICATION OF INJURY,0.0,0.0,0.0,0.0,0.0,1.0,0.0,18,5,2,41.744151639,-87.585945067,POINT (-87.585945066953 41.744151639042)
7bf145da628054b3dcc806b9bf91434f83841deeb460b45284bab0fc7218dae83e061d9f99c519fd53997f7e0bf5227759888c86adfa74ef4aa9e44e98479973,JE228964,,05/13/2021 03:15:00 PM,30,STOP SIGN/FLASHER,FUNCTIONING PROPERLY,CLEAR,DAYLIGHT,SIDESWIPE SAME DIRECTION,DIVIDED - W/MEDIAN (NOT RAISED),,STRAIGHT AND LEVEL,DRY,NO DEFECTS,NOT ON SCENE (DESK REPORT),NO INJURY / DRIVE AWAY,,,,"$501 - $1,500",05/13/2021 03:45:00 PM,IMPROPER OVERTAKING/PASSING,IMPROPER OVERTAKING/PASSING,4200,N,KOSTNER AVE,1722.0,,,,,,,2,NO INDICATION OF INJURY,0.0,0.0,0.0,0.0,0.0,2.0,0.0,15,5,5,41.9570490637,-87.7383529476,POINT (-87.738352947615 41.957049063749)
5b420500d19403e8b803c6627111624bd737ae4e947f6e6b8f317aa81d7407b3ba105d962090f430b4c2a7ccdb5b216af2261999ed904cc8b3442598095646a7,JF206370,,04/13/2022 07:37:00 AM,25,TRAFFIC SIGNAL,FUNCTIONING PROPERLY,CLEAR,DAYLIGHT,HEAD ON,FOUR WAY,,STRAIGHT AND LEVEL,DRY,NO DEFECTS,ON SCENE,NO INJURY / DRIVE AWAY,Y,,,"OVER $1,500",04/13/2022 08:00:00 AM,DRIVING SKILLS/KNOWLEDGE/EXPERIENCE,IMPROPER BACKING,5600,N,LINCOLN AVE,2011.0,,,,,,,2,NO INDICATION OF INJURY,0.0,0.0,0.0,0.0,0.0,3.0,0.0,7,4,4,41.9830777673,-87.6952609717,POINT (-87.695260971689 41.983077767282)
758829422f3ae43cce2384f03341c508de01d5d5c07ad8c673ee07285a7ad3aaf73f7ddd9620afb238bc9f991b716aadd509f34ca65b715fe293bb14f675026c,JA270662,Y,05/19/2017 12:30:00 PM,35,NO CONTROLS,NO CONTROLS,CLOUDY/OVERCAST,DAYLIGHT,PARKED MOTOR VEHICLE,NOT DIVIDED,2.0,STRAIGHT AND LEVEL,DRY,NO DEFECTS,NOT ON SCENE (DESK REPORT),NO INJURY / DRIVE AWAY,,,Y,"OVER $1,500",05/19/2017 02:20:00 PM,UNABLE TO DETERMINE,UNABLE TO DETERMINE,3601,N,HALSTED ST,1925.0,,,,,,,2,NO INDICATION OF INJURY,0.0,0.0,0.0,0.0,0.0,1.0,0.0,12,6,5,41.9474079051,-87.649342634,POINT (-87.64934263397 41.94740790513)
ebc43dc94601d4e12aca524a62449ed06c1ecc609e26b844e0787d28df67b50a8cfd96b956985814f0fe503e5a24f2519f660d4d4bfd9fa6b05a50e3a4e4a426,JB194657,,03/21/2018 05:20:00 PM,35,TRAFFIC SIGNAL,FUNCTIONING PROPERLY,CLEAR,DAYLIGHT,TURNING,NOT DIVIDED,4.0,STRAIGHT AND LEVEL,DRY,NO DEFECTS,,NO INJURY / DRIVE AWAY,Y,,,$500 OR LESS,03/21/2018 05:22:00 PM,IMPROPER LANE USAGE,UNABLE TO DETERMINE,3000,W,ROOSEVELT RD,1134.0,,,,,,,2,NO INDICATION OF INJURY,0.0,0.0,0.0,0.0,0.0,3.0,0.0,17,4,3,41.866564727,-87.7008514785,POINT (-87.70085147848 41.866564726967)
ed6d9c26582ef6f7601b033d2a38e2563e60a856e132335c3220760a267b14bb904518645edb939ebdde8175826474c0bdbcc62a88d5c463409e8326efef7b51,JC380845,,08/06/2019 10:30:00 AM,30,STOP SIGN/FLASHER,FUNCTIONING PROPERLY,CLEAR,DAYLIGHT,ANGLE,DIVIDED - W/MEDIAN (NOT RAISED),,STRAIGHT AND LEVEL,DRY,NO DEFECTS,NOT ON SCENE (DESK REPORT),NO INJURY / DRIVE AWAY,Y,,,"OVER $1,500",08/06/2019 11:03:00 AM,FAILING TO YIELD RIGHT-OF-WAY,DISREGARDING STOP SIGN,1500,S,ASHLAND AVE,1233.0,,,,,,,2,NO INDICATION OF INJURY,0.0,0.0,0.0,0.0,0.0,2.0,0.0,10,3,8,41.8614178574,-87.6663882562,POINT (-87.666388256198 41.861417857387)
cb99c2a5580d5e9ee04aa3a556841a794d7adcc0cfe8cb2978b85c2e8a3231e7c0e5234f85e8a5659f8b3d7bbd4aebf657312295b104ad58f508854d2e1b7529,HZ114942,Y,01/14/2016 07:45:00 AM,30,NO CONTROLS,NO CONTROLS,CLEAR,"DARKNESS, LIGHTED ROAD",PARKED MOTOR VEHICLE,NOT DIVIDED,4.0,STRAIGHT AND LEVEL,SNOW OR SLUSH,NO DEFECTS,NOT ON SCENE (DESK REPORT),NO INJURY / DRIVE AWAY,,,Y,"OVER $1,500",01/14/2016 08:30:00 AM,UNABLE TO DETERMINE,NOT APPLICABLE,1623,S,KEDVALE AVE,1012.0,,,,,,,2,NO INDICATION OF INJURY,0.0,0.0,0.0,0.0,0.0,1.0,0.0,7,5,1,41.8581074096,-87.7284522815,POINT (-87.728452281498 41.858107409642)
d4691265743142fdc1ccfe937d9a3f19836e887fad2878133aa5dad97d3ecc27fa7451959dc53713a4ba3c4f1d24ed498ece4426c2d181478ceb62d9851a1d8f,JE285888,,07/01/2021 11:22:00 AM,30,NO CONTROLS,NO CONTROLS,CLEAR,DAYLIGHT,ANGLE,DIVIDED - W/MEDIAN BARRIER,,STRAIGHT AND LEVEL,DRY,UNKNOWN,ON SCENE,NO INJURY / DRIVE AWAY,,,,"OVER $1,500",07/01/2021 11:42:00 AM,UNABLE TO DETERMINE,UNABLE TO DETERMINE,1075,W,ROOSEVELT RD,1232.0,,,,,,,2,NO INDICATION OF INJURY,0.0,0.0,0.0,0.0,0.0,2.0,0.0,11,5,7,41.8669312488,-87.6539586096,POINT (-87.653958609634 41.866931248828)
ea9c2b93e5d99f1c0189440cf1300a9a4989d1ba7315944d8ecc8ad869acaecd5b70250ce23746a9a818ac7180a115517be5d8bd58cdd6a26722ae901db35d92,JF438944,,10/18/2022 08:58:00 AM,30,NO CONTROLS,NO CONTROLS,CLOUDY/OVERCAST,DAYLIGHT,SIDESWIPE SAME DIRECTION,NOT DIVIDED,,STRAIGHT AND LEVEL,DRY,NO DEFECTS,NOT ON SCENE (DESK REPORT),NO INJURY / DRIVE AWAY,,,,"$501 - $1,500",10/18/2022 09:30:00 AM,FAILING TO YIELD RIGHT-OF-WAY,FAILING TO YIELD RIGHT-OF-WAY,9900,S,VINCENNES AVE,2213.0,,,,,,,2,NO INDICATION OF INJURY,0.0,0.0,0.0,0.0,0.0,3.0,0.0,8,3,10,41.7139794991,-87.6535123131,POINT (-87.653512313106 41.713979499108)
030cc4e868551a0f58ad07b323054eebcdaceee1c0c1365d8df50151c4fec17f89c2cc018ab7326c8fbdce25a502f2689e63a69670bed1676dac62c8b7c14396,JD224992,,05/05/2020 04:00:00 PM,30,TRAFFIC SIGNAL,FUNCTIONING PROPERLY,RAIN,DAYLIGHT,REAR END,NOT DIVIDED,,STRAIGHT AND LEVEL,WET,UNKNOWN,ON SCENE,NO INJURY / DRIVE AWAY,,,,"OVER $1,500",05/05/2020 04:19:00 PM,ROAD CONSTRUCTION/MAINTENANCE,DRIVING SKILLS/KNOWLEDGE/EXPERIENCE,7600,S,JEFFERY BLVD,414.0,,,,,,,2,NO INDICATION OF INJURY,0.0,0.0,0.0,0.0,0.0,4.0,0.0,16,3,5,41.7569668999,-87.5762476242,POINT (-87.576247624193 41.756966899896)
d864aef3712558c4cb3ab9eefd9a5420642d49cb7ec9dee29563b12aaa80e55d6bef2c5be194311dc1900e8e383788906215e9b52990a20eb8a27051bc8f7bdd,JC496113,,10/26/2019 04:45:00 PM,30,TRAFFIC SIGNAL,FUNCTIONING PROPERLY,RAIN,DAYLIGHT,REAR END,NOT DIVIDED,,STRAIGHT AND LEVEL,WET,UNKNOWN,NOT ON SCENE (DESK REPORT),NO INJURY / DRIVE AWAY,Y,,,"$501 - $1,500",11/02/2019 05:15:00 PM,UNABLE TO DETERMINE,UNABLE TO DETERMINE,200,N,LOWER COLUMBUS DR,114.0,,,,,,,2,NO INDICATION OF INJURY,0.0,0.0,0.0,0.0,0.0,2.0,0.0,16,7,10,41.8858518346,-87.6208602643,POINT (-87.62086026425 41.885851834564)
24dea0c4f3bd618517bb59b4bbb56c6262e6dd97543e4c8641ad6ac6941528d0fec53cd49818ec0aae0d8749de0e7f6480a4a5e115dc11d23b5f0896dfcf3f63,HZ480588,,10/19/2016 12:30:00 PM,30,UNKNOWN,UNKNOWN,CLEAR,DAYLIGHT,TURNING,NOT DIVIDED,,STRAIGHT AND LEVEL,UNKNOWN,UNKNOWN,NOT ON SCENE (DESK REPORT),NO INJURY / DRIVE AWAY,Y,,,"OVER $1,500",10/19/2016 12:50:00 PM,NOT APPLICABLE,NOT APPLICABLE,3200,N,LAKE SHORE DR,1925.0,,,,,,,2,NO INDICATION OF INJURY,0.0,0.0,0.0,0.0,0.0,4.0,0.0,12,4,10,41.9409091633,-87.63936916,POINT (-87.639369159955 41.940909163268)
f191bdfde1b603810975d599ecf848fbbf381a2c301287c20ecf23f109dd20864d9690181edd1c1710f62959a8695395c61138ad33760a7e215727499187a0bc,JC500307,,11/06/2019 03:35:00 AM,25,NO CONTROLS,NO CONTROLS,CLEAR,"DARKNESS, LIGHTED ROAD",TURNING,ONE-WAY,,STRAIGHT AND LEVEL,DRY,NO DEFECTS,ON SCENE,NO INJURY / DRIVE AWAY,,,Y,"OVER $1,500",11/06/2019 03:35:00 AM,UNABLE TO DETERMINE,UNABLE TO DETERMINE,2508,E,77TH ST,421.0,,,,,,,2,NO INDICATION OF INJURY,0.0,0.0,0.0,0.0,0.0,2.0,0.0,3,4,11,41.75550634,-87.563483057,POINT (-87.563483056968 41.755506340035)
6a7cccff77325b6fda2e2f6d55f5d731d9b45e5d2c4405c2d156424e03d4eb1fb9f64a589ac258d4a5b88e61874e76e0450d1d6775d998040908603c38b2627d,HY499295,,11/12/2015 06:50:00 PM,30,TRAFFIC SIGNAL,FUNCTIONING PROPERLY,CLEAR,"DARKNESS, LIGHTED ROAD",SIDESWIPE SAME DIRECTION,DIVIDED - W/MEDIAN (NOT RAISED),,STRAIGHT AND LEVEL,DRY,NO DEFECTS,NOT ON SCENE (DESK REPORT),NO INJURY / DRIVE AWAY,,,,"OVER $1,500",11/12/2015 07:00:00 PM,UNABLE TO DETERMINE,NOT APPLICABLE,2355,W,AUGUSTA BLVD,1212.0,,,,,,,2,NO INDICATION OF INJURY,0.0,0.0,0.0,0.0,0.0,2.0,0.0,18,5,11,41.8992742436,-87.6866586143,POINT (-87.686658614346 41.899274243568)