CRASH_RECORD_ID,RD_NO,CRASH_DATE_EST_I,CRASH_DATE,POSTED_SPEED_LIMIT,TRAFFIC_CONTROL_DEVICE,DEVICE_CONDITION,WEATHER_CONDITION,LIGHTING_CONDITION,FIRST_CRASH_TYPE,TRAFFICWAY_TYPE,LANE_CNT,ALIGNMENT,ROADWAY_SURFACE_COND,ROAD_DEFECT,REPORT_TYPE,CRASH_TYPE,INTERSECTION_RELATED_I,NOT_RIGHT_OF_WAY_I,HIT_AND_RUN_I,DAMAGE,DATE_POLICE_NOTIFIED,PRIM_CONTRIBUTORY_CAUSE,SEC_CONTRIBUTORY_CAUSE,STREET_NO,STREET_DIRECTION,STREET_NAME,BEAT_OF_OCCURRENCE,PHOTOS_TAKEN_I,STATEMENTS_TAKEN_I,DOORING_I,WORK_ZONE_I,WORK_ZONE_TYPE,WORKERS_PRESENT_I,NUM_UNITS,MOST_SEVERE_INJURY,INJURIES_TOTAL,INJURIES_FATAL,INJURIES_INCAPACITATING,INJURIES_NON_INCAPACITATING,INJURIES_REPORTED_NOT_EVIDENT,INJURIES_NO_INDICATION,INJURIES_UNKNOWN,CRASH_HOUR,CRASH_DAY_OF_WEEK,CRASH_MONTH,LATITUDE,LONGITUDE,LOCATION
604dd6a2b6b53a318edf8c7f93c370d943735d2843a899dd9de703532caad8362026ac8a4948da821bdac3b134bcdf9282b22079aeed35b22ea6fcc6795e5c9a,JE184521,,03/30/2021 05:03:00 PM,15,NO CONTROLS,NO CONTROLS,CLOUDY/OVERCAST,DAYLIGHT,FIXED OBJECT,ALLEY,,STRAIGHT AND LEVEL,DRY,NO DEFECTS,ON SCENE,INJURY AND / OR TOW DUE TO CRASH,,Y,,"OVER $1,500",03/30/2021 05:05:00 PM,UNABLE TO DETERMINE,UNABLE TO DETERMINE,2615,W,POTOMAC AVE,1423.0,,,,,,,1,NO INDICATION OF INJURY,0.0,0.0,0.0,0.0,0.0,1.0,0.0,17,3,3,41.9046812633,-87.6926548567,POINT (-87.692654856732 41.904681263282)
f839bdd74182d4a077c0bfbdc836e4494326ae37146b9f2631a9d9885ec124628b52e80b499ce0bf656b2e5ed3e7b7e7e0599bbd42e7d16bef661b108fe4c400,JE336433,,08/13/2021 06:35:00 PM,30,NO CONTROLS,NO CONTROLS,CLEAR,DAYLIGHT,TURNING,NOT DIVIDED,,STRAIGHT AND LEVEL,DRY,UNKNOWN,ON SCENE,NO INJURY / DRIVE AWAY,,,,"$501 - $1,500",08/13/2021 06:36:00 PM,FAILING TO YIELD RIGHT-OF-WAY,NOT APPLICABLE,5240,N,PULASKI RD,1712.0,,,,,,,2,NO INDICATION OF INJURY,0.0,0.0,0.0,0.0,0.0,2.0,0.0,18,6,8,41.9767523138,-87.7284136216,POINT (-87.728413621629 41.976752313791)
beef06648a0f2eab0d9809f383b42cf52244b8cc5f6bf55624378d21955915ef903a61e00cc11a42442c9035fa376e621a8a8abec0a0d77d80e7b3a2a965d39b,JG250899,,05/07/2023 01:04:00 AM,30,STOP SIGN/FLASHER,OTHER,CLEAR,"DARKNESS, LIGHTED ROAD",REAR END,NOT DIVIDED,,STRAIGHT AND LEVEL,DRY,UNKNOWN,ON SCENE,NO INJURY / DRIVE AWAY,,,Y,"OVER $1,500",05/07/2023 01:35:00 AM,FAILING TO REDUCE SPEED TO AVOID CRASH,FOLLOWING TOO CLOSELY,2230,E,79TH ST,414.0,,,,,,,2,NO INDICATION OF INJURY,0.0,0.0,0.0,0.0,0.0,4.0,0.0,1,1,5,41.7517927682,-87.5699500008,POINT (-87.569950000814 41.751792768214)
f93d2ecacdf5c3040ff48596cb35d616bf7f648e49aaaa0487b57319d6b8c73954c7e933a2a22e2127b34a6dc3cc47acf74f854aaffb099b2b1b91a069fd7554,JG431856,,09/20/2023 01:45:00 PM,30,TRAFFIC SIGNAL,FUNCTIONING PROPERLY,CLEAR,DAYLIGHT,REAR END,FOUR WAY,,STRAIGHT AND LEVEL,DRY,NO DEFECTS,NOT ON SCENE (DESK REPORT),NO INJURY / DRIVE AWAY,,,,"OVER $1,500",09/20/2023 02:20:00 PM,FOLLOWING TOO CLOSELY,FOLLOWING TOO CLOSELY,3748,W,MONTROSE AVE,1723.0,,,,,,,2,NO INDICATION OF INJURY,0.0,0.0,0.0,0.0,0.0,3.0,0.0,13,4,9,41.9611249628,-87.7224767728,POINT (-87.722476772821 41.961124962789)
4f3156aaedf5d5de172d3b2780cf437f6ccf4312ae0897b1b826e2d9721cfb79e4232aea219ab25dfc6e0503a61f132c009f9cd12bf340c5aa50281d57667e6d,JC157950,,02/19/2019 10:20:00 AM,30,NO CONTROLS,NO CONTROLS,SNOW,DAYLIGHT,SIDESWIPE SAME DIRECTION,NOT DIVIDED,,STRAIGHT AND LEVEL,SNOW OR SLUSH,NO DEFECTS,NOT ON SCENE (DESK REPORT),NO INJURY / DRIVE AWAY,,,,"OVER $1,500",02/19/2019 10:50:00 AM,UNABLE TO DETERMINE,UNABLE TO DETERMINE,321,N,LARAMIE AVE,1532.0,,,,,,,2,NO INDICATION OF INJURY,0.0,0.0,0.0,0.0,0.0,2.0,0.0,10,3,2,41.8863317359,-87.7551377662,POINT (-87.755137766199 41.886331735917)
9f25a8e77c45945ccea9a21e1495bf0b16b9128fb938bfa3ec7eb7f6163d9f07ee13c1a38bcddb07974442a8bc23778da59b03d93899208965078f70e9230fb0,JC107485,,01/07/2020 02:56:00 PM,30,TRAFFIC SIGNAL,FUNCTIONING PROPERLY,CLEAR,DAYLIGHT,ANGLE,NOT DIVIDED,,STRAIGHT AND LEVEL,DRY,NO DEFECTS,ON SCENE,INJURY AND / OR TOW DUE TO CRASH,Y,,,"OVER $1,500",01/07/2020 03:10:00 PM,DISREGARDING TRAFFIC SIGNALS,UNABLE TO DETERMINE,300,W,CHICAGO AVE,1823.0,,,,,,,2,NONINCAPACITATING INJURY,1.0,0.0,0.0,1.0,0.0,1.0,0.0,14,3,1,41.8966859183,-87.6357766906,POINT (-87.635776690588 41.896685918295)
569fcf6861f348d3f9b89bfdf9949152f315d5fae3f4d480f7767ee2d51d94aace0b32f2de0dd28c38c0d6f48cf1de9436be5696425924770a43cf82a759e9ef,JC536877,,12/06/2019 01:29:00 PM,30,NO CONTROLS,NO CONTROLS,CLEAR,DAYLIGHT,FIXED OBJECT,NOT DIVIDED,,STRAIGHT AND LEVEL,DRY,NO DEFECTS,ON SCENE,NO INJURY / DRIVE AWAY,,,,"OVER $1,500",12/06/2019 02:09:00 PM,UNABLE TO DETERMINE,NOT APPLICABLE,4938,S,CALIFORNIA AVE,923.0,,,,,,,1,NO INDICATION OF INJURY,0.0,0.0,0.0,0.0,0.0,1.0,0.0,13,6,12,41.8034044336,-87.6942188078,POINT (-87.694218807819 41.803404433574)
e4d9a8ded4fa2893ec9b1d09d5e304af50cd4c4167f98ca62a776d01495b85da696a18745d6610ca1920d19f5310033022adde456759f539ca3ec9e864576a80,JA524940,,11/25/2017 04:30:00 PM,30,NO CONTROLS,NO CONTROLS,CLEAR,DUSK,PARKED MOTOR VEHICLE,NOT DIVIDED,,STRAIGHT AND LEVEL,DRY,NO DEFECTS,NOT ON SCENE (DESK REPORT),NO INJURY / DRIVE AWAY,,,,"OVER $1,500",11/25/2017 04:45:00 PM,DRIVING SKILLS/KNOWLEDGE/EXPERIENCE,NOT APPLICABLE,5003,N,ASHLAND AVE,2032.0,,,,,,,2,NO INDICATION OF INJURY,0.0,0.0,0.0,0.0,0.0,1.0,0.0,16,7,11,41.9726205018,-87.6693956199,POINT (-87.669395619884 41.972620501756)
e873c2b8d939cbbf5b97e8b7f0591379bb968649e281846e7b1ca3efa2349062c45f78a92ee0c99da3e1e86eeebf3e0bf423bfda1f81c5baea2a541a5d253916,JC357204,,07/20/2019 03:30:00 PM,30,NO CONTROLS,NO CONTROLS,CLEAR,DAYLIGHT,HEAD ON,NOT DIVIDED,,STRAIGHT AND LEVEL,DRY,NO DEFECTS,ON SCENE,INJURY AND / OR TOW DUE TO CRASH,,,Y,"OVER $1,500",07/20/2019 03:37:00 PM,UNABLE TO DETERMINE,NOT APPLICABLE,2415,W,CERMAK RD,1034.0,,,,,,,4,NO INDICATION OF INJURY,0.0,0.0,0.0,0.0,0.0,4.0,0.0,15,7,7,41.851918189,-87.6863127286,POINT (-87.686312728597 41.851918188993)
2ff8c8cdb1a4a2aeb3c32f5218fa19d32301b44614eb2cc3eed45f17b090053573dcb4c015199d3f8c494e66b7d1242a8006caa16794428c431846fdbd96b87d,JC507285,,11/12/2019 07:55:00 AM,30,STOP SIGN/FLASHER,NO CONTROLS,CLEAR,DAYLIGHT,SIDESWIPE SAME DIRECTION,DIVIDED - W/MEDIAN (NOT RAISED),,STRAIGHT AND LEVEL,DRY,NO DEFECTS,NOT ON SCENE (DESK REPORT),NO INJURY / DRIVE AWAY,,,,"OVER $1,500",11/12/2019 08:35:00 AM,FOLLOWING TOO CLOSELY,FAILING TO YIELD RIGHT-OF-WAY,6301,N,CENTRAL AVE,1621.0,,,,,,,2,NO INDICATION OF INJURY,0.0,0.0,0.0,0.0,0.0,2.0,0.0,7,3,11,41.9961665477,-87.7640492375,POINT (-87.764049237452 41.996166547689)
86df029c507899fe5564d27e5a3adf8202d2a69fce402b7d232e9ed98467bc903a9e65cbc2fc20bd23d53bc1be5bf6213af2ef0dfdd82d96d490465d3c2ceb36,HZ152638,,02/15/2016 11:00:00 AM,0,NO CONTROLS,NO CONTROLS,CLOUDY/OVERCAST,DAYLIGHT,PARKED MOTOR VEHICLE,PARKING LOT,0.0,STRAIGHT AND LEVEL,SNOW OR SLUSH,NO DEFECTS,NOT ON SCENE (DESK REPORT),NO INJURY / DRIVE AWAY,,,,"OVER $1,500",02/15/2016 05:15:00 PM,UNABLE TO DETERMINE,NOT APPLICABLE,5080,N,KIMBERLY AVE,1712.0,Y,,,,,,2,NO INDICATION OF INJURY,0.0,0.0,0.0,0.0,0.0,1.0,0.0,11,2,2,41.9731998062,-87.7435894875,POINT (-87.743589487512 41.973199806212)
a8e1306e13a0790790beb35fb35e53e56a755d778d6082be33597c4a9ea829a3bf37855303c019967747824f1903cb8fcf03a220469c8345233634a6da04ebf6,JA343304,,07/11/2017 08:25:00 AM,30,TRAFFIC SIGNAL,NO CONTROLS,CLOUDY/OVERCAST,DAYLIGHT,REAR END,NOT DIVIDED,2.0,STRAIGHT AND LEVEL,DRY,NO DEFECTS,NOT ON SCENE (DESK REPORT),NO INJURY / DRIVE AWAY,,,,"OVER $1,500",07/11/2017 10:00:00 AM,DISTRACTION - FROM INSIDE VEHICLE,FOLLOWING TOO CLOSELY,10700,S,VINCENNES AVE,2212.0,,Y,,,,,2,NO INDICATION OF INJURY,0.0,0.0,0.0,0.0,0.0,3.0,0.0,8,3,7,41.6993887419,-87.6589133573,POINT (-87.658913357315 41.699388741856)
4788be1134391b09d093377eea7b0dd82fe2cff3cb0bb67618fb540bec39b22dc103598934d6b8c5dde5dcad25cd03094af8a4afdbea77f8856b20dfcc2b0434,JC455993,,10/01/2019 04:30:00 PM,30,NO CONTROLS,NO CONTROLS,CLEAR,DAYLIGHT,SIDESWIPE SAME DIRECTION,NOT DIVIDED,,STRAIGHT AND LEVEL,UNKNOWN,UNKNOWN,NOT ON SCENE (DESK REPORT),NO INJURY / DRIVE AWAY,,,,"$501 - $1,500",10/01/2019 04:55:00 PM,FAILING TO YIELD RIGHT-OF-WAY,IMPROPER OVERTAKING/PASSING,3459,N,SOUTHPORT AVE,1924.0,,,,,,,2,NO INDICATION OF INJURY,0.0,0.0,0.0,0.0,0.0,2.0,0.0,16,3,10,41.9452002045,-87.663819704,POINT (-87.663819703986 41.945200204497)
c91048ef35fe01ddf4c7d4bbffc253e70bc4c35aab06b0463d19a415049d1b0a6e2e2c6b0791379bf4c52075ef3b8f2c75e2e1ad003dc52aa184f3310e0418fd,JB247340,,05/02/2018 05:00:00 PM,30,NO CONTROLS,NO CONTROLS,RAIN,DAYLIGHT,REAR END,NOT DIVIDED,,STRAIGHT AND LEVEL,WET,NO DEFECTS,NOT ON SCENE (DESK REPORT),NO INJURY / DRIVE AWAY,,,,"OVER $1,500",05/02/2018 06:20:00 PM,NOT APPLICABLE,NOT APPLICABLE,4901,S,CICERO AVE,815.0,,,,,,,2,NO INDICATION OF INJURY,0.0,0.0,0.0,0.0,0.0,3.0,0.0,17,4,5,41.8038823707,-87.7429110079,POINT (-87.742911007932 41.80388237071)
0f27afaa8abbae258bc0daeb3946ceb39bdf8bf0a369a7b481b88cfccfe00b1f7043e053ca9c1d0bbd53f821e3c177f8e40e0919f9cfcd193f1d43995aa09129,JF380445,,09/02/2022 01:17:00 PM,30,TRAFFIC SIGNAL,NO CONTROLS,CLEAR,DAYLIGHT,TURNING,ONE-WAY,,STRAIGHT AND LEVEL,DRY,NO DEFECTS,NOT ON SCENE (DESK REPORT),NO INJURY / DRIVE AWAY,,,,"$501 - $1,500",09/02/2022 05:00:00 PM,IMPROPER OVERTAKING/PASSING,IMPROPER TURNING/NO SIGNAL,2,W,VAN BUREN ST,113.0,,,,,,,2,NO INDICATION OF INJURY,0.0,0.0,0.0,0.0,0.0,2.0,0.0,13,6,9,41.8770338061,-87.62772325,POINT (-87.627723250025 41.877033806098)
250370917f3226d70464cf5b5dd8a36244ae63ea5ad25fd3fc6cf6e4e34ffd29f50ecf44f80e1e7be29d2b8c63aaddf755f2749009cc75ded46347b68d624b23,JG293019,,06/08/2023 11:20:00 AM,20,NO CONTROLS,NO CONTROLS,CLEAR,DAYLIGHT,FIXED OBJECT,NOT DIVIDED,,STRAIGHT AND LEVEL,DRY,UNKNOWN,ON SCENE,INJURY AND / OR TOW DUE TO CRASH,,,,"OVER $1,500",06/08/2023 11:52:00 AM,UNABLE TO DETERMINE,UNABLE TO DETERMINE,3857,W,62ND PL,823.0,N,,,,,,1,NO INDICATION OF INJURY,0.0,0.0,0.0,0.0,0.0,2.0,0.0,11,5,6,41.7794992555,-87.7201311873,POINT (-87.720131187295 41.779499255527)
24f326a4c0944007c45a57c60b03bc1f32ed84d65aee077375e89c2a15718e77e0520ff0acd9b669d0e1e12502dbfec8b550d8bc3d0b52a6154021ad0533a38a,JB342570,,07/09/2018 05:15:00 PM,35,NO CONTROLS,NO CONTROLS,CLEAR,DAYLIGHT,REAR END,NOT DIVIDED,4.0,STRAIGHT ON HILLCREST,DRY,NO DEFECTS,ON SCENE,INJURY AND / OR TOW DUE TO CRASH,,,,"OVER $1,500",07/09/2018 05:17:00 PM,FAILING TO REDUCE SPEED TO AVOID CRASH,UNABLE TO DETERMINE,12400,S,TORRENCE AVE,434.0,,,,,,,3,NO INDICATION OF INJURY,0.0,0.0,0.0,0.0,0.0,5.0,0.0,17,2,7,41.6701216434,-87.5594050156,POINT (-87.559405015605 41.670121643392)
1391086c3d03237ab21a8e6a53e8636671a7f1abffdbab54274a5d528bdefb64ce003ad739352df4536679a50473f5e99c6276db713050aad0d4ac548068c248,JG167972,,02/27/2023 03:06:00 PM,35,NO CONTROLS,NO CONTROLS,CLOUDY/OVERCAST,DAYLIGHT,PARKED MOTOR VEHICLE,DRIVEWAY,,STRAIGHT AND LEVEL,DRY,NO DEFECTS,ON SCENE,NO INJURY / DRIVE AWAY,,,Y,"OVER $1,500",02/27/2023 03:16:00 PM,UNABLE TO DETERMINE,IMPROPER LANE USAGE,5331,W,DEVON AVE,1621.0,,,,,,,2,NO INDICATION OF INJURY,0.0,0.0,0.0,0.0,0.0,1.0,0.0,15,2,2,41.9972133722,-87.762117518,POINT (-87.76211751799 41.997213372156)
2710f33bcf2323f9cf5695a07e8a5f9626ec420422b1fec9ab168255f31eb9d19de324048d5308a8e9d61a5b57cccb19f328922f42382290473e6219118cfb7c,JE348990,,08/24/2021 11:13:00 PM,25,NO CONTROLS,NO CONTROLS,RAIN,"DARKNESS, LIGHTED ROAD",FIXED OBJECT,DIVIDED - W/MEDIAN BARRIER,,"CURVE, LEVEL",WET,NO DEFECTS,ON SCENE,INJURY AND / OR TOW DUE TO CRASH,,,,"OVER $1,500",08/24/2021 11:19:00 PM,"OPERATING VEHICLE IN ERRATIC, RECKLESS, CARELESS, NEGLIGENT OR AGGRESSIVE MANNER",FAILING TO REDUCE SPEED TO AVOID CRASH,1000,N,LAKE SHORE DR NB,1824.0,,,,,,,1,NO INDICATION OF INJURY,0.0,0.0,0.0,0.0,0.0,3.0,0.0,23,3,8,41.9009589191,-87.6199281737,POINT (-87.619928173678 41.900958919109)
dd6429092b458e3bb37327d59c11adc8312d42cca61dfd29198ba5a0a2ede24e58ddc7b3798fa95e2ae1fe31f5240acd3b4e22cb4c3405935d874d302b5e3b0a,JD267790,,06/18/2020 09:00:00 AM,20,NO CONTROLS,NO CONTROLS,CLEAR,DAYLIGHT,PARKED MOTOR VEHICLE,NOT DIVIDED,,STRAIGHT AND LEVEL,DRY,NO DEFECTS,ON SCENE,NO INJURY / DRIVE AWAY,,,,"$501 - $1,500",06/18/2020 09:10:00 AM,NOT APPLICABLE,NOT APPLICABLE,2732,W,CHANAY ST,1431.0,,,,,,,2,NO INDICATION OF INJURY,0.0,0.0,0.0,0.0,0.0,1.0,0.0,9,5,6,41.9192266565,-87.696291277,POINT (-87.696291277016 41.919226656481)
3fd203f3a3d29eda7614ccc80e7cab58c3988fa2fd60b4c888adc024e795780774151e05ff079514a8a10ff55b115a2ea8b0b2d7b9fb4291a0954a8c818f15c7,JC410709,,08/28/2019 09:30:00 AM,30,NO CONTROLS,NO CONTROLS,CLEAR,DAYLIGHT,SIDESWIPE SAME DIRECTION,ONE-WAY,,STRAIGHT AND LEVEL,OTHER,UNKNOWN,NOT ON SCENE (DESK REPORT),NO INJURY / DRIVE AWAY,Y,,,$500 OR LESS,08/28/2019 01:20:00 PM,UNABLE TO DETERMINE,UNABLE TO DETERMINE,151,N,WACKER DR,122.0,,,,,,,2,NO INDICATION OF INJURY,0.0,0.0,0.0,0.0,0.0,2.0,0.0,9,4,8,41.8844945971,-87.6366795459,POINT (-87.636679545895 41.884494597124)
80fc18c262d6b094349aae4a0663a789399cd6344ac89c14a0a699625db7d1e45554109a6f27bf177a9ead67c2e0df063e07c756d58a6df20bb648c7bfd9586f,JF148571,,02/18/2022 01:20:00 PM,30,TRAFFIC SIGNAL,FUNCTIONING PROPERLY,BLOWING SNOW,DAYLIGHT,REAR END,NOT DIVIDED,,STRAIGHT AND LEVEL,WET,NO DEFECTS,ON SCENE,NO INJURY / DRIVE AWAY,Y,,,"$501 - $1,500",02/18/2022 01:34:00 PM,DISREGARDING TRAFFIC SIGNALS,DISREGARDING TRAFFIC SIGNALS,7555,N,WESTERN AVE,2411.0,,,,,,,2,NO INDICATION OF INJURY,0.0,0.0,0.0,0.0,0.0,3.0,0.0,13,6,2,42.0190688995,-87.6900320569,POINT (-87.690032056932 42.019068899467)
7de485e08790c62c5cda89247234b99303457db44534441bf6816fc3b0ea28226dc2ab2fe8e203d481c5780e7c26f4ea50e9f4071254813f66c4cd72948d5836,JF510047,,12/14/2022 10:00:00 AM,30,TRAFFIC SIGNAL,FUNCTIONING PROPERLY,RAIN,DAYLIGHT,REAR END,NOT DIVIDED,,STRAIGHT AND LEVEL,WET,NO DEFECTS,NOT ON SCENE (DESK REPORT),NO INJURY / DRIVE AWAY,,,Y,"$501 - $1,500",12/14/2022 10:45:00 AM,FAILING TO REDUCE SPEED TO AVOID CRASH,NOT APPLICABLE,595,S,LARAMIE AVE,1533.0,,,,,,,2,NO INDICATION OF INJURY,0.0,0.0,0.0,0.0,0.0,2.0,0.0,10,4,12,41.8729976413,-87.7546599326,POINT (-87.754659932599 41.872997641305)
69cf26388ded49cd729d7c6f107142fe2e3b77ea38f11b1349f65495827215ac2240d38f524ba013a7ce2f93bc2380e1cc42abdfbe71d323c71893950da3f4f6,JC226325,,04/15/2019 10:30:00 AM,30,NO CONTROLS,FUNCTIONING PROPERLY,CLEAR,DAYLIGHT,REAR END,NOT DIVIDED,,STRAIGHT AND LEVEL,WET,NO DEFECTS,NOT ON SCENE (DESK REPORT),NO INJURY / DRIVE AWAY,,,,$500 OR LESS,04/16/2019 09:04:00 AM,FOLLOWING TOO CLOSELY,NOT APPLICABLE,2000,W,103RD ST,2213.0,,,,,,,2,NO INDICATION OF INJURY,0.0,0.0,0.0,0.0,0.0,2.0,0.0,10,2,4,41.7066471442,-87.6721319071,POINT (-87.672131907135 41.706647144188)
25379f7a652a3a6b2d4b97b223b41c7a6098adaa14396e7763b6b039d96f8975dcaa7c517879300958bed865a50dcdd3a1515cc00de75f088a523f9fe8e93b83,JC505509,,11/01/2019 11:30:00 AM,30,STOP SIGN/FLASHER,FUNCTIONING PROPERLY,CLEAR,DAYLIGHT,ANGLE,OTHER,,STRAIGHT AND LEVEL,DRY,NO DEFECTS,NOT ON SCENE (DESK REPORT),NO INJURY / DRIVE AWAY,Y,,,"OVER $1,500",11/10/2019 02:23:00 PM,"OPERATING VEHICLE IN ERRATIC, RECKLESS, CARELESS, NEGLIGENT OR AGGRESSIVE MANNER",DRIVING SKILLS/KNOWLEDGE/EXPERIENCE,6100,S,TROY ST,823.0,,,,,,,2,NO INDICATION OF INJURY,0.0,0.0,0.0,0.0,0.0,2.0,0.0,11,6,11,41.7825319885,-87.7021676784,POINT (-87.702167678418 41.782531988539)
54271f1a6877bf1694df8f0bbd5d19cfcbb4a4106195b78db5678c41434182474badf3b0cbda8c8e55377d720c137fc2241e99b8a1f5c96c2acd8961ea65ec53,HZ295203,Y,06/04/2016 10:00:00 PM,30,NO CONTROLS,NO CONTROLS,CLEAR,"DARKNESS, LIGHTED ROAD",PARKED MOTOR VEHICLE,NOT DIVIDED,2.0,STRAIGHT AND LEVEL,DRY,NO DEFECTS,NOT ON SCENE (DESK REPORT),NO INJURY / DRIVE AWAY,,,Y,"OVER $1,500",06/06/2016 02:00:00 AM,UNABLE TO DETERMINE,UNABLE TO DETERMINE,10759,S,PEORIA ST,2233.0,,,,,,,2,NO INDICATION OF INJURY,0.0,0.0,0.0,0.0,0.0,1.0,0.0,22,7,6,41.6988256735,-87.645078868,POINT (-87.645078868033 41.698825673533)
de854ddc728383baa5c0a78bcf3b4d555f12bc41a5c5e4228497d846c9de7b66900a3547a1049f85ecfb53373ddf0b0628bb1c5fe166ebc98e57b98330b06200,JG293463,,06/08/2023 05:15:00 PM,35,TRAFFIC SIGNAL,FUNCTIONING PROPERLY,CLEAR,DAYLIGHT,TURNING,FOUR WAY,,STRAIGHT AND LEVEL,DRY,NO DEFECTS,NOT ON SCENE (DESK REPORT),NO INJURY / DRIVE AWAY,Y,,,"OVER $1,500",06/08/2023 05:50:00 PM,UNABLE TO DETERMINE,UNABLE TO DETERMINE,7100,S,ASHLAND AVE,735.0,,,,,,,2,NO INDICATION OF INJURY,0.0,0.0,0.0,0.0,0.0,4.0,0.0,17,5,6,41.7648593824,-87.6639401763,POINT (-87.663940176305 41.764859382425)
496741529dc4027504abc68773f72d77abf758dce5375de034123b719d43089bc8ade1618616b8ba03690ef91bb7057fd41aeb9dcd83efa1336a3358b38cb077,JA372253,,08/01/2017 08:24:00 AM,30,TRAFFIC SIGNAL,FUNCTIONING PROPERLY,CLEAR,DAYLIGHT,PEDESTRIAN,NOT DIVIDED,3.0,STRAIGHT AND LEVEL,DRY,NO DEFECTS,ON SCENE,INJURY AND / OR TOW DUE TO CRASH,,,,$500 OR LESS,08/01/2017 08:26:00 AM,FAILING TO YIELD RIGHT-OF-WAY,FAILING TO YIELD RIGHT-OF-WAY,4901,N,KEDZIE AVE,1713.0,,,,,,,2,INCAPACITATING INJURY,1.0,0.0,1.0,0.0,0.0,1.0,0.0,8,3,8,41.9703649922,-87.7083833317,POINT (-87.708383331679 41.970364992201)
5f24985b28c33a4cbc4de82fbf95d9862aec64c100836e6bad55a6bf28958913276b94233cfd726e479e969dc284ac2c10d00ed0617f39590f5826369d861b61,JB154822,,02/16/2018 07:20:00 PM,30,NO CONTROLS,NO CONTROLS,CLEAR,"DARKNESS, LIGHTED ROAD",TURNING,DRIVEWAY,1.0,STRAIGHT AND LEVEL,DRY,NO DEFECTS,NOT ON SCENE (DESK REPORT),NO INJURY / DRIVE AWAY,,,,"$501 - $1,500",02/16/2018 07:57:00 PM,IMPROPER TURNING/NO SIGNAL,FAILING TO YIELD RIGHT-OF-WAY,5959,W,BELMONT AVE,2514.0,,,,,,,2,NO INDICATION OF INJURY,0.0,0.0,0.0,0.0,0.0,4.0,0.0,19,6,2,41.9383392119,-87.7761513869,POINT (-87.776151386897 41.938339211916)
b5099e1a7a721e5782fa2422275ccfeb46769c69d1738a1f85bd1e1c8983e2164e5ec71f278ea8b731f141c2992dc5979ef303a52c5de8ff018edc266926e857,JB181172,,03/10/2018 07:08:00 PM,30,NO CONTROLS,NO CONTROLS,CLEAR,"DARKNESS, LIGHTED ROAD",PEDESTRIAN,NOT DIVIDED,2.0,STRAIGHT AND LEVEL,DRY,NO DEFECTS,ON SCENE,INJURY AND / OR TOW DUE TO CRASH,,,,"OVER $1,500",03/10/2018 07:12:00 PM,FAILING TO YIELD RIGHT-OF-WAY,DRIVING SKILLS/KNOWLEDGE/EXPERIENCE,4511,N,PULASKI RD,1723.0,,,,,,,2,"REPORTED, NOT EVIDENT",1.0,0.0,0.0,0.0,1.0,1.0,0.0,19,7,3,41.9629316981,-87.727734716,POINT (-87.727734716004 41.962931698055)
a7beab86bca0765a2c33532bcd3a2ba99a8b20d75dec905fbc7d612e99cbce13a40f3fd6f8077442dfcb84b810cd6502b533ddff0b66b0d6c8ba373bee6e2c9b,JC336307,,07/05/2019 03:00:00 PM,30,UNKNOWN,UNKNOWN,CLEAR,DAYLIGHT,REAR END,DIVIDED - W/MEDIAN (NOT RAISED),,STRAIGHT AND LEVEL,DRY,SHOULDER DEFECT,NOT ON SCENE (DESK REPORT),NO INJURY / DRIVE AWAY,,,,"OVER $1,500",07/05/2019 06:02:00 PM,NOT APPLICABLE,NOT APPLICABLE,7901,S,CICERO AVE,834.0,,,,,,,3,NO INDICATION OF INJURY,0.0,0.0,0.0,0.0,0.0,3.0,0.0,15,6,7,41.7490650565,-87.741203904,POINT (-87.741203904025 41.749065056465)
b438a76d4dd2d61a53c7d565e1fa9a350ac3df5b3e45ca1a52eb370279d8e642e1e983d46ebfa9275b6001011fe319da8ba99130921c9f253d43f1184c060b65,JG246819,,05/03/2023 03:20:00 PM,30,NO CONTROLS,NO CONTROLS,UNKNOWN,UNKNOWN,REAR END,NOT DIVIDED,,STRAIGHT AND LEVEL,UNKNOWN,UNKNOWN,NOT ON SCENE (DESK REPORT),NO INJURY / DRIVE AWAY,,,,"$501 - $1,500",05/03/2023 05:35:00 PM,NOT APPLICABLE,NOT APPLICABLE,4000,W,GRAND AVE,2534.0,,,,,,,2,NO INDICATION OF INJURY,0.0,0.0,0.0,0.0,0.0,2.0,0.0,15,4,5,41.9062588709,-87.7263534764,POINT (-87.726353476362 41.90625887086)
954b1127e9fa43b8e270da41aacd1a5537901acda2cc6acf22d26dcb3a502e88cfb146cddd6b5ae00b6711db942c4972d0625dfa74b90244d666810c95302791,JF318205,Y,07/15/2022 07:30:00 AM,30,STOP SIGN/FLASHER,NO CONTROLS,RAIN,DAWN,ANGLE,DIVIDED - W/MEDIAN (NOT RAISED),,STRAIGHT AND LEVEL,WET,NO DEFECTS,NOT ON SCENE (DESK REPORT),NO INJURY / DRIVE AWAY,Y,,,"$501 - $1,500",07/15/2022 07:50:00 AM,DRIVING SKILLS/KNOWLEDGE/EXPERIENCE,UNABLE TO DETERMINE,1700,N,OAK PARK AVE,2513.0,,,,,,,2,NO INDICATION OF INJURY,0.0,0.0,0.0,0.0,0.0,2.0,0.0,7,6,7,41.9109279185,-87.7949953864,POINT (-87.79499538644 41.910927918485)