CRASH_RECORD_ID,RD_NO,CRASH_DATE_EST_I,CRASH_DATE,POSTED_SPEED_LIMIT,TRAFFIC_CONTROL_DEVICE,DEVICE_CONDITION,WEATHER_CONDITION,LIGHTING_CONDITION,FIRST_CRASH_TYPE,TRAFFICWAY_TYPE,LANE_CNT,ALIGNMENT,ROADWAY_SURFACE_COND,ROAD_DEFECT,REPORT_TYPE,CRASH_TYPE,INTERSECTION_RELATED_I,NOT_RIGHT_OF_WAY_I,HIT_AND_RUN_I,DAMAGE,DATE_POLICE_NOTIFIED,PRIM_CONTRIBUTORY_CAUSE,SEC_CONTRIBUTORY_CAUSE,STREET_NO,STREET_DIRECTION,STREET_NAME,BEAT_OF_OCCURRENCE,PHOTOS_TAKEN_I,STATEMENTS_TAKEN_I,DOORING_I,WORK_ZONE_I,WORK_ZONE_TYPE,WORKERS_PRESENT_I,NUM_UNITS,MOST_SEVERE_INJURY,INJURIES_TOTAL,INJURIES_FATAL,INJURIES_INCAPACITATING,INJURIES_NON_INCAPACITATING,INJURIES_REPORTED_NOT_EVIDENT,INJURIES_NO_INDICATION,INJURIES_UNKNOWN,CRASH_HOUR,CRASH_DAY_OF_WEEK,CRASH_MONTH,LATITUDE,LONGITUDE,LOCATION
b89dcee736d8e9637e13665b0a034699feac8595e15d5bb52cc8146ab7e5753dfa3d83453f84b3d842e759ef095738411e05e2b932e517e2af929ad57e40a9e3,JG290415,,06/06/2023 02:09:00 AM,30,TRAFFIC SIGNAL,FUNCTIONING PROPERLY,CLEAR,DARKNESS,REAR END,FOUR WAY,,STRAIGHT AND LEVEL,DRY,UNKNOWN,NOT ON SCENE (DESK REPORT),NO INJURY / DRIVE AWAY,,,Y,"OVER $1,500",06/06/2023 01:15:00 PM,UNABLE TO DETERMINE,NOT APPLICABLE,7101,N,CLARK ST,2423.0,,,,,,,2,NO INDICATION OF INJURY,0.0,0.0,0.0,0.0,0.0,2.0,0.0,2,3,6,42.0114865452,-87.6743011748,POINT (-87.674301174797 42.01148654519)
707f66763c722abee4ec0e4651cdc61f66fb80f6eb167647f8bc56dd1840ee22f8e15c914fad7f268f5d1b52b3a28e9c9c850a6db0bb7ef9b863b8153deb1315,JB205176,,03/29/2018 10:54:00 PM,30,TRAFFIC SIGNAL,FUNCTIONING PROPERLY,CLEAR,"DARKNESS, LIGHTED ROAD",REAR END,DIVIDED - W/MEDIAN (NOT RAISED),,STRAIGHT AND LEVEL,DRY,NO DEFECTS,NOT ON SCENE (DESK REPORT),NO INJURY / DRIVE AWAY,Y,,,"$501 - $1,500",03/30/2018 11:45:00 AM,FAILING TO YIELD RIGHT-OF-WAY,FAILING TO YIELD RIGHT-OF-WAY,11200,S,MARSHFIELD AVE,2234.0,,,,,,,2,NO INDICATION OF INJURY,0.0,0.0,0.0,0.0,0.0,2.0,0.0,22,5,3,41.6903298338,-87.6616461649,POINT (-87.661646164899 41.690329833777)
df5c2df27730516c15ed1c8776a74b4e5de9a754049e4d8370edb97fd7b37f841b327c58c8f1cd62e05e52017fa65f178c115f3ae9b863e18ae3a68f87d4dd3b,JD246994,,05/29/2020 03:30:00 PM,30,NO CONTROLS,NO CONTROLS,CLEAR,DAYLIGHT,SIDESWIPE SAME DIRECTION,NOT DIVIDED,,STRAIGHT AND LEVEL,DRY,UNKNOWN,NOT ON SCENE (DESK REPORT),NO INJURY / DRIVE AWAY,,,,"OVER $1,500",05/29/2020 09:30:00 PM,UNABLE TO DETERMINE,UNABLE TO DETERMINE,3453,W,POLK ST,1133.0,,,,,,,2,NO INDICATION OF INJURY,0.0,0.0,0.0,0.0,0.0,2.0,0.0,15,6,5,41.8707711184,-87.7127756122,POINT (-87.712775612213 41.870771118352)
734b65cc8ed0136137209339f8673a0562bf10e54af3dd5fd20e38c0c04c166d69e43bc698db074b1ca1f60301683d9b9cc28003c32459e010d726af6f91dccc,JF246867,,05/18/2022 01:33:00 PM,30,TRAFFIC SIGNAL,FUNCTIONING PROPERLY,CLOUDY/OVERCAST,DAYLIGHT,FIXED OBJECT,NOT DIVIDED,,STRAIGHT AND LEVEL,WET,NO DEFECTS,ON SCENE,INJURY AND / OR TOW DUE TO CRASH,Y,Y,Y,"OVER $1,500",05/18/2022 01:34:00 PM,FAILING TO REDUCE SPEED TO AVOID CRASH,WEATHER,2,E,127TH ST,532.0,,,,,,,1,NO INDICATION OF INJURY,0.0,0.0,0.0,0.0,0.0,2.0,0.0,13,4,5,41.6635637986,-87.6219851126,POINT (-87.621985112605 41.663563798608)
1e561435c7d523632936722eac4a1d859430115cc7a3d5a7f0f3c6474e2f5344b359d3c99aec9afbeeedc3d2b7a10b099708ef303ab8fe7bc3187ff9fe5fc5cf,JG420820,,09/12/2023 01:01:00 AM,30,NO CONTROLS,NO CONTROLS,CLEAR,"DARKNESS, LIGHTED ROAD",FIXED OBJECT,ONE-WAY,,STRAIGHT AND LEVEL,WET,NO DEFECTS,ON SCENE,INJURY AND / OR TOW DUE TO CRASH,,,N,"OVER $1,500",09/12/2023 01:01:00 AM,FAILING TO REDUCE SPEED TO AVOID CRASH,DRIVING SKILLS/KNOWLEDGE/EXPERIENCE,5505,S,WELLS ST,711.0,,,,,,,1,NO INDICATION OF INJURY,0.0,0.0,0.0,0.0,0.0,2.0,0.0,1,3,9,41.7940042647,-87.6316671373,POINT (-87.631667137268 41.79400426474)
cbc0de453b253b6835d3678f51c7a03738f697a6e6788f36bf0f68949133891dba613cb29c7fe78556253aac6cc8730c9879424b6984e67412fdd9c05229bbd9,JD226259,,05/07/2020 07:55:00 AM,30,NO CONTROLS,NO CONTROLS,CLEAR,DAYLIGHT,REAR END,Y-INTERSECTION,,STRAIGHT AND LEVEL,DRY,UNKNOWN,ON SCENE,NO INJURY / DRIVE AWAY,,,,"OVER $1,500",05/07/2020 08:04:00 AM,UNABLE TO DETERMINE,UNABLE TO DETERMINE,5820,N,CLARK ST,2012.0,,,,,,,2,NO INDICATION OF INJURY,0.0,0.0,0.0,0.0,0.0,2.0,0.0,7,5,5,41.9873968045,-87.669831194,POINT (-87.66983119404 41.987396804519)
2874f4bf0f74165d3a8c7783a091653984fb4f1426dbd0115a70dcecbc3828681cbd913910f598fc0ab02f0b605143479455a09a5aebccbd57d2a9f11d161199,JA556244,Y,12/20/2017 01:26:00 AM,30,NO CONTROLS,NO CONTROLS,CLEAR,"DARKNESS, LIGHTED ROAD",PARKED MOTOR VEHICLE,PARKING LOT,0.0,STRAIGHT AND LEVEL,DRY,UNKNOWN,NOT ON SCENE (DESK REPORT),NO INJURY / DRIVE AWAY,,,Y,"OVER $1,500",12/20/2017 01:26:00 AM,UNABLE TO DETERMINE,NOT APPLICABLE,2150,N,CALIFORNIA AVE,1414.0,,,,,,,2,NO INDICATION OF INJURY,0.0,0.0,0.0,0.0,0.0,1.0,0.0,1,4,12,41.9211033246,-87.6974518223,POINT (-87.697451822346 41.921103324637)
1c3268f89a20a8494dea2de03bb1476efe24cefb56e4c4f981169ec979956df9dd8453e2f8303cd1e778d3d3d9de2e10fc4206c16932b92c6c0559c495919587,JC367763,,07/28/2019 12:30:00 AM,30,TRAFFIC SIGNAL,UNKNOWN,CLEAR,"DARKNESS, LIGHTED ROAD",OTHER NONCOLLISION,DIVIDED - W/MEDIAN (NOT RAISED),,STRAIGHT AND LEVEL,DRY,NO DEFECTS,ON SCENE,INJURY AND / OR TOW DUE TO CRASH,,,,"OVER $1,500",07/28/2019 01:46:00 AM,NOT APPLICABLE,NOT APPLICABLE,4815,W,FULLERTON AVE,2522.0,,,,,,,2,NONINCAPACITATING INJURY,3.0,0.0,0.0,3.0,0.0,1.0,0.0,0,1,7,41.9241199169,-87.7469558974,POINT (-87.746955897356 41.924119916932)
a198f97177c10978764c3c997f192538daf9e86dbb7079b1090c438cc307b5d0d2c652f0e46996609e7facb2bf9b6c21e67722deb2b3388113056c185b9a0fd6,JC559262,,12/24/2019 07:15:00 PM,30,STOP SIGN/FLASHER,FUNCTIONING PROPERLY,CLEAR,"DARKNESS, LIGHTED ROAD",ANGLE,ONE-WAY,,STRAIGHT AND LEVEL,DRY,NO DEFECTS,NOT ON SCENE (DESK REPORT),NO INJURY / DRIVE AWAY,Y,,Y,"$501 - $1,500",12/24/2019 07:47:00 PM,DISREGARDING STOP SIGN,NOT APPLICABLE,7000,S,WENTWORTH AVE,731.0,,,,,,,2,NO INDICATION OF INJURY,0.0,0.0,0.0,0.0,0.0,5.0,0.0,19,3,12,41.7671605061,-87.6299636811,POINT (-87.629963681097 41.767160506075)
eadb96099dd5d967b89ffb84c69079f71d9ddcc3c28a075c8f7d857d997c0533801345b1535e67f471d08dec18d9f7be3e7f78f5813be8c8702df91ce79f42be,JF167020,,03/07/2022 04:40:00 PM,30,STOP SIGN/FLASHER,NO CONTROLS,CLEAR,DAYLIGHT,ANGLE,NOT DIVIDED,,STRAIGHT AND LEVEL,DRY,NO DEFECTS,NOT ON SCENE (DESK REPORT),NO INJURY / DRIVE AWAY,,,,"OVER $1,500",03/08/2022 10:55:00 AM,FAILING TO YIELD RIGHT-OF-WAY,FAILING TO YIELD RIGHT-OF-WAY,3045,E,79TH ST,422.0,,,,,,,2,NO INDICATION OF INJURY,0.0,0.0,0.0,0.0,0.0,2.0,0.0,16,2,3,41.7518416036,-87.5498956115,POINT (-87.549895611507 41.751841603614)
3d1d227c65ba462672b1420ee5203919031285be2401619bfa9b9a4c2a82b4cc73002c4fca16fb46023bfe4db8e4217ce133dcad108634b5101ddd89a079c23b,JE244622,,05/27/2021 11:50:00 AM,20,NO CONTROLS,NO CONTROLS,CLEAR,DAYLIGHT,PARKED MOTOR VEHICLE,ONE-WAY,,STRAIGHT AND LEVEL,DRY,NO DEFECTS,ON SCENE,NO INJURY / DRIVE AWAY,,,,"OVER $1,500",05/27/2021 11:53:00 AM,UNABLE TO DETERMINE,NOT APPLICABLE,1257,N,KILDARE AVE,2534.0,,,,,,,3,NO INDICATION OF INJURY,0.0,0.0,0.0,0.0,0.0,1.0,0.0,11,5,5,41.9042564256,-87.7335837176,POINT (-87.733583717621 41.904256425593)
2ebc999e4c51e5a214072a829a4b7d5a7d50015a8d528028ba7c923bc0cb8ec2c061ce58bb8a99457b190dfac91fca72c7d65f4d790f481f4f85517da6a1384c,JB348337,,07/13/2018 04:45:00 PM,35,NO CONTROLS,NO CONTROLS,CLEAR,DAYLIGHT,TURNING,ONE-WAY,,STRAIGHT AND LEVEL,DRY,NO DEFECTS,NOT ON SCENE (DESK REPORT),NO INJURY / DRIVE AWAY,,,,"OVER $1,500",07/13/2018 05:16:00 PM,FAILING TO REDUCE SPEED TO AVOID CRASH,NOT APPLICABLE,27,W,JACKSON BLVD,113.0,,,,,,,2,NO INDICATION OF INJURY,0.0,0.0,0.0,0.0,0.0,3.0,0.0,16,6,7,41.8780644341,-87.6286959458,POINT (-87.628695945836 41.878064434112)
fbf082d99486aa507f17da0a7873b197bf390c366e8ec842a778b5d9051590c632f697554800942ee811d3709a737b776fbfff60bb719b7e4d14d9edbbb36867,JD326362,,08/09/2020 05:16:00 PM,30,NO CONTROLS,NO CONTROLS,CLEAR,DAYLIGHT,SIDESWIPE SAME DIRECTION,NOT DIVIDED,,STRAIGHT AND LEVEL,DRY,NO DEFECTS,ON SCENE,NO INJURY / DRIVE AWAY,,,,"OVER $1,500",08/09/2020 05:21:00 PM,IMPROPER OVERTAKING/PASSING,NOT APPLICABLE,4548,W,CHICAGO AVE,1111.0,,,,,,,2,NO INDICATION OF INJURY,0.0,0.0,0.0,0.0,0.0,2.0,0.0,17,1,8,41.8952161326,-87.7402457625,POINT (-87.740245762488 41.895216132629)
7bb1940f99b7da98e2c6e9c573597a223dd15a8e1bdbc760c1a6c6367b9ba7e4be9be893ea5de8695f9eae230bd08e11f01a99aaa368f45093ba1f0e5d41a2d3,JA359018,,07/22/2017 04:49:00 PM,0,NO CONTROLS,NO CONTROLS,OTHER,DAYLIGHT,PARKED MOTOR VEHICLE,PARKING LOT,1.0,STRAIGHT AND LEVEL,DRY,SHOULDER DEFECT,ON SCENE,NO INJURY / DRIVE AWAY,,,,"OVER $1,500",07/22/2017 04:53:00 PM,UNABLE TO DETERMINE,NOT APPLICABLE,111,W,KINZIE ST,1831.0,,,,,,,2,NO INDICATION OF INJURY,0.0,0.0,0.0,0.0,0.0,1.0,0.0,16,7,7,41.8890951778,-87.6315694241,POINT (-87.631569424082 41.88909517779)
611c08112a7f319aad1d16c3e582a6f24402c65d0fd9fd07b00ee7258d91c19daca8b9a96a36d7b18492f59fbd9823fd9b6dadc78ff8b2a02a902d85910eeac7,JC458283,,10/03/2019 10:30:00 AM,30,TRAFFIC SIGNAL,FUNCTIONING PROPERLY,CLEAR,DAYLIGHT,TURNING,DIVIDED - W/MEDIAN (NOT RAISED),,STRAIGHT AND LEVEL,DRY,NO DEFECTS,ON SCENE,NO INJURY / DRIVE AWAY,,,,"OVER $1,500",10/03/2019 10:31:00 AM,UNABLE TO DETERMINE,UNABLE TO DETERMINE,4340,N,ELSTON AVE,1722.0,,,,,,,2,NO INDICATION OF INJURY,0.0,0.0,0.0,0.0,0.0,2.0,0.0,10,5,10,41.959589087,-87.7279701438,POINT (-87.727970143775 41.959589087021)
c087648e07fe6a50fed382e65e5db42bb28586f3bfa52931c792182f0411a01b467dd2cbeaced9f010c231b6a2c799b00824ff98e259d82fa2347dee5a4b458d,JB501291,,11/02/2018 10:04:00 PM,30,NO CONTROLS,NO CONTROLS,CLEAR,"DARKNESS, LIGHTED ROAD",FIXED OBJECT,ALLEY,1.0,STRAIGHT AND LEVEL,DRY,NO DEFECTS,ON SCENE,NO INJURY / DRIVE AWAY,,,,"OVER $1,500",11/02/2018 10:04:00 PM,IMPROPER BACKING,NOT APPLICABLE,4135,W,25TH ST,1013.0,Y,,,,,,1,NO INDICATION OF INJURY,0.0,0.0,0.0,0.0,0.0,2.0,0.0,22,6,11,41.845928599,-87.7277639218,POINT (-87.727763921753 41.845928598952)
14563df7f2ffff51c3f0858b78a4194c47dd4b213eeaef122fcbeaa0b23aff2939f61454860135b99c80e35aa897a5386a7b89a8a4d0e2d68824a37462270fe6,JA565910,,12/28/2017 04:57:00 PM,35,TRAFFIC SIGNAL,FUNCTIONING PROPERLY,SNOW,DUSK,FIXED OBJECT,DIVIDED - W/MEDIAN BARRIER,4.0,STRAIGHT AND LEVEL,WET,NO DEFECTS,ON SCENE,INJURY AND / OR TOW DUE TO CRASH,,,,"OVER $1,500",12/28/2017 05:00:00 PM,UNABLE TO DETERMINE,UNABLE TO DETERMINE,3931,W,CERMAK RD,1013.0,,,,,,,1,NO INDICATION OF INJURY,0.0,0.0,0.0,0.0,0.0,1.0,0.0,16,5,12,41.8514565979,-87.7234330384,POINT (-87.723433038374 41.851456597921)
8d1303732fc481eafff8cf3b0e17f5ef826f0fb1805a0cc747830e5c08105ee250d9f901d417b2edd3b928aeaff54cce1b76e02fcb225e358e00f538c17c0d6b,JC455779,,09/28/2019 08:50:00 PM,30,NO CONTROLS,NO CONTROLS,CLEAR,"DARKNESS, LIGHTED ROAD",SIDESWIPE SAME DIRECTION,NOT DIVIDED,,STRAIGHT AND LEVEL,DRY,NO DEFECTS,NOT ON SCENE (DESK REPORT),NO INJURY / DRIVE AWAY,,,,"$501 - $1,500",10/01/2019 02:20:00 PM,UNABLE TO DETERMINE,UNABLE TO DETERMINE,8000,S,STONY ISLAND AVE,411.0,,,,,,,2,NO INDICATION OF INJURY,0.0,0.0,0.0,0.0,0.0,2.0,0.0,20,7,9,41.7496995768,-87.5859572415,POINT (-87.585957241503 41.749699576791)
c3f5238f697870f700e339ca16d4203038ae635eb3b24a75fbda0d0bc0640ba2900c11dae71cb9534e4e9683f282a4e3be05173f50ac2241b71c1f5f1a7e5ffc,JF269462,,06/06/2022 08:56:00 AM,30,NO CONTROLS,NO CONTROLS,RAIN,DAYLIGHT,PARKED MOTOR VEHICLE,NOT DIVIDED,,STRAIGHT AND LEVEL,WET,NO DEFECTS,ON SCENE,NO INJURY / DRIVE AWAY,,,,"$501 - $1,500",06/06/2022 10:58:00 AM,IMPROPER BACKING,IMPROPER BACKING,439,W,129TH PL,523.0,Y,Y,,,,,2,NO INDICATION OF INJURY,0.0,0.0,0.0,0.0,0.0,1.0,0.0,8,2,6,41.6580815253,-87.6331259142,POINT (-87.633125914221 41.658081525266)
8c1ddcf9e5b8ed49dd6056d5946aae666eaefae27b683570bf0f62ee0b1614e4bf8a291380699f953a7e9c52dfec42fdcec0e5072a5237977754c3c301387ad8,JF338032,,07/30/2022 10:00:00 PM,5,NO CONTROLS,NO CONTROLS,CLEAR,"DARKNESS, LIGHTED ROAD",REAR END,OTHER,,STRAIGHT AND LEVEL,DRY,NO DEFECTS,ON SCENE,INJURY AND / OR TOW DUE TO CRASH,,,Y,"OVER $1,500",07/30/2022 10:00:00 PM,IMPROPER BACKING,FAILING TO REDUCE SPEED TO AVOID CRASH,9900,S,VINCENNES AVE,2213.0,,,,,,,2,NO INDICATION OF INJURY,0.0,0.0,0.0,0.0,0.0,3.0,0.0,22,7,7,41.7139794991,-87.6535123131,POINT (-87.653512313106 41.713979499108)
73113c897c6d25e69aeab8e702120af2cd71ea80bee225d4dcee3c2c62d19514fbf6ec03916b9a2405c42aa12f253b6e7d578797388657eb70c6bfe4bc8df056,JB242064,,04/28/2018 11:26:00 PM,30,TRAFFIC SIGNAL,FUNCTIONING PROPERLY,CLEAR,"DARKNESS, LIGHTED ROAD",TURNING,OTHER,3.0,STRAIGHT AND LEVEL,DRY,NO DEFECTS,NOT ON SCENE (DESK REPORT),NO INJURY / DRIVE AWAY,Y,,N,$500 OR LESS,04/29/2018 12:25:00 AM,FOLLOWING TOO CLOSELY,IMPROPER OVERTAKING/PASSING,998,N,MICHIGAN AVE,1833.0,,,,,,,2,NO INDICATION OF INJURY,0.0,0.0,0.0,0.0,0.0,2.0,0.0,23,7,4,41.9008016495,-87.6242724679,POINT (-87.62427246793 41.900801649452)
28c066d631908930fde8f22d1cc976facbdae865cd187c2385e928ee0fdea7673b148ad81728e435bb96233887293e45cf6bc9983f3327e50b5b15b3bf2d8b87,JF272687,,06/08/2022 07:09:00 PM,30,STOP SIGN/FLASHER,FUNCTIONING PROPERLY,RAIN,DUSK,ANGLE,FOUR WAY,,STRAIGHT AND LEVEL,WET,UNKNOWN,NOT ON SCENE (DESK REPORT),INJURY AND / OR TOW DUE TO CRASH,Y,,,"OVER $1,500",06/08/2022 09:20:00 PM,DISREGARDING STOP SIGN,UNABLE TO DETERMINE,422,S,MORGAN ST,1232.0,,,,,,,2,NO INDICATION OF INJURY,0.0,0.0,0.0,0.0,0.0,3.0,0.0,19,4,6,41.8758700292,-87.6520042066,POINT (-87.652004206565 41.875870029216)
26a9a0208abfce044de6dd44f3316440916afcc28786dd753a5137a69b70411587b11e4ecdf94c75e67dd46889d8ec32a1c9084654d9cd10fb23ee366d8a34ec,JB377771,,07/27/2018 01:15:00 PM,30,STOP SIGN/FLASHER,NO CONTROLS,CLEAR,DAYLIGHT,ANGLE,NOT DIVIDED,,STRAIGHT AND LEVEL,DRY,NO DEFECTS,NOT ON SCENE (DESK REPORT),INJURY AND / OR TOW DUE TO CRASH,,,Y,"OVER $1,500",08/03/2018 03:20:00 PM,UNABLE TO DETERMINE,NOT APPLICABLE,976,N,KILBOURN AVE,1111.0,,,,,,,2,NO INDICATION OF INJURY,0.0,0.0,0.0,0.0,0.0,2.0,0.0,13,6,7,41.8987712744,-87.738651456,POINT (-87.738651455993 41.898771274407)
f11986223d0be9028b19944a35d8e3546d12acb5d4502ca21d18729bc6552b85cf12afbdaabc420ef57557f5e0a860a936cf7eaa2bc634ae00d9ad71dade5c20,JC516621,,11/19/2019 04:20:00 PM,30,NO CONTROLS,NO CONTROLS,RAIN,"DARKNESS, LIGHTED ROAD",SIDESWIPE OPPOSITE DIRECTION,DIVIDED - W/MEDIAN BARRIER,,STRAIGHT AND LEVEL,WET,NO DEFECTS,ON SCENE,NO INJURY / DRIVE AWAY,,,,"$501 - $1,500",11/19/2019 04:20:00 PM,IMPROPER BACKING,NOT APPLICABLE,163,W,NORTH AVE,1821.0,,,,,,,2,NO INDICATION OF INJURY,0.0,0.0,0.0,0.0,0.0,2.0,0.0,16,3,11,41.9110519342,-87.6341939966,POINT (-87.634193996604 41.911051934249)
09e7f66f55a5069514682cd3a9f5b4511f4b7fa41c81302a8bc0918aec3f302d6563f0aa5f6af238d32d9299c8cc6e8fd3b43c6a9a2ab96ff56cee86f87b7f26,JB286272,,05/31/2018 09:05:00 AM,30,TRAFFIC SIGNAL,UNKNOWN,CLEAR,DAYLIGHT,TURNING,ONE-WAY,4.0,STRAIGHT AND LEVEL,DRY,UNKNOWN,ON SCENE,NO INJURY / DRIVE AWAY,Y,,,"OVER $1,500",05/31/2018 09:07:00 AM,IMPROPER TURNING/NO SIGNAL,UNABLE TO DETERMINE,732,S,CICERO AVE,1533.0,,,,,,,2,NO INDICATION OF INJURY,0.0,0.0,0.0,0.0,0.0,3.0,0.0,9,5,5,41.8711963272,-87.7450724656,POINT (-87.745072465564 41.871196327219)
b76c00198475ade4e1720cef3834e0181367c6177350f636d0daeca1c24afe7c4b70ba70eea4a1976a7bea2146791ea12d7b8101351dab450640c1fbe6bd3f92,JG322737,,06/30/2023 06:35:00 PM,20,NO CONTROLS,NO CONTROLS,CLEAR,DAYLIGHT,PARKED MOTOR VEHICLE,ONE-WAY,,STRAIGHT ON GRADE,DRY,NO DEFECTS,ON SCENE,NO INJURY / DRIVE AWAY,,,Y,"$501 - $1,500",06/30/2023 06:45:00 PM,UNABLE TO DETERMINE,UNABLE TO DETERMINE,10646,S,SACRAMENTO AVE,2211.0,,,,,,,2,NO INDICATION OF INJURY,0.0,0.0,0.0,0.0,0.0,1.0,0.0,18,6,6,41.699362901,-87.6966150449,POINT (-87.696615044887 41.69936290101)
b88e4ad828b16b6f105991ea3b5294cfb837890cdd83fbc3cc32059fdeb8698ce3210c86f72ab53a2daa1e688878251bad8d031c61df333b0c57444e0b004019,JC253141,,05/07/2019 09:20:00 AM,30,NO CONTROLS,NO CONTROLS,RAIN,DAYLIGHT,PARKED MOTOR VEHICLE,ONE-WAY,,STRAIGHT AND LEVEL,WET,NO DEFECTS,ON SCENE,NO INJURY / DRIVE AWAY,,,,"$501 - $1,500",05/07/2019 09:25:00 AM,IMPROPER BACKING,DISTRACTION - FROM INSIDE VEHICLE,1238,W,RACE AVE,1215.0,,,,,,,2,NO INDICATION OF INJURY,0.0,0.0,0.0,0.0,0.0,1.0,0.0,9,3,5,41.891915132,-87.6589516391,POINT (-87.658951639135 41.891915132018)
099aeee4eb86a3713682fa3b0d75568132ba14d864efea19223b4ddc7a79f9c1d9acf43ee669efb81d11d92bc8ead2e6ba5e95acd9d6e54e56b3a3b9c7e6d410,JD253846,,06/04/2020 05:00:00 PM,15,NO CONTROLS,NO CONTROLS,CLOUDY/OVERCAST,DAYLIGHT,PARKED MOTOR VEHICLE,PARKING LOT,,STRAIGHT AND LEVEL,WET,UNKNOWN,NOT ON SCENE (DESK REPORT),NO INJURY / DRIVE AWAY,,,,$500 OR LESS,06/04/2020 06:00:00 PM,DRIVING SKILLS/KNOWLEDGE/EXPERIENCE,UNABLE TO DETERMINE,4925,N,BROADWAY,2033.0,,,,,,,2,NO INDICATION OF INJURY,0.0,0.0,0.0,0.0,0.0,2.0,0.0,17,5,6,41.972213557,-87.6596091001,POINT (-87.659609100107 41.972213556991)
511cf272d4e4eba10b62c967236a88c568c469bccde6844451b353392e8daf4ad3f5e26622acfc9978ae983b54906d19432eee1452b8878edfcbe0698ffa16e9,JF327996,,07/23/2022 12:00:00 AM,30,NO CONTROLS,NO CONTROLS,CLEAR,"DARKNESS, LIGHTED ROAD",SIDESWIPE SAME DIRECTION,DIVIDED - W/MEDIAN (NOT RAISED),,STRAIGHT AND LEVEL,DRY,NO DEFECTS,,NO INJURY / DRIVE AWAY,,,Y,"OVER $1,500",07/23/2022 12:20:00 AM,IMPROPER OVERTAKING/PASSING,IMPROPER LANE USAGE,7259,S,WESTERN AVE,832.0,,,,,,,2,NO INDICATION OF INJURY,0.0,0.0,0.0,0.0,0.0,2.0,0.0,0,7,7,41.7611450473,-87.6830025476,POINT (-87.683002547565 41.761145047344)
d138dff37cd641a6ab2b6a2f1127bdcda6b1cbec2bbf146acc525878a53a8524744ca50b26cde0d4cd2f9365f9fdb7c9b728ba011f01ea9db99c325e726c0a6b,JB315100,,06/20/2018 01:05:00 PM,30,TRAFFIC SIGNAL,FUNCTIONING PROPERLY,CLEAR,DAYLIGHT,TURNING,NOT DIVIDED,5.0,STRAIGHT AND LEVEL,DRY,NO DEFECTS,ON SCENE,NO INJURY / DRIVE AWAY,,,Y,$500 OR LESS,06/20/2018 01:15:00 PM,IMPROPER TURNING/NO SIGNAL,IMPROPER OVERTAKING/PASSING,628,N,ORLEANS ST,1831.0,,,,,,,2,NO INDICATION OF INJURY,0.0,0.0,0.0,0.0,0.0,2.0,0.0,13,4,6,41.8931839222,-87.637227397,POINT (-87.637227397038 41.893183922173)
6cba0d47031badb111d8e50b5c161824e35bbfa914edf624081a4001af8f1434fb1ba1a9252ddd6cd22e06089c1dc7dff277a28cd8639f15bbe647da9b086fc3,JC200209,,03/26/2019 11:45:00 AM,35,TRAFFIC SIGNAL,FUNCTIONING PROPERLY,CLEAR,DAYLIGHT,REAR END,DIVIDED - W/MEDIAN (NOT RAISED),,STRAIGHT ON GRADE,DRY,NO DEFECTS,NOT ON SCENE (DESK REPORT),NO INJURY / DRIVE AWAY,,,Y,"$501 - $1,500",03/26/2019 12:30:00 PM,UNABLE TO DETERMINE,UNABLE TO DETERMINE,750,W,107TH ST,2233.0,,,,,,,2,NO INDICATION OF INJURY,0.0,0.0,0.0,0.0,0.0,4.0,0.0,11,3,3,41.6997499843,-87.6422139205,POINT (-87.64221392045 41.699749984349)
84938397da53c46df2a5e79fda132a2f6bfa4518effd294ced63c09554ddd52ed42b5c165524cebffde901beab610d881f0a59f0df6018f9a6e0cd71228c86bd,JC275815,,05/23/2019 07:45:00 PM,30,TRAFFIC SIGNAL,FUNCTIONING PROPERLY,CLEAR,DUSK,PEDALCYCLIST,DIVIDED - W/MEDIAN (NOT RAISED),,STRAIGHT AND LEVEL,DRY,NO DEFECTS,ON SCENE,INJURY AND / OR TOW DUE TO CRASH,Y,,,$500 OR LESS,05/23/2019 08:05:00 PM,UNABLE TO DETERMINE,NOT APPLICABLE,2500,S,CENTRAL PARK AVE,1013.0,,,,,,,2,"REPORTED, NOT EVIDENT",1.0,0.0,0.0,0.0,1.0,1.0,0.0,19,5,5,41.8461263601,-87.714985056,POINT (-87.714985055995 41.846126360079)
a91b4344286674438b2ff83f797578afd26f2af4d14018c059fc4f99960db2ebae1a170322fddf8776f7b7d02da6fffcc0fdf971356a5164f5a6e97c92b5b30c,JA534148,,12/02/2017 04:45:00 PM,30,NO CONTROLS,NO CONTROLS,CLEAR,DAYLIGHT,PARKED MOTOR VEHICLE,PARKING LOT,,STRAIGHT AND LEVEL,DRY,NO DEFECTS,NOT ON SCENE (DESK REPORT),NO INJURY / DRIVE AWAY,,Y,Y,"$501 - $1,500",12/02/2017 06:50:00 PM,UNABLE TO DETERMINE,NOT APPLICABLE,11730,S,MARSHFIELD AVE,2234.0,,,,,,,2,NO INDICATION OF INJURY,0.0,0.0,0.0,0.0,0.0,1.0,0.0,16,7,12,41.6803322053,-87.6625846787,POINT (-87.662584678739 41.680332205335)
44563e51090c239f9bcfe32e06f10f4092709faa062c2cbc230408e6b16aa6936c4d01310e4cca6484cb2482b17fa88effe158042359945f9e145aabea70d30f,JE360411,,09/03/2021 02:47:00 PM,30,NO CONTROLS,NO CONTROLS,CLEAR,DAYLIGHT,SIDESWIPE SAME DIRECTION,NOT DIVIDED,,STRAIGHT AND LEVEL,DRY,NO DEFECTS,NOT ON SCENE (DESK REPORT),NO INJURY / DRIVE AWAY,,,,"$501 - $1,500",09/03/2021 04:10:00 PM,IMPROPER OVERTAKING/PASSING,NOT APPLICABLE,1908,N,CLARK ST,1814.0,,,,,,,2,NO INDICATION OF INJURY,0.0,0.0,0.0,0.0,0.0,2.0,0.0,14,6,9,41.9168553372,-87.6352791465,POINT (-87.635279146514 41.916855337166)