CRASH_RECORD_ID,RD_NO,CRASH_DATE_EST_I,CRASH_DATE,POSTED_SPEED_LIMIT,TRAFFIC_CONTROL_DEVICE,DEVICE_CONDITION,WEATHER_CONDITION,LIGHTING_CONDITION,FIRST_CRASH_TYPE,TRAFFICWAY_TYPE,LANE_CNT,ALIGNMENT,ROADWAY_SURFACE_COND,ROAD_DEFECT,REPORT_TYPE,CRASH_TYPE,INTERSECTION_RELATED_I,NOT_RIGHT_OF_WAY_I,HIT_AND_RUN_I,DAMAGE,DATE_POLICE_NOTIFIED,PRIM_CONTRIBUTORY_CAUSE,SEC_CONTRIBUTORY_CAUSE,STREET_NO,STREET_DIRECTION,STREET_NAME,BEAT_OF_OCCURRENCE,PHOTOS_TAKEN_I,STATEMENTS_TAKEN_I,DOORING_I,WORK_ZONE_I,WORK_ZONE_TYPE,WORKERS_PRESENT_I,NUM_UNITS,MOST_SEVERE_INJURY,INJURIES_TOTAL,INJURIES_FATAL,INJURIES_INCAPACITATING,INJURIES_NON_INCAPACITATING,INJURIES_REPORTED_NOT_EVIDENT,INJURIES_NO_INDICATION,INJURIES_UNKNOWN,CRASH_HOUR,CRASH_DAY_OF_WEEK,CRASH_MONTH,LATITUDE,LONGITUDE,LOCATION
c57ec5fc5e95a6f1d3a5c2fae44542104975b98986550dcfd13d94c860655cc782ad7313d09e3d54bf574143fb1c0fea88fb67fcc770dfa757284bede5431be2,JC165239,,02/25/2019 01:38:00 PM,30,NO CONTROLS,NO CONTROLS,CLEAR,DAYLIGHT,SIDESWIPE SAME DIRECTION,NOT DIVIDED,,STRAIGHT AND LEVEL,DRY,NO DEFECTS,NOT ON SCENE (DESK REPORT),NO INJURY / DRIVE AWAY,,,,"$501 - $1,500",02/25/2019 02:18:00 PM,UNABLE TO DETERMINE,UNABLE TO DETERMINE,1550,N,KINGSBURY ST,1822.0,,,,,,,2,NO INDICATION OF INJURY,0.0,0.0,0.0,0.0,0.0,2.0,0.0,13,2,2,41.9093987878,-87.6530506979,POINT (-87.653050697894 41.909398787809)
b5b9f9f22fe653cd1a0f56dc95b868efbb6047ae1a3c70cbfa52dd52803082deab48915c02402e044a1c157a832ba8052dfb82b6e22db4475f59a1da8739a408,JB334779,,07/04/2018 08:40:00 AM,30,NO CONTROLS,NO CONTROLS,CLEAR,DAYLIGHT,TURNING,NOT DIVIDED,2.0,STRAIGHT AND LEVEL,DRY,NO DEFECTS,NOT ON SCENE (DESK REPORT),NO INJURY / DRIVE AWAY,,,N,$500 OR LESS,07/04/2018 08:40:00 AM,IMPROPER BACKING,IMPROPER BACKING,2430,W,HARRISON ST,1135.0,,,,,,,2,NO INDICATION OF INJURY,0.0,0.0,0.0,0.0,0.0,5.0,0.0,8,4,7,41.8739850391,-87.6874882744,POINT (-87.687488274403 41.873985039057)
1d47058a2fd407c7290e1a08b1e83426b86430d507253055dd2ecc1967b19094a5081f42587e3ac905096517ed00a8617b2cb6b970c93d61c6075e47cc42224b,JE404852,,10/09/2021 09:40:00 PM,30,NO CONTROLS,NO CONTROLS,CLOUDY/OVERCAST,"DARKNESS, LIGHTED ROAD",SIDESWIPE SAME DIRECTION,DIVIDED - W/MEDIAN (NOT RAISED),,STRAIGHT AND LEVEL,DRY,UNKNOWN,NOT ON SCENE (DESK REPORT),NO INJURY / DRIVE AWAY,,,,"OVER $1,500",10/10/2021 12:10:00 PM,IMPROPER LANE USAGE,UNABLE TO DETERMINE,6101,N,WESTERN AVE,2413.0,,,,,,,2,NO INDICATION OF INJURY,0.0,0.0,0.0,0.0,0.0,2.0,0.0,21,7,10,41.9923669505,-87.6895605877,POINT (-87.689560587667 41.99236695049)
e0ecf97d8de69b60ccfbbb29674e81c21c649fbef88c0905fa6eda42f6446c723bbc1080ea47aa1880b087842ca73507c556743e43b0a94b73d9870823acbfea,JG257408,,05/12/2023 12:30:00 AM,30,NO CONTROLS,UNKNOWN,CLEAR,"DARKNESS, LIGHTED ROAD",FIXED OBJECT,NOT DIVIDED,,STRAIGHT AND LEVEL,DRY,NO DEFECTS,ON SCENE,INJURY AND / OR TOW DUE TO CRASH,,,,"OVER $1,500",05/12/2023 12:37:00 AM,UNABLE TO DETERMINE,UNABLE TO DETERMINE,3728,W,115TH ST,2211.0,,,,,,,1,NO INDICATION OF INJURY,0.0,0.0,0.0,0.0,0.0,1.0,0.0,0,6,5,41.6841692195,-87.7139043248,POINT (-87.713904324823 41.684169219518)
2caf963795bd064950148798533a748ee416fffa404f410077cd12a773746cb8a99f924faa191afeebccd4392bae728cec63974832deb0dd6b7ee16cc8ea66a2,JA153671,,02/14/2017 02:52:00 PM,10,NO CONTROLS,NO CONTROLS,CLEAR,DAYLIGHT,ANGLE,PARKING LOT,1.0,STRAIGHT ON GRADE,DRY,NO DEFECTS,NOT ON SCENE (DESK REPORT),NO INJURY / DRIVE AWAY,,,,"OVER $1,500",02/14/2017 04:00:00 PM,FAILING TO YIELD RIGHT-OF-WAY,"VISION OBSCURED (SIGNS, TREE LIMBS, BUILDINGS, ETC.)",5645,W,ADDISON ST,1633.0,,,,,,,2,NO INDICATION OF INJURY,0.0,0.0,0.0,0.0,0.0,3.0,0.0,14,3,2,41.9457475747,-87.7685382793,POINT (-87.76853827934 41.945747574682)
122ada7d38c895c858172d6ddbed7667d59e72d236d4a3de34969c91ce6c24ea58441d71a72198426ff97eac143e426a5ab901209bbf3600f0c913c0955a5d4b,HZ249324,,04/30/2016 03:10:00 AM,35,TRAFFIC SIGNAL,FUNCTIONING PROPERLY,RAIN,DAYLIGHT,SIDESWIPE SAME DIRECTION,DIVIDED - W/MEDIAN (NOT RAISED),4.0,STRAIGHT AND LEVEL,WET,NO DEFECTS,NOT ON SCENE (DESK REPORT),NO INJURY / DRIVE AWAY,,,,$500 OR LESS,05/03/2016 08:45:00 AM,FAILING TO YIELD RIGHT-OF-WAY,FAILING TO YIELD RIGHT-OF-WAY,2200,S,MICHIGAN AVE,131.0,,,,,,,2,NO INDICATION OF INJURY,0.0,0.0,0.0,0.0,0.0,2.0,0.0,3,7,4,41.8527737152,-87.623952413,POINT (-87.62395241303 41.852773715173)
7a7add2d608ced70604927dc51538461bc823b59928173da363c0b10e897d863ce9df839ae3fabe5c41dda3cfab9f43941d5fc68f72cf0181b012ae4f0eef1a9,HZ463470,,10/06/2016 11:30:00 AM,30,TRAFFIC SIGNAL,FUNCTIONING PROPERLY,RAIN,DAYLIGHT,REAR END,NOT DIVIDED,2.0,STRAIGHT AND LEVEL,WET,NO DEFECTS,NOT ON SCENE (DESK REPORT),NO INJURY / DRIVE AWAY,,,,"OVER $1,500",10/06/2016 12:45:00 PM,FOLLOWING TOO CLOSELY,FAILING TO REDUCE SPEED TO AVOID CRASH,5201,N,CENTRAL AVE,1623.0,,,,,,,2,NO INDICATION OF INJURY,0.0,0.0,0.0,0.0,0.0,2.0,0.0,11,5,10,41.9757250993,-87.7683324523,POINT (-87.768332452294 41.975725099262)
797e4d5e61cdf1db3aef1bf96bad9cb72f890c8116a7946dd8543fb1e81884099ea011a51286e355bdfde7c1cf42b2d34ea6082442bd7a2ab4d18c9eb34c955b,JB357942,,07/20/2018 02:15:00 PM,30,TRAFFIC SIGNAL,FUNCTIONING PROPERLY,CLEAR,DAYLIGHT,SIDESWIPE SAME DIRECTION,NOT DIVIDED,,STRAIGHT AND LEVEL,WET,NO DEFECTS,NOT ON SCENE (DESK REPORT),NO INJURY / DRIVE AWAY,,,Y,"OVER $1,500",07/20/2018 04:04:00 PM,IMPROPER OVERTAKING/PASSING,FAILING TO REDUCE SPEED TO AVOID CRASH,1957,W,NORTH AVE,1424.0,Y,,,,,,2,NO INDICATION OF INJURY,0.0,0.0,0.0,0.0,0.0,2.0,0.0,14,6,7,41.910369898,-87.6774288742,POINT (-87.677428874245 41.910369898038)
cd4818cd8f5d2a62ea1605bf5787f4f552505450f78b50232f66f9ab9bfc725316c0b53b8721843980eeea1b63bf1dd76b7d191280ca46fc349fd0dd0030547d,JA494079,,11/01/2017 07:30:00 AM,30,NO CONTROLS,NO CONTROLS,CLEAR,DAYLIGHT,PARKED MOTOR VEHICLE,ONE-WAY,1.0,STRAIGHT AND LEVEL,DRY,NO DEFECTS,NOT ON SCENE (DESK REPORT),NO INJURY / DRIVE AWAY,,,,"OVER $1,500",11/01/2017 08:10:00 AM,UNABLE TO DETERMINE,UNABLE TO DETERMINE,6130,S,WOLCOTT AVE,714.0,,,,,,,2,NO INDICATION OF INJURY,0.0,0.0,0.0,0.0,0.0,1.0,0.0,7,4,11,41.7820427976,-87.6716985782,POINT (-87.671698578172 41.782042797594)
77128ea43e2b04928e9dbce5f25ad0b7762fc3a1ebff0eefbebfda997627316fb4b6e2e11baefde469cfceb5d4d3e27650fe7d6e8a145a2d99d0ae6c8c572491,JC512607,,11/16/2019 10:00:00 AM,30,NO CONTROLS,NO CONTROLS,CLEAR,DAYLIGHT,TURNING,NOT DIVIDED,,STRAIGHT AND LEVEL,DRY,NO DEFECTS,ON SCENE,INJURY AND / OR TOW DUE TO CRASH,,,,"OVER $1,500",11/16/2019 10:03:00 AM,FAILING TO YIELD RIGHT-OF-WAY,IMPROPER OVERTAKING/PASSING,1628,W,DIVERSEY PKWY,1931.0,,,,,,,2,"REPORTED, NOT EVIDENT",1.0,0.0,0.0,0.0,1.0,1.0,0.0,10,7,11,41.9324989399,-87.6695542945,POINT (-87.669554294496 41.932498939874)
44f8de672a6e2e97b8a8b593bcea91d999a32978ebce4bbba32a90132b9f5a057d01359cdb98171f0742bfb803071dd700f1c27f7c82fdb287b6863899c9b9e7,JA348718,,07/14/2017 07:00:00 PM,30,NO CONTROLS,NO CONTROLS,UNKNOWN,DARKNESS,PARKED MOTOR VEHICLE,NOT DIVIDED,2.0,STRAIGHT AND LEVEL,DRY,NO DEFECTS,NOT ON SCENE (DESK REPORT),NO INJURY / DRIVE AWAY,,,,"$501 - $1,500",07/15/2017 06:02:00 AM,FAILING TO REDUCE SPEED TO AVOID CRASH,HAD BEEN DRINKING (USE WHEN ARREST IS NOT MADE),346,E,95TH ST,633.0,,,,,,,2,NO INDICATION OF INJURY,0.0,0.0,0.0,0.0,0.0,1.0,0.0,19,6,7,41.7219918725,-87.6147098121,POINT (-87.614709812077 41.721991872532)
a059d071641930a049ed8b378745656a5d44c8039b2d72269144ef4e11e8aecb569bfccf8510f789ec98aa30c2a70b7fbbf2f3559cea40234d4cc5631dd19f3a,JB281063,,05/27/2018 02:00:00 PM,30,NO CONTROLS,NO CONTROLS,CLEAR,DAYLIGHT,PEDESTRIAN,NOT DIVIDED,2.0,STRAIGHT AND LEVEL,DRY,NO DEFECTS,NOT ON SCENE (DESK REPORT),NO INJURY / DRIVE AWAY,,,,$500 OR LESS,05/27/2018 03:52:00 PM,IMPROPER BACKING,NOT APPLICABLE,1700,S,LOOMIS ST,1233.0,,,,,,,2,NO INDICATION OF INJURY,0.0,0.0,0.0,0.0,0.0,2.0,0.0,14,1,5,41.8587329185,-87.6614876711,POINT (-87.66148767111 41.858732918483)
ada4a9dd05cee2dd5fe4bb30dc176494725dad4fda2f3e560be947071676e4fdf2d60413ad92381a23c187e120f96b27c5d11e8f233acef230cc371f2db0960e,JB474306,,10/13/2018 05:15:00 PM,30,TRAFFIC SIGNAL,UNKNOWN,CLEAR,DAYLIGHT,SIDESWIPE SAME DIRECTION,NOT DIVIDED,,STRAIGHT ON GRADE,DRY,UNKNOWN,NOT ON SCENE (DESK REPORT),NO INJURY / DRIVE AWAY,Y,,,"$501 - $1,500",10/13/2018 05:28:00 PM,IMPROPER OVERTAKING/PASSING,NOT APPLICABLE,1210,N,HALSTED ST,1822.0,,,,,,,2,NO INDICATION OF INJURY,0.0,0.0,0.0,0.0,0.0,3.0,0.0,17,7,10,41.9036983077,-87.6482453506,POINT (-87.648245350626 41.90369830765)
d88d03dad30bbca8ead9abd8a46be6f6af08ade1c41c4caeca4206085a9eb022658bbc783f38caf579872b097c043dce7c9e2d021aa64de256b2770e728e6822,JB134406,,01/29/2018 03:00:00 PM,30,NO CONTROLS,NO CONTROLS,CLEAR,DAYLIGHT,PARKED MOTOR VEHICLE,NOT DIVIDED,2.0,STRAIGHT AND LEVEL,DRY,NO DEFECTS,NOT ON SCENE (DESK REPORT),NO INJURY / DRIVE AWAY,,,Y,"$501 - $1,500",01/29/2018 07:16:00 PM,UNABLE TO DETERMINE,UNABLE TO DETERMINE,8935,S,MERRILL AVE,413.0,,,,,,,2,NO INDICATION OF INJURY,0.0,0.0,0.0,0.0,0.0,1.0,0.0,15,2,1,41.7324068947,-87.5718119142,POINT (-87.571811914211 41.732406894655)
7de1678460701632f7ab551aa2747492b2bfb73271b528c9172096c5d1410bc56586283f2429384de11a617092c40703a7980208a677d620a6e1be21bd025da5,JB569600,,12/26/2018 11:00:00 PM,30,NO CONTROLS,NO CONTROLS,CLEAR,"DARKNESS, LIGHTED ROAD",PARKED MOTOR VEHICLE,ONE-WAY,,STRAIGHT AND LEVEL,DRY,UNKNOWN,NOT ON SCENE (DESK REPORT),NO INJURY / DRIVE AWAY,,,Y,"OVER $1,500",12/27/2018 11:11:00 PM,UNABLE TO DETERMINE,UNABLE TO DETERMINE,3818,N,PULASKI RD,1732.0,,,,,,,2,NO INDICATION OF INJURY,0.0,0.0,0.0,0.0,0.0,1.0,0.0,23,4,12,41.950618565,-87.7276739736,POINT (-87.72767397357 41.950618564982)
f1a5b3900ca73e3bea3f416a95492e75c223d0b56b2c529ad0d18df3ef7e4ecb88dc77dd695246068e031aeb7c5cad2ae9616a3476856f614336bd1b9233288d,JB548388,,12/11/2018 06:30:00 AM,30,TRAFFIC SIGNAL,FUNCTIONING PROPERLY,CLEAR,DAWN,TURNING,NOT DIVIDED,2.0,STRAIGHT AND LEVEL,WET,NO DEFECTS,ON SCENE,NO INJURY / DRIVE AWAY,Y,,N,"OVER $1,500",12/11/2018 06:32:00 AM,NOT APPLICABLE,NOT APPLICABLE,5600,N,NAGLE AVE,1612.0,,N,,,,,2,NO INDICATION OF INJURY,0.0,0.0,0.0,0.0,0.0,2.0,0.0,6,3,12,41.983004344,-87.7878799714,POINT (-87.787879971407 41.983004344013)
350424856766108a620c6b8b988b4a04db4d8f05f20ee1a62d5b9f712812ef0d8f4c4f344085f5793c583f74d2287e4939421e8a965d818bda8395293a125f48,JA167896,,02/25/2017 05:30:00 PM,40,NO CONTROLS,NO CONTROLS,CLEAR,DUSK,REAR END,DIVIDED - W/MEDIAN BARRIER,8.0,"CURVE, LEVEL",DRY,NO DEFECTS,NOT ON SCENE (DESK REPORT),NO INJURY / DRIVE AWAY,,,,"OVER $1,500",02/26/2017 03:00:00 PM,UNABLE TO DETERMINE,NOT APPLICABLE,1000,N,LAKE SHORE DR SB,1824.0,,,,,,,2,NO INDICATION OF INJURY,0.0,0.0,0.0,0.0,0.0,3.0,0.0,17,7,2,41.9009589191,-87.6199281737,POINT (-87.619928173678 41.900958919109)
3e91f96c3137caf0ba049d690a83726f34eff0c251b8125dc6279f80462b64c6fba0b588a5e2439cc0094522ea68e68adb3d802d8ad24f635fc14f35a589f86d,JB103277,,01/03/2018 05:40:00 PM,30,TRAFFIC SIGNAL,FUNCTIONING PROPERLY,SNOW,"DARKNESS, LIGHTED ROAD",REAR END,DIVIDED - W/MEDIAN (NOT RAISED),2.0,STRAIGHT AND LEVEL,UNKNOWN,UNKNOWN,NOT ON SCENE (DESK REPORT),NO INJURY / DRIVE AWAY,,,,"OVER $1,500",01/03/2018 05:41:00 PM,FOLLOWING TOO CLOSELY,WEATHER,2,W,35TH ST,211.0,,,,,,,2,NO INDICATION OF INJURY,0.0,0.0,0.0,0.0,0.0,2.0,0.0,17,4,1,41.8311215749,-87.6267068009,POINT (-87.626706800906 41.831121574889)
1cfe15846a192748a505ec7669c4b616a01520290d661779fee0c30cac3ba5309f48f58096f832640499531a77c99b27786948a13f992e894704e19e3af4ff1a,JE437807,,11/07/2021 02:45:00 PM,30,TRAFFIC SIGNAL,FUNCTIONING PROPERLY,CLEAR,DAYLIGHT,REAR END,NOT DIVIDED,,STRAIGHT AND LEVEL,DRY,NO DEFECTS,NOT ON SCENE (DESK REPORT),NO INJURY / DRIVE AWAY,,,Y,"OVER $1,500",11/08/2021 08:15:00 AM,FOLLOWING TOO CLOSELY,UNABLE TO DETERMINE,6730,S,SOUTH SHORE DR,331.0,,,,,,,2,NO INDICATION OF INJURY,0.0,0.0,0.0,0.0,0.0,2.0,0.0,14,1,11,41.772627187,-87.5667665396,POINT (-87.566766539599 41.772627186963)
9e3b304ca2fad213370d616caedcae05468589c40e20a5da297ed52051d74c337a9149ad591a1af4a3b2b1fae60ebd5ef91230f1025493007c3ac5a7467cf988,JB549604,,12/11/2018 10:45:00 PM,30,NO CONTROLS,NO CONTROLS,CLEAR,"DARKNESS, LIGHTED ROAD",TURNING,NOT DIVIDED,2.0,STRAIGHT AND LEVEL,DRY,NO DEFECTS,ON SCENE,INJURY AND / OR TOW DUE TO CRASH,,,,"OVER $1,500",12/11/2018 10:48:00 PM,FAILING TO YIELD RIGHT-OF-WAY,IMPROPER TURNING/NO SIGNAL,6935,N,SHERIDAN RD,2431.0,,Y,,,,,2,NO INDICATION OF INJURY,0.0,0.0,0.0,0.0,0.0,4.0,0.0,22,3,12,42.0078836441,-87.6615096163,POINT (-87.661509616323 42.007883644073)
83d811a6367d3fbc0c4264f59e8ca40be8219e65dd45c8f0600932b751e1d3319bab9dfe94c6e66dce6dff82629fedebdd89a4a11e22f5594a3f6849a674625f,JB424454,,09/06/2018 10:30:00 AM,30,STOP SIGN/FLASHER,FUNCTIONING PROPERLY,RAIN,DAYLIGHT,SIDESWIPE OPPOSITE DIRECTION,NOT DIVIDED,,STRAIGHT AND LEVEL,WET,NO DEFECTS,ON SCENE,INJURY AND / OR TOW DUE TO CRASH,,,,"OVER $1,500",09/06/2018 10:36:00 AM,WEATHER,UNABLE TO DETERMINE,100,E,83RD ST,631.0,,,,,,,2,NONINCAPACITATING INJURY,1.0,0.0,0.0,1.0,0.0,5.0,0.0,10,5,9,41.7438170614,-87.6211074825,POINT (-87.621107482455 41.743817061391)
ea5ffc54e9a79dfdd5a335bcf34c59289a198778c372183da1108e75a27117beeb2782209849111248f854e8c913857dea39cb09bc9f0d9b87e8a28165650b1f,JC208947,,04/02/2019 01:00:00 PM,35,STOP SIGN/FLASHER,FUNCTIONING IMPROPERLY,CLEAR,DAYLIGHT,PEDESTRIAN,DIVIDED - W/MEDIAN BARRIER,4.0,STRAIGHT AND LEVEL,DRY,NO DEFECTS,NOT ON SCENE (DESK REPORT),INJURY AND / OR TOW DUE TO CRASH,Y,,,$500 OR LESS,04/02/2019 01:03:00 PM,FAILING TO YIELD RIGHT-OF-WAY,NOT APPLICABLE,766,N,OGDEN AVE,1215.0,,,,,,,2,NONINCAPACITATING INJURY,1.0,0.0,0.0,1.0,0.0,1.0,0.0,13,3,4,41.8959615485,-87.6550653905,POINT (-87.655065390467 41.895961548466)
23a44907ecac84cebd931334b1d2d1346207b187644af509fd7c01653378c98375f5ed02d1bf245b26d23198963d51e9065aa76a79564d5c5cdbc07a7c7b63ac,JA177950,,03/07/2017 08:25:00 AM,30,NO CONTROLS,NO CONTROLS,CLEAR,DAYLIGHT,PARKED MOTOR VEHICLE,DIVIDED - W/MEDIAN (NOT RAISED),,STRAIGHT AND LEVEL,DRY,NO DEFECTS,NOT ON SCENE (DESK REPORT),NO INJURY / DRIVE AWAY,Y,,,"$501 - $1,500",03/07/2017 09:32:00 AM,DISTRACTION - FROM INSIDE VEHICLE,DISTRACTION - FROM INSIDE VEHICLE,28,E,37TH PL,213.0,,,,,,,2,NO INDICATION OF INJURY,0.0,0.0,0.0,0.0,0.0,2.0,0.0,8,3,3,41.8265792477,-87.6252149209,POINT (-87.625214920886 41.826579247717)
4be982fb19e956c92b426ee7abcff90527afe4bc76ee3972d8f4b3d87d9f1670f39c974169ccd534c8ccca45e38792ea0b03401ce7f98faa0778e807461270af,JC385976,,08/09/2019 07:20:00 PM,30,STOP SIGN/FLASHER,FUNCTIONING PROPERLY,CLEAR,DAYLIGHT,ANGLE,DIVIDED - W/MEDIAN (NOT RAISED),,STRAIGHT AND LEVEL,DRY,NO DEFECTS,ON SCENE,INJURY AND / OR TOW DUE TO CRASH,Y,,,"OVER $1,500",08/09/2019 08:15:00 PM,DISREGARDING STOP SIGN,FAILING TO REDUCE SPEED TO AVOID CRASH,4300,W,NORTH AVE,2534.0,,,,,,,3,"REPORTED, NOT EVIDENT",2.0,0.0,0.0,0.0,2.0,1.0,0.0,19,6,8,41.9098976646,-87.7337682263,POINT (-87.73376822625 41.909897664645)
557eb0cb7768898554b8172f9c1ddd899462701d4ffb086ec2b3716354047ebdb1b2384cc2c5bb4decef42fe29ac43e880f60d4a2d96cb4f91b19677141edad3,JA307289,,06/14/2017 07:30:00 PM,5,NO CONTROLS,NO CONTROLS,RAIN,DUSK,PARKED MOTOR VEHICLE,PARKING LOT,,STRAIGHT AND LEVEL,WET,NO DEFECTS,NOT ON SCENE (DESK REPORT),NO INJURY / DRIVE AWAY,,Y,Y,"OVER $1,500",06/14/2017 09:30:00 PM,UNABLE TO DETERMINE,NOT APPLICABLE,3953,W,CHICAGO AVE,1112.0,,,,,,,2,NO INDICATION OF INJURY,0.0,0.0,0.0,0.0,0.0,1.0,0.0,19,4,6,41.8952609502,-87.7257442925,POINT (-87.725744292454 41.895260950237)
03663e88395d26e5e1d15e87a256e6158ee5d632bcdf82d7bceda1693c5a364f7e1d2acc739aae65ca7b5460bc6d48450aa8d7f1b3d5b202e837399648c729a6,JF288969,,06/21/2022 06:42:00 PM,35,NO CONTROLS,NO CONTROLS,CLEAR,DAYLIGHT,PEDALCYCLIST,NOT DIVIDED,,STRAIGHT AND LEVEL,DRY,NO DEFECTS,ON SCENE,INJURY AND / OR TOW DUE TO CRASH,,,Y,$500 OR LESS,06/21/2022 06:42:00 PM,DRIVING SKILLS/KNOWLEDGE/EXPERIENCE,DRIVING SKILLS/KNOWLEDGE/EXPERIENCE,733,W,59TH ST,711.0,,,,,,,2,"REPORTED, NOT EVIDENT",1.0,0.0,0.0,0.0,1.0,1.0,0.0,18,3,6,41.7869340927,-87.6438184982,POINT (-87.643818498212 41.786934092746)
1bb7d7c6a4a839d2dc94e56fedc27e176031e595d2dfd4fb4f2b0bc5a3ea0f4d9cf47d32d33379d9684ea6cdb965a917398bd7e6c7ea3cef6d3eee09b35b0081,JE412560,,10/17/2021 08:00:00 AM,35,NO CONTROLS,NO CONTROLS,CLEAR,DAYLIGHT,PARKED MOTOR VEHICLE,NOT DIVIDED,,STRAIGHT AND LEVEL,DRY,NO DEFECTS,ON SCENE,NO INJURY / DRIVE AWAY,,,Y,"$501 - $1,500",10/17/2021 09:30:00 AM,UNABLE TO DETERMINE,UNABLE TO DETERMINE,5520,S,PULASKI RD,813.0,,,,,,,2,NO INDICATION OF INJURY,0.0,0.0,0.0,0.0,0.0,1.0,0.0,8,1,10,41.7924640583,-87.7232832043,POINT (-87.7232832043 41.792464058269)
56e9615470d4545036cdce9d3af41e7d184544badbe18f20fa1c7fffcbe768160a674b306b4b33585cdb48c2e007306e5437949c265dcf63f1226a25d6f34a57,JD217246,,04/25/2020 11:29:00 PM,25,NO CONTROLS,NO CONTROLS,CLOUDY/OVERCAST,"DARKNESS, LIGHTED ROAD",FIXED OBJECT,DIVIDED - W/MEDIAN BARRIER,,"CURVE, LEVEL",WET,NO DEFECTS,ON SCENE,INJURY AND / OR TOW DUE TO CRASH,,,,"OVER $1,500",04/25/2020 11:29:00 PM,FAILING TO REDUCE SPEED TO AVOID CRASH,"OPERATING VEHICLE IN ERRATIC, RECKLESS, CARELESS, NEGLIGENT OR AGGRESSIVE MANNER",1000,N,LAKE SHORE DR NB,1824.0,,,,,,,1,NO INDICATION OF INJURY,0.0,0.0,0.0,0.0,0.0,1.0,0.0,23,7,4,41.9009589191,-87.6199281737,POINT (-87.619928173678 41.900958919109)
4562bfcbacab3a81f84da86e202c5e372feebb79c1e072a4eac6556bd570594d1cdd9fadf004d5ba117b4762c7e8739bbda1b7e8f69dd831bb342d09eb2c534d,JD391862,,10/07/2020 02:35:00 PM,30,TRAFFIC SIGNAL,FUNCTIONING PROPERLY,CLEAR,DAYLIGHT,TURNING,DIVIDED - W/MEDIAN (NOT RAISED),,STRAIGHT AND LEVEL,DRY,NO DEFECTS,ON SCENE,INJURY AND / OR TOW DUE TO CRASH,Y,,,"OVER $1,500",10/07/2020 03:45:00 PM,FAILING TO YIELD RIGHT-OF-WAY,NOT APPLICABLE,3000,N,PULASKI RD,2523.0,,,,,,,2,NO INDICATION OF INJURY,0.0,0.0,0.0,0.0,0.0,4.0,0.0,14,4,10,41.9354750357,-87.7272280124,POINT (-87.727228012437 41.935475035715)
268d3d9bfd832757eae290dbd80c00cb0e7a505b59e1ce0a0bb6f5104c036ffb2b616c02874e21bc73d09bdbb266164e6de32778135837a6e08fe3c6a5baf8f5,JG351980,,07/22/2023 06:50:00 PM,35,TRAFFIC SIGNAL,FUNCTIONING PROPERLY,RAIN,DUSK,REAR END,DIVIDED - W/MEDIAN BARRIER,,STRAIGHT AND LEVEL,WET,NO DEFECTS,ON SCENE,INJURY AND / OR TOW DUE TO CRASH,,,,"OVER $1,500",07/22/2023 06:56:00 PM,UNABLE TO DETERMINE,UNABLE TO DETERMINE,5859,N,LINCOLN AVE,2011.0,,,,,,,2,"REPORTED, NOT EVIDENT",1.0,0.0,0.0,0.0,1.0,2.0,0.0,18,7,7,41.9880326345,-87.7031850016,POINT (-87.703185001645 41.988032634451)
2bcce90d654e4d535792d55f4a745724b23443c3faee891b88be99013af337c1c8b7526b4e373651797203c4f2abdf00a66215dbf37dff6332c08a0dfa0c8497,JC211425,N,04/03/2019 12:00:00 PM,30,NO CONTROLS,NO CONTROLS,CLEAR,"DARKNESS, LIGHTED ROAD",PARKED MOTOR VEHICLE,PARKING LOT,,STRAIGHT AND LEVEL,DRY,NO DEFECTS,NOT ON SCENE (DESK REPORT),NO INJURY / DRIVE AWAY,,,Y,"$501 - $1,500",04/04/2019 01:20:00 PM,UNABLE TO DETERMINE,NOT APPLICABLE,7600,S,ASHLAND AVE,611.0,,,,,,,2,NO INDICATION OF INJURY,0.0,0.0,0.0,0.0,0.0,1.0,0.0,12,4,4,41.7557194408,-87.6637177842,POINT (-87.663717784195 41.755719440847)
e491cba6c672ba32fcc094ce442381ddbb4f0ed28844b5017d59fb0369e84ae9626c9177b38a615defae89567042731580b416100c973d544cd2546e8bb17aa9,JD367211,,09/14/2020 05:22:00 PM,30,STOP SIGN/FLASHER,FUNCTIONING PROPERLY,CLEAR,DAYLIGHT,ANGLE,NOT DIVIDED,,STRAIGHT AND LEVEL,DRY,NO DEFECTS,ON SCENE,INJURY AND / OR TOW DUE TO CRASH,Y,,,"OVER $1,500",09/14/2020 05:23:00 PM,FAILING TO YIELD RIGHT-OF-WAY,FAILING TO REDUCE SPEED TO AVOID CRASH,2900,N,CENTRAL AVE,2514.0,,,,,,,2,NO INDICATION OF INJURY,0.0,0.0,0.0,0.0,0.0,2.0,0.0,17,2,9,41.9331889972,-87.7664596188,POINT (-87.766459618755 41.933188997167)