CRASH_RECORD_ID,RD_NO,CRASH_DATE_EST_I,CRASH_DATE,POSTED_SPEED_LIMIT,TRAFFIC_CONTROL_DEVICE,DEVICE_CONDITION,WEATHER_CONDITION,LIGHTING_CONDITION,FIRST_CRASH_TYPE,TRAFFICWAY_TYPE,LANE_CNT,ALIGNMENT,ROADWAY_SURFACE_COND,ROAD_DEFECT,REPORT_TYPE,CRASH_TYPE,INTERSECTION_RELATED_I,NOT_RIGHT_OF_WAY_I,HIT_AND_RUN_I,DAMAGE,DATE_POLICE_NOTIFIED,PRIM_CONTRIBUTORY_CAUSE,SEC_CONTRIBUTORY_CAUSE,STREET_NO,STREET_DIRECTION,STREET_NAME,BEAT_OF_OCCURRENCE,PHOTOS_TAKEN_I,STATEMENTS_TAKEN_I,DOORING_I,WORK_ZONE_I,WORK_ZONE_TYPE,WORKERS_PRESENT_I,NUM_UNITS,MOST_SEVERE_INJURY,INJURIES_TOTAL,INJURIES_FATAL,INJURIES_INCAPACITATING,INJURIES_NON_INCAPACITATING,INJURIES_REPORTED_NOT_EVIDENT,INJURIES_NO_INDICATION,INJURIES_UNKNOWN,CRASH_HOUR,CRASH_DAY_OF_WEEK,CRASH_MONTH,LATITUDE,LONGITUDE,LOCATION
ac90c824263013b163f9284a865c633ef1cb2d2c74f93378c55a8843a29d4d7a638b5efa16fee0041f0967f4306623073d241cdf780d0d3f71d148c8cba73354,JF509911,,12/14/2022 08:30:00 AM,30,STOP SIGN/FLASHER,FUNCTIONING PROPERLY,RAIN,DAYLIGHT,PEDESTRIAN,NOT DIVIDED,,STRAIGHT AND LEVEL,WET,NO DEFECTS,NOT ON SCENE (DESK REPORT),INJURY AND / OR TOW DUE TO CRASH,Y,,,$500 OR LESS,12/14/2022 08:35:00 AM,FAILING TO YIELD RIGHT-OF-WAY,NOT APPLICABLE,2145,N,CALIFORNIA AVE,1431.0,,,,,,,2,NONINCAPACITATING INJURY,1.0,0.0,0.0,1.0,0.0,1.0,0.0,8,4,12,41.9208362309,-87.6971500552,POINT (-87.697150055215 41.920836230902)
aab43c59e1f114b8199210e9be6571396b228ffe2a3bea678a20f61d459895abf9660d9b087d27c52c0756e747f14c953ae3382419b8cc8182b64a8b62305b65,JD412217,,10/27/2020 09:00:00 AM,30,OTHER,OTHER,RAIN,DAYLIGHT,SIDESWIPE SAME DIRECTION,OTHER,,STRAIGHT AND LEVEL,WET,NO DEFECTS,NOT ON SCENE (DESK REPORT),NO INJURY / DRIVE AWAY,,,,"$501 - $1,500",10/27/2020 10:00:00 AM,DRIVING SKILLS/KNOWLEDGE/EXPERIENCE,UNABLE TO DETERMINE,4800,W,FULTON ST,1532.0,,,,,,,2,NO INDICATION OF INJURY,0.0,0.0,0.0,0.0,0.0,2.0,0.0,9,3,10,41.8858515589,-87.7455325262,POINT (-87.745532526178 41.885851558869)
de56dd7a3365c9009c4edbf03f5ac1d0e5b750f4acc66fba934a25ade7367be05b2001636886899168cf761877df6668085af8176122b69cd2e82425cc001990,JF287413,,06/20/2022 08:00:00 AM,30,NO CONTROLS,NO CONTROLS,UNKNOWN,"DARKNESS, LIGHTED ROAD",PARKED MOTOR VEHICLE,ONE-WAY,,STRAIGHT AND LEVEL,UNKNOWN,UNKNOWN,NOT ON SCENE (DESK REPORT),NO INJURY / DRIVE AWAY,,,Y,"$501 - $1,500",06/20/2022 04:20:00 PM,UNABLE TO DETERMINE,NOT APPLICABLE,8900,S,MORGAN ST,2222.0,,,,,,,2,NO INDICATION OF INJURY,0.0,0.0,0.0,0.0,0.0,1.0,0.0,8,2,6,41.7323308722,-87.6485403409,POINT (-87.648540340927 41.732330872226)
e5398256c12ffea1627759eae875b0cef143b14fc2a2520507c8319115ec5ad8f55adb1bd998d2a62a9fc756a7ce69bb0551d605e3e9f5a3282eade9e4e846b3,JD174591,,03/05/2020 07:55:00 AM,30,NO CONTROLS,NO CONTROLS,CLEAR,DAYLIGHT,PEDESTRIAN,FOUR WAY,,STRAIGHT AND LEVEL,DRY,NO DEFECTS,ON SCENE,INJURY AND / OR TOW DUE TO CRASH,Y,,,$500 OR LESS,03/05/2020 07:59:00 AM,"VISION OBSCURED (SIGNS, TREE LIMBS, BUILDINGS, ETC.)",UNABLE TO DETERMINE,3901,W,JACKSON BLVD,1132.0,,,,,,,2,"REPORTED, NOT EVIDENT",1.0,0.0,0.0,0.0,1.0,1.0,0.0,7,5,3,41.8770069147,-87.7232249499,POINT (-87.723224949876 41.877006914672)
31b2da15ea01c94792d9b633a563dc38b493957c93f05d292d6d30671bed4d486f7074339276012d03c613e61882947a247d5f4659ade5bf363aa2ae866afb86,HZ365612,,07/13/2016 04:00:00 PM,30,NO CONTROLS,NO CONTROLS,CLEAR,DAYLIGHT,REAR END,NOT DIVIDED,2.0,STRAIGHT AND LEVEL,DRY,NO DEFECTS,NOT ON SCENE (DESK REPORT),NO INJURY / DRIVE AWAY,,,,"OVER $1,500",07/26/2016 05:20:00 PM,FOLLOWING TOO CLOSELY,DRIVING ON WRONG SIDE/WRONG WAY,5078,S,ARCHER AVE,815.0,,,,,,,2,NO INDICATION OF INJURY,0.0,0.0,0.0,0.0,0.0,2.0,0.0,16,4,7,41.8011141475,-87.7279201343,POINT (-87.727920134287 41.801114147503)
619602bc90097c3f2cf3091bfa227a8d941e7998659a3c4b7c02b1f06ff4ad8b18411932872dbccc0def8f5fdb6813130cc5f468eb67a2f087b79c8fd8d53c40,JC139941,,01/23/2019 03:30:00 PM,30,NO CONTROLS,NO CONTROLS,RAIN,DUSK,SIDESWIPE SAME DIRECTION,NOT DIVIDED,,STRAIGHT AND LEVEL,WET,NO DEFECTS,NOT ON SCENE (DESK REPORT),NO INJURY / DRIVE AWAY,,,,"OVER $1,500",02/04/2019 02:58:00 PM,UNABLE TO DETERMINE,NOT APPLICABLE,1225,N,LAKE SHORE DR NB,1824.0,,,,,,,2,NO INDICATION OF INJURY,0.0,0.0,0.0,0.0,0.0,2.0,0.0,15,4,1,41.9048124993,-87.6244055012,POINT (-87.624405501191 41.904812499282)
a327a37e8d33accf53f7a3822482bbecc526054c8630fcb1ab7a63e599b9e217a3a4935f2db878e5fd01bb957d3ea08b4b22c27483ade4b748c78a08ad8c5b0e,JC478617,,10/18/2019 11:00:00 PM,15,NO CONTROLS,UNKNOWN,CLEAR,DARKNESS,PARKED MOTOR VEHICLE,PARKING LOT,,STRAIGHT AND LEVEL,DRY,NO DEFECTS,NOT ON SCENE (DESK REPORT),NO INJURY / DRIVE AWAY,,Y,Y,"$501 - $1,500",10/19/2019 03:08:00 PM,UNABLE TO DETERMINE,NOT APPLICABLE,2656,N,CENTRAL AVE,2514.0,,,,,,,2,NO INDICATION OF INJURY,0.0,0.0,0.0,0.0,0.0,1.0,0.0,23,6,10,41.9293455632,-87.7663249458,POINT (-87.766324945765 41.929345563185)
de1d3d723faba59afc3b9edd6694d0be2c2d165be9d939ee6565d9c9ce3e1ba1617fe7247d7548b64af176984fdb79f58d8968df09bdd07c99face5114fde24b,HY474891,,10/24/2015 02:45:00 PM,30,NO CONTROLS,NO CONTROLS,CLEAR,DAYLIGHT,REAR END,NOT DIVIDED,2.0,STRAIGHT AND LEVEL,DRY,NO DEFECTS,NOT ON SCENE (DESK REPORT),INJURY AND / OR TOW DUE TO CRASH,,,,"OVER $1,500",10/24/2015 03:45:00 PM,FOLLOWING TOO CLOSELY,NOT APPLICABLE,6037,W,MONTROSE AVE,1624.0,,,,,,,3,NO INDICATION OF INJURY,0.0,0.0,0.0,0.0,0.0,4.0,0.0,14,7,10,41.9602203075,-87.7784681036,POINT (-87.778468103568 41.960220307478)
a1a1a00e1d45e69db7be20b22f2c45fb385fb0d452956fc76f311844378e0c5fa62f2aa161f3c1463e29dddbe876acbcdca25d7ef3f6800faad29dcbbc23b07c,JE261858,,06/10/2021 12:30:00 PM,30,TRAFFIC SIGNAL,FUNCTIONING PROPERLY,CLEAR,DAYLIGHT,SIDESWIPE SAME DIRECTION,FOUR WAY,,STRAIGHT AND LEVEL,DRY,NO DEFECTS,NOT ON SCENE (DESK REPORT),NO INJURY / DRIVE AWAY,,,,"$501 - $1,500",06/11/2021 10:35:00 AM,IMPROPER TURNING/NO SIGNAL,UNABLE TO DETERMINE,800,W,119TH ST,524.0,,,,,,,2,NO INDICATION OF INJURY,0.0,0.0,0.0,0.0,0.0,2.0,0.0,12,5,6,41.6779233891,-87.6419896458,POINT (-87.64198964584 41.677923389134)
20080227d5f59cbc683c63df13e59864c25ccb381a583a650a91f4e7a8a66d972765415e3c6058aae475e7919336112a36adcaa1b2f32a59ee37668bb328b571,JC285922,Y,05/08/2019 06:00:00 AM,25,NO CONTROLS,NO CONTROLS,UNKNOWN,UNKNOWN,PARKED MOTOR VEHICLE,ONE-WAY,,STRAIGHT AND LEVEL,UNKNOWN,UNKNOWN,NOT ON SCENE (DESK REPORT),NO INJURY / DRIVE AWAY,,,Y,"OVER $1,500",05/31/2019 09:45:00 AM,UNABLE TO DETERMINE,UNABLE TO DETERMINE,3749,N,BOSWORTH AVE,1922.0,,,,,,,2,NO INDICATION OF INJURY,0.0,0.0,0.0,0.0,0.0,1.0,0.0,6,4,5,41.9502852172,-87.6675821172,POINT (-87.667582117211 41.950285217229)
30eb4848ae59ce01b5692169b8c284c4ac99e476c37d4ee8d83f4f9203dc4a41cc058aaaad2a97e71df7d9e3b08f5a5c250d21046f3d11bfe75755dbbed77662,JB286833,,05/31/2018 03:00:00 PM,30,NO CONTROLS,NO CONTROLS,CLEAR,DAYLIGHT,SIDESWIPE SAME DIRECTION,DIVIDED - W/MEDIAN (NOT RAISED),2.0,STRAIGHT AND LEVEL,DRY,NO DEFECTS,ON SCENE,INJURY AND / OR TOW DUE TO CRASH,,,,"$501 - $1,500",05/31/2018 03:15:00 PM,IMPROPER TURNING/NO SIGNAL,NOT APPLICABLE,10199,S,STATE ST,511.0,,,,,,,2,NO INDICATION OF INJURY,0.0,0.0,0.0,0.0,0.0,3.0,0.0,15,5,5,41.7090319012,-87.6234131273,POINT (-87.623413127345 41.70903190115)
bf1a3a2e27aef0a19250d308b827ec8c211ae0d488cf64dda1adf7aba25239ca75f80e74aba67c22b0bc72c1d2547ae565f32b122a5eeef56f419b4b44159d81,HZ120867,Y,01/18/2016 06:00:00 AM,25,NO CONTROLS,NO CONTROLS,CLEAR,UNKNOWN,PARKED MOTOR VEHICLE,NOT DIVIDED,2.0,STRAIGHT AND LEVEL,DRY,NO DEFECTS,NOT ON SCENE (DESK REPORT),NO INJURY / DRIVE AWAY,,,Y,"$501 - $1,500",01/19/2016 03:15:00 PM,UNABLE TO DETERMINE,NOT APPLICABLE,444,W,FULLERTON PKWY,1935.0,,,,,,,2,NO INDICATION OF INJURY,0.0,0.0,0.0,0.0,0.0,1.0,0.0,6,2,1,41.9256872635,-87.6409582396,POINT (-87.640958239588 41.925687263511)
38935390b055a3561cc84f28e4b588dd41ed1e94d176c18991b63d871ec111c427b25157627bce5d2e93c71b8be60785280d7f2f9b3c66e9b8c96f9df77d7312,JG449442,,10/03/2023 03:55:00 PM,30,NO CONTROLS,NO CONTROLS,CLEAR,DAYLIGHT,SIDESWIPE SAME DIRECTION,NOT DIVIDED,,STRAIGHT AND LEVEL,DRY,NO DEFECTS,NOT ON SCENE (DESK REPORT),NO INJURY / DRIVE AWAY,,,Y,"OVER $1,500",10/03/2023 05:49:00 PM,IMPROPER OVERTAKING/PASSING,NOT APPLICABLE,4756,S,KEDZIE AVE,821.0,,,,,,,2,NO INDICATION OF INJURY,0.0,0.0,0.0,0.0,0.0,3.0,0.0,15,3,10,41.8064604261,-87.7040748123,POINT (-87.704074812339 41.80646042608)
096c6f80e8b5d85f83d642140cb67902633e39e87fe5c89c9e7f3b5f0d8a6f8fcb02def1fec9c327cca2ecaed5e786c98640e0ebc44d277835f3e5877462654d,JG306347,,06/18/2023 09:00:00 PM,35,UNKNOWN,UNKNOWN,CLEAR,UNKNOWN,REAR END,UNKNOWN,,STRAIGHT AND LEVEL,UNKNOWN,UNKNOWN,NOT ON SCENE (DESK REPORT),NO INJURY / DRIVE AWAY,,,,"OVER $1,500",06/18/2023 09:40:00 PM,UNABLE TO DETERMINE,NOT APPLICABLE,4407,W,GLADYS AVE,1131.0,,,,,,,2,NO INDICATION OF INJURY,0.0,0.0,0.0,0.0,0.0,4.0,0.0,21,1,6,41.875941532,-87.7356651675,POINT (-87.735665167474 41.875941531985)
180a7275f3509b7a1f5cce134d95347a821334fb871b5cfd2677cf19d0a9638ab7af06c6a84b15102073b0e9ed516ceef127d3f1c02e8bc144a6cb1e24c8eb12,JG350685,,07/21/2023 06:00:00 PM,5,NO CONTROLS,NO CONTROLS,CLEAR,DAYLIGHT,REAR TO SIDE,PARKING LOT,,STRAIGHT AND LEVEL,DRY,NO DEFECTS,NOT ON SCENE (DESK REPORT),NO INJURY / DRIVE AWAY,,Y,,"OVER $1,500",07/21/2023 06:20:00 PM,DRIVING SKILLS/KNOWLEDGE/EXPERIENCE,PHYSICAL CONDITION OF DRIVER,3317,W,NORTH AVE,1422.0,,,,,,,2,NO INDICATION OF INJURY,0.0,0.0,0.0,0.0,0.0,2.0,0.0,18,6,7,41.9099620935,-87.7102257626,POINT (-87.710225762582 41.909962093465)
80edbdea4f4a5f712c0cabbc1b0936b253add5e6232309de9c6a49618cd84ec1e7df50b73a4e072b0416119bf5eb85e309ceb07f1dfb729c829fc7144fc1b3a2,HZ208325,,03/31/2016 12:31:00 AM,30,NO CONTROLS,NO CONTROLS,CLEAR,DAYLIGHT,PARKED MOTOR VEHICLE,NOT DIVIDED,1.0,STRAIGHT AND LEVEL,DRY,UNKNOWN,NOT ON SCENE (DESK REPORT),NO INJURY / DRIVE AWAY,,,N,"$501 - $1,500",03/31/2016 04:31:00 PM,FOLLOWING TOO CLOSELY,FOLLOWING TOO CLOSELY,8631,S,WOOD ST,614.0,,,,,,,2,NO INDICATION OF INJURY,0.0,0.0,0.0,0.0,0.0,1.0,0.0,0,5,3,41.7366094376,-87.6677964272,POINT (-87.667796427172 41.736609437644)
3399a73b99cdc8705f6c7b6731ce252395d70f5b17f77fd92cc7fa22ee9f8383aed95dbb44293a8feb27eee7c4c831c9767e2ce56f177f8b2f32ebf83f3f6b8b,JB229664,,04/19/2018 11:11:00 AM,30,NO CONTROLS,NO CONTROLS,CLEAR,DAYLIGHT,SIDESWIPE SAME DIRECTION,NOT DIVIDED,2.0,STRAIGHT AND LEVEL,DRY,NO DEFECTS,NOT ON SCENE (DESK REPORT),NO INJURY / DRIVE AWAY,,,,"OVER $1,500",04/19/2018 11:42:00 AM,FAILING TO YIELD RIGHT-OF-WAY,IMPROPER OVERTAKING/PASSING,5728,N,CENTRAL AVE,1622.0,,,,,,,2,NO INDICATION OF INJURY,0.0,0.0,0.0,0.0,0.0,3.0,0.0,11,5,4,41.9855776421,-87.7684350786,POINT (-87.768435078591 41.985577642113)
a4d2a4817b4a4863c3b82854b8e7ab411e6a842de400d52c6edd8a919e835c297d2034f4d1017f6822041edf407e968e2bfe0a86f5ef689e2b752838ab67e89b,JC262337,,05/14/2019 07:30:00 AM,30,NO CONTROLS,NO CONTROLS,CLEAR,DAYLIGHT,PARKED MOTOR VEHICLE,DIVIDED - W/MEDIAN (NOT RAISED),,STRAIGHT AND LEVEL,DRY,NO DEFECTS,ON SCENE,NO INJURY / DRIVE AWAY,,,Y,$500 OR LESS,05/14/2019 08:30:00 AM,UNABLE TO DETERMINE,NOT APPLICABLE,2250,S,WABASH AVE,131.0,,,,,,,2,NO INDICATION OF INJURY,0.0,0.0,0.0,0.0,0.0,1.0,0.0,7,3,5,41.8513931697,-87.6256139334,POINT (-87.625613933414 41.851393169721)
ee2fb82a6efeeeb41b82cf0b8d5907eeb74f9e55d39fb8c072810c089d273f3738778bf1bcabcb0430dfb9ab0c7668295c7810d30b8c3663686dbdb7b40b0a05,JB555940,,12/16/2018 03:30:00 PM,30,STOP SIGN/FLASHER,FUNCTIONING PROPERLY,CLEAR,DAYLIGHT,ANGLE,NOT DIVIDED,,STRAIGHT AND LEVEL,DRY,NO DEFECTS,NOT ON SCENE (DESK REPORT),NO INJURY / DRIVE AWAY,,,,"$501 - $1,500",12/16/2018 04:04:00 PM,FOLLOWING TOO CLOSELY,FOLLOWING TOO CLOSELY,10000,S,STATE ST,511.0,,,,,,,2,NO INDICATION OF INJURY,0.0,0.0,0.0,0.0,0.0,2.0,0.0,15,1,12,41.7125788384,-87.6237768314,POINT (-87.623776831423 41.712578838415)
f36f680451de5cb893e8552f911a9387c20bec9a364abc6809f5f23f186ea5271e5ac5c92adb806cf22fc0423d13abaedbc8f7ce1ef92a7034be180229a59263,JG454883,,10/06/2023 07:45:00 PM,30,TRAFFIC SIGNAL,FUNCTIONING PROPERLY,CLEAR,DAYLIGHT,REAR END,ONE-WAY,,STRAIGHT AND LEVEL,DRY,NO DEFECTS,NOT ON SCENE (DESK REPORT),NO INJURY / DRIVE AWAY,Y,,Y,"OVER $1,500",10/07/2023 05:30:00 PM,IMPROPER BACKING,UNABLE TO DETERMINE,4801,W,LEXINGTON ST,1533.0,Y,,,,,,2,NO INDICATION OF INJURY,0.0,0.0,0.0,0.0,0.0,2.0,0.0,19,6,10,41.8710704833,-87.7449739046,POINT (-87.744973904635 41.871070483337)
b4425bdb32d09625b62265d8b92d81a2bf0eec8f0e4e0238d732135985cbb0f5f5d83aa3bd9101d95639238b0a494cb60f6c53429411d5511fa97082b3963ea5,JC522838,,11/24/2019 01:55:00 PM,30,NO CONTROLS,FUNCTIONING PROPERLY,CLEAR,DAYLIGHT,REAR END,ONE-WAY,,STRAIGHT AND LEVEL,DRY,NO DEFECTS,NOT ON SCENE (DESK REPORT),NO INJURY / DRIVE AWAY,,,,"OVER $1,500",11/24/2019 02:30:00 PM,FOLLOWING TOO CLOSELY,NOT APPLICABLE,1400,N,NOBLE ST,1433.0,,,,,,,2,NO INDICATION OF INJURY,0.0,0.0,0.0,0.0,0.0,2.0,0.0,13,1,11,41.9070867024,-87.6628743202,POINT (-87.662874320221 41.907086702358)
dc764df71abe0c8dd7beb6e1f175d7de2bbf245bbed134409da3517a93aace3e8605bbe1ed9ed2f6a2e85ed055277f02a5ca6db711885146013e52ce5116d27f,JB416420,,08/31/2018 11:45:00 AM,30,OTHER REG. SIGN,FUNCTIONING PROPERLY,CLEAR,DAYLIGHT,REAR END,DIVIDED - W/MEDIAN BARRIER,,STRAIGHT AND LEVEL,DRY,NO DEFECTS,ON SCENE,NO INJURY / DRIVE AWAY,Y,,,$500 OR LESS,08/31/2018 12:36:00 PM,DISREGARDING OTHER TRAFFIC SIGNS,NOT APPLICABLE,135,W,CERMAK RD,914.0,,,,,,,2,NO INDICATION OF INJURY,0.0,0.0,0.0,0.0,0.0,2.0,0.0,11,6,8,41.8527582466,-87.6308673762,POINT (-87.630867376171 41.852758246635)
75764bad9a364b10c58b6ff8950aea147f5ffa55d784a08593e6ba8ac1fa1b75c4ee06381457e293757285c00c4dbde0359e1c1201e8e473db6f74e8cb89377f,HZ136865,,02/01/2016 03:45:00 PM,30,STOP SIGN/FLASHER,FUNCTIONING PROPERLY,CLEAR,DAYLIGHT,REAR END,DIVIDED - W/MEDIAN (NOT RAISED),,STRAIGHT AND LEVEL,DRY,NO DEFECTS,NOT ON SCENE (DESK REPORT),NO INJURY / DRIVE AWAY,Y,,,"OVER $1,500",02/01/2016 04:40:00 PM,FOLLOWING TOO CLOSELY,"OPERATING VEHICLE IN ERRATIC, RECKLESS, CARELESS, NEGLIGENT OR AGGRESSIVE MANNER",6300,S,HALSTED ST,723.0,,,,,,,2,NO INDICATION OF INJURY,0.0,0.0,0.0,0.0,0.0,3.0,0.0,15,2,2,41.7796575004,-87.6449309928,POINT (-87.644930992789 41.779657500363)
2bf00c898944bf54547385529ba9a0ec7c6f693163b8ad17b74951f176d47fcd9a78a4810dc12c33ce0c4677611818573d620db430219f94a18098e21015a166,JE303599,,07/16/2021 12:05:00 PM,10,NO CONTROLS,NO CONTROLS,CLEAR,DAYLIGHT,PARKED MOTOR VEHICLE,PARKING LOT,,STRAIGHT AND LEVEL,DRY,NO DEFECTS,NOT ON SCENE (DESK REPORT),NO INJURY / DRIVE AWAY,,,Y,"OVER $1,500",07/16/2021 04:15:00 PM,UNABLE TO DETERMINE,UNABLE TO DETERMINE,3357,W,HARRISON ST,1134.0,,,,,,,2,NO INDICATION OF INJURY,0.0,0.0,0.0,0.0,0.0,1.0,0.0,12,6,7,41.8735201676,-87.7106393683,POINT (-87.710639368304 41.873520167592)
824225f1b1259607589a6db94087d0e6a31e5c84bdab24df01e1f994df65cee9e5b6058ef0f0dd5c97fc07fe07396d30dfd6d2a0f52035d0cbd1a898e78e0636,JC340957,Y,07/03/2019 05:00:00 PM,30,NO CONTROLS,NO CONTROLS,RAIN,DAYLIGHT,SIDESWIPE SAME DIRECTION,ONE-WAY,,STRAIGHT AND LEVEL,WET,UNKNOWN,NOT ON SCENE (DESK REPORT),NO INJURY / DRIVE AWAY,,,,"$501 - $1,500",07/09/2019 08:42:00 AM,UNABLE TO DETERMINE,UNABLE TO DETERMINE,211,W,ADAMS ST,122.0,,,,,,,2,NO INDICATION OF INJURY,0.0,0.0,0.0,0.0,0.0,2.0,0.0,17,4,7,41.8792728388,-87.6341031984,POINT (-87.634103198378 41.879272838777)
ca4adb51cf777db9a47a9750a25422ddf033ae5dbb80970387e876da3038399db5135a4b38fbece264642004bbf582bb5b5600c6d6e18e8847698d23a1431667,JF272362,,06/08/2022 03:50:00 PM,55,NO CONTROLS,OTHER,RAIN,DAYLIGHT,SIDESWIPE SAME DIRECTION,ONE-WAY,,STRAIGHT AND LEVEL,WET,NO DEFECTS,,INJURY AND / OR TOW DUE TO CRASH,,,Y,"OVER $1,500",06/08/2022 04:14:00 PM,"OPERATING VEHICLE IN ERRATIC, RECKLESS, CARELESS, NEGLIGENT OR AGGRESSIVE MANNER",UNABLE TO DETERMINE,4100,S,LAKE SHORE DR SB,214.0,,,,,,,3,NO INDICATION OF INJURY,0.0,0.0,0.0,0.0,0.0,5.0,0.0,15,4,6,41.819970526,-87.5977486589,POINT (-87.597748658918 41.819970526006)
63ca1e598ef3532573af1f1167f69a3dcc717ca3719d5e530c0ee868b74e36509ec85448f36203f994e673cbded298954df97b0f4034ae6deb0623d7f84f356d,JE206051,,04/21/2021 05:50:00 PM,30,TRAFFIC SIGNAL,FUNCTIONING PROPERLY,CLEAR,DAYLIGHT,REAR END,NOT DIVIDED,,STRAIGHT AND LEVEL,DRY,NO DEFECTS,NOT ON SCENE (DESK REPORT),NO INJURY / DRIVE AWAY,Y,,,"OVER $1,500",04/21/2021 06:15:00 PM,UNABLE TO DETERMINE,NOT APPLICABLE,2638,W,DIVERSEY AVE,1411.0,,,,,,,2,NO INDICATION OF INJURY,0.0,0.0,0.0,0.0,0.0,4.0,0.0,17,4,4,41.9322272437,-87.6942101117,POINT (-87.694210111681 41.932227243739)
dcd933fd37b79061db0809df8b7ae4c116630686f2a041d699e12ff0a82b0ebd6ad394507c0a7473fc50d5aa7bad440c3b0253c9477e230f85799f7f65559f19,JB463762,,10/05/2018 02:58:00 PM,30,NO CONTROLS,NO CONTROLS,CLEAR,DAYLIGHT,PARKED MOTOR VEHICLE,NOT DIVIDED,2.0,STRAIGHT AND LEVEL,DRY,NO DEFECTS,NOT ON SCENE (DESK REPORT),NO INJURY / DRIVE AWAY,,,,"$501 - $1,500",10/05/2018 03:40:00 PM,UNABLE TO DETERMINE,NOT APPLICABLE,5490,S,CORNELL AVE,234.0,,,,,,,2,NO INDICATION OF INJURY,0.0,0.0,0.0,0.0,0.0,3.0,0.0,14,6,10,41.7954996311,-87.5855636969,POINT (-87.585563696852 41.795499631113)
98318a2d8a2b617629d07d9442e4c90a9c4c393bc9df4be4a3ec78261c1c54afe2259b3bd290fa0d35dc304cb8ba01b16200edd00484e08fd07deec0bb575467,JE262731,,06/11/2021 10:30:00 PM,30,STOP SIGN/FLASHER,FUNCTIONING PROPERLY,CLEAR,"DARKNESS, LIGHTED ROAD",ANGLE,FOUR WAY,,STRAIGHT AND LEVEL,DRY,NO DEFECTS,ON SCENE,INJURY AND / OR TOW DUE TO CRASH,Y,,Y,"OVER $1,500",06/11/2021 10:35:00 PM,UNABLE TO DETERMINE,UNABLE TO DETERMINE,400,W,115TH ST,2233.0,,,,,,,2,INCAPACITATING INJURY,1.0,0.0,1.0,0.0,0.0,1.0,0.0,22,6,6,41.6853128354,-87.6325443584,POINT (-87.632544358362 41.685312835441)
cce7e06b8ac3846d724e82d8b49f58608d2992d2b63069189440b9d8bbe4d32ee706385222ba68a769e2cc8f65d9c55b73e285eedd8afbb18d96fd9c4de7b18d,JB533644,,11/29/2018 10:00:00 AM,30,TRAFFIC SIGNAL,FUNCTIONING PROPERLY,CLEAR,DAYLIGHT,REAR END,DIVIDED - W/MEDIAN (NOT RAISED),,STRAIGHT AND LEVEL,WET,NO DEFECTS,NOT ON SCENE (DESK REPORT),NO INJURY / DRIVE AWAY,,,,"OVER $1,500",11/29/2018 05:30:00 PM,FOLLOWING TOO CLOSELY,NOT APPLICABLE,2000,E,HAYES DR,331.0,,,,,,,2,NO INDICATION OF INJURY,0.0,0.0,0.0,0.0,0.0,2.0,0.0,10,5,11,41.7805032359,-87.5775478764,POINT (-87.577547876387 41.780503235854)
6486658108c338d35bd2be6d4c0d0296f7b4f0d9309b197cdcdae180a87d70bba0db89f087f7e24ec394db0e93050fd17c392da1871ea9c989b01dd95d646987,JG188429,,03/16/2023 09:45:00 PM,30,TRAFFIC SIGNAL,UNKNOWN,RAIN,"DARKNESS, LIGHTED ROAD",PEDESTRIAN,FOUR WAY,,STRAIGHT AND LEVEL,WET,UNKNOWN,ON SCENE,INJURY AND / OR TOW DUE TO CRASH,Y,,Y,"OVER $1,500",03/16/2023 10:18:00 PM,FAILING TO REDUCE SPEED TO AVOID CRASH,FAILING TO REDUCE SPEED TO AVOID CRASH,2278,N,HALSTED ST,1812.0,,,,,,,2,NONINCAPACITATING INJURY,1.0,0.0,0.0,1.0,0.0,1.0,0.0,21,5,3,41.9235366981,-87.6488405791,POINT (-87.648840579147 41.923536698056)
685ca885af513e934546598f387de40d5e280b21c922ef7ab2a0af760676fe283d1fd4812e0ef840af21104344af45e858c3bfe10736bb82fa4385726f0ab6d8,JB493883,,10/25/2018 02:27:00 PM,30,STOP SIGN/FLASHER,FUNCTIONING PROPERLY,UNKNOWN,DAYLIGHT,ANGLE,UNKNOWN,,STRAIGHT AND LEVEL,UNKNOWN,UNKNOWN,NOT ON SCENE (DESK REPORT),NO INJURY / DRIVE AWAY,Y,,,"OVER $1,500",10/28/2018 05:27:00 PM,UNABLE TO DETERMINE,UNABLE TO DETERMINE,4656,N,BEACON ST,1913.0,,,,,,,2,NO INDICATION OF INJURY,0.0,0.0,0.0,0.0,0.0,2.0,0.0,14,5,10,41.9669687184,-87.6642407105,POINT (-87.664240710498 41.966968718398)
d11f161700c0da088fa9f689899ccbb22489dadfc21e503fb59a13eabe3dc4d2ab830cfd82c67300e988729bacaf48b5af55b4a285bd4e446f251efbd24ed45b,HZ151478,,02/14/2016 02:50:00 PM,40,TRAFFIC SIGNAL,FUNCTIONING PROPERLY,SNOW,DAYLIGHT,REAR END,DIVIDED - W/MEDIAN BARRIER,8.0,STRAIGHT AND LEVEL,SNOW OR SLUSH,NO DEFECTS,NOT ON SCENE (DESK REPORT),NO INJURY / DRIVE AWAY,,,,"$501 - $1,500",02/14/2016 03:20:00 PM,EXCEEDING SAFE SPEED FOR CONDITIONS,UNABLE TO DETERMINE,1600,S,MICHIGAN AVE,131.0,,,,,,,2,NO INDICATION OF INJURY,0.0,0.0,0.0,0.0,0.0,2.0,0.0,14,1,2,41.8601680984,-87.6241331838,POINT (-87.624133183777 41.860168098401)