CRASH_RECORD_ID,RD_NO,CRASH_DATE_EST_I,CRASH_DATE,POSTED_SPEED_LIMIT,TRAFFIC_CONTROL_DEVICE,DEVICE_CONDITION,WEATHER_CONDITION,LIGHTING_CONDITION,FIRST_CRASH_TYPE,TRAFFICWAY_TYPE,LANE_CNT,ALIGNMENT,ROADWAY_SURFACE_COND,ROAD_DEFECT,REPORT_TYPE,CRASH_TYPE,INTERSECTION_RELATED_I,NOT_RIGHT_OF_WAY_I,HIT_AND_RUN_I,DAMAGE,DATE_POLICE_NOTIFIED,PRIM_CONTRIBUTORY_CAUSE,SEC_CONTRIBUTORY_CAUSE,STREET_NO,STREET_DIRECTION,STREET_NAME,BEAT_OF_OCCURRENCE,PHOTOS_TAKEN_I,STATEMENTS_TAKEN_I,DOORING_I,WORK_ZONE_I,WORK_ZONE_TYPE,WORKERS_PRESENT_I,NUM_UNITS,MOST_SEVERE_INJURY,INJURIES_TOTAL,INJURIES_FATAL,INJURIES_INCAPACITATING,INJURIES_NON_INCAPACITATING,INJURIES_REPORTED_NOT_EVIDENT,INJURIES_NO_INDICATION,INJURIES_UNKNOWN,CRASH_HOUR,CRASH_DAY_OF_WEEK,CRASH_MONTH,LATITUDE,LONGITUDE,LOCATION
4f3431b8bd6ad519fa92860bd5a4e1f1e33195029be6a32fe8012c88d0ff26dddc74b45dee0d864d6684c588f56f3aee2447380aae5b603007cbd574c70e2c13,JG253000,,05/08/2023 05:38:00 PM,30,NO CONTROLS,NO CONTROLS,CLEAR,DAYLIGHT,SIDESWIPE SAME DIRECTION,NOT DIVIDED,,STRAIGHT AND LEVEL,DRY,UNKNOWN,ON SCENE,NO INJURY / DRIVE AWAY,,,Y,"OVER $1,500",05/08/2023 05:39:00 PM,IMPROPER OVERTAKING/PASSING,NOT APPLICABLE,2501,W,50TH ST,923.0,,,,,,,2,NO INDICATION OF INJURY,0.0,0.0,0.0,0.0,0.0,2.0,0.0,17,2,5,41.802825172,-87.6867888009,POINT (-87.686788800888 41.802825172009)
df0400a2734fd08bca75b9cd41f84539c7d14ebdbfcfa50f7d04832ab5a80c51ad248d018150d7dab6fec0ff0832c113ffc8b6475b79bff614d30ca25056d7a5,HZ545092,,12/08/2016 05:20:00 PM,30,STOP SIGN/FLASHER,NO CONTROLS,CLEAR,"DARKNESS, LIGHTED ROAD",PEDESTRIAN,NOT DIVIDED,2.0,STRAIGHT AND LEVEL,DRY,NO DEFECTS,NOT ON SCENE (DESK REPORT),INJURY AND / OR TOW DUE TO CRASH,Y,,,$500 OR LESS,12/08/2016 10:30:00 PM,DISREGARDING STOP SIGN,FAILING TO YIELD RIGHT-OF-WAY,1301,W,ADAMS ST,1231.0,,,,,,,2,"REPORTED, NOT EVIDENT",1.0,0.0,0.0,0.0,1.0,1.0,0.0,17,5,12,41.8789076781,-87.6596085546,POINT (-87.659608554566 41.878907678144)
db9c6dacd347a297ac9de32ee9dc1388d0dd1a6e51c32c0d4108935896d7635ca1472cdae7b3291a1ad41ed160e3328b5ce9530b3d22f839a9770f19a5c42201,JA536647,,12/04/2017 12:00:00 PM,15,STOP SIGN/FLASHER,FUNCTIONING PROPERLY,CLEAR,DAYLIGHT,FIXED OBJECT,NOT DIVIDED,,STRAIGHT AND LEVEL,DRY,NO DEFECTS,NOT ON SCENE (DESK REPORT),NO INJURY / DRIVE AWAY,,,,$500 OR LESS,12/04/2017 06:00:00 PM,UNABLE TO DETERMINE,UNABLE TO DETERMINE,5701,S,WABASH AVE,232.0,,,,,,,1,NO INDICATION OF INJURY,0.0,0.0,0.0,0.0,0.0,1.0,0.0,12,2,12,41.7909553623,-87.6238467954,POINT (-87.623846795392 41.790955362281)
aaa387e8cc1023cefcd24e40d4a5b37b93a2a641253898aec182ec8c85e5ee6af95420f8c267cbc36aefd6dee69abe90d6ee3a1d9a3f27d84a8488b4dcb6c4c7,JA482323,,10/23/2017 07:30:00 AM,10,NO CONTROLS,NO CONTROLS,RAIN,DAYLIGHT,REAR END,DIVIDED - W/MEDIAN (NOT RAISED),2.0,STRAIGHT AND LEVEL,WET,NO DEFECTS,NOT ON SCENE (DESK REPORT),NO INJURY / DRIVE AWAY,,,,"$501 - $1,500",10/23/2017 11:00:00 AM,UNABLE TO DETERMINE,UNABLE TO DETERMINE,2211,W,18TH PL,1234.0,,,,,,,2,NO INDICATION OF INJURY,0.0,0.0,0.0,0.0,0.0,3.0,0.0,7,2,10,41.8565835953,-87.6815029482,POINT (-87.681502948201 41.856583595252)
15e8dc19521e0b792515d3685bc53a1b4e8507dc554f865dd018d8a48e7e6ad211164e80b22cf4e36df183cd421309d1903069fa634759cad62ac207e9088582,JG282260,Y,05/29/2023 08:30:00 AM,30,NO CONTROLS,NO CONTROLS,CLEAR,DAYLIGHT,PARKED MOTOR VEHICLE,NOT DIVIDED,,STRAIGHT AND LEVEL,DRY,NO DEFECTS,NOT ON SCENE (DESK REPORT),NO INJURY / DRIVE AWAY,,,Y,"OVER $1,500",05/31/2023 12:50:00 PM,UNABLE TO DETERMINE,NOT APPLICABLE,1055,W,NORTH SHORE AVE,2432.0,,,,,,,2,NO INDICATION OF INJURY,0.0,0.0,0.0,0.0,0.0,1.0,0.0,8,2,5,42.0036084193,-87.6583552556,POINT (-87.658355255602 42.003608419256)
0137998e2d831e4a03ffcbd44957f8cab46f10ab304a1ecef874174b5b0108d7478f0503cc809b59c10670b308c89c4380d7e8eb81df4b63013c4ae58efcd284,JC455978,,10/01/2019 04:24:00 PM,35,STOP SIGN/FLASHER,FUNCTIONING PROPERLY,CLEAR,DAYLIGHT,ANGLE,FOUR WAY,,STRAIGHT AND LEVEL,DRY,NO DEFECTS,ON SCENE,INJURY AND / OR TOW DUE TO CRASH,Y,,,"OVER $1,500",10/01/2019 04:35:00 PM,DRIVING SKILLS/KNOWLEDGE/EXPERIENCE,UNABLE TO DETERMINE,7600,S,PEORIA ST,621.0,,,,,,,2,NO INDICATION OF INJURY,0.0,0.0,0.0,0.0,0.0,2.0,0.0,16,3,10,41.7559735801,-87.6467515972,POINT (-87.646751597184 41.755973580067)
27a4525bee7f665e2d786beaa05c3d7c33aa4fc26309f4069cee05136ec814b8c6ce82a86b8672afade5f5f989507eeeb08e9ed9fd49aeead5a1bffc2fd2e888,JD391826,,10/07/2020 03:32:00 PM,30,NO CONTROLS,UNKNOWN,CLEAR,DAYLIGHT,SIDESWIPE SAME DIRECTION,DIVIDED - W/MEDIAN (NOT RAISED),,STRAIGHT AND LEVEL,DRY,NO DEFECTS,ON SCENE,INJURY AND / OR TOW DUE TO CRASH,,,Y,"OVER $1,500",10/07/2020 03:32:00 PM,IMPROPER TURNING/NO SIGNAL,NOT APPLICABLE,198,S,CICERO AVE,1533.0,,,,,,,2,"REPORTED, NOT EVIDENT",1.0,0.0,0.0,0.0,1.0,1.0,0.0,15,4,10,41.8786265068,-87.7453557341,POINT (-87.745355734146 41.878626506802)
ccbbcf3f052afba5cd96f90e46921e6a3543fdff718ec2d1ba17469a19876cbab9fc4d34086db030784a74dd39941d36ab6c9ff15555c55c0aab4455ef661a41,JA550815,,12/15/2017 08:02:00 PM,30,NO CONTROLS,NO CONTROLS,CLEAR,"DARKNESS, LIGHTED ROAD",PARKED MOTOR VEHICLE,NOT DIVIDED,4.0,STRAIGHT AND LEVEL,DRY,NO DEFECTS,ON SCENE,INJURY AND / OR TOW DUE TO CRASH,,,,"OVER $1,500",12/15/2017 08:08:00 PM,IMPROPER LANE USAGE,NOT APPLICABLE,3831,S,ARCHER AVE,911.0,,,,,,,2,NO INDICATION OF INJURY,0.0,0.0,0.0,0.0,0.0,1.0,0.0,20,6,12,41.8237794311,-87.6882174429,POINT (-87.68821744295 41.823779431089)
6218c04a487812f7d3fc1a832f099c48a987aa9a908f2d70d32da3e53c1b20d8d2c8080d87bd0e892cc68dee51e1902878bc160abe1dc2a867630950bb5e5557,JG407847,,09/01/2023 12:30:00 PM,20,NO CONTROLS,NO CONTROLS,CLEAR,DAYLIGHT,ANGLE,NOT DIVIDED,,STRAIGHT AND LEVEL,DRY,NO DEFECTS,NOT ON SCENE (DESK REPORT),NO INJURY / DRIVE AWAY,,,Y,"OVER $1,500",09/02/2023 09:40:00 AM,UNABLE TO DETERMINE,UNABLE TO DETERMINE,4010,W,44TH ST,815.0,,,,,,,2,NO INDICATION OF INJURY,0.0,0.0,0.0,0.0,0.0,2.0,0.0,12,6,9,41.8134664765,-87.7243165129,POINT (-87.72431651292 41.813466476458)
9915451e6116bd0d4142f4e53667d835232182eb011ef59c239f343ec5fd786f9893c54dd24227f1c0dada8435095a2d5b84c70433a3d118573cbe4299db46e4,HZ438082,,09/16/2016 02:00:00 PM,25,NO CONTROLS,NO CONTROLS,CLEAR,DAYLIGHT,PARKED MOTOR VEHICLE,NOT DIVIDED,2.0,STRAIGHT AND LEVEL,DRY,NO DEFECTS,NOT ON SCENE (DESK REPORT),NO INJURY / DRIVE AWAY,,,,"OVER $1,500",09/17/2016 01:40:00 PM,UNABLE TO DETERMINE,NOT APPLICABLE,2048,W,18TH PL,1234.0,,,,,,,2,NO INDICATION OF INJURY,0.0,0.0,0.0,0.0,0.0,1.0,0.0,14,6,9,41.8568378422,-87.6779166662,POINT (-87.677916666173 41.856837842231)
e8769a3f45573788b0102022d026c44e076b56c83bfb874b069c8e3c461d250c6c08e8d15c9df067eba960d0449502f1e5d6df48a2b5c0cc3072ff37ae1c9af8,JC441249,,09/20/2019 10:15:00 AM,30,TRAFFIC SIGNAL,FUNCTIONING PROPERLY,CLEAR,DAYLIGHT,SIDESWIPE SAME DIRECTION,NOT DIVIDED,,STRAIGHT AND LEVEL,DRY,NO DEFECTS,NOT ON SCENE (DESK REPORT),NO INJURY / DRIVE AWAY,Y,,Y,"$501 - $1,500",09/20/2019 01:10:00 PM,UNABLE TO DETERMINE,NOT APPLICABLE,499,W,LAKE ST,121.0,,,,,,,2,NO INDICATION OF INJURY,0.0,0.0,0.0,0.0,0.0,2.0,0.0,10,6,9,41.8856101967,-87.6398020091,POINT (-87.639802009057 41.885610196652)
d6a301ad2c0313c3affcd7a1e80bc8bacb62d7c133fc2cfc1e96ed7271884ac880560adec4503d1f7cc585e422aff7645d4ef8bf332db6ce0d0f8350ad713187,JB377803,,08/03/2018 04:50:00 PM,30,NO CONTROLS,NO CONTROLS,CLEAR,DAYLIGHT,REAR END,NOT DIVIDED,,STRAIGHT AND LEVEL,DRY,NO DEFECTS,NOT ON SCENE (DESK REPORT),NO INJURY / DRIVE AWAY,,,,"OVER $1,500",08/03/2018 05:40:00 PM,FOLLOWING TOO CLOSELY,UNABLE TO DETERMINE,4732,W,PETERSON AVE,1711.0,,,,,,,2,NO INDICATION OF INJURY,0.0,0.0,0.0,0.0,0.0,2.0,0.0,16,6,8,41.9900147515,-87.7472547863,POINT (-87.747254786348 41.990014751528)
10807ef8610ec055e883cb10c9c6312db4b9b2e993c52b2aa1b9c26f6dffe3ccbd0351a44163af6b6860199399cebfc2e54be909cc556aef8a43ae8762ffd33d,JE134463,,02/06/2021 03:13:00 PM,30,STOP SIGN/FLASHER,FUNCTIONING PROPERLY,SNOW,DAYLIGHT,REAR END,ONE-WAY,,STRAIGHT AND LEVEL,ICE,UNKNOWN,NOT ON SCENE (DESK REPORT),NO INJURY / DRIVE AWAY,,,,"OVER $1,500",02/06/2021 04:00:00 PM,WEATHER,FOLLOWING TOO CLOSELY,1600,W,BERWYN AVE,2012.0,,,,,,,2,NO INDICATION OF INJURY,0.0,0.0,0.0,0.0,0.0,2.0,0.0,15,7,2,41.9781073128,-87.6697906127,POINT (-87.66979061268 41.978107312771)
470719e696dbb728d4cbf1f9baf90905a4894586b5e1986f299b139d4a9c281627c9668adf847539197bd863d219000756834da0b4c4572d0bb01864e25ae555,JD249812,,05/31/2020 09:55:00 PM,20,NO CONTROLS,NO CONTROLS,CLEAR,"DARKNESS, LIGHTED ROAD",SIDESWIPE OPPOSITE DIRECTION,DIVIDED - W/MEDIAN (NOT RAISED),,STRAIGHT AND LEVEL,DRY,NO DEFECTS,NOT ON SCENE (DESK REPORT),INJURY AND / OR TOW DUE TO CRASH,,,,"OVER $1,500",06/01/2020 12:37:00 PM,UNABLE TO DETERMINE,NOT APPLICABLE,5001,W,WASHINGTON BLVD,1533.0,,,,,,,2,NO INDICATION OF INJURY,0.0,0.0,0.0,0.0,0.0,2.0,0.0,21,1,5,41.8816402754,-87.7503430434,POINT (-87.750343043409 41.881640275438)
eee7b90493bb2bc19e65d38790db72bd4c1823120e4942d369e64e84d4f5d6337877a0b600ee55154a6d7ee51dcd5e4bdc7a170c0fe9aecbab88a610cd759a3d,JA285699,,05/30/2017 06:47:00 PM,30,NO CONTROLS,NO CONTROLS,CLEAR,DAYLIGHT,SIDESWIPE SAME DIRECTION,NOT DIVIDED,4.0,STRAIGHT AND LEVEL,DRY,NO DEFECTS,NOT ON SCENE (DESK REPORT),NO INJURY / DRIVE AWAY,,,Y,"OVER $1,500",05/30/2017 08:00:00 PM,UNABLE TO DETERMINE,UNABLE TO DETERMINE,2400,N,WESTERN AVE,1431.0,,,,,,,2,NO INDICATION OF INJURY,0.0,0.0,0.0,0.0,0.0,4.0,0.0,18,3,5,41.9249359441,-87.6877902547,POINT (-87.687790254713 41.924935944091)
a87df39e18cdf14d4aeba2ec93ae71c7354a8c064f5daf9af9a6eb6322d0095061da3d4b49ae72c0c546be12e952c234d9bd188d50c10f49983644211a0843cf,JE217071,,05/02/2021 12:40:00 PM,30,STOP SIGN/FLASHER,FUNCTIONING PROPERLY,CLEAR,DAYLIGHT,PARKED MOTOR VEHICLE,NOT DIVIDED,,STRAIGHT AND LEVEL,DRY,NO DEFECTS,ON SCENE,NO INJURY / DRIVE AWAY,,,Y,"OVER $1,500",05/02/2021 12:43:00 PM,"OPERATING VEHICLE IN ERRATIC, RECKLESS, CARELESS, NEGLIGENT OR AGGRESSIVE MANNER",UNABLE TO DETERMINE,303,W,24TH ST,914.0,,,,,,,2,NO INDICATION OF INJURY,0.0,0.0,0.0,0.0,0.0,1.0,0.0,12,1,5,41.8490073696,-87.6348890902,POINT (-87.634889090176 41.849007369576)
30b50334b8dbfbe4a8a1b56a158d1b1f7d3c0fe101bc2678ada71e2eac6f9cf4ce1bd871328e4a4a886b6e96f2b3698121b46e0a1976248d6701b4afd67c110a,JE251282,,06/02/2021 03:45:00 PM,30,NO CONTROLS,NO CONTROLS,CLEAR,DAYLIGHT,SIDESWIPE SAME DIRECTION,T-INTERSECTION,,STRAIGHT AND LEVEL,DRY,OTHER,NOT ON SCENE (DESK REPORT),NO INJURY / DRIVE AWAY,Y,,,"OVER $1,500",06/02/2021 04:25:00 PM,UNABLE TO DETERMINE,UNABLE TO DETERMINE,6300,S,CORNELL DR,331.0,,,,,,,2,NO INDICATION OF INJURY,0.0,0.0,0.0,0.0,0.0,2.0,0.0,15,4,6,41.7805521526,-87.5847433035,POINT (-87.584743303478 41.780552152579)
630506856b0d9680c352279da31b609f2213797f4932201941022778e4f53e277fed571478db3737d9fa44b1f199b1b7974bb0b19e555511e084f688be47618a,JD423531,N,11/07/2020 12:41:00 AM,30,UNKNOWN,UNKNOWN,CLEAR,"DARKNESS, LIGHTED ROAD",PARKED MOTOR VEHICLE,NOT DIVIDED,,STRAIGHT AND LEVEL,DRY,UNKNOWN,ON SCENE,INJURY AND / OR TOW DUE TO CRASH,,,Y,"OVER $1,500",11/07/2020 12:41:00 AM,UNABLE TO DETERMINE,UNABLE TO DETERMINE,2524,S,KARLOV AVE,1013.0,,,,,,,4,NO INDICATION OF INJURY,0.0,0.0,0.0,0.0,0.0,1.0,0.0,0,7,11,41.8451883687,-87.7263456903,POINT (-87.726345690313 41.845188368738)
53194675f1283dee615f2aef6de498d974e6adfb2855ea50d194395dfbfa6338c110da6b58d0dd0be37ef98ee3eac07aca79671728cdb5beb01c5692742ffb44,JB177069,,03/07/2018 12:15:00 PM,30,TRAFFIC SIGNAL,FUNCTIONING PROPERLY,CLEAR,DAYLIGHT,SIDESWIPE SAME DIRECTION,ONE-WAY,,STRAIGHT AND LEVEL,DRY,NO DEFECTS,NOT ON SCENE (DESK REPORT),NO INJURY / DRIVE AWAY,,,,"OVER $1,500",03/07/2018 02:35:00 PM,FAILING TO YIELD RIGHT-OF-WAY,NOT APPLICABLE,7709,S,ESSEX AVE,421.0,,,,,,,2,NO INDICATION OF INJURY,0.0,0.0,0.0,0.0,0.0,3.0,0.0,12,4,3,41.7550770315,-87.5637243594,POINT (-87.563724359359 41.755077031546)
f54f50a9930c622f7981ece9f13c4a5de34cb86880c5e2aa947535223eb829854afe6690b042b2453e9ad02813c49b0e733d219ac2168e31acbb5cc2a87df5f3,JA447605,,09/26/2017 02:35:00 PM,30,NO CONTROLS,NO CONTROLS,CLEAR,DAYLIGHT,SIDESWIPE SAME DIRECTION,PARKING LOT,,STRAIGHT AND LEVEL,DRY,NO DEFECTS,ON SCENE,NO INJURY / DRIVE AWAY,,Y,,$500 OR LESS,09/26/2017 02:39:00 PM,UNABLE TO DETERMINE,UNABLE TO DETERMINE,5355,N,LINCOLN AVE,2011.0,,,,,,,2,NO INDICATION OF INJURY,0.0,0.0,0.0,0.0,0.0,2.0,0.0,14,3,9,41.9793523981,-87.6925359225,POINT (-87.692535922546 41.979352398055)
a56aa06b758a95736dc0f00903e031de15678f4b0ebd03d581fc9c3ef9b12b6e9ec852eb43b389f94ce0439fcf024715d95bd051b5953155306475ccc7223fdc,JC485923,,10/25/2019 12:28:00 PM,30,TRAFFIC SIGNAL,FUNCTIONING PROPERLY,CLEAR,DAYLIGHT,REAR END,NOT DIVIDED,,STRAIGHT AND LEVEL,DRY,NO DEFECTS,NOT ON SCENE (DESK REPORT),NO INJURY / DRIVE AWAY,,,,"$501 - $1,500",10/25/2019 01:25:00 PM,UNABLE TO DETERMINE,UNABLE TO DETERMINE,2351,N,LINCOLN AVE,1812.0,,,,,,,2,NO INDICATION OF INJURY,0.0,0.0,0.0,0.0,0.0,3.0,0.0,12,6,10,41.9248572367,-87.6477251262,POINT (-87.647725126172 41.924857236737)
e0d8e9db2472347849252dcc9ec73040f98b9e0fe8ea9b92eec04f51b11fca9099c0a7ab1a0b46290a3fd6739f184940f0ff8dffb046e3b38597d41172cff78e,JG285806,,06/02/2023 08:00:00 PM,30,TRAFFIC SIGNAL,UNKNOWN,CLEAR,"DARKNESS, LIGHTED ROAD",REAR END,NOT DIVIDED,,STRAIGHT AND LEVEL,DRY,UNKNOWN,NOT ON SCENE (DESK REPORT),NO INJURY / DRIVE AWAY,Y,,Y,"OVER $1,500",06/02/2023 11:00:00 PM,NOT APPLICABLE,NOT APPLICABLE,7500,S,COTTAGE GROVE AVE,624.0,,,,,,,2,NO INDICATION OF INJURY,0.0,0.0,0.0,0.0,0.0,2.0,0.0,20,6,6,41.7584848876,-87.6055332197,POINT (-87.605533219704 41.758484887637)
d10c526a1432dead77f9fc1b3ffa5ed72f12779c3fd42e32f440d4ad34b4b9b45f25939d6e1a97323ca53d525228ee040805693178a17e8924afb85119e1c946,JF335347,,07/28/2022 07:30:00 PM,30,UNKNOWN,UNKNOWN,CLEAR,DAYLIGHT,TURNING,ONE-WAY,,STRAIGHT AND LEVEL,DRY,NO DEFECTS,NOT ON SCENE (DESK REPORT),NO INJURY / DRIVE AWAY,Y,,,"$501 - $1,500",07/28/2022 08:17:00 PM,UNABLE TO DETERMINE,UNABLE TO DETERMINE,200,W,ONTARIO ST,1831.0,,,,,,,2,NO INDICATION OF INJURY,0.0,0.0,0.0,0.0,0.0,3.0,0.0,19,5,7,41.8932974365,-87.634188275,POINT (-87.634188275005 41.893297436503)
c8a08f513fdc904804f2d43a672f570b91be7e8d1d46214373529caeb4288b78f0dba010da40105102fd09ca1c2e5474b4b84347d8b951c2bdf5dbb5381cf329,JF400067,,09/17/2022 05:30:00 PM,30,TRAFFIC SIGNAL,FUNCTIONING PROPERLY,CLEAR,DAYLIGHT,PARKED MOTOR VEHICLE,FOUR WAY,,STRAIGHT AND LEVEL,DRY,NO DEFECTS,NOT ON SCENE (DESK REPORT),NO INJURY / DRIVE AWAY,Y,,,"OVER $1,500",09/17/2022 07:11:00 PM,UNABLE TO DETERMINE,UNABLE TO DETERMINE,7500,S,COTTAGE GROVE AVE,624.0,,,,,,,2,NO INDICATION OF INJURY,0.0,0.0,0.0,0.0,0.0,1.0,0.0,17,7,9,41.7584848876,-87.6055332197,POINT (-87.605533219704 41.758484887637)
df631681b57be2ac0bc8e59f6a85f0e5bd9de53b8b0676ceb4075deac8c0a93bd080b2179a3a4aab3f917a6f99f27a70150351046709b33c00cb19e634cbc572,JE373230,,09/14/2021 12:30:00 PM,15,NO CONTROLS,NO CONTROLS,CLEAR,DAYLIGHT,REAR TO FRONT,ALLEY,,STRAIGHT AND LEVEL,DRY,NO DEFECTS,NOT ON SCENE (DESK REPORT),NO INJURY / DRIVE AWAY,,,,$500 OR LESS,09/14/2021 01:30:00 PM,IMPROPER BACKING,EQUIPMENT - VEHICLE CONDITION,5206,W,PARKER AVE,2514.0,,,,,,,2,NO INDICATION OF INJURY,0.0,0.0,0.0,0.0,0.0,2.0,0.0,12,3,9,41.9305990782,-87.7567402541,POINT (-87.756740254078 41.930599078163)
432efed2ee6556a63cf3ce04468a09a8d8d9b1b19a31e5dc1d35401122457b351c1fafb1ac3d3dc0327b2d35106e2da6e7d75af21f6d7687ede36cc4a5fa69f9,JG297688,Y,06/12/2023 08:24:00 AM,30,NO CONTROLS,NO CONTROLS,CLEAR,DAYLIGHT,REAR TO FRONT,ONE-WAY,,STRAIGHT AND LEVEL,DRY,NO DEFECTS,NOT ON SCENE (DESK REPORT),NO INJURY / DRIVE AWAY,N,,,$500 OR LESS,06/12/2023 09:20:00 AM,UNABLE TO DETERMINE,UNABLE TO DETERMINE,9457,S,WABASH AVE,634.0,,,,,,,2,NO INDICATION OF INJURY,0.0,0.0,0.0,0.0,0.0,2.0,0.0,8,2,6,41.721905797,-87.6220576133,POINT (-87.622057613263 41.721905796984)
db45bd5616c3b9ef3962c6d31042f78692d094fe979ac48b0861dfb28b421782ad31d13f201fd7e5108cbf89c7da01186923f34a5c212a7bce8de0b4dc96c55e,JE172004,,03/17/2021 11:00:00 PM,30,TRAFFIC SIGNAL,FUNCTIONING PROPERLY,RAIN,"DARKNESS, LIGHTED ROAD",ANGLE,FOUR WAY,,STRAIGHT AND LEVEL,WET,NO DEFECTS,ON SCENE,INJURY AND / OR TOW DUE TO CRASH,Y,,Y,"OVER $1,500",03/17/2021 11:02:00 PM,DISREGARDING TRAFFIC SIGNALS,UNABLE TO DETERMINE,198,N,WACKER DR,122.0,,,,,,,2,NO INDICATION OF INJURY,0.0,0.0,0.0,0.0,0.0,5.0,0.0,23,4,3,41.8856693326,-87.6371242924,POINT (-87.637124292392 41.885669332637)
fe27ad3c550ef39a09163aadc729e0fbb7ad526838beddfef53967baf65f4152c69e658ac2bc0506ab76badfeb42821989842bdae6c042ee395c383880681ca9,JB529547,,11/26/2018 01:40:00 PM,30,NO CONTROLS,NO CONTROLS,CLEAR,DAYLIGHT,TURNING,NOT DIVIDED,2.0,STRAIGHT AND LEVEL,SNOW OR SLUSH,NO DEFECTS,ON SCENE,INJURY AND / OR TOW DUE TO CRASH,Y,,,"OVER $1,500",11/26/2018 01:43:00 PM,FOLLOWING TOO CLOSELY,NOT APPLICABLE,2532,S,PULASKI RD,1013.0,,,,,,,2,"REPORTED, NOT EVIDENT",1.0,0.0,0.0,0.0,1.0,2.0,0.0,13,2,11,41.845211289,-87.7247348224,POINT (-87.724734822391 41.845211289024)
88e03406bf54c6c51ed3b11f2a5f2450d905387fe9428794599de10caf124f48fac5bd10336be6c7427292b6e6143c8faefdf10d6786f3545c040fe924f4c55f,JD431448,,11/14/2020 05:00:00 PM,25,STOP SIGN/FLASHER,FUNCTIONING PROPERLY,CLEAR,DAYLIGHT,REAR END,ONE-WAY,,STRAIGHT AND LEVEL,DRY,NO DEFECTS,NOT ON SCENE (DESK REPORT),NO INJURY / DRIVE AWAY,Y,,,"$501 - $1,500",11/14/2020 06:10:00 PM,FOLLOWING TOO CLOSELY,NOT APPLICABLE,2548,W,FITCH AVE,2411.0,,,,,,,2,NO INDICATION OF INJURY,0.0,0.0,0.0,0.0,0.0,2.0,0.0,17,7,11,42.0113913608,-87.6945136134,POINT (-87.69451361335 42.011391360773)
50d23b1256859fe501e8529c63877eebe19df7c8b97cdb75a25dca13b8ba29da5af0dbf116ce05808dbab025c1ca9827e0f8ebe0f639f7e17ca5aac4889eee9f,JA348579,,07/15/2017 02:51:00 AM,30,STOP SIGN/FLASHER,FUNCTIONING PROPERLY,CLEAR,"DARKNESS, LIGHTED ROAD",ANGLE,ONE-WAY,0.0,STRAIGHT AND LEVEL,DRY,NO DEFECTS,ON SCENE,INJURY AND / OR TOW DUE TO CRASH,Y,,Y,"OVER $1,500",07/15/2017 02:52:00 AM,DISREGARDING STOP SIGN,UNABLE TO DETERMINE,45,E,77TH ST,623.0,,,,,,,2,NONINCAPACITATING INJURY,2.0,0.0,0.0,2.0,0.0,1.0,0.0,2,7,7,41.7545151013,-87.6228370079,POINT (-87.62283700786 41.754515101306)
8bdb4be4cd37ad6a9f3e6f8dfd75c163d89472be3664f8cae3776623a6036809a35fa686bb9dd91a84685c0cef1b9133ba788c12143e8cd78df99569fc04cdb5,JD242556,,05/25/2020 03:41:00 PM,30,NO CONTROLS,NO CONTROLS,CLEAR,DAYLIGHT,REAR END,ONE-WAY,,STRAIGHT AND LEVEL,DRY,NO DEFECTS,ON SCENE,NO INJURY / DRIVE AWAY,,,,"$501 - $1,500",05/25/2020 03:41:00 PM,UNABLE TO DETERMINE,UNABLE TO DETERMINE,7323,S,INDIANA AVE,323.0,,,,,,,2,NO INDICATION OF INJURY,0.0,0.0,0.0,0.0,0.0,3.0,0.0,15,2,5,41.7612550611,-87.6198423426,POINT (-87.619842342624 41.761255061119)
c2e1116cc38dda61e11118c56237fb6f35be1b316f9c7e177e867cb699feb5d41c238b9c7bf9e335900ee9995008cb26db8095274871b7a28702c6ed9834ff4d,JF402416,,09/19/2022 02:42:00 PM,30,NO CONTROLS,NO CONTROLS,CLEAR,DAYLIGHT,PARKED MOTOR VEHICLE,ONE-WAY,,STRAIGHT AND LEVEL,DRY,NO DEFECTS,NOT ON SCENE (DESK REPORT),NO INJURY / DRIVE AWAY,,,,"$501 - $1,500",09/19/2022 04:06:00 PM,UNABLE TO DETERMINE,UNABLE TO DETERMINE,257,W,HURON ST,1831.0,,,,,,,2,NO INDICATION OF INJURY,0.0,0.0,0.0,0.0,0.0,2.0,0.0,14,2,9,41.8946626702,-87.6355837221,POINT (-87.635583722124 41.894662670242)
c640009c992460ac117f77240e37acc7c4e787328db4506675f6dde19be3c62012cbb50f9e3dfd02bdbf7abd85f2de36594be152d69b4eb317c16b1d90d69ce9,JD171113,,03/02/2020 08:45:00 AM,20,NO CONTROLS,NO CONTROLS,CLEAR,DAYLIGHT,PARKED MOTOR VEHICLE,OTHER,,STRAIGHT AND LEVEL,DRY,NO DEFECTS,NOT ON SCENE (DESK REPORT),NO INJURY / DRIVE AWAY,,,Y,"$501 - $1,500",03/02/2020 10:40:00 AM,"OPERATING VEHICLE IN ERRATIC, RECKLESS, CARELESS, NEGLIGENT OR AGGRESSIVE MANNER",DRIVING SKILLS/KNOWLEDGE/EXPERIENCE,5335,S,KENWOOD AVE,234.0,,,,,,,2,NO INDICATION OF INJURY,0.0,0.0,0.0,0.0,0.0,1.0,0.0,8,2,3,41.7985250065,-87.5933035165,POINT (-87.593303516527 41.798525006525)