CRASH_RECORD_ID,RD_NO,CRASH_DATE_EST_I,CRASH_DATE,POSTED_SPEED_LIMIT,TRAFFIC_CONTROL_DEVICE,DEVICE_CONDITION,WEATHER_CONDITION,LIGHTING_CONDITION,FIRST_CRASH_TYPE,TRAFFICWAY_TYPE,LANE_CNT,ALIGNMENT,ROADWAY_SURFACE_COND,ROAD_DEFECT,REPORT_TYPE,CRASH_TYPE,INTERSECTION_RELATED_I,NOT_RIGHT_OF_WAY_I,HIT_AND_RUN_I,DAMAGE,DATE_POLICE_NOTIFIED,PRIM_CONTRIBUTORY_CAUSE,SEC_CONTRIBUTORY_CAUSE,STREET_NO,STREET_DIRECTION,STREET_NAME,BEAT_OF_OCCURRENCE,PHOTOS_TAKEN_I,STATEMENTS_TAKEN_I,DOORING_I,WORK_ZONE_I,WORK_ZONE_TYPE,WORKERS_PRESENT_I,NUM_UNITS,MOST_SEVERE_INJURY,INJURIES_TOTAL,INJURIES_FATAL,INJURIES_INCAPACITATING,INJURIES_NON_INCAPACITATING,INJURIES_REPORTED_NOT_EVIDENT,INJURIES_NO_INDICATION,INJURIES_UNKNOWN,CRASH_HOUR,CRASH_DAY_OF_WEEK,CRASH_MONTH,LATITUDE,LONGITUDE,LOCATION
7fca22736153f65cf0bd1d199bcf9de3f45a5dbbcb80a8d0ef79694f70bb7dc019dc4c0493984945b37d41e35044e7700216b60dc874b4662965aabd9fc88696,JE157999,,03/03/2021 02:15:00 PM,35,TRAFFIC SIGNAL,FUNCTIONING PROPERLY,CLEAR,DAYLIGHT,REAR END,DIVIDED - W/MEDIAN (NOT RAISED),,STRAIGHT AND LEVEL,DRY,NO DEFECTS,NOT ON SCENE (DESK REPORT),NO INJURY / DRIVE AWAY,,,,"OVER $1,500",03/03/2021 02:50:00 PM,FOLLOWING TOO CLOSELY,UNABLE TO DETERMINE,8700,S,VINCENNES AVE,2222.0,,,,,,,2,NO INDICATION OF INJURY,0.0,0.0,0.0,0.0,0.0,2.0,0.0,14,4,3,41.7360065646,-87.645341819,POINT (-87.64534181898 41.736006564585)
551f6eb2686ceca7c811f8520e5e90d9d79aa05e17334a22a5c4e545113416fce9fea6b583c9067dde907f650edb79d8f21c8a676f07f3c11a7b1f58156b6364,JB218706,,04/10/2018 07:45:00 AM,30,NO CONTROLS,NO CONTROLS,CLEAR,DAYLIGHT,SIDESWIPE SAME DIRECTION,NOT DIVIDED,2.0,STRAIGHT AND LEVEL,DRY,NO DEFECTS,NOT ON SCENE (DESK REPORT),NO INJURY / DRIVE AWAY,,,,"OVER $1,500",04/10/2018 05:58:00 PM,FAILING TO YIELD RIGHT-OF-WAY,NOT APPLICABLE,7330,W,TOUHY AVE,1611.0,,,,,,,2,NO INDICATION OF INJURY,0.0,0.0,0.0,0.0,0.0,2.0,0.0,7,3,4,42.0117317286,-87.8102397959,POINT (-87.810239795909 42.011731728642)
8e7776bef93dbb0f4e1c585cf15aee6d0e39a2fa7018e407808f876537f42f9229747ff66de7f8cb9b4e0ff4c21ce75f5c384eff707ca0eb0c5dd7871a8b197b,JB570613,,12/28/2018 07:02:00 PM,30,STOP SIGN/FLASHER,FUNCTIONING PROPERLY,CLEAR,"DARKNESS, LIGHTED ROAD",TURNING,OTHER,2.0,STRAIGHT AND LEVEL,DRY,NO DEFECTS,ON SCENE,INJURY AND / OR TOW DUE TO CRASH,Y,,,"OVER $1,500",12/28/2018 07:03:00 PM,FAILING TO YIELD RIGHT-OF-WAY,UNABLE TO DETERMINE,3306,S,WESTERN AVE,911.0,,,,,,,2,NO INDICATION OF INJURY,0.0,0.0,0.0,0.0,0.0,3.0,0.0,19,6,12,41.8337079936,-87.6853407417,POINT (-87.685340741703 41.83370799359)
afa9cbe87ed7ed4580c24eb47845f1a4a0715e2498c64d343fa6f361ae5f5dae46e88922b0cb1d4458a001965456b69a160b219a22c2f6274f01bf84264f771d,JG385209,,08/16/2023 02:40:00 PM,30,UNKNOWN,UNKNOWN,CLEAR,DAYLIGHT,PEDALCYCLIST,NOT DIVIDED,,STRAIGHT AND LEVEL,DRY,UNKNOWN,ON SCENE,INJURY AND / OR TOW DUE TO CRASH,,,,$500 OR LESS,08/16/2023 03:37:00 PM,TURNING RIGHT ON RED,IMPROPER TURNING/NO SIGNAL,4550,W,BELMONT AVE,1731.0,,,,,,,2,NONINCAPACITATING INJURY,1.0,0.0,0.0,1.0,0.0,1.0,0.0,14,4,8,41.9390093002,-87.7415198828,POINT (-87.741519882818 41.939009300232)
666d1579001ea4247aaab479086111b4a50a1b93b743ffb2d00722934b7d744610636fcc2f8ffd4873cfe574d49ac6339ae435efdac39a258049b69719e4147d,JB132066,,01/27/2018 05:00:00 PM,30,TRAFFIC SIGNAL,FUNCTIONING PROPERLY,CLEAR,"DARKNESS, LIGHTED ROAD",TURNING,NOT DIVIDED,,STRAIGHT AND LEVEL,DRY,NO DEFECTS,NOT ON SCENE (DESK REPORT),NO INJURY / DRIVE AWAY,Y,,,"OVER $1,500",01/27/2018 05:17:00 PM,UNABLE TO DETERMINE,UNABLE TO DETERMINE,98,W,DIVISION ST,1824.0,,,,,,,2,NO INDICATION OF INJURY,0.0,0.0,0.0,0.0,0.0,2.0,0.0,17,7,1,41.9040118725,-87.6313756075,POINT (-87.631375607543 41.904011872495)
782aa73fa9c137d056dc6d5e75773469382f2974e119d7675929a11d771cb5089b7c4f89370f2999962e3718e7ed430f1860534ae3be217fd0dddc7c1cb1f18c,JA516936,,11/13/2017 02:00:00 AM,0,NO CONTROLS,NO CONTROLS,CLEAR,"DARKNESS, LIGHTED ROAD",REAR END,PARKING LOT,1.0,STRAIGHT AND LEVEL,DRY,NO DEFECTS,NOT ON SCENE (DESK REPORT),NO INJURY / DRIVE AWAY,,,,"$501 - $1,500",11/18/2017 04:40:00 PM,UNABLE TO DETERMINE,UNABLE TO DETERMINE,4200,S,HALSTED ST,925.0,,,,,,,2,NO INDICATION OF INJURY,0.0,0.0,0.0,0.0,0.0,2.0,0.0,2,2,11,41.8174933568,-87.6459091954,POINT (-87.645909195444 41.81749335684)
3d742c8527d81b0de15bdc199147f32c41022655d0e493817099ae9c54cf8dca98a4e1a7c2fc22a3114809d71c13bf793a22f246a1e735676ae767cf8f040e86,JF331969,,07/26/2022 09:40:00 AM,25,TRAFFIC SIGNAL,FUNCTIONING PROPERLY,CLEAR,DAYLIGHT,TURNING,DIVIDED - W/MEDIAN (NOT RAISED),,STRAIGHT AND LEVEL,DRY,NO DEFECTS,NOT ON SCENE (DESK REPORT),NO INJURY / DRIVE AWAY,,,,$500 OR LESS,07/26/2022 10:05:00 AM,UNABLE TO DETERMINE,UNABLE TO DETERMINE,2430,W,ROSCOE ST,1921.0,,,,,,,2,NO INDICATION OF INJURY,0.0,0.0,0.0,0.0,0.0,2.0,0.0,9,3,7,41.9431975038,-87.6893891345,POINT (-87.689389134496 41.94319750376)
23a3a26bd04e4952aaae20ebae3fa39e4e8a35c8a20c4b3061efc056efa2156c7b3a7b1133a9c2b33bf64b46564ee4c48c10ee04aba3c17fb70993c76ae2f594,JB142878,,02/06/2018 10:25:00 AM,25,OTHER,FUNCTIONING PROPERLY,SNOW,DAYLIGHT,SIDESWIPE SAME DIRECTION,DIVIDED - W/MEDIAN (NOT RAISED),,STRAIGHT AND LEVEL,SNOW OR SLUSH,NO DEFECTS,ON SCENE,INJURY AND / OR TOW DUE TO CRASH,,,,"$501 - $1,500",02/06/2018 10:45:00 AM,FOLLOWING TOO CLOSELY,WEATHER,3901,W,26TH ST,1031.0,,,,,,,2,"REPORTED, NOT EVIDENT",1.0,0.0,0.0,0.0,1.0,1.0,0.0,10,3,2,41.844173418,-87.7221691809,POINT (-87.722169180934 41.844173417973)
3e5fafaa91dafaade811f4f1a459ea3f84c422d8c348211c9a5acdec87c9fa1ae236d09009ddf1e960c5e51ecc7d4057791f11aaa8eb39738dfc9a8132bbe85c,JC546460,,12/14/2019 09:27:00 AM,30,NO CONTROLS,NO CONTROLS,CLEAR,DAYLIGHT,PARKED MOTOR VEHICLE,NOT DIVIDED,,STRAIGHT AND LEVEL,DRY,NO DEFECTS,ON SCENE,NO INJURY / DRIVE AWAY,,,Y,"OVER $1,500",12/14/2019 09:27:00 AM,UNABLE TO DETERMINE,UNABLE TO DETERMINE,10406,S,MARYLAND AVE,512.0,,,,,,,2,NO INDICATION OF INJURY,0.0,0.0,0.0,0.0,0.0,1.0,0.0,9,7,12,41.7053890625,-87.6028958142,POINT (-87.602895814236 41.705389062544)
25161aba2ac2aa05c1fe432721019cec44c6b4f1c253d7b253a6efead2a107f5cc7bd95d5220d40fd883e4dd4518c189e696b48696808d614bc4e0bce367cd5d,JE487329,,12/23/2021 08:40:00 PM,30,UNKNOWN,UNKNOWN,CLEAR,"DARKNESS, LIGHTED ROAD",TURNING,NOT DIVIDED,,STRAIGHT AND LEVEL,DRY,UNKNOWN,ON SCENE,NO INJURY / DRIVE AWAY,,,Y,$500 OR LESS,12/23/2021 08:42:00 PM,IMPROPER LANE USAGE,NOT APPLICABLE,5459,S,WELLS ST,935.0,,,,,,,2,NO INDICATION OF INJURY,0.0,0.0,0.0,0.0,0.0,2.0,0.0,20,5,12,41.7945610058,-87.6316351113,POINT (-87.631635111252 41.794561005835)
e93b8f0239b0dadb16919167741f0ff69f061a148b68d011c7a516636402a8ee644fe044a7d294eb436f10c9bc52278350daed82ba3ee3ae9bea31f35c8d2c14,JC354610,,07/18/2019 06:35:00 PM,30,NO CONTROLS,NO CONTROLS,CLEAR,DAYLIGHT,SIDESWIPE SAME DIRECTION,DIVIDED - W/MEDIAN (NOT RAISED),,STRAIGHT AND LEVEL,DRY,UNKNOWN,NOT ON SCENE (DESK REPORT),NO INJURY / DRIVE AWAY,,,,"$501 - $1,500",07/18/2019 06:52:00 PM,IMPROPER OVERTAKING/PASSING,UNABLE TO DETERMINE,5820,N,BROADWAY,2013.0,,,,,,,2,NO INDICATION OF INJURY,0.0,0.0,0.0,0.0,0.0,2.0,0.0,18,5,7,41.9876801137,-87.6603407812,POINT (-87.66034078124 41.987680113711)
b3e3d13cc58d74b79d9f4864d0dae5b43004528cab276bb648e269d752a40d48cac3c311f1c8f7af046ab6fa56d51a331bdeea87097c1b71d6cf7cdbf39d0446,JA131895,,01/19/2017 04:30:00 PM,30,STOP SIGN/FLASHER,NO CONTROLS,RAIN,"DARKNESS, LIGHTED ROAD",PARKED MOTOR VEHICLE,NOT DIVIDED,2.0,STRAIGHT AND LEVEL,WET,NO DEFECTS,NOT ON SCENE (DESK REPORT),NO INJURY / DRIVE AWAY,,,Y,"$501 - $1,500",01/27/2017 01:00:00 PM,UNABLE TO DETERMINE,NOT APPLICABLE,300,N,ADA ST,1215.0,,,,,,,2,NO INDICATION OF INJURY,0.0,0.0,0.0,0.0,0.0,1.0,0.0,16,5,1,41.8866586715,-87.6609431821,POINT (-87.660943182107 41.886658671521)
871848dddc5df61df292a11b7f37d6603de1095c7d18bf4c63bb66798f5cf699b969210cae14a1175f4af96fb2181ddd71cdc084da322be2b761d2c6add4ed86,JA514757,,11/16/2017 09:00:00 PM,35,NO CONTROLS,NO CONTROLS,CLEAR,DARKNESS,PARKED MOTOR VEHICLE,ONE-WAY,1.0,STRAIGHT AND LEVEL,DRY,NO DEFECTS,NOT ON SCENE (DESK REPORT),NO INJURY / DRIVE AWAY,,,,$500 OR LESS,11/16/2017 10:10:00 PM,"VISION OBSCURED (SIGNS, TREE LIMBS, BUILDINGS, ETC.)",UNABLE TO DETERMINE,5352,W,FERDINAND ST,1523.0,,,,,,,2,NO INDICATION OF INJURY,0.0,0.0,0.0,0.0,0.0,1.0,0.0,21,5,11,41.8890137646,-87.7599153402,POINT (-87.759915340199 41.88901376456)
dcdd42bd9034db646528de4b8d94a12aa57ef8aaed25bddea85398e9981c4b60e7b14a73a6069fe97929c07dc5107a822defc51567c4ee308c6d2ec2ea52d7d7,JG272008,,05/23/2023 02:08:00 PM,10,NO CONTROLS,NO CONTROLS,CLEAR,DAYLIGHT,PARKED MOTOR VEHICLE,PARKING LOT,,STRAIGHT AND LEVEL,UNKNOWN,UNKNOWN,NOT ON SCENE (DESK REPORT),NO INJURY / DRIVE AWAY,,,Y,"$501 - $1,500",05/23/2023 03:15:00 PM,IMPROPER BACKING,NOT APPLICABLE,4001,W,IRVING PARK RD,1732.0,,,,,,,2,NO INDICATION OF INJURY,0.0,0.0,0.0,0.0,0.0,3.0,0.0,14,3,5,41.9535373569,-87.7276951888,POINT (-87.727695188773 41.953537356864)
8e9338b51685f69089e82c37845e20101e8d85f057ef69b94ce0d08bacbb78e5b40a2b5eede9750132da8e89ca4dac75830a18910bdf0547ba4e34c759932638,JB102133,,12/30/2017 06:30:00 PM,30,NO CONTROLS,NO CONTROLS,CLEAR,"DARKNESS, LIGHTED ROAD",PARKED MOTOR VEHICLE,PARKING LOT,8.0,STRAIGHT AND LEVEL,SNOW OR SLUSH,NO DEFECTS,NOT ON SCENE (DESK REPORT),NO INJURY / DRIVE AWAY,,,Y,"$501 - $1,500",01/02/2018 07:10:00 PM,UNABLE TO DETERMINE,UNABLE TO DETERMINE,6639,S,KENWOOD AVE,321.0,,,,,,,2,NO INDICATION OF INJURY,0.0,0.0,0.0,0.0,0.0,1.0,0.0,18,7,12,41.7739220869,-87.5927803949,POINT (-87.592780394856 41.773922086943)
08e4c0e2e8ac42cca19c902cb931ecdcfca45c33da0bf4ba7c71c008e7c937a02b54395d94d6d26ecd14a20d824b483ef1bbb889ec0f122aa81ee092653ab375,JE442868,,11/12/2021 03:30:00 PM,30,NO CONTROLS,NO CONTROLS,RAIN,DAWN,TURNING,NOT DIVIDED,,STRAIGHT AND LEVEL,WET,UNKNOWN,NOT ON SCENE (DESK REPORT),NO INJURY / DRIVE AWAY,,,,"OVER $1,500",11/12/2021 03:55:00 PM,FAILING TO YIELD RIGHT-OF-WAY,NOT APPLICABLE,5202,W,FOSTER AVE,1623.0,,,,,,,2,NO INDICATION OF INJURY,0.0,0.0,0.0,0.0,0.0,2.0,0.0,15,6,11,41.9753274601,-87.7579181195,POINT (-87.7579181195 41.975327460116)
bfd2f31df0b2ea3e4cce4bddb8a1d8b464f899413ddff5c4d6f6abea9ad041a5c47b3e15ca6a6da223d7cd146f617cf70dd1ac6deee167c04227b3ab5ff3cd9f,JE336176,,08/13/2021 01:41:00 PM,30,NO CONTROLS,NO CONTROLS,CLEAR,DAYLIGHT,PEDESTRIAN,OTHER,,STRAIGHT AND LEVEL,DRY,NO DEFECTS,ON SCENE,INJURY AND / OR TOW DUE TO CRASH,,,Y,"OVER $1,500",08/13/2021 03:41:00 PM,FAILING TO YIELD RIGHT-OF-WAY,NOT APPLICABLE,3450,S,CALIFORNIA AVE,911.0,,,,,,,2,NONINCAPACITATING INJURY,1.0,0.0,0.0,1.0,0.0,1.0,0.0,13,6,8,41.8304028226,-87.6949524679,POINT (-87.694952467868 41.830402822602)
faa0a9ed1da95ac72df352939892624f10a834bf570db0e7eac5efb20e3ae2354e8b85d200a4c66cc4452775743fe3ef4fc40569bd95ef0683fbff2521dab32c,JC357162,,07/20/2019 03:00:00 PM,30,TRAFFIC SIGNAL,FUNCTIONING PROPERLY,CLEAR,DAYLIGHT,TURNING,FOUR WAY,,STRAIGHT AND LEVEL,DRY,NO DEFECTS,NOT ON SCENE (DESK REPORT),NO INJURY / DRIVE AWAY,Y,,,"$501 - $1,500",07/20/2019 03:30:00 PM,FAILING TO YIELD RIGHT-OF-WAY,NOT APPLICABLE,300,N,WESTERN AVE,1222.0,,,,,,,2,NO INDICATION OF INJURY,0.0,0.0,0.0,0.0,0.0,6.0,0.0,15,7,7,41.8867217641,-87.6867273643,POINT (-87.686727364298 41.88672176412)
3d881f15a6e8a91ed135d7621b14e6eff0d036099b32407ea35bb025a5b46f44fffca88a8c2d2bccc4143abaf51c3f9fe66260ec3b8eb5bd2ceed930f5ccad10,JE145748,,02/19/2021 11:00:00 AM,20,NO CONTROLS,NO CONTROLS,CLEAR,DAYLIGHT,REAR TO FRONT,DIVIDED - W/MEDIAN (NOT RAISED),,STRAIGHT AND LEVEL,DRY,NO DEFECTS,NOT ON SCENE (DESK REPORT),NO INJURY / DRIVE AWAY,,,,"OVER $1,500",02/19/2021 11:30:00 AM,UNABLE TO DETERMINE,NOT APPLICABLE,5000,W,MADISON ST,1533.0,,,,,,,2,NO INDICATION OF INJURY,0.0,0.0,0.0,0.0,0.0,2.0,0.0,11,6,2,41.8805428541,-87.7502982261,POINT (-87.750298226061 41.880542854064)
0db58a51db5c2b5d43cc38b8b97497a475e9a1f37d84f0c6a219b3a55fd3a0f32856159892d6b038a7973baa5996081873736fd95d7e910f7392981a4b59db65,JG166699,,02/26/2023 12:30:00 PM,30,UNKNOWN,UNKNOWN,UNKNOWN,UNKNOWN,PARKED MOTOR VEHICLE,UNKNOWN,,STRAIGHT AND LEVEL,UNKNOWN,UNKNOWN,NOT ON SCENE (DESK REPORT),INJURY AND / OR TOW DUE TO CRASH,,,Y,"OVER $1,500",02/26/2023 02:20:00 PM,UNABLE TO DETERMINE,UNABLE TO DETERMINE,1014,N,SPRINGFIELD AVE,1112.0,Y,,,N,,,2,NO INDICATION OF INJURY,0.0,0.0,0.0,0.0,0.0,1.0,0.0,12,1,2,41.8995299753,-87.723915147,POINT (-87.723915146994 41.899529975251)
fe5209ad076bf3f174f5a96c9c3106ea48c6f944ec2f05878ab1c09eb351064fbb94f38fa4b2fa918d6376d58a32d247c68423c7d7b737d582f2096ad3d26b2c,JA461144,,10/06/2017 05:54:00 PM,30,TRAFFIC SIGNAL,FUNCTIONING PROPERLY,RAIN,DUSK,TURNING,CENTER TURN LANE,4.0,STRAIGHT AND LEVEL,WET,NO DEFECTS,ON SCENE,INJURY AND / OR TOW DUE TO CRASH,Y,,,"OVER $1,500",10/06/2017 05:58:00 PM,FAILING TO YIELD RIGHT-OF-WAY,NOT APPLICABLE,6000,W,IRVING PARK RD,1624.0,,,,,,,2,NO INDICATION OF INJURY,0.0,0.0,0.0,0.0,0.0,2.0,0.0,17,6,10,41.9531637719,-87.7768425928,POINT (-87.776842592847 41.953163771852)
84fef5473a54402d29f53b800d42e9dcc0f6da3a07f4a7080dbd01ffce5e63d1fa095eb653619c08211b55102c0a65e195b6e0469f41fb2fa4e2845735e7419d,JA531252,Y,11/23/2017 10:30:00 AM,30,NO CONTROLS,NO CONTROLS,CLEAR,DAYLIGHT,PARKED MOTOR VEHICLE,NOT DIVIDED,,STRAIGHT AND LEVEL,DRY,NO DEFECTS,NOT ON SCENE (DESK REPORT),NO INJURY / DRIVE AWAY,,,Y,"OVER $1,500",11/30/2017 04:00:00 PM,UNABLE TO DETERMINE,NOT APPLICABLE,3714,W,WRIGHTWOOD AVE,2524.0,,,,,,,2,NO INDICATION OF INJURY,0.0,0.0,0.0,0.0,0.0,1.0,0.0,10,5,11,41.9283247035,-87.7201482882,POINT (-87.720148288205 41.928324703504)
161614adb8f7b6ad13581bace9c3bf41c2ea27fddd6cd07c5d0e9403b36311f0eb217d34e6437d2e5d1e01c8fe366b380bcdc834c9428ff4a86cb62947f619ff,HZ176637,,03/06/2016 11:35:00 AM,30,TRAFFIC SIGNAL,FUNCTIONING PROPERLY,CLEAR,DAYLIGHT,REAR END,NOT DIVIDED,4.0,STRAIGHT AND LEVEL,DRY,NO DEFECTS,NOT ON SCENE (DESK REPORT),NO INJURY / DRIVE AWAY,Y,,,"OVER $1,500",03/06/2016 11:50:00 AM,FOLLOWING TOO CLOSELY,NOT APPLICABLE,801,S,CICERO AVE,1131.0,,,,,,,2,NO INDICATION OF INJURY,0.0,0.0,0.0,0.0,0.0,6.0,0.0,11,1,3,41.8703663777,-87.7447504925,POINT (-87.744750492544 41.870366377658)
b2e2a972ab8a5e66eff7323bfe5f4377adce4f114cd7f973ddec3fe1912197a24b65e53384b4334b7fa1ce3ebb5c73b8a1024506066d8498af5513f69ef75c3e,JB352780,,07/16/2018 04:53:00 PM,30,TRAFFIC SIGNAL,FUNCTIONING PROPERLY,CLEAR,DAYLIGHT,TURNING,NOT DIVIDED,3.0,STRAIGHT AND LEVEL,DRY,NO DEFECTS,NOT ON SCENE (DESK REPORT),NO INJURY / DRIVE AWAY,,,Y,"OVER $1,500",07/16/2018 04:53:00 PM,IMPROPER LANE USAGE,FAILING TO YIELD RIGHT-OF-WAY,302,W,LAKE ST,122.0,,,,,,,2,NO INDICATION OF INJURY,0.0,0.0,0.0,0.0,0.0,2.0,0.0,16,2,7,41.8858473415,-87.6355262555,POINT (-87.635526255482 41.885847341536)
3dd0c451037c688845e907705fd48376175744347a50c43f5bdfded96c92d15eafdefd09b2132ae8cc07d42a7411f5ba8fffdab66d84fbbad1a2e6d3a87e407e,JF495120,Y,12/02/2022 07:15:00 AM,30,NO CONTROLS,NO CONTROLS,UNKNOWN,UNKNOWN,PARKED MOTOR VEHICLE,ONE-WAY,,STRAIGHT AND LEVEL,UNKNOWN,UNKNOWN,ON SCENE,NO INJURY / DRIVE AWAY,,,Y,"OVER $1,500",12/02/2022 07:22:00 AM,IMPROPER OVERTAKING/PASSING,IMPROPER OVERTAKING/PASSING,4805,N,HAMLIN AVE,1712.0,,,,,,,2,NO INDICATION OF INJURY,0.0,0.0,0.0,0.0,0.0,1.0,0.0,7,6,12,41.9685006626,-87.723000884,POINT (-87.723000884035 41.968500662551)
0d68e0f8a11586fbfa5df20a6a9eaad1224c6c17e643f8d8b21cef97e06dfdd228137c5e88c3c56944a0931dbd0fdb5fc63fc89e1cebbc82bd4f45a81da381e9,JD271234,,06/18/2021 11:05:00 PM,10,NO CONTROLS,NO CONTROLS,CLEAR,"DARKNESS, LIGHTED ROAD",REAR END,PARKING LOT,,"CURVE, LEVEL",DRY,NO DEFECTS,ON SCENE,NO INJURY / DRIVE AWAY,,Y,,"$501 - $1,500",06/18/2021 11:10:00 PM,FOLLOWING TOO CLOSELY,NOT APPLICABLE,4047,E,106TH ST,432.0,,,,,,,2,NO INDICATION OF INJURY,0.0,0.0,0.0,0.0,0.0,4.0,0.0,23,6,6,41.7025732754,-87.525094136,POINT (-87.525094135987 41.702573275377)
b43955df8ceba3084823e6df5a56d00ed0b06f5d03c516969d055ad923cd5630f468f67206aa125c60df07eb7d51b292d348103ecbfbd326a48559cdf7e66f3e,JF116801,,01/18/2022 03:00:00 PM,30,NO CONTROLS,NO CONTROLS,CLEAR,DAYLIGHT,REAR END,NOT DIVIDED,,STRAIGHT AND LEVEL,DRY,NO DEFECTS,NOT ON SCENE (DESK REPORT),NO INJURY / DRIVE AWAY,,,,"OVER $1,500",01/18/2022 03:50:00 PM,FOLLOWING TOO CLOSELY,FOLLOWING TOO CLOSELY,5701,S,CALIFORNIA AVE,824.0,,,,,,,2,NO INDICATION OF INJURY,0.0,0.0,0.0,0.0,0.0,2.0,0.0,15,3,1,41.7899596893,-87.6935477131,POINT (-87.693547713063 41.789959689261)
1a5f6752dbae9d0479bfbbfb3f69b654df9a335851dc56125a9d5a142aca941abb5d94ec9a82d59eff6d0671280524675ed97bf0344a9f3cfa863cd27423cb7c,JE493504,,12/30/2021 11:50:00 PM,30,NO CONTROLS,NO CONTROLS,CLEAR,"DARKNESS, LIGHTED ROAD",ANGLE,ONE-WAY,,STRAIGHT AND LEVEL,DRY,NO DEFECTS,NOT ON SCENE (DESK REPORT),NO INJURY / DRIVE AWAY,Y,,Y,"$501 - $1,500",12/31/2021 12:30:00 AM,IMPROPER OVERTAKING/PASSING,FAILING TO YIELD RIGHT-OF-WAY,2301,S,LAKE SHORE DR W,132.0,,,,,,,2,NO INDICATION OF INJURY,0.0,0.0,0.0,0.0,0.0,2.0,0.0,23,5,12,41.8511074802,-87.6128666325,POINT (-87.612866632544 41.85110748019)
a460328d86f9db1459825bf4aaf17b1f73f7feb6cc600030d8497b4a5fca0b426954e9c95cd901fc30235c50e9b8ce0b045e5e1a87644055b3ba8365a859c517,JA557311,,12/18/2017 09:00:00 AM,30,UNKNOWN,UNKNOWN,UNKNOWN,UNKNOWN,PARKED MOTOR VEHICLE,UNKNOWN,,STRAIGHT AND LEVEL,UNKNOWN,UNKNOWN,NOT ON SCENE (DESK REPORT),NO INJURY / DRIVE AWAY,,,Y,"$501 - $1,500",12/20/2017 07:30:00 PM,UNABLE TO DETERMINE,NOT APPLICABLE,4444,N,LINDER AVE,1623.0,,,,,,,2,NO INDICATION OF INJURY,0.0,0.0,0.0,0.0,0.0,1.0,0.0,9,2,12,41.9619016645,-87.7649726355,POINT (-87.764972635548 41.961901664484)
eed0b81ddab426f1d3b3103a08de20d57990a63e3c224e00f013eb4bdf6683881c76048c748646f2205084289c6d66d1aa0a161c252d4f9bb86429f52d8e7772,JG316586,,06/26/2023 11:15:00 AM,10,NO CONTROLS,NO CONTROLS,CLEAR,DAYLIGHT,TURNING,PARKING LOT,,STRAIGHT AND LEVEL,DRY,NO DEFECTS,ON SCENE,NO INJURY / DRIVE AWAY,,Y,,"OVER $1,500",06/26/2023 11:22:00 AM,UNABLE TO DETERMINE,UNABLE TO DETERMINE,1851,N,CICERO AVE,2533.0,,,,,,,2,NO INDICATION OF INJURY,0.0,0.0,0.0,0.0,0.0,3.0,0.0,11,2,6,41.9147480719,-87.7458721147,POINT (-87.745872114699 41.914748071919)
6d908ab828a35dd1404fb85a5885671c3bd6e06163287a229042140dfc8cb33b66378728f35617411ed107e939ea8ee214c2046f8dfc979abadd807602cfb8c7,JC326001,Y,06/28/2019 04:30:00 PM,30,STOP SIGN/FLASHER,FUNCTIONING PROPERLY,CLEAR,DAYLIGHT,REAR END,NOT DIVIDED,,STRAIGHT AND LEVEL,DRY,NO DEFECTS,ON SCENE,NO INJURY / DRIVE AWAY,,,Y,$500 OR LESS,06/28/2019 04:49:00 PM,UNABLE TO DETERMINE,UNABLE TO DETERMINE,8299,S,FRANCISCO AVE,835.0,,,,,,,2,NO INDICATION OF INJURY,0.0,0.0,0.0,0.0,0.0,3.0,0.0,16,6,6,41.7427123919,-87.6947333537,POINT (-87.694733353669 41.742712391946)
a0880e2344e22ebf0928329325868be1dbdd5bbcc3013e3fd114cb93862d99eb5bd65959723e5d106270dd8bf3d4745bc5e591933395bf0d7b4c09e279de17f7,JB503907,,11/05/2018 06:55:00 AM,30,STOP SIGN/FLASHER,FUNCTIONING PROPERLY,CLEAR,DAYLIGHT,TURNING,NOT DIVIDED,,STRAIGHT AND LEVEL,DRY,NO DEFECTS,ON SCENE,INJURY AND / OR TOW DUE TO CRASH,Y,,,"OVER $1,500",11/05/2018 07:01:00 AM,IMPROPER TURNING/NO SIGNAL,NOT APPLICABLE,6929,W,FOSTER AVE,1613.0,,,,,,,2,NO INDICATION OF INJURY,0.0,0.0,0.0,0.0,0.0,2.0,0.0,6,2,11,41.9754330897,-87.80113682,POINT (-87.801136820047 41.975433089712)
9329fe55d1afcb092e43ad185b87c51142f2758bc38dfead7bee0ace54b156c4868a752bd539ce8124935a29e9a8e5ea0f3bae0205dd36e4e27d306dfa7e1b81,JF263035,,05/31/2022 10:15:00 PM,20,STOP SIGN/FLASHER,FUNCTIONING PROPERLY,CLEAR,"DARKNESS, LIGHTED ROAD",ANGLE,UNKNOWN INTERSECTION TYPE,,STRAIGHT AND LEVEL,DRY,UNKNOWN,NOT ON SCENE (DESK REPORT),NO INJURY / DRIVE AWAY,Y,,,"OVER $1,500",05/31/2022 10:25:00 PM,FAILING TO YIELD RIGHT-OF-WAY,UNABLE TO DETERMINE,5632,W,WASHINGTON BLVD,1512.0,,,,,,,2,NO INDICATION OF INJURY,0.0,0.0,0.0,0.0,0.0,2.0,0.0,22,3,5,41.8823305078,-87.7663311303,POINT (-87.766331130276 41.882330507828)