CRASH_RECORD_ID,RD_NO,CRASH_DATE_EST_I,CRASH_DATE,POSTED_SPEED_LIMIT,TRAFFIC_CONTROL_DEVICE,DEVICE_CONDITION,WEATHER_CONDITION,LIGHTING_CONDITION,FIRST_CRASH_TYPE,TRAFFICWAY_TYPE,LANE_CNT,ALIGNMENT,ROADWAY_SURFACE_COND,ROAD_DEFECT,REPORT_TYPE,CRASH_TYPE,INTERSECTION_RELATED_I,NOT_RIGHT_OF_WAY_I,HIT_AND_RUN_I,DAMAGE,DATE_POLICE_NOTIFIED,PRIM_CONTRIBUTORY_CAUSE,SEC_CONTRIBUTORY_CAUSE,STREET_NO,STREET_DIRECTION,STREET_NAME,BEAT_OF_OCCURRENCE,PHOTOS_TAKEN_I,STATEMENTS_TAKEN_I,DOORING_I,WORK_ZONE_I,WORK_ZONE_TYPE,WORKERS_PRESENT_I,NUM_UNITS,MOST_SEVERE_INJURY,INJURIES_TOTAL,INJURIES_FATAL,INJURIES_INCAPACITATING,INJURIES_NON_INCAPACITATING,INJURIES_REPORTED_NOT_EVIDENT,INJURIES_NO_INDICATION,INJURIES_UNKNOWN,CRASH_HOUR,CRASH_DAY_OF_WEEK,CRASH_MONTH,LATITUDE,LONGITUDE,LOCATION
bd94d2f2aea155c32483b1aff8b9531ebf856aeecf11fce0aea9a081b98940b799764cd324eabe55836f193559d5ed91e0c093122ad923d260ef96513c18a1b6,JB107172,N,01/06/2018 11:00:00 PM,30,TRAFFIC SIGNAL,FUNCTIONING PROPERLY,CLEAR,"DARKNESS, LIGHTED ROAD",REAR END,DIVIDED - W/MEDIAN (NOT RAISED),,STRAIGHT AND LEVEL,DRY,NO DEFECTS,NOT ON SCENE (DESK REPORT),NO INJURY / DRIVE AWAY,,,Y,"OVER $1,500",01/06/2018 11:30:00 PM,EXCEEDING AUTHORIZED SPEED LIMIT,NOT APPLICABLE,5015,S,PULASKI RD,821.0,,,,,,,2,NO INDICATION OF INJURY,0.0,0.0,0.0,0.0,0.0,4.0,0.0,23,7,1,41.8018460964,-87.7232626333,POINT (-87.723262633347 41.801846096403)
8c9776367874c0d386d421cfa37bf9de0cd02ec05e7955aa56742152332c92a71a6b6bab891dc9f234b5884ef0e01c0cdfab37e031fc4a633ca0c0af77dc9d00,JA513471,,11/09/2017 11:00:00 AM,20,NO CONTROLS,NO CONTROLS,CLEAR,DAYLIGHT,PARKED MOTOR VEHICLE,ONE-WAY,1.0,STRAIGHT AND LEVEL,DRY,NO DEFECTS,ON SCENE,NO INJURY / DRIVE AWAY,,,N,"$501 - $1,500",11/15/2017 10:35:00 PM,IMPROPER BACKING,NOT APPLICABLE,8239,S,INDIANA AVE,631.0,,,,,,,2,NO INDICATION OF INJURY,0.0,0.0,0.0,0.0,0.0,1.0,0.0,11,5,11,41.7443921306,-87.6194430874,POINT (-87.619443087406 41.744392130557)
69a83aa92c5ec56a573fa35a59fa13563a6e0b7df4051b7976e2e040a6abb0650320d4c43416c525fe3bae33bd682282294fefe2ebad778c82bbe8046c6fbbc4,JE484497,,12/21/2021 07:25:00 AM,30,UNKNOWN,UNKNOWN,CLEAR,DAYLIGHT,SIDESWIPE SAME DIRECTION,NOT DIVIDED,,STRAIGHT AND LEVEL,DRY,UNKNOWN,ON SCENE,NO INJURY / DRIVE AWAY,,,,"OVER $1,500",12/21/2021 07:48:00 AM,NOT APPLICABLE,NOT APPLICABLE,5551,W,IRVING PARK RD,1633.0,,,,,,,2,NO INDICATION OF INJURY,0.0,0.0,0.0,0.0,0.0,2.0,0.0,7,3,12,41.9530849821,-87.7665666116,POINT (-87.766566611616 41.953084982119)
f400e702d772ed83cd50b5c16ad9ac303503e4e39d175f5ea68312d28ba62de7f20d496fa75d34069c48ec39fcc18a1ef989018d20f6cbbc1b5efb221faa454b,JF473481,,11/13/2022 05:10:00 PM,30,NO CONTROLS,NO CONTROLS,CLEAR,"DARKNESS, LIGHTED ROAD",PARKED MOTOR VEHICLE,NOT DIVIDED,,STRAIGHT AND LEVEL,DRY,NO DEFECTS,ON SCENE,INJURY AND / OR TOW DUE TO CRASH,,,Y,"OVER $1,500",11/13/2022 05:15:00 PM,UNDER THE INFLUENCE OF ALCOHOL/DRUGS (USE WHEN ARREST IS EFFECTED),NOT APPLICABLE,2200,W,ADDISON ST,1921.0,,,,,,,2,NO INDICATION OF INJURY,0.0,0.0,0.0,0.0,0.0,2.0,0.0,17,1,11,41.946909114,-87.683469891,POINT (-87.683469891004 41.946909113959)
2caa2508491e0d85136716d5a3c0ad8541df325d4a12bc3af50c45679d4182b8f51327b59c209ef6be9b7135424f3520d7d21b143eb11dbba6c664778388dc4c,JE234487,,05/18/2021 05:05:00 PM,30,STOP SIGN/FLASHER,FUNCTIONING PROPERLY,RAIN,DAYLIGHT,ANGLE,FOUR WAY,,STRAIGHT AND LEVEL,WET,UNKNOWN,NOT ON SCENE (DESK REPORT),INJURY AND / OR TOW DUE TO CRASH,Y,,,"OVER $1,500",05/18/2021 05:05:00 PM,UNABLE TO DETERMINE,UNABLE TO DETERMINE,1500,E,MARQUETTE RD,321.0,,,,,,,2,NO INDICATION OF INJURY,0.0,0.0,0.0,0.0,0.0,3.0,0.0,17,3,5,41.7752631988,-87.5887154367,POINT (-87.588715436679 41.775263198805)
0125bc12d037225e6def8ed45375d6cefd14569be982beab639ae798cb1593fb5730f96c80c4cfb3cf8f22c6c52f56bfc4f0f4c65a89b1533897fd51dbe235d7,HZ369659,,07/29/2016 12:08:00 PM,0,STOP SIGN/FLASHER,FUNCTIONING PROPERLY,CLEAR,DAYLIGHT,TURNING,OTHER,0.0,STRAIGHT AND LEVEL,DRY,NO DEFECTS,NOT ON SCENE (DESK REPORT),NO INJURY / DRIVE AWAY,Y,,,"$501 - $1,500",07/29/2016 01:15:00 PM,FAILING TO YIELD RIGHT-OF-WAY,UNABLE TO DETERMINE,7900,S,PERRY AVE,623.0,,,,,,,2,NO INDICATION OF INJURY,0.0,0.0,0.0,0.0,0.0,2.0,0.0,12,6,7,41.7508161079,-87.627177543,POINT (-87.62717754304 41.75081610788)
4608359e706fe512c6d2abbc026f9177146cb107cf68cd5790bcdcd6b6af5d6b001685a752ca890a75adbd93753646a3d247153e7696f33eb2468d2652e18444,HZ443433,,09/21/2016 11:00:00 AM,30,NO CONTROLS,NO CONTROLS,CLEAR,DAYLIGHT,SIDESWIPE SAME DIRECTION,NOT DIVIDED,,STRAIGHT AND LEVEL,DRY,NO DEFECTS,NOT ON SCENE (DESK REPORT),NO INJURY / DRIVE AWAY,,,,"OVER $1,500",09/21/2016 12:31:00 PM,UNABLE TO DETERMINE,UNABLE TO DETERMINE,3801,S,KEDZIE AVE,911.0,,,,,,,2,NO INDICATION OF INJURY,0.0,0.0,0.0,0.0,0.0,2.0,0.0,11,4,9,41.8243609744,-87.704300216,POINT (-87.704300215991 41.824360974434)
83af94acc772da75b0d85fe6a9fe59ff27d018d09199e8a1cd28506a9eb9648019fff2ec97f9c9c8c13a0161c028141b2151daee25f360267b76728da29af2f8,JG352218,,07/22/2023 08:00:00 PM,30,NO CONTROLS,NO CONTROLS,CLEAR,"DARKNESS, LIGHTED ROAD",PARKED MOTOR VEHICLE,NOT DIVIDED,,STRAIGHT AND LEVEL,UNKNOWN,NO DEFECTS,ON SCENE,INJURY AND / OR TOW DUE TO CRASH,,,Y,"OVER $1,500",07/23/2023 12:26:00 AM,IMPROPER BACKING,IMPROPER BACKING,655,W,WRIGHTWOOD AVE,1935.0,,Y,,,,,3,NO INDICATION OF INJURY,0.0,0.0,0.0,0.0,0.0,2.0,0.0,20,7,7,41.9291011542,-87.6449062928,POINT (-87.644906292828 41.929101154174)
5b0809de5ab1dfd84d0d0dd821985ce6d5c986c9ce5fa465ad836ea736450f86800275711b09d7576ef82057505a252130f4673ca55ab049b86d9da740bdb598,HZ373641,,08/01/2016 11:50:00 AM,30,STOP SIGN/FLASHER,NO CONTROLS,CLEAR,DAYLIGHT,PARKED MOTOR VEHICLE,NOT DIVIDED,2.0,STRAIGHT AND LEVEL,DRY,NO DEFECTS,NOT ON SCENE (DESK REPORT),NO INJURY / DRIVE AWAY,,,Y,"$501 - $1,500",08/01/2016 01:00:00 PM,UNABLE TO DETERMINE,UNABLE TO DETERMINE,7550,S,LAFAYETTE AVE,623.0,,,,,,,2,NO INDICATION OF INJURY,0.0,0.0,0.0,0.0,0.0,1.0,0.0,11,2,8,41.7566725777,-87.6264823401,POINT (-87.62648234006 41.756672577657)
02634b9cdfcfe89c2d7033111bf0c39c69c324ab2d18b4cb179fa93bd7e92911391cd3bf8fa5a51f86ec1dbd263c479fc30793ec9e5142a2b53856c430d3f1b0,JD452590,,12/07/2020 08:22:00 PM,30,TRAFFIC SIGNAL,FUNCTIONING PROPERLY,CLEAR,"DARKNESS, LIGHTED ROAD",REAR END,T-INTERSECTION,,STRAIGHT AND LEVEL,DRY,NO DEFECTS,ON SCENE,NO INJURY / DRIVE AWAY,Y,,,"OVER $1,500",12/07/2020 08:22:00 PM,UNDER THE INFLUENCE OF ALCOHOL/DRUGS (USE WHEN ARREST IS EFFECTED),FAILING TO REDUCE SPEED TO AVOID CRASH,6099,N,SHERIDAN RD,2433.0,,,,,,,2,NO INDICATION OF INJURY,0.0,0.0,0.0,0.0,0.0,2.0,0.0,20,2,12,41.9922943725,-87.6553078414,POINT (-87.655307841434 41.992294372522)
27f026bbdd88b0527a86c09cbae3665e65602d1815d09bf971b606a6319860f8190b5db8fdf7923ab0a7f87af0712c950531522a17a1d23d2a3f2feb44600553,JG188122,,03/16/2023 05:00:00 PM,30,UNKNOWN,UNKNOWN,UNKNOWN,DAYLIGHT,REAR TO FRONT,NOT DIVIDED,,STRAIGHT AND LEVEL,UNKNOWN,UNKNOWN,NOT ON SCENE (DESK REPORT),NO INJURY / DRIVE AWAY,Y,,,$500 OR LESS,03/16/2023 05:00:00 PM,IMPROPER BACKING,NOT APPLICABLE,7075,N,RIDGE BLVD,2424.0,,,,,,,2,NO INDICATION OF INJURY,0.0,0.0,0.0,0.0,0.0,2.0,0.0,17,5,3,42.0110215778,-87.6824782161,POINT (-87.682478216148 42.011021577841)
3add6c99b55451320dc45c77216ea9698907d3abc1878a8f46d4cd975feb6d57aada49b4f580b5b251bfdb726619bc0f75e05aa2eb2a7db9cc196edb304d7f18,JD369487,,09/16/2020 05:15:00 PM,30,TRAFFIC SIGNAL,FUNCTIONING PROPERLY,CLEAR,DAYLIGHT,REAR END,NOT DIVIDED,,STRAIGHT AND LEVEL,DRY,NO DEFECTS,NOT ON SCENE (DESK REPORT),NO INJURY / DRIVE AWAY,,,,"OVER $1,500",09/16/2020 06:15:00 PM,FOLLOWING TOO CLOSELY,UNABLE TO DETERMINE,8,N,WELLS ST,122.0,,,,,,,2,NO INDICATION OF INJURY,0.0,0.0,0.0,0.0,0.0,2.0,0.0,17,4,9,41.8821311727,-87.6339810627,POINT (-87.633981062714 41.882131172655)
efbc1bc31dc7e099076d9beec31eea75c61871230c16d920cd25dc1c235674c3d329d662d79f0cc8032403e5e541540885ebd2773a972218b3384dca248ebf2e,JC332863,,07/03/2019 11:15:00 AM,30,NO CONTROLS,NO CONTROLS,CLEAR,DAYLIGHT,REAR TO SIDE,PARKING LOT,,STRAIGHT AND LEVEL,DRY,NO DEFECTS,ON SCENE,NO INJURY / DRIVE AWAY,,Y,,"OVER $1,500",07/03/2019 11:23:00 AM,IMPROPER BACKING,UNABLE TO DETERMINE,2399,W,MADISON ST,1223.0,,,,,,,2,NO INDICATION OF INJURY,0.0,0.0,0.0,0.0,0.0,8.0,0.0,11,4,7,41.8810539082,-87.6863045524,POINT (-87.686304552446 41.881053908208)
ec6deef935d67558d9dcff35a871c3d25ee88dcac84a659615e073f21eb50ba835e1f04a392a753c7b4fc811f371b1a2bf53a0b6dc086835e20e5d879d76f845,JG363548,,07/27/2023 04:30:00 PM,35,NO CONTROLS,NO CONTROLS,CLEAR,DAYLIGHT,PARKED MOTOR VEHICLE,PARKING LOT,,STRAIGHT AND LEVEL,DRY,NO DEFECTS,NOT ON SCENE (DESK REPORT),NO INJURY / DRIVE AWAY,,,,"OVER $1,500",07/31/2023 03:27:00 PM,NOT APPLICABLE,NOT APPLICABLE,333,E,BENTON PL,114.0,,,,,,,2,NO INDICATION OF INJURY,0.0,0.0,0.0,0.0,0.0,1.0,0.0,16,5,7,41.8853900467,-87.6189867116,POINT (-87.61898671164 41.88539004667)
a839159b73e3d02dc4a9f326fcb326810d63c63d720145a3c9a5cd527265ea7db0f3f951ed8ada6bd0896ed0945eb1d2747a0cb3647f4b1b9b45afa7e61044e9,JD383564,,09/29/2020 07:34:00 PM,30,STOP SIGN/FLASHER,FUNCTIONING PROPERLY,CLEAR,"DARKNESS, LIGHTED ROAD",ANGLE,FOUR WAY,,STRAIGHT AND LEVEL,DRY,NO DEFECTS,ON SCENE,NO INJURY / DRIVE AWAY,,,,"OVER $1,500",09/29/2020 07:34:00 PM,FAILING TO YIELD RIGHT-OF-WAY,UNABLE TO DETERMINE,4434,W,55TH ST,815.0,,,,,,,2,NO INDICATION OF INJURY,0.0,0.0,0.0,0.0,0.0,3.0,0.0,19,3,9,41.7932185311,-87.7343402846,POINT (-87.73434028456 41.793218531116)
9a1c8be345c8b1dbb763381a527a996a6d8d5359a9e4b3e559da292392730b2aa10e5d4e2995cc4fb5021f0f85338c7e7dd1e10517603c9de8c8c4bff3e74b17,JA442817,,09/22/2017 11:49:00 PM,30,NO CONTROLS,NO CONTROLS,CLEAR,DARKNESS,PARKED MOTOR VEHICLE,ONE-WAY,1.0,STRAIGHT AND LEVEL,DRY,NO DEFECTS,,NO INJURY / DRIVE AWAY,,,Y,"OVER $1,500",09/22/2017 11:49:00 PM,UNABLE TO DETERMINE,NOT APPLICABLE,6845,S,ST LAWRENCE AVE,321.0,,,,,,,5,NO INDICATION OF INJURY,0.0,0.0,0.0,0.0,0.0,1.0,0.0,23,6,9,41.7698982882,-87.6103836916,POINT (-87.610383691617 41.769898288238)
9efefc691d4620f9019234cd88da93c3325b24ab26ffb802ce29fd667b90d2e5695ec164dae088a4a0b32bb9f7ba0f3a30afe8aca65c63846f6231c773f79f27,JC288775,,06/02/2019 09:50:00 AM,30,TRAFFIC SIGNAL,FUNCTIONING PROPERLY,CLEAR,DAYLIGHT,PEDESTRIAN,NOT DIVIDED,,STRAIGHT AND LEVEL,DRY,NO DEFECTS,NOT ON SCENE (DESK REPORT),NO INJURY / DRIVE AWAY,Y,,,$500 OR LESS,06/02/2019 10:30:00 AM,FAILING TO YIELD RIGHT-OF-WAY,NOT APPLICABLE,250,N,LOWER COLUMBUS DR,114.0,,,,,,,2,NO INDICATION OF INJURY,0.0,0.0,0.0,0.0,0.0,2.0,0.0,9,1,6,,,
494446db3c24a3b71c74ee7ac2e1c00d2345a80a265ba9cddb31ccece7bbd90c6c5213cc248d09b20afcd33b23c19825cf0ed3f1b2eba01eb2dcb35ee0b62586,JE459911,,11/28/2021 06:42:00 PM,20,NO CONTROLS,NO CONTROLS,UNKNOWN,"DARKNESS, LIGHTED ROAD",PARKED MOTOR VEHICLE,DIVIDED - W/MEDIAN (NOT RAISED),,STRAIGHT AND LEVEL,UNKNOWN,UNKNOWN,ON SCENE,NO INJURY / DRIVE AWAY,,,Y,"OVER $1,500",11/29/2021 07:42:00 AM,UNABLE TO DETERMINE,UNABLE TO DETERMINE,8311,W,SUMMERDALE AVE,1614.0,,,,,,,2,NO INDICATION OF INJURY,0.0,0.0,0.0,0.0,0.0,1.0,0.0,18,1,11,41.9763922986,-87.8341905448,POINT (-87.834190544825 41.976392298563)
478839d898975901b63f96bfc251cfca5c49fb63d75a56575a58a328f7b087f5fb3e07ec0daeb18536e1c99487fa7d2acf309f2772b2fc65874de085de12d9df,JB362544,,07/23/2018 10:21:00 PM,30,TRAFFIC SIGNAL,FUNCTIONING PROPERLY,CLEAR,"DARKNESS, LIGHTED ROAD",ANGLE,CENTER TURN LANE,4.0,STRAIGHT AND LEVEL,DRY,NO DEFECTS,ON SCENE,INJURY AND / OR TOW DUE TO CRASH,Y,,,"OVER $1,500",07/23/2018 10:21:00 PM,DISREGARDING TRAFFIC SIGNALS,FAILING TO REDUCE SPEED TO AVOID CRASH,39,W,79TH ST,623.0,,Y,,,,,2,NO INDICATION OF INJURY,0.0,0.0,0.0,0.0,0.0,2.0,0.0,22,2,7,41.7508219998,-87.6262231904,POINT (-87.626223190378 41.750821999836)
a063689e7c64bf94d36edf3c9c04b2c9d6a416a755e2ec36a5c4feb9740848382b354d259b14f0aad53c7d0018ad7e73d4470a6d5389d1729f03848201bad1f3,JC395537,,08/16/2019 06:56:00 PM,25,TRAFFIC SIGNAL,UNKNOWN,CLEAR,UNKNOWN,TURNING,FOUR WAY,,STRAIGHT AND LEVEL,UNKNOWN,UNKNOWN,,NO INJURY / DRIVE AWAY,Y,,,"$501 - $1,500",08/16/2019 10:00:00 PM,UNABLE TO DETERMINE,NOT APPLICABLE,550,W,ROOSEVELT RD,124.0,,,,,,,2,NO INDICATION OF INJURY,0.0,0.0,0.0,0.0,0.0,2.0,0.0,18,6,8,41.8673444523,-87.6412382814,POINT (-87.641238281435 41.867344452259)
a875442a2ad6744fbd5e5f046cdf2a93a4f1ce14cf507249029a240004816e315a8afdf61fd36ef2e0c1bb524645b6017e4e5a00f6441f8152f1d10861552532,JE410060,,10/14/2021 09:20:00 PM,30,TRAFFIC SIGNAL,FUNCTIONING PROPERLY,CLEAR,DAWN,TURNING,DIVIDED - W/MEDIAN BARRIER,,STRAIGHT AND LEVEL,DRY,NO DEFECTS,ON SCENE,NO INJURY / DRIVE AWAY,Y,,,"OVER $1,500",10/14/2021 09:25:00 PM,IMPROPER BACKING,IMPROPER BACKING,3100,S,STATE ST,211.0,,,,,,,2,NO INDICATION OF INJURY,0.0,0.0,0.0,0.0,0.0,2.0,0.0,21,5,10,41.8382102849,-87.6269217357,POINT (-87.626921735742 41.838210284902)
caea26176faa82e75458a82e1b665f4003a3763c621f286728124c1217ceab335805d25994cc26989d8d980411e9f89a19f090c2dc510a52b73b34eb79eb9614,JB394844,,08/15/2018 04:15:00 PM,30,NO CONTROLS,NO CONTROLS,CLEAR,DAYLIGHT,PARKED MOTOR VEHICLE,ALLEY,0.0,STRAIGHT AND LEVEL,DRY,NO DEFECTS,ON SCENE,NO INJURY / DRIVE AWAY,,Y,,"OVER $1,500",08/15/2018 04:20:00 PM,DRIVING SKILLS/KNOWLEDGE/EXPERIENCE,EXCEEDING SAFE SPEED FOR CONDITIONS,10006,S,STATE ST,511.0,,,,,,,2,NO INDICATION OF INJURY,0.0,0.0,0.0,0.0,0.0,2.0,0.0,16,4,8,41.7124152588,-87.6237731174,POINT (-87.623773117424 41.712415258793)
778feb44809a896090ecdbffc779902538b2b7e893129add52594462009407e33c39ed739af7cb15c67756b81992739502760dfecc6fb86d2954870d98ba676d,JG253080,,05/08/2023 02:50:00 PM,30,NO CONTROLS,NO CONTROLS,CLEAR,DAYLIGHT,PARKED MOTOR VEHICLE,DIVIDED - W/MEDIAN (NOT RAISED),,STRAIGHT AND LEVEL,DRY,NO DEFECTS,NOT ON SCENE (DESK REPORT),NO INJURY / DRIVE AWAY,,,Y,$500 OR LESS,05/08/2023 06:45:00 PM,UNABLE TO DETERMINE,NOT APPLICABLE,1143,S,WOLCOTT AVE,1231.0,,,,,,,2,NO INDICATION OF INJURY,0.0,0.0,0.0,0.0,0.0,1.0,0.0,14,2,5,41.8671252721,-87.6734967741,POINT (-87.673496774135 41.867125272077)
9bfa5ab6885f797b0e69ecc333e37c1aa8d9514e201ad873d6ac7244f116a96501801ed26e9e67097185ce631fface5ebccc1d7aa28112813fe9b1a168097b5d,HZ301592,,06/10/2016 02:30:00 PM,30,TRAFFIC SIGNAL,FUNCTIONING PROPERLY,CLEAR,DAYLIGHT,ANGLE,DIVIDED - W/MEDIAN (NOT RAISED),4.0,STRAIGHT AND LEVEL,DRY,NO DEFECTS,NOT ON SCENE (DESK REPORT),NO INJURY / DRIVE AWAY,Y,,,"OVER $1,500",06/10/2016 03:09:00 PM,DISREGARDING TRAFFIC SIGNALS,NOT APPLICABLE,340,N,COLUMBUS DR,114.0,,,,,,,2,NO INDICATION OF INJURY,0.0,0.0,0.0,0.0,0.0,5.0,0.0,14,6,6,41.8879100418,-87.6208035606,POINT (-87.620803560575 41.887910041818)
5a575f49b8b0e62398b1066a0549335c4f1c398b5ae8627ca6b18fec7af8be1a6fe9337b59bb0baf020b5af26c1bdc2788d07ee59f09901661f9f8204aa27394,JG301281,,06/14/2023 05:00:00 PM,30,TRAFFIC SIGNAL,FUNCTIONING PROPERLY,CLEAR,DAYLIGHT,SIDESWIPE SAME DIRECTION,"FIVE POINT, OR MORE",,STRAIGHT AND LEVEL,DRY,NO DEFECTS,NOT ON SCENE (DESK REPORT),NO INJURY / DRIVE AWAY,Y,,,"OVER $1,500",06/14/2023 06:50:00 PM,IMPROPER OVERTAKING/PASSING,NOT APPLICABLE,2800,N,CALIFORNIA AVE,1411.0,,,,,,,2,NO INDICATION OF INJURY,0.0,0.0,0.0,0.0,0.0,2.0,0.0,17,4,6,41.9321207191,-87.6977653004,POINT (-87.697765300365 41.932120719106)
ca854ce661993672124718f31923dcff480e9e1bbffa1b57f748115960e78ac3b3ffbcbea187e5d5a68667ea281628786b445436fcc7e3d4eedc79993a1036c1,HZ397018,,08/18/2016 07:55:00 AM,30,TRAFFIC SIGNAL,FUNCTIONING PROPERLY,RAIN,DARKNESS,REAR END,DIVIDED - W/MEDIAN (NOT RAISED),4.0,STRAIGHT AND LEVEL,WET,NO DEFECTS,NOT ON SCENE (DESK REPORT),NO INJURY / DRIVE AWAY,Y,,,"OVER $1,500",08/18/2016 10:33:00 AM,FOLLOWING TOO CLOSELY,FAILING TO YIELD RIGHT-OF-WAY,1400,S,MICHIGAN AVE,131.0,,,,,,,2,NO INDICATION OF INJURY,0.0,0.0,0.0,0.0,0.0,4.0,0.0,7,5,8,41.8640015435,-87.6242257291,POINT (-87.62422572914 41.86400154355)
778ff7f78befaa0910af24788f704b4aa55db1d712fdc16f69c8d7fe8b71bfe24c24ec71084d9bf7718b13e2e09e1bcff947e381340fa54c9f5d34622fdab181,JF428349,,10/09/2022 08:00:00 PM,30,NO CONTROLS,NO CONTROLS,CLEAR,"DARKNESS, LIGHTED ROAD",REAR END,NOT DIVIDED,,STRAIGHT AND LEVEL,DRY,NO DEFECTS,NOT ON SCENE (DESK REPORT),INJURY AND / OR TOW DUE TO CRASH,,,Y,$500 OR LESS,10/09/2022 08:20:00 PM,FOLLOWING TOO CLOSELY,NOT APPLICABLE,5263,S,PULASKI RD,822.0,,,,,,,2,"REPORTED, NOT EVIDENT",2.0,0.0,0.0,0.0,2.0,1.0,0.0,20,1,10,41.7968749643,-87.7231190968,POINT (-87.723119096785 41.796874964262)
8b9e518a9bf62c8f4c8b2130e11ba49bd9a92b2edaadf64e7068cb8921d27114ce64e51f1fdd9a8179900cea227efb7497bb925e7fbdb733fc615ddbfaae8ee1,JD316798,Y,07/31/2020 08:09:00 AM,30,TRAFFIC SIGNAL,FUNCTIONING PROPERLY,CLEAR,DUSK,ANGLE,FOUR WAY,,STRAIGHT AND LEVEL,DRY,NO DEFECTS,ON SCENE,INJURY AND / OR TOW DUE TO CRASH,Y,,,"OVER $1,500",07/31/2020 10:17:00 PM,FAILING TO REDUCE SPEED TO AVOID CRASH,DISREGARDING TRAFFIC SIGNALS,10000,S,MICHIGAN AVE,511.0,,,,,,,2,NO INDICATION OF INJURY,0.0,0.0,0.0,0.0,0.0,4.0,0.0,8,6,7,41.7126245501,-87.6202785193,POINT (-87.62027851926 41.71262455009)
cb0c59fe093b7c6d2914e5a21b1445dc9891ceac735a2ad44193c1a508465a133b395dab167bf939abf412d216835575a41c138077c8fe5cd6300d1483632d9f,JC450029,,09/26/2019 11:30:00 PM,30,UNKNOWN,UNKNOWN,UNKNOWN,UNKNOWN,TURNING,T-INTERSECTION,,STRAIGHT AND LEVEL,UNKNOWN,UNKNOWN,NOT ON SCENE (DESK REPORT),NO INJURY / DRIVE AWAY,,,,"$501 - $1,500",09/27/2019 12:30:00 AM,"OPERATING VEHICLE IN ERRATIC, RECKLESS, CARELESS, NEGLIGENT OR AGGRESSIVE MANNER",FOLLOWING TOO CLOSELY,44,N,WOLCOTT AVE,1223.0,,,,,,,2,NO INDICATION OF INJURY,0.0,0.0,0.0,0.0,0.0,3.0,0.0,23,5,9,41.8826565389,-87.674369584,POINT (-87.674369584049 41.882656538928)
04041dc5ff2d18da4fade1aa21b34875d872fd1e8a28b2d2496f33fa79c966ecddf9a04a0367d398cfee58f4026e7c06a7dcbc5b84dae72f210675862fbd2083,HZ389006,Y,08/12/2016 01:00:00 PM,30,UNKNOWN,UNKNOWN,UNKNOWN,UNKNOWN,REAR END,DIVIDED - W/MEDIAN (NOT RAISED),2.0,STRAIGHT AND LEVEL,UNKNOWN,UNKNOWN,NOT ON SCENE (DESK REPORT),NO INJURY / DRIVE AWAY,Y,,,"OVER $1,500",08/12/2016 01:50:00 PM,UNABLE TO DETERMINE,NOT APPLICABLE,2836,W,TOUHY AVE,2411.0,,,,,,,2,NO INDICATION OF INJURY,0.0,0.0,0.0,0.0,0.0,2.0,0.0,13,6,8,42.0121457192,-87.7011646314,POINT (-87.701164631442 42.012145719205)
21165208ad2f1ca71b3939201b3a5fab94c6bd051020b75098cdb9205e3a8a549ea3e2daa4844ea81380c3e23ca8d80ab641b2b554d0f21db8173d9fd2d7b9e1,HZ551575,,12/14/2016 03:15:00 PM,30,NO CONTROLS,NO CONTROLS,CLEAR,DAYLIGHT,SIDESWIPE SAME DIRECTION,NOT DIVIDED,2.0,STRAIGHT AND LEVEL,ICE,UNKNOWN,NOT ON SCENE (DESK REPORT),NO INJURY / DRIVE AWAY,,,,"OVER $1,500",12/14/2016 04:42:00 PM,UNABLE TO DETERMINE,UNABLE TO DETERMINE,10901,S,PROSPECT AVE,2212.0,,,,,,,2,NO INDICATION OF INJURY,0.0,0.0,0.0,0.0,0.0,2.0,0.0,15,4,12,41.6953056715,-87.6666795252,POINT (-87.666679525215 41.695305671488)
980268d3cd19d9002bace8b8cb8a39a0670c879fef74ec0c66c33d6369f3e2e097561a02f52a0e7fab067acc6c0ff9915db5612e28292c55a657e9227744cb6a,JC345445,,07/12/2019 11:10:00 AM,30,TRAFFIC SIGNAL,FUNCTIONING PROPERLY,CLEAR,DAYLIGHT,PEDESTRIAN,FOUR WAY,,STRAIGHT AND LEVEL,DRY,NO DEFECTS,ON SCENE,INJURY AND / OR TOW DUE TO CRASH,Y,,,$500 OR LESS,07/12/2019 11:11:00 AM,DISREGARDING TRAFFIC SIGNALS,DISREGARDING YIELD SIGN,40,E,WACKER DR,111.0,,,,,,,2,NONINCAPACITATING INJURY,1.0,0.0,0.0,1.0,0.0,1.0,0.0,11,6,7,41.8874022071,-87.6267394166,POINT (-87.626739416635 41.887402207079)
be06a9b941ef464c3407827ffed4b8c684188c409610bbf17e245e4fe92450ea198a6bb76e8de6b0476b3d3c519e4c45b874caf57921f9bf3359bf60c4faf538,JB387294,,08/10/2018 10:55:00 AM,15,NO CONTROLS,NO CONTROLS,CLEAR,DAYLIGHT,TURNING,NOT DIVIDED,4.0,STRAIGHT AND LEVEL,DRY,NO DEFECTS,ON SCENE,INJURY AND / OR TOW DUE TO CRASH,,,,"OVER $1,500",08/10/2018 11:00:00 AM,"VISION OBSCURED (SIGNS, TREE LIMBS, BUILDINGS, ETC.)","VISION OBSCURED (SIGNS, TREE LIMBS, BUILDINGS, ETC.)",2,N,LARAMIE AVE,1522.0,,,,,,,3,"REPORTED, NOT EVIDENT",1.0,0.0,0.0,0.0,1.0,4.0,0.0,10,6,8,41.8804338934,-87.7552158878,POINT (-87.755215887822 41.880433893423)