CRASH_RECORD_ID,RD_NO,CRASH_DATE_EST_I,CRASH_DATE,POSTED_SPEED_LIMIT,TRAFFIC_CONTROL_DEVICE,DEVICE_CONDITION,WEATHER_CONDITION,LIGHTING_CONDITION,FIRST_CRASH_TYPE,TRAFFICWAY_TYPE,LANE_CNT,ALIGNMENT,ROADWAY_SURFACE_COND,ROAD_DEFECT,REPORT_TYPE,CRASH_TYPE,INTERSECTION_RELATED_I,NOT_RIGHT_OF_WAY_I,HIT_AND_RUN_I,DAMAGE,DATE_POLICE_NOTIFIED,PRIM_CONTRIBUTORY_CAUSE,SEC_CONTRIBUTORY_CAUSE,STREET_NO,STREET_DIRECTION,STREET_NAME,BEAT_OF_OCCURRENCE,PHOTOS_TAKEN_I,STATEMENTS_TAKEN_I,DOORING_I,WORK_ZONE_I,WORK_ZONE_TYPE,WORKERS_PRESENT_I,NUM_UNITS,MOST_SEVERE_INJURY,INJURIES_TOTAL,INJURIES_FATAL,INJURIES_INCAPACITATING,INJURIES_NON_INCAPACITATING,INJURIES_REPORTED_NOT_EVIDENT,INJURIES_NO_INDICATION,INJURIES_UNKNOWN,CRASH_HOUR,CRASH_DAY_OF_WEEK,CRASH_MONTH,LATITUDE,LONGITUDE,LOCATION
a143a8450b97717fce23b7590b8545014e764816f68c029f2abf6dd0138872edcc98dc736f5a9476cb8e458953cc19a280caa732f8c422e55189ce2b5b002065,HZ432662,,09/13/2016 03:10:00 PM,30,NO CONTROLS,NO CONTROLS,CLEAR,DAYLIGHT,SIDESWIPE SAME DIRECTION,OTHER,,STRAIGHT AND LEVEL,UNKNOWN,UNKNOWN,NOT ON SCENE (DESK REPORT),NO INJURY / DRIVE AWAY,,,,"$501 - $1,500",09/13/2016 05:18:00 PM,NOT APPLICABLE,NOT APPLICABLE,310,N,CLARK ST,1831.0,,,,,,,2,NO INDICATION OF INJURY,0.0,0.0,0.0,0.0,0.0,2.0,0.0,15,3,9,41.8877894261,-87.6311767167,POINT (-87.631176716707 41.887789426079)
f8746f0769f240f19f3db04a67dbf6461e4b2e4eca8d61a06fa262f6724a528de67243646c0cfbac62d1be5c5a942a7ab8b2d9e67a7ba93fd1f9b4e46f4cc344,HY458478,,10/11/2015 10:45:00 PM,15,STOP SIGN/FLASHER,FUNCTIONING PROPERLY,CLEAR,"DARKNESS, LIGHTED ROAD",HEAD ON,ONE-WAY,1.0,STRAIGHT AND LEVEL,DRY,WORN SURFACE,NOT ON SCENE (DESK REPORT),NO INJURY / DRIVE AWAY,Y,,Y,"$501 - $1,500",10/11/2015 11:20:00 PM,IMPROPER BACKING,IMPROPER BACKING,6602,N,SACRAMENTO AVE,2412.0,,,,,,,2,NO INDICATION OF INJURY,0.0,0.0,0.0,0.0,0.0,2.0,0.0,22,1,10,42.0012651067,-87.7047706388,POINT (-87.704770638786 42.001265106734)
dc9e0cfefe769b8bb8d218e724ee6a5e62b712397243203fc0401e81bdd74efeb8decacbb173d025b2281ac7261764a60831a6bd06862892e7835b3541e02a9f,JE140623,,02/13/2021 10:18:00 AM,35,OTHER,FUNCTIONING PROPERLY,SNOW,DAYLIGHT,FIXED OBJECT,DIVIDED - W/MEDIAN BARRIER,,"CURVE, LEVEL",SNOW OR SLUSH,NO DEFECTS,ON SCENE,INJURY AND / OR TOW DUE TO CRASH,,Y,,"OVER $1,500",02/13/2021 10:19:00 AM,"OPERATING VEHICLE IN ERRATIC, RECKLESS, CARELESS, NEGLIGENT OR AGGRESSIVE MANNER",FAILING TO REDUCE SPEED TO AVOID CRASH,8701,S,CHICAGO SKYWAY IB,412.0,,,,,,,1,INCAPACITATING INJURY,1.0,0.0,1.0,0.0,0.0,4.0,0.0,10,7,2,,,
bae44b9c881cc7e3f25946c79a70abeae6100cbed20f33d061f06527d8d41118bfac69939e1df260c5973adfc966545f86bfe79eb5ea8b31d710e65af318a58e,JG363688,,07/31/2023 04:15:00 PM,30,UNKNOWN,UNKNOWN,CLEAR,DAYLIGHT,ANGLE,FOUR WAY,,STRAIGHT AND LEVEL,DRY,NO DEFECTS,ON SCENE,INJURY AND / OR TOW DUE TO CRASH,Y,,,"OVER $1,500",07/31/2023 04:15:00 PM,UNABLE TO DETERMINE,NOT APPLICABLE,5100,W,WASHINGTON BLVD,1532.0,,,,,,,2,NONINCAPACITATING INJURY,1.0,0.0,0.0,1.0,0.0,2.0,0.0,16,2,7,41.8818298186,-87.7527315743,POINT (-87.752731574282 41.88182981864)
b384e350f2c699a407e27959f5f558f2078fd660ef58ad847102a5ecb7a861430f84bb7aa5c715e967eee95617026df91366ab4e71d0ec7a9b49b8b753b6fbbb,JB384576,,08/08/2018 12:05:00 PM,40,NO CONTROLS,NO CONTROLS,CLEAR,DAYLIGHT,FIXED OBJECT,DIVIDED - W/MEDIAN BARRIER,8.0,CURVE ON GRADE,DRY,NO DEFECTS,ON SCENE,INJURY AND / OR TOW DUE TO CRASH,,,,"OVER $1,500",08/08/2018 12:10:00 PM,EXCEEDING AUTHORIZED SPEED LIMIT,DRIVING SKILLS/KNOWLEDGE/EXPERIENCE,5600,N,LAKE SHORE DR NB,2022.0,,,,,,,1,NO INDICATION OF INJURY,0.0,0.0,0.0,0.0,0.0,1.0,0.0,12,4,8,41.9839519461,-87.6532151083,POINT (-87.653215108266 41.983951946132)
1d95f914a550e5eba750801533e863b80c41542683871607ed545de2c784a6f901726140980143d898c399c4906dcd1f248acf240897ee66f68169d7734bface,JD191395,,03/19/2020 08:15:00 PM,30,TRAFFIC SIGNAL,FUNCTIONING PROPERLY,RAIN,"DARKNESS, LIGHTED ROAD",TURNING,FOUR WAY,,STRAIGHT AND LEVEL,WET,UNKNOWN,NOT ON SCENE (DESK REPORT),NO INJURY / DRIVE AWAY,,,,"OVER $1,500",03/20/2020 04:20:00 PM,FAILING TO YIELD RIGHT-OF-WAY,UNABLE TO DETERMINE,4600,N,SHERIDAN RD,1914.0,,,,,,,2,NO INDICATION OF INJURY,0.0,0.0,0.0,0.0,0.0,2.0,0.0,20,5,3,41.9654752745,-87.6549356049,POINT (-87.654935604948 41.965475274534)
e677c53bce498ece52e476cec96683bc95cd704af7faf2c597fb3c807d3976d4fdbda54fa401aa55393657933fc1e1c525093050af399a9a42437888b412377c,JB479371,,10/17/2018 04:45:00 PM,30,UNKNOWN,UNKNOWN,UNKNOWN,UNKNOWN,REAR END,UNKNOWN,,STRAIGHT AND LEVEL,UNKNOWN,UNKNOWN,NOT ON SCENE (DESK REPORT),NO INJURY / DRIVE AWAY,,,,"OVER $1,500",10/17/2018 05:35:00 PM,UNABLE TO DETERMINE,NOT APPLICABLE,7028,W,ADDISON ST,1632.0,,,,,,,2,NO INDICATION OF INJURY,0.0,0.0,0.0,0.0,0.0,3.0,0.0,16,4,10,41.9454717675,-87.8020179431,POINT (-87.802017943066 41.945471767523)
ac36c89676e2fc98233fafe34679d9069470f74a98224d7572803850b699bdd09584a346d640fe35bdeb251834970230e15daa6ab933270fa12ad33410b32daa,JG227369,,04/17/2023 05:07:00 PM,30,STOP SIGN/FLASHER,FUNCTIONING PROPERLY,CLOUDY/OVERCAST,DAYLIGHT,ANGLE,FOUR WAY,,STRAIGHT AND LEVEL,DRY,UNKNOWN,ON SCENE,NO INJURY / DRIVE AWAY,Y,,,$500 OR LESS,04/17/2023 05:37:00 PM,UNABLE TO DETERMINE,UNABLE TO DETERMINE,5301,W,BELMONT AVE,2514.0,,,,,,,2,NO INDICATION OF INJURY,0.0,0.0,0.0,0.0,0.0,2.0,0.0,17,2,4,41.9385567175,-87.7592571994,POINT (-87.759257199375 41.938556717461)
1f78b0e3046dbb0c11923907a646c5aef407cd06ed19c20557bf887d1d1387b5faa87749301d8c640c6b4ad82239a32be3991ad51e5e83f4689003a6dd7dd134,JE484131,,12/20/2021 05:22:00 PM,30,NO CONTROLS,NO CONTROLS,CLEAR,"DARKNESS, LIGHTED ROAD",ANGLE,DIVIDED - W/MEDIAN (NOT RAISED),,STRAIGHT AND LEVEL,DRY,UNKNOWN,ON SCENE,INJURY AND / OR TOW DUE TO CRASH,,,,"OVER $1,500",12/20/2021 06:00:00 PM,FAILING TO YIELD RIGHT-OF-WAY,"VISION OBSCURED (SIGNS, TREE LIMBS, BUILDINGS, ETC.)",3320,W,FULLERTON AVE,1413.0,,,,,,,2,NONINCAPACITATING INJURY,1.0,0.0,0.0,1.0,0.0,1.0,0.0,17,2,12,41.9247774193,-87.7116935355,POINT (-87.71169353548 41.924777419322)
8aedc04b8ad9ef7a3dba7103e6cb673b1027068386799051a8b5ae4e24277f97bc9c7b7b9cab19cdec33580ee758fcbb5bf4e82d01cb83274b9c153555a372b7,JC545153,,12/13/2019 09:18:00 AM,35,NO CONTROLS,NO CONTROLS,CLEAR,DAYLIGHT,PARKED MOTOR VEHICLE,DIVIDED - W/MEDIAN BARRIER,,STRAIGHT AND LEVEL,DRY,NO DEFECTS,ON SCENE,NO INJURY / DRIVE AWAY,,,,"OVER $1,500",12/13/2019 09:22:00 AM,FAILING TO REDUCE SPEED TO AVOID CRASH,NOT APPLICABLE,1414,W,GARFIELD BLVD,934.0,,,,,,,2,NO INDICATION OF INJURY,0.0,0.0,0.0,0.0,0.0,1.0,0.0,9,6,12,41.7942052331,-87.6604313153,POINT (-87.660431315342 41.794205233112)
d9c90f7ba36912bb0cc4507351d88b02c7ec47a6845a948f256af559aeda61b216cc949b98105c5c3a5b1c874bca68e4be1e2b0161ac4de6ee4142bd1390ff09,JE210362,,04/18/2021 02:00:00 PM,40,NO CONTROLS,NO CONTROLS,UNKNOWN,DAYLIGHT,OTHER NONCOLLISION,DIVIDED - W/MEDIAN BARRIER,,STRAIGHT AND LEVEL,UNKNOWN,"RUT, HOLES",NOT ON SCENE (DESK REPORT),INJURY AND / OR TOW DUE TO CRASH,,,,"$501 - $1,500",04/26/2021 10:15:00 AM,ROAD ENGINEERING/SURFACE/MARKING DEFECTS,ROAD ENGINEERING/SURFACE/MARKING DEFECTS,4329,N,LAKE SHORE DR NB,1915.0,,,,,,,1,NO INDICATION OF INJURY,0.0,0.0,0.0,0.0,0.0,1.0,0.0,14,1,4,41.9619536314,-87.6460768099,POINT (-87.646076809858 41.961953631409)
ba994fcc29334fdb11b750aecd789f791d3abd24f6ab30bddcd3177fef30959b6a7718b24c37364acaba6de9797cf5ba122ce69bf238a3bf396eeae79ae0c196,JG332353,,07/08/2023 05:30:00 AM,15,NO CONTROLS,NO CONTROLS,RAIN,DAWN,REAR END,ONE-WAY,,STRAIGHT AND LEVEL,WET,NO DEFECTS,ON SCENE,NO INJURY / DRIVE AWAY,,,Y,"OVER $1,500",07/08/2023 05:30:00 AM,UNABLE TO DETERMINE,UNABLE TO DETERMINE,1,S,DOOR 3 ST,813.0,,,,,,,2,NO INDICATION OF INJURY,0.0,0.0,0.0,0.0,0.0,2.0,0.0,5,7,7,,,
a8e3f510f390156b13905e27e5d300303220a849f062916fc3d93ce4f76baf728ecd7443577f1524aba39567765d93374d220a4efae064977bbcacd7bc8f0b2c,JE320674,,07/31/2021 04:15:00 AM,30,TRAFFIC SIGNAL,FUNCTIONING PROPERLY,CLEAR,DAYLIGHT,REAR END,DIVIDED - W/MEDIAN BARRIER,,STRAIGHT AND LEVEL,DRY,NO DEFECTS,NOT ON SCENE (DESK REPORT),NO INJURY / DRIVE AWAY,,,Y,"OVER $1,500",07/31/2021 06:14:00 AM,FOLLOWING TOO CLOSELY,NOT APPLICABLE,1800,S,LAKE SHORE DR E,132.0,,,,,,,2,NO INDICATION OF INJURY,0.0,0.0,0.0,0.0,0.0,3.0,0.0,4,7,7,41.8579096688,-87.6165941385,POINT (-87.616594138523 41.857909668758)
228daf581da4a3d4e4e5b1b9c7c93650cd552a69cb9e6b5ec4e2294fd52bedc1dec12ceda688f91d9e8b4cb031875ffb7e9add7dc24200b3b9cc4e4b6713ae2a,JB108143,,01/08/2018 03:10:00 AM,30,NO CONTROLS,NO CONTROLS,RAIN,"DARKNESS, LIGHTED ROAD",FIXED OBJECT,NOT DIVIDED,2.0,STRAIGHT AND LEVEL,WET,UNKNOWN,ON SCENE,INJURY AND / OR TOW DUE TO CRASH,Y,,,"OVER $1,500",01/08/2018 03:11:00 AM,DISTRACTION - FROM OUTSIDE VEHICLE,UNABLE TO DETERMINE,4700,N,CENTRAL AVE,1622.0,,,,,,,1,NO INDICATION OF INJURY,0.0,0.0,0.0,0.0,0.0,1.0,0.0,3,2,1,41.9659788389,-87.7675675067,POINT (-87.767567506689 41.965978838883)
58c1d1405a902f2cea993791c7e3ed2e49375dc9c4e9a0fa85e3b469471fa8935fa9258080b465d2b0d0de53db3f210e519a72667bbf17a9c675df7537d918a8,JG438125,N,09/25/2023 08:30:00 AM,35,NO CONTROLS,NO CONTROLS,RAIN,DAYLIGHT,SIDESWIPE SAME DIRECTION,NOT DIVIDED,,STRAIGHT AND LEVEL,WET,UNKNOWN,ON SCENE,NO INJURY / DRIVE AWAY,,,,$500 OR LESS,09/25/2023 08:43:00 AM,"OPERATING VEHICLE IN ERRATIC, RECKLESS, CARELESS, NEGLIGENT OR AGGRESSIVE MANNER",DISTRACTION - FROM OUTSIDE VEHICLE,821,E,103RD ST,512.0,,Y,,,,,2,NO INDICATION OF INJURY,0.0,0.0,0.0,0.0,0.0,6.0,0.0,8,2,9,41.7073909625,-87.6030784209,POINT (-87.60307842087 41.707390962487)
a3cc1782ca5e00d9be0780dea551d3768778ff7cdc3e2aa01821e9c0f0f83cdd85b88f46a3d61110f35bd45b7f946118e0b9d24eb69df2f5a1381612aaa8ed79,JG393579,,08/22/2023 06:23:00 PM,30,NO CONTROLS,UNKNOWN,CLEAR,DAYLIGHT,PARKED MOTOR VEHICLE,NOT DIVIDED,,STRAIGHT AND LEVEL,UNKNOWN,UNKNOWN,ON SCENE,NO INJURY / DRIVE AWAY,,,,"OVER $1,500",08/22/2023 06:23:00 PM,IMPROPER LANE USAGE,NOT APPLICABLE,1818,W,GREENLEAF AVE,2424.0,,N,,,,,2,NO INDICATION OF INJURY,0.0,0.0,0.0,0.0,0.0,1.0,0.0,18,3,8,42.0102663154,-87.6767358876,POINT (-87.676735887602 42.010266315412)
fdca1158d9cdb6a6d530318dc505c3d12a13961fa2b78c1401f7b8a7ae1dd59d909ce3505bd9185ce2a8616553a77f98d8584d282470bb5a6a9b31e942723a79,HZ431372,,09/12/2016 04:10:00 PM,30,NO CONTROLS,NO CONTROLS,CLEAR,DAYLIGHT,SIDESWIPE SAME DIRECTION,NOT DIVIDED,,STRAIGHT AND LEVEL,DRY,NO DEFECTS,NOT ON SCENE (DESK REPORT),NO INJURY / DRIVE AWAY,,,,"$501 - $1,500",09/12/2016 06:43:00 PM,IMPROPER OVERTAKING/PASSING,NOT APPLICABLE,1900,W,ARMITAGE AVE,1432.0,,,,,,,2,NO INDICATION OF INJURY,0.0,0.0,0.0,0.0,0.0,2.0,0.0,16,2,9,41.9179129867,-87.6752506217,POINT (-87.675250621685 41.917912986664)
081a6c27633dd5d87987f5377c3c7cfdf73734a3184dd7c84ea818332ac4e455f72c4a4461d35aaf0b8b3513684aaf814c41973fec95b6d7a1b63aa8d518188c,JA152240,,02/06/2017 06:12:00 PM,35,NO CONTROLS,NO CONTROLS,CLEAR,DARKNESS,REAR END,NOT DIVIDED,,STRAIGHT AND LEVEL,DRY,NO DEFECTS,NOT ON SCENE (DESK REPORT),NO INJURY / DRIVE AWAY,,,,"$501 - $1,500",02/13/2017 02:20:00 PM,UNABLE TO DETERMINE,UNABLE TO DETERMINE,5799,N,HARLEM AVE,1612.0,,,,,,,2,NO INDICATION OF INJURY,0.0,0.0,0.0,0.0,0.0,2.0,0.0,18,2,2,41.9857904733,-87.8067678061,POINT (-87.80676780611 41.985790473296)
ac2b4990f038c72d26c42d33af1e2c26c47d4a8cc743090d501256f5d7e86caf333d3fa11da98c526a0e5d0dabe5d40e8dda464c9367be21c762e6393e0faf13,JG446651,,10/01/2023 05:37:00 PM,25,NO CONTROLS,NO CONTROLS,CLEAR,DAYLIGHT,PEDALCYCLIST,ONE-WAY,,STRAIGHT AND LEVEL,DRY,NO DEFECTS,ON SCENE,INJURY AND / OR TOW DUE TO CRASH,,,Y,$500 OR LESS,10/01/2023 05:57:00 PM,FOLLOWING TOO CLOSELY,NOT APPLICABLE,5901,W,GIDDINGS ST,1622.0,,,,,,,2,NONINCAPACITATING INJURY,1.0,0.0,0.0,1.0,0.0,1.0,0.0,17,1,10,41.9666623852,-87.7749093427,POINT (-87.774909342667 41.966662385243)
4ea1fbe9436c2d80230c926fcc9581bef643d4a33f4423e87dea390811234d1e0add7bbdea74cba995b2fb3b6d9dc4bdf412ce948b0f83ed001f0b0103bfb798,JE317108,,07/28/2021 11:15:00 AM,30,NO CONTROLS,NO CONTROLS,CLEAR,DAYLIGHT,TURNING,DIVIDED - W/MEDIAN (NOT RAISED),,STRAIGHT AND LEVEL,DRY,NO DEFECTS,ON SCENE,NO INJURY / DRIVE AWAY,,,,"OVER $1,500",07/28/2021 11:25:00 AM,FAILING TO YIELD RIGHT-OF-WAY,FAILING TO YIELD RIGHT-OF-WAY,5208,S,CENTRAL AVE,811.0,,,,,,,2,NO INDICATION OF INJURY,0.0,0.0,0.0,0.0,0.0,2.0,0.0,11,4,7,41.7979238244,-87.762609025,POINT (-87.762609025036 41.797923824436)
bebe1082bd0d1044378eed9180ad0b1776ac3f6771ce3b0af8d6cd134459a20dcc451486b9bf5711dd5e6674444e405b9a97729e9d1107c8bd60676fa0e41bfe,JD406033,,10/19/2020 07:15:00 PM,10,NO CONTROLS,NO CONTROLS,CLEAR,DARKNESS,PARKED MOTOR VEHICLE,PARKING LOT,,STRAIGHT AND LEVEL,DRY,NO DEFECTS,NOT ON SCENE (DESK REPORT),NO INJURY / DRIVE AWAY,,,Y,"$501 - $1,500",10/21/2020 09:35:00 AM,UNABLE TO DETERMINE,UNABLE TO DETERMINE,250,W,75TH ST,731.0,,,,,,,2,NO INDICATION OF INJURY,0.0,0.0,0.0,0.0,0.0,1.0,0.0,19,2,10,41.7582376322,-87.6314136547,POINT (-87.631413654708 41.758237632235)
a8d19ed7c50e077c78667c2b361a637501c376d8b5ed496145b90f96b28f6643ec529b82ca321771953c1b6526c6bb9593fd3c244587bdce97c6b9141422efdc,JB165987,,02/26/2018 12:15:00 PM,35,NO CONTROLS,NO CONTROLS,CLEAR,DAYLIGHT,PARKED MOTOR VEHICLE,NOT DIVIDED,1.0,STRAIGHT AND LEVEL,DRY,NO DEFECTS,,INJURY AND / OR TOW DUE TO CRASH,,,,"OVER $1,500",02/26/2018 12:20:00 PM,FAILING TO REDUCE SPEED TO AVOID CRASH,UNABLE TO DETERMINE,3420,N,PLAINFIELD AVE,1631.0,,,,,,,3,NONINCAPACITATING INJURY,1.0,0.0,0.0,1.0,0.0,0.0,0.0,12,2,2,41.9417577962,-87.8339468116,POINT (-87.833946811603 41.941757796208)
fb76c76aa59920ff5eafd58339e8cd939b97c327669b92bb9693db484cf194b54f51efae911bd0b9cd63e86fc048ae96311f56affb4cc6694a606100ba62c799,JG155893,,02/17/2023 11:00:00 AM,10,NO CONTROLS,NO CONTROLS,CLEAR,DAYLIGHT,FIXED OBJECT,ALLEY,,STRAIGHT AND LEVEL,DRY,NO DEFECTS,NOT ON SCENE (DESK REPORT),NO INJURY / DRIVE AWAY,,,,"OVER $1,500",02/17/2023 11:25:00 AM,UNABLE TO DETERMINE,UNABLE TO DETERMINE,413,S,KEDZIE AVE,1134.0,,,,,,,1,NO INDICATION OF INJURY,0.0,0.0,0.0,0.0,0.0,1.0,0.0,11,6,2,41.8754237451,-87.7058203625,POINT (-87.705820362504 41.87542374509)
fc526bdcc5b0a07204521942a3840d2229103946545493787abd5bafb470e1243ff4cefa171dc766e9d82c5c3d462fd5cef4a58e1fcc31d4a76d3c081054f3f3,JG424154,Y,09/14/2023 04:30:00 PM,30,NO CONTROLS,NO CONTROLS,CLEAR,DAYLIGHT,HEAD ON,DIVIDED - W/MEDIAN BARRIER,,STRAIGHT AND LEVEL,DRY,UNKNOWN,ON SCENE,INJURY AND / OR TOW DUE TO CRASH,,,Y,"OVER $1,500",09/14/2023 04:35:00 PM,DRIVING ON WRONG SIDE/WRONG WAY,IMPROPER LANE USAGE,1136,E,76TH ST,624.0,,,,,,,2,INCAPACITATING INJURY,1.0,0.0,1.0,0.0,0.0,4.0,0.0,16,5,9,41.7569611635,-87.5966889535,POINT (-87.596688953461 41.756961163467)
567c1d8d57223ff25bce874af2817f71121edee8b3d432dae53833ab99a9298e917b1a111073dc21adf6c69fa6a6a274af8e723a4798a6eba5cb4716d6532016,JE180421,,03/25/2021 04:00:00 PM,40,TRAFFIC SIGNAL,FUNCTIONING PROPERLY,UNKNOWN,DAYLIGHT,REAR END,DIVIDED - W/MEDIAN (NOT RAISED),,CURVE ON HILLCREST,UNKNOWN,UNKNOWN,NOT ON SCENE (DESK REPORT),NO INJURY / DRIVE AWAY,,,,"$501 - $1,500",03/26/2021 02:30:00 PM,DISTRACTION - FROM INSIDE VEHICLE,NOT APPLICABLE,2388,E,130TH ST,434.0,,,,,,,2,NO INDICATION OF INJURY,0.0,0.0,0.0,0.0,0.0,2.0,0.0,16,5,3,41.6592865562,-87.565748464,POINT (-87.565748463995 41.659286556154)
28fcaee6c5e3da692a8eceb053b92ff07deb4877d5d67479fead08e623ba3dabc5984b30fb7f493d1755305f578d612b72e10b989ae65d3cf133fdb1c139d78c,JF253704,,05/24/2022 10:55:00 AM,15,NO CONTROLS,NO CONTROLS,CLEAR,DAYLIGHT,FIXED OBJECT,PARKING LOT,,STRAIGHT AND LEVEL,DRY,NO DEFECTS,,NO INJURY / DRIVE AWAY,,Y,,"OVER $1,500",05/24/2022 11:20:00 AM,UNABLE TO DETERMINE,UNABLE TO DETERMINE,2452,W,BELMONT AVE,1921.0,,,,,,,1,NO INDICATION OF INJURY,0.0,0.0,0.0,0.0,0.0,1.0,0.0,10,3,5,41.9395520781,-87.6899565856,POINT (-87.68995658557 41.939552078133)
3c394c9ba69a80ed05bbd90d3328ebf4bf196bfe8c73804f54b4b54fee4fe02998445eb2f79fd4acf797e365556a2113e167f7bdb15143a7567174c381dc7a78,JE261069,,06/10/2021 01:05:00 PM,30,TRAFFIC SIGNAL,FUNCTIONING PROPERLY,CLEAR,DAYLIGHT,REAR END,DIVIDED - W/MEDIAN (NOT RAISED),,STRAIGHT AND LEVEL,DRY,NO DEFECTS,NOT ON SCENE (DESK REPORT),NO INJURY / DRIVE AWAY,Y,,,"OVER $1,500",06/10/2021 04:30:00 PM,DISTRACTION - FROM INSIDE VEHICLE,FAILING TO REDUCE SPEED TO AVOID CRASH,1000,W,HOLLYWOOD AVE,2022.0,,,,,,,2,NO INDICATION OF INJURY,0.0,0.0,0.0,0.0,0.0,2.0,0.0,13,5,6,41.9856497986,-87.6553358066,POINT (-87.655335806551 41.985649798593)
8994cb30be59bfdcde347076ca0aee80d828278431aadf1c5ebd49b63010a2686a6aa4ccfdca76c457781177e5942f7288fd7bca70bfda9a0db6a8f0a422dc9f,JD378017,Y,09/24/2020 03:00:00 PM,30,NO CONTROLS,NO CONTROLS,CLEAR,DAYLIGHT,PARKED MOTOR VEHICLE,DIVIDED - W/MEDIAN (NOT RAISED),,STRAIGHT AND LEVEL,DRY,NO DEFECTS,ON SCENE,NO INJURY / DRIVE AWAY,,,Y,"OVER $1,500",09/24/2020 05:24:00 PM,UNABLE TO DETERMINE,NOT APPLICABLE,2823,E,130TH ST,433.0,,,,,,,2,NO INDICATION OF INJURY,0.0,0.0,0.0,0.0,0.0,1.0,0.0,15,5,9,41.6590777255,-87.5546461427,POINT (-87.554646142654 41.659077725492)
3ac521108107e1ea7f03d8b52278e966599726e44eb19b62818185eeb5a959aca68aca035e77b43ae413695b88b2f5d0188f4621ba9ab20f77bfa4a1ac6499fe,JC250233,,05/05/2019 12:21:00 AM,30,TRAFFIC SIGNAL,FUNCTIONING PROPERLY,CLEAR,"DARKNESS, LIGHTED ROAD",TURNING,DIVIDED - W/MEDIAN (NOT RAISED),,STRAIGHT AND LEVEL,DRY,NO DEFECTS,ON SCENE,INJURY AND / OR TOW DUE TO CRASH,Y,,Y,"OVER $1,500",05/05/2019 12:21:00 AM,FAILING TO YIELD RIGHT-OF-WAY,IMPROPER TURNING/NO SIGNAL,300,S,PULASKI RD,1132.0,,,,,,,2,NO INDICATION OF INJURY,0.0,0.0,0.0,0.0,0.0,5.0,0.0,0,1,5,41.8770392438,-87.7256913586,POINT (-87.725691358578 41.877039243763)
bcffdb8484602485dd6b5e30abe3d9f67c5b9d3f38d795a4b500a5dad4eca4785b68f85a1a3de2a6c862146c7b1670ed239d2e9a117a12b73e073dc739e3712f,JC352256,,07/16/2019 08:00:00 AM,30,TRAFFIC SIGNAL,FUNCTIONING PROPERLY,RAIN,DAYLIGHT,SIDESWIPE SAME DIRECTION,DIVIDED - W/MEDIAN BARRIER,,STRAIGHT AND LEVEL,WET,NO DEFECTS,NOT ON SCENE (DESK REPORT),NO INJURY / DRIVE AWAY,Y,,,"OVER $1,500",07/17/2019 07:00:00 AM,IMPROPER LANE USAGE,IMPROPER LANE USAGE,1801,W,PETERSON AVE,2012.0,,,,,,,2,NO INDICATION OF INJURY,0.0,0.0,0.0,0.0,0.0,2.0,0.0,8,3,7,41.9906416714,-87.6753470084,POINT (-87.675347008411 41.990641671362)
e7bcca1c26905d002b10d81be1b265d9619650f88b1219157799f400ec067d75810583ed0841f05baa1b8f15f52419c27f0660c1cc896bd29b2944d8e9251b5b,JD154045,,02/16/2020 02:00:00 PM,30,STOP SIGN/FLASHER,FUNCTIONING PROPERLY,CLEAR,DAYLIGHT,SIDESWIPE OPPOSITE DIRECTION,DIVIDED - W/MEDIAN (NOT RAISED),,STRAIGHT AND LEVEL,DRY,NO DEFECTS,NOT ON SCENE (DESK REPORT),NO INJURY / DRIVE AWAY,Y,,Y,"OVER $1,500",02/16/2020 04:10:00 PM,DISREGARDING STOP SIGN,UNABLE TO DETERMINE,1700,W,68TH ST,725.0,,,,,,,2,NO INDICATION OF INJURY,0.0,0.0,0.0,0.0,0.0,2.0,0.0,14,1,2,41.770451035,-87.6664587338,POINT (-87.666458733801 41.770451035036)
e2acc8e55205134e5d22f5cd178dbdc34bb40dceeb15737d009d6f3a5933369700feb716653ffd754704dc3f27c2afb0a3f9880002a90daa3a4be4cd5f61808e,HZ301183,,06/10/2016 09:45:00 AM,30,NO CONTROLS,NO CONTROLS,CLEAR,DAYLIGHT,SIDESWIPE SAME DIRECTION,NOT DIVIDED,4.0,STRAIGHT ON GRADE,DRY,NO DEFECTS,NOT ON SCENE (DESK REPORT),NO INJURY / DRIVE AWAY,,,Y,"OVER $1,500",06/10/2016 10:12:00 AM,IMPROPER LANE USAGE,FAILING TO YIELD RIGHT-OF-WAY,841,W,DIVISION ST,1822.0,,,,,,,2,NO INDICATION OF INJURY,0.0,0.0,0.0,0.0,0.0,2.0,0.0,9,6,6,41.9035066858,-87.6496273326,POINT (-87.649627332649 41.903506685768)
f26a801445cae5b3d5b4f2d35ce0e9a58e1fde8b3a7ea065a0376636dcac5da4e6770b4a74ca884c5a8d22ec59255d907de926b0bacdf9f44f3e75215fbbd107,JE469164,,12/07/2021 12:45:00 PM,30,TRAFFIC SIGNAL,FUNCTIONING PROPERLY,CLEAR,DAYLIGHT,REAR END,NOT DIVIDED,,STRAIGHT AND LEVEL,DRY,UNKNOWN,NOT ON SCENE (DESK REPORT),INJURY AND / OR TOW DUE TO CRASH,,,,"OVER $1,500",12/07/2021 02:00:00 PM,FOLLOWING TOO CLOSELY,UNABLE TO DETERMINE,2900,S,DAMEN AVE,912.0,,,,,,,2,NO INDICATION OF INJURY,0.0,0.0,0.0,0.0,0.0,2.0,0.0,12,3,12,41.8394022166,-87.675557142,POINT (-87.675557141968 41.839402216623)