CRASH_RECORD_ID,RD_NO,CRASH_DATE_EST_I,CRASH_DATE,POSTED_SPEED_LIMIT,TRAFFIC_CONTROL_DEVICE,DEVICE_CONDITION,WEATHER_CONDITION,LIGHTING_CONDITION,FIRST_CRASH_TYPE,TRAFFICWAY_TYPE,LANE_CNT,ALIGNMENT,ROADWAY_SURFACE_COND,ROAD_DEFECT,REPORT_TYPE,CRASH_TYPE,INTERSECTION_RELATED_I,NOT_RIGHT_OF_WAY_I,HIT_AND_RUN_I,DAMAGE,DATE_POLICE_NOTIFIED,PRIM_CONTRIBUTORY_CAUSE,SEC_CONTRIBUTORY_CAUSE,STREET_NO,STREET_DIRECTION,STREET_NAME,BEAT_OF_OCCURRENCE,PHOTOS_TAKEN_I,STATEMENTS_TAKEN_I,DOORING_I,WORK_ZONE_I,WORK_ZONE_TYPE,WORKERS_PRESENT_I,NUM_UNITS,MOST_SEVERE_INJURY,INJURIES_TOTAL,INJURIES_FATAL,INJURIES_INCAPACITATING,INJURIES_NON_INCAPACITATING,INJURIES_REPORTED_NOT_EVIDENT,INJURIES_NO_INDICATION,INJURIES_UNKNOWN,CRASH_HOUR,CRASH_DAY_OF_WEEK,CRASH_MONTH,LATITUDE,LONGITUDE,LOCATION
a7af0c00bcd173e67b030cb4ee0e581733d6ab9ba5dc29ca44b34e0fff1da8203e59f941faf04a4c29c2e89cecbff291df5ff566c47cf92d9aae2eeb6328bd90,JD101791,,01/02/2020 02:47:00 PM,30,TRAFFIC SIGNAL,FUNCTIONING PROPERLY,CLEAR,DAYLIGHT,TURNING,FOUR WAY,,STRAIGHT AND LEVEL,DRY,NO DEFECTS,ON SCENE,NO INJURY / DRIVE AWAY,Y,,Y,"OVER $1,500",01/02/2020 02:47:00 PM,FAILING TO YIELD RIGHT-OF-WAY,UNABLE TO DETERMINE,4786,N,MILWAUKEE AVE,1623.0,,,,,,,2,NO INDICATION OF INJURY,0.0,0.0,0.0,0.0,0.0,2.0,0.0,14,5,1,41.9676582378,-87.7607319762,POINT (-87.760731976239 41.967658237772)
64f3a7d80054ecce0a816144fb4646cab10404a4bae362df4c95f573251fa9c9336487578b0a4b32a9272972aa4df39a8c4c7ed7f89e2eb804aba53f0177ef3f,JA251912,,05/05/2017 03:30:00 PM,30,TRAFFIC SIGNAL,FUNCTIONING PROPERLY,CLEAR,DAYLIGHT,SIDESWIPE OPPOSITE DIRECTION,NOT DIVIDED,4.0,STRAIGHT AND LEVEL,DRY,NO DEFECTS,NOT ON SCENE (DESK REPORT),NO INJURY / DRIVE AWAY,Y,,Y,$500 OR LESS,05/05/2017 04:00:00 PM,FAILING TO YIELD RIGHT-OF-WAY,IMPROPER LANE USAGE,5671,S,HYDE PARK DR,331.0,,,,,,,2,NO INDICATION OF INJURY,0.0,0.0,0.0,0.0,0.0,3.0,0.0,15,6,5,41.7919007434,-87.5837244285,POINT (-87.583724428547 41.791900743383)
3ad522795156c4eff28d729d47e15dcc71c3d14c33a009923b112bd4b93c86b7a7e8bd6d327371e936b3ac7e906c02d5d93a31fad2c8dc5f78cc60a1d9597d14,JF116984,,01/18/2022 04:10:00 PM,30,NO CONTROLS,NO CONTROLS,CLEAR,DAYLIGHT,PARKED MOTOR VEHICLE,OTHER,,STRAIGHT AND LEVEL,SNOW OR SLUSH,UNKNOWN,NOT ON SCENE (DESK REPORT),NO INJURY / DRIVE AWAY,,,,"OVER $1,500",01/18/2022 05:30:00 PM,IMPROPER TURNING/NO SIGNAL,IMPROPER TURNING/NO SIGNAL,6300,S,ASHLAND AVE,725.0,,,,,,,2,NO INDICATION OF INJURY,0.0,0.0,0.0,0.0,0.0,1.0,0.0,16,3,1,41.7793722205,-87.6643653474,POINT (-87.664365347416 41.779372220485)
9cdfb9a6d4fb4660766f831ece91814e5b3124787f519ecfc815f9c458475186681657fbddb587549e37c8d80b6ba2dde3c02f44bb624cca0061f96891c64094,JG128524,,01/25/2023 02:02:00 AM,30,NO CONTROLS,NO CONTROLS,SNOW,"DARKNESS, LIGHTED ROAD",FIXED OBJECT,DIVIDED - W/MEDIAN (NOT RAISED),,STRAIGHT AND LEVEL,WET,NO DEFECTS,ON SCENE,INJURY AND / OR TOW DUE TO CRASH,,,,"OVER $1,500",01/25/2023 02:03:00 AM,FAILING TO REDUCE SPEED TO AVOID CRASH,NOT APPLICABLE,6339,N,SHERIDAN RD,2433.0,,,,,,,1,NONINCAPACITATING INJURY,1.0,0.0,0.0,1.0,0.0,0.0,0.0,2,4,1,41.9974630606,-87.655466438,POINT (-87.655466437961 41.99746306059)
78b7abc72235a9fc2deaa2aa3b5f53b07b42cd154d503bb2206a57b3cebb650fd45c77ce8c97aee92f781263ba19851dffdf34e5f6a7363a894fb476851564e9,JF191166,,03/29/2022 03:45:00 PM,30,NO CONTROLS,NO CONTROLS,CLEAR,DAYLIGHT,PARKED MOTOR VEHICLE,NOT DIVIDED,,STRAIGHT AND LEVEL,DRY,NO DEFECTS,NOT ON SCENE (DESK REPORT),NO INJURY / DRIVE AWAY,,,,"$501 - $1,500",03/30/2022 09:45:00 AM,ROAD CONSTRUCTION/MAINTENANCE,NOT APPLICABLE,2299,W,POTOMAC AVE,1424.0,,,,,,,2,NO INDICATION OF INJURY,0.0,0.0,0.0,0.0,0.0,1.0,0.0,15,3,3,41.9047724082,-87.6845681541,POINT (-87.68456815409 41.904772408237)
99f8cb364cc77481a674741ad8d5583d80e3ab375d323875147cac37754bfa13a17d1f487a92a992cb4146220bd12c8da9a46f296ba5ce1196c1f05933e8d169,JA247105,,05/01/2017 11:30:00 PM,30,NO CONTROLS,NO CONTROLS,RAIN,"DARKNESS, LIGHTED ROAD",TURNING,DIVIDED - W/MEDIAN (NOT RAISED),,STRAIGHT AND LEVEL,WET,NO DEFECTS,NOT ON SCENE (DESK REPORT),NO INJURY / DRIVE AWAY,Y,,,$500 OR LESS,05/02/2017 12:12:00 AM,IMPROPER TURNING/NO SIGNAL,WEATHER,5059,N,CLARK ST,2033.0,,,,,,,2,NO INDICATION OF INJURY,0.0,0.0,0.0,0.0,0.0,2.0,0.0,23,2,5,41.97421448,-87.6680424655,POINT (-87.66804246555 41.974214480043)
d7469fb772954f4ca478a25ace95c1fda792f239cd76b0a53bf48e1fefe458638c8eb11e25984c49bef07b89a760a7888ba19ad723330238c328d1166578b3d7,JC171872,,03/03/2019 01:03:00 AM,30,NO CONTROLS,NO CONTROLS,CLEAR,"DARKNESS, LIGHTED ROAD",PARKED MOTOR VEHICLE,NOT DIVIDED,2.0,STRAIGHT AND LEVEL,DRY,NO DEFECTS,ON SCENE,INJURY AND / OR TOW DUE TO CRASH,,,Y,"OVER $1,500",03/03/2019 01:03:00 AM,UNABLE TO DETERMINE,UNABLE TO DETERMINE,431,N,MAY ST,1214.0,,,,,,,2,NO INDICATION OF INJURY,0.0,0.0,0.0,0.0,0.0,1.0,0.0,1,1,3,41.8899968496,-87.6556174196,POINT (-87.655617419623 41.889996849554)
3d8ddac922c89d9380a8298a5e24ca1319967b8e67c5a27b7abb8bc50ecb515604ddf99f34ff0302b1648c7eef99ed805abf7c041d6b631a46329cbda2fcd56d,JG304761,,06/17/2023 01:45:00 PM,30,NO CONTROLS,NO CONTROLS,CLEAR,DAYLIGHT,SIDESWIPE SAME DIRECTION,NOT DIVIDED,,STRAIGHT AND LEVEL,DRY,NO DEFECTS,ON SCENE,NO INJURY / DRIVE AWAY,,,Y,"$501 - $1,500",06/17/2023 01:59:00 PM,FAILING TO YIELD RIGHT-OF-WAY,FAILING TO YIELD RIGHT-OF-WAY,210,E,47TH ST,215.0,,,,,,,2,NO INDICATION OF INJURY,0.0,0.0,0.0,0.0,0.0,2.0,0.0,13,7,6,41.80942695,-87.6206783873,POINT (-87.620678387348 41.80942694999)
583d522d4e872c0abdc42222e59ecec5dbefd9da73b31afa379d0266e02ec9295bf9abd444a3c78b5bec488eb3d48a220e1c7bb749171f1887749632d9c4b44b,JB125630,,01/22/2018 02:00:00 AM,30,TRAFFIC SIGNAL,FUNCTIONING IMPROPERLY,CLEAR,"DARKNESS, LIGHTED ROAD",FIXED OBJECT,DIVIDED - W/MEDIAN (NOT RAISED),,STRAIGHT AND LEVEL,WET,NO DEFECTS,ON SCENE,NO INJURY / DRIVE AWAY,,,Y,"$501 - $1,500",01/22/2018 05:00:00 PM,UNABLE TO DETERMINE,NOT APPLICABLE,6659,S,CALIFORNIA AVE,831.0,,,,,,,1,NO INDICATION OF INJURY,0.0,0.0,0.0,0.0,0.0,1.0,0.0,2,2,1,41.7719167655,-87.6930619186,POINT (-87.693061918589 41.771916765496)
be5eef978448e9e8d54d13759c6f17f6fa212ab3366fecde0287152f0c3383ca9619970437d47819b51008ea5418f4e2aad4c3f34d193f1ef1a86b21e10e7a2d,JC331983,,07/01/2019 11:13:00 PM,30,TRAFFIC SIGNAL,FUNCTIONING PROPERLY,UNKNOWN,UNKNOWN,PEDALCYCLIST,UNKNOWN,,STRAIGHT AND LEVEL,UNKNOWN,UNKNOWN,NOT ON SCENE (DESK REPORT),INJURY AND / OR TOW DUE TO CRASH,Y,,Y,"$501 - $1,500",07/02/2019 05:25:00 PM,UNABLE TO DETERMINE,NOT APPLICABLE,499,N,NOBLE ST,1215.0,,,,,,,2,"REPORTED, NOT EVIDENT",1.0,0.0,0.0,0.0,1.0,2.0,0.0,23,2,7,41.8910034002,-87.6621174977,POINT (-87.662117497668 41.891003400171)
e82abf766e13891e1a85db71f3332f5a9e6016a865cc3f338b24639181b9c105444bf6245424cd78046aa3f6cf0b2349f19e3290f09b737c995698f7eff4b147,JD332098,Y,08/14/2020 12:45:00 PM,35,NO CONTROLS,NO CONTROLS,CLEAR,DAYLIGHT,SIDESWIPE SAME DIRECTION,NOT DIVIDED,,STRAIGHT AND LEVEL,DRY,NO DEFECTS,ON SCENE,INJURY AND / OR TOW DUE TO CRASH,,,,"OVER $1,500",08/14/2020 12:50:00 PM,UNABLE TO DETERMINE,NOT APPLICABLE,5301,W,DIVISION ST,1524.0,,,,,,,2,NO INDICATION OF INJURY,0.0,0.0,0.0,0.0,0.0,5.0,0.0,12,6,8,41.9021106607,-87.7583085425,POINT (-87.758308542474 41.902110660713)
7ed851431845f57733798590ee831a5815830407d0b9c803ed793a8a68b1830c7b1f27654ebe4526ec3b802da340b69589c23a6402f5d559ddaa0dcca920b264,JB242953,,04/29/2018 05:30:00 PM,30,TRAFFIC SIGNAL,FUNCTIONING PROPERLY,CLEAR,DAYLIGHT,TURNING,NOT DIVIDED,4.0,STRAIGHT AND LEVEL,DRY,NO DEFECTS,ON SCENE,INJURY AND / OR TOW DUE TO CRASH,Y,,,"OVER $1,500",04/29/2018 05:33:00 PM,DISREGARDING TRAFFIC SIGNALS,NOT APPLICABLE,399,S,WELLS ST,122.0,,,,,,,2,NO INDICATION OF INJURY,0.0,0.0,0.0,0.0,0.0,3.0,0.0,17,1,4,41.8769150029,-87.6335480991,POINT (-87.633548099102 41.876915002869)
3360fed31642d54e2e9dd2940dc2deaf60f0f7c907fc4fb01f3d77db5176f476f9180124e6d6d511352087b4ad8bbbb376c33bf01ba72585c33b58e98a63cca4,JC346515,,07/13/2019 01:22:00 AM,30,TRAFFIC SIGNAL,FUNCTIONING PROPERLY,CLEAR,"DARKNESS, LIGHTED ROAD",SIDESWIPE SAME DIRECTION,ONE-WAY,,STRAIGHT AND LEVEL,DRY,NO DEFECTS,ON SCENE,NO INJURY / DRIVE AWAY,Y,,,"OVER $1,500",07/13/2019 01:32:00 AM,IMPROPER LANE USAGE,NOT APPLICABLE,655,N,CLARK ST,1832.0,,,,,,,2,NO INDICATION OF INJURY,0.0,0.0,0.0,0.0,0.0,2.0,0.0,1,7,7,41.8939931419,-87.6310391042,POINT (-87.631039104209 41.893993141899)
1a74eeb023821a7c347027243ed0fc3ff34ebe2bcf225199db48de4d87a8a05a7b22a3580093c5946bcd25e201c4a88c6768fc6e145c6bc05813d58a1aa6582a,JB460659,,10/03/2018 09:10:00 AM,30,NO CONTROLS,NO CONTROLS,CLEAR,DAYLIGHT,REAR END,NOT DIVIDED,,STRAIGHT AND LEVEL,DRY,NO DEFECTS,NOT ON SCENE (DESK REPORT),NO INJURY / DRIVE AWAY,,,,$500 OR LESS,10/03/2018 10:13:00 AM,FOLLOWING TOO CLOSELY,FOLLOWING TOO CLOSELY,2592,N,ELSTON AVE,1432.0,,,,,,,2,NO INDICATION OF INJURY,0.0,0.0,0.0,0.0,0.0,2.0,0.0,9,4,10,41.92861225,-87.6828459442,POINT (-87.682845944223 41.928612250012)
e518ed3eb380f7db35a62747182a2814334e8f3b0b09bddd050d0ba27a6e6b4d8f9746fdf745cb89a67e5e046ee99d0a2c546d28dee43b1affb4213bd3877778,JB549334,,12/11/2018 06:55:00 PM,30,TRAFFIC SIGNAL,FUNCTIONING PROPERLY,CLEAR,"DARKNESS, LIGHTED ROAD",SIDESWIPE SAME DIRECTION,DIVIDED - W/MEDIAN BARRIER,2.0,STRAIGHT AND LEVEL,DRY,UNKNOWN,ON SCENE,NO INJURY / DRIVE AWAY,,,Y,"$501 - $1,500",12/11/2018 06:55:00 PM,IMPROPER LANE USAGE,NOT APPLICABLE,351,E,MARQUETTE RD,322.0,,,,,,,2,NO INDICATION OF INJURY,0.0,0.0,0.0,0.0,0.0,2.0,0.0,18,3,12,41.7728382097,-87.6167583826,POINT (-87.616758382587 41.772838209688)
d1bae3fd10c7c953be796d4bf27bf2ea62c4753e129c96c84a4364882a5ec9eec258af3733712930dd4e100173240e552c4f429c92fe6ecd7eaee656ea600688,JA548488,,12/14/2017 05:54:00 AM,30,NO CONTROLS,NO CONTROLS,CLEAR,DAWN,PARKED MOTOR VEHICLE,ONE-WAY,3.0,STRAIGHT AND LEVEL,DRY,NO DEFECTS,ON SCENE,NO INJURY / DRIVE AWAY,,,Y,"OVER $1,500",12/14/2017 06:29:00 AM,UNABLE TO DETERMINE,UNABLE TO DETERMINE,2724,S,CHRISTIANA AVE,1032.0,,,,,,,2,NO INDICATION OF INJURY,0.0,0.0,0.0,0.0,0.0,1.0,0.0,5,5,12,41.8418683322,-87.708766927,POINT (-87.708766927022 41.841868332183)
8d8230a93afb19a998385a3e98190dcaba7a9cb78eaea268cd8c2d8ca7afd96c7737493ac105142c15d07c92e0de4e719848b3f5f26530563b1dd3faaf0ffcd0,JC304576,,06/13/2019 11:00:00 AM,30,UNKNOWN,UNKNOWN,CLEAR,UNKNOWN,REAR END,NOT DIVIDED,,STRAIGHT AND LEVEL,UNKNOWN,UNKNOWN,ON SCENE,INJURY AND / OR TOW DUE TO CRASH,,,Y,"$501 - $1,500",06/13/2019 12:13:00 PM,UNABLE TO DETERMINE,UNABLE TO DETERMINE,3200,W,VAN BUREN ST,1134.0,,,,,,,2,NONINCAPACITATING INJURY,1.0,0.0,0.0,1.0,0.0,2.0,0.0,11,5,6,41.8756202747,-87.7060971095,POINT (-87.70609710949 41.875620274741)
6e048e4c462efb13c7c8fe5105d393780f11502dd0309eb8c9099a6a7fb6d802b9626fbf6642d7c0e1d9a3d78f54906389d5d9c8de75fb522e9e030d7798b6d9,JF220595,Y,04/26/2022 10:49:00 AM,20,NO CONTROLS,NO CONTROLS,CLOUDY/OVERCAST,DAYLIGHT,REAR END,ONE-WAY,,STRAIGHT AND LEVEL,DRY,NO DEFECTS,ON SCENE,NO INJURY / DRIVE AWAY,,,Y,"OVER $1,500",04/26/2022 11:00:00 AM,"OPERATING VEHICLE IN ERRATIC, RECKLESS, CARELESS, NEGLIGENT OR AGGRESSIVE MANNER",PHYSICAL CONDITION OF DRIVER,6200,S,DREXEL AVE,313.0,,,,,,,2,NO INDICATION OF INJURY,0.0,0.0,0.0,0.0,0.0,2.0,0.0,10,3,4,41.7821713031,-87.6044918999,POINT (-87.604491899946 41.782171303084)
4a1ced31331dcc846b5391991b3e7276aa84c83a6ddca9a9ec2475e17e6ae2435c20505c52dd6128217374235a4b5c3f573a6fef5fb503bc858881ea9e0d0a20,JA463086,,10/08/2017 11:00:00 AM,30,NO CONTROLS,NO CONTROLS,CLEAR,DAYLIGHT,PARKED MOTOR VEHICLE,NOT DIVIDED,,STRAIGHT AND LEVEL,DRY,NO DEFECTS,ON SCENE,NO INJURY / DRIVE AWAY,,,,"OVER $1,500",10/08/2017 11:02:00 AM,DRIVING SKILLS/KNOWLEDGE/EXPERIENCE,NOT APPLICABLE,7120,S,RIDGEWAY AVE,833.0,,,,,,,2,NO INDICATION OF INJURY,0.0,0.0,0.0,0.0,0.0,1.0,0.0,11,1,10,41.7635249128,-87.7163965419,POINT (-87.716396541878 41.76352491283)
3a80af6b79de2f0368e812ec0c7c5c31cc9a58d2d718d632274c503ff378aa96958ace822e7fd465f54cbccd69d86a4957d45ece689bf49ed729fde00fe54a40,HZ465684,,10/11/2016 08:45:00 AM,30,STOP SIGN/FLASHER,NO CONTROLS,CLEAR,DAYLIGHT,REAR END,NOT DIVIDED,4.0,STRAIGHT AND LEVEL,DRY,NO DEFECTS,NOT ON SCENE (DESK REPORT),NO INJURY / DRIVE AWAY,,,,$500 OR LESS,10/11/2016 11:52:00 AM,FOLLOWING TOO CLOSELY,UNABLE TO DETERMINE,5105,W,MONTROSE AVE,1624.0,,,,,,,2,NO INDICATION OF INJURY,0.0,0.0,0.0,0.0,0.0,2.0,0.0,8,3,10,41.9605201974,-87.7547689104,POINT (-87.754768910367 41.960520197422)
ba79509382ebbf9c6023cd375afba24898984c1229833324c7eaf80ab950451a932ce7c2faeeebf7bd20848ba4d8129b8d93ede41de0acccf3a13025db666ba9,JG461279,,10/12/2023 06:38:00 PM,30,TRAFFIC SIGNAL,FUNCTIONING PROPERLY,CLEAR,DARKNESS,REAR END,NOT DIVIDED,,STRAIGHT AND LEVEL,DRY,NO DEFECTS,,NO INJURY / DRIVE AWAY,,,Y,"OVER $1,500",10/12/2023 07:25:00 PM,UNABLE TO DETERMINE,UNABLE TO DETERMINE,4109,N,CICERO AVE,1722.0,,,,,,,2,NO INDICATION OF INJURY,0.0,0.0,0.0,0.0,0.0,2.0,0.0,18,5,10,41.9557839271,-87.7472249609,POINT (-87.747224960944 41.955783927063)
7278e52683500a305cd43663204d60f982c0cb6b287d967844699d424b934f659bfb7070029f81fa3995eb918a0b30880d1ed3085d58c0b1466bf30d6cc2b84e,JB264142,,05/15/2018 08:00:00 AM,30,NO CONTROLS,NO CONTROLS,CLEAR,DAYLIGHT,SIDESWIPE SAME DIRECTION,NOT DIVIDED,2.0,STRAIGHT AND LEVEL,DRY,NO DEFECTS,NOT ON SCENE (DESK REPORT),NO INJURY / DRIVE AWAY,,,,$500 OR LESS,05/15/2018 09:39:00 AM,UNABLE TO DETERMINE,UNABLE TO DETERMINE,4400,N,PULASKI RD,1722.0,,,,,,,2,NO INDICATION OF INJURY,0.0,0.0,0.0,0.0,0.0,2.0,0.0,8,3,5,41.9610237213,-87.727977456,POINT (-87.727977455957 41.961023721271)
a2e2ad3802643a9dfc9b5a6bb761220c61c04c149cdf2053a0256e145828cc24c6bcffc47422bf729a5f5f9b990ef86ff777b80620958a2cae5b722e8f7bd1c0,JC281029,,05/27/2019 07:17:00 PM,30,TRAFFIC SIGNAL,FUNCTIONING PROPERLY,RAIN,DAYLIGHT,SIDESWIPE SAME DIRECTION,DIVIDED - W/MEDIAN (NOT RAISED),,STRAIGHT AND LEVEL,WET,NO DEFECTS,ON SCENE,INJURY AND / OR TOW DUE TO CRASH,,,Y,"OVER $1,500",05/27/2019 07:17:00 PM,"OPERATING VEHICLE IN ERRATIC, RECKLESS, CARELESS, NEGLIGENT OR AGGRESSIVE MANNER",WEATHER,13000,S,ELLIS AVE,533.0,,,,,,,2,NONINCAPACITATING INJURY,2.0,0.0,0.0,1.0,1.0,1.0,0.0,19,2,5,41.6594342977,-87.5978530294,POINT (-87.597853029354 41.659434297709)
dd21dcfb229ca06ac5e233fc0a9ad8d79d36a893b64fd706d496521f5d001c7ee46e76b4085484b0a3fb90b98147413f096c79f229e7e28abe1be65dfaa1386d,JE224060,,05/08/2021 08:24:00 PM,30,TRAFFIC SIGNAL,FUNCTIONING PROPERLY,RAIN,DUSK,ANGLE,NOT DIVIDED,,STRAIGHT AND LEVEL,WET,NO DEFECTS,ON SCENE,INJURY AND / OR TOW DUE TO CRASH,,,,"OVER $1,500",05/08/2021 08:27:00 PM,DISREGARDING TRAFFIC SIGNALS,DISREGARDING TRAFFIC SIGNALS,8700,S,HALSTED ST,2223.0,,,,,,,2,"REPORTED, NOT EVIDENT",1.0,0.0,0.0,0.0,1.0,2.0,0.0,20,7,5,41.7357852665,-87.6437588296,POINT (-87.643758829628 41.735785266472)
98a7a636f6b7638a015bc4dcc3efb91de3511af2ea92accabc2cf2206f2ba412af1843ca73db0bfc69e1e09ae26d50ede7df9e89fd34c4141afbf81dcdffeaea,JE231341,,05/15/2021 07:18:00 PM,0,NO CONTROLS,NO CONTROLS,CLEAR,DAYLIGHT,PARKED MOTOR VEHICLE,PARKING LOT,,STRAIGHT AND LEVEL,DRY,NO DEFECTS,ON SCENE,NO INJURY / DRIVE AWAY,,Y,,"OVER $1,500",05/15/2021 07:30:00 PM,NOT APPLICABLE,NOT APPLICABLE,3959,W,FULLERTON AVE,2525.0,,,,,,,2,NO INDICATION OF INJURY,0.0,0.0,0.0,0.0,0.0,2.0,0.0,19,7,5,41.9243750734,-87.7267049306,POINT (-87.726704930568 41.92437507335)
9a108178d7dd5eb69ecd863e61306d95e7ca0b9461ca1aa8f3c9d30f40af9595d90401771d6a654c30e82c0aaf9d680ec7e85deeb055cad364b33e8d4e7e9da3,JG173267,,03/04/2023 01:11:00 AM,30,NO CONTROLS,NO CONTROLS,CLEAR,"DARKNESS, LIGHTED ROAD",PARKED MOTOR VEHICLE,DIVIDED - W/MEDIAN (NOT RAISED),,STRAIGHT AND LEVEL,DRY,NO DEFECTS,ON SCENE,NO INJURY / DRIVE AWAY,,,Y,"$501 - $1,500",03/04/2023 01:20:00 AM,FAILING TO REDUCE SPEED TO AVOID CRASH,FAILING TO REDUCE SPEED TO AVOID CRASH,3714,N,CLARK ST,1923.0,,,,,,,2,NO INDICATION OF INJURY,0.0,0.0,0.0,0.0,0.0,2.0,0.0,1,7,3,41.9494172784,-87.6584683031,POINT (-87.658468303144 41.949417278445)
022db2be77575658c90c298d3847443c3872b94fde93ed6c3ff3def8e127a7bc7bbf25919b93a6cd6f66a1bf50b4d7df238925c31dd9b8b8eea422f582355687,JC264034,,05/15/2019 12:30:00 PM,20,NO CONTROLS,NO CONTROLS,CLEAR,DAYLIGHT,PARKED MOTOR VEHICLE,PARKING LOT,,STRAIGHT AND LEVEL,"SAND, MUD, DIRT","RUT, HOLES",ON SCENE,NO INJURY / DRIVE AWAY,,Y,,"$501 - $1,500",05/15/2019 12:43:00 PM,UNABLE TO DETERMINE,UNABLE TO DETERMINE,3611,S,NORMAL AVE,915.0,,,,,,,2,NO INDICATION OF INJURY,0.0,0.0,0.0,0.0,0.0,1.0,0.0,12,4,5,41.8285695318,-87.6385970603,POINT (-87.638597060348 41.828569531805)
da3bd5b5ef2709f630d4a9b3ea58239974a34fd18632670d47412a61a42ce7ae147f30f6e8f067ce4f983d7c95e72da8e119559c182c4b0d2cb3f43b16d79e66,JE197104,Y,04/12/2021 05:00:00 AM,30,TRAFFIC SIGNAL,FUNCTIONING PROPERLY,CLEAR,DAWN,PARKED MOTOR VEHICLE,NOT DIVIDED,,STRAIGHT AND LEVEL,DRY,NO DEFECTS,ON SCENE,NO INJURY / DRIVE AWAY,Y,,Y,"$501 - $1,500",04/12/2021 11:43:00 AM,IMPROPER OVERTAKING/PASSING,NOT APPLICABLE,3424,E,112TH ST,433.0,,,,,,,2,NO INDICATION OF INJURY,0.0,0.0,0.0,0.0,0.0,1.0,0.0,5,2,4,41.6919714931,-87.5402509498,POINT (-87.540250949838 41.691971493105)
cd32ee85f08c2102f236592fcbf3e563048340ade425a80a31facf46e7cec29c6c033e12753e92bb683827ac34e4de90e8a8265ea5da3c8c654b4a3dc03b0466,JD472705,,12/29/2020 11:25:00 AM,30,NO CONTROLS,NO CONTROLS,CLEAR,DAYLIGHT,REAR END,NOT DIVIDED,,STRAIGHT AND LEVEL,DRY,NO DEFECTS,NOT ON SCENE (DESK REPORT),NO INJURY / DRIVE AWAY,,,,$500 OR LESS,12/29/2020 03:30:00 PM,UNABLE TO DETERMINE,NOT APPLICABLE,5703,W,55TH ST,811.0,,,,,,,2,NO INDICATION OF INJURY,0.0,0.0,0.0,0.0,0.0,2.0,0.0,11,3,12,41.7925808466,-87.7646852392,POINT (-87.764685239211 41.792580846602)
3ff7f9c30d7fd7a0f535a2c364f3411518fd88cabc79f7899d46e5bdfa3083c11f99e41ac3d74e4597bf213e781eb904b952f5b17927ddb179e0e94f67b2416d,JA542602,,12/09/2017 10:00:00 AM,0,NO CONTROLS,NO CONTROLS,SNOW,DAYLIGHT,SIDESWIPE SAME DIRECTION,ONE-WAY,,STRAIGHT AND LEVEL,SNOW OR SLUSH,NO DEFECTS,NOT ON SCENE (DESK REPORT),NO INJURY / DRIVE AWAY,,,,$500 OR LESS,12/09/2017 10:20:00 AM,UNABLE TO DETERMINE,NOT APPLICABLE,520,W,JACKSON BLVD,121.0,,,,,,,2,NO INDICATION OF INJURY,0.0,0.0,0.0,0.0,0.0,2.0,0.0,10,7,12,41.8781417667,-87.6405442675,POINT (-87.640544267472 41.878141766716)
f7743991122914acd3fa813eba61c74cfad5ae92d28c628ba2b0b9782785fffffba2a6879d29e9e9921f987374d44da9abb6baf5d09c15209c5a134f17334c29,JG157418,,02/18/2023 02:25:00 PM,30,STOP SIGN/FLASHER,FUNCTIONING PROPERLY,CLEAR,DAYLIGHT,REAR END,FOUR WAY,,STRAIGHT AND LEVEL,DRY,NO DEFECTS,NOT ON SCENE (DESK REPORT),NO INJURY / DRIVE AWAY,N,,Y,$500 OR LESS,02/18/2023 04:00:00 PM,FOLLOWING TOO CLOSELY,DRIVING SKILLS/KNOWLEDGE/EXPERIENCE,2632,W,LOGAN BLVD,1411.0,,,,,,,2,NO INDICATION OF INJURY,0.0,0.0,0.0,0.0,0.0,2.0,0.0,14,7,2,41.9286069077,-87.6940196781,POINT (-87.694019678135 41.928606907735)
bb0999c0fe2377e660cad96ba46eb9e40c8274797a12f429fb8fa47e4a5d8a0aff741e43aea4c89976177fcd840bdcef9ddc8e18b1eeecb4e4d9411a9f4a12d6,JD322846,,07/31/2020 06:45:00 AM,30,NO CONTROLS,NO CONTROLS,CLEAR,DAWN,FIXED OBJECT,NOT DIVIDED,,STRAIGHT AND LEVEL,DRY,NO DEFECTS,NOT ON SCENE (DESK REPORT),NO INJURY / DRIVE AWAY,,Y,,"OVER $1,500",08/06/2020 02:52:00 PM,UNABLE TO DETERMINE,UNABLE TO DETERMINE,1325,W,WRIGHTWOOD AVE,1932.0,,,,,,,1,NO INDICATION OF INJURY,0.0,0.0,0.0,0.0,0.0,1.0,0.0,6,6,7,41.9287607436,-87.6620850641,POINT (-87.662085064071 41.928760743586)
b191477b79070ec595520fab76424f2d4a2ba842be5f71175947df804b2c34ff0e27235a81572f4785ffddcba4f969625c6b088b6960473986790cadb6c5dfe1,JA252355,,05/05/2017 06:30:00 PM,30,NO CONTROLS,NO CONTROLS,CLEAR,"DARKNESS, LIGHTED ROAD",PARKED MOTOR VEHICLE,DIVIDED - W/MEDIAN (NOT RAISED),2.0,STRAIGHT AND LEVEL,DRY,NO DEFECTS,NOT ON SCENE (DESK REPORT),NO INJURY / DRIVE AWAY,,,,"OVER $1,500",05/05/2017 09:15:00 PM,UNABLE TO DETERMINE,UNABLE TO DETERMINE,2799,W,DEVON AVE,2413.0,,,,,,,2,NO INDICATION OF INJURY,0.0,0.0,0.0,0.0,0.0,2.0,0.0,18,6,5,41.9974520938,-87.699578283,POINT (-87.699578282978 41.997452093787)