CRASH_RECORD_ID,RD_NO,CRASH_DATE_EST_I,CRASH_DATE,POSTED_SPEED_LIMIT,TRAFFIC_CONTROL_DEVICE,DEVICE_CONDITION,WEATHER_CONDITION,LIGHTING_CONDITION,FIRST_CRASH_TYPE,TRAFFICWAY_TYPE,LANE_CNT,ALIGNMENT,ROADWAY_SURFACE_COND,ROAD_DEFECT,REPORT_TYPE,CRASH_TYPE,INTERSECTION_RELATED_I,NOT_RIGHT_OF_WAY_I,HIT_AND_RUN_I,DAMAGE,DATE_POLICE_NOTIFIED,PRIM_CONTRIBUTORY_CAUSE,SEC_CONTRIBUTORY_CAUSE,STREET_NO,STREET_DIRECTION,STREET_NAME,BEAT_OF_OCCURRENCE,PHOTOS_TAKEN_I,STATEMENTS_TAKEN_I,DOORING_I,WORK_ZONE_I,WORK_ZONE_TYPE,WORKERS_PRESENT_I,NUM_UNITS,MOST_SEVERE_INJURY,INJURIES_TOTAL,INJURIES_FATAL,INJURIES_INCAPACITATING,INJURIES_NON_INCAPACITATING,INJURIES_REPORTED_NOT_EVIDENT,INJURIES_NO_INDICATION,INJURIES_UNKNOWN,CRASH_HOUR,CRASH_DAY_OF_WEEK,CRASH_MONTH,LATITUDE,LONGITUDE,LOCATION
83483eb5a9bcd2493b47e9e25f705222cd93ca66331475913d89e203b71aca4ce4066f18433659b90374bcc963b00f143878bb894de2eb3a0fbe266d96dbdf61,JA365689,,07/27/2017 12:17:00 PM,30,TRAFFIC SIGNAL,FUNCTIONING PROPERLY,CLEAR,DAYLIGHT,SIDESWIPE OPPOSITE DIRECTION,NOT DIVIDED,6.0,STRAIGHT AND LEVEL,DRY,NO DEFECTS,NOT ON SCENE (DESK REPORT),NO INJURY / DRIVE AWAY,Y,,,"$501 - $1,500",07/27/2017 02:30:00 PM,IMPROPER BACKING,NOT APPLICABLE,95,W,LA SALLE DR,1814.0,,,,,,,2,NO INDICATION OF INJURY,0.0,0.0,0.0,0.0,0.0,3.0,0.0,12,5,7,41.9132714896,-87.6316459135,POINT (-87.631645913457 41.913271489639)
d069edf22c8cac07ec40303975b57c2c5c0dbf06ff00df29afea22b52aa965056922c1934cda42c75087466a0674968b2d525d6fd369e8c43ce86e388daa9daf,JG405958,,08/31/2023 06:30:00 PM,35,TRAFFIC SIGNAL,FUNCTIONING PROPERLY,CLEAR,DAYLIGHT,SIDESWIPE SAME DIRECTION,DIVIDED - W/MEDIAN (NOT RAISED),,STRAIGHT AND LEVEL,DRY,NO DEFECTS,,NO INJURY / DRIVE AWAY,,,,"OVER $1,500",08/31/2023 08:00:00 PM,IMPROPER OVERTAKING/PASSING,UNABLE TO DETERMINE,4900,S,PULASKI RD,815.0,,,,,,,2,NO INDICATION OF INJURY,0.0,0.0,0.0,0.0,0.0,4.0,0.0,18,5,8,41.8041103589,-87.7236234138,POINT (-87.723623413779 41.804110358929)
208247ec7c2f6507fe5a789a0030c0644c932ecf39420fedd3c6e43cbba6d3581f5793307a9179752d8965423096d73f552a32cf43b210391d1fef47db06b888,JG275967,,05/26/2023 01:00:00 PM,30,NO CONTROLS,NO CONTROLS,CLEAR,DAYLIGHT,ANGLE,DIVIDED - W/MEDIAN (NOT RAISED),,STRAIGHT AND LEVEL,DRY,NO DEFECTS,NOT ON SCENE (DESK REPORT),NO INJURY / DRIVE AWAY,,,,"OVER $1,500",05/26/2023 01:30:00 PM,FAILING TO YIELD RIGHT-OF-WAY,FAILING TO REDUCE SPEED TO AVOID CRASH,3500,W,IRVING PARK RD,1723.0,,,,,,,2,NO INDICATION OF INJURY,0.0,0.0,0.0,0.0,0.0,3.0,0.0,13,6,5,41.953930482,-87.7154261961,POINT (-87.715426196115 41.953930481958)
8a75c8d56ac973f745ea546b5d2c59c89cd660506fab2c346e5f14333cd5aa4c6c704f8c6ac829076b211280bf7aab444cc9b8cbcdd9da349178abb5302fdf32,JG245066,,05/02/2023 10:10:00 AM,30,NO CONTROLS,NO CONTROLS,CLEAR,DAYLIGHT,TURNING,DIVIDED - W/MEDIAN (NOT RAISED),,STRAIGHT AND LEVEL,DRY,NO DEFECTS,ON SCENE,INJURY AND / OR TOW DUE TO CRASH,,,,"OVER $1,500",05/02/2023 10:18:00 AM,UNABLE TO DETERMINE,UNABLE TO DETERMINE,4430,S,PULASKI RD,815.0,,,,,,,2,NO INDICATION OF INJURY,0.0,0.0,0.0,0.0,0.0,2.0,0.0,10,3,5,41.8124224659,-87.723904865,POINT (-87.723904864968 41.812422465938)
0c76f52f4e03cf3f446fff136f7644e9cc8a5661716e31a0238e19ea727fb6d869f57ba63708f658e9a7016e6ce3f25c4831371e6d4aea7be3dad22fbcd9e9dc,HZ356142,,07/19/2016 09:01:00 PM,30,NO CONTROLS,NO CONTROLS,CLEAR,"DARKNESS, LIGHTED ROAD",FIXED OBJECT,ALLEY,1.0,STRAIGHT AND LEVEL,DRY,UNKNOWN,ON SCENE,INJURY AND / OR TOW DUE TO CRASH,,,,"OVER $1,500",07/19/2016 09:01:00 PM,"OPERATING VEHICLE IN ERRATIC, RECKLESS, CARELESS, NEGLIGENT OR AGGRESSIVE MANNER",UNABLE TO DETERMINE,6122,S,HALSTED ST,712.0,,,,,,,1,NO INDICATION OF INJURY,0.0,0.0,0.0,0.0,0.0,4.0,0.0,21,3,7,41.7826526264,-87.6450057657,POINT (-87.645005765671 41.782652626401)
40c40d59daa98f5fcecea680d84106b2b95caa95ee40c50ec8cfc2c4b10bca5990fd3d972c2e91a4e50c0f065bd44b1adfb279c08463b69c7ed4ce58525f8426,JC253042,,05/07/2019 08:25:00 AM,30,NO CONTROLS,NO CONTROLS,CLEAR,DAYLIGHT,REAR END,NOT DIVIDED,,STRAIGHT AND LEVEL,DRY,NO DEFECTS,NOT ON SCENE (DESK REPORT),NO INJURY / DRIVE AWAY,,,,$500 OR LESS,05/07/2019 08:43:00 AM,FOLLOWING TOO CLOSELY,UNABLE TO DETERMINE,5544,N,WESTERN AVE,2011.0,,,,,,,2,NO INDICATION OF INJURY,0.0,0.0,0.0,0.0,0.0,2.0,0.0,8,3,5,41.9826845378,-87.6895740287,POINT (-87.689574028661 41.982684537786)
864fbd38606bf7b33d27f37fd82236c0f0ed21248dc79d51d2506a3b4e6edc9041a884b12483423f81d643e35b6b810f98f622c65575aae39573b8959b32f47d,JC500180,,11/05/2019 10:02:00 PM,30,NO CONTROLS,FUNCTIONING PROPERLY,CLEAR,"DARKNESS, LIGHTED ROAD",PEDESTRIAN,ONE-WAY,,STRAIGHT AND LEVEL,DRY,NO DEFECTS,ON SCENE,INJURY AND / OR TOW DUE TO CRASH,,,,$500 OR LESS,11/05/2019 10:13:00 PM,"DISTRACTION - OTHER ELECTRONIC DEVICE (NAVIGATION DEVICE, DVD PLAYER, ETC.)",FAILING TO YIELD RIGHT-OF-WAY,7851,S,LANGLEY AVE,624.0,,,,,,,2,"REPORTED, NOT EVIDENT",1.0,0.0,0.0,0.0,1.0,1.0,0.0,22,3,11,41.7515630933,-87.6075189328,POINT (-87.607518932778 41.751563093329)
f0c27d7154ec6f007dc29631a8fe31b86c30f91c187fb9d42e919b388ece1bda8b04654ceacb156bbc76d019d409e5cc0279b0b740d430e5da7e06addd60ca59,JA165203,,02/23/2017 10:45:00 PM,30,TRAFFIC SIGNAL,FUNCTIONING IMPROPERLY,RAIN,"DARKNESS, LIGHTED ROAD",SIDESWIPE SAME DIRECTION,NOT DIVIDED,2.0,STRAIGHT AND LEVEL,WET,UNKNOWN,NOT ON SCENE (DESK REPORT),NO INJURY / DRIVE AWAY,,,,"OVER $1,500",02/23/2017 10:59:00 PM,UNABLE TO DETERMINE,UNABLE TO DETERMINE,4439,W,FOSTER AVE,1712.0,,,,,,,2,NO INDICATION OF INJURY,0.0,0.0,0.0,0.0,0.0,2.0,0.0,22,5,2,41.9753012097,-87.7397524731,POINT (-87.739752473073 41.975301209712)
c6578b749ac0dfdf6ab0db9aad069c702e338ddd99e18b1661e912c37f05b445ba1ac7267e0d6fd2c9262d7a7a354018c11e07b18c8cd989848d44ab1be03b30,JD387893,,10/03/2020 11:10:00 PM,30,NO CONTROLS,NO CONTROLS,RAIN,"DARKNESS, LIGHTED ROAD",REAR END,DIVIDED - W/MEDIAN (NOT RAISED),,STRAIGHT AND LEVEL,WET,NO DEFECTS,ON SCENE,NO INJURY / DRIVE AWAY,,,,"$501 - $1,500",10/03/2020 11:10:00 PM,FOLLOWING TOO CLOSELY,FAILING TO REDUCE SPEED TO AVOID CRASH,215,S,CENTRAL AVE,1522.0,,,,,,,2,NO INDICATION OF INJURY,0.0,0.0,0.0,0.0,0.0,3.0,0.0,23,7,10,41.877457051,-87.7646142857,POINT (-87.76461428575 41.877457050996)
08ca47863fff4f3e8cae61c5e0b7d438048aa9ca3692fd34b54937ac075cff099206f60e4d440627915e8653193857253348f879250321e89455bfb927d0cd77,JD386756,,10/02/2020 03:30:00 PM,30,TRAFFIC SIGNAL,FUNCTIONING PROPERLY,CLEAR,DAYLIGHT,REAR END,CENTER TURN LANE,,STRAIGHT AND LEVEL,DRY,NO DEFECTS,NOT ON SCENE (DESK REPORT),NO INJURY / DRIVE AWAY,Y,,,"OVER $1,500",10/02/2020 06:00:00 PM,UNABLE TO DETERMINE,NOT APPLICABLE,2211,W,DIVERSEY PKWY,1432.0,,,,,,,2,NO INDICATION OF INJURY,0.0,0.0,0.0,0.0,0.0,2.0,0.0,15,6,10,41.9321098551,-87.6836158525,POINT (-87.683615852498 41.932109855102)
d7a1b5f3c880bfd97547f01b4bfeaa8529a708d45f024e6096e2beb8cf949430b819c1f7e6a699e37c23b763f8ff5621ce1e4251dda29e954f92577a82f096fc,JG284889,,06/02/2023 11:20:00 AM,30,STOP SIGN/FLASHER,FUNCTIONING PROPERLY,CLEAR,DAYLIGHT,ANGLE,FOUR WAY,,STRAIGHT AND LEVEL,DRY,NO DEFECTS,NOT ON SCENE (DESK REPORT),INJURY AND / OR TOW DUE TO CRASH,Y,,Y,"OVER $1,500",06/02/2023 11:25:00 AM,FAILING TO YIELD RIGHT-OF-WAY,PHYSICAL CONDITION OF DRIVER,5900,S,NARRAGANSETT AVE,811.0,,,,,,,2,NO INDICATION OF INJURY,0.0,0.0,0.0,0.0,0.0,4.0,0.0,11,6,6,41.7849512099,-87.7816840039,POINT (-87.781684003862 41.784951209892)
c638953cc2455ffb33c40ab228e7f0484311a8da82c0e2175fd71b50a57dcd146e2cdc4f15cd3cd428706b9d1cc4640c9beb651ccb3ed32722224e0059c22fd8,JC406180,Y,08/26/2019 08:00:00 AM,20,NO CONTROLS,NO CONTROLS,RAIN,DAYLIGHT,PARKED MOTOR VEHICLE,PARKING LOT,,STRAIGHT AND LEVEL,WET,NO DEFECTS,ON SCENE,NO INJURY / DRIVE AWAY,,,Y,"OVER $1,500",08/27/2019 11:00:00 AM,IMPROPER BACKING,DRIVING SKILLS/KNOWLEDGE/EXPERIENCE,5211,N,OTTO AVE,1654.0,,,,,,,2,NO INDICATION OF INJURY,0.0,0.0,0.0,0.0,0.0,1.0,0.0,8,2,8,41.9735773288,-87.8666605144,POINT (-87.866660514353 41.973577328841)
08c39cf1c5cf7bded4df370796d285ebb47b5cc6162bb474decab72f0fabe3b52f014e9b14bfacaa7274dea50b63f30a9ff525c2075922e896d743545b853b41,JC296057,,06/07/2019 10:15:00 AM,30,TRAFFIC SIGNAL,FUNCTIONING PROPERLY,CLEAR,DAYLIGHT,SIDESWIPE OPPOSITE DIRECTION,NOT DIVIDED,,STRAIGHT AND LEVEL,DRY,NO DEFECTS,NOT ON SCENE (DESK REPORT),NO INJURY / DRIVE AWAY,,,Y,"OVER $1,500",06/07/2019 01:05:00 PM,IMPROPER BACKING,NOT APPLICABLE,1959,N,PULASKI RD,2535.0,,,,,,,2,NO INDICATION OF INJURY,0.0,0.0,0.0,0.0,0.0,3.0,0.0,10,6,6,41.9170795021,-87.7264072012,POINT (-87.726407201242 41.91707950214)
d14539619d65ce670a4aefaa20e5038426f5fb28a195c9abd3a1d9d8ddd411240676a684f7bde89c10f4f5ae76f6e3ccd0039a15c2f183e8b839990daaf48696,JE438284,,11/08/2021 01:00:00 PM,30,TRAFFIC SIGNAL,FUNCTIONING PROPERLY,CLEAR,DAYLIGHT,SIDESWIPE SAME DIRECTION,NOT DIVIDED,,STRAIGHT AND LEVEL,DRY,NO DEFECTS,NOT ON SCENE (DESK REPORT),NO INJURY / DRIVE AWAY,,,,"OVER $1,500",11/08/2021 02:20:00 PM,IMPROPER LANE USAGE,UNABLE TO DETERMINE,5201,N,BROADWAY,2023.0,,,,,,,2,NO INDICATION OF INJURY,0.0,0.0,0.0,0.0,0.0,2.0,0.0,13,2,11,41.9764155072,-87.6597209162,POINT (-87.659720916231 41.976415507214)
fb2aae0c67a764862e177138de0372ab5dfbd0f350fb86b52770892fe06e1367225b11f75664ddd8ecc7d7d8a246c4a2f5b69e5de835d486614f6bf2e3c4f065,,,11/04/2023 01:16:00 PM,30,TRAFFIC SIGNAL,FUNCTIONING PROPERLY,CLEAR,DAYLIGHT,ANGLE,DIVIDED - W/MEDIAN (NOT RAISED),,STRAIGHT AND LEVEL,DRY,NO DEFECTS,ON SCENE,INJURY AND / OR TOW DUE TO CRASH,Y,,,"OVER $1,500",11/04/2023 01:16:00 PM,DISTRACTION - FROM OUTSIDE VEHICLE,PHYSICAL CONDITION OF DRIVER,7500,S,LAFAYETTE AVE,623.0,,,,,,,2,NONINCAPACITATING INJURY,3.0,0.0,0.0,3.0,0.0,1.0,0.0,13,7,11,41.758068532,-87.6265169823,POINT (-87.626516982328 41.75806853202)
a1f8b4151ea5072a79a0cfac402f1cc061adc2cfc27722cd6ffb75f74fc5a680f55726ef1cf9a7eb27c21d2b78ba23764827a45ce0a90f2567cdd4358879bf3b,JA365898,,07/27/2017 03:00:00 PM,30,NO CONTROLS,NO CONTROLS,CLEAR,DAYLIGHT,PARKED MOTOR VEHICLE,NOT DIVIDED,2.0,STRAIGHT AND LEVEL,DRY,UNKNOWN,NOT ON SCENE (DESK REPORT),NO INJURY / DRIVE AWAY,,,,"OVER $1,500",07/27/2017 04:50:00 PM,IMPROPER LANE USAGE,NOT APPLICABLE,642,N,CICERO AVE,1532.0,,,,,,,2,NO INDICATION OF INJURY,0.0,0.0,0.0,0.0,0.0,1.0,0.0,15,5,7,41.8926464689,-87.7458747715,POINT (-87.74587477149 41.892646468856)
d22516d9a40666fcd97fcc5b10a0e663fad0d93b05c33ed26eb4f863506736dbf61f287bc1bd2517230adc0fcec9bb879134270ec4aeba7a4fb88f03b9411d3e,JC488049,,10/27/2019 06:15:00 AM,15,NO CONTROLS,NO CONTROLS,CLEAR,"DARKNESS, LIGHTED ROAD",PARKED MOTOR VEHICLE,ONE-WAY,,STRAIGHT AND LEVEL,WET,NO DEFECTS,ON SCENE,INJURY AND / OR TOW DUE TO CRASH,,,Y,"OVER $1,500",10/27/2019 06:20:00 AM,UNABLE TO DETERMINE,UNABLE TO DETERMINE,1304,N,MONITOR AVE,2531.0,,,,,,,3,NO INDICATION OF INJURY,0.0,0.0,0.0,0.0,0.0,1.0,0.0,6,1,10,41.9040643652,-87.7719376503,POINT (-87.771937650261 41.904064365218)
f8e20fe8bb83d5cf6496e8ce1054837def9e90dc4f4aec365fcf804d44499ac6fe6a09b1a1dc2c746989f0995a783141973e023c22fcf5b699acccf83ba93c66,JG234180,,04/23/2023 09:20:00 AM,35,TRAFFIC SIGNAL,FUNCTIONING PROPERLY,CLEAR,DAYLIGHT,TURNING,DIVIDED - W/MEDIAN (NOT RAISED),,STRAIGHT AND LEVEL,DRY,NO DEFECTS,ON SCENE,NO INJURY / DRIVE AWAY,,,Y,"$501 - $1,500",04/23/2023 09:53:00 AM,IMPROPER OVERTAKING/PASSING,DRIVING SKILLS/KNOWLEDGE/EXPERIENCE,9500,S,STONY ISLAND AVE,511.0,,,,,,,2,NO INDICATION OF INJURY,0.0,0.0,0.0,0.0,0.0,3.0,0.0,9,1,4,41.722257273,-87.5852755651,POINT (-87.585275565077 41.722257273006)
829bafd34652452915c12e733afd2b1b71c1accd38a5407cbcf0b70223ed7ff9888fab2c61dd523bbf8c12a4e965068be37516339e88640d47b089dafea8854d,HZ427286,,09/09/2016 04:30:00 PM,0,NO CONTROLS,NO CONTROLS,RAIN,DAYLIGHT,TURNING,OTHER,,STRAIGHT AND LEVEL,WET,NO DEFECTS,NOT ON SCENE (DESK REPORT),NO INJURY / DRIVE AWAY,Y,,,"OVER $1,500",09/09/2016 05:00:00 PM,IMPROPER TURNING/NO SIGNAL,UNABLE TO DETERMINE,7936,S,VINCENNES AVE,621.0,,,,,,,2,NO INDICATION OF INJURY,0.0,0.0,0.0,0.0,0.0,6.0,0.0,16,6,9,41.7498119365,-87.6346176644,POINT (-87.634617664395 41.749811936494)
2308b12740e489db19cec4d355e6abb645709b691da580a15fa9bc5c0bccab6637b39c5d013eea5c4e8b14f6a0e1b0b57b4047d4cc3ec267e399ce7758c49ae1,JG196461,,03/23/2023 05:15:00 PM,30,TRAFFIC SIGNAL,FUNCTIONING PROPERLY,CLEAR,DAYLIGHT,REAR END,DIVIDED - W/MEDIAN BARRIER,,STRAIGHT AND LEVEL,UNKNOWN,UNKNOWN,ON SCENE,NO INJURY / DRIVE AWAY,Y,,Y,"OVER $1,500",03/23/2023 05:40:00 PM,FOLLOWING TOO CLOSELY,UNABLE TO DETERMINE,1075,W,ROOSEVELT RD,1232.0,,,,,,,2,NO INDICATION OF INJURY,0.0,0.0,0.0,0.0,0.0,2.0,0.0,17,5,3,41.8669312488,-87.6539586096,POINT (-87.653958609634 41.866931248828)
b9d7c5643fd5faccd6bca906e2ed7b22421230e5dff68aee474d6b871c0e5d2613b1736b08440668349456502d723595b5aaee23a70fd91b18913078ba90a8e2,JE153115,,02/26/2021 03:30:00 PM,35,NO CONTROLS,NO CONTROLS,CLEAR,DAYLIGHT,PARKED MOTOR VEHICLE,DIVIDED - W/MEDIAN (NOT RAISED),,STRAIGHT AND LEVEL,DRY,NO DEFECTS,ON SCENE,NO INJURY / DRIVE AWAY,,,,"OVER $1,500",02/26/2021 03:34:00 PM,IMPROPER LANE USAGE,IMPROPER OVERTAKING/PASSING,872,E,HYDE PARK BLVD,223.0,,,,,,,2,NO INDICATION OF INJURY,0.0,0.0,0.0,0.0,0.0,1.0,0.0,15,6,2,41.8023957646,-87.6038083281,POINT (-87.603808328071 41.802395764631)
ef1e0ff40e8d69af03c1d286f8da10307ebd27bb54168bf7502053f3c1cdd607041006563449c8f805fe6c731ad8da4b6ae0e236bf938a42d3fe65ba56df9f84,JF511479,,12/15/2022 07:50:00 AM,30,STOP SIGN/FLASHER,FUNCTIONING PROPERLY,CLEAR,DAYLIGHT,TURNING,NOT DIVIDED,,STRAIGHT AND LEVEL,WET,UNKNOWN,NOT ON SCENE (DESK REPORT),INJURY AND / OR TOW DUE TO CRASH,Y,,,"OVER $1,500",12/15/2022 11:30:00 AM,FAILING TO YIELD RIGHT-OF-WAY,UNABLE TO DETERMINE,3200,N,WASHTENAW AVE,1733.0,,,,,,,2,"REPORTED, NOT EVIDENT",1.0,0.0,0.0,0.0,1.0,1.0,0.0,7,5,12,41.939474544,-87.6954002843,POINT (-87.695400284273 41.939474544032)
b96d6f5d95e910a37235e39863450e3ae8056351547abaabc4f6c60f1ee8a0ec91b4d4acb8eb189911ec2cb1430434d7894c5c48c0eb9b4c53745e8ec89de1cc,JG240746,,04/28/2023 12:30:00 PM,30,TRAFFIC SIGNAL,FUNCTIONING PROPERLY,CLEAR,DAYLIGHT,SIDESWIPE SAME DIRECTION,ONE-WAY,,STRAIGHT AND LEVEL,DRY,NO DEFECTS,NOT ON SCENE (DESK REPORT),NO INJURY / DRIVE AWAY,,,,"$501 - $1,500",04/28/2023 03:18:00 PM,UNABLE TO DETERMINE,NOT APPLICABLE,127,E,OHIO ST,1834.0,,,,,,,2,NO INDICATION OF INJURY,0.0,0.0,0.0,0.0,0.0,2.0,0.0,12,6,4,41.8924450146,-87.6242380264,POINT (-87.624238026414 41.892445014605)
f3058a5067f83876a79c6f6cfb88433629e341691c7324dd35613bcdbafedfac9503df7de675c75637c2255d7e8f7575d617c3c88ba10d28589e4ed49102ff8b,JC534485,,12/04/2019 01:57:00 PM,30,NO CONTROLS,NO CONTROLS,CLEAR,DAYLIGHT,FIXED OBJECT,DIVIDED - W/MEDIAN BARRIER,,STRAIGHT AND LEVEL,DRY,NO DEFECTS,ON SCENE,NO INJURY / DRIVE AWAY,,,,"OVER $1,500",12/04/2019 03:25:00 PM,NOT APPLICABLE,NOT APPLICABLE,5830,S,HALSTED ST,712.0,,,,,,,1,NO INDICATION OF INJURY,0.0,0.0,0.0,0.0,0.0,1.0,0.0,13,4,12,41.7878513851,-87.6451370033,POINT (-87.645137003253 41.787851385116)
8ca442f2a84108dff979a96b07a93049d130d597ba50e18c246bdd3f614a7ec9a6bcda16a6c47c9ad81d9194be66f2140d03e40e0f5a4c66fa6d44ce7ddc14cb,JF418255,,10/01/2022 06:15:00 PM,25,NO CONTROLS,NO CONTROLS,CLEAR,DUSK,ANGLE,NOT DIVIDED,,STRAIGHT AND LEVEL,DRY,NO DEFECTS,ON SCENE,INJURY AND / OR TOW DUE TO CRASH,Y,,,"OVER $1,500",10/01/2022 06:16:00 PM,FAILING TO YIELD RIGHT-OF-WAY,UNABLE TO DETERMINE,2229,W,ADDISON ST,1921.0,,,,,,,2,NONINCAPACITATING INJURY,2.0,0.0,0.0,2.0,0.0,1.0,0.0,18,7,10,41.9466746756,-87.684556204,POINT (-87.684556203974 41.946674675605)
4452f67aa1f0d441d10c521c7faa07a5e595f420371075b2a9a99d0f12b81a5bd89629dad534928a150c85b6b81ceef26a751a82757340378a081826e0cd896d,JD361200,Y,09/08/2020 11:20:00 PM,30,TRAFFIC SIGNAL,FUNCTIONING PROPERLY,CLEAR,"DARKNESS, LIGHTED ROAD",TURNING,NOT DIVIDED,,STRAIGHT AND LEVEL,DRY,NO DEFECTS,ON SCENE,NO INJURY / DRIVE AWAY,Y,,,"OVER $1,500",09/08/2020 11:30:00 PM,UNABLE TO DETERMINE,NOT APPLICABLE,4300,S,WESTERN AVE,922.0,,,,,,,2,NO INDICATION OF INJURY,0.0,0.0,0.0,0.0,0.0,3.0,0.0,23,3,9,41.8156032045,-87.6847727236,POINT (-87.684772723609 41.815603204509)
d53573545f19554a7711264d30b833066fb7057b3edfe414029b7419a57ebdb8b06a4a7b893f2f1621dd0119d48919636fc3a11829fd40e1d7ef895fb473eb52,JC482976,Y,10/23/2019 02:20:00 AM,30,TRAFFIC SIGNAL,FUNCTIONING PROPERLY,CLEAR,DARKNESS,OTHER OBJECT,T-INTERSECTION,,STRAIGHT AND LEVEL,DRY,NO DEFECTS,ON SCENE,INJURY AND / OR TOW DUE TO CRASH,,,Y,"OVER $1,500",10/23/2019 02:22:00 AM,UNABLE TO DETERMINE,DRIVING SKILLS/KNOWLEDGE/EXPERIENCE,4720,W,WILSON AVE,1722.0,,,,,,,1,NO INDICATION OF INJURY,0.0,0.0,0.0,0.0,0.0,1.0,0.0,2,4,10,41.9645052262,-87.7460881349,POINT (-87.746088134884 41.964505226212)
c9ae20ea6eeb7853faa864e0e2267453c2b1e50913a417a88e867524b966442e754d3b1fea53422112080d93ca544925b07e469865f2d392d65ff0c2db1d2a6d,JB413364,,08/29/2018 08:30:00 AM,20,STOP SIGN/FLASHER,FUNCTIONING PROPERLY,CLEAR,DAYLIGHT,TURNING,NOT DIVIDED,1.0,STRAIGHT AND LEVEL,DRY,NO DEFECTS,NOT ON SCENE (DESK REPORT),NO INJURY / DRIVE AWAY,,,,"$501 - $1,500",08/29/2018 09:00:00 AM,UNABLE TO DETERMINE,FAILING TO YIELD RIGHT-OF-WAY,3500,W,POLK ST,1133.0,,,,,,,2,NO INDICATION OF INJURY,0.0,0.0,0.0,0.0,0.0,4.0,0.0,8,4,8,41.8709845393,-87.713251296,POINT (-87.71325129599 41.870984539321)
abbc89fda1ebc084cd052519618cef6129ac581fb6205945c315d20ac95b2414ebd35b76efae981ed0023fc26151f2c0c43194ed5ee47d83e99bd393573a95b7,JC224299,,04/14/2019 08:45:00 AM,30,STOP SIGN/FLASHER,FUNCTIONING PROPERLY,CLEAR,DAYLIGHT,REAR END,NOT DIVIDED,,STRAIGHT AND LEVEL,DRY,NO DEFECTS,NOT ON SCENE (DESK REPORT),NO INJURY / DRIVE AWAY,Y,,Y,"$501 - $1,500",04/14/2019 01:50:00 PM,FOLLOWING TOO CLOSELY,NOT APPLICABLE,2501,N,AUSTIN AVE,2515.0,,,,,,,2,NO INDICATION OF INJURY,0.0,0.0,0.0,0.0,0.0,2.0,0.0,8,1,4,41.925749123,-87.7756342629,POINT (-87.775634262851 41.925749123001)
d604e8a2d0661130312cef15af03c3d43c43e6b7f5f2da89b196f6e9deba255b7e218c1d15c8676a5b4abb5a2a4b444ca72095f183d0727dea8fcf5e82bb0672,JE173123,,03/19/2021 08:50:00 AM,35,NO CONTROLS,NO CONTROLS,CLEAR,DAYLIGHT,FIXED OBJECT,DIVIDED - W/MEDIAN (NOT RAISED),,STRAIGHT AND LEVEL,DRY,NO DEFECTS,ON SCENE,INJURY AND / OR TOW DUE TO CRASH,,,,"OVER $1,500",03/19/2021 08:55:00 AM,UNABLE TO DETERMINE,UNABLE TO DETERMINE,5611,W,55TH ST,811.0,,,,,,,1,NONINCAPACITATING INJURY,1.0,0.0,0.0,1.0,0.0,0.0,0.0,8,6,3,41.7926186857,-87.7627065048,POINT (-87.762706504832 41.792618685717)
cd010906b219109e09d2f4071a3e01569130e7fa2406bb983ef0811cc34923d75ad91751ed80ca1a0cf0f820fe79c8354e8570c8fa183b9f9e97233a2e199b7b,JG169865,,03/01/2023 07:26:00 AM,30,NO CONTROLS,NO CONTROLS,CLEAR,DAYLIGHT,REAR END,OTHER,,STRAIGHT AND LEVEL,UNKNOWN,NO DEFECTS,ON SCENE,NO INJURY / DRIVE AWAY,,,Y,"OVER $1,500",03/01/2023 07:30:00 AM,FOLLOWING TOO CLOSELY,"OPERATING VEHICLE IN ERRATIC, RECKLESS, CARELESS, NEGLIGENT OR AGGRESSIVE MANNER",8310,S,JEFFERY BLVD,414.0,,,,,,,2,NO INDICATION OF INJURY,0.0,0.0,0.0,0.0,0.0,2.0,0.0,7,4,3,41.7443986117,-87.5760013977,POINT (-87.57600139771 41.744398611658)
99b588f6e32ecf7870fa22595d8a71bb6c58a4ea3eed3885c32c50cb9778a8788ce292af4631d747fc4498cdffb772fd83e92c66418fac6630df3bbdc2e8d1cf,JE176894,,03/23/2021 12:15:00 AM,30,TRAFFIC SIGNAL,FUNCTIONING PROPERLY,CLEAR,"DARKNESS, LIGHTED ROAD",TURNING,CENTER TURN LANE,,STRAIGHT AND LEVEL,DRY,NO DEFECTS,NOT ON SCENE (DESK REPORT),INJURY AND / OR TOW DUE TO CRASH,,,Y,"OVER $1,500",03/23/2021 12:19:00 AM,UNABLE TO DETERMINE,NOT APPLICABLE,8301,S,COTTAGE GROVE AVE,632.0,,,,,,,2,NO INDICATION OF INJURY,0.0,0.0,0.0,0.0,0.0,2.0,0.0,0,3,3,41.7438799131,-87.604883139,POINT (-87.604883138996 41.743879913061)
96b738c179fa743d04fbfcc025585e360427ce0d8dc262e5d993837fd499c894a13b09336ef16a3ed0597ca36706a4520fa55be1af8b4e7d0edeb8ce1f7c0d27,JD418280,,11/02/2020 08:11:00 AM,10,NO CONTROLS,NO CONTROLS,CLEAR,DAYLIGHT,REAR TO FRONT,PARKING LOT,,STRAIGHT AND LEVEL,DRY,NO DEFECTS,NOT ON SCENE (DESK REPORT),NO INJURY / DRIVE AWAY,,,,"OVER $1,500",11/02/2020 09:10:00 AM,NOT APPLICABLE,NOT APPLICABLE,1535,W,GRAND AVE,1215.0,,,,,,,2,NO INDICATION OF INJURY,0.0,0.0,0.0,0.0,0.0,2.0,0.0,8,2,11,41.890867765,-87.6669797593,POINT (-87.666979759294 41.890867764994)