CRASH_RECORD_ID,RD_NO,CRASH_DATE_EST_I,CRASH_DATE,POSTED_SPEED_LIMIT,TRAFFIC_CONTROL_DEVICE,DEVICE_CONDITION,WEATHER_CONDITION,LIGHTING_CONDITION,FIRST_CRASH_TYPE,TRAFFICWAY_TYPE,LANE_CNT,ALIGNMENT,ROADWAY_SURFACE_COND,ROAD_DEFECT,REPORT_TYPE,CRASH_TYPE,INTERSECTION_RELATED_I,NOT_RIGHT_OF_WAY_I,HIT_AND_RUN_I,DAMAGE,DATE_POLICE_NOTIFIED,PRIM_CONTRIBUTORY_CAUSE,SEC_CONTRIBUTORY_CAUSE,STREET_NO,STREET_DIRECTION,STREET_NAME,BEAT_OF_OCCURRENCE,PHOTOS_TAKEN_I,STATEMENTS_TAKEN_I,DOORING_I,WORK_ZONE_I,WORK_ZONE_TYPE,WORKERS_PRESENT_I,NUM_UNITS,MOST_SEVERE_INJURY,INJURIES_TOTAL,INJURIES_FATAL,INJURIES_INCAPACITATING,INJURIES_NON_INCAPACITATING,INJURIES_REPORTED_NOT_EVIDENT,INJURIES_NO_INDICATION,INJURIES_UNKNOWN,CRASH_HOUR,CRASH_DAY_OF_WEEK,CRASH_MONTH,LATITUDE,LONGITUDE,LOCATION
f719dcfa5f1acbe4d15f274686aaf4c5427df1026fed76ae879ba74001ebe209ae66d63d0088eab0499ae9d25d6611ca3e11000a59bcfa4ded979c478b24bc2e,JD307644,,07/23/2020 06:58:00 PM,30,TRAFFIC SIGNAL,FUNCTIONING PROPERLY,CLEAR,DAYLIGHT,REAR TO FRONT,NOT DIVIDED,,STRAIGHT AND LEVEL,DRY,NO DEFECTS,ON SCENE,NO INJURY / DRIVE AWAY,Y,,,$500 OR LESS,07/23/2020 07:10:00 PM,IMPROPER BACKING,UNABLE TO DETERMINE,499,N,OGDEN AVE,1215.0,,,,,,,2,NO INDICATION OF INJURY,0.0,0.0,0.0,0.0,0.0,2.0,0.0,18,5,7,41.8909475986,-87.6589495018,POINT (-87.65894950179 41.890947598575)
007234f8f6748ac2cf165a7436a7be3803a83cd6a2e035f2f8b2a743b804254c801cbd25ea7d48eeced0dd85be958f67da86e4a843474a826780372f8393c370,JE342963,,08/19/2021 05:35:00 PM,30,NO CONTROLS,NO CONTROLS,CLEAR,DAYLIGHT,TURNING,NOT DIVIDED,,STRAIGHT AND LEVEL,DRY,NO DEFECTS,ON SCENE,INJURY AND / OR TOW DUE TO CRASH,,,,"OVER $1,500",08/19/2021 06:08:00 PM,"VISION OBSCURED (SIGNS, TREE LIMBS, BUILDINGS, ETC.)",FAILING TO YIELD RIGHT-OF-WAY,9505,S,COLFAX AVE,431.0,,,,,,,2,NONINCAPACITATING INJURY,1.0,0.0,0.0,1.0,0.0,1.0,0.0,17,5,8,41.7224844729,-87.5605716426,POINT (-87.560571642621 41.722484472862)
46f0c985970af3ffa789bef33432935cee86de83577803261073a9b0a463097dcbe77e38f067b8dcbbe5f63805346939a067fc2bd6b54a62a12c15dc35eb7917,JC280939,,05/27/2019 04:00:00 PM,30,TRAFFIC SIGNAL,FUNCTIONING PROPERLY,CLEAR,DAYLIGHT,ANGLE,FOUR WAY,,STRAIGHT AND LEVEL,WET,NO DEFECTS,,NO INJURY / DRIVE AWAY,Y,,Y,"OVER $1,500",05/27/2019 04:45:00 PM,DISREGARDING YIELD SIGN,FAILING TO YIELD RIGHT-OF-WAY,8900,S,STONY ISLAND AVE,413.0,,,,,,,2,NO INDICATION OF INJURY,0.0,0.0,0.0,0.0,0.0,2.0,0.0,16,2,5,41.7331879659,-87.5857126979,POINT (-87.585712697936 41.733187965898)
c3fc8227669056ce4b3e1f38fad447be377a865a63da8e9cf4061189ffd0deee744d017720954c2358b2d484fd0c12b183a762cc3180ed7eb83a34ac50bcc017,JE177524,,03/23/2021 02:36:00 PM,30,TRAFFIC SIGNAL,FUNCTIONING PROPERLY,RAIN,DAYLIGHT,TURNING,UNKNOWN,,STRAIGHT AND LEVEL,WET,UNKNOWN,NOT ON SCENE (DESK REPORT),NO INJURY / DRIVE AWAY,,,,"OVER $1,500",03/23/2021 04:00:00 PM,IMPROPER OVERTAKING/PASSING,IMPROPER OVERTAKING/PASSING,2020,W,HARRISON ST,1225.0,,,,,,,2,NO INDICATION OF INJURY,0.0,0.0,0.0,0.0,0.0,2.0,0.0,14,3,3,41.8741381903,-87.6772718287,POINT (-87.677271828719 41.874138190275)
dcf655f9694a5773b0f55cb5ca97775e3e2c9d253388c3fcc6c3549d8df0bf1be2ab8d05b14c3802f891c508b4b1d482889674fbb7398c207351445f957759b3,JB234344,,04/23/2018 08:10:00 AM,25,NO CONTROLS,NO CONTROLS,CLEAR,DAYLIGHT,ANGLE,ONE-WAY,1.0,STRAIGHT AND LEVEL,DRY,NO DEFECTS,NOT ON SCENE (DESK REPORT),NO INJURY / DRIVE AWAY,Y,,,"OVER $1,500",04/23/2018 08:45:00 AM,FAILING TO YIELD RIGHT-OF-WAY,FAILING TO REDUCE SPEED TO AVOID CRASH,4128,W,ARGYLE ST,1712.0,,,,,,,2,NO INDICATION OF INJURY,0.0,0.0,0.0,0.0,0.0,2.0,0.0,8,2,4,41.9719551998,-87.731771732,POINT (-87.731771731998 41.971955199775)
587ec442ccec5fba14d83d9095dd55426f4ef9f90a1c77a9e20b7c71d759482564c3c79db25b9eef76e3b6c4497dbcae1bbb444aa4df883ae56a9a9d74eeb9de,JD348286,,08/28/2020 01:30:00 PM,30,TRAFFIC SIGNAL,FUNCTIONING PROPERLY,CLEAR,DAYLIGHT,REAR END,NOT DIVIDED,,STRAIGHT AND LEVEL,DRY,NO DEFECTS,NOT ON SCENE (DESK REPORT),NO INJURY / DRIVE AWAY,Y,,,"$501 - $1,500",08/28/2020 03:00:00 PM,FOLLOWING TOO CLOSELY,NOT APPLICABLE,4400,W,FULLERTON AVE,2524.0,Y,Y,,,,,2,NO INDICATION OF INJURY,0.0,0.0,0.0,0.0,0.0,3.0,0.0,13,6,8,41.9244744034,-87.7366330997,POINT (-87.736633099743 41.924474403387)
7682b59753df86e9c83eb481baec39bd73f0fbc9eabf3e8ddb44bd5f718b0c9cec1215b620395b595deea6922f933360763801be7f12ed9200d2484a11151c02,JB481693,,10/18/2018 06:30:00 PM,30,NO CONTROLS,NO CONTROLS,CLEAR,DUSK,PEDALCYCLIST,NOT DIVIDED,,STRAIGHT AND LEVEL,DRY,NO DEFECTS,NOT ON SCENE (DESK REPORT),NO INJURY / DRIVE AWAY,,,,$500 OR LESS,10/19/2018 01:40:00 PM,UNABLE TO DETERMINE,NOT APPLICABLE,3600,W,DIVISION ST,2535.0,,,,,,,2,NO INDICATION OF INJURY,0.0,0.0,0.0,0.0,0.0,2.0,0.0,18,5,10,41.9028634001,-87.7166254441,POINT (-87.716625444146 41.902863400118)
cff65376f19073ed72304cee8ab667cbbc8352507251aca607d7da977dacb9c16b7d098defc0f72e44fa770765d13ade7231122e3199fa8e7c0aa368ba40f0fa,JE465701,,12/04/2021 09:15:00 AM,30,NO CONTROLS,NO CONTROLS,CLEAR,DAYLIGHT,PARKED MOTOR VEHICLE,ONE-WAY,,STRAIGHT AND LEVEL,DRY,NO DEFECTS,ON SCENE,NO INJURY / DRIVE AWAY,,,,$500 OR LESS,12/04/2021 09:15:00 AM,IMPROPER OVERTAKING/PASSING,NOT APPLICABLE,7853,S,COLFAX AVE,421.0,,,,,,,2,NO INDICATION OF INJURY,0.0,0.0,0.0,0.0,0.0,2.0,0.0,9,7,12,41.7520560507,-87.5612444515,POINT (-87.561244451457 41.752056050744)
6f944a084ebbd263362799cbe209476daa59a351cd4db1e1840577005518ea0317025ffc470ca3a15964d83959ce2690ec2ba0dd6aa9518ab043901d688c4582,HZ394183,,08/15/2016 01:54:00 PM,30,NO CONTROLS,NO CONTROLS,CLEAR,DAYLIGHT,SIDESWIPE SAME DIRECTION,NOT DIVIDED,2.0,STRAIGHT AND LEVEL,DRY,NO DEFECTS,NOT ON SCENE (DESK REPORT),NO INJURY / DRIVE AWAY,,,,"OVER $1,500",08/16/2016 10:50:00 AM,FAILING TO YIELD RIGHT-OF-WAY,NOT APPLICABLE,4939,W,MONTROSE AVE,1624.0,,,,,,,2,NO INDICATION OF INJURY,0.0,0.0,0.0,0.0,0.0,2.0,0.0,13,2,8,41.9605654749,-87.7515174206,POINT (-87.751517420574 41.96056547493)
e98059cd987d2444ee341c87e17bd1b7c67e9b78c13a75ddf0192cab5513a1649d51d4e025ff704bbbcb3ccfc3e9022a6eaf7a6629757370283fdac872335df7,JC417166,,09/02/2019 01:08:00 PM,30,NO CONTROLS,NO CONTROLS,CLEAR,DAYLIGHT,PARKED MOTOR VEHICLE,NOT DIVIDED,,STRAIGHT AND LEVEL,DRY,NO DEFECTS,ON SCENE,NO INJURY / DRIVE AWAY,,,,$500 OR LESS,09/02/2019 01:08:00 PM,NOT APPLICABLE,NOT APPLICABLE,2150,N,MOZART ST,1414.0,,,,,,,2,NO INDICATION OF INJURY,0.0,0.0,0.0,0.0,0.0,1.0,0.0,13,2,9,41.9210926553,-87.6988507665,POINT (-87.698850766455 41.921092655267)
f82592521dedd4d836f44bea0783fa82d97c21900fba88a2e45a6baebf925309df85d36054884c818520c6ef29476061816a810d35140d6e87c76b0da6fd9ed6,JF396327,,09/14/2022 08:40:00 AM,30,NO CONTROLS,NO CONTROLS,CLEAR,DAYLIGHT,SIDESWIPE SAME DIRECTION,ONE-WAY,,STRAIGHT AND LEVEL,UNKNOWN,UNKNOWN,NOT ON SCENE (DESK REPORT),NO INJURY / DRIVE AWAY,,,,"$501 - $1,500",09/14/2022 08:15:00 PM,IMPROPER OVERTAKING/PASSING,UNABLE TO DETERMINE,533,W,BARRY AVE,1934.0,,,,,,,2,NO INDICATION OF INJURY,0.0,0.0,0.0,0.0,0.0,2.0,0.0,8,4,9,41.9375650735,-87.6432113987,POINT (-87.643211398658 41.937565073457)
80a9421e9a88f6eba1fe69ae33187ce8f414f3a053e2320e51284200a95df9454afdcb0c2fc4563d1b6e55fbad7e161661426d7ae7b43f99ea6cde1600177c2f,JA423548,,09/08/2017 01:50:00 PM,30,STOP SIGN/FLASHER,FUNCTIONING PROPERLY,CLEAR,DAYLIGHT,ANGLE,DIVIDED - W/MEDIAN (NOT RAISED),0.0,STRAIGHT AND LEVEL,DRY,NO DEFECTS,ON SCENE,INJURY AND / OR TOW DUE TO CRASH,Y,,,"OVER $1,500",09/08/2017 01:52:00 PM,FAILING TO YIELD RIGHT-OF-WAY,NOT APPLICABLE,5639,W,CORCORAN PL,1512.0,,,,,,,2,INCAPACITATING INJURY,1.0,0.0,1.0,0.0,0.0,1.0,0.0,13,6,9,41.8870895613,-87.7666770317,POINT (-87.766677031659 41.887089561321)
a71a236f51a7b53fd6f6f3e8dbf8107d7b7eb7cde0a70152512805f934299c772097b2d5bce6c381c0559574ed9b6d27272c49696c8788b818f17eb87126ed5e,HZ443679,,09/21/2016 03:15:00 PM,25,TRAFFIC SIGNAL,FUNCTIONING PROPERLY,RAIN,DAYLIGHT,TURNING,DIVIDED - W/MEDIAN (NOT RAISED),4.0,STRAIGHT AND LEVEL,DRY,NO DEFECTS,NOT ON SCENE (DESK REPORT),NO INJURY / DRIVE AWAY,,,Y,"$501 - $1,500",09/21/2016 03:26:00 PM,UNABLE TO DETERMINE,UNABLE TO DETERMINE,5100,S,SAWYER AVE,822.0,,,,,,,3,NO INDICATION OF INJURY,0.0,0.0,0.0,0.0,0.0,3.0,0.0,15,4,9,41.8007116393,-87.7051334216,POINT (-87.705133421567 41.800711639272)
10f604974b67ae6195afb391fbb02952380c15a7c32cbcfbc49cde2ec485c09ce6355fa1c2f0775cedca8279d0a0aeff83ef97eba645cc1a4b3ac1400afcbe81,JD127425,,01/24/2020 10:28:00 AM,30,NO CONTROLS,NO CONTROLS,RAIN,DAYLIGHT,PARKED MOTOR VEHICLE,PARKING LOT,,STRAIGHT AND LEVEL,WET,NO DEFECTS,NOT ON SCENE (DESK REPORT),NO INJURY / DRIVE AWAY,,,,"$501 - $1,500",01/24/2020 05:45:00 PM,DRIVING SKILLS/KNOWLEDGE/EXPERIENCE,UNABLE TO DETERMINE,1401,E,87TH ST,412.0,,,,,,,2,NO INDICATION OF INJURY,0.0,0.0,0.0,0.0,0.0,1.0,0.0,10,6,1,41.7367384639,-87.5905483431,POINT (-87.590548343123 41.736738463913)
e11cade695964bcb161265f6371fb0330084da9a37a37fe6a18051a6d56f126424b27035265143d923c770ddb1fe3f5401a589673cd57bfff6504381b537082d,JD303398,,07/20/2020 01:48:00 AM,15,STOP SIGN/FLASHER,NO CONTROLS,CLEAR,"DARKNESS, LIGHTED ROAD",PARKED MOTOR VEHICLE,ONE-WAY,,STRAIGHT AND LEVEL,DRY,NO DEFECTS,ON SCENE,INJURY AND / OR TOW DUE TO CRASH,,,Y,"OVER $1,500",07/20/2020 01:56:00 AM,UNABLE TO DETERMINE,NOT APPLICABLE,6103,S,GREEN ST,712.0,,,,,,,3,NO INDICATION OF INJURY,0.0,0.0,0.0,0.0,0.0,1.0,0.0,1,2,7,41.7832433523,-87.6459540314,POINT (-87.645954031413 41.783243352267)
909f993ff52af1e0852a294edcb47e2d04c2a1957bccbec7c595fca47f5b6f70124633982707fed847999a24f55539f7ea4637a4576c9afd0e95ff5a73a3e6e5,JB200094,,03/26/2018 09:15:00 AM,30,TRAFFIC SIGNAL,FUNCTIONING PROPERLY,CLEAR,DAYLIGHT,TURNING,ONE-WAY,,STRAIGHT AND LEVEL,DRY,NO DEFECTS,NOT ON SCENE (DESK REPORT),NO INJURY / DRIVE AWAY,,,,"OVER $1,500",03/26/2018 10:30:00 AM,UNABLE TO DETERMINE,UNABLE TO DETERMINE,601,W,JACKSON BLVD,121.0,,,,,,,2,NO INDICATION OF INJURY,0.0,0.0,0.0,0.0,0.0,2.0,0.0,9,2,3,41.877888529,-87.6426091753,POINT (-87.642609175333 41.877888528978)
b47b7e1dc50f8c9b551e0d4f280fef8c6a237a136acf913698045b53244a2dcb94d8fcf2542967fdd664f5d4874d7df5a3fef3cb0ffaefcbdcfc17c775d0462f,JE132451,,02/04/2021 02:20:00 PM,30,NO CONTROLS,NO CONTROLS,SNOW,DAYLIGHT,PARKED MOTOR VEHICLE,ONE-WAY,,STRAIGHT AND LEVEL,SNOW OR SLUSH,NO DEFECTS,ON SCENE,INJURY AND / OR TOW DUE TO CRASH,,,,"OVER $1,500",02/04/2021 02:27:00 PM,UNDER THE INFLUENCE OF ALCOHOL/DRUGS (USE WHEN ARREST IS EFFECTED),UNDER THE INFLUENCE OF ALCOHOL/DRUGS (USE WHEN ARREST IS EFFECTED),3632,S,INDIANA AVE,212.0,,,,,,,3,NO INDICATION OF INJURY,0.0,0.0,0.0,0.0,0.0,2.0,0.0,14,5,2,41.828650484,-87.6218574724,POINT (-87.621857472402 41.828650483991)
e5c65245575841a219ba847296c7b88e556a2d7b171d04c89b1d228af54ea9dfb78d1dc047ac4f2b0ff7feb409184d99b1a9c3fd8b34c04a8c10aba9415be14c,JC438833,,09/18/2019 05:15:00 PM,30,NO CONTROLS,NO CONTROLS,CLEAR,DAYLIGHT,REAR TO FRONT,ONE-WAY,,STRAIGHT AND LEVEL,DRY,NO DEFECTS,ON SCENE,NO INJURY / DRIVE AWAY,,,Y,$500 OR LESS,09/18/2019 05:20:00 PM,IMPROPER BACKING,PHYSICAL CONDITION OF DRIVER,5858,W,CORTLAND ST,2531.0,N,,,,,,2,NO INDICATION OF INJURY,0.0,0.0,0.0,0.0,0.0,3.0,0.0,17,4,9,41.9143871774,-87.7726275788,POINT (-87.772627578828 41.914387177379)
ae886a2e67f93f756522816352ca055b0744f8971fa822be5a7a565630b6afc15d11fff52b6b570ed9a7151f6b7a3d8dd5673ac7d24348ad4192c2817f7a8678,JE432709,,11/03/2021 01:00:00 PM,30,TRAFFIC SIGNAL,FUNCTIONING PROPERLY,CLEAR,DAYLIGHT,OTHER NONCOLLISION,DIVIDED - W/MEDIAN (NOT RAISED),,STRAIGHT AND LEVEL,OTHER,"RUT, HOLES",NOT ON SCENE (DESK REPORT),NO INJURY / DRIVE AWAY,,,,$500 OR LESS,11/03/2021 03:40:00 PM,ROAD CONSTRUCTION/MAINTENANCE,ROAD ENGINEERING/SURFACE/MARKING DEFECTS,4106,W,IRVING PARK RD,1722.0,,,,,,,1,NO INDICATION OF INJURY,0.0,0.0,0.0,0.0,0.0,1.0,0.0,13,4,11,41.953738388,-87.7295207944,POINT (-87.729520794416 41.953738388039)
52609f15200e90e86dbc2610c541b4fdaa9a9ab7bd389e73918bba0f715518ec890a8f10ba159ea3428b3925fa93b187d7b97c36b7e0c40237e1086314639ce1,JF134780,,02/05/2022 01:55:00 PM,30,TRAFFIC SIGNAL,FUNCTIONING PROPERLY,CLEAR,DAYLIGHT,REAR END,FOUR WAY,,STRAIGHT AND LEVEL,UNKNOWN,NO DEFECTS,NOT ON SCENE (DESK REPORT),NO INJURY / DRIVE AWAY,Y,,,"$501 - $1,500",02/05/2022 03:45:00 PM,FAILING TO REDUCE SPEED TO AVOID CRASH,UNABLE TO DETERMINE,1400,W,78TH ST,612.0,,,,,,,2,NO INDICATION OF INJURY,0.0,0.0,0.0,0.0,0.0,3.0,0.0,13,7,2,41.7523561909,-87.6587189084,POINT (-87.658718908401 41.752356190861)
4ffd1b72f15e5d0cf8fe553daebed811c41d53f58aaacdf6c34d45c6086f838269556d8e8777ee242ff48cfb858b078df72abd7798869b01244f063c04665fd1,JG409037,Y,09/03/2023 05:26:00 AM,30,NO CONTROLS,NO CONTROLS,CLEAR,UNKNOWN,FIXED OBJECT,NOT DIVIDED,,STRAIGHT AND LEVEL,DRY,UNKNOWN,ON SCENE,INJURY AND / OR TOW DUE TO CRASH,,,,"OVER $1,500",09/03/2023 05:26:00 AM,UNABLE TO DETERMINE,UNABLE TO DETERMINE,3300,S,CALIFORNIA AVE,911.0,,,,,,,1,NO INDICATION OF INJURY,0.0,0.0,0.0,0.0,0.0,1.0,0.0,5,1,9,41.8336678549,-87.6950723481,POINT (-87.69507234811 41.833667854852)
7e2f0afdc5a588870033c6409284cf3edc3cc0160794cdc287781886f7d846eafc99248ba2a885a8e0037874cdaac8231efd2aaec9b5d1a04c2879cd0797fb67,JE488389,,12/25/2021 07:28:00 AM,30,STOP SIGN/FLASHER,FUNCTIONING PROPERLY,RAIN,DAYLIGHT,ANGLE,NOT REPORTED,,STRAIGHT AND LEVEL,WET,UNKNOWN,ON SCENE,INJURY AND / OR TOW DUE TO CRASH,Y,,,"OVER $1,500",12/25/2021 07:28:00 AM,DRIVING SKILLS/KNOWLEDGE/EXPERIENCE,NOT APPLICABLE,7559,S,EBERHART AVE,624.0,,,,,,,2,NONINCAPACITATING INJURY,1.0,0.0,0.0,1.0,0.0,1.0,0.0,7,7,12,41.7567189607,-87.6124884769,POINT (-87.612488476868 41.75671896065)
3758b2d68a1ec8a78ac8a407a8688bc6050fdac906d8cda83fa486a4ac8b452615a579895352c33b3e5621c1041286951c5099b0e3ad65f0b3eba3a7623fa3d2,JF219824,,04/25/2022 05:28:00 PM,30,TRAFFIC SIGNAL,FUNCTIONING PROPERLY,CLEAR,DAYLIGHT,TURNING,NOT DIVIDED,,STRAIGHT AND LEVEL,DRY,NO DEFECTS,ON SCENE,INJURY AND / OR TOW DUE TO CRASH,Y,,,"OVER $1,500",04/25/2022 05:28:00 PM,FAILING TO YIELD RIGHT-OF-WAY,UNABLE TO DETERMINE,2500,S,KEDZIE AVE,1024.0,,,,,,,2,NO INDICATION OF INJURY,0.0,0.0,0.0,0.0,0.0,2.0,0.0,17,2,4,41.8462414552,-87.7052389236,POINT (-87.705238923566 41.846241455219)
8c2549d744c41001f63bd92a3315f28a08ef860000a06ff9ad746e37a03a544f0dc67aa39bb53517ba082bc7b0412ffc300410bcfbbdb3fcb38aca6aaf8ce865,JC180240,,03/10/2019 05:52:00 AM,35,TRAFFIC SIGNAL,FUNCTIONING PROPERLY,CLEAR,DAYLIGHT,TURNING,DIVIDED - W/MEDIAN (NOT RAISED),,STRAIGHT AND LEVEL,WET,NO DEFECTS,NOT ON SCENE (DESK REPORT),NO INJURY / DRIVE AWAY,Y,,Y,$500 OR LESS,03/10/2019 12:45:00 PM,UNABLE TO DETERMINE,UNABLE TO DETERMINE,8700,S,STATE ST,632.0,,,,,,,2,NO INDICATION OF INJURY,0.0,0.0,0.0,0.0,0.0,2.0,0.0,5,1,3,41.7362094694,-87.6243055191,POINT (-87.624305519124 41.736209469449)
daf729a9c2eb6f971049de48f33372f2499d1185ecb45c5ca6527388ba49c19c36142d5995944b003709609524dd71c00b904a2e8c2804a0bd5b3786b4daa1c6,JC262353,,05/14/2019 08:00:00 AM,30,NO CONTROLS,NO CONTROLS,CLEAR,DAYLIGHT,REAR END,NOT DIVIDED,,STRAIGHT AND LEVEL,DRY,NO DEFECTS,NOT ON SCENE (DESK REPORT),NO INJURY / DRIVE AWAY,,,,"OVER $1,500",05/14/2019 09:04:00 AM,UNABLE TO DETERMINE,UNABLE TO DETERMINE,5900,S,HOMAN AVE,822.0,,,,,,,2,NO INDICATION OF INJURY,0.0,0.0,0.0,0.0,0.0,3.0,0.0,8,3,5,41.7861093152,-87.7083651434,POINT (-87.70836514337 41.786109315171)
82f2883cd04ed91f1b03a0b71067eb76e5c75eec18a9eb051e2b4939fac29698d8a93e5243d9ff65da7eaa22967f65a8a309e8f66a2826c6fae21374f425bba5,HZ516906,,11/15/2016 10:25:00 PM,30,NO CONTROLS,NO CONTROLS,CLEAR,"DARKNESS, LIGHTED ROAD",REAR END,DIVIDED - W/MEDIAN (NOT RAISED),,STRAIGHT AND LEVEL,DRY,NO DEFECTS,NOT ON SCENE (DESK REPORT),NO INJURY / DRIVE AWAY,,,,"$501 - $1,500",11/15/2016 10:45:00 PM,FOLLOWING TOO CLOSELY,UNABLE TO DETERMINE,4710,N,WESTERN AVE,1911.0,,,,,,,2,NO INDICATION OF INJURY,0.0,0.0,0.0,0.0,0.0,2.0,0.0,22,3,11,41.9671275172,-87.6890065678,POINT (-87.689006567824 41.967127517179)
3f0b4ebf2e25724c3f20696ad84cad664e2fc533f7622e0933ced4b40ba472baf350bea93565c25d4a38809e5cb7df342c67e35f6570ad8e601a31bca5596e50,JD361351,N,09/09/2020 07:50:00 AM,30,TRAFFIC SIGNAL,FUNCTIONING PROPERLY,CLOUDY/OVERCAST,DAYLIGHT,PEDALCYCLIST,T-INTERSECTION,,STRAIGHT AND LEVEL,DRY,NO DEFECTS,ON SCENE,INJURY AND / OR TOW DUE TO CRASH,Y,,,$500 OR LESS,09/09/2020 07:52:00 AM,DISREGARDING OTHER TRAFFIC SIGNS,FAILING TO YIELD RIGHT-OF-WAY,2000,W,WARREN BLVD,1223.0,Y,Y,,,,,3,FATAL,1.0,1.0,0.0,0.0,0.0,2.0,0.0,7,4,9,41.8823398593,-87.676787988,POINT (-87.676787987969 41.882339859326)
d20916c9ca022a9f3f07d5019f18f7f98ce8bf89f8dbc76dd0d4e547910845a6fdfd365d2b8e0efd041bc1d1c0da7dbcfe01821689f5d8cd7d9f6e1bd286e87e,JF509276,,12/12/2022 06:00:00 PM,20,NO CONTROLS,NO CONTROLS,CLEAR,DAYLIGHT,PARKED MOTOR VEHICLE,PARKING LOT,,STRAIGHT AND LEVEL,DRY,NO DEFECTS,NOT ON SCENE (DESK REPORT),NO INJURY / DRIVE AWAY,,,Y,"OVER $1,500",12/13/2022 04:30:00 PM,UNABLE TO DETERMINE,NOT APPLICABLE,1800,W,LAWRENCE AVE,2032.0,,,,,,,2,NO INDICATION OF INJURY,0.0,0.0,0.0,0.0,0.0,1.0,0.0,18,2,12,41.9689262366,-87.6745864921,POINT (-87.674586492122 41.96892623665)
45db63604df9a988ef3fcf38a75621bfef2b7876f1edc8d7872701084c564c90602982cff7023f953a677269f26b8dcc4886b13ec6b7f1edc14735f9c3b3cc07,JF103530,,01/04/2022 07:00:00 PM,25,NO CONTROLS,NO CONTROLS,CLEAR,DAYLIGHT,ANGLE,NOT DIVIDED,,STRAIGHT AND LEVEL,DRY,NO DEFECTS,NOT ON SCENE (DESK REPORT),NO INJURY / DRIVE AWAY,,,,"$501 - $1,500",01/04/2022 07:30:00 PM,UNABLE TO DETERMINE,NOT APPLICABLE,8100,S,STONY ISLAND AVE,411.0,,,,,,,2,NO INDICATION OF INJURY,0.0,0.0,0.0,0.0,0.0,3.0,0.0,19,3,1,41.7477492117,-87.5860374164,POINT (-87.586037416392 41.74774921172)
6d9eb5a4db50f67d00c294813e95c5d23a5c7340f04a60049271d30dde04c179df2148b5960c08599b1ae56fc19abd16b8c89af64877a7907922597e4b1a6e59,JA304472,,06/12/2017 11:10:00 PM,35,NO CONTROLS,NO CONTROLS,CLEAR,"DARKNESS, LIGHTED ROAD",SIDESWIPE SAME DIRECTION,DIVIDED - W/MEDIAN BARRIER,8.0,STRAIGHT AND LEVEL,DRY,WORN SURFACE,NOT ON SCENE (DESK REPORT),NO INJURY / DRIVE AWAY,,,Y,"$501 - $1,500",06/13/2017 12:20:00 AM,UNABLE TO DETERMINE,UNABLE TO DETERMINE,1300,S,LAKE SHORE DR E,132.0,,,,,,,2,NO INDICATION OF INJURY,0.0,0.0,0.0,0.0,0.0,2.0,0.0,23,2,6,41.8657387746,-87.6193039219,POINT (-87.619303921929 41.865738774577)
d97593f606c80bd1503edf70017db684e5bd1aaf3bb9cf00b9ac002f7cc9cc58d4dad31fa670918e58eb49552dc415e655ba51467d5bc31e49d0b9dee2d9e694,JB471966,,10/11/2018 06:22:00 PM,30,TRAFFIC SIGNAL,FUNCTIONING PROPERLY,CLEAR,DUSK,SIDESWIPE SAME DIRECTION,DIVIDED - W/MEDIAN BARRIER,4.0,STRAIGHT AND LEVEL,DRY,NO DEFECTS,NOT ON SCENE (DESK REPORT),NO INJURY / DRIVE AWAY,,,,"OVER $1,500",10/11/2018 07:49:00 PM,IMPROPER LANE USAGE,IMPROPER LANE USAGE,880,N,LAKE SHORE DR SB,1833.0,,,,,,,2,NO INDICATION OF INJURY,0.0,0.0,0.0,0.0,0.0,2.0,0.0,18,5,10,41.8988856728,-87.618439346,POINT (-87.618439346002 41.89888567281)
db01f36237fc5ac08867832d0f1d3dde4099c7e391b1331038dfa54aea4c1af4d0aa1149d6ee7fd447d01da424d4f375a78102dfbca0189071b399a5c91deff1,JA497566,,11/03/2017 04:00:00 PM,15,STOP SIGN/FLASHER,FUNCTIONING PROPERLY,CLEAR,DAYLIGHT,ANGLE,NOT DIVIDED,2.0,STRAIGHT AND LEVEL,DRY,NO DEFECTS,NOT ON SCENE (DESK REPORT),NO INJURY / DRIVE AWAY,,,,"OVER $1,500",11/03/2017 04:45:00 PM,IMPROPER OVERTAKING/PASSING,UNABLE TO DETERMINE,100,E,42ND ST,213.0,,,,,,,2,NO INDICATION OF INJURY,0.0,0.0,0.0,0.0,0.0,2.0,0.0,16,6,11,41.818454738,-87.6229965902,POINT (-87.622996590225 41.818454737993)
cf135ff5b033aa16fb488645d9b2e7cf8d40a267e70ec84b9802ba3212b56b3d77fd662e36044d5a46e0eb2373d5b9504e8a27e292f615c2d5a43f14a0ffdd44,JF126087,,01/27/2022 05:30:00 PM,30,TRAFFIC SIGNAL,FUNCTIONING PROPERLY,CLEAR,"DARKNESS, LIGHTED ROAD",TURNING,FOUR WAY,,STRAIGHT AND LEVEL,SNOW OR SLUSH,UNKNOWN,ON SCENE,INJURY AND / OR TOW DUE TO CRASH,Y,,,"OVER $1,500",01/27/2022 05:32:00 PM,FAILING TO YIELD RIGHT-OF-WAY,UNABLE TO DETERMINE,4700,S,STATE ST,224.0,,,,,,,2,NO INDICATION OF INJURY,0.0,0.0,0.0,0.0,0.0,3.0,0.0,17,5,1,41.8091430179,-87.6262291323,POINT (-87.626229132272 41.809143017867)