CRASH_RECORD_ID,RD_NO,CRASH_DATE_EST_I,CRASH_DATE,POSTED_SPEED_LIMIT,TRAFFIC_CONTROL_DEVICE,DEVICE_CONDITION,WEATHER_CONDITION,LIGHTING_CONDITION,FIRST_CRASH_TYPE,TRAFFICWAY_TYPE,LANE_CNT,ALIGNMENT,ROADWAY_SURFACE_COND,ROAD_DEFECT,REPORT_TYPE,CRASH_TYPE,INTERSECTION_RELATED_I,NOT_RIGHT_OF_WAY_I,HIT_AND_RUN_I,DAMAGE,DATE_POLICE_NOTIFIED,PRIM_CONTRIBUTORY_CAUSE,SEC_CONTRIBUTORY_CAUSE,STREET_NO,STREET_DIRECTION,STREET_NAME,BEAT_OF_OCCURRENCE,PHOTOS_TAKEN_I,STATEMENTS_TAKEN_I,DOORING_I,WORK_ZONE_I,WORK_ZONE_TYPE,WORKERS_PRESENT_I,NUM_UNITS,MOST_SEVERE_INJURY,INJURIES_TOTAL,INJURIES_FATAL,INJURIES_INCAPACITATING,INJURIES_NON_INCAPACITATING,INJURIES_REPORTED_NOT_EVIDENT,INJURIES_NO_INDICATION,INJURIES_UNKNOWN,CRASH_HOUR,CRASH_DAY_OF_WEEK,CRASH_MONTH,LATITUDE,LONGITUDE,LOCATION
4dd2b36e40d40c83694f342bf6dc7113a6af4a59e925c4292f19f1e15292380c7f3e84a77f65610b7cb4bb1079916149f173ce5a06e550c3b66236cab9575e59,JF210617,,04/17/2022 11:53:00 AM,30,TRAFFIC SIGNAL,FUNCTIONING PROPERLY,CLEAR,DAYLIGHT,REAR END,FOUR WAY,,STRAIGHT AND LEVEL,DRY,UNKNOWN,,NO INJURY / DRIVE AWAY,Y,,,$500 OR LESS,04/17/2022 12:15:00 PM,UNABLE TO DETERMINE,NOT APPLICABLE,8201,S,COTTAGE GROVE AVE,631.0,,,,,,,2,NO INDICATION OF INJURY,0.0,0.0,0.0,0.0,0.0,4.0,0.0,11,1,4,41.7457090339,-87.6049351337,POINT (-87.604935133712 41.745709033939)
432ac018de0339dbcebbc2a0fc6aaf914f3ddcd49744ffec47206037509daa7ba977887b84af252b4c165e8a25d41deba34547befc56c7101c138a7aba71a317,JB566846,,12/25/2018 11:00:00 AM,20,NO CONTROLS,NO CONTROLS,CLEAR,DAYLIGHT,PARKED MOTOR VEHICLE,PARKING LOT,1.0,STRAIGHT AND LEVEL,DRY,NO DEFECTS,NOT ON SCENE (DESK REPORT),NO INJURY / DRIVE AWAY,,,,$500 OR LESS,12/25/2018 11:25:00 AM,UNABLE TO DETERMINE,NOT APPLICABLE,6150,N,BROADWAY,2433.0,,,,,,,2,NO INDICATION OF INJURY,0.0,0.0,0.0,0.0,0.0,1.0,0.0,11,3,12,41.9937340373,-87.6605292879,POINT (-87.660529287875 41.993734037258)
86e36af39413615be7d1f10d6fa934a15a28ea531e3eba813b8c2ac1302940a8a71c60990df010bf8aed7f67b3e727afe9316b326e71b0b8b6c60d50b1161d32,JB565285,,12/23/2018 06:30:00 AM,30,TRAFFIC SIGNAL,FUNCTIONING PROPERLY,CLEAR,DAYLIGHT,REAR END,DIVIDED - W/MEDIAN (NOT RAISED),4.0,STRAIGHT AND LEVEL,DRY,NO DEFECTS,NOT ON SCENE (DESK REPORT),NO INJURY / DRIVE AWAY,,,Y,"OVER $1,500",12/23/2018 05:00:00 PM,FOLLOWING TOO CLOSELY,UNABLE TO DETERMINE,759,N,CICERO AVE,1111.0,Y,,,,,,2,NO INDICATION OF INJURY,0.0,0.0,0.0,0.0,0.0,2.0,0.0,6,1,12,41.8949590936,-87.7456588987,POINT (-87.74565889869 41.894959093611)
08236e6e126d3d43c682dc1086b52f66b3e156a9649922f8cef5938b432357526b3077ca4d94eed4c060e2bff3dd897881ffd726b7f163cc659e1d934a0c1bf2,JC529677,,11/30/2019 03:55:00 PM,30,NO CONTROLS,NO CONTROLS,RAIN,DUSK,TURNING,NOT DIVIDED,,STRAIGHT AND LEVEL,WET,NO DEFECTS,NOT ON SCENE (DESK REPORT),NO INJURY / DRIVE AWAY,,,,"OVER $1,500",11/30/2019 04:10:00 PM,FAILING TO YIELD RIGHT-OF-WAY,UNABLE TO DETERMINE,4550,N,ELSTON AVE,1722.0,,,,,,,2,NO INDICATION OF INJURY,0.0,0.0,0.0,0.0,0.0,2.0,0.0,15,7,11,41.963461601,-87.7335907138,POINT (-87.733590713823 41.963461600986)
598f472d4a1ae421bd4c04e869564def8abf28a6da709c08d61b735687056eee4e99cb5308f951430b982cab7db73a9894e74ee5f71c2c80f3ce16c6c4502e94,JE244296,,05/27/2021 01:45:00 AM,30,NO CONTROLS,NO CONTROLS,CLEAR,"DARKNESS, LIGHTED ROAD",PARKED MOTOR VEHICLE,ONE-WAY,,STRAIGHT AND LEVEL,DRY,NO DEFECTS,,NO INJURY / DRIVE AWAY,,,Y,"$501 - $1,500",05/27/2021 01:47:00 AM,UNABLE TO DETERMINE,UNABLE TO DETERMINE,7504,S,CLYDE AVE,414.0,,,,,,,3,NO INDICATION OF INJURY,0.0,0.0,0.0,0.0,0.0,1.0,0.0,1,5,5,41.7587017966,-87.5738396228,POINT (-87.573839622839 41.758701796587)
26d7f645d48f90c39ccc208acf8b8e33ef5ec89ec75556aef6390784fd71f4445c8fc92097678d0bb33d8d666e0531bc0b039661c0f853ffcbe218c1959316e2,JA419407,,09/05/2017 10:20:00 AM,25,NO CONTROLS,NO CONTROLS,CLEAR,DAYLIGHT,PEDALCYCLIST,NOT DIVIDED,,STRAIGHT AND LEVEL,DRY,NO DEFECTS,ON SCENE,INJURY AND / OR TOW DUE TO CRASH,,,,$500 OR LESS,09/05/2017 10:30:00 AM,"VISION OBSCURED (SIGNS, TREE LIMBS, BUILDINGS, ETC.)",DISTRACTION - FROM OUTSIDE VEHICLE,1345,W,DEVON AVE,2433.0,,,,,,,2,NONINCAPACITATING INJURY,1.0,0.0,0.0,1.0,0.0,1.0,0.0,10,3,9,41.9980340121,-87.6647864376,POINT (-87.664786437563 41.998034012141)
2e19200cee086f7e6f855bacabef5bb9365568489f277f6a131aaa9ba10f199a1297745d9996d5651536cd70314d5390ba4a31f327dfe04c84a4272ed8491e22,JD300576,,07/14/2020 05:15:00 PM,15,NO CONTROLS,NO CONTROLS,CLEAR,DAYLIGHT,PARKED MOTOR VEHICLE,PARKING LOT,,STRAIGHT ON GRADE,DRY,NO DEFECTS,NOT ON SCENE (DESK REPORT),NO INJURY / DRIVE AWAY,,,,"$501 - $1,500",07/17/2020 02:15:00 PM,IMPROPER BACKING,DRIVING SKILLS/KNOWLEDGE/EXPERIENCE,10424,S,KEDZIE AVE,2211.0,,,,,,,2,NO INDICATION OF INJURY,0.0,0.0,0.0,0.0,0.0,2.0,0.0,17,3,7,41.7035779124,-87.7014009387,POINT (-87.701400938744 41.703577912394)
1fbf9278657b2bdc21e5081b6c8846e7e241df46f6910f1ee9dd2b72846aed2e9bbe87b7a3e27be3632d4c8b265be9823f243ccc9f5b2259b8248302c6d3c930,JB118365,,01/16/2018 06:25:00 PM,30,TRAFFIC SIGNAL,FUNCTIONING PROPERLY,SNOW,"DARKNESS, LIGHTED ROAD",SIDESWIPE SAME DIRECTION,NOT DIVIDED,2.0,STRAIGHT AND LEVEL,SNOW OR SLUSH,NO DEFECTS,ON SCENE,NO INJURY / DRIVE AWAY,Y,,,$500 OR LESS,01/16/2018 06:25:00 PM,IMPROPER TURNING/NO SIGNAL,IMPROPER OVERTAKING/PASSING,802,N,CICERO AVE,1531.0,,,,,,,2,NO INDICATION OF INJURY,0.0,0.0,0.0,0.0,0.0,2.0,0.0,18,3,1,41.8951200755,-87.7459576597,POINT (-87.745957659678 41.895120075478)
b122125bde98884c71f1de080170b45bb45f7ff079f2dd471c031360dd20b3b568cf1799b5ca426b1c6d5f539df54ee892f028aba14a128ba57046a20820d16f,JF139141,,02/09/2022 03:00:00 PM,20,TRAFFIC SIGNAL,FUNCTIONING PROPERLY,CLEAR,DAYLIGHT,REAR END,NOT DIVIDED,,STRAIGHT AND LEVEL,DRY,NO DEFECTS,NOT ON SCENE (DESK REPORT),NO INJURY / DRIVE AWAY,,,,"OVER $1,500",02/09/2022 04:10:00 PM,FOLLOWING TOO CLOSELY,UNABLE TO DETERMINE,4859,N,LECLAIRE AVE,1623.0,,,,,,,2,NO INDICATION OF INJURY,0.0,0.0,0.0,0.0,0.0,2.0,0.0,15,4,2,41.9697217255,-87.7549531648,POINT (-87.754953164809 41.969721725505)
c42e5cb423cdbfe1a12821cec39772827f0f5ef84862ad4165118cc4742f61b6e696e8255042cbd3ba23b0dda92568fc9c93e600b6a6b9b4b7998e7fdf475045,JE332514,,08/10/2021 09:45:00 AM,30,TRAFFIC SIGNAL,FUNCTIONING PROPERLY,CLEAR,DAYLIGHT,TURNING,DIVIDED - W/MEDIAN (NOT RAISED),,STRAIGHT AND LEVEL,DRY,NO DEFECTS,ON SCENE,INJURY AND / OR TOW DUE TO CRASH,Y,,,"OVER $1,500",08/10/2021 09:52:00 AM,IMPROPER TURNING/NO SIGNAL,IMPROPER OVERTAKING/PASSING,1632,W,119TH ST,2234.0,,,,,,,3,NO INDICATION OF INJURY,0.0,0.0,0.0,0.0,0.0,3.0,0.0,9,3,8,41.6776275922,-87.6625951043,POINT (-87.662595104289 41.677627592197)
021503970f2e4b4d7583a18d5ecd9bda19f5ccf0fec5a8552ab49f384fc0f82936bf2ca79ccaedc20c60071f4fecdea6c5978755d28e358aa503063a05abfb9a,JC320427,,06/24/2019 07:30:00 PM,20,NO CONTROLS,NO CONTROLS,CLEAR,DAYLIGHT,ANGLE,NOT DIVIDED,,STRAIGHT AND LEVEL,DRY,NO DEFECTS,NOT ON SCENE (DESK REPORT),NO INJURY / DRIVE AWAY,,,,"OVER $1,500",06/24/2019 08:05:00 PM,FAILING TO YIELD RIGHT-OF-WAY,UNABLE TO DETERMINE,3930,W,ARGYLE ST,1712.0,,,,,,,2,NO INDICATION OF INJURY,0.0,0.0,0.0,0.0,0.0,2.0,0.0,19,2,6,41.9720067319,-87.7269821345,POINT (-87.726982134528 41.972006731918)
123fc4b0c51ec6f9434a8275488673c441d4fcf01f51d38c10d2347f7beac719c08b66f47e01667be2cb299111e6e4d9571171ef0cd6b761b206939bfe382a1e,JF393493,,09/11/2022 06:00:00 PM,30,NO CONTROLS,NO CONTROLS,RAIN,DAYLIGHT,PARKED MOTOR VEHICLE,NOT DIVIDED,,STRAIGHT AND LEVEL,WET,NO DEFECTS,NOT ON SCENE (DESK REPORT),NO INJURY / DRIVE AWAY,,,Y,"OVER $1,500",09/12/2022 05:50:00 PM,UNABLE TO DETERMINE,UNABLE TO DETERMINE,13348,S,AVENUE N,433.0,,,,,,,2,NO INDICATION OF INJURY,0.0,0.0,0.0,0.0,0.0,1.0,0.0,18,1,9,41.6522161725,-87.5388153181,POINT (-87.538815318128 41.652216172525)
f04f29de793e1bb277d808762d24d7d50bce5c10c571d124e4d763a4b73cf742f19058cd1486855095337da1b6d5089489572213ff517a0d764eac995780f974,HZ531164,,12/14/2016 08:12:00 AM,30,NO CONTROLS,NO CONTROLS,CLEAR,DAYLIGHT,SIDESWIPE OPPOSITE DIRECTION,NOT DIVIDED,2.0,STRAIGHT AND LEVEL,DRY,NO DEFECTS,NOT ON SCENE (DESK REPORT),NO INJURY / DRIVE AWAY,,,Y,"$501 - $1,500",12/14/2016 10:20:00 AM,FAILING TO YIELD RIGHT-OF-WAY,NOT APPLICABLE,4600,W,LAKE ST,1113.0,,,,,,,2,NO INDICATION OF INJURY,0.0,0.0,0.0,0.0,0.0,2.0,0.0,8,4,12,41.8864048359,-87.740285418,POINT (-87.740285417973 41.886404835909)
1f1874f453ecf6fc5a739c566c4551af96343cf3d33a98544a6b2ad9882597e456803cddf9b420f8334e7f56ebcc40f76b63931a418732740d3037fe3a88f656,JB265961,,05/16/2018 01:40:00 PM,30,TRAFFIC SIGNAL,FUNCTIONING PROPERLY,CLEAR,DAYLIGHT,REAR END,NOT DIVIDED,2.0,STRAIGHT AND LEVEL,DRY,NO DEFECTS,NOT ON SCENE (DESK REPORT),NO INJURY / DRIVE AWAY,,,,"OVER $1,500",05/16/2018 02:15:00 PM,UNABLE TO DETERMINE,UNABLE TO DETERMINE,4436,W,MADISON ST,1113.0,,,,,,,2,NO INDICATION OF INJURY,0.0,0.0,0.0,0.0,0.0,3.0,0.0,13,4,5,41.8807039927,-87.7369699764,POINT (-87.736969976427 41.880703992704)
bd8fddfb676b7d9d1d88548d7c65972d5189540af95bac828a398994ac5be462ce093f57036b4ef400e7be7b048c3f27806d7213b409d703d1b383af03931751,JE389403,,09/27/2021 05:00:00 PM,30,STOP SIGN/FLASHER,FUNCTIONING PROPERLY,CLEAR,DAYLIGHT,FIXED OBJECT,NOT DIVIDED,,STRAIGHT AND LEVEL,DRY,NO DEFECTS,ON SCENE,INJURY AND / OR TOW DUE TO CRASH,Y,,Y,"OVER $1,500",09/27/2021 05:13:00 PM,UNABLE TO DETERMINE,UNABLE TO DETERMINE,4300,S,PRAIRIE AVE,215.0,,,,,,,2,NONINCAPACITATING INJURY,1.0,0.0,0.0,1.0,0.0,1.0,0.0,17,2,9,41.8164934908,-87.6199351355,POINT (-87.619935135497 41.81649349083)
f2225bb1756a51c11958ef8058662bdaf4d28a05af1b09e056295d8cf107fba2103a78b2894efe34b4af6a6b36d46783e243a3e929d1aedc706a092d0bb6822a,JB332115,,07/02/2018 01:50:00 PM,30,TRAFFIC SIGNAL,FUNCTIONING PROPERLY,CLEAR,DAYLIGHT,REAR END,DIVIDED - W/MEDIAN BARRIER,4.0,STRAIGHT AND LEVEL,DRY,NO DEFECTS,NOT ON SCENE (DESK REPORT),NO INJURY / DRIVE AWAY,Y,,,$500 OR LESS,07/02/2018 02:20:00 PM,UNABLE TO DETERMINE,NOT APPLICABLE,1540,E,103RD ST,511.0,,,,,,,2,NO INDICATION OF INJURY,0.0,0.0,0.0,0.0,0.0,2.0,0.0,13,2,7,41.7078783664,-87.5861656694,POINT (-87.586165669389 41.707878366351)
184d840bd14b1d9d28a512ea46152ca0dbad1dd51690219cc4eb333fd6fa7852ccd1cbd686a8ca30c11b9a60873ccb3ab9a7a29cddfb3947b12e960b8e129100,JC177629,,03/08/2019 07:32:00 AM,30,TRAFFIC SIGNAL,FUNCTIONING PROPERLY,SNOW,DAYLIGHT,REAR END,NOT DIVIDED,4.0,STRAIGHT AND LEVEL,WET,NO DEFECTS,ON SCENE,INJURY AND / OR TOW DUE TO CRASH,,,,"OVER $1,500",03/08/2019 07:35:00 AM,FOLLOWING TOO CLOSELY,WEATHER,800,W,NORTH AVE,1813.0,,,,,,,2,NO INDICATION OF INJURY,0.0,0.0,0.0,0.0,0.0,2.0,0.0,7,6,3,41.9110285098,-87.648335806,POINT (-87.64833580602 41.911028509812)
9750f9f6cf4737bd3d129a5b8619e3cab1fd1423f188224f872c31860822c7a605e032dbeaee38496ec4f48d0baf4d1bf2f5dcd60364e639ddda4508bebd68f8,JA424316,,09/09/2017 02:24:00 AM,30,TRAFFIC SIGNAL,FUNCTIONING PROPERLY,CLEAR,"DARKNESS, LIGHTED ROAD",TURNING,NOT DIVIDED,,STRAIGHT AND LEVEL,DRY,NO DEFECTS,ON SCENE,INJURY AND / OR TOW DUE TO CRASH,Y,,,"OVER $1,500",09/09/2017 02:24:00 AM,FAILING TO YIELD RIGHT-OF-WAY,FAILING TO YIELD RIGHT-OF-WAY,3558,N,PULASKI RD,1731.0,,,,,,,2,NO INDICATION OF INJURY,0.0,0.0,0.0,0.0,0.0,3.0,0.0,2,7,9,41.9463326508,-87.7275468789,POINT (-87.727546878888 41.946332650823)
d4461d9e89a9d30aa0df99027285b4be5a36164aa70a0c7397a1721d2d91ad951cbdf9117dc3047daa2e5443c62f31ee6bc0a7c0c35492d5b28c03f1c8a13d44,JF196191,,04/03/2022 07:00:00 PM,30,NO CONTROLS,NO CONTROLS,CLEAR,DARKNESS,REAR END,NOT DIVIDED,,STRAIGHT AND LEVEL,DRY,NO DEFECTS,NOT ON SCENE (DESK REPORT),NO INJURY / DRIVE AWAY,,,,"OVER $1,500",04/03/2022 08:34:00 PM,UNABLE TO DETERMINE,UNABLE TO DETERMINE,3400,W,FULLERTON AVE,1413.0,,,,,,,2,NO INDICATION OF INJURY,0.0,0.0,0.0,0.0,0.0,2.0,0.0,19,1,4,41.9247696036,-87.7121699327,POINT (-87.71216993272 41.924769603564)
05fa82a773580764c7705dc2be30591f59e81afb2d39de5969063bb66d0f2f8a0fb217ddb450be81610251b54ef65f66f31946705a4e0ff485a53d3e481050a9,JF309534,,07/08/2022 05:45:00 AM,15,NO CONTROLS,NO CONTROLS,CLOUDY/OVERCAST,DAYLIGHT,ANGLE,ONE-WAY,,STRAIGHT AND LEVEL,DRY,NO DEFECTS,ON SCENE,INJURY AND / OR TOW DUE TO CRASH,,,Y,"OVER $1,500",07/08/2022 05:45:00 AM,FAILING TO YIELD RIGHT-OF-WAY,UNABLE TO DETERMINE,1614,N,MEADE AVE,2513.0,,,,,,,2,NONINCAPACITATING INJURY,1.0,0.0,0.0,1.0,0.0,1.0,0.0,5,6,7,41.9097126128,-87.7778140543,POINT (-87.777814054333 41.909712612767)
d65416a8aa921589f277127ee9df687c39c6e862aeb2c28393a8aab65ccd08227efe4d22ac898243c3368220e6c37c100823ba7c13cbbadc3f5ff9ce025ca789,JA457742,,10/04/2017 09:45:00 AM,30,TRAFFIC SIGNAL,FUNCTIONING PROPERLY,RAIN,DAYLIGHT,PEDESTRIAN,DIVIDED - W/MEDIAN (NOT RAISED),2.0,STRAIGHT AND LEVEL,WET,NO DEFECTS,ON SCENE,INJURY AND / OR TOW DUE TO CRASH,Y,,,$500 OR LESS,10/04/2017 09:50:00 AM,FAILING TO YIELD RIGHT-OF-WAY,NOT APPLICABLE,6509,S,COTTAGE GROVE AVE,321.0,,,,,,,2,NONINCAPACITATING INJURY,1.0,0.0,0.0,1.0,0.0,1.0,0.0,9,4,10,41.7764632047,-87.605694563,POINT (-87.605694563038 41.776463204695)
4800d5ddff298ebf1e802c2c032910cfde3bf731af0a8f19175b5b6f122d656e19a48fda0e192efbc446c193a3913ed7a8138954a1f3ed91be3a32afc32beb58,JD116388,,01/15/2020 09:07:00 AM,30,TRAFFIC SIGNAL,FUNCTIONING PROPERLY,CLEAR,DAYLIGHT,TURNING,CENTER TURN LANE,,STRAIGHT AND LEVEL,DRY,NO DEFECTS,ON SCENE,INJURY AND / OR TOW DUE TO CRASH,Y,,,"OVER $1,500",01/15/2020 09:07:00 AM,FAILING TO YIELD RIGHT-OF-WAY,IMPROPER TURNING/NO SIGNAL,4000,N,CLARK ST,1912.0,,,,,,,2,NO INDICATION OF INJURY,0.0,0.0,0.0,0.0,0.0,3.0,0.0,9,4,1,41.9544324414,-87.6624462591,POINT (-87.662446259141 41.954432441417)
004043ca045325d6cdcc1a27f51e90b41f83ff2f0f14853cea7cfaeda41eba0ea8efe9d19056bd917360fff94facf2a453a674293ea880b4e79748a1929704ad,JB274123,,05/22/2018 04:30:00 PM,15,NO CONTROLS,NO CONTROLS,CLEAR,DAYLIGHT,ANGLE,PARKING LOT,0.0,STRAIGHT AND LEVEL,DRY,NO DEFECTS,NOT ON SCENE (DESK REPORT),NO INJURY / DRIVE AWAY,,Y,,"$501 - $1,500",05/22/2018 05:39:00 PM,IMPROPER BACKING,FAILING TO REDUCE SPEED TO AVOID CRASH,5600,W,BELMONT AVE,1633.0,,,,,,,2,NO INDICATION OF INJURY,0.0,0.0,0.0,0.0,0.0,2.0,0.0,16,3,5,41.9386837748,-87.7665624938,POINT (-87.766562493845 41.938683774757)
099bdfa371d8f918566baddd40a2727f4c94f426b21109e78e8a15170c7b293bdaaba97af47b4e112d1a7c868c4c5648b376f77f2d92f16d4256d5f19902e063,JA390680,,08/14/2017 01:30:00 PM,20,NO CONTROLS,NO CONTROLS,CLEAR,DAYLIGHT,PARKED MOTOR VEHICLE,PARKING LOT,0.0,STRAIGHT AND LEVEL,DRY,NO DEFECTS,ON SCENE,NO INJURY / DRIVE AWAY,,,,$500 OR LESS,08/14/2017 01:37:00 PM,NOT APPLICABLE,NOT APPLICABLE,5323,S,WESTERN BLVD,932.0,,,,,,,2,NO INDICATION OF INJURY,0.0,0.0,0.0,0.0,0.0,1.0,0.0,13,2,8,41.796819722,-87.6834020065,POINT (-87.683402006536 41.796819721977)
77996ca797f9cb81e528eb7c3c0f240e54911ba2e63077e3466c6e1f889cfdc00d8a5897adde9b68c261877ff9ec5eb7237bcc6ca6c7a24ebd732258ea179172,JF211096,,04/17/2022 10:57:00 PM,20,NO CONTROLS,NO CONTROLS,CLEAR,"DARKNESS, LIGHTED ROAD",PARKED MOTOR VEHICLE,NOT DIVIDED,,STRAIGHT AND LEVEL,DRY,NO DEFECTS,ON SCENE,INJURY AND / OR TOW DUE TO CRASH,,,,"OVER $1,500",04/17/2022 10:57:00 PM,UNDER THE INFLUENCE OF ALCOHOL/DRUGS (USE WHEN ARREST IS EFFECTED),UNDER THE INFLUENCE OF ALCOHOL/DRUGS (USE WHEN ARREST IS EFFECTED),4027,W,LE MOYNE ST,2534.0,,,,,,,3,NO INDICATION OF INJURY,0.0,0.0,0.0,0.0,0.0,1.0,0.0,22,1,4,41.9079489032,-87.7276310815,POINT (-87.727631081503 41.907948903244)
a7141391993d09482d058956e9c9e1f804c9a05ac4219ed3b3a464ca91309127dd85114665b6e50c13328c380a896b7b35ed8f144b09843c519ce5c7bc4cfb2d,JA155731,,02/13/2017 11:00:00 AM,30,NO CONTROLS,NO CONTROLS,CLEAR,DAYLIGHT,PARKED MOTOR VEHICLE,PARKING LOT,,STRAIGHT AND LEVEL,DRY,NO DEFECTS,NOT ON SCENE (DESK REPORT),NO INJURY / DRIVE AWAY,,,Y,$500 OR LESS,02/16/2017 10:56:00 AM,UNABLE TO DETERMINE,NOT APPLICABLE,3328,W,DIVISION ST,1422.0,,,,,,,2,NO INDICATION OF INJURY,0.0,0.0,0.0,0.0,0.0,1.0,0.0,11,2,2,41.9029035553,-87.7104234213,POINT (-87.710423421308 41.902903555315)
c0a5eb9d678de819a1eb4e928177d2fb027ddee0664336a92a499d26cb37c885a8685b8944ba38ba05dcdb0aa5f951c2f252477cc02a32df7c365265051c7fdb,JC364505,,07/25/2019 06:30:00 PM,30,NO CONTROLS,NO CONTROLS,CLEAR,DAYLIGHT,SIDESWIPE SAME DIRECTION,DIVIDED - W/MEDIAN (NOT RAISED),,STRAIGHT AND LEVEL,DRY,NO DEFECTS,ON SCENE,NO INJURY / DRIVE AWAY,,,,"OVER $1,500",07/25/2019 07:09:00 PM,UNABLE TO DETERMINE,NOT APPLICABLE,2346,W,FULLERTON AVE,1432.0,,,,,,,2,NO INDICATION OF INJURY,0.0,0.0,0.0,0.0,0.0,3.0,0.0,18,5,7,41.9250163322,-87.6870332998,POINT (-87.687033299841 41.925016332198)
141e08ee64d3c5e0d78521d61c5f8c67501adea59e21cefaf7c3fb81663185e493c0533d67f06f04df98bd0dc8452f091c7fe95f7eca562db46bb447a67a2f9f,JF123336,,01/25/2022 07:59:00 AM,30,NO CONTROLS,NO CONTROLS,SNOW,DAYLIGHT,SIDESWIPE OPPOSITE DIRECTION,NOT DIVIDED,,STRAIGHT AND LEVEL,SNOW OR SLUSH,UNKNOWN,ON SCENE,INJURY AND / OR TOW DUE TO CRASH,,,,"OVER $1,500",01/25/2022 07:59:00 AM,FOLLOWING TOO CLOSELY,IMPROPER LANE USAGE,8046,S,ANTHONY AVE,411.0,,,,,,,2,NO INDICATION OF INJURY,0.0,0.0,0.0,0.0,0.0,2.0,0.0,7,3,1,41.7485254109,-87.5849463197,POINT (-87.584946319708 41.748525410878)
fdb81af11694b027c9636466305c5372610955d616934fffc38d146c71ef70bf1a3ca731e6cc0aed96f9ab476a028f4b0bee4d784e30995bcba4977e2e571e4c,JB168726,,02/28/2018 02:45:00 PM,25,NO CONTROLS,NO CONTROLS,CLEAR,DAYLIGHT,PARKED MOTOR VEHICLE,NOT DIVIDED,2.0,STRAIGHT AND LEVEL,DRY,NO DEFECTS,ON SCENE,NO INJURY / DRIVE AWAY,,,,"OVER $1,500",02/28/2018 03:00:00 PM,UNABLE TO DETERMINE,IMPROPER LANE USAGE,2960,N,LAKE SHORE DR,1934.0,,,,,,,2,NO INDICATION OF INJURY,0.0,0.0,0.0,0.0,0.0,1.0,0.0,14,4,2,41.9361716486,-87.6369390523,POINT (-87.636939052257 41.936171648588)
bfcede181408cbe20a2ee832b4c0ee90a4b0b516137d74bc242f4d79f95b2d40a47ef214f8b148de3b9af2d2c524762a0a8466b2a8314449821e400188546280,JE442186,,11/08/2021 06:25:00 PM,30,TRAFFIC SIGNAL,NO CONTROLS,CLEAR,"DARKNESS, LIGHTED ROAD",REAR END,NOT DIVIDED,,STRAIGHT AND LEVEL,DRY,NO DEFECTS,NOT ON SCENE (DESK REPORT),NO INJURY / DRIVE AWAY,Y,,,"OVER $1,500",11/11/2021 10:45:00 PM,UNABLE TO DETERMINE,UNABLE TO DETERMINE,100,S,LAKE SHORE DR SB,114.0,,,,,,,2,NO INDICATION OF INJURY,0.0,0.0,0.0,0.0,0.0,3.0,0.0,18,2,11,41.8808560477,-87.6176358918,POINT (-87.617635891755 41.880856047671)
ca1d661bf5b19657c708abce80d3cf1a507c7c3af4423023b317b8e458fe7e75642b790454d674cc26133f9eb0517d8785e7fb87931832908355ee3144e6f501,JE447867,,11/17/2021 08:00:00 AM,30,TRAFFIC SIGNAL,FUNCTIONING PROPERLY,CLEAR,DAYLIGHT,SIDESWIPE SAME DIRECTION,DIVIDED - W/MEDIAN (NOT RAISED),,STRAIGHT AND LEVEL,DRY,NO DEFECTS,NOT ON SCENE (DESK REPORT),NO INJURY / DRIVE AWAY,,,,"OVER $1,500",11/17/2021 08:20:00 AM,IMPROPER OVERTAKING/PASSING,NOT APPLICABLE,7100,S,HALSTED ST,733.0,,,,,,,2,NO INDICATION OF INJURY,0.0,0.0,0.0,0.0,0.0,2.0,0.0,8,4,11,41.7651094319,-87.6445569518,POINT (-87.644556951763 41.765109431911)
769513f803ecea6e88fc3868b61a75b58dd71eb5233ac455ae1681a2e8bdf7153cb45053c70cf0691bf42581783ef977e58ec7b1f311f1c5225ca30658ae1f2b,JA323224,,06/24/2017 05:30:00 PM,30,NO CONTROLS,NO CONTROLS,CLEAR,DAYLIGHT,PARKED MOTOR VEHICLE,OTHER,2.0,STRAIGHT AND LEVEL,DRY,NO DEFECTS,NOT ON SCENE (DESK REPORT),NO INJURY / DRIVE AWAY,,,Y,"OVER $1,500",06/26/2017 12:45:00 PM,IMPROPER BACKING,NOT APPLICABLE,7451,S,YATES BLVD,334.0,,,,,,,2,NO INDICATION OF INJURY,0.0,0.0,0.0,0.0,0.0,1.0,0.0,17,7,6,41.7593055749,-87.5662329917,POINT (-87.566232991715 41.759305574893)