CRASH_RECORD_ID,RD_NO,CRASH_DATE_EST_I,CRASH_DATE,POSTED_SPEED_LIMIT,TRAFFIC_CONTROL_DEVICE,DEVICE_CONDITION,WEATHER_CONDITION,LIGHTING_CONDITION,FIRST_CRASH_TYPE,TRAFFICWAY_TYPE,LANE_CNT,ALIGNMENT,ROADWAY_SURFACE_COND,ROAD_DEFECT,REPORT_TYPE,CRASH_TYPE,INTERSECTION_RELATED_I,NOT_RIGHT_OF_WAY_I,HIT_AND_RUN_I,DAMAGE,DATE_POLICE_NOTIFIED,PRIM_CONTRIBUTORY_CAUSE,SEC_CONTRIBUTORY_CAUSE,STREET_NO,STREET_DIRECTION,STREET_NAME,BEAT_OF_OCCURRENCE,PHOTOS_TAKEN_I,STATEMENTS_TAKEN_I,DOORING_I,WORK_ZONE_I,WORK_ZONE_TYPE,WORKERS_PRESENT_I,NUM_UNITS,MOST_SEVERE_INJURY,INJURIES_TOTAL,INJURIES_FATAL,INJURIES_INCAPACITATING,INJURIES_NON_INCAPACITATING,INJURIES_REPORTED_NOT_EVIDENT,INJURIES_NO_INDICATION,INJURIES_UNKNOWN,CRASH_HOUR,CRASH_DAY_OF_WEEK,CRASH_MONTH,LATITUDE,LONGITUDE,LOCATION
2b862c52e91663549103196eb9876578c7038c4e6a143ed59ae3ac5af72132af14e486cc1b82d0b9fce3241605f6ec0075ba70f221789ac6ba7a58797d3018fe,JC308244,,06/15/2019 09:50:00 PM,30,TRAFFIC SIGNAL,FUNCTIONING PROPERLY,CLEAR,"DARKNESS, LIGHTED ROAD",ANGLE,NOT DIVIDED,,STRAIGHT AND LEVEL,DRY,NO DEFECTS,NOT ON SCENE (DESK REPORT),NO INJURY / DRIVE AWAY,Y,,Y,"OVER $1,500",06/15/2019 11:00:00 PM,UNABLE TO DETERMINE,NOT APPLICABLE,3001,W,41ST PL,921.0,,,,,,,2,NO INDICATION OF INJURY,0.0,0.0,0.0,0.0,0.0,2.0,0.0,21,7,6,41.8180650177,-87.6995672144,POINT (-87.699567214415 41.818065017651)
7c7f06a8889f7fa04ed113744fba62bb07c7100bf964e4455940cb0fc9c27d9380454f842b06e2d8acc918b8af06bffb9e7c1d5f8854035c2e04b4bab8cc0ec3,JC503710,,11/08/2019 07:30:00 PM,30,NO CONTROLS,NO CONTROLS,CLEAR,DAYLIGHT,PARKED MOTOR VEHICLE,ONE-WAY,,STRAIGHT AND LEVEL,DRY,NO DEFECTS,ON SCENE,NO INJURY / DRIVE AWAY,,,Y,"OVER $1,500",11/08/2019 07:32:00 PM,UNABLE TO DETERMINE,UNABLE TO DETERMINE,859,W,77TH ST,621.0,,,,,,,2,NO INDICATION OF INJURY,0.0,0.0,0.0,0.0,0.0,1.0,0.0,19,6,11,41.7541358431,-87.6464981001,POINT (-87.646498100143 41.754135843119)
922b24369eecad798014b55ede24d966eab2c7331441d15aa108e3cf9b3bda7eaaa0b3addc78406c1a352689833d7ec94f5bf08cc864cee072507106cbd65661,JC186736,,03/15/2019 05:55:00 AM,25,NO CONTROLS,UNKNOWN,CLEAR,"DARKNESS, LIGHTED ROAD",PARKED MOTOR VEHICLE,NOT DIVIDED,,STRAIGHT AND LEVEL,DRY,NO DEFECTS,ON SCENE,NO INJURY / DRIVE AWAY,,,Y,"$501 - $1,500",03/15/2019 04:20:00 PM,NOT APPLICABLE,NOT APPLICABLE,3618,W,107TH ST,2211.0,,,,,,,2,NO INDICATION OF INJURY,0.0,0.0,0.0,0.0,0.0,1.0,0.0,5,6,3,41.6988199802,-87.7115778345,POINT (-87.711577834487 41.698819980219)
c1b7f57a6cf9f8c0fb9252d73898351afcc0418f1ec78a1ba08609611261b221710866fedf54a20bc83546a22bb37822354e63d1ae98c7c07586df6a1c339f3c,JA408773,,08/27/2017 05:30:00 AM,30,NO CONTROLS,NO CONTROLS,CLEAR,"DARKNESS, LIGHTED ROAD",FIXED OBJECT,PARKING LOT,,STRAIGHT AND LEVEL,DRY,NO DEFECTS,ON SCENE,NO INJURY / DRIVE AWAY,,Y,Y,"OVER $1,500",08/27/2017 05:33:00 AM,UNABLE TO DETERMINE,UNABLE TO DETERMINE,415,S,PULASKI RD,1132.0,,,,,,,1,NO INDICATION OF INJURY,0.0,0.0,0.0,0.0,0.0,1.0,0.0,5,1,8,41.874750447,-87.7253136968,POINT (-87.725313696827 41.874750447026)
2eac73e9c94ffb1ab4a2df834b94115ea9ce2a3998e1f22d72599958c4999402c8cf45d6ef64e49eec1c7fcbe37925bd2952dedf8ae1ece3ec7a37d7459f4bb4,JC331876,,07/02/2019 04:00:00 PM,30,NO CONTROLS,NO CONTROLS,CLEAR,DAYLIGHT,SIDESWIPE OPPOSITE DIRECTION,DIVIDED - W/MEDIAN (NOT RAISED),,STRAIGHT AND LEVEL,DRY,NO DEFECTS,ON SCENE,INJURY AND / OR TOW DUE TO CRASH,,,,"OVER $1,500",07/02/2019 04:08:00 PM,DISREGARDING ROAD MARKINGS,NOT APPLICABLE,5107,N,CICERO AVE,1712.0,,,,,,,3,NO INDICATION OF INJURY,0.0,0.0,0.0,0.0,0.0,3.0,0.0,16,3,7,41.9738400822,-87.7478074438,POINT (-87.747807443849 41.973840082216)
c56e65f0199ce4bfbfa72f913f71c1e17a1b8c7d4ce90696786c1f12ed304cc6b9806f8bc53acd85b5bff17b3e1673e4ef334f78cc0693582a2df660583e467d,JE205034,,04/20/2021 09:45:00 AM,30,NO CONTROLS,NO CONTROLS,CLOUDY/OVERCAST,DAYLIGHT,PARKED MOTOR VEHICLE,ONE-WAY,,STRAIGHT AND LEVEL,DRY,NO DEFECTS,NOT ON SCENE (DESK REPORT),NO INJURY / DRIVE AWAY,,,,"$501 - $1,500",04/20/2021 05:07:00 PM,DRIVING SKILLS/KNOWLEDGE/EXPERIENCE,UNABLE TO DETERMINE,7844,S,GREEN ST,621.0,,,,,,,2,NO INDICATION OF INJURY,0.0,0.0,0.0,0.0,0.0,1.0,0.0,9,3,4,41.7511085426,-87.6454187267,POINT (-87.645418726733 41.751108542618)
807550196117e66ea168c71941a60b5b0b7c4de7bc8229a7cb533e9306a8fe94a6464777be8ce76923928145fa2ffb6a8ab5304096f266c064e2117e0966f4ce,JE126745,,01/29/2021 02:05:00 PM,20,STOP SIGN/FLASHER,FUNCTIONING PROPERLY,CLEAR,DAYLIGHT,REAR END,ONE-WAY,,STRAIGHT AND LEVEL,DRY,NO DEFECTS,NOT ON SCENE (DESK REPORT),NO INJURY / DRIVE AWAY,Y,,,"OVER $1,500",01/29/2021 03:30:00 PM,FOLLOWING TOO CLOSELY,NOT APPLICABLE,4746,W,BERENICE AVE,1731.0,,,,,,,2,NO INDICATION OF INJURY,0.0,0.0,0.0,0.0,0.0,4.0,0.0,14,6,1,41.9507874477,-87.7465134999,POINT (-87.746513499896 41.95078744767)
73797c8e3c9b7072d0d9618c8437638deb5c7020aa5d0970084a05d89a7ae7744b7024c41ee9ac45491f106d910f5db9862d517d6ae6a4bdfcdf188eabd068b9,JD457964,,12/13/2020 11:00:00 AM,35,NO CONTROLS,NO CONTROLS,CLEAR,DAYLIGHT,ANGLE,NOT DIVIDED,,STRAIGHT AND LEVEL,DRY,NO DEFECTS,NOT ON SCENE (DESK REPORT),NO INJURY / DRIVE AWAY,,,N,"$501 - $1,500",12/13/2020 11:50:00 AM,UNABLE TO DETERMINE,UNABLE TO DETERMINE,2300,W,WILSON AVE,1911.0,,,,,,,2,NO INDICATION OF INJURY,0.0,0.0,0.0,0.0,0.0,2.0,0.0,11,1,12,41.9650154971,-87.6864243095,POINT (-87.686424309491 41.965015497099)
10a5ce851da9d763211512798c265a792f4a4a52eabbd0ec4cf990cbcfa290ab96e3ce19177f15985fc7e26c1905b8a207bb43d749b34a9fa9f70f43a3979dc9,JD125849,,01/23/2020 01:28:00 PM,30,OTHER,NO CONTROLS,BLOWING SNOW,DAYLIGHT,PARKED MOTOR VEHICLE,UNKNOWN,,STRAIGHT AND LEVEL,WET,NO DEFECTS,ON SCENE,NO INJURY / DRIVE AWAY,,,Y,"OVER $1,500",01/23/2020 01:48:00 PM,UNABLE TO DETERMINE,NOT APPLICABLE,520,S,LARAMIE AVE,1522.0,,,,,,,2,NO INDICATION OF INJURY,0.0,0.0,0.0,0.0,0.0,1.0,0.0,13,5,1,41.8732507437,-87.7549592938,POINT (-87.754959293785 41.873250743725)
6ea086db41c907aaf04aa065d644a3772f8a48418de237131a4d145c06fc998f60b0435bdcdd46d757d4651b6d9b45c910f32c590ce7f9a8b668e3fd3676f76c,JA482492,,10/23/2017 12:17:00 PM,30,TRAFFIC SIGNAL,FUNCTIONING PROPERLY,RAIN,"DARKNESS, LIGHTED ROAD",REAR END,DIVIDED - W/MEDIAN (NOT RAISED),4.0,"CURVE, LEVEL",WET,NO DEFECTS,ON SCENE,NO INJURY / DRIVE AWAY,,,,$500 OR LESS,10/23/2017 12:18:00 PM,WEATHER,UNABLE TO DETERMINE,2100,E,MARQUETTE DR,331.0,,,,,,,2,NO INDICATION OF INJURY,0.0,0.0,0.0,0.0,0.0,4.0,0.0,12,2,10,41.7754179895,-87.5738975998,POINT (-87.573897599787 41.775417989463)
a8e25de0ee660ca595ba7a1049abe2d9c0e16d8e621e730765503f574b28d53d8236ae9b2373e39f4351a525f85b1d8d684aa420c833945d94daf214ddc9db0f,JG418968,,09/10/2023 05:10:00 PM,30,TRAFFIC SIGNAL,FUNCTIONING PROPERLY,CLEAR,DAYLIGHT,SIDESWIPE SAME DIRECTION,NOT DIVIDED,,STRAIGHT AND LEVEL,DRY,NO DEFECTS,ON SCENE,NO INJURY / DRIVE AWAY,,,Y,$500 OR LESS,09/10/2023 05:15:00 PM,UNABLE TO DETERMINE,NOT APPLICABLE,1633,W,95TH ST,2213.0,,,,,,,2,NO INDICATION OF INJURY,0.0,0.0,0.0,0.0,0.0,2.0,0.0,17,1,9,41.7210827914,-87.6641859608,POINT (-87.66418596077 41.721082791424)
c07d0319d0327e75f817a74e9c9805b2a3b1faa0c781c7a52e2a31478f671c7e830d34a2f3c566a6ce279f1d4fab38ac0aa1f41da0fad1aa361d3356d24a0429,JD226861,,05/07/2020 08:30:00 PM,30,NO CONTROLS,NO CONTROLS,CLEAR,"DARKNESS, LIGHTED ROAD",PARKED MOTOR VEHICLE,DIVIDED - W/MEDIAN (NOT RAISED),,STRAIGHT AND LEVEL,DRY,NO DEFECTS,ON SCENE,NO INJURY / DRIVE AWAY,,N,,"$501 - $1,500",05/07/2020 08:31:00 PM,IMPROPER TURNING/NO SIGNAL,UNABLE TO DETERMINE,10354,S,HALSTED ST,2232.0,,,,,,,2,NO INDICATION OF INJURY,0.0,0.0,0.0,0.0,0.0,1.0,0.0,20,5,5,41.7052964925,-87.6429309509,POINT (-87.642930950946 41.705296492548)
8b32ab3fa124155f0f77145a1c4914629051bc52f74497d526e73b37409ed94889136b88bea97068e39f6c5a0a17f7291eb6dfa10763258d47b78b003c900634,HY498187,,11/11/2015 04:30:00 PM,30,TRAFFIC SIGNAL,FUNCTIONING PROPERLY,CLEAR,DAYLIGHT,REAR END,NOT DIVIDED,,STRAIGHT AND LEVEL,DRY,NO DEFECTS,NOT ON SCENE (DESK REPORT),NO INJURY / DRIVE AWAY,Y,,,"OVER $1,500",11/11/2015 08:20:00 PM,FOLLOWING TOO CLOSELY,UNABLE TO DETERMINE,1625,W,WRIGHTWOOD AVE,1931.0,,,,,,,2,NO INDICATION OF INJURY,0.0,0.0,0.0,0.0,0.0,2.0,0.0,16,4,11,41.9286512629,-87.6693415883,POINT (-87.669341588298 41.9286512629)
1319f02eadc52d8c9f365c22276c9ebe10f3d1a4727711121b4b409688f06b1d649209371cfd6ba2ac7ec64502930c41cd276f03374aaf0d2a3bca9c8c34e49e,JB349565,,07/14/2018 01:10:00 PM,30,TRAFFIC SIGNAL,FUNCTIONING PROPERLY,CLOUDY/OVERCAST,DAYLIGHT,TURNING,NOT DIVIDED,4.0,STRAIGHT AND LEVEL,DRY,NO DEFECTS,ON SCENE,NO INJURY / DRIVE AWAY,Y,,,"$501 - $1,500",07/14/2018 01:47:00 PM,IMPROPER OVERTAKING/PASSING,FAILING TO YIELD RIGHT-OF-WAY,1200,S,CANAL ST,124.0,,,,,,,2,NO INDICATION OF INJURY,0.0,0.0,0.0,0.0,0.0,2.0,0.0,13,7,7,41.8671751247,-87.6393758126,POINT (-87.639375812581 41.86717512472)
df6bc8232aaccea6cae1241c731285c242af54c48866e074693f357f1d1c49922d099cd22087f813b2906be482512ee787624a88a08a70d5fca7a693328ee495,JE257600,,06/07/2021 08:30:00 PM,35,NO CONTROLS,NO CONTROLS,CLEAR,DAYLIGHT,SIDESWIPE SAME DIRECTION,NOT DIVIDED,,STRAIGHT AND LEVEL,UNKNOWN,UNKNOWN,NOT ON SCENE (DESK REPORT),NO INJURY / DRIVE AWAY,,,,"OVER $1,500",06/07/2021 09:30:00 PM,UNABLE TO DETERMINE,UNABLE TO DETERMINE,3600,W,ADDISON ST,1732.0,,,,,,,2,NO INDICATION OF INJURY,0.0,0.0,0.0,0.0,0.0,2.0,0.0,20,2,6,41.9466121615,-87.7177041362,POINT (-87.71770413624 41.946612161493)
1b5530f4b93afaed7831df2897b00a3da46b1e07253bffc6e681bc104886f7347196ff4b2b0953f8b26021b21a782d7b4c1d336dfe32268297bcbaf932b2a9c4,JA382594,,08/03/2017 12:30:00 PM,30,NO CONTROLS,NO CONTROLS,CLEAR,DAYLIGHT,PARKED MOTOR VEHICLE,PARKING LOT,4.0,STRAIGHT AND LEVEL,DRY,NO DEFECTS,NOT ON SCENE (DESK REPORT),NO INJURY / DRIVE AWAY,,Y,,$500 OR LESS,08/08/2017 01:42:00 PM,IMPROPER TURNING/NO SIGNAL,FAILING TO REDUCE SPEED TO AVOID CRASH,1911,S,INDIANA AVE,132.0,,,,,,,2,NO INDICATION OF INJURY,0.0,0.0,0.0,0.0,0.0,1.0,0.0,12,5,8,41.856298801,-87.6221488804,POINT (-87.622148880368 41.856298801027)
8757cb14b7be1d3f67f6f692a2e563e591ae9d9d9fd1a8fac8b6b882353cd3bc48db6a9662461b782b527bb79eeec429e0c18ef64efaa211e9eacd442900d64f,JC461159,,10/05/2019 02:30:00 PM,30,TRAFFIC SIGNAL,FUNCTIONING PROPERLY,CLEAR,DAYLIGHT,SIDESWIPE SAME DIRECTION,DIVIDED - W/MEDIAN (NOT RAISED),,STRAIGHT AND LEVEL,DRY,UNKNOWN,NOT ON SCENE (DESK REPORT),NO INJURY / DRIVE AWAY,Y,,Y,$500 OR LESS,10/05/2019 03:25:00 PM,IMPROPER OVERTAKING/PASSING,UNABLE TO DETERMINE,3959,N,BROADWAY,1923.0,,,,,,,2,NO INDICATION OF INJURY,0.0,0.0,0.0,0.0,0.0,2.0,0.0,14,7,10,41.95450142,-87.6503374812,POINT (-87.650337481206 41.954501419961)
cacd8d37af0433d6659bee505e6b6444dc4b477b948082b24af959f143e0883ea277f1ea633609187241740b3dc801639143b2d5f1f34adf3484bdd18f00d13b,JA520001,,11/21/2017 08:30:00 AM,30,NO CONTROLS,NO CONTROLS,CLEAR,DAWN,SIDESWIPE SAME DIRECTION,NOT DIVIDED,,STRAIGHT AND LEVEL,DRY,NO DEFECTS,ON SCENE,NO INJURY / DRIVE AWAY,,,,$500 OR LESS,11/21/2017 08:40:00 AM,UNABLE TO DETERMINE,UNABLE TO DETERMINE,2954,W,SCHOOL ST,1733.0,,,,,,,2,NO INDICATION OF INJURY,0.0,0.0,0.0,0.0,0.0,2.0,0.0,8,3,11,41.9411789495,-87.7021248272,POINT (-87.702124827183 41.941178949547)
80102b51949eed4e5869e023b357a3c742d6a3314a2f8b562c0c17d400f8df76f48ee4984123334a79273e4e903da57bef1b8e9f45ab7a4e9d2d88991b894cbe,JB431973,,09/12/2018 06:43:00 AM,35,NO CONTROLS,NO CONTROLS,CLEAR,DAYLIGHT,OVERTURNED,DIVIDED - W/MEDIAN BARRIER,4.0,STRAIGHT AND LEVEL,DRY,NO DEFECTS,ON SCENE,INJURY AND / OR TOW DUE TO CRASH,,,,"OVER $1,500",09/12/2018 06:45:00 AM,PHYSICAL CONDITION OF DRIVER,NOT APPLICABLE,11745,S,HALSTED ST,524.0,,,,,,,1,NONINCAPACITATING INJURY,1.0,0.0,0.0,1.0,0.0,0.0,0.0,6,4,9,41.6805097881,-87.6418513241,POINT (-87.641851324101 41.68050978809)
902c88c48385e8eb483cb7a49bb393902f80775b10449e1b38d856bd02d7fd5bae28a2155d460f572bd640efe10217d91e413ea601b6106db0763700e3676ade,JD323626,,08/06/2020 11:45:00 AM,10,NO CONTROLS,NO CONTROLS,CLEAR,DAYLIGHT,REAR TO REAR,PARKING LOT,,STRAIGHT AND LEVEL,UNKNOWN,UNKNOWN,NOT ON SCENE (DESK REPORT),NO INJURY / DRIVE AWAY,,Y,,"$501 - $1,500",08/07/2020 09:15:00 AM,UNABLE TO DETERMINE,NOT APPLICABLE,6350,N,MC CORMICK RD,1711.0,,,,,,,2,NO INDICATION OF INJURY,0.0,0.0,0.0,0.0,0.0,2.0,0.0,11,5,8,41.9971568626,-87.7118742354,POINT (-87.711874235421 41.997156862638)
f983a0c70327702cfd9f057771644015351878e9dfb7002140c18ca708b32abd97da6b83880947293affe4c6cfe19afa12feecb322cfadd971d46685258db909,JF418856,,10/02/2022 09:54:00 AM,30,NO CONTROLS,NO CONTROLS,CLEAR,DAYLIGHT,PARKED MOTOR VEHICLE,PARKING LOT,,STRAIGHT AND LEVEL,DRY,NO DEFECTS,ON SCENE,NO INJURY / DRIVE AWAY,,,Y,"OVER $1,500",10/02/2022 09:54:00 AM,"OPERATING VEHICLE IN ERRATIC, RECKLESS, CARELESS, NEGLIGENT OR AGGRESSIVE MANNER",FAILING TO REDUCE SPEED TO AVOID CRASH,5107,W,MADISON ST,1533.0,,,,,,,3,NO INDICATION OF INJURY,0.0,0.0,0.0,0.0,0.0,3.0,0.0,9,1,10,41.8802900451,-87.7529779206,POINT (-87.752977920608 41.880290045069)
c1330263f7539f0c64fb9f8510afb50eca0a07350fcf5bd671f2bd49d1e5beafb0156e10dcacb4a0981f7f240da18966223df0f2d459b4e41d82466c5b5aec08,HZ401997,,08/22/2016 12:45:00 AM,35,TRAFFIC SIGNAL,FUNCTIONING PROPERLY,CLEAR,"DARKNESS, LIGHTED ROAD",SIDESWIPE SAME DIRECTION,DIVIDED - W/MEDIAN BARRIER,4.0,STRAIGHT AND LEVEL,DRY,NO DEFECTS,NOT ON SCENE (DESK REPORT),INJURY AND / OR TOW DUE TO CRASH,Y,,,"OVER $1,500",08/22/2016 01:00:00 AM,IMPROPER LANE USAGE,UNABLE TO DETERMINE,300,S,LAKE SHORE DR NB,114.0,,,,,,,2,NO INDICATION OF INJURY,0.0,0.0,0.0,0.0,0.0,3.0,0.0,0,2,8,41.8783101346,-87.6175759034,POINT (-87.617575903416 41.878310134581)
5c80ff9f14d46180220fa8a2d845f88699dfb109c17df11f19c255265b087d4534b00de2c41bfee86865a2fbd94efe1695ff6a4322b5e6eadae4f8b60e99cf52,JA131332,,01/26/2017 09:38:00 PM,30,STOP SIGN/FLASHER,FUNCTIONING PROPERLY,CLEAR,"DARKNESS, LIGHTED ROAD",TURNING,NOT DIVIDED,4.0,STRAIGHT AND LEVEL,DRY,NO DEFECTS,ON SCENE,NO INJURY / DRIVE AWAY,Y,,Y,"$501 - $1,500",01/26/2017 09:39:00 PM,FAILING TO YIELD RIGHT-OF-WAY,UNABLE TO DETERMINE,300,N,LARAMIE AVE,1523.0,,,,,,,2,NO INDICATION OF INJURY,0.0,0.0,0.0,0.0,0.0,6.0,0.0,21,5,1,41.8857142876,-87.7554090777,POINT (-87.755409077735 41.885714287582)
9da69cd40636c0c59cc2e0ba9e493ffdfd8750903cc89d646274e1e98501f63f4dba1719209efb47d498ee86a63f2d9f6d7df0ef46d24358e7f82ea49530a33b,JB411771,,08/28/2018 06:30:00 AM,30,TRAFFIC SIGNAL,FUNCTIONING PROPERLY,CLEAR,DAYLIGHT,SIDESWIPE SAME DIRECTION,DIVIDED - W/MEDIAN BARRIER,4.0,STRAIGHT AND LEVEL,DRY,NO DEFECTS,NOT ON SCENE (DESK REPORT),NO INJURY / DRIVE AWAY,Y,,,"OVER $1,500",08/28/2018 07:05:00 AM,FAILING TO YIELD RIGHT-OF-WAY,FAILING TO YIELD RIGHT-OF-WAY,1,N,MICHIGAN AVE,114.0,,,,,,,2,NO INDICATION OF INJURY,0.0,0.0,0.0,0.0,0.0,2.0,0.0,6,3,8,41.8821685846,-87.6242205667,POINT (-87.624220566705 41.882168584563)
d9c7758e5887ab50615c3b2967ff9d5458c3e37ddf802771e5608c73c2dc56e704cb1e279dc31dfc56f0bd490e16051d02f12c79c766d0dd813c682466f77380,JE207435,,04/23/2021 06:30:00 AM,30,TRAFFIC SIGNAL,FUNCTIONING PROPERLY,CLEAR,DAYLIGHT,REAR END,FOUR WAY,,STRAIGHT AND LEVEL,DRY,NO DEFECTS,ON SCENE,INJURY AND / OR TOW DUE TO CRASH,Y,,Y,"OVER $1,500",04/23/2021 07:11:00 AM,FAILING TO REDUCE SPEED TO AVOID CRASH,FAILING TO REDUCE SPEED TO AVOID CRASH,8701,S,STATE ST,632.0,,,,,,,3,"REPORTED, NOT EVIDENT",1.0,0.0,0.0,0.0,1.0,3.0,0.0,6,6,4,41.7362124202,-87.6240124453,POINT (-87.624012445333 41.736212420227)
2c3d9d510adff0b4bf45c243d74e0a41c0320870f99666abe90a50aff0bc28c7a3511a6ab92e678e1c9f7e8c76121b37956ff3708023e5800966f3803618c400,JG128719,,01/25/2023 09:02:00 AM,15,NO CONTROLS,NO CONTROLS,SNOW,DAYLIGHT,FIXED OBJECT,OTHER,,STRAIGHT AND LEVEL,WET,NO DEFECTS,ON SCENE,NO INJURY / DRIVE AWAY,,N,,"$501 - $1,500",01/25/2023 09:05:00 AM,WEATHER,WEATHER,3011,S,ASHLAND AVE,913.0,,,,,,,1,NO INDICATION OF INJURY,0.0,0.0,0.0,0.0,0.0,1.0,0.0,9,4,1,41.8391048831,-87.6656363794,POINT (-87.665636379393 41.839104883052)
744a88b282833599dcfa5556cf0a07c4741c81b7bbf68e98fd0360b0e7b52c3160c9d7a7f18ee51ae885c58977d86d622d5f8ad77ec924d32656a7316c4d3ffe,JB148833,,02/12/2018 06:15:00 AM,30,NO CONTROLS,NO CONTROLS,CLEAR,"DARKNESS, LIGHTED ROAD",SIDESWIPE SAME DIRECTION,DIVIDED - W/MEDIAN (NOT RAISED),4.0,STRAIGHT AND LEVEL,WET,NO DEFECTS,ON SCENE,NO INJURY / DRIVE AWAY,,,,"OVER $1,500",02/12/2018 06:35:00 AM,IMPROPER OVERTAKING/PASSING,FAILING TO REDUCE SPEED TO AVOID CRASH,201,S,DAMEN AVE,1225.0,,,,,,,2,NO INDICATION OF INJURY,0.0,0.0,0.0,0.0,0.0,2.0,0.0,6,2,2,41.8786840492,-87.6764318062,POINT (-87.676431806157 41.878684049235)
9113e28ee4d7b1c55def28a95e045d57391e1d3d357cddc109b9e51643af2a447ea6b0ff7911e7b867adc2e94d009330d7c881f1b6135902822ac64265352306,JB237929,,04/25/2018 06:40:00 PM,30,NO CONTROLS,NO CONTROLS,CLEAR,DAYLIGHT,REAR END,NOT DIVIDED,2.0,STRAIGHT AND LEVEL,DRY,NO DEFECTS,NOT ON SCENE (DESK REPORT),NO INJURY / DRIVE AWAY,,,N,$500 OR LESS,04/25/2018 07:08:00 PM,FOLLOWING TOO CLOSELY,FAILING TO REDUCE SPEED TO AVOID CRASH,90,E,MONROE ST,112.0,,,,,,,2,NO INDICATION OF INJURY,0.0,0.0,0.0,0.0,0.0,2.0,0.0,18,4,4,41.8809350096,-87.6244314186,POINT (-87.624431418645 41.880935009606)
cfe41feb07c5c921b7cf07412b045c3da434e650636a51ce3d1bc1d38a65e61a168e7667fa511e3faedb2459a789eff8f4e2bc8cd763d644975efb7408513501,JF175336,Y,03/15/2022 11:40:00 AM,30,NO CONTROLS,NO CONTROLS,CLEAR,"DARKNESS, LIGHTED ROAD",PARKED MOTOR VEHICLE,ONE-WAY,,STRAIGHT AND LEVEL,DRY,NO DEFECTS,ON SCENE,NO INJURY / DRIVE AWAY,,,Y,"OVER $1,500",03/16/2022 12:23:00 AM,NOT APPLICABLE,NOT APPLICABLE,1725,S,RUBLE ST,1235.0,,,,,,,2,NO INDICATION OF INJURY,0.0,0.0,0.0,0.0,0.0,1.0,0.0,11,3,3,41.8583972324,-87.6436646758,POINT (-87.643664675796 41.858397232376)
fa52282687da9d44a19d8eb6cb8a82a91090a47294d6dfa8347165d791531a6d38b0e515ab0a6d1653f794025d462d07795347047f71cb71a106f51bdd5a5b6c,JG283767,,06/01/2023 12:02:00 PM,30,STOP SIGN/FLASHER,FUNCTIONING PROPERLY,CLEAR,DAYLIGHT,FIXED OBJECT,DIVIDED - W/MEDIAN BARRIER,,STRAIGHT AND LEVEL,DRY,NO DEFECTS,ON SCENE,NO INJURY / DRIVE AWAY,Y,,,"OVER $1,500",06/01/2023 12:03:00 PM,IMPROPER LANE USAGE,NOT APPLICABLE,201,N,WESTSHORE DR,114.0,,,,,,,1,NO INDICATION OF INJURY,0.0,0.0,0.0,0.0,0.0,1.0,0.0,12,5,6,41.8861736704,-87.6161086631,POINT (-87.6161086631 41.886173670412)
61b99c7a78427ac92f6b38782905b3e3ccbf41b9e285c031a8e6651da049cf3d7b7cd1b24983e26d90f0a283025015e28ea52cd8fdf8bafe35a1ee664f1260f9,JE471221,,12/07/2021 05:30:00 PM,30,UNKNOWN,FUNCTIONING PROPERLY,CLEAR,DUSK,PARKED MOTOR VEHICLE,PARKING LOT,,STRAIGHT AND LEVEL,DRY,NO DEFECTS,NOT ON SCENE (DESK REPORT),NO INJURY / DRIVE AWAY,,,Y,"$501 - $1,500",12/09/2021 10:00:00 AM,UNABLE TO DETERMINE,NOT APPLICABLE,368,E,GARFIELD BLVD,231.0,,,,,,,2,NO INDICATION OF INJURY,0.0,0.0,0.0,0.0,0.0,2.0,0.0,17,3,12,41.794908912,-87.616471792,POINT (-87.61647179201 41.794908912028)
a8f7286def6876389430b94c9839edcde92f2d6e8637f1319dcea423305f8d57a4ceeb5864c01ad1f13d75acc749d87de897fef6735fbca8acabfe38acf49c8a,JE378920,,09/18/2021 09:30:00 PM,25,NO CONTROLS,NO CONTROLS,CLEAR,DARKNESS,PARKED MOTOR VEHICLE,ONE-WAY,,STRAIGHT AND LEVEL,DRY,NO DEFECTS,ON SCENE,NO INJURY / DRIVE AWAY,,,,"OVER $1,500",09/18/2021 09:32:00 PM,EQUIPMENT - VEHICLE CONDITION,UNABLE TO DETERMINE,7110,S,BISHOP ST,734.0,,,,,,,2,NO INDICATION OF INJURY,0.0,0.0,0.0,0.0,0.0,1.0,0.0,21,7,9,41.7645942751,-87.6607187831,POINT (-87.66071878313 41.764594275104)
976ce7560fea649017346e507591b44c0ffab283e8a1cf170a0475b05f1d18c786693eb540965c8cf5ce7359256063b75927d44b53c56ef6c9953d68bf9a49da,JB531714,,11/28/2018 08:55:00 AM,30,NO CONTROLS,NO CONTROLS,CLEAR,DAYLIGHT,PARKED MOTOR VEHICLE,ONE-WAY,1.0,STRAIGHT AND LEVEL,ICE,NO DEFECTS,ON SCENE,NO INJURY / DRIVE AWAY,,,,"$501 - $1,500",11/28/2018 09:50:00 AM,UNABLE TO DETERMINE,WEATHER,6250,S,MOZART ST,823.0,,,,,,,2,NO INDICATION OF INJURY,0.0,0.0,0.0,0.0,0.0,1.0,0.0,8,4,11,41.7794135838,-87.6947676186,POINT (-87.694767618639 41.779413583811)
4f37c6e7b8cd5c429363ce3516bac300229bf8a0ce135b16838c67c7fa90c9e70f1baf7eac245a2c4c8e4feac7b1d68d394782ecff9fbb997766f57cc12c2353,JF339809,,08/01/2022 10:05:00 AM,10,NO CONTROLS,NO CONTROLS,CLEAR,DAYLIGHT,PARKED MOTOR VEHICLE,ONE-WAY,,STRAIGHT AND LEVEL,DRY,NO DEFECTS,ON SCENE,NO INJURY / DRIVE AWAY,,,,"OVER $1,500",08/01/2022 10:15:00 AM,UNABLE TO DETERMINE,UNABLE TO DETERMINE,1,W,TERMINAL ST,1651.0,,,,,,,2,NO INDICATION OF INJURY,0.0,0.0,0.0,0.0,0.0,1.0,0.0,10,2,8,,,