CRASH_RECORD_ID,RD_NO,CRASH_DATE_EST_I,CRASH_DATE,POSTED_SPEED_LIMIT,TRAFFIC_CONTROL_DEVICE,DEVICE_CONDITION,WEATHER_CONDITION,LIGHTING_CONDITION,FIRST_CRASH_TYPE,TRAFFICWAY_TYPE,LANE_CNT,ALIGNMENT,ROADWAY_SURFACE_COND,ROAD_DEFECT,REPORT_TYPE,CRASH_TYPE,INTERSECTION_RELATED_I,NOT_RIGHT_OF_WAY_I,HIT_AND_RUN_I,DAMAGE,DATE_POLICE_NOTIFIED,PRIM_CONTRIBUTORY_CAUSE,SEC_CONTRIBUTORY_CAUSE,STREET_NO,STREET_DIRECTION,STREET_NAME,BEAT_OF_OCCURRENCE,PHOTOS_TAKEN_I,STATEMENTS_TAKEN_I,DOORING_I,WORK_ZONE_I,WORK_ZONE_TYPE,WORKERS_PRESENT_I,NUM_UNITS,MOST_SEVERE_INJURY,INJURIES_TOTAL,INJURIES_FATAL,INJURIES_INCAPACITATING,INJURIES_NON_INCAPACITATING,INJURIES_REPORTED_NOT_EVIDENT,INJURIES_NO_INDICATION,INJURIES_UNKNOWN,CRASH_HOUR,CRASH_DAY_OF_WEEK,CRASH_MONTH,LATITUDE,LONGITUDE,LOCATION
c24db535e7c31a7866f9ce03c0a32dff12e4aa9ac97e3ebd3fac089c690ef6c91f61c8b1b070357dd11acc39c6a59d3614cc11bedcfce5b92408e5a3f78f850c,JF516986,,12/20/2022 08:15:00 AM,30,NO CONTROLS,NO CONTROLS,CLEAR,DAYLIGHT,REAR END,NOT DIVIDED,,STRAIGHT AND LEVEL,DRY,NO DEFECTS,NOT ON SCENE (DESK REPORT),NO INJURY / DRIVE AWAY,,,,$500 OR LESS,12/20/2022 08:30:00 AM,UNABLE TO DETERMINE,UNABLE TO DETERMINE,11101,S,LANGLEY AVE,531.0,,,,,,,2,NO INDICATION OF INJURY,0.0,0.0,0.0,0.0,0.0,3.0,0.0,8,3,12,41.6927251902,-87.6058462225,POINT (-87.605846222461 41.692725190185)
5f35ce5e539dd8cdc35a2d298788c0b66213955ded87480687f546dfbdba94e6d6db12fbb1e0054af1dd0a20031408ff549175fae811d1772b06c3c77037ab70,JC276444,,05/23/2019 12:30:00 PM,25,NO CONTROLS,NO CONTROLS,CLEAR,DAYLIGHT,PARKED MOTOR VEHICLE,ONE-WAY,,STRAIGHT AND LEVEL,DRY,NO DEFECTS,NOT ON SCENE (DESK REPORT),NO INJURY / DRIVE AWAY,,,Y,"OVER $1,500",05/24/2019 10:30:00 AM,UNABLE TO DETERMINE,NOT APPLICABLE,1523,N,TALMAN AVE,1423.0,,,,,,,2,NO INDICATION OF INJURY,0.0,0.0,0.0,0.0,0.0,1.0,0.0,12,5,5,41.9091460061,-87.6931487561,POINT (-87.693148756124 41.909146006067)
0f8191b7bb7e79c50268709b5f6ed324ab941736e44013a7e74523e4bf84828551cec44566a385d8ed21a745b305ac234430b7a196bfea514edb1f5af38506b9,JE185638,,03/31/2021 01:00:00 PM,20,NO CONTROLS,NO CONTROLS,CLEAR,"DARKNESS, LIGHTED ROAD",PARKED MOTOR VEHICLE,ONE-WAY,,STRAIGHT AND LEVEL,DRY,NO DEFECTS,NOT ON SCENE (DESK REPORT),NO INJURY / DRIVE AWAY,,,Y,$500 OR LESS,03/31/2021 06:50:00 PM,NOT APPLICABLE,NOT APPLICABLE,6056,S,PAULINA ST,714.0,,,,,,,2,NO INDICATION OF INJURY,0.0,0.0,0.0,0.0,0.0,1.0,0.0,13,4,3,41.7832222373,-87.6668825095,POINT (-87.666882509516 41.783222237344)
d1680433558dea118acdff4f727d6e061bf0c89438dc76cc0834da027a4a1604b6b42d3e1f9fa6fd1870a40c9f5df83a79b929c0f6c3a5c3d81073418f6c361c,JE176893,N,03/22/2021 11:45:00 PM,30,NO CONTROLS,NO CONTROLS,CLEAR,"DARKNESS, LIGHTED ROAD",FIXED OBJECT,OTHER,,STRAIGHT AND LEVEL,DRY,UNKNOWN,ON SCENE,INJURY AND / OR TOW DUE TO CRASH,,,,"OVER $1,500",03/22/2021 11:46:00 PM,UNABLE TO DETERMINE,UNABLE TO DETERMINE,10300,S,VINCENNES AVE,2212.0,,,,,,,1,NO INDICATION OF INJURY,0.0,0.0,0.0,0.0,0.0,1.0,0.0,23,2,3,41.7067235779,-87.6561945409,POINT (-87.65619454086 41.706723577926)
386383e318dcbfb60edc6b95ca402ede3aedc5885a2a84420728a5a995395d7dd955fb753dad99cce19422876d520ed5201e5dfa5f523a5a26798ec0d62522c2,JC175275,,03/06/2019 08:26:00 AM,35,NO CONTROLS,NO CONTROLS,CLEAR,DAYLIGHT,REAR END,NOT DIVIDED,2.0,STRAIGHT AND LEVEL,DRY,NO DEFECTS,NOT ON SCENE (DESK REPORT),NO INJURY / DRIVE AWAY,Y,,,$500 OR LESS,03/06/2019 08:45:00 AM,IMPROPER BACKING,IMPROPER BACKING,1704,W,CERMAK RD,1234.0,,,,,,,2,NO INDICATION OF INJURY,0.0,0.0,0.0,0.0,0.0,3.0,0.0,8,4,3,41.852391218,-87.6687366042,POINT (-87.668736604171 41.852391217979)
1a67472eda941648bf64260a9f2580d1fe86f1c8d7e8fa2bf7a0ae8ed9c3f2833a4be250ece55d909395e265cff4d107affb61abf8263678d842ca2d729760dd,JD279922,,06/29/2020 11:00:00 AM,15,NO CONTROLS,NO CONTROLS,CLEAR,DAYLIGHT,FIXED OBJECT,PARKING LOT,,STRAIGHT AND LEVEL,DRY,NO DEFECTS,NOT ON SCENE (DESK REPORT),NO INJURY / DRIVE AWAY,,Y,,"OVER $1,500",06/29/2020 11:15:00 AM,NOT APPLICABLE,NOT APPLICABLE,87,W,87TH ST,634.0,,,,,,,1,NO INDICATION OF INJURY,0.0,0.0,0.0,0.0,0.0,1.0,0.0,11,2,6,41.7361451282,-87.626917844,POINT (-87.626917843973 41.736145128237)
4b41155574f9d8af3c2fa149e25e411bd49c3bf33616d0af27c711daea3e72d42cbafabfe630c6065e73d3b7d8cc26d379fb362d4719bbe9fe54ef3d45066e74,JE139068,,02/11/2021 03:25:00 PM,15,NO CONTROLS,NO CONTROLS,SNOW,DUSK,PARKED MOTOR VEHICLE,PARKING LOT,,STRAIGHT AND LEVEL,SNOW OR SLUSH,WORN SURFACE,NOT ON SCENE (DESK REPORT),NO INJURY / DRIVE AWAY,,Y,,"$501 - $1,500",02/11/2021 03:30:00 PM,DISTRACTION - FROM INSIDE VEHICLE,IMPROPER BACKING,3135,W,ADDISON ST,1733.0,,,,,,,2,NO INDICATION OF INJURY,0.0,0.0,0.0,0.0,0.0,1.0,0.0,15,5,2,41.9465290505,-87.7068127131,POINT (-87.706812713126 41.946529050537)
796af20fd7eecfd56444a4bf21278e787533228190eca28eafbc67856a65905126b14ebd1b9647add75568d96b6860beb1c3b6061f00e8eba590ce657d63e4fc,JE172806,,03/18/2021 07:30:00 PM,30,NO CONTROLS,NO CONTROLS,CLEAR,"DARKNESS, LIGHTED ROAD",SIDESWIPE SAME DIRECTION,NOT DIVIDED,,STRAIGHT AND LEVEL,DRY,NO DEFECTS,NOT ON SCENE (DESK REPORT),NO INJURY / DRIVE AWAY,Y,,Y,"OVER $1,500",03/18/2021 07:55:00 PM,UNABLE TO DETERMINE,NOT APPLICABLE,8300,S,JEFFERY BLVD,414.0,,,,,,,2,NO INDICATION OF INJURY,0.0,0.0,0.0,0.0,0.0,2.0,0.0,19,5,3,41.7444938326,-87.5760035609,POINT (-87.5760035609 41.74449383257)
5f85b2b30c19b1b779da2ee92eb1002185c14d134661087ac7a8157ba1dab2f3b2da0db1a6b9e6e749c10ed637090161d63342faa090f9819070bf8e499dc127,JB253291,,05/02/2018 04:30:00 PM,30,UNKNOWN,UNKNOWN,CLEAR,DAYLIGHT,ANGLE,DIVIDED - W/MEDIAN (NOT RAISED),,STRAIGHT AND LEVEL,DRY,NO DEFECTS,NOT ON SCENE (DESK REPORT),NO INJURY / DRIVE AWAY,,,,"$501 - $1,500",05/07/2018 09:00:00 AM,UNABLE TO DETERMINE,NOT APPLICABLE,2700,W,71ST ST,831.0,,,,,,,2,NO INDICATION OF INJURY,0.0,0.0,0.0,0.0,0.0,2.0,0.0,16,4,5,41.7646860505,-87.6906477911,POINT (-87.690647791112 41.76468605052)
4d420b987bfbd77ff059c1b5db34e1b73efba743cab3abc76b8b2ccfedfbb719b0452205eb17ab409ebe796b9e12734f4af7a305438d6f897133dc9074371946,JC551934,,12/18/2019 06:25:00 PM,30,NO CONTROLS,NO CONTROLS,CLEAR,"DARKNESS, LIGHTED ROAD",REAR TO FRONT,DIVIDED - W/MEDIAN BARRIER,,STRAIGHT AND LEVEL,DRY,NO DEFECTS,NOT ON SCENE (DESK REPORT),NO INJURY / DRIVE AWAY,,,Y,"OVER $1,500",12/18/2019 07:05:00 PM,IMPROPER BACKING,NOT APPLICABLE,7902,S,STONY ISLAND AVE,411.0,,,,,,,2,NO INDICATION OF INJURY,0.0,0.0,0.0,0.0,0.0,2.0,0.0,18,4,12,41.7513336335,-87.5859741988,POINT (-87.585974198787 41.751333633499)
c77f9f87c1f3f0d9f939ba0dcc5c9e8632a4c048c0bdb001b929ab3720ed8f37b2970f7f6dd63889bd8bbcbdbfb0082eef381640aeeaded021af197a2450a64d,JC157905,,02/19/2019 09:55:00 AM,40,STOP SIGN/FLASHER,FUNCTIONING PROPERLY,CLEAR,DAYLIGHT,ANGLE,NOT DIVIDED,7.0,STRAIGHT AND LEVEL,DRY,NO DEFECTS,ON SCENE,INJURY AND / OR TOW DUE TO CRASH,Y,,,"OVER $1,500",02/19/2019 09:58:00 AM,FAILING TO YIELD RIGHT-OF-WAY,NOT APPLICABLE,4800,W,WABANSIA AVE,2533.0,,,,,,,2,NO INDICATION OF INJURY,0.0,0.0,0.0,0.0,0.0,2.0,0.0,9,3,2,41.9115634059,-87.7460738066,POINT (-87.746073806589 41.911563405942)
9277cd78a2957753042484324312df17eae36123c79e3c4dd99a4d2011bcac57ef487f27468f751628ca8d12e73aee95a39e350bfb5cfa9a50c12a6210ad503d,JE328016,,08/06/2021 09:08:00 AM,30,NO CONTROLS,NO CONTROLS,CLEAR,DAYLIGHT,OTHER OBJECT,NOT DIVIDED,,STRAIGHT AND LEVEL,DRY,NO DEFECTS,ON SCENE,NO INJURY / DRIVE AWAY,,Y,,"OVER $1,500",08/06/2021 09:11:00 AM,DRIVING SKILLS/KNOWLEDGE/EXPERIENCE,UNABLE TO DETERMINE,2617,N,LARAMIE AVE,2521.0,,,,,,,1,NO INDICATION OF INJURY,0.0,0.0,0.0,0.0,0.0,1.0,0.0,9,6,8,41.9283688934,-87.7561574224,POINT (-87.756157422391 41.928368893423)
05095b9111ff9c37c4681a9ce85fe1044c26f1633d23e0a8899cc27f204e2885b2f36083466ce1bb8663a7dfa5e6606734e3815353d60ae93c0920e024860285,JD406277,,10/21/2020 01:20:00 PM,35,NO CONTROLS,NO CONTROLS,CLEAR,DAYLIGHT,TURNING,DIVIDED - W/MEDIAN (NOT RAISED),,STRAIGHT AND LEVEL,DRY,NO DEFECTS,NOT ON SCENE (DESK REPORT),NO INJURY / DRIVE AWAY,,,,"$501 - $1,500",10/21/2020 01:30:00 PM,UNABLE TO DETERMINE,UNABLE TO DETERMINE,3101,W,ROOSEVELT RD,1022.0,,,,,,,2,NO INDICATION OF INJURY,0.0,0.0,0.0,0.0,0.0,2.0,0.0,13,4,10,41.8663200869,-87.7032601247,POINT (-87.703260124704 41.866320086912)
96304a397a211473c30f7b040be1237934e21290f3b685527b3dd47e4cb094d90183e466f6faabca788e30a51bf20ddbfa18dd5a6147a18ae2084f6facb86ee0,JB141198,Y,02/04/2018 11:00:00 AM,30,LANE USE MARKING,OTHER,SNOW,UNKNOWN,PARKED MOTOR VEHICLE,NOT DIVIDED,2.0,STRAIGHT AND LEVEL,SNOW OR SLUSH,NO DEFECTS,ON SCENE,NO INJURY / DRIVE AWAY,,,Y,"OVER $1,500",02/04/2018 05:49:00 PM,UNABLE TO DETERMINE,NOT APPLICABLE,3945,S,TALMAN AVE,921.0,,,,,,,2,NO INDICATION OF INJURY,0.0,0.0,0.0,0.0,0.0,1.0,0.0,11,1,2,41.821547713,-87.6906804655,POINT (-87.690680465486 41.821547712983)
4839055c3c0b6155f8a4037537f0e2cdbd812a130c8b334836a2ac8c5b160441c7e1777e90f3e4b61c9ab0f7d0c2570e8c98a6ccf9227774745a5ffc209884a1,JC486255,,10/25/2019 05:13:00 PM,30,STOP SIGN/FLASHER,FUNCTIONING PROPERLY,CLEAR,DAYLIGHT,ANGLE,FOUR WAY,,STRAIGHT AND LEVEL,DRY,NO DEFECTS,ON SCENE,NO INJURY / DRIVE AWAY,Y,,,"OVER $1,500",10/25/2019 05:23:00 PM,UNABLE TO DETERMINE,UNABLE TO DETERMINE,6259,W,BELMONT AVE,2511.0,,,,,,,2,NO INDICATION OF INJURY,0.0,0.0,0.0,0.0,0.0,4.0,0.0,17,6,10,41.938245949,-87.7833814982,POINT (-87.783381498167 41.938245949027)
b536d06366d4e1defe5383189dc2291f8c9d2c00487be71b9443d88bf6157f744dadebfacf3c51d37c6bc01efeb8c7a90b9c5aab58646bb1e2f5c9d49590a6f4,JF182315,Y,03/22/2022 08:15:00 AM,40,NO CONTROLS,NO CONTROLS,RAIN,DAYLIGHT,REAR END,DIVIDED - W/MEDIAN (NOT RAISED),,STRAIGHT AND LEVEL,WET,NO DEFECTS,ON SCENE,NO INJURY / DRIVE AWAY,,,,"$501 - $1,500",03/22/2022 08:25:00 AM,FOLLOWING TOO CLOSELY,WEATHER,12300,W,IRVING PARK RD,1654.0,,,,,,,2,NO INDICATION OF INJURY,0.0,0.0,0.0,0.0,0.0,2.0,0.0,8,3,3,41.958986951,-87.933993929,POINT (-87.933993928974 41.958986950953)
8ce028a0c652fda76fccc5bd754ac0cb65936faa4165d5db132cfc9ac616f62219fe827d8a6d59cc61d7067373391657fd259e7669ca68b30e1e66f08697d7a1,HZ168518,,02/28/2016 03:45:00 PM,35,NO CONTROLS,NO CONTROLS,CLEAR,DAYLIGHT,REAR END,ONE-WAY,1.0,STRAIGHT AND LEVEL,DRY,UNKNOWN,NOT ON SCENE (DESK REPORT),NO INJURY / DRIVE AWAY,,,Y,"$501 - $1,500",02/28/2016 07:20:00 PM,DRIVING SKILLS/KNOWLEDGE/EXPERIENCE,NOT APPLICABLE,5700,S,CAMPBELL AVE,824.0,,,,,,,2,NO INDICATION OF INJURY,0.0,0.0,0.0,0.0,0.0,2.0,0.0,15,1,2,41.7900835803,-87.6865248369,POINT (-87.686524836935 41.790083580295)
940b2b9517a965aa624f884aae815aa505561a6f65855bbfa5643f4f77e0086ad8bf5f23fcec31be380aff4cc83ed6d9a0ffbb8db86d56de0341184a2ea94148,JC463313,,10/07/2019 12:29:00 PM,30,NO CONTROLS,NO CONTROLS,CLEAR,DAYLIGHT,FIXED OBJECT,DIVIDED - W/MEDIAN BARRIER,,STRAIGHT AND LEVEL,DRY,NO DEFECTS,ON SCENE,INJURY AND / OR TOW DUE TO CRASH,,,,"OVER $1,500",10/07/2019 12:30:00 PM,DRIVING SKILLS/KNOWLEDGE/EXPERIENCE,ROAD ENGINEERING/SURFACE/MARKING DEFECTS,419,W,ROOT ST,925.0,,,,,,,2,NO INDICATION OF INJURY,0.0,0.0,0.0,0.0,0.0,1.0,0.0,12,2,10,41.8189375017,-87.6368391593,POINT (-87.636839159289 41.818937501656)
d3c6d7edb37e19820f3c6579ced3dbe4cb02dffd828e1a63df545c8847d0544766341712a4b238a3be6d727655c022d2aaa3f26797ec070d0d2a8652fd70527a,JB556828,,12/17/2018 10:00:00 AM,30,NO CONTROLS,NO CONTROLS,CLEAR,DAYLIGHT,PARKED MOTOR VEHICLE,DIVIDED - W/MEDIAN (NOT RAISED),,STRAIGHT AND LEVEL,DRY,UNKNOWN,NOT ON SCENE (DESK REPORT),NO INJURY / DRIVE AWAY,,,Y,"OVER $1,500",12/17/2018 11:00:00 AM,UNABLE TO DETERMINE,UNABLE TO DETERMINE,2331,N,PULASKI RD,2525.0,,,,,,,2,NO INDICATION OF INJURY,0.0,0.0,0.0,0.0,0.0,2.0,0.0,10,2,12,41.9235808606,-87.7265976815,POINT (-87.72659768153 41.923580860602)
41210a3f502f121f06fad792ac1ddb6a940ea36cbc263800704028b99d3e27efac72c289da7ac2422ecdf29a4807a945d43fff29474a031f61ef23de99af1f76,JE156105,,03/01/2021 03:25:00 PM,30,NO CONTROLS,NO CONTROLS,CLEAR,DAYLIGHT,PEDESTRIAN,ONE-WAY,,STRAIGHT AND LEVEL,DRY,UNKNOWN,ON SCENE,INJURY AND / OR TOW DUE TO CRASH,,,,$500 OR LESS,03/01/2021 03:34:00 PM,UNABLE TO DETERMINE,NOT APPLICABLE,6822,S,PERRY AVE,722.0,,,,,,,2,INCAPACITATING INJURY,1.0,0.0,1.0,0.0,0.0,2.0,0.0,15,2,3,41.7701907069,-87.6284378675,POINT (-87.628437867455 41.770190706909)
fceab3c4b61613417ebb0e9b516f857f1dad2a40409cf5a2264e321f6c62a43c2f74e36a23929585c9131d9157ef62b19f64b3168fdc833de91e3a88bab14079,JG311505,,06/22/2023 03:30:00 PM,10,NO CONTROLS,NO CONTROLS,CLEAR,DAYLIGHT,PARKED MOTOR VEHICLE,PARKING LOT,,STRAIGHT AND LEVEL,DRY,NO DEFECTS,NOT ON SCENE (DESK REPORT),NO INJURY / DRIVE AWAY,,Y,Y,"$501 - $1,500",06/22/2023 04:45:00 PM,UNABLE TO DETERMINE,UNABLE TO DETERMINE,1100,S,HAMILTON AVE,1225.0,,,,,,,2,NO INDICATION OF INJURY,0.0,0.0,0.0,0.0,0.0,1.0,0.0,15,5,6,41.867807964,-87.6804533191,POINT (-87.680453319056 41.867807963965)
5f4400734a0f72507cc44dc7c30b418b9ff904d6c1613caf9404cd5b1c6375f9e29ca0df936fa91ee07de0df4ac01c1296cc09eadc7549d92a8b8914ae29f87c,JD150486,,02/13/2020 01:23:00 PM,30,NO CONTROLS,NO CONTROLS,SNOW,DAYLIGHT,PARKED MOTOR VEHICLE,NOT DIVIDED,,STRAIGHT AND LEVEL,SNOW OR SLUSH,NO DEFECTS,NOT ON SCENE (DESK REPORT),NO INJURY / DRIVE AWAY,Y,,,"$501 - $1,500",02/13/2020 03:30:00 PM,FAILING TO REDUCE SPEED TO AVOID CRASH,NOT APPLICABLE,2939,W,GRAND AVE,1211.0,,,,,,,2,NO INDICATION OF INJURY,0.0,0.0,0.0,0.0,0.0,1.0,0.0,13,5,2,41.8958592099,-87.7007961205,POINT (-87.700796120496 41.895859209944)
de0793dc00265031ce4fae0bb3f023b9035f33fbacff1e4fd4456fbc8d6a7ecf6ce456290ac134a42fe492165a628ad726310219fb3dbfb6c1d8595d371ae738,JF149906,N,02/19/2022 08:09:00 PM,30,NO CONTROLS,NO CONTROLS,CLEAR,"DARKNESS, LIGHTED ROAD",PARKED MOTOR VEHICLE,NOT DIVIDED,,STRAIGHT AND LEVEL,ICE,NO DEFECTS,ON SCENE,INJURY AND / OR TOW DUE TO CRASH,,,,"OVER $1,500",02/19/2022 08:09:00 PM,"OPERATING VEHICLE IN ERRATIC, RECKLESS, CARELESS, NEGLIGENT OR AGGRESSIVE MANNER","OPERATING VEHICLE IN ERRATIC, RECKLESS, CARELESS, NEGLIGENT OR AGGRESSIVE MANNER",4436,W,MONROE ST,1113.0,,,,,,,5,NO INDICATION OF INJURY,0.0,0.0,0.0,0.0,0.0,1.0,0.0,20,7,2,41.8797369853,-87.7369367866,POINT (-87.736936786587 41.879736985346)
801807aa0630189175116cdb622a381c6bc2c87e312375ccf7afb8965d79746d8056e29c97efdd9fcca058fef06ba319693e416c64ce22c7d346f2d2f8e019a6,HZ119741,,01/18/2016 12:45:00 PM,30,TRAFFIC SIGNAL,FUNCTIONING PROPERLY,CLEAR,DAYLIGHT,ANGLE,ONE-WAY,8.0,STRAIGHT AND LEVEL,DRY,NO DEFECTS,NOT ON SCENE (DESK REPORT),NO INJURY / DRIVE AWAY,Y,,,"OVER $1,500",01/18/2016 01:32:00 PM,DRIVING SKILLS/KNOWLEDGE/EXPERIENCE,NOT APPLICABLE,500,N,LAKE SHORE DR,1834.0,,,,,,,2,NO INDICATION OF INJURY,0.0,0.0,0.0,0.0,0.0,2.0,0.0,12,2,1,41.8911183327,-87.6143846846,POINT (-87.614384684631 41.891118332732)
35f1d37290d7018a36aaac88586e1d54a5ac7e4c8e04dbf768cd86553b936d176457bc229ffc0a841a26c3c18a9530e395fe59c81065150293898fe37ea3c8e7,JD240058,,05/23/2020 03:19:00 AM,30,TRAFFIC SIGNAL,FUNCTIONING PROPERLY,CLEAR,"DARKNESS, LIGHTED ROAD",TURNING,DIVIDED - W/MEDIAN (NOT RAISED),,STRAIGHT AND LEVEL,DRY,NO DEFECTS,ON SCENE,NO INJURY / DRIVE AWAY,Y,,,"$501 - $1,500",05/23/2020 03:20:00 AM,IMPROPER TURNING/NO SIGNAL,IMPROPER LANE USAGE,3841,W,ROOSEVELT RD,1011.0,,,,,,,2,NO INDICATION OF INJURY,0.0,0.0,0.0,0.0,0.0,2.0,0.0,3,7,5,41.8661086896,-87.7217572073,POINT (-87.721757207278 41.866108689568)
07e2aa290b4dc458c2a743fe6721608c1c0f5bb19ce857868896c515aa548e06915a1106e8c28098594e793ab6dff3487e40a3ceba8a5e44bf1ea73d8e6c7101,JB178023,,03/08/2018 09:30:00 AM,30,NO CONTROLS,NO CONTROLS,CLEAR,DAYLIGHT,TURNING,DIVIDED - W/MEDIAN (NOT RAISED),,STRAIGHT AND LEVEL,DRY,NO DEFECTS,NOT ON SCENE (DESK REPORT),NO INJURY / DRIVE AWAY,,,Y,$500 OR LESS,03/08/2018 10:50:00 AM,UNABLE TO DETERMINE,UNABLE TO DETERMINE,2112,N,ASHLAND AVE,1432.0,,,,,,,2,NO INDICATION OF INJURY,0.0,0.0,0.0,0.0,0.0,2.0,0.0,9,5,3,41.9202454905,-87.6685729626,POINT (-87.668572962613 41.920245490489)
7ec8a53416079fa3a79b03b3530e4e42e5fde5d9d959594c1e5f0d8c6b471a24018c0ad1e7e7fcf05262a3fe640846affb624a13b53e78e39a0431a8fc666035,JB567683,,12/26/2018 11:45:00 AM,20,NO CONTROLS,NOT FUNCTIONING,CLEAR,DAYLIGHT,PARKED MOTOR VEHICLE,NOT DIVIDED,,STRAIGHT AND LEVEL,DRY,NO DEFECTS,ON SCENE,NO INJURY / DRIVE AWAY,,,,"OVER $1,500",12/26/2018 12:00:00 PM,EXCEEDING AUTHORIZED SPEED LIMIT,DRIVING SKILLS/KNOWLEDGE/EXPERIENCE,4510,W,CORNELIA AVE,1731.0,,,,,,,3,NO INDICATION OF INJURY,0.0,0.0,0.0,0.0,0.0,1.0,0.0,11,4,12,41.9445159512,-87.7401451094,POINT (-87.740145109395 41.94451595115)
6d2e2314581aaf4ad73c1dc9848aea95a80df7cf83f36912afb157d4a2688b78b77ce690b45398108145418cdb4daed541befdfbce3cf9ca7591146a42a3f1f7,JB229511,,04/19/2018 09:05:00 AM,35,LANE USE MARKING,FUNCTIONING PROPERLY,CLEAR,DAYLIGHT,FIXED OBJECT,DIVIDED - W/MEDIAN BARRIER,4.0,STRAIGHT AND LEVEL,WET,NO DEFECTS,ON SCENE,INJURY AND / OR TOW DUE TO CRASH,,,,"OVER $1,500",04/19/2018 09:09:00 AM,FAILING TO YIELD RIGHT-OF-WAY,NOT APPLICABLE,4710,N,CUMBERLAND AVE,1614.0,,,,,,,2,NO INDICATION OF INJURY,0.0,0.0,0.0,0.0,0.0,2.0,0.0,9,5,4,41.9652395485,-87.8368338266,POINT (-87.836833826647 41.965239548459)
5401ed8419662316af9349846e9a5f7d19c412d025c8c963f4fc0c83bf145b7fc73149e3cc602e8fbea92945b09d7dbc40d5b6e64a2d84c38f44fa2bc3493ddb,JF440508,,10/19/2022 12:10:00 PM,30,NO CONTROLS,NO CONTROLS,CLEAR,DAYLIGHT,SIDESWIPE SAME DIRECTION,NOT DIVIDED,,STRAIGHT AND LEVEL,DRY,NO DEFECTS,NOT ON SCENE (DESK REPORT),NO INJURY / DRIVE AWAY,,,,"$501 - $1,500",10/19/2022 12:30:00 PM,UNABLE TO DETERMINE,NOT APPLICABLE,1925,N,SPRINGFIELD AVE,2535.0,,,,,,,2,NO INDICATION OF INJURY,0.0,0.0,0.0,0.0,0.0,2.0,0.0,12,4,10,41.9161518786,-87.7239316001,POINT (-87.723931600138 41.916151878586)
66879829bc8189f7a07cf270d9a770cab7ac1deba0869171c1a17a3d3314cd9c8b2b75cf940f5fbb53075c8a4bf0c04b68d88a6304c2726c85bc569efb361441,JD427562,Y,11/09/2020 10:00:00 PM,30,NO CONTROLS,NO CONTROLS,CLEAR,DARKNESS,PARKED MOTOR VEHICLE,ONE-WAY,,STRAIGHT AND LEVEL,DRY,UNKNOWN,NOT ON SCENE (DESK REPORT),NO INJURY / DRIVE AWAY,,,Y,$500 OR LESS,11/10/2020 05:45:00 PM,UNABLE TO DETERMINE,UNABLE TO DETERMINE,6914,S,PAULINA ST,735.0,,,,,,,2,NO INDICATION OF INJURY,0.0,0.0,0.0,0.0,0.0,1.0,0.0,22,2,11,41.7680351261,-87.6664786978,POINT (-87.666478697804 41.768035126052)
0318b8bab98f0f80aec4e2b5bc3359e04706765fb86ca3b4a8ae9853e0b0d7d5149c0e34444904902719f70ebd9742fb57c8a361775488079352de1c04a09faa,JC318949,,06/23/2019 08:45:00 PM,35,TRAFFIC SIGNAL,FUNCTIONING PROPERLY,CLOUDY/OVERCAST,"DARKNESS, LIGHTED ROAD",ANGLE,DIVIDED - W/MEDIAN (NOT RAISED),,STRAIGHT AND LEVEL,UNKNOWN,UNKNOWN,ON SCENE,INJURY AND / OR TOW DUE TO CRASH,Y,,Y,"$501 - $1,500",06/23/2019 08:49:00 PM,FAILING TO YIELD RIGHT-OF-WAY,NOT APPLICABLE,7100,S,DAMEN AVE,735.0,,N,,,,,2,NONINCAPACITATING INJURY,1.0,0.0,0.0,1.0,0.0,1.0,0.0,20,1,6,41.7647131874,-87.6736784893,POINT (-87.673678489303 41.764713187398)
422dd393cbe8e5fcec2e20ae14c80cfd509272cda55e93ac106ac3da4589a72d033d896ec90f87e020064a59e47f7e46604ecbdb0df9da0656b06a8ab8c8c604,JA257738,,05/10/2017 08:52:00 AM,30,NO CONTROLS,NO CONTROLS,CLEAR,DAYLIGHT,TURNING,NOT DIVIDED,2.0,STRAIGHT AND LEVEL,DRY,NO DEFECTS,NOT ON SCENE (DESK REPORT),INJURY AND / OR TOW DUE TO CRASH,,,,"OVER $1,500",05/10/2017 08:56:00 AM,UNABLE TO DETERMINE,UNABLE TO DETERMINE,7615,S,SOUTH SHORE DR,421.0,,,,,,,2,NONINCAPACITATING INJURY,1.0,0.0,0.0,1.0,0.0,1.0,0.0,8,4,5,41.7585430041,-87.5549117031,POINT (-87.554911703131 41.758543004116)
feac9c4418e0e7c0457bcf1fef74af7695590c3196b36c88fafdb848e41dfdd3062837a8ee6747db59da6ce365ce3447ba780f408d2057dc4d27dbef530d8504,JA382753,,08/05/2017 07:45:00 PM,30,NO CONTROLS,NO CONTROLS,CLEAR,"DARKNESS, LIGHTED ROAD",PARKED MOTOR VEHICLE,PARKING LOT,,STRAIGHT AND LEVEL,DRY,UNKNOWN,NOT ON SCENE (DESK REPORT),NO INJURY / DRIVE AWAY,,Y,,"OVER $1,500",08/08/2017 03:25:00 PM,UNABLE TO DETERMINE,UNABLE TO DETERMINE,6801,N,WESTERN AVE,2411.0,,,,,,,2,NO INDICATION OF INJURY,0.0,0.0,0.0,0.0,0.0,1.0,0.0,19,7,8,42.0050800739,-87.6899247445,POINT (-87.689924744509 42.005080073905)