CRASH_RECORD_ID,RD_NO,CRASH_DATE_EST_I,CRASH_DATE,POSTED_SPEED_LIMIT,TRAFFIC_CONTROL_DEVICE,DEVICE_CONDITION,WEATHER_CONDITION,LIGHTING_CONDITION,FIRST_CRASH_TYPE,TRAFFICWAY_TYPE,LANE_CNT,ALIGNMENT,ROADWAY_SURFACE_COND,ROAD_DEFECT,REPORT_TYPE,CRASH_TYPE,INTERSECTION_RELATED_I,NOT_RIGHT_OF_WAY_I,HIT_AND_RUN_I,DAMAGE,DATE_POLICE_NOTIFIED,PRIM_CONTRIBUTORY_CAUSE,SEC_CONTRIBUTORY_CAUSE,STREET_NO,STREET_DIRECTION,STREET_NAME,BEAT_OF_OCCURRENCE,PHOTOS_TAKEN_I,STATEMENTS_TAKEN_I,DOORING_I,WORK_ZONE_I,WORK_ZONE_TYPE,WORKERS_PRESENT_I,NUM_UNITS,MOST_SEVERE_INJURY,INJURIES_TOTAL,INJURIES_FATAL,INJURIES_INCAPACITATING,INJURIES_NON_INCAPACITATING,INJURIES_REPORTED_NOT_EVIDENT,INJURIES_NO_INDICATION,INJURIES_UNKNOWN,CRASH_HOUR,CRASH_DAY_OF_WEEK,CRASH_MONTH,LATITUDE,LONGITUDE,LOCATION
f263904ac2d14b97555ee962ec2865e833b380717baf32310c39f2d21457e17c3a10c565dd8e869114cdf87ddbdd1a89b8faf1c778f22e3ea6075f5f3e2b0a4e,JC394521,,08/16/2019 06:50:00 AM,25,STOP SIGN/FLASHER,FUNCTIONING PROPERLY,CLEAR,DAYLIGHT,REAR TO FRONT,ONE-WAY,,STRAIGHT AND LEVEL,DRY,NO DEFECTS,NOT ON SCENE (DESK REPORT),NO INJURY / DRIVE AWAY,,,,"$501 - $1,500",08/16/2019 07:38:00 AM,UNABLE TO DETERMINE,NOT APPLICABLE,5552,W,WARWICK AVE,1633.0,,,,,,,2,NO INDICATION OF INJURY,0.0,0.0,0.0,0.0,0.0,2.0,0.0,6,6,8,41.9487307267,-87.766498886,POINT (-87.766498886046 41.948730726684)
2b0eaeb6ddb3c992d167a457d29c021866d863ee9d9eb0fc98b5d17acd6c760df6b2de7b24cf4572a6f9adb116c2797686cce8214d6a22800af2caa097124b80,JA558881,,12/22/2017 04:20:00 AM,30,NO CONTROLS,NO CONTROLS,CLEAR,"DARKNESS, LIGHTED ROAD",PARKED MOTOR VEHICLE,ONE-WAY,1.0,STRAIGHT AND LEVEL,DRY,NO DEFECTS,ON SCENE,NO INJURY / DRIVE AWAY,,,,$500 OR LESS,12/22/2017 04:26:00 AM,UNABLE TO DETERMINE,NOT APPLICABLE,1308,W,THORNDALE AVE,2013.0,,,,,,,2,NO INDICATION OF INJURY,0.0,0.0,0.0,0.0,0.0,2.0,0.0,4,6,12,41.9900660241,-87.6632847088,POINT (-87.663284708773 41.990066024139)
50ed66cb80f75474e6e791834c0b8c4ca3f8e4165e53523532abf570a4da4025ed91b5b7b4247b5d3a75b7c3f98310e9083831c83ebd6ef6069d406231231c91,JE305898,,07/18/2021 06:23:00 PM,25,NO CONTROLS,NO CONTROLS,CLEAR,DAYLIGHT,REAR END,NOT DIVIDED,,STRAIGHT AND LEVEL,DRY,NO DEFECTS,ON SCENE,INJURY AND / OR TOW DUE TO CRASH,,,,"OVER $1,500",07/18/2021 06:34:00 PM,PHYSICAL CONDITION OF DRIVER,EQUIPMENT - VEHICLE CONDITION,1345,N,HAMLIN AVE,2535.0,,,,,,,2,NONINCAPACITATING INJURY,1.0,0.0,0.0,1.0,0.0,2.0,0.0,18,1,7,41.9058430386,-87.7213825554,POINT (-87.72138255541 41.905843038558)
de1deaab801ffac85cb3362bd038c6e93b2e9b718ce17b3110b45b59f0298ce83bbeeef26db45a72b990b7bd1f7bb4e3508851ddd089ceffcde0817c3257101e,JE212621,,04/27/2021 03:25:00 PM,30,NO CONTROLS,NO CONTROLS,CLEAR,DAYLIGHT,FIXED OBJECT,DRIVEWAY,,STRAIGHT ON GRADE,DRY,NO DEFECTS,ON SCENE,NO INJURY / DRIVE AWAY,,Y,Y,"OVER $1,500",04/28/2021 08:28:00 AM,UNABLE TO DETERMINE,UNABLE TO DETERMINE,4647,W,POLK ST,1131.0,,,,,,,1,NO INDICATION OF INJURY,0.0,0.0,0.0,0.0,0.0,1.0,0.0,15,3,4,41.8703840951,-87.7418894523,POINT (-87.741889452315 41.870384095136)
3559a15d2c935452ecd862346ec2f94f20c2f519627deae97ca3c7a5aa07a19a8ba469f66fc6a6cefa6817a8e304fea828510ea0e1f47ef794aa8c037b8c0da0,HZ293692,,06/04/2016 07:00:00 PM,30,NO CONTROLS,NO CONTROLS,CLEAR,DAYLIGHT,TURNING,NOT DIVIDED,4.0,STRAIGHT AND LEVEL,DRY,NO DEFECTS,NOT ON SCENE (DESK REPORT),NO INJURY / DRIVE AWAY,,,Y,"$501 - $1,500",06/04/2016 07:15:00 PM,UNABLE TO DETERMINE,UNABLE TO DETERMINE,10,E,ONTARIO ST,1834.0,,,,,,,2,NO INDICATION OF INJURY,0.0,0.0,0.0,0.0,0.0,2.0,0.0,19,7,6,41.893388867,-87.6277024007,POINT (-87.627702400712 41.893388866975)
77a0ef4f68fd310f8c531e30ddd149f0c3757517a40936f26d823452d3591c58413d117988784c091a2bf01cb0f2ed69b9a942539642c250d8dd76c24a77bc80,JD123664,,01/21/2020 04:00:00 PM,10,NO CONTROLS,NO CONTROLS,CLEAR,DAYLIGHT,PARKED MOTOR VEHICLE,PARKING LOT,,STRAIGHT AND LEVEL,SNOW OR SLUSH,NO DEFECTS,NOT ON SCENE (DESK REPORT),NO INJURY / DRIVE AWAY,,Y,Y,"OVER $1,500",01/21/2020 05:00:00 PM,UNABLE TO DETERMINE,UNABLE TO DETERMINE,5555,W,GRAND AVE,2515.0,,,,,,,2,NO INDICATION OF INJURY,0.0,0.0,0.0,0.0,0.0,1.0,0.0,16,3,1,41.9186088912,-87.765574479,POINT (-87.765574478976 41.918608891151)
3666861a74c6eb535af3229a292a1c3d0e643d2aac19c89334b40cf9b393c0be74097cef7645d8b99c11ac14ea903cd88893e35212308235f36af488d897daed,JB366463,,07/26/2018 05:15:00 PM,35,NO CONTROLS,NO CONTROLS,CLEAR,DAYLIGHT,TURNING,DIVIDED - W/MEDIAN (NOT RAISED),,STRAIGHT AND LEVEL,DRY,UNKNOWN,ON SCENE,INJURY AND / OR TOW DUE TO CRASH,,,,"OVER $1,500",07/26/2018 05:15:00 PM,FAILING TO YIELD RIGHT-OF-WAY,UNABLE TO DETERMINE,1309,N,LARAMIE AVE,2533.0,,,,,,,2,NONINCAPACITATING INJURY,3.0,0.0,0.0,1.0,2.0,1.0,0.0,17,5,7,41.9043798086,-87.755676035,POINT (-87.755676035014 41.904379808604)
aa3f4b74913a0c78d06a482ec0601e09af5cd1da8bea659f417ac8711db3bd354f3ea056061f5214676beaaaea3408f34309120fb05388bbfa3c1d7e879b019f,JF259648,Y,05/29/2022 04:45:00 AM,30,NO CONTROLS,NO CONTROLS,CLEAR,DAYLIGHT,PARKED MOTOR VEHICLE,DIVIDED - W/MEDIAN BARRIER,,STRAIGHT AND LEVEL,DRY,NO DEFECTS,ON SCENE,NO INJURY / DRIVE AWAY,,,Y,"OVER $1,500",05/29/2022 04:45:00 AM,UNABLE TO DETERMINE,NOT APPLICABLE,1309,N,ASHLAND AVE,1433.0,,,,,,,2,NO INDICATION OF INJURY,0.0,0.0,0.0,0.0,0.0,1.0,0.0,4,1,5,41.9053651396,-87.6674016557,POINT (-87.667401655689 41.905365139573)
102b78221cb726df689806a16e541e37b4f7f7b3693bccf6f42235c7a9779615ed65378cf6be176fbf586fb911a83b76497090b21b2a260dec02d58038faaa56,JE360597,Y,09/03/2021 06:00:00 PM,25,NO CONTROLS,NO CONTROLS,CLEAR,DAYLIGHT,TURNING,FOUR WAY,,STRAIGHT AND LEVEL,DRY,NO DEFECTS,ON SCENE,NO INJURY / DRIVE AWAY,Y,,,"$501 - $1,500",09/03/2021 06:08:00 PM,UNABLE TO DETERMINE,UNABLE TO DETERMINE,3302,W,OGDEN AVE,1021.0,,,,,,,2,NO INDICATION OF INJURY,0.0,0.0,0.0,0.0,0.0,3.0,0.0,18,6,9,41.857160907,-87.7080463496,POINT (-87.70804634958 41.857160907002)
222d41ee55e0130838bbb14e4e52f357f43108ceb08cf83cb9d5435362869c8c7b622bff1d838e701552f8aad8873475bb736060ba20d1bdf3ea8d5c794d6c6a,JA504136,Y,11/08/2017 04:00:00 PM,25,NO CONTROLS,NO CONTROLS,UNKNOWN,UNKNOWN,PARKED MOTOR VEHICLE,ONE-WAY,,STRAIGHT AND LEVEL,UNKNOWN,NO DEFECTS,ON SCENE,NO INJURY / DRIVE AWAY,,,Y,"$501 - $1,500",11/08/2017 04:00:00 PM,UNABLE TO DETERMINE,NOT APPLICABLE,2836,W,BELDEN AVE,1414.0,,,,,,,2,NO INDICATION OF INJURY,0.0,0.0,0.0,0.0,0.0,1.0,0.0,16,4,11,41.9233932282,-87.6988048895,POINT (-87.698804889475 41.923393228169)
e5d9b90fc14a959e7e9f6f95e29f471ff60839e5dbaf6b98ee03a173918f6b528128f2a78b85f930bc8e60a44d31da04627e4349cd86735e04f43c9a64fdd159,JB174115,,03/05/2018 08:53:00 AM,30,TRAFFIC SIGNAL,FUNCTIONING PROPERLY,CLEAR,DAYLIGHT,REAR END,NOT DIVIDED,4.0,STRAIGHT AND LEVEL,DRY,NO DEFECTS,ON SCENE,NO INJURY / DRIVE AWAY,,,,"OVER $1,500",03/05/2018 08:53:00 AM,UNABLE TO DETERMINE,UNABLE TO DETERMINE,5155,W,GRAND AVE,2533.0,,,,,,,2,NO INDICATION OF INJURY,0.0,0.0,0.0,0.0,0.0,3.0,0.0,8,2,3,41.9167669045,-87.7550744995,POINT (-87.755074499526 41.916766904542)
74bc62d7d1c13c8c74c3594a9e4708a6eeedae0dd85133331652476c14a46f13e65d11d76265c377c8f7e2ae8c809b39748addfff42b54cc684444d923a83a38,JC360887,,07/23/2019 09:40:00 AM,30,NO CONTROLS,NO CONTROLS,CLEAR,DAYLIGHT,TURNING,ONE-WAY,,STRAIGHT AND LEVEL,DRY,NO DEFECTS,NOT ON SCENE (DESK REPORT),NO INJURY / DRIVE AWAY,,,Y,"$501 - $1,500",07/23/2019 10:45:00 AM,UNABLE TO DETERMINE,NOT APPLICABLE,2200,W,NORTH AVE,1434.0,,,,,,,2,NO INDICATION OF INJURY,0.0,0.0,0.0,0.0,0.0,3.0,0.0,9,3,7,41.9105025175,-87.6824097632,POINT (-87.682409763192 41.910502517499)
e841c93515b732626647d50574a4289e42d9a2c9e63cd87087ea4419ebf0a6ae4d5b8bbcf06e42fa652ce6278dbb8fadfc08979047e73d7e3ea7ce986e15f023,JF134803,,02/05/2022 03:45:00 PM,30,UNKNOWN,UNKNOWN,UNKNOWN,UNKNOWN,ANGLE,UNKNOWN,,STRAIGHT AND LEVEL,UNKNOWN,UNKNOWN,NOT ON SCENE (DESK REPORT),NO INJURY / DRIVE AWAY,,,,"$501 - $1,500",02/05/2022 04:00:00 PM,UNABLE TO DETERMINE,NOT APPLICABLE,4410,N,CENTRAL AVE,1622.0,,,,,,,2,NO INDICATION OF INJURY,0.0,0.0,0.0,0.0,0.0,3.0,0.0,15,7,2,41.9608196273,-87.7674002859,POINT (-87.767400285882 41.960819627345)
fde38722b250c24a7ef01e25d5b3bcec07e64072b75b6fd446dd8295fdf63b3bfab23cd4c20fec8483123f4cbee4f944a9712242f1508782cb2d7ef64dd6a892,JB485225,,10/22/2018 10:20:00 AM,30,NO CONTROLS,NO CONTROLS,CLEAR,DAYLIGHT,ANGLE,NOT DIVIDED,,STRAIGHT AND LEVEL,DRY,NO DEFECTS,NOT ON SCENE (DESK REPORT),NO INJURY / DRIVE AWAY,,,,"$501 - $1,500",10/22/2018 11:50:00 AM,FAILING TO YIELD RIGHT-OF-WAY,UNABLE TO DETERMINE,3021,N,PINE GROVE AVE,1934.0,,,,,,,2,NO INDICATION OF INJURY,0.0,0.0,0.0,0.0,0.0,3.0,0.0,10,2,10,41.9372176419,-87.6417308996,POINT (-87.641730899639 41.937217641872)
f524ccd720f671f9492de3ee3e8ac16f8cd732d38b9fdf5f500393495a7f9c16f77da2657551fd3b288c0f4f88dc50b73e97d334fe23fd625481a7f8cf81182b,JF292562,,06/24/2022 04:05:00 PM,30,TRAFFIC SIGNAL,FUNCTIONING PROPERLY,CLEAR,DAYLIGHT,SIDESWIPE SAME DIRECTION,NOT DIVIDED,,STRAIGHT AND LEVEL,UNKNOWN,UNKNOWN,NOT ON SCENE (DESK REPORT),NO INJURY / DRIVE AWAY,,,Y,"$501 - $1,500",06/24/2022 04:25:00 PM,IMPROPER OVERTAKING/PASSING,IMPROPER OVERTAKING/PASSING,4402,W,ROOSEVELT RD,1131.0,,,,,,,2,NO INDICATION OF INJURY,0.0,0.0,0.0,0.0,0.0,2.0,0.0,16,6,6,41.8661397658,-87.7351652568,POINT (-87.735165256794 41.866139765818)
bd122406c63a824ff17070afb25495851fb403b21fccf6588054b10e6e70b82c90dba1cdf32213c07797e88f7da57d19284a570c1c5bd940d51b6c9630f703b2,JE304316,,07/17/2021 08:53:00 AM,30,NO CONTROLS,NO CONTROLS,CLEAR,DAYLIGHT,REAR TO SIDE,PARKING LOT,,STRAIGHT AND LEVEL,DRY,NO DEFECTS,NOT ON SCENE (DESK REPORT),NO INJURY / DRIVE AWAY,,Y,,"OVER $1,500",07/17/2021 09:45:00 AM,FAILING TO YIELD RIGHT-OF-WAY,FAILING TO YIELD RIGHT-OF-WAY,6020,N,CICERO AVE,1621.0,,,,,,,2,NO INDICATION OF INJURY,0.0,0.0,0.0,0.0,0.0,3.0,0.0,8,7,7,41.9904947718,-87.7484774142,POINT (-87.748477414229 41.99049477183)
fb833a102ed5b2de81cf76159fc1ce9993d8ba01dbc8c1bc936b872f3197ea7beab59236ebd53c8b756dda719d0a619e6250e98877bbc105f10e0e0998393476,JD306417,,07/22/2020 04:19:00 PM,25,NO CONTROLS,NO CONTROLS,CLEAR,DAYLIGHT,SIDESWIPE SAME DIRECTION,NOT DIVIDED,,STRAIGHT AND LEVEL,DRY,UNKNOWN,NOT ON SCENE (DESK REPORT),NO INJURY / DRIVE AWAY,,,,"OVER $1,500",07/22/2020 06:00:00 PM,UNABLE TO DETERMINE,UNABLE TO DETERMINE,6559,S,WENTWORTH AVE,722.0,,,,,,,2,NO INDICATION OF INJURY,0.0,0.0,0.0,0.0,0.0,2.0,0.0,16,4,7,41.7745934449,-87.6298711782,POINT (-87.629871178224 41.774593444947)
a0e93ea123d4bbb73a6803f9a6d348bc5bb865dcefe6b2904b92152d80cab72e05aa545df3e0d1fd9048d072b3aeafc96136d8624febcdd2f04e7c3988fdfbdb,JC519744,,11/21/2019 11:40:00 PM,30,TRAFFIC SIGNAL,FUNCTIONING PROPERLY,CLEAR,"DARKNESS, LIGHTED ROAD",REAR END,CENTER TURN LANE,,STRAIGHT AND LEVEL,DRY,NO DEFECTS,ON SCENE,INJURY AND / OR TOW DUE TO CRASH,,,,"OVER $1,500",11/21/2019 11:43:00 PM,UNDER THE INFLUENCE OF ALCOHOL/DRUGS (USE WHEN ARREST IS EFFECTED),FAILING TO REDUCE SPEED TO AVOID CRASH,602,N,WESTERN AVE,1221.0,,,,,,,2,NO INDICATION OF INJURY,0.0,0.0,0.0,0.0,0.0,2.0,0.0,23,5,11,41.8922044105,-87.686887777,POINT (-87.686887777048 41.892204410494)
bfee88446e0b8f3e10a0586946d28de3ce0f4a2cfe00a996a01e7da8fce36b5a4511d3eb7f9752489357f2b65b228f79c5e2673d47313f28ba3edd84143c7f46,JF291029,,06/23/2022 12:35:00 PM,30,NO CONTROLS,NO CONTROLS,CLEAR,DAYLIGHT,SIDESWIPE SAME DIRECTION,NOT DIVIDED,,STRAIGHT AND LEVEL,DRY,UNKNOWN,ON SCENE,INJURY AND / OR TOW DUE TO CRASH,,,Y,"OVER $1,500",06/23/2022 12:35:00 PM,UNABLE TO DETERMINE,UNABLE TO DETERMINE,5248,S,KEELER AVE,815.0,,,,,,,3,NO INDICATION OF INJURY,0.0,0.0,0.0,0.0,0.0,3.0,0.0,12,5,6,41.7971559308,-87.7283234245,POINT (-87.728323424492 41.797155930754)
341b5f2e1c3a3fddc6acc4cafe29a39a0bfd264d1bd9cf6897e363bdf37027d1a3f758819584b0aee58fee7d8dc968e78538734f2ed3add6d828695900a7eda0,JD127585,,01/24/2020 07:20:00 PM,30,NO CONTROLS,NO CONTROLS,RAIN,DUSK,REAR END,NOT DIVIDED,,STRAIGHT AND LEVEL,WET,NO DEFECTS,NOT ON SCENE (DESK REPORT),NO INJURY / DRIVE AWAY,,,Y,$500 OR LESS,01/24/2020 08:16:00 PM,NOT APPLICABLE,NOT APPLICABLE,2049,W,DIVISION ST,1212.0,,,,,,,2,NO INDICATION OF INJURY,0.0,0.0,0.0,0.0,0.0,4.0,0.0,19,6,1,41.9030455778,-87.6791951135,POINT (-87.679195113531 41.903045577773)
958be5909e8c44214bb39dc19947180a559b73773cd60a92da02aac1f934b3f622250418106e352c5afe5b38597578741f5dea89bfa164292481d3a9621bd313,JF171090,,03/12/2022 02:25:00 AM,30,TRAFFIC SIGNAL,FUNCTIONING PROPERLY,CLEAR,"DARKNESS, LIGHTED ROAD",FIXED OBJECT,RAMP,,STRAIGHT ON GRADE,DRY,NO DEFECTS,ON SCENE,INJURY AND / OR TOW DUE TO CRASH,,,,"OVER $1,500",03/12/2022 02:25:00 AM,UNABLE TO DETERMINE,UNABLE TO DETERMINE,1250,W,DIVISION ST,1433.0,,,,,,,1,NO INDICATION OF INJURY,0.0,0.0,0.0,0.0,0.0,4.0,0.0,2,7,3,41.9035903141,-87.6592132092,POINT (-87.659213209195 41.903590314092)
d1b4323da039dfefd036f26f30294c07b06dc4d214851a79863858a906462fa7f2c536fb4aa968ee843d95522373d7ce8316f6f0814c650491452b77d3ffef01,JA552042,,12/16/2017 08:50:00 PM,30,NO CONTROLS,NO CONTROLS,CLEAR,"DARKNESS, LIGHTED ROAD",REAR END,NOT DIVIDED,2.0,STRAIGHT AND LEVEL,DRY,NO DEFECTS,ON SCENE,INJURY AND / OR TOW DUE TO CRASH,,,,"OVER $1,500",12/16/2017 08:52:00 PM,FOLLOWING TOO CLOSELY,NOT APPLICABLE,4445,W,DIVERSEY AVE,2524.0,,,,,,,2,NONINCAPACITATING INJURY,1.0,0.0,0.0,1.0,0.0,6.0,0.0,20,7,12,41.9315281423,-87.7386343134,POINT (-87.738634313415 41.931528142261)
691c65d2d725a6f5a56f6049d75b3d4275c3468acd9260e62412d700b7754e0edd69fceb1a627c2c1c9efef26262394163358abdd2557516baa95b7427157a86,JB204170,,03/29/2018 01:39:00 PM,30,NO CONTROLS,NO CONTROLS,CLOUDY/OVERCAST,DAYLIGHT,PARKED MOTOR VEHICLE,NOT DIVIDED,,STRAIGHT AND LEVEL,UNKNOWN,UNKNOWN,ON SCENE,INJURY AND / OR TOW DUE TO CRASH,,,,"$501 - $1,500",03/29/2018 01:41:00 PM,DRIVING SKILLS/KNOWLEDGE/EXPERIENCE,UNABLE TO DETERMINE,1303,W,JARVIS AVE,2423.0,,,,,,,3,NO INDICATION OF INJURY,0.0,0.0,0.0,0.0,0.0,2.0,0.0,13,5,3,42.0159908509,-87.6651467359,POINT (-87.665146735911 42.015990850883)
04f4bd6c74ee5354e8d6ef18c6983772ab5f4f852e973b805b260b46d5e26742ae665bdc596a819293d66641cbb9f7feadcce69edea7902dbb55d2c8fc0c0767,JE169138,Y,03/14/2021 09:00:00 AM,20,STOP SIGN/FLASHER,OTHER,CLEAR,DAYLIGHT,PARKED MOTOR VEHICLE,UNKNOWN INTERSECTION TYPE,,STRAIGHT AND LEVEL,DRY,NO DEFECTS,ON SCENE,NO INJURY / DRIVE AWAY,,,N,"OVER $1,500",03/14/2021 09:44:00 PM,NOT APPLICABLE,UNABLE TO DETERMINE,4438,S,SAWYER AVE,821.0,,,,,,,2,NO INDICATION OF INJURY,0.0,0.0,0.0,0.0,0.0,1.0,0.0,9,1,3,41.8122943895,-87.70550087,POINT (-87.705500869957 41.812294389474)
a4dd59a283e7cb1787c2b72faa11c43ea75e0c532b18786e951992b998038a5f1b8420e8c799d302f200cdba0f01b0ee0943735fa8417e3c35fae3876085cb19,JC520583,,11/22/2019 04:30:00 PM,30,TRAFFIC SIGNAL,NO CONTROLS,CLEAR,DAWN,REAR TO REAR,DIVIDED - W/MEDIAN (NOT RAISED),,STRAIGHT AND LEVEL,DRY,NO DEFECTS,NOT ON SCENE (DESK REPORT),NO INJURY / DRIVE AWAY,,,,"$501 - $1,500",11/22/2019 04:50:00 PM,UNABLE TO DETERMINE,UNABLE TO DETERMINE,4150,N,BROADWAY,1915.0,,,,,,,2,NO INDICATION OF INJURY,0.0,0.0,0.0,0.0,0.0,2.0,0.0,16,6,11,41.9582012265,-87.6530347724,POINT (-87.653034772432 41.95820122649)
40657d337a4443e2bab523d1d0949564cc5efe344f96769ff8fdb67e4c2a33d76c897d0760dd3d56d5a0dbfb22d8ce526d50009ccaba244193555e43b7e577c3,JE247235,,05/29/2021 08:42:00 PM,40,NO CONTROLS,NO CONTROLS,CLEAR,DUSK,REAR END,DIVIDED - W/MEDIAN BARRIER,,STRAIGHT AND LEVEL,DRY,NO DEFECTS,ON SCENE,INJURY AND / OR TOW DUE TO CRASH,,,,"OVER $1,500",05/29/2021 08:42:00 PM,FAILING TO REDUCE SPEED TO AVOID CRASH,FAILING TO REDUCE SPEED TO AVOID CRASH,659,S,LAKE SHORE DR SB,114.0,,,,,,,2,NONINCAPACITATING INJURY,2.0,0.0,0.0,2.0,0.0,2.0,0.0,20,7,5,41.873324106,-87.6169363726,POINT (-87.616936372647 41.873324106032)
4ab9c175a03597f54b4dfe6f80c13f60b529072e598dad25d7ba61837f0cb9d4f8d76807bc9af267b34fdba492cf4566306640f73deb8f96e3fd205fcc61bcae,JA547235,,12/13/2017 08:40:00 AM,30,STOP SIGN/FLASHER,NO CONTROLS,CLEAR,DAYLIGHT,REAR END,ONE-WAY,4.0,STRAIGHT AND LEVEL,DRY,NO DEFECTS,NOT ON SCENE (DESK REPORT),NO INJURY / DRIVE AWAY,Y,,,"OVER $1,500",12/13/2017 08:55:00 AM,FOLLOWING TOO CLOSELY,FOLLOWING TOO CLOSELY,1300,S,INDEPENDENCE BLVD,1011.0,,,,,,,2,NO INDICATION OF INJURY,0.0,0.0,0.0,0.0,0.0,3.0,0.0,8,4,12,41.8643363741,-87.7202053329,POINT (-87.720205332875 41.864336374148)
b3b9891e51fdd318d6fec1d14eb8907cfefe2d8e13512a658eb72baeab02a0c5c2fe6159c8f47fb4d25a18f76ed74314dfdc579adeacfdd75c2080cfeb9f88b8,JB565279,,12/23/2018 05:05:00 PM,30,NO CONTROLS,NO CONTROLS,CLEAR,DARKNESS,PEDESTRIAN,DIVIDED - W/MEDIAN (NOT RAISED),,STRAIGHT AND LEVEL,DRY,NO DEFECTS,ON SCENE,INJURY AND / OR TOW DUE TO CRASH,,,,"$501 - $1,500",12/23/2018 05:06:00 PM,UNABLE TO DETERMINE,NOT APPLICABLE,4550,N,BROADWAY,1913.0,,,,,,,2,NONINCAPACITATING INJURY,1.0,0.0,0.0,1.0,0.0,1.0,0.0,17,1,12,41.9649462141,-87.657347068,POINT (-87.657347067992 41.964946214061)
a7d1371ad626e73733379f1b9a5f023e0327b286064c02408adcebf67beb3ab347ed04e4bed7a6860e47e06142863ea637cc3c4713f6571b11d430560dc7400f,JC204317,,03/29/2019 03:00:00 PM,30,NO CONTROLS,NO CONTROLS,CLEAR,DAYLIGHT,SIDESWIPE SAME DIRECTION,NOT DIVIDED,,STRAIGHT AND LEVEL,DRY,NO DEFECTS,ON SCENE,NO INJURY / DRIVE AWAY,,,,$500 OR LESS,03/29/2019 03:23:00 PM,FAILING TO YIELD RIGHT-OF-WAY,NOT APPLICABLE,339,E,CHICAGO AVE,1833.0,,,,,,,2,NO INDICATION OF INJURY,0.0,0.0,0.0,0.0,0.0,4.0,0.0,15,6,3,41.8967023925,-87.6188485145,POINT (-87.618848514481 41.896702392518)
abb63757def9d3e26994c8854690647aa5b75d1e22297c619838eb15956695ff6a554d76be43dad499f01b99aa24713bf9daf7b0103b90fff224c50f7f9d5325,JE198436,,04/13/2021 04:18:00 PM,30,NO CONTROLS,NO CONTROLS,CLEAR,DAYLIGHT,SIDESWIPE OPPOSITE DIRECTION,NOT DIVIDED,,STRAIGHT AND LEVEL,DRY,NO DEFECTS,ON SCENE,NO INJURY / DRIVE AWAY,Y,,Y,"OVER $1,500",04/13/2021 04:20:00 PM,UNABLE TO DETERMINE,NOT APPLICABLE,1000,W,CHICAGO AVE,1213.0,,,,,,,2,NO INDICATION OF INJURY,0.0,0.0,0.0,0.0,0.0,2.0,0.0,16,3,4,41.8964178018,-87.65268653,POINT (-87.652686530017 41.896417801775)
8d5fb5d4326f0ba9190ecf6034ff9393bb3740eae20b045a846adb9d075153d4cd48a6c886973833a8b83968bbfbe1c27310b17bd1a6c9f9a74f0fa8df18ef61,JE271841,,06/19/2021 12:25:00 PM,30,STOP SIGN/FLASHER,FUNCTIONING PROPERLY,CLEAR,DAYLIGHT,TURNING,FOUR WAY,,STRAIGHT AND LEVEL,DRY,NO DEFECTS,ON SCENE,INJURY AND / OR TOW DUE TO CRASH,Y,,,"OVER $1,500",06/19/2021 12:29:00 PM,DRIVING SKILLS/KNOWLEDGE/EXPERIENCE,NOT APPLICABLE,700,N,KINGSBURY ST,1831.0,,,N,,,,2,NONINCAPACITATING INJURY,1.0,0.0,0.0,1.0,0.0,2.0,0.0,12,7,6,41.8947382077,-87.6416316391,POINT (-87.641631639112 41.894738207744)
c12242e507762229c0c5445178880b920f11008b1742aaa3af56c0fc2f824ef5e4af6ee01fd703da84526c0769c61356a8452e9effb771e25c766f6365d1cfcb,JD350154,,08/30/2020 03:35:00 AM,30,TRAFFIC SIGNAL,UNKNOWN,CLEAR,"DARKNESS, LIGHTED ROAD",REAR END,ONE-WAY,,STRAIGHT AND LEVEL,DRY,UNKNOWN,ON SCENE,NO INJURY / DRIVE AWAY,,,,"OVER $1,500",08/30/2020 03:51:00 AM,UNABLE TO DETERMINE,UNABLE TO DETERMINE,3800,W,CONGRESS PKWY,1133.0,,,,,,,2,NO INDICATION OF INJURY,0.0,0.0,0.0,0.0,0.0,2.0,0.0,3,1,8,41.8745518803,-87.7204536586,POINT (-87.720453658604 41.874551880336)
a5d5643304412cd044eef19db7ef425417aa0a311869be72394d5ba8e9716232ca11eddefe48bda845b00fea8c317a75443e195ad64a8f7eba2a0c1c53440ab5,JD276903,,06/26/2020 11:20:00 AM,30,RAILROAD CROSSING GATE,FUNCTIONING PROPERLY,CLEAR,DAYLIGHT,REAR END,DIVIDED - W/MEDIAN BARRIER,,STRAIGHT AND LEVEL,DRY,NO DEFECTS,NOT ON SCENE (DESK REPORT),NO INJURY / DRIVE AWAY,,,Y,"$501 - $1,500",06/26/2020 12:45:00 PM,IMPROPER BACKING,NOT APPLICABLE,1800,W,95TH ST,2221.0,,,,,,,2,NO INDICATION OF INJURY,0.0,0.0,0.0,0.0,0.0,3.0,0.0,11,6,6,41.7212557309,-87.6675509456,POINT (-87.667550945631 41.721255730866)