CRASH_RECORD_ID,RD_NO,CRASH_DATE_EST_I,CRASH_DATE,POSTED_SPEED_LIMIT,TRAFFIC_CONTROL_DEVICE,DEVICE_CONDITION,WEATHER_CONDITION,LIGHTING_CONDITION,FIRST_CRASH_TYPE,TRAFFICWAY_TYPE,LANE_CNT,ALIGNMENT,ROADWAY_SURFACE_COND,ROAD_DEFECT,REPORT_TYPE,CRASH_TYPE,INTERSECTION_RELATED_I,NOT_RIGHT_OF_WAY_I,HIT_AND_RUN_I,DAMAGE,DATE_POLICE_NOTIFIED,PRIM_CONTRIBUTORY_CAUSE,SEC_CONTRIBUTORY_CAUSE,STREET_NO,STREET_DIRECTION,STREET_NAME,BEAT_OF_OCCURRENCE,PHOTOS_TAKEN_I,STATEMENTS_TAKEN_I,DOORING_I,WORK_ZONE_I,WORK_ZONE_TYPE,WORKERS_PRESENT_I,NUM_UNITS,MOST_SEVERE_INJURY,INJURIES_TOTAL,INJURIES_FATAL,INJURIES_INCAPACITATING,INJURIES_NON_INCAPACITATING,INJURIES_REPORTED_NOT_EVIDENT,INJURIES_NO_INDICATION,INJURIES_UNKNOWN,CRASH_HOUR,CRASH_DAY_OF_WEEK,CRASH_MONTH,LATITUDE,LONGITUDE,LOCATION
32ec4b2a1d9a85b9e11401b0b7ec84e43b0367b736d98bfba9926e65b4da7d85b42c3da1e48a8b50f2cf93d8e2a2186f4155cf332c4e673e79faccc7b2f56700,HZ362358,,07/23/2016 05:00:00 PM,25,NO CONTROLS,NO CONTROLS,CLEAR,DAYLIGHT,ANGLE,ALLEY,1.0,STRAIGHT AND LEVEL,DRY,NO DEFECTS,NOT ON SCENE (DESK REPORT),NO INJURY / DRIVE AWAY,,,,"OVER $1,500",07/24/2016 02:10:00 PM,UNABLE TO DETERMINE,UNABLE TO DETERMINE,2228,N,SOUTHPORT AVE,1811.0,,,,,,,2,NO INDICATION OF INJURY,0.0,0.0,0.0,0.0,0.0,2.0,0.0,17,7,7,41.9224891949,-87.6633733598,POINT (-87.663373359799 41.922489194898)
e3d152f7319b97492a71fbd77cdf24a5a5279a500256954ad5c827cd814307efb385ed662c230265c584a226f166acaf54b669cbab1d42b9ea7de228f7293c8b,JE234708,,05/18/2021 09:16:00 PM,15,NO CONTROLS,NO CONTROLS,CLEAR,DAYLIGHT,PARKED MOTOR VEHICLE,DIVIDED - W/MEDIAN (NOT RAISED),,STRAIGHT AND LEVEL,DRY,NO DEFECTS,ON SCENE,NO INJURY / DRIVE AWAY,,,Y,"$501 - $1,500",05/18/2021 10:01:00 PM,IMPROPER BACKING,IMPROPER LANE USAGE,4211,N,GREENVIEW AVE,1912.0,,,,,,,2,NO INDICATION OF INJURY,0.0,0.0,0.0,0.0,0.0,1.0,0.0,21,3,5,41.9583322075,-87.6675039053,POINT (-87.667503905327 41.958332207495)
76876c9962f3627034f6621ab72b7dd2a8c4dbddc8f77eb28ae51150d9d39e9f54b43720e0bf627a05989594532071ccef44352d187756cf791e91f312b42f67,JA550352,,12/15/2017 02:45:00 PM,30,STOP SIGN/FLASHER,FUNCTIONING PROPERLY,CLEAR,DAYLIGHT,TURNING,NOT DIVIDED,0.0,STRAIGHT AND LEVEL,DRY,NO DEFECTS,ON SCENE,INJURY AND / OR TOW DUE TO CRASH,Y,,,"OVER $1,500",12/15/2017 02:50:00 PM,IMPROPER TURNING/NO SIGNAL,UNABLE TO DETERMINE,11031,S,VINCENNES AVE,2234.0,,,,,,,2,"REPORTED, NOT EVIDENT",1.0,0.0,0.0,0.0,1.0,1.0,0.0,14,6,12,41.692975959,-87.6625659382,POINT (-87.662565938197 41.692975958953)
32cc9240f3c2abbabf5ca7570e0642a4b569554892f23e5d04c917de51a1373b156da5c20c25d964389bd958086e93916a2924cf550fd87343a7d11d8580882c,JB388365,,08/11/2018 12:20:00 AM,30,TRAFFIC SIGNAL,FUNCTIONING PROPERLY,CLEAR,"DARKNESS, LIGHTED ROAD",TURNING,DIVIDED - W/MEDIAN (NOT RAISED),,STRAIGHT AND LEVEL,DRY,NO DEFECTS,ON SCENE,NO INJURY / DRIVE AWAY,Y,,,"OVER $1,500",08/11/2018 12:36:00 AM,IMPROPER LANE USAGE,NOT APPLICABLE,3159,N,HALSTED ST,1934.0,,,,,,,2,NO INDICATION OF INJURY,0.0,0.0,0.0,0.0,0.0,4.0,0.0,0,7,8,41.9395655803,-87.6491071543,POINT (-87.649107154329 41.939565580265)
0541a1bf153b03862f5588c7515f708255fed742c1f7f496a8052b694adc6eabd501031ccb1bb52e536bc391a598388af0e827ae57c0b6bde16edb8b2aca4fcd,JA385628,,08/10/2017 02:35:00 PM,30,TRAFFIC SIGNAL,FUNCTIONING PROPERLY,CLEAR,DAYLIGHT,SIDESWIPE SAME DIRECTION,NOT DIVIDED,2.0,STRAIGHT AND LEVEL,DRY,NO DEFECTS,ON SCENE,NO INJURY / DRIVE AWAY,Y,,,"OVER $1,500",08/10/2017 02:42:00 PM,IMPROPER OVERTAKING/PASSING,NOT APPLICABLE,1112,W,WILSON AVE,1913.0,,,,,,,2,NO INDICATION OF INJURY,0.0,0.0,0.0,0.0,0.0,4.0,0.0,14,5,8,41.9655020727,-87.6580136161,POINT (-87.658013616132 41.965502072745)
ec3de5f8a5fe28d899d9dc2a9ea5ee8514ef98f0942a08776e376b14b2ec2a05e6a98ab381269b3716451175a31d99ce823aec5f793bea4216eb9d3089cd55df,JF100941,,01/02/2022 12:20:00 AM,45,TRAFFIC SIGNAL,FUNCTIONING PROPERLY,SNOW,"DARKNESS, LIGHTED ROAD",FIXED OBJECT,DIVIDED - W/MEDIAN BARRIER,,STRAIGHT AND LEVEL,SNOW OR SLUSH,UNKNOWN,ON SCENE,INJURY AND / OR TOW DUE TO CRASH,,,N,"OVER $1,500",01/02/2022 12:20:00 AM,UNABLE TO DETERMINE,UNABLE TO DETERMINE,2000,E,HAYES DR,331.0,,,,,,,1,NO INDICATION OF INJURY,0.0,0.0,0.0,0.0,0.0,2.0,0.0,0,1,1,41.7805032359,-87.5775478764,POINT (-87.577547876387 41.780503235854)
655be6350b2de576458401180b02adceb3de491c9fcd408175a7455d77317da07fb7095581be232449b45b417f595d8b8c69e2b9793878230f2b484a9ded717b,JG396069,,08/24/2023 03:44:00 PM,30,NO CONTROLS,NO CONTROLS,CLEAR,DAWN,REAR END,NOT DIVIDED,,STRAIGHT AND LEVEL,DRY,NO DEFECTS,NOT ON SCENE (DESK REPORT),NO INJURY / DRIVE AWAY,,,Y,"OVER $1,500",08/24/2023 05:00:00 PM,UNABLE TO DETERMINE,NOT APPLICABLE,5601,S,DR MARTIN LUTHER KING JR DR,233.0,,,,,,,2,NO INDICATION OF INJURY,0.0,0.0,0.0,0.0,0.0,3.0,0.0,15,5,8,41.7929123442,-87.6157863043,POINT (-87.615786304315 41.792912344153)
1296e5db5ef288e8e1eb460637719651d350f89dcb2be70c655092270da124967fe0dca295c6ec2eb8588f852fd36509d95f814b7ad0e41ca7c0fb8377236d99,JB566976,,12/25/2018 03:00:00 PM,30,OTHER,NO CONTROLS,CLEAR,DAYLIGHT,ANGLE,OTHER,,STRAIGHT AND LEVEL,DRY,NO DEFECTS,ON SCENE,INJURY AND / OR TOW DUE TO CRASH,,,,"$501 - $1,500",12/25/2018 03:10:00 PM,FAILING TO YIELD RIGHT-OF-WAY,FAILING TO YIELD RIGHT-OF-WAY,4815,W,BERTEAU AVE,1624.0,,,,,,,2,NO INDICATION OF INJURY,0.0,0.0,0.0,0.0,0.0,2.0,0.0,15,3,12,41.9569531078,-87.7480600369,POINT (-87.748060036869 41.956953107789)
9dd6939e190f592b4b4f3816513129eadf57f7586f5667f34b853a9fc04a5bbfb17276bfdffdf1f5f733bf78594a1c9d702d958411f141cc9a31ce1aa4d9b4d3,JC241178,,04/27/2019 11:13:00 PM,35,STOP SIGN/FLASHER,FUNCTIONING PROPERLY,RAIN,DAWN,REAR END,DIVIDED - W/MEDIAN BARRIER,,STRAIGHT AND LEVEL,WET,NO DEFECTS,ON SCENE,INJURY AND / OR TOW DUE TO CRASH,,,Y,"OVER $1,500",04/27/2019 11:13:00 PM,NOT APPLICABLE,NOT APPLICABLE,3200,W,79TH ST,835.0,,,,,,,2,NO INDICATION OF INJURY,0.0,0.0,0.0,0.0,0.0,3.0,0.0,23,7,4,41.7499520014,-87.7024484781,POINT (-87.702448478087 41.749952001423)
48f0f3a99c0e6f3d45321dad5e3b635655f9d98131928b159e71656c57a84022b9714c861ff0152e75b241ca56336048f70d8e3d168bdfaf4500422a245105d8,JA321203,,06/24/2017 06:40:00 PM,10,STOP SIGN/FLASHER,FUNCTIONING PROPERLY,CLEAR,DAYLIGHT,SIDESWIPE SAME DIRECTION,PARKING LOT,,STRAIGHT AND LEVEL,DRY,NO DEFECTS,NOT ON SCENE (DESK REPORT),NO INJURY / DRIVE AWAY,,,,"$501 - $1,500",06/24/2017 07:40:00 PM,UNABLE TO DETERMINE,UNABLE TO DETERMINE,5801,S,CICERO AVE,813.0,,,,,,,2,NO INDICATION OF INJURY,0.0,0.0,0.0,0.0,0.0,2.0,0.0,18,7,6,41.7876639642,-87.7412668115,POINT (-87.741266811509 41.787663964197)
0fd4eb407d95c5ab2076dfd9d0fb2ca9f27e63642d96d1b123163527fd41180e400729b6796d9ec9682332f0f5858d7f69b6bbe62a6287874ce9f6bc8e891485,HZ552128,,12/14/2016 11:30:00 PM,30,NO CONTROLS,NO CONTROLS,CLEAR,DARKNESS,SIDESWIPE SAME DIRECTION,UNKNOWN,2.0,STRAIGHT AND LEVEL,DRY,NO DEFECTS,NOT ON SCENE (DESK REPORT),NO INJURY / DRIVE AWAY,,,,"OVER $1,500",12/15/2016 01:00:00 AM,UNABLE TO DETERMINE,UNABLE TO DETERMINE,6100,S,KEDZIE AVE,823.0,,,,,,,2,NO INDICATION OF INJURY,0.0,0.0,0.0,0.0,0.0,3.0,0.0,23,4,12,41.7825569013,-87.703389652,POINT (-87.703389652003 41.782556901255)
adc036a0de4725ff9b1d780b7ba2bec13469cc2a8fe1795291f9080dbb99d18f39ea88738f02c393648ddeebe7349b6f662267c507567f919aff960cf7da6101,JE161026,,02/10/2021 01:50:00 PM,45,TRAFFIC SIGNAL,FUNCTIONING PROPERLY,UNKNOWN,DAYLIGHT,REAR END,DIVIDED - W/MEDIAN BARRIER,,STRAIGHT AND LEVEL,UNKNOWN,NO DEFECTS,NOT ON SCENE (DESK REPORT),NO INJURY / DRIVE AWAY,,,,"OVER $1,500",03/06/2021 03:15:00 PM,UNABLE TO DETERMINE,NOT APPLICABLE,12800,W,IRVING PARK RD,1654.0,,,,,,,2,NO INDICATION OF INJURY,0.0,0.0,0.0,0.0,0.0,2.0,0.0,13,4,2,,,
696ab5ef3d3063e7df92fe9adbb3dcafef46ae41d2b86144c11f6f8dae2acd8e11576f2f7c867c7e5d2464b510cf3d8366986f6cab90f960974708e41bce3771,JE458260,,11/27/2021 11:15:00 AM,30,NO CONTROLS,NO CONTROLS,CLOUDY/OVERCAST,DAYLIGHT,PARKED MOTOR VEHICLE,NOT DIVIDED,,STRAIGHT AND LEVEL,DRY,NO DEFECTS,ON SCENE,NO INJURY / DRIVE AWAY,,,Y,"$501 - $1,500",11/27/2021 11:15:00 AM,UNABLE TO DETERMINE,NOT APPLICABLE,156,N,CENTRAL PARK DR,1122.0,,,,,,,2,NO INDICATION OF INJURY,0.0,0.0,0.0,0.0,0.0,1.0,0.0,11,7,11,41.8843371973,-87.7168286866,POINT (-87.716828686644 41.884337197299)
394cfee7590078ae9331e1eca1f3eb8089791d37ea8ecf171c9d753996f490d074dc5c79f2302168552eef750a91c719835af029fedbbddc1dad6299c08d9194,JE435830,,11/06/2021 09:40:00 AM,30,NO CONTROLS,NO CONTROLS,CLEAR,DAYLIGHT,REAR END,NOT DIVIDED,,STRAIGHT AND LEVEL,DRY,UNKNOWN,NOT ON SCENE (DESK REPORT),NO INJURY / DRIVE AWAY,,,,"$501 - $1,500",11/06/2021 10:15:00 AM,UNABLE TO DETERMINE,UNABLE TO DETERMINE,1800,W,FULLERTON AVE,1931.0,,,,,,,2,NO INDICATION OF INJURY,0.0,0.0,0.0,0.0,0.0,2.0,0.0,9,7,11,41.9251989708,-87.6728585434,POINT (-87.672858543387 41.925198970835)
a117bc37275375e17e73e3ecff05a0f5ea7d10fce2019b475b94e4fc569c3432fafa4ea60d36c5b7748692006b0621636b2575641b84519d8b72c275f46da843,JD176795,,03/06/2020 10:15:00 PM,35,NO CONTROLS,NO CONTROLS,CLEAR,"DARKNESS, LIGHTED ROAD",SIDESWIPE SAME DIRECTION,NOT DIVIDED,,STRAIGHT AND LEVEL,DRY,NO DEFECTS,NOT ON SCENE (DESK REPORT),NO INJURY / DRIVE AWAY,,,,"OVER $1,500",03/06/2020 11:15:00 PM,IMPROPER LANE USAGE,NOT APPLICABLE,540,N,MICHIGAN AVE,1834.0,,,,,,,2,NO INDICATION OF INJURY,0.0,0.0,0.0,0.0,0.0,2.0,0.0,22,6,3,41.8921407837,-87.6243127844,POINT (-87.624312784422 41.89214078372)
b34ab18cc245ec5b187e93b582821b2afcf239cb987b661ebd1c3f8f4d42765fbe37104af926e79800c0b727367dd0817dc5eecafae53caf26d0204b84e4f935,JA484590,,10/21/2017 02:40:00 PM,25,STOP SIGN/FLASHER,FUNCTIONING PROPERLY,CLEAR,DAYLIGHT,PEDALCYCLIST,NOT DIVIDED,,STRAIGHT AND LEVEL,DRY,NO DEFECTS,NOT ON SCENE (DESK REPORT),INJURY AND / OR TOW DUE TO CRASH,Y,,,$500 OR LESS,10/24/2017 07:19:00 PM,UNABLE TO DETERMINE,UNABLE TO DETERMINE,5999,N,ORIOLE AVE,1612.0,,,,,,,2,"REPORTED, NOT EVIDENT",1.0,0.0,0.0,0.0,1.0,1.0,0.0,14,7,10,41.9887048547,-87.8166551176,POINT (-87.816655117614 41.988704854746)
48e5f258315e1fe37cdd1b9dcbe07d7c488944a6009dea053c3555f5307fa688d69862517d8196f6cefd5d52ff5ffe403cd8712765ab3dce825f6fd5249240c2,JB183696,,03/13/2018 01:00:00 AM,25,NO CONTROLS,NO CONTROLS,CLEAR,"DARKNESS, LIGHTED ROAD",OTHER NONCOLLISION,OTHER,1.0,STRAIGHT AND LEVEL,DRY,NO DEFECTS,ON SCENE,NO INJURY / DRIVE AWAY,,,Y,"OVER $1,500",03/13/2018 01:05:00 AM,NOT APPLICABLE,NOT APPLICABLE,8235,S,ELLIS AVE,631.0,,,,,,,1,,,,,,,,,1,3,3,41.7448027675,-87.6000035418,POINT (-87.600003541763 41.744802767485)
fed709a15bcedac1ef33e60c395dff462bf7f078e576cbfdf13b58731000e6c0f0c605570547c7a2205b6d8206f18a62ba40325e60cd561a84b7216b75b4b40d,JF391363,,09/11/2022 01:15:00 AM,30,NO CONTROLS,NO CONTROLS,CLEAR,"DARKNESS, LIGHTED ROAD",SIDESWIPE SAME DIRECTION,DIVIDED - W/MEDIAN BARRIER,,STRAIGHT ON GRADE,DRY,NO DEFECTS,ON SCENE,NO INJURY / DRIVE AWAY,,,Y,"$501 - $1,500",09/11/2022 01:17:00 AM,IMPROPER LANE USAGE,UNABLE TO DETERMINE,350,N,WESTERN AVE,1222.0,,,,,,,2,NO INDICATION OF INJURY,0.0,0.0,0.0,0.0,0.0,2.0,0.0,1,1,9,41.88816837,-87.6867677379,POINT (-87.686767737894 41.888168370012)
5fb558ee4cffe1435d7ddb6f8248e4d38b87546e5b3e7ab58d377ff6430baccb5147fa9f9125f378369354bde6964ac7fc8760dec90441046da95d82ec0ade2e,HY510381,Y,11/21/2015 04:15:00 PM,30,STOP SIGN/FLASHER,FUNCTIONING PROPERLY,SNOW,DUSK,FIXED OBJECT,DIVIDED - W/MEDIAN (NOT RAISED),2.0,STRAIGHT AND LEVEL,SNOW OR SLUSH,NO DEFECTS,NOT ON SCENE (DESK REPORT),NO INJURY / DRIVE AWAY,,,,"OVER $1,500",11/21/2015 05:00:00 PM,UNABLE TO DETERMINE,UNABLE TO DETERMINE,8300,S,ANTHONY AVE,412.0,,,,,,,2,NO INDICATION OF INJURY,0.0,0.0,0.0,0.0,0.0,2.0,0.0,16,7,11,41.7441902767,-87.5787790195,POINT (-87.578779019546 41.744190276689)
700f51386ef4a950881f1c1839cd1716bf489e95bc3991c23eae2107b9d96c71c3d0d91536f6948e24baf666b0341bc0abe7ceaf611eaf25f5987185e6cabd19,JG470369,,10/18/2023 10:30:00 PM,35,TRAFFIC SIGNAL,FUNCTIONING PROPERLY,CLEAR,"DARKNESS, LIGHTED ROAD",REAR END,DIVIDED - W/MEDIAN (NOT RAISED),,STRAIGHT AND LEVEL,WET,NO DEFECTS,NOT ON SCENE (DESK REPORT),INJURY AND / OR TOW DUE TO CRASH,Y,,Y,"OVER $1,500",10/19/2023 05:10:00 PM,FOLLOWING TOO CLOSELY,UNABLE TO DETERMINE,51,W,LAKE ST,111.0,,,,,,,2,NO INDICATION OF INJURY,0.0,0.0,0.0,0.0,0.0,2.0,0.0,22,4,10,41.8856327171,-87.6298443835,POINT (-87.629844383486 41.885632717056)
a9a125b667150125a46701e77a7253aaff84eb44a69acec94724c194496ec785c403ea5d9fd682b539fae78eb616a95ee3a1b23174b609757d6c2494386c0db4,HZ361182,,07/23/2016 01:55:00 PM,25,NO CONTROLS,NO CONTROLS,CLEAR,DAYLIGHT,PARKED MOTOR VEHICLE,ONE-WAY,1.0,STRAIGHT AND LEVEL,DRY,NO DEFECTS,NOT ON SCENE (DESK REPORT),NO INJURY / DRIVE AWAY,,,,"$501 - $1,500",07/23/2016 02:56:00 PM,UNABLE TO DETERMINE,UNABLE TO DETERMINE,6437,S,MOZART ST,823.0,,,,,,,2,NO INDICATION OF INJURY,0.0,0.0,0.0,0.0,0.0,1.0,0.0,13,7,7,41.7761672354,-87.6943904709,POINT (-87.694390470925 41.776167235379)
eba8d0e0561c496e25ed5d382cd58d87999e37ab5f7c0c2cc47dde92c59fc92cba687ad1509d53516c999e59a07d1961f73107e725d90714bc2ce69d05c8bb1d,JC313698,,06/19/2019 08:30:00 PM,30,TRAFFIC SIGNAL,FUNCTIONING PROPERLY,RAIN,"DARKNESS, LIGHTED ROAD",REAR END,NOT DIVIDED,,STRAIGHT AND LEVEL,SNOW OR SLUSH,UNKNOWN,NOT ON SCENE (DESK REPORT),NO INJURY / DRIVE AWAY,,,,$500 OR LESS,06/19/2019 09:50:00 PM,FOLLOWING TOO CLOSELY,FOLLOWING TOO CLOSELY,700,N,WELLS ST,1831.0,,,,,,,2,NO INDICATION OF INJURY,0.0,0.0,0.0,0.0,0.0,2.0,0.0,20,4,6,41.8948304919,-87.6343005385,POINT (-87.63430053853 41.894830491888)
c1211a1e6254a73349e0fd2ef5a50e3e8f09a30ed06600d7252b32eb5fd317016a18b10876f55faea922a7e2da48a8c7925c1f3b088908efaa7fd2a43367798b,JD286340,,07/05/2020 01:50:00 AM,30,NO CONTROLS,NO CONTROLS,CLEAR,"DARKNESS, LIGHTED ROAD",PARKED MOTOR VEHICLE,NOT DIVIDED,,STRAIGHT AND LEVEL,DRY,NO DEFECTS,ON SCENE,NO INJURY / DRIVE AWAY,,,,$500 OR LESS,07/05/2020 01:51:00 AM,DRIVING ON WRONG SIDE/WRONG WAY,NOT APPLICABLE,1534,S,CENTRAL PARK AVE,1014.0,,,,,,,2,NO INDICATION OF INJURY,0.0,0.0,0.0,0.0,0.0,2.0,0.0,1,1,7,41.8597444245,-87.7153748775,POINT (-87.715374877526 41.859744424452)
ec0d062b52967df4d2fa6ad4536a0957e54e7790c55c897e6f942f08ba599515318b80e83d08c593461e935f0f8fd4ec000beddeb6b444f902cab4d8b25892d0,JC418084,,09/03/2019 08:30:00 AM,30,NO CONTROLS,NO CONTROLS,RAIN,DAYLIGHT,REAR END,DIVIDED - W/MEDIAN (NOT RAISED),,STRAIGHT AND LEVEL,WET,NO DEFECTS,NOT ON SCENE (DESK REPORT),NO INJURY / DRIVE AWAY,,,,"$501 - $1,500",09/03/2019 09:10:00 AM,FOLLOWING TOO CLOSELY,NOT APPLICABLE,5347,N,KEDZIE AVE,1712.0,,,,,,,4,NO INDICATION OF INJURY,0.0,0.0,0.0,0.0,0.0,5.0,0.0,8,3,9,41.9788665446,-87.7086111541,POINT (-87.708611154131 41.97886654463)
f3f2fa4e6c09a8ae639b59fe4f7b5478902842f5d153617bf01074e50518770905a11cff0ecb3d17520be416693f1dceafc64bbaef515791f378d7b976e6ba8b,JD273647,,06/23/2020 01:50:00 PM,30,TRAFFIC SIGNAL,FUNCTIONING PROPERLY,CLEAR,DAYLIGHT,SIDESWIPE SAME DIRECTION,NOT DIVIDED,,STRAIGHT AND LEVEL,DRY,NO DEFECTS,NOT ON SCENE (DESK REPORT),INJURY AND / OR TOW DUE TO CRASH,Y,,,"OVER $1,500",06/23/2020 02:30:00 PM,IMPROPER LANE USAGE,NOT APPLICABLE,1213,N,MILWAUKEE AVE,1433.0,,,,,,,2,"REPORTED, NOT EVIDENT",1.0,0.0,0.0,0.0,1.0,3.0,0.0,13,3,6,41.9037282581,-87.6668384324,POINT (-87.666838432406 41.903728258083)
38852ea48a282692a66397eddd1d5299ffb6dbfa7683210a843e5846f9e00972049cec326c042fb937b832d0a85b66847bbeff03c2ce3e15ef8e243078e91d2d,JD114448,,01/13/2020 04:18:00 PM,35,NO CONTROLS,NO CONTROLS,CLEAR,DAWN,SIDESWIPE SAME DIRECTION,NOT DIVIDED,,STRAIGHT AND LEVEL,DRY,UNKNOWN,NOT ON SCENE (DESK REPORT),NO INJURY / DRIVE AWAY,,,,$500 OR LESS,01/13/2020 05:00:00 PM,IMPROPER TURNING/NO SIGNAL,NOT APPLICABLE,2150,S,CALIFORNIA AVE,1023.0,,,,,,,2,NO INDICATION OF INJURY,0.0,0.0,0.0,0.0,0.0,2.0,0.0,16,2,1,41.8521971914,-87.6956001429,POINT (-87.695600142932 41.852197191395)
de338288b944dd99c75bc9dcf66792a82f0f671ce4aff25cff1694cb7a3c33b43aae6e6d7b0cd271287480507151d098e576850425b0d6df572f505336a9100d,JC288856,Y,06/01/2019 05:00:00 PM,30,NO CONTROLS,NO CONTROLS,UNKNOWN,DAYLIGHT,PARKED MOTOR VEHICLE,NOT DIVIDED,,STRAIGHT AND LEVEL,DRY,NO DEFECTS,NOT ON SCENE (DESK REPORT),NO INJURY / DRIVE AWAY,,,Y,"$501 - $1,500",06/02/2019 11:45:00 AM,UNABLE TO DETERMINE,UNABLE TO DETERMINE,515,S,SACRAMENTO BLVD,1135.0,,,,,,,2,NO INDICATION OF INJURY,0.0,0.0,0.0,0.0,0.0,1.0,0.0,17,7,6,,,
1e0e665a97d368ba412a25f19cd009a93ec4168554e88c62a740d1885b4ab9cbc25e61697222c4703f9762c703b006afd737de9d736a5c2c485b815dda729d91,JA287344,,05/31/2017 11:00:00 PM,25,NO CONTROLS,NO CONTROLS,CLEAR,"DARKNESS, LIGHTED ROAD",SIDESWIPE OPPOSITE DIRECTION,NOT DIVIDED,2.0,STRAIGHT AND LEVEL,DRY,NO DEFECTS,ON SCENE,NO INJURY / DRIVE AWAY,,Y,Y,"$501 - $1,500",05/31/2017 11:05:00 PM,NOT APPLICABLE,NOT APPLICABLE,2103,W,67TH PL,726.0,,,,,,,2,NO INDICATION OF INJURY,0.0,0.0,0.0,0.0,0.0,3.0,0.0,23,4,5,41.7710261223,-87.6762614996,POINT (-87.6762614996 41.771026122325)
06e053652bbc3fcbcf6bc4c993dc76e870279104201983bde8c77cfd5910d2d004d8119e45247c7f22bc9dd60338b342bfe2b499cc01f0cb86147260384f3047,HZ168610,,02/28/2016 11:10:00 PM,30,NO CONTROLS,NO CONTROLS,CLEAR,"DARKNESS, LIGHTED ROAD",TURNING,NOT DIVIDED,2.0,STRAIGHT AND LEVEL,DRY,NO DEFECTS,NOT ON SCENE (DESK REPORT),NO INJURY / DRIVE AWAY,,,,"$501 - $1,500",02/28/2016 11:30:00 PM,FAILING TO YIELD RIGHT-OF-WAY,IMPROPER LANE USAGE,3410,N,CLARK ST,1924.0,,,,,,,2,NO INDICATION OF INJURY,0.0,0.0,0.0,0.0,0.0,2.0,0.0,23,1,2,41.9439085043,-87.6540331161,POINT (-87.654033116057 41.943908504281)
352c78b3ee8b6ce79d7bc7892b7606977a10b5ded949493796de060eb9d55bc62863cc7a04137a193235ba0b629de7d09b82d1027e66bae16ee32098cc6d29a7,JF204500,,04/11/2022 11:43:00 AM,30,NO CONTROLS,NO CONTROLS,CLEAR,DAYLIGHT,PARKED MOTOR VEHICLE,ONE-WAY,,STRAIGHT AND LEVEL,DRY,UNKNOWN,ON SCENE,INJURY AND / OR TOW DUE TO CRASH,,,,"OVER $1,500",04/11/2022 12:23:00 PM,FAILING TO REDUCE SPEED TO AVOID CRASH,IMPROPER LANE USAGE,2426,S,TRUMBULL AVE,1024.0,,,,,,,2,NO INDICATION OF INJURY,0.0,0.0,0.0,0.0,0.0,1.0,0.0,11,2,4,41.8472388421,-87.7113552985,POINT (-87.711355298507 41.847238842072)
ac149690857a61dbb7333924c505f12737029927e1c869b3bd51478013f08aeb7ed1e7369c74bd65e00b6325c514998a9f579a28313e9c3d9c41363e7594bf1d,JB454216,,09/28/2018 10:55:00 AM,30,NO CONTROLS,OTHER,CLEAR,DAYLIGHT,TURNING,DIVIDED - W/MEDIAN (NOT RAISED),,STRAIGHT AND LEVEL,DRY,NO DEFECTS,ON SCENE,INJURY AND / OR TOW DUE TO CRASH,,,,"OVER $1,500",09/28/2018 11:00:00 AM,UNABLE TO DETERMINE,NOT APPLICABLE,958,W,PERSHING RD,915.0,,,,,,,2,NO INDICATION OF INJURY,0.0,0.0,0.0,0.0,0.0,2.0,0.0,10,6,9,41.8235081473,-87.6502897424,POINT (-87.650289742372 41.823508147327)
2ab0d8670fedc9475ec14547d1155f1705e788574b1bdaee114953dbf8140435e333a5b0e534897b1f161816cd3f36c0ed2935a245a417ebf40f005e46384773,JG359368,Y,07/28/2023 02:30:00 AM,30,NO CONTROLS,NO CONTROLS,CLEAR,DARKNESS,PARKED MOTOR VEHICLE,ONE-WAY,,STRAIGHT AND LEVEL,DRY,NO DEFECTS,NOT ON SCENE (DESK REPORT),NO INJURY / DRIVE AWAY,,,Y,"OVER $1,500",07/28/2023 10:30:00 AM,UNABLE TO DETERMINE,UNABLE TO DETERMINE,7653,S,MARSHFIELD AVE,611.0,,,,,,,2,NO INDICATION OF INJURY,0.0,0.0,0.0,0.0,0.0,1.0,0.0,2,6,7,41.7542408509,-87.6646040989,POINT (-87.664604098936 41.754240850861)
74a8067123add9cd41b8202b14783cb13b1448334fe36926df5dfd7f879ad5f39bbe8d82ab23bc5aebc0ec67a649ffaedbecdfb04ca96a181b6c0ad5b49484dd,JC344320,,07/11/2019 01:48:00 PM,30,TRAFFIC SIGNAL,FUNCTIONING PROPERLY,CLEAR,DAYLIGHT,TURNING,DIVIDED - W/MEDIAN BARRIER,,STRAIGHT AND LEVEL,DRY,NO DEFECTS,NOT ON SCENE (DESK REPORT),NO INJURY / DRIVE AWAY,Y,,,"OVER $1,500",07/11/2019 03:10:00 PM,FAILING TO YIELD RIGHT-OF-WAY,IMPROPER TURNING/NO SIGNAL,140,N,LA SALLE ST,122.0,,,,,,,2,NO INDICATION OF INJURY,0.0,0.0,0.0,0.0,0.0,2.0,0.0,13,5,7,41.8842525065,-87.6325786655,POINT (-87.63257866551 41.884252506546)