CRASH_RECORD_ID,RD_NO,CRASH_DATE_EST_I,CRASH_DATE,POSTED_SPEED_LIMIT,TRAFFIC_CONTROL_DEVICE,DEVICE_CONDITION,WEATHER_CONDITION,LIGHTING_CONDITION,FIRST_CRASH_TYPE,TRAFFICWAY_TYPE,LANE_CNT,ALIGNMENT,ROADWAY_SURFACE_COND,ROAD_DEFECT,REPORT_TYPE,CRASH_TYPE,INTERSECTION_RELATED_I,NOT_RIGHT_OF_WAY_I,HIT_AND_RUN_I,DAMAGE,DATE_POLICE_NOTIFIED,PRIM_CONTRIBUTORY_CAUSE,SEC_CONTRIBUTORY_CAUSE,STREET_NO,STREET_DIRECTION,STREET_NAME,BEAT_OF_OCCURRENCE,PHOTOS_TAKEN_I,STATEMENTS_TAKEN_I,DOORING_I,WORK_ZONE_I,WORK_ZONE_TYPE,WORKERS_PRESENT_I,NUM_UNITS,MOST_SEVERE_INJURY,INJURIES_TOTAL,INJURIES_FATAL,INJURIES_INCAPACITATING,INJURIES_NON_INCAPACITATING,INJURIES_REPORTED_NOT_EVIDENT,INJURIES_NO_INDICATION,INJURIES_UNKNOWN,CRASH_HOUR,CRASH_DAY_OF_WEEK,CRASH_MONTH,LATITUDE,LONGITUDE,LOCATION
eab1d837e7f5c2ef8aa1b90f26ee7812959e1e21dcbb88ac5fb65dc608ad81814d19de3496542ae9e12cf87fde1df1acf94ab2028403d84772450b9b9233963e,JA496386,,11/02/2017 01:30:00 PM,30,NO CONTROLS,NO CONTROLS,CLEAR,DAYLIGHT,ANGLE,PARKING LOT,0.0,STRAIGHT AND LEVEL,DRY,NO DEFECTS,NOT ON SCENE (DESK REPORT),NO INJURY / DRIVE AWAY,,,,"OVER $1,500",11/02/2017 06:58:00 PM,IMPROPER BACKING,NOT APPLICABLE,2416,S,PULASKI RD,1013.0,,,,,,,2,NO INDICATION OF INJURY,0.0,0.0,0.0,0.0,0.0,3.0,0.0,13,5,11,41.8473142453,-87.7247881029,POINT (-87.724788102913 41.847314245326)
b0beee5ddb518328ddb8887d65013b60454893797085bc493a0f2e47371d57c0290c7dc15f7ad2cd21cf4c2fd5b67abaaf99f97f682a41fbbf8d441ab7022d49,JC476685,,10/17/2019 08:45:00 PM,30,STOP SIGN/FLASHER,FUNCTIONING PROPERLY,CLEAR,"DARKNESS, LIGHTED ROAD",ANGLE,FOUR WAY,,STRAIGHT AND LEVEL,DRY,NO DEFECTS,ON SCENE,NO INJURY / DRIVE AWAY,Y,,,"OVER $1,500",10/17/2019 08:47:00 PM,FAILING TO YIELD RIGHT-OF-WAY,DRIVING SKILLS/KNOWLEDGE/EXPERIENCE,1029,E,79TH ST,624.0,,,,,,,2,NO INDICATION OF INJURY,0.0,0.0,0.0,0.0,0.0,7.0,0.0,20,5,10,41.7512408516,-87.5991867002,POINT (-87.59918670015 41.751240851592)
8de1d2999162622349c53630563e551322bb4cef19c38f98bb398c347d1c7b6d384ba72d19d59c5724c0dcf84d0c0d2f0420282a57ed2da644686c8b26500e9f,JD197518,,03/29/2020 12:20:00 PM,30,TRAFFIC SIGNAL,FUNCTIONING PROPERLY,CLEAR,DAYLIGHT,TURNING,DIVIDED - W/MEDIAN (NOT RAISED),,STRAIGHT AND LEVEL,DRY,NO DEFECTS,,INJURY AND / OR TOW DUE TO CRASH,Y,,,"OVER $1,500",03/29/2020 12:30:00 PM,FAILING TO YIELD RIGHT-OF-WAY,UNABLE TO DETERMINE,4400,W,GRAND AVE,2533.0,,,,,,,2,NO INDICATION OF INJURY,0.0,0.0,0.0,0.0,0.0,3.0,0.0,12,1,3,41.9101814096,-87.7362488704,POINT (-87.736248870407 41.910181409597)
167e25f5ebc616a01854484c44c301816aedb50a918a5b743125cb4769dce8c3bfae32b25f04a1b276bdb4c0406e0365a9b4bfa0ded28ed258bc18a68be8437b,JB574234,,12/31/2018 05:15:00 PM,30,NO CONTROLS,NO CONTROLS,RAIN,"DARKNESS, LIGHTED ROAD",ANGLE,DIVIDED - W/MEDIAN (NOT RAISED),,STRAIGHT AND LEVEL,WET,NO DEFECTS,NOT ON SCENE (DESK REPORT),NO INJURY / DRIVE AWAY,,,,$500 OR LESS,12/31/2018 08:15:00 PM,FAILING TO YIELD RIGHT-OF-WAY,FAILING TO REDUCE SPEED TO AVOID CRASH,1155,S,CANAL ST,124.0,,,,,,,2,NO INDICATION OF INJURY,0.0,0.0,0.0,0.0,0.0,2.0,0.0,17,2,12,41.8674490344,-87.6390477525,POINT (-87.639047752499 41.867449034417)
e791df518e066a598b96379e7271fafb35be656c29905bae231abcbde0f7e08bca1b5a21cdc35daddb83233f816bea193da800ecb9ecb79d1200421ea9b5b538,JB535201,,11/30/2018 07:50:00 AM,30,NO CONTROLS,NO CONTROLS,CLEAR,DAWN,SIDESWIPE SAME DIRECTION,NOT DIVIDED,,STRAIGHT AND LEVEL,DRY,NO DEFECTS,NOT ON SCENE (DESK REPORT),NO INJURY / DRIVE AWAY,,,Y,"$501 - $1,500",11/30/2018 07:15:00 PM,UNABLE TO DETERMINE,UNABLE TO DETERMINE,3255,W,79TH ST,834.0,,,,,,,2,NO INDICATION OF INJURY,0.0,0.0,0.0,0.0,0.0,2.0,0.0,7,6,11,41.7496009694,-87.7044560633,POINT (-87.704456063302 41.74960096945)
efa9b44cc825a0f3dd3b9f3d519d4de399c8beb161d14a7eec270835faf661bc19ce41899220d453f32a76b7b79aa66a398aba7a24c717dad3a6013ab8924064,JC286440,,05/31/2019 02:15:00 PM,30,NO CONTROLS,NO CONTROLS,CLEAR,DAYLIGHT,REAR END,NOT DIVIDED,,STRAIGHT AND LEVEL,UNKNOWN,UNKNOWN,NOT ON SCENE (DESK REPORT),NO INJURY / DRIVE AWAY,,,Y,"$501 - $1,500",05/31/2019 03:17:00 PM,IMPROPER OVERTAKING/PASSING,IMPROPER OVERTAKING/PASSING,2950,N,LINCOLN AVE,1932.0,,,,,,,2,NO INDICATION OF INJURY,0.0,0.0,0.0,0.0,0.0,3.0,0.0,14,6,5,41.9353984986,-87.6628979213,POINT (-87.662897921268 41.935398498644)
b35e75b3b594a4ce6f55cf116221b4b2f29510a56d420011c8fd4c698cc4d18aa580caa131bb1640257a6b32f41a6fd9a3610971e8a6c2d008093f2c652d133d,JD151816,,02/14/2020 04:10:00 PM,20,NO CONTROLS,NO CONTROLS,CLEAR,DAYLIGHT,ANGLE,NOT DIVIDED,,STRAIGHT AND LEVEL,DRY,NO DEFECTS,NOT ON SCENE (DESK REPORT),NO INJURY / DRIVE AWAY,,,,$500 OR LESS,02/14/2020 04:25:00 PM,NOT APPLICABLE,NOT APPLICABLE,6500,S,BELL AVE,832.0,,,,,,,2,NO INDICATION OF INJURY,0.0,0.0,0.0,0.0,0.0,2.0,0.0,16,6,2,41.7755365152,-87.6799088145,POINT (-87.679908814496 41.775536515211)
399f018e0f48a01da925284815d1df7396e471a8c6f3941c25987243de16d72cfff2989d81bbdbc3c1dce566c705cc65cd0b05eae5e116f6ffca66690d3626b5,JB401058,,08/20/2018 10:00:00 AM,30,NO CONTROLS,NO CONTROLS,CLEAR,DAYLIGHT,FIXED OBJECT,NOT DIVIDED,,STRAIGHT AND LEVEL,DRY,NO DEFECTS,ON SCENE,NO INJURY / DRIVE AWAY,,,,"OVER $1,500",08/20/2018 10:05:00 AM,UNABLE TO DETERMINE,NOT APPLICABLE,1821,W,TOUHY AVE,2424.0,,,,,,,1,NO INDICATION OF INJURY,0.0,0.0,0.0,0.0,0.0,1.0,0.0,10,2,8,42.0124918158,-87.6766259698,POINT (-87.67662596981 42.012491815763)
2a0bcbaa00c591339ecd1d4702072490298843f964dd2136918a99ea548ae15a79e28c637a12cef760746b2a130cef461769cb33dd1521842f2469e56ae21775,JF324615,Y,07/19/2022 08:30:00 PM,30,NO CONTROLS,NO CONTROLS,CLEAR,"DARKNESS, LIGHTED ROAD",TURNING,FOUR WAY,,STRAIGHT AND LEVEL,UNKNOWN,NO DEFECTS,NOT ON SCENE (DESK REPORT),NO INJURY / DRIVE AWAY,Y,,Y,"$501 - $1,500",07/20/2022 11:30:00 AM,UNABLE TO DETERMINE,UNABLE TO DETERMINE,7300,S,ALBANY AVE,835.0,,,,,,,2,NO INDICATION OF INJURY,0.0,0.0,0.0,0.0,0.0,4.0,0.0,20,3,7,41.7606810678,-87.7004085507,POINT (-87.700408550653 41.76068106775)
4c7a0f6f751f2b5395d0dd5f0e6df491be47654a7ef906ec434a7319ec2753dbf185a37453f14367d002f031cefd3e4140cf316ed3156b83fdf86832bf690bb9,JD147181,,02/10/2020 05:20:00 PM,30,TRAFFIC SIGNAL,FUNCTIONING PROPERLY,CLEAR,DAWN,PARKED MOTOR VEHICLE,NOT DIVIDED,,STRAIGHT AND LEVEL,DRY,NO DEFECTS,NOT ON SCENE (DESK REPORT),NO INJURY / DRIVE AWAY,,,Y,"$501 - $1,500",02/10/2020 07:15:00 PM,FOLLOWING TOO CLOSELY,FOLLOWING TOO CLOSELY,2200,S,WENTWORTH AVE,914.0,,,,,,,2,NO INDICATION OF INJURY,0.0,0.0,0.0,0.0,0.0,2.0,0.0,17,2,2,41.8528166817,-87.6321552892,POINT (-87.632155289181 41.852816681706)
4f5ba2a193f8db2f95310b8863715494e1f5977c2dacbc8f7c2c21f2594a78a5ed2c0ea8cc9b7fb8dc37b3d89db1e2d4095637a3508736d763802af80da7636c,JB351408,,07/16/2018 12:45:00 AM,30,NO CONTROLS,NO CONTROLS,CLOUDY/OVERCAST,"DARKNESS, LIGHTED ROAD",PARKED MOTOR VEHICLE,CENTER TURN LANE,,STRAIGHT AND LEVEL,DRY,NO DEFECTS,ON SCENE,NO INJURY / DRIVE AWAY,,,Y,$500 OR LESS,07/16/2018 01:45:00 AM,IMPROPER BACKING,IMPROPER BACKING,4441,N,BROADWAY,1914.0,,,,,,,2,NO INDICATION OF INJURY,0.0,0.0,0.0,0.0,0.0,1.0,0.0,0,2,7,41.9628918719,-87.6557059303,POINT (-87.655705930312 41.962891871919)
f1d08ff4012686d897f14fa5c06450c8d765fad1f0f3e54ed39c1b03503d327e46cac316aa54d86e7b88476101fd6ae23dc1efe5edd99a8d5ad2dc12df3b4c61,JF177611,,03/17/2022 08:30:00 AM,30,NO CONTROLS,NO CONTROLS,UNKNOWN,UNKNOWN,PARKED MOTOR VEHICLE,NOT DIVIDED,,STRAIGHT AND LEVEL,UNKNOWN,UNKNOWN,ON SCENE,INJURY AND / OR TOW DUE TO CRASH,,,Y,"$501 - $1,500",03/17/2022 08:10:00 PM,UNABLE TO DETERMINE,NOT APPLICABLE,6533,N,GLENWOOD AVE,2432.0,,,,,,,2,NO INDICATION OF INJURY,0.0,0.0,0.0,0.0,0.0,1.0,0.0,8,5,3,42.0010670242,-87.6654554807,POINT (-87.665455480684 42.00106702424)
c0a8d684a2017c36d6a0b5712aa4af870828519cf79559a3c199a44c63542fb78fa6a696f45db2523532bba69bffa1a3a2926af3797fc95d6f5d9f32d85df804,JF190463,,03/29/2022 02:45:00 PM,30,NO CONTROLS,NO CONTROLS,CLOUDY/OVERCAST,DAYLIGHT,PARKED MOTOR VEHICLE,NOT DIVIDED,,STRAIGHT AND LEVEL,DRY,NO DEFECTS,ON SCENE,INJURY AND / OR TOW DUE TO CRASH,,,Y,"OVER $1,500",03/29/2022 02:50:00 PM,"OPERATING VEHICLE IN ERRATIC, RECKLESS, CARELESS, NEGLIGENT OR AGGRESSIVE MANNER",FAILING TO REDUCE SPEED TO AVOID CRASH,63,E,69TH ST,322.0,,,,,,,2,NONINCAPACITATING INJURY,1.0,0.0,0.0,1.0,0.0,1.0,0.0,14,3,3,41.7690915677,-87.622508598,POINT (-87.622508598043 41.769091567697)
7a8850de330c6c8d59b6d91601653c1b17c9d62a0c72285143d40f7daa58ccbf684a487e73a36f6019cd54424bba79a43c0fb31376f7c955723ae7b98984d086,JD427409,,11/10/2020 12:50:00 PM,10,NO CONTROLS,NO CONTROLS,CLEAR,DAYLIGHT,SIDESWIPE SAME DIRECTION,PARKING LOT,,STRAIGHT AND LEVEL,DRY,NO DEFECTS,NOT ON SCENE (DESK REPORT),NO INJURY / DRIVE AWAY,,Y,,"$501 - $1,500",11/10/2020 04:00:00 PM,UNABLE TO DETERMINE,UNABLE TO DETERMINE,424,W,DIVISION ST,1821.0,,,,,,,2,NO INDICATION OF INJURY,0.0,0.0,0.0,0.0,0.0,2.0,0.0,12,3,11,41.9038839611,-87.6394372016,POINT (-87.639437201552 41.90388396114)
df5f7ca33a3942cb8717b6800fb20ddd98195f8478709a10d9b4f68301ff1c951922b7ac7eda6ef4230dddca407354fbb26069175e7a0813c22d5c2879ca2b21,JF238026,,05/11/2022 04:00:00 AM,20,NO CONTROLS,NO CONTROLS,CLEAR,DARKNESS,PARKED MOTOR VEHICLE,NOT DIVIDED,,STRAIGHT AND LEVEL,DRY,NO DEFECTS,NOT ON SCENE (DESK REPORT),NO INJURY / DRIVE AWAY,,,Y,"OVER $1,500",05/11/2022 11:25:00 AM,UNABLE TO DETERMINE,NOT APPLICABLE,8919,S,CARPENTER ST,2222.0,,,,,,,2,NO INDICATION OF INJURY,0.0,0.0,0.0,0.0,0.0,1.0,0.0,4,4,5,41.7316034747,-87.6494341166,POINT (-87.649434116605 41.731603474749)
ef7f16154c19104a592a4f9f9d60b8ab9d1d20c737e2b3a32f19bd539aa7fad24335dccfe40c3cf2cad25c0197dff5bf8bc0b7393c1e670be8978a48093afbf1,JG101964,Y,12/22/2022 08:00:00 PM,35,NO CONTROLS,NO CONTROLS,UNKNOWN,UNKNOWN,PARKED MOTOR VEHICLE,DIVIDED - W/MEDIAN (NOT RAISED),,STRAIGHT AND LEVEL,UNKNOWN,UNKNOWN,NOT ON SCENE (DESK REPORT),NO INJURY / DRIVE AWAY,,,Y,"$501 - $1,500",01/02/2023 04:10:00 PM,UNABLE TO DETERMINE,NOT APPLICABLE,9749,S,MICHIGAN AVE,511.0,,,,,,,2,NO INDICATION OF INJURY,0.0,0.0,0.0,0.0,0.0,1.0,0.0,20,5,12,41.7166950955,-87.6203288951,POINT (-87.620328895104 41.716695095506)
b5a51f8919dcc185157d6e6d35587535e94ceccf15436fc06d5439bd4e1dd9303ff0bcb199111982493ab4d742f0ecbae0380dc8bd5a322d6d089de672358fb0,JE319321,,07/30/2021 01:10:00 AM,25,NO CONTROLS,NO CONTROLS,CLEAR,"DARKNESS, LIGHTED ROAD",PARKED MOTOR VEHICLE,OTHER,,STRAIGHT AND LEVEL,DRY,NO DEFECTS,ON SCENE,NO INJURY / DRIVE AWAY,,,Y,"$501 - $1,500",07/30/2021 01:15:00 AM,NOT APPLICABLE,NOT APPLICABLE,11700,S,PRINCETON AVE,522.0,,,,,,,2,NO INDICATION OF INJURY,0.0,0.0,0.0,0.0,0.0,3.0,0.0,1,6,7,41.6814963242,-87.6301175568,POINT (-87.630117556794 41.681496324204)
c025abd7107b28b5d7e1d1d33ff5c40132d34102327825657e573f199f35e1f7c9360a6c13c749bc6bfe18de859fe26d5e60bbd21977d8b348bce1407f1e2ea6,HZ422774,,09/04/2016 08:10:00 PM,25,NO CONTROLS,NO CONTROLS,CLEAR,UNKNOWN,PARKED MOTOR VEHICLE,PARKING LOT,0.0,STRAIGHT AND LEVEL,DRY,NO DEFECTS,NOT ON SCENE (DESK REPORT),NO INJURY / DRIVE AWAY,,,Y,"$501 - $1,500",09/06/2016 02:23:00 PM,UNABLE TO DETERMINE,UNABLE TO DETERMINE,450,N,RUSH ST,1834.0,,,,,,,2,NO INDICATION OF INJURY,0.0,0.0,0.0,0.0,0.0,1.0,0.0,20,1,9,41.8908700632,-87.6254921453,POINT (-87.625492145304 41.890870063174)
4d36a581fe7302af290f0d3a72f0f72bf36580b2869b7645e697131d767336c2433499e697da6d3e0880d3d0721bcd8196c5db0c3fead09772deda10f48f7b08,JG189091,,03/17/2023 03:21:00 PM,30,NO CONTROLS,NO CONTROLS,CLEAR,DAYLIGHT,SIDESWIPE SAME DIRECTION,NOT DIVIDED,,STRAIGHT AND LEVEL,DRY,UNKNOWN,ON SCENE,NO INJURY / DRIVE AWAY,,,,"OVER $1,500",03/17/2023 03:25:00 PM,UNABLE TO DETERMINE,UNABLE TO DETERMINE,3519,N,CLARK ST,1924.0,,,,,,,2,NO INDICATION OF INJURY,0.0,0.0,0.0,0.0,0.0,2.0,0.0,15,6,3,41.946280811,-87.6556031281,POINT (-87.655603128083 41.94628081101)
9aad87317fd3f9f7f0b92bfdfdd94a4b5e072c6c051fe51b737a6acf57c5c3a92182d91db480d5e163741d227363f3024698e31c5e64f6143ea8116396d0f5f4,JA537418,,12/05/2017 01:45:00 PM,30,TRAFFIC SIGNAL,FUNCTIONING PROPERLY,CLOUDY/OVERCAST,DAYLIGHT,TURNING,DIVIDED - W/MEDIAN (NOT RAISED),4.0,STRAIGHT AND LEVEL,DRY,NO DEFECTS,ON SCENE,NO INJURY / DRIVE AWAY,Y,,,"OVER $1,500",12/05/2017 01:50:00 PM,UNABLE TO DETERMINE,UNABLE TO DETERMINE,3627,E,100TH ST,432.0,,,,,,,2,NO INDICATION OF INJURY,0.0,0.0,0.0,0.0,0.0,2.0,0.0,13,3,12,41.7135823245,-87.5354131356,POINT (-87.535413135642 41.713582324528)
baf280e4226a26ef56142c454481fa4570056bf9013ba0902f7a78fec56e63ca3b3ad76c3c51aa6d2abc987b67541b664a3678e3f805f706f9b1cdff3e8ec97d,JG224180,,04/13/2023 06:00:00 PM,30,NO CONTROLS,NO CONTROLS,CLEAR,DAYLIGHT,REAR END,DIVIDED - W/MEDIAN (NOT RAISED),,STRAIGHT AND LEVEL,DRY,NO DEFECTS,NOT ON SCENE (DESK REPORT),NO INJURY / DRIVE AWAY,,,,"$501 - $1,500",04/15/2023 08:44:00 AM,UNABLE TO DETERMINE,UNABLE TO DETERMINE,7430,S,STONY ISLAND AVE,324.0,,,,,,,2,NO INDICATION OF INJURY,0.0,0.0,0.0,0.0,0.0,2.0,0.0,18,5,4,41.7597206413,-87.5863104489,POINT (-87.586310448866 41.759720641321)
c3d3f7eec2c6ac2cc0361f4951bbac389e42763fe35e526709ae0ba308800bd1aa86ba4018b8d2214b75c15e309662c73ca7c0361efe4f965236a7e25576055e,JC375081,,07/29/2019 09:30:00 AM,25,TRAFFIC SIGNAL,FUNCTIONING PROPERLY,CLEAR,DAYLIGHT,SIDESWIPE SAME DIRECTION,DIVIDED - W/MEDIAN BARRIER,,STRAIGHT AND LEVEL,DRY,NO DEFECTS,NOT ON SCENE (DESK REPORT),NO INJURY / DRIVE AWAY,,,,$500 OR LESS,08/02/2019 10:15:00 AM,IMPROPER LANE USAGE,IMPROPER OVERTAKING/PASSING,200,E,RANDOLPH ST,114.0,,,,,,,2,NO INDICATION OF INJURY,0.0,0.0,0.0,0.0,0.0,2.0,0.0,9,2,7,41.8846320758,-87.6222479911,POINT (-87.622247991089 41.884632075767)
c018c829b54b300dc14c55c623d2f5baea70c6289e4f4b461a148d857442ab565f88a576766f0e1f10a6c374bd98e3318f31d8bacf4009f5f9715f421ddd9659,JF382162,Y,09/03/2022 09:10:00 PM,30,NO CONTROLS,NO CONTROLS,CLEAR,"DARKNESS, LIGHTED ROAD",SIDESWIPE SAME DIRECTION,DIVIDED - W/MEDIAN BARRIER,,STRAIGHT AND LEVEL,DRY,NO DEFECTS,NOT ON SCENE (DESK REPORT),NO INJURY / DRIVE AWAY,N,,Y,"$501 - $1,500",09/03/2022 09:50:00 PM,UNABLE TO DETERMINE,NOT APPLICABLE,131,S,PULASKI RD,1122.0,,,,,,,2,NO INDICATION OF INJURY,0.0,0.0,0.0,0.0,0.0,3.0,0.0,21,7,9,41.878917365,-87.7254617841,POINT (-87.725461784082 41.878917364971)
cd4ab4af11d4e996010a8f2c3561b4a3d8b390e8165df31f91afb8df8b1f13d09b669260aee8eece49d74d7141c3e38c89da77c02ad2614cdf7bf598f75974a6,JE362474,,09/05/2021 12:30:00 PM,40,NO CONTROLS,NO CONTROLS,CLEAR,DAYLIGHT,SIDESWIPE SAME DIRECTION,DIVIDED - W/MEDIAN BARRIER,,STRAIGHT AND LEVEL,DRY,NO DEFECTS,NOT ON SCENE (DESK REPORT),NO INJURY / DRIVE AWAY,,,Y,"$501 - $1,500",09/05/2021 01:15:00 PM,UNABLE TO DETERMINE,UNABLE TO DETERMINE,1952,N,LAKE SHORE DR SB,1814.0,,,,,,,2,NO INDICATION OF INJURY,0.0,0.0,0.0,0.0,0.0,4.0,0.0,12,1,9,41.9180779406,-87.6291007527,POINT (-87.629100752719 41.918077940563)
5ce2e4d481d5545cfe57c0fb8d1cff4541c2b8cb1e0e48028c751174dfa4286f6045bf8ca8d0c235f509c5d8f3ce30c754b427fa273c6ffe9db7dfe4797125c2,HZ112257,,01/11/2016 07:45:00 PM,30,TRAFFIC SIGNAL,FUNCTIONING PROPERLY,SNOW,"DARKNESS, LIGHTED ROAD",REAR END,NOT DIVIDED,2.0,STRAIGHT AND LEVEL,SNOW OR SLUSH,UNKNOWN,NOT ON SCENE (DESK REPORT),NO INJURY / DRIVE AWAY,Y,,,"OVER $1,500",01/11/2016 08:10:00 PM,UNABLE TO DETERMINE,UNABLE TO DETERMINE,2801,W,55TH ST,824.0,,,,,,,2,NO INDICATION OF INJURY,0.0,0.0,0.0,0.0,0.0,3.0,0.0,19,2,1,41.7935800114,-87.6938555414,POINT (-87.693855541383 41.79358001142)
0c1edb9700e095c16c3ac7fbaa4fdb2a0818d664c32e2f14a86693b1dd7a42dc093b24a4a5706c81f878c45ec2d4df56d169ebbc38b4dd7a70e47a56d00d2d6e,JG215928,,04/08/2023 09:43:00 PM,30,TRAFFIC SIGNAL,FUNCTIONING PROPERLY,CLEAR,"DARKNESS, LIGHTED ROAD",REAR END,DIVIDED - W/MEDIAN (NOT RAISED),,STRAIGHT AND LEVEL,DRY,NO DEFECTS,NOT ON SCENE (DESK REPORT),NO INJURY / DRIVE AWAY,,,,"OVER $1,500",04/08/2023 10:30:00 PM,UNABLE TO DETERMINE,NOT APPLICABLE,5601,S,KEDZIE AVE,824.0,,,,,,,2,NO INDICATION OF INJURY,0.0,0.0,0.0,0.0,0.0,2.0,0.0,21,7,4,41.791609872,-87.7033555982,POINT (-87.703355598231 41.791609871969)
11d05883fdf6e8f72a0ff4cf46266e9938faa85f0b8cc116f78467927b547aeea77627c444970b868ce1c6b502bdd388b036ca3126d489bd9390e19829386d09,JE391342,,09/29/2021 09:10:00 AM,30,NO CONTROLS,FUNCTIONING IMPROPERLY,CLEAR,DAYLIGHT,SIDESWIPE SAME DIRECTION,NOT DIVIDED,,STRAIGHT AND LEVEL,DRY,NO DEFECTS,ON SCENE,NO INJURY / DRIVE AWAY,,,,"OVER $1,500",09/29/2021 09:19:00 AM,UNABLE TO DETERMINE,UNABLE TO DETERMINE,1566,N,DAMEN AVE,1424.0,,,,,,,2,NO INDICATION OF INJURY,0.0,0.0,0.0,0.0,0.0,3.0,0.0,9,4,9,41.9101801888,-87.6775924207,POINT (-87.677592420743 41.910180188826)
df40b7390fdfb7f8e68d3a03bff563c0b59216b58757cdf8a3057bf08de47832ba85412adf3aaf65dc32c202f8d693223df4f8cfe5fdd67a8270d328e150d529,JB145759,,02/08/2018 05:30:00 PM,30,TRAFFIC SIGNAL,FUNCTIONING PROPERLY,CLEAR,"DARKNESS, LIGHTED ROAD",REAR END,DIVIDED - W/MEDIAN (NOT RAISED),,STRAIGHT AND LEVEL,DRY,NO DEFECTS,NOT ON SCENE (DESK REPORT),NO INJURY / DRIVE AWAY,Y,,,"OVER $1,500",02/08/2018 06:30:00 PM,UNABLE TO DETERMINE,UNABLE TO DETERMINE,7128,N,RIDGE BLVD,2411.0,,,,,,,3,NO INDICATION OF INJURY,0.0,0.0,0.0,0.0,0.0,3.0,0.0,17,5,2,42.0121459451,-87.6831805288,POINT (-87.683180528806 42.012145945108)
d148e6028e741f7e090ad0c621ed62b5e786e0ae7ea117ba6cda89b5ec41ec88df688f7dc0d7f830d854889ef6ad552c6ad8b3e0b10f87b879f8e1c940cf25cd,JE366875,,09/09/2021 07:35:00 AM,30,NO CONTROLS,NO CONTROLS,CLEAR,DAYLIGHT,REAR END,DIVIDED - W/MEDIAN BARRIER,,STRAIGHT AND LEVEL,DRY,NO DEFECTS,NOT ON SCENE (DESK REPORT),NO INJURY / DRIVE AWAY,,,,$500 OR LESS,09/09/2021 07:55:00 AM,FOLLOWING TOO CLOSELY,UNABLE TO DETERMINE,1400,S,DAMEN AVE,1233.0,,,,,,,2,NO INDICATION OF INJURY,0.0,0.0,0.0,0.0,0.0,2.0,0.0,7,5,9,41.8631031773,-87.676296565,POINT (-87.676296565004 41.863103177295)
e2d0d5770c2f1bdef80cd1bb4a65bf63d69dfed707108850ffdc7ed9e8b26fac9227ec86fecf94c9e94f11d75311b0127f3b5addb4efadce58c1bedce6b35618,JE245839,,05/28/2021 04:00:00 AM,30,NO CONTROLS,NO CONTROLS,CLEAR,DAYLIGHT,PARKED MOTOR VEHICLE,ONE-WAY,,STRAIGHT AND LEVEL,DRY,NO DEFECTS,NOT ON SCENE (DESK REPORT),NO INJURY / DRIVE AWAY,,,,"OVER $1,500",05/28/2021 01:58:00 PM,UNABLE TO DETERMINE,NOT APPLICABLE,7825,S,LOWE AVE,621.0,,,,,,,2,NO INDICATION OF INJURY,0.0,0.0,0.0,0.0,0.0,2.0,0.0,4,6,5,41.7517659844,-87.6402622039,POINT (-87.640262203942 41.751765984408)
ab603d28b361418ef81858551b1ac2426f7564f962f2fcd69896689728c1b0adae88d08e64d5d250a00f01d97df40e701aa7452ace66f3c7718e01506777ed8e,JC113291,,01/11/2019 05:55:00 PM,30,STOP SIGN/FLASHER,FUNCTIONING PROPERLY,CLEAR,"DARKNESS, LIGHTED ROAD",REAR END,NOT DIVIDED,2.0,STRAIGHT AND LEVEL,DRY,UNKNOWN,ON SCENE,NO INJURY / DRIVE AWAY,,,Y,$500 OR LESS,01/11/2019 05:56:00 PM,FOLLOWING TOO CLOSELY,NOT APPLICABLE,7150,N,CALIFORNIA AVE,2411.0,,,,,,,2,NO INDICATION OF INJURY,0.0,0.0,0.0,0.0,0.0,2.0,0.0,17,6,1,42.011774558,-87.6998713597,POINT (-87.699871359734 42.01177455804)
711488d44b328ff85ef0fc2d3a49f7c21c6fd57905fcdabff68adaadce220d813e9d3d102ad073a48324b79ba4b48e84542fb96890a7273da414da3d4477c18d,HZ415321,,08/31/2016 06:50:00 PM,30,NO CONTROLS,NO CONTROLS,CLEAR,DAYLIGHT,REAR END,DIVIDED - W/MEDIAN (NOT RAISED),,STRAIGHT AND LEVEL,DRY,NO DEFECTS,NOT ON SCENE (DESK REPORT),NO INJURY / DRIVE AWAY,,,,"OVER $1,500",08/31/2016 07:35:00 PM,UNABLE TO DETERMINE,NOT APPLICABLE,2830,W,ARMITAGE AVE,1414.0,,,,,,,3,NO INDICATION OF INJURY,0.0,0.0,0.0,0.0,0.0,6.0,0.0,18,4,8,41.9175868213,-87.6985821425,POINT (-87.698582142515 41.917586821312)
165a6133953774084002027fe9157572a642539867a6ebf4b853fafb3521167587c516d6a4f3b2187a0a72335512a5817fddc4108033f7b518b5a4322c2a3b6b,JB379898,,08/05/2018 03:50:00 AM,30,NO CONTROLS,NO CONTROLS,CLEAR,"DARKNESS, LIGHTED ROAD",PARKED MOTOR VEHICLE,NOT DIVIDED,,STRAIGHT AND LEVEL,DRY,NO DEFECTS,ON SCENE,NO INJURY / DRIVE AWAY,,,Y,"$501 - $1,500",08/05/2018 04:31:00 AM,UNABLE TO DETERMINE,UNABLE TO DETERMINE,3712,W,105TH ST,2211.0,,,,,,,2,NO INDICATION OF INJURY,0.0,0.0,0.0,0.0,0.0,1.0,0.0,3,1,8,41.7024400431,-87.713961287,POINT (-87.713961286953 41.702440043087)