CRASH_RECORD_ID,RD_NO,CRASH_DATE_EST_I,CRASH_DATE,POSTED_SPEED_LIMIT,TRAFFIC_CONTROL_DEVICE,DEVICE_CONDITION,WEATHER_CONDITION,LIGHTING_CONDITION,FIRST_CRASH_TYPE,TRAFFICWAY_TYPE,LANE_CNT,ALIGNMENT,ROADWAY_SURFACE_COND,ROAD_DEFECT,REPORT_TYPE,CRASH_TYPE,INTERSECTION_RELATED_I,NOT_RIGHT_OF_WAY_I,HIT_AND_RUN_I,DAMAGE,DATE_POLICE_NOTIFIED,PRIM_CONTRIBUTORY_CAUSE,SEC_CONTRIBUTORY_CAUSE,STREET_NO,STREET_DIRECTION,STREET_NAME,BEAT_OF_OCCURRENCE,PHOTOS_TAKEN_I,STATEMENTS_TAKEN_I,DOORING_I,WORK_ZONE_I,WORK_ZONE_TYPE,WORKERS_PRESENT_I,NUM_UNITS,MOST_SEVERE_INJURY,INJURIES_TOTAL,INJURIES_FATAL,INJURIES_INCAPACITATING,INJURIES_NON_INCAPACITATING,INJURIES_REPORTED_NOT_EVIDENT,INJURIES_NO_INDICATION,INJURIES_UNKNOWN,CRASH_HOUR,CRASH_DAY_OF_WEEK,CRASH_MONTH,LATITUDE,LONGITUDE,LOCATION
73ecd2f32c9074197f1df56b41e470d34136c9ada545aa229ec0eee13aebfe8fbdca993765479c7f155fa818ef00bb19cf596aa908bd9a53e95ad654c973be8b,JE409549,,10/14/2021 02:02:00 PM,35,STOP SIGN/FLASHER,FUNCTIONING PROPERLY,CLEAR,DAYLIGHT,ANGLE,NOT DIVIDED,,STRAIGHT AND LEVEL,DRY,NO DEFECTS,ON SCENE,INJURY AND / OR TOW DUE TO CRASH,Y,,,"OVER $1,500",10/14/2021 02:20:00 PM,FAILING TO YIELD RIGHT-OF-WAY,NOT APPLICABLE,5500,W,WASHINGTON BLVD,1523.0,,,,,,,2,NO INDICATION OF INJURY,0.0,0.0,0.0,0.0,0.0,3.0,0.0,14,5,10,41.8823752068,-87.7633422885,POINT (-87.763342288503 41.882375206753)
dda7ac601a44b5242231edf396aa1914b180d65b28a763b933ccf6342cfe14f7804cd9880894b03bd51bc6b9663000ad6b5655a124cbc00d296e7682dc8e0ee2,JF450697,,10/26/2022 07:12:00 PM,30,STOP SIGN/FLASHER,FUNCTIONING PROPERLY,CLEAR,"DARKNESS, LIGHTED ROAD",ANGLE,FOUR WAY,,STRAIGHT AND LEVEL,DRY,NO DEFECTS,,INJURY AND / OR TOW DUE TO CRASH,,,Y,"OVER $1,500",10/26/2022 07:13:00 PM,DISREGARDING STOP SIGN,DISREGARDING STOP SIGN,830,W,66TH ST,723.0,,,,,,,3,NO INDICATION OF INJURY,0.0,0.0,0.0,0.0,0.0,5.0,0.0,19,4,10,41.7743838521,-87.6458026419,POINT (-87.645802641898 41.77438385208)
6f6feacb0af32124a86f5bad73e5976e57ccad472150b25ebdc26e7522e6d5bb571a324de6eb77767305cc48d6b69e42be9dcf55f62c9466e59f3f0308f56bc7,JC250105,,05/04/2019 10:10:00 PM,40,NO CONTROLS,NO CONTROLS,CLEAR,"DARKNESS, LIGHTED ROAD",SIDESWIPE SAME DIRECTION,DIVIDED - W/MEDIAN BARRIER,,STRAIGHT AND LEVEL,DRY,NO DEFECTS,ON SCENE,NO INJURY / DRIVE AWAY,,,Y,"OVER $1,500",05/04/2019 10:15:00 PM,IMPROPER OVERTAKING/PASSING,"OPERATING VEHICLE IN ERRATIC, RECKLESS, CARELESS, NEGLIGENT OR AGGRESSIVE MANNER",4545,N,LAKE SHORE DR NB,1914.0,,,,,,,2,NO INDICATION OF INJURY,0.0,0.0,0.0,0.0,0.0,3.0,0.0,22,7,5,41.9651988887,-87.6468032813,POINT (-87.646803281344 41.965198888738)
930ae71c775174f3700fef51aba3ed07698dc14d920cc8c52b9698efc96ca15c950755b95608f27d12646083ff8e8bd4c1da138b7ef57985a98d92b1cb99c23e,JC327563,,06/29/2019 02:30:00 PM,30,TRAFFIC SIGNAL,FUNCTIONING PROPERLY,CLEAR,DAYLIGHT,TURNING,NOT DIVIDED,,STRAIGHT AND LEVEL,DRY,NO DEFECTS,NOT ON SCENE (DESK REPORT),NO INJURY / DRIVE AWAY,,,Y,"OVER $1,500",06/29/2019 03:30:00 PM,IMPROPER TURNING/NO SIGNAL,IMPROPER TURNING/NO SIGNAL,5500,S,STATE ST,225.0,,,,,,,2,NO INDICATION OF INJURY,0.0,0.0,0.0,0.0,0.0,2.0,0.0,14,7,6,41.794225291,-87.6258360156,POINT (-87.625836015583 41.79422529104)
8d4eddd7dc829455123f891f67e0afbff5268e5e654de84b8d94d2cc41cedbd463002da0ac20bea1f54e2b092a54ad99cb4d4d1242a98a2b190919665c424b46,JF222643,,04/28/2022 05:43:00 AM,30,TRAFFIC SIGNAL,UNKNOWN,CLEAR,DAWN,ANGLE,FOUR WAY,,STRAIGHT AND LEVEL,DRY,NO DEFECTS,ON SCENE,INJURY AND / OR TOW DUE TO CRASH,Y,,,"OVER $1,500",04/28/2022 05:44:00 AM,DISREGARDING TRAFFIC SIGNALS,FAILING TO REDUCE SPEED TO AVOID CRASH,443,W,CERMAK RD,914.0,,,,,,,2,NO INDICATION OF INJURY,0.0,0.0,0.0,0.0,0.0,2.0,0.0,5,5,4,41.8526824277,-87.6385124743,POINT (-87.638512474309 41.852682427659)
8cc46430448552935342de2294bd7e3eff40b8d9a6192f687793a71861cdf3d5ab55707cd8894f8c5b0adecf59020d3fdb8f41bf0fe7b50cfd482ea5aa0ee06b,JF191812,,03/30/2022 06:20:00 PM,30,STOP SIGN/FLASHER,FUNCTIONING PROPERLY,RAIN,DUSK,TURNING,NOT DIVIDED,,STRAIGHT AND LEVEL,WET,NO DEFECTS,NOT ON SCENE (DESK REPORT),NO INJURY / DRIVE AWAY,,,Y,"OVER $1,500",03/30/2022 07:00:00 PM,DISREGARDING STOP SIGN,FAILING TO REDUCE SPEED TO AVOID CRASH,4030,W,LE MOYNE ST,2534.0,,,,,,,3,NO INDICATION OF INJURY,0.0,0.0,0.0,0.0,0.0,3.0,0.0,18,4,3,41.9081684348,-87.7276298959,POINT (-87.727629895898 41.908168434832)
7e90bac664ef75ee9356148cee5ca51e725ea5874310f192b7558dae08890d5182d2df83e45c5611984ea650352c62a0d6e6774fdb76e586bb3afb9fed109e88,JE251454,,06/02/2021 03:00:00 PM,10,NO CONTROLS,NO CONTROLS,CLEAR,DAYLIGHT,PARKED MOTOR VEHICLE,ALLEY,,STRAIGHT AND LEVEL,DRY,NO DEFECTS,NOT ON SCENE (DESK REPORT),NO INJURY / DRIVE AWAY,,,Y,"OVER $1,500",06/02/2021 06:10:00 PM,IMPROPER OVERTAKING/PASSING,UNABLE TO DETERMINE,7606,S,DAMEN AVE,611.0,,,,,,,2,NO INDICATION OF INJURY,0.0,0.0,0.0,0.0,0.0,1.0,0.0,15,4,6,41.7554303083,-87.6734278703,POINT (-87.673427870318 41.755430308313)
e16143c1bb8f73cb7f5fe5c133dea55af4f18397c0c2d36bf2f8e75bee1d3d12a5c6681421363fddc2e1a720df62a856a1dd73e180aacb4813d2ea8be4c5260a,JG400415,,08/27/2023 11:03:00 PM,30,NO CONTROLS,NO CONTROLS,CLEAR,"DARKNESS, LIGHTED ROAD",PARKED MOTOR VEHICLE,NOT DIVIDED,,STRAIGHT AND LEVEL,DRY,NO DEFECTS,ON SCENE,INJURY AND / OR TOW DUE TO CRASH,,,Y,"OVER $1,500",08/27/2023 11:03:00 PM,UNABLE TO DETERMINE,UNABLE TO DETERMINE,6562,S,DORCHESTER AVE,321.0,,,,,,,2,NO INDICATION OF INJURY,0.0,0.0,0.0,0.0,0.0,4.0,0.0,23,1,8,41.7752065083,-87.592238625,POINT (-87.592238625004 41.77520650833)
7be4cd4c7804510c4477bf42b87080134634da218f4a8d30bb7b5de7a2f3aad34e06002b7d4cc4d1eb9244591df024ba3e6257761963b465c4a01a3a9fc9262e,JC136702,,02/01/2019 04:10:00 PM,30,TRAFFIC SIGNAL,FUNCTIONING PROPERLY,CLEAR,DAYLIGHT,REAR END,NOT DIVIDED,,STRAIGHT AND LEVEL,DRY,NO DEFECTS,NOT ON SCENE (DESK REPORT),NO INJURY / DRIVE AWAY,,,Y,"$501 - $1,500",02/01/2019 05:35:00 PM,NOT APPLICABLE,NOT APPLICABLE,6300,S,KOSTNER AVE,813.0,,,,,,,2,NO INDICATION OF INJURY,0.0,0.0,0.0,0.0,0.0,3.0,0.0,16,6,2,41.7785185285,-87.732672306,POINT (-87.732672305973 41.778518528532)
493081e49e7f57c01799b7c53bc890102a799480f6ce1746035194f3379e220147f5bd5277ddd0053103c83743a74b91fd80ff22541f1dc6e73f57812c8074aa,JD171473,,03/02/2020 02:30:00 PM,30,NO CONTROLS,NO CONTROLS,CLEAR,DAYLIGHT,SIDESWIPE SAME DIRECTION,NOT DIVIDED,,STRAIGHT AND LEVEL,DRY,NO DEFECTS,NOT ON SCENE (DESK REPORT),NO INJURY / DRIVE AWAY,,,,"OVER $1,500",03/02/2020 03:20:00 PM,UNABLE TO DETERMINE,UNABLE TO DETERMINE,3820,N,SPAULDING AVE,1733.0,,,,,,,2,NO INDICATION OF INJURY,0.0,0.0,0.0,0.0,0.0,2.0,0.0,14,2,3,41.9509020075,-87.7105294997,POINT (-87.71052949972 41.950902007535)
61aacbde601d76f748dfa64702b957c49b0f1efee5afe376c567b9040ad459806fd5211785fd97d5266c23120f160fde86226cd2a870eec7ee0c621a77f24ca1,JC431332,,09/13/2019 07:50:00 AM,30,NO CONTROLS,NO CONTROLS,CLEAR,DAYLIGHT,REAR END,DIVIDED - W/MEDIAN BARRIER,,STRAIGHT AND LEVEL,WET,NO DEFECTS,NOT ON SCENE (DESK REPORT),NO INJURY / DRIVE AWAY,,,,"OVER $1,500",09/13/2019 08:45:00 AM,FOLLOWING TOO CLOSELY,NOT APPLICABLE,3300,N,LAKE SHORE DR SB,1925.0,,,,,,,2,NO INDICATION OF INJURY,0.0,0.0,0.0,0.0,0.0,4.0,0.0,7,6,9,41.9422982183,-87.6398709639,POINT (-87.639870963934 41.942298218274)
85839e49bc6858fdcc1d8cf3d38990e18769a0878b2a1f3406967f1d003348c7b7a889aa2ed0dae3aa905fe1a04a9b925d42b5836d811f597b90e556fec03701,JF372636,,08/27/2022 11:00:00 AM,30,NO CONTROLS,NO CONTROLS,CLEAR,DAYLIGHT,TURNING,NOT DIVIDED,,STRAIGHT AND LEVEL,DRY,NO DEFECTS,NOT ON SCENE (DESK REPORT),NO INJURY / DRIVE AWAY,,,,"$501 - $1,500",08/27/2022 04:10:00 PM,UNABLE TO DETERMINE,NOT APPLICABLE,3200,N,HARLEM AVE,1631.0,,,,,,,2,NO INDICATION OF INJURY,0.0,0.0,0.0,0.0,0.0,2.0,0.0,11,7,8,41.9380844682,-87.8068967489,POINT (-87.806896748879 41.938084468222)
508cc7e831b6f709847c4a872912b4312b34ee6bb2836a138d2ea644e0598c05d3ef7378ce892cc7408159fd9762a827b46cc1a2e445312724f9931963f735ef,JD128043,,01/25/2020 09:40:00 AM,30,NO CONTROLS,NO CONTROLS,SNOW,DAYLIGHT,REAR END,NOT DIVIDED,,STRAIGHT AND LEVEL,WET,UNKNOWN,ON SCENE,INJURY AND / OR TOW DUE TO CRASH,,,,"OVER $1,500",01/25/2020 10:16:00 AM,UNABLE TO DETERMINE,UNABLE TO DETERMINE,5742,S,WESTERN AVE,824.0,,,,,,,2,NO INDICATION OF INJURY,0.0,0.0,0.0,0.0,0.0,2.0,0.0,9,7,1,41.7889089183,-87.6840468418,POINT (-87.684046841845 41.788908918322)
229eb395e2f358d35fb92cda3cb01b3577493faf3123253017649bfbff5af12ee2ada834f1c31fac23bded258b184f6cc060d017d9b5d984d6b27d35f1c6e1dd,JA541425,,12/08/2017 01:25:00 PM,30,NO CONTROLS,NO CONTROLS,CLEAR,DAYLIGHT,SIDESWIPE SAME DIRECTION,DIVIDED - W/MEDIAN (NOT RAISED),,STRAIGHT AND LEVEL,DRY,NO DEFECTS,ON SCENE,INJURY AND / OR TOW DUE TO CRASH,,,,"OVER $1,500",12/08/2017 01:26:00 PM,FAILING TO YIELD RIGHT-OF-WAY,NOT APPLICABLE,756,W,47TH ST,925.0,,,,,,,2,NO INDICATION OF INJURY,0.0,0.0,0.0,0.0,0.0,2.0,0.0,13,6,12,41.8089717028,-87.6454718655,POINT (-87.64547186552 41.808971702774)
ef89e76c95e8fd9d24d5e5cb5c9cb2e4f81ffcd37c21f0fb68b70b0d778855a5d96f18ea00771ba8b3065d9ae01d0f900f4f00c0e2c589379b062a9f4fb460f8,JC529709,,11/30/2019 03:49:00 PM,10,UNKNOWN,UNKNOWN,FREEZING RAIN/DRIZZLE,DUSK,PARKED MOTOR VEHICLE,ALLEY,,STRAIGHT AND LEVEL,WET,NO DEFECTS,ON SCENE,NO INJURY / DRIVE AWAY,,,,"OVER $1,500",11/30/2019 04:04:00 PM,NOT APPLICABLE,NOT APPLICABLE,1304,W,ELMDALE AVE,2433.0,,,,,,,2,NO INDICATION OF INJURY,0.0,0.0,0.0,0.0,0.0,1.0,0.0,15,7,11,41.9909957275,-87.6630001871,POINT (-87.663000187145 41.990995727547)
698e59a716a6aac933ac003e8aa246cc6c50345a55c1536089ace7f7ca356ae4f40d88ccb7e52e9b6402ac5aa1c111fb99105b870fb033a8b3814463704e9bca,JG411293,,09/04/2023 09:55:00 PM,30,TRAFFIC SIGNAL,FUNCTIONING PROPERLY,CLEAR,"DARKNESS, LIGHTED ROAD",HEAD ON,ONE-WAY,,STRAIGHT AND LEVEL,DRY,NO DEFECTS,NOT ON SCENE (DESK REPORT),INJURY AND / OR TOW DUE TO CRASH,Y,,,$500 OR LESS,09/04/2023 09:56:00 PM,FAILING TO REDUCE SPEED TO AVOID CRASH,NOT APPLICABLE,813,S,JEFFERSON ST,124.0,,,,,,,2,NO INDICATION OF INJURY,0.0,0.0,0.0,0.0,0.0,3.0,0.0,21,2,9,41.8716356763,-87.6421883419,POINT (-87.642188341886 41.871635676332)
b843fa057748aeed1e91020c57ee53591088a3bb61b6efbe97104bc0d3d1f861bd75e033ae4a351c0b1f8a9e26e0c27ac37cf3dcb37915a4d9314ebee4a230db,JG299184,,06/10/2023 11:15:00 PM,35,NO CONTROLS,NO CONTROLS,CLEAR,DARKNESS,SIDESWIPE SAME DIRECTION,OTHER,,"CURVE, LEVEL",DRY,NO DEFECTS,NOT ON SCENE (DESK REPORT),NO INJURY / DRIVE AWAY,,,Y,"OVER $1,500",06/13/2023 10:55:00 AM,IMPROPER LANE USAGE,UNABLE TO DETERMINE,1001,N,LAKE SHORE DR NB,1824.0,,,,,,,2,NO INDICATION OF INJURY,0.0,0.0,0.0,0.0,0.0,2.0,0.0,23,7,6,41.9011654159,-87.6195823059,POINT (-87.619582305888 41.901165415908)
13aa8b22b741ed65971478b269ebd71c488374a629de1bd9214bef8868d9c18130429045fdd815398d92ba726ce93b334b42a61597d301846cd5dc907aaba822,JF334184,,07/27/2022 09:35:00 PM,30,TRAFFIC SIGNAL,FUNCTIONING PROPERLY,CLEAR,"DARKNESS, LIGHTED ROAD",TURNING,DRIVEWAY,,STRAIGHT AND LEVEL,DRY,UNKNOWN,ON SCENE,INJURY AND / OR TOW DUE TO CRASH,,,,"OVER $1,500",07/27/2022 09:41:00 PM,UNABLE TO DETERMINE,NOT APPLICABLE,5498,N,HARLEM AVE,1613.0,,,,,,,2,NO INDICATION OF INJURY,0.0,0.0,0.0,0.0,0.0,2.0,0.0,21,4,7,41.9810203825,-87.8071117279,POINT (-87.807111727871 41.981020382487)
adf38f8ef676b217480b50facc53d577520f6340e27fc2708a2756ca3d172779b71c84def5d00f65b96b00b3590f622db8120c8e746665c58ef0d2da9ccaf13d,JB499650,,10/31/2018 04:30:00 PM,30,NO CONTROLS,FUNCTIONING PROPERLY,CLEAR,DAYLIGHT,FIXED OBJECT,DIVIDED - W/MEDIAN (NOT RAISED),,STRAIGHT AND LEVEL,DRY,"RUT, HOLES",NOT ON SCENE (DESK REPORT),NO INJURY / DRIVE AWAY,,,,"OVER $1,500",11/01/2018 07:05:00 PM,NOT APPLICABLE,NOT APPLICABLE,1300,E,79TH ST,411.0,Y,,,,,,1,NO INDICATION OF INJURY,0.0,0.0,0.0,0.0,0.0,1.0,0.0,16,4,10,41.7515246586,-87.5929941242,POINT (-87.592994124211 41.751524658593)
c3a42d09e10356ca69cbde0ef7355888596ee2c3842e772ed9668d9c02b236a11febd67016c80d81e11ca2d47689eec8e8e4998ad498df5abaa194a2ab49bc7c,JF407280,,09/23/2022 07:17:00 AM,30,TRAFFIC SIGNAL,FUNCTIONING PROPERLY,CLEAR,DAYLIGHT,TURNING,FOUR WAY,,STRAIGHT AND LEVEL,DRY,NO DEFECTS,ON SCENE,INJURY AND / OR TOW DUE TO CRASH,Y,,,"OVER $1,500",09/23/2022 07:25:00 AM,IMPROPER TURNING/NO SIGNAL,NOT APPLICABLE,190,N,WACKER DR,122.0,,,,,,,2,NO INDICATION OF INJURY,0.0,0.0,0.0,0.0,0.0,3.0,0.0,7,6,9,41.8854799546,-87.6371422935,POINT (-87.637142293492 41.885479954629)
5a32bee9ce29b0d46643f9d83511f13d1c02c8312cb4a21301287ef75b0bd148c24cb091e2afd5b3557216d5a510e4eb6cdd43da77d1be7bf5614c9373428274,JD307405,,07/23/2020 02:37:00 PM,30,NO CONTROLS,NO CONTROLS,CLEAR,DAYLIGHT,FIXED OBJECT,PARKING LOT,,STRAIGHT AND LEVEL,DRY,UNKNOWN,ON SCENE,NO INJURY / DRIVE AWAY,,,Y,"OVER $1,500",07/23/2020 03:01:00 PM,UNABLE TO DETERMINE,UNABLE TO DETERMINE,5222,W,MADISON ST,1522.0,,,,,,,1,NO INDICATION OF INJURY,0.0,0.0,0.0,0.0,0.0,1.0,0.0,14,5,7,41.8804684977,-87.7561340033,POINT (-87.756134003346 41.880468497667)
043fbc044688eeef03451dea542923e4c37f50b39a832dd32d5110ccd9df63db984db1d0644fc1050502c6f60aed1b28cde3bea5ea683ccdc0343da751b5e1e5,HZ323433,,06/25/2016 06:00:00 PM,30,NO CONTROLS,NO CONTROLS,CLEAR,DAYLIGHT,REAR END,NOT DIVIDED,,STRAIGHT AND LEVEL,DRY,UNKNOWN,NOT ON SCENE (DESK REPORT),NO INJURY / DRIVE AWAY,,,Y,"$501 - $1,500",06/25/2016 08:05:00 PM,DRIVING SKILLS/KNOWLEDGE/EXPERIENCE,NOT APPLICABLE,5600,S,KEDZIE AVE,822.0,,,,,,,2,NO INDICATION OF INJURY,0.0,0.0,0.0,0.0,0.0,2.0,0.0,18,7,6,41.7916050351,-87.7036488822,POINT (-87.703648882176 41.791605035051)
c6469b3e2b7665da2c03b39f323c80452596f0625314495a7c9b794c4c227ffb9fe28cf46e9cdc2b364e7ab32119c12280cb6ea40bf4ab093eda5735a7d9239a,JC504371,N,11/07/2019 07:00:00 AM,30,UNKNOWN,UNKNOWN,UNKNOWN,UNKNOWN,PARKED MOTOR VEHICLE,ONE-WAY,,STRAIGHT AND LEVEL,UNKNOWN,UNKNOWN,NOT ON SCENE (DESK REPORT),NO INJURY / DRIVE AWAY,,,,"$501 - $1,500",11/09/2019 01:15:00 PM,UNABLE TO DETERMINE,UNABLE TO DETERMINE,4015,N,MAPLEWOOD AVE,1911.0,,,,,,,2,NO INDICATION OF INJURY,0.0,0.0,0.0,0.0,0.0,1.0,0.0,7,5,11,41.9544898601,-87.6919345858,POINT (-87.691934585833 41.954489860132)
fccaa9b822f66db723bb5f561de45744ad72f3463d50ac99771faffcf08c907c5d2ddb30f9a24f8fdd19894d76a2c40e12b580668284a2d95721774fb3b42dfb,JE215012,,04/30/2021 01:30:00 PM,35,STOP SIGN/FLASHER,NO CONTROLS,CLEAR,DAYLIGHT,ANGLE,DIVIDED - W/MEDIAN (NOT RAISED),,STRAIGHT AND LEVEL,DRY,NO DEFECTS,NOT ON SCENE (DESK REPORT),NO INJURY / DRIVE AWAY,Y,,,"$501 - $1,500",04/30/2021 02:00:00 PM,FAILING TO YIELD RIGHT-OF-WAY,UNABLE TO DETERMINE,7900,S,LAFLIN ST,612.0,,,,,,,2,NO INDICATION OF INJURY,0.0,0.0,0.0,0.0,0.0,2.0,0.0,13,6,4,41.7503685577,-87.6611597265,POINT (-87.661159726529 41.750368557656)
2f8b7779e9b48c237db770246436976cfbf2f080a28be7d1aaec846844cfc1da4350be1d183fc59857d8b894d1ee0aefa1efcbff2b2f3b8eb22208bf385a571f,JA196617,,03/22/2017 05:15:00 PM,30,NO CONTROLS,NO CONTROLS,CLEAR,DAYLIGHT,ANGLE,ALLEY,1.0,STRAIGHT AND LEVEL,DRY,NO DEFECTS,NOT ON SCENE (DESK REPORT),NO INJURY / DRIVE AWAY,N,,,"OVER $1,500",03/22/2017 05:50:00 PM,FAILING TO YIELD RIGHT-OF-WAY,UNABLE TO DETERMINE,2747,W,WELLINGTON AVE,1411.0,,,,,,,3,NO INDICATION OF INJURY,0.0,0.0,0.0,0.0,0.0,2.0,0.0,17,4,3,41.9356382477,-87.6971898567,POINT (-87.697189856715 41.935638247653)
b2c7df665524b8c707ae9e556423a054d8a5d476a63bc199ab15142c166ab7a14e57cf93f7f6bbf2774a0e31687cc62bd4ddd43f77fe225752742e7b8910d37c,JF245015,,05/16/2022 04:00:00 PM,30,UNKNOWN,UNKNOWN,CLEAR,DAYLIGHT,PEDALCYCLIST,RAMP,,STRAIGHT AND LEVEL,DRY,UNKNOWN,NOT ON SCENE (DESK REPORT),NO INJURY / DRIVE AWAY,,,,$500 OR LESS,05/16/2022 11:30:00 PM,UNABLE TO DETERMINE,NOT APPLICABLE,2672,W,DIVERSEY AVE,1411.0,,,,,,,2,NO INDICATION OF INJURY,0.0,0.0,0.0,0.0,0.0,2.0,0.0,16,2,5,41.9322204765,-87.6949245144,POINT (-87.694924514411 41.932220476503)
1a5829d5e79b712f4631b4f6070941ee5fe61ac6cb5b2d4faa3847f37148c95cbff09a1d061ab28fb3dc9fd5a4acccc1198daa0f8b70f46e9eafd9e9299f2f5a,JC160983,,02/21/2019 06:15:00 PM,30,NO CONTROLS,NO CONTROLS,CLEAR,DUSK,SIDESWIPE SAME DIRECTION,NOT DIVIDED,,STRAIGHT AND LEVEL,DRY,NO DEFECTS,,NO INJURY / DRIVE AWAY,,,,"OVER $1,500",02/21/2019 06:21:00 PM,IMPROPER OVERTAKING/PASSING,FAILING TO YIELD RIGHT-OF-WAY,652,W,CHICAGO AVE,1213.0,,,,,,,2,NO INDICATION OF INJURY,0.0,0.0,0.0,0.0,0.0,3.0,0.0,18,5,2,41.8965581567,-87.6448983759,POINT (-87.644898375942 41.896558156724)
2e2dfa8c4c5898544c361351d7324057cdf6975d0a20c47b8856dbd2cef57bdd4fc9fdb387874c5bee9501535dede8447a3fd3030a08f2c7758fccbc39bdd88e,JG184407,,03/13/2023 05:53:00 PM,30,NO CONTROLS,NO CONTROLS,CLEAR,DAYLIGHT,REAR END,NOT DIVIDED,,STRAIGHT AND LEVEL,DRY,NO DEFECTS,ON SCENE,INJURY AND / OR TOW DUE TO CRASH,,,,"OVER $1,500",03/13/2023 05:55:00 PM,DISTRACTION - FROM INSIDE VEHICLE,FAILING TO REDUCE SPEED TO AVOID CRASH,5421,W,IRVING PARK RD,1633.0,,,,,,,2,NO INDICATION OF INJURY,0.0,0.0,0.0,0.0,0.0,4.0,0.0,17,2,3,41.9531216802,-87.7629612129,POINT (-87.762961212861 41.953121680236)
43c72aaafa0d6d687f47c1702c692d8887196dc510555973b9dc900ac6912326801d4652d95c277bf855f4f7a3cd0e7daa64e790472aaac074447c83b9ad4379,JC358585,,07/21/2019 04:01:00 PM,25,NO CONTROLS,NO CONTROLS,CLEAR,DAYLIGHT,SIDESWIPE SAME DIRECTION,NOT DIVIDED,,STRAIGHT AND LEVEL,DRY,NO DEFECTS,ON SCENE,NO INJURY / DRIVE AWAY,,,,"OVER $1,500",07/21/2019 04:25:00 PM,UNABLE TO DETERMINE,UNABLE TO DETERMINE,4209,W,26TH ST,1031.0,,,,,,,2,NO INDICATION OF INJURY,0.0,0.0,0.0,0.0,0.0,6.0,0.0,16,1,7,41.8440695834,-87.7298074737,POINT (-87.729807473674 41.844069583411)
4f49f37bb6e2193e86b7e38dc62be8af4af65533fcca24915bd370fce1085a84f1ee555d15c546effd6b2d8ebb965b86ff3412edd6100d9c02b71bcc33611109,JB182190,,03/11/2018 06:28:00 PM,30,TRAFFIC SIGNAL,FUNCTIONING PROPERLY,CLEAR,DUSK,TURNING,OTHER,3.0,STRAIGHT AND LEVEL,DRY,NO DEFECTS,ON SCENE,NO INJURY / DRIVE AWAY,Y,,,"OVER $1,500",03/11/2018 06:33:00 PM,UNABLE TO DETERMINE,UNABLE TO DETERMINE,351,W,JACKSON BLVD,122.0,,,,,,,2,NO INDICATION OF INJURY,0.0,0.0,0.0,0.0,0.0,3.0,0.0,18,1,3,41.8779756258,-87.6365925653,POINT (-87.636592565303 41.877975625807)
3316b51094a0127facb9a3d8d0dc3e4e3ebcf4ac45e2ec20a17f2ec19745366beb91a9122cc5c49234e3cfa3cd99737e8a1858bc01e25e7836b4094a577b459d,JE320752,,07/30/2021 05:45:00 AM,40,NO CONTROLS,NO CONTROLS,CLEAR,DAYLIGHT,REAR END,DIVIDED - W/MEDIAN (NOT RAISED),,STRAIGHT AND LEVEL,DRY,NO DEFECTS,NOT ON SCENE (DESK REPORT),NO INJURY / DRIVE AWAY,,,Y,"$501 - $1,500",07/31/2021 08:30:00 AM,"OPERATING VEHICLE IN ERRATIC, RECKLESS, CARELESS, NEGLIGENT OR AGGRESSIVE MANNER",NOT APPLICABLE,2200,S,LAKE SHORE DR E,132.0,,,,,,,2,NO INDICATION OF INJURY,0.0,0.0,0.0,0.0,0.0,2.0,0.0,5,6,7,41.8528775915,-87.613808881,POINT (-87.613808880983 41.852877591503)
dea4939b55a90f1607390c27bc921e45eb3db58c71426a2e4959ffacfb825322dfa9fa09011001292b87b52b42539e796fd3e9cf6b498408635927f3d2476e80,JG181074,,03/10/2023 06:10:00 PM,30,NO CONTROLS,NO CONTROLS,SNOW,"DARKNESS, LIGHTED ROAD",SIDESWIPE OPPOSITE DIRECTION,DIVIDED - W/MEDIAN (NOT RAISED),,STRAIGHT AND LEVEL,WET,NO DEFECTS,ON SCENE,NO INJURY / DRIVE AWAY,,,,"$501 - $1,500",03/10/2023 06:25:00 PM,PHYSICAL CONDITION OF DRIVER,UNABLE TO DETERMINE,4211,W,DIVERSEY AVE,2524.0,,,,,,,2,NO INDICATION OF INJURY,0.0,0.0,0.0,0.0,0.0,5.0,0.0,18,6,3,41.9316173425,-87.7319290705,POINT (-87.731929070465 41.93161734247)
7cb07307716232ff59356602a8b181c6ee0ddfd527fe63baef0ebf845e0fe8a750140f3d0ea90d152ce1d78bfa7713b06b59c10c42a72959f8678ccc5cf59199,HZ468266,,10/08/2016 07:30:00 PM,30,NO CONTROLS,NO CONTROLS,CLEAR,"DARKNESS, LIGHTED ROAD",SIDESWIPE SAME DIRECTION,NOT DIVIDED,2.0,STRAIGHT AND LEVEL,DRY,NO DEFECTS,NOT ON SCENE (DESK REPORT),NO INJURY / DRIVE AWAY,,,,"$501 - $1,500",10/10/2016 09:35:00 AM,FAILING TO YIELD RIGHT-OF-WAY,NOT APPLICABLE,60,E,WACKER PL,111.0,,,,,,,2,NO INDICATION OF INJURY,0.0,0.0,0.0,0.0,0.0,5.0,0.0,19,7,10,41.8869244498,-87.6257123097,POINT (-87.625712309666 41.886924449771)