CRASH_RECORD_ID,RD_NO,CRASH_DATE_EST_I,CRASH_DATE,POSTED_SPEED_LIMIT,TRAFFIC_CONTROL_DEVICE,DEVICE_CONDITION,WEATHER_CONDITION,LIGHTING_CONDITION,FIRST_CRASH_TYPE,TRAFFICWAY_TYPE,LANE_CNT,ALIGNMENT,ROADWAY_SURFACE_COND,ROAD_DEFECT,REPORT_TYPE,CRASH_TYPE,INTERSECTION_RELATED_I,NOT_RIGHT_OF_WAY_I,HIT_AND_RUN_I,DAMAGE,DATE_POLICE_NOTIFIED,PRIM_CONTRIBUTORY_CAUSE,SEC_CONTRIBUTORY_CAUSE,STREET_NO,STREET_DIRECTION,STREET_NAME,BEAT_OF_OCCURRENCE,PHOTOS_TAKEN_I,STATEMENTS_TAKEN_I,DOORING_I,WORK_ZONE_I,WORK_ZONE_TYPE,WORKERS_PRESENT_I,NUM_UNITS,MOST_SEVERE_INJURY,INJURIES_TOTAL,INJURIES_FATAL,INJURIES_INCAPACITATING,INJURIES_NON_INCAPACITATING,INJURIES_REPORTED_NOT_EVIDENT,INJURIES_NO_INDICATION,INJURIES_UNKNOWN,CRASH_HOUR,CRASH_DAY_OF_WEEK,CRASH_MONTH,LATITUDE,LONGITUDE,LOCATION
60fcff7b7622857e12b3f22ce3734a9e1d78c2f492591ecfe67db8a07db7cef7d59cfa083458970df3806c8d3653676317528c3d9ef0b6a46cf9e36823ac81b4,JF122363,Y,11/10/2021 12:52:00 PM,30,NO CONTROLS,NO CONTROLS,UNKNOWN,UNKNOWN,PARKED MOTOR VEHICLE,ONE-WAY,,STRAIGHT AND LEVEL,UNKNOWN,UNKNOWN,NOT ON SCENE (DESK REPORT),NO INJURY / DRIVE AWAY,,,Y,"$501 - $1,500",01/24/2022 08:50:00 AM,UNABLE TO DETERMINE,UNABLE TO DETERMINE,4736,N,SPAULDING AVE,1713.0,,,,,,,2,NO INDICATION OF INJURY,0.0,0.0,0.0,0.0,0.0,1.0,0.0,12,4,11,41.9677144211,-87.7110472774,POINT (-87.711047277417 41.967714421129)
e1e724d46c27d5ab5a47a960cd4308eb7ce100147dc6461e7e68aa3f6d28a44cbe0ab19f5fc3e339637e25979c1004c525da8f0a6e54b26920fe0d5928fb0caf,JA417819,,09/03/2017 02:20:00 PM,30,NO CONTROLS,NO CONTROLS,CLEAR,DAYLIGHT,SIDESWIPE SAME DIRECTION,OTHER,4.0,STRAIGHT AND LEVEL,DRY,NO DEFECTS,NOT ON SCENE (DESK REPORT),NO INJURY / DRIVE AWAY,,,,$500 OR LESS,09/03/2017 11:00:00 PM,IMPROPER LANE USAGE,IMPROPER LANE USAGE,900,N,LAKE SHORE DR NB,1833.0,,,,,,,2,NO INDICATION OF INJURY,0.0,0.0,0.0,0.0,0.0,4.0,0.0,14,1,9,41.8993222788,-87.6187384331,POINT (-87.618738433114 41.899322278833)
c0683b6d841f9dcad72aad1faa38b27f94f8aa0eb360b2bdbb67e74d21144a5c0aa72e6c78ecae5a3adde05fba751d7c677bcbc826c8a86a9e87d95d1859249e,JB260966,,05/12/2018 02:35:00 PM,30,NO CONTROLS,NO CONTROLS,UNKNOWN,DAYLIGHT,REAR END,NOT DIVIDED,,STRAIGHT AND LEVEL,UNKNOWN,UNKNOWN,NOT ON SCENE (DESK REPORT),NO INJURY / DRIVE AWAY,,,,"OVER $1,500",05/12/2018 04:00:00 PM,IMPROPER BACKING,NOT APPLICABLE,644,N,CLARK ST,1832.0,,,,,,,2,NO INDICATION OF INJURY,0.0,0.0,0.0,0.0,0.0,2.0,0.0,14,7,5,41.893772549,-87.6313274655,POINT (-87.631327465545 41.893772548997)
1a71b4aaad3623245e59670382234a4296a81b0361a0f4661ed80eb41474603769c8218e849956b072c990a0e3f1db3d3a66a2f688fbbd932b42b4ac6f641dd1,JF309818,,07/08/2022 10:55:00 AM,30,NO CONTROLS,NO CONTROLS,CLEAR,DAYLIGHT,PEDESTRIAN,NOT DIVIDED,,STRAIGHT AND LEVEL,DRY,NO DEFECTS,NOT ON SCENE (DESK REPORT),NO INJURY / DRIVE AWAY,,,Y,"OVER $1,500",07/08/2022 11:25:00 AM,IMPROPER OVERTAKING/PASSING,NOT APPLICABLE,2253,S,WENTWORTH AVE,914.0,,,,,,,2,NO INDICATION OF INJURY,0.0,0.0,0.0,0.0,0.0,2.0,0.0,10,6,7,41.8513591457,-87.6318339105,POINT (-87.631833910519 41.851359145739)
12b514a34a905401c2f3bc349d8785275adaeb1af44647707e7e697f7c89d2c227c90d3e2d7e113494e706b5b3aaf7cf455f2d0b44d4bccf0502556fe904d18a,JF416268,,09/30/2022 08:00:00 AM,25,UNKNOWN,UNKNOWN,CLEAR,DAYLIGHT,SIDESWIPE SAME DIRECTION,DIVIDED - W/MEDIAN (NOT RAISED),,STRAIGHT AND LEVEL,DRY,UNKNOWN,NOT ON SCENE (DESK REPORT),NO INJURY / DRIVE AWAY,,,,"$501 - $1,500",09/30/2022 08:30:00 AM,UNABLE TO DETERMINE,UNABLE TO DETERMINE,600,E,111TH ST,513.0,,,,,,,2,NO INDICATION OF INJURY,0.0,0.0,0.0,0.0,0.0,2.0,0.0,8,6,9,41.692887194,-87.6092686682,POINT (-87.609268668249 41.692887193964)
d3206eff090df7eab264d500e5d2f6c8afd3288835b7f90ab518c1d26187d4b77ad225959537731a51972391762198fdb0da348422e214257741e2e749c9fa89,JF236788,,05/10/2022 11:35:00 AM,35,NO CONTROLS,NO CONTROLS,CLEAR,DAYLIGHT,SIDESWIPE SAME DIRECTION,NOT DIVIDED,,STRAIGHT AND LEVEL,WET,SHOULDER DEFECT,ON SCENE,NO INJURY / DRIVE AWAY,,,,"OVER $1,500",05/10/2022 11:43:00 AM,FAILING TO YIELD RIGHT-OF-WAY,ROAD ENGINEERING/SURFACE/MARKING DEFECTS,4309,W,IRVING PARK RD,1731.0,,,,Y,UNKNOWN,Y,2,NO INDICATION OF INJURY,0.0,0.0,0.0,0.0,0.0,2.0,0.0,11,3,5,41.9534417887,-87.7358509914,POINT (-87.735850991374 41.953441788723)
57bb79da921c911fa06f2fd6ac577b3dacce93cff7a3da7a0eaa3fcc5edd4addcb0fb7187cd1f8c912f34455c56d30034550f0bf9c227a172c53a1435fc544be,JD223061,,05/03/2020 10:21:00 AM,25,NO CONTROLS,NO CONTROLS,CLEAR,DAYLIGHT,REAR END,ONE-WAY,,STRAIGHT AND LEVEL,DRY,NO DEFECTS,NOT ON SCENE (DESK REPORT),NO INJURY / DRIVE AWAY,,,,"OVER $1,500",05/03/2020 11:00:00 AM,UNABLE TO DETERMINE,NOT APPLICABLE,1923,S,BLUE ISLAND AVE,1235.0,,,,,,,2,NO INDICATION OF INJURY,0.0,0.0,0.0,0.0,0.0,2.0,0.0,10,1,5,41.8553290916,-87.6631479205,POINT (-87.66314792054 41.855329091638)
46e6b4253ad0004eea5ad69f1150a3cc045cc9b5037ff7c6fa5a8081dfa84af0b3f8aa5f6fc23ee923a96ae04bf75336ca73ecb94f7e2f9dabc843c45094409d,JF144897,,02/15/2022 08:15:00 AM,30,TRAFFIC SIGNAL,FUNCTIONING PROPERLY,CLEAR,DAYLIGHT,SIDESWIPE SAME DIRECTION,DIVIDED - W/MEDIAN (NOT RAISED),,STRAIGHT AND LEVEL,DRY,NO DEFECTS,ON SCENE,INJURY AND / OR TOW DUE TO CRASH,Y,,,"OVER $1,500",02/15/2022 08:17:00 AM,IMPROPER LANE USAGE,NOT APPLICABLE,3901,S,KEDZIE AVE,921.0,,,,,,,2,NO INDICATION OF INJURY,0.0,0.0,0.0,0.0,0.0,3.0,0.0,8,3,2,41.8225154037,-87.7043157826,POINT (-87.704315782621 41.822515403741)
434d374754ca3f037aed4256464a03fa3094a024a7a9db8698e0cc13bab7b9fb13dd771038350d423fb6807c5e9c6c816754f2414c741178b34b620167216617,JG190353,,03/18/2023 03:20:00 PM,30,NO CONTROLS,NO CONTROLS,CLEAR,DAYLIGHT,REAR END,DIVIDED - W/MEDIAN (NOT RAISED),,STRAIGHT AND LEVEL,DRY,NO DEFECTS,NOT ON SCENE (DESK REPORT),NO INJURY / DRIVE AWAY,Y,,,$500 OR LESS,03/18/2023 04:42:00 PM,FOLLOWING TOO CLOSELY,NOT APPLICABLE,3140,W,59TH ST,824.0,,,,,,,2,NO INDICATION OF INJURY,0.0,0.0,0.0,0.0,0.0,2.0,0.0,15,7,3,41.7863693561,-87.7025295963,POINT (-87.702529596251 41.786369356086)
550ca0e36626edc64c8e762fff8043374e757e353c6f0cefca433236bfc4dee5f3ea1851b58e31d69a190e1e10c19e8aaf6ea4272bddca3133a669c2344b3b13,JD264299,,06/14/2020 10:10:00 PM,20,NO CONTROLS,NO CONTROLS,CLEAR,"DARKNESS, LIGHTED ROAD",PARKED MOTOR VEHICLE,ONE-WAY,,STRAIGHT AND LEVEL,DRY,NO DEFECTS,ON SCENE,NO INJURY / DRIVE AWAY,,,Y,"OVER $1,500",06/14/2020 10:15:00 PM,DRIVING SKILLS/KNOWLEDGE/EXPERIENCE,UNABLE TO DETERMINE,7541,S,PEORIA ST,621.0,,,,,,,2,NO INDICATION OF INJURY,0.0,0.0,0.0,0.0,0.0,1.0,0.0,22,1,6,41.7566056607,-87.6464753941,POINT (-87.646475394091 41.756605660705)
4eb765ebcfaf9c9bd3d3fb9f09a6c84a0340a857b95c1e2b950d06803a92edfeccf1ce5096e727cc59495e11bb25c8d90a616f6db76537715fe39763b0936601,JB323091,,06/26/2018 08:30:00 AM,30,NO CONTROLS,FUNCTIONING IMPROPERLY,RAIN,DAYLIGHT,TURNING,NOT DIVIDED,4.0,STRAIGHT AND LEVEL,WET,NO DEFECTS,ON SCENE,NO INJURY / DRIVE AWAY,,,,"OVER $1,500",06/26/2018 08:37:00 AM,FOLLOWING TOO CLOSELY,UNABLE TO DETERMINE,837,W,NORTH AVE,1822.0,,,,,,,2,NO INDICATION OF INJURY,0.0,0.0,0.0,0.0,0.0,2.0,0.0,8,3,6,41.9107867191,-87.649738716,POINT (-87.649738716022 41.910786719094)
8449819737c1c542c3328beed189621168f84cd5e5c3da2f05fdc6f5bca544ce600376e52cbc0b252fc9df6ee339b89a0bb9e9660446d4b9ce3afb90a4358fe4,JE168831,,03/14/2021 02:18:00 PM,30,NO CONTROLS,NO CONTROLS,CLEAR,DAYLIGHT,TURNING,NOT DIVIDED,,STRAIGHT AND LEVEL,DRY,NO DEFECTS,ON SCENE,INJURY AND / OR TOW DUE TO CRASH,,,,"OVER $1,500",03/14/2021 02:18:00 PM,UNABLE TO DETERMINE,NOT APPLICABLE,7701,S,JEFFERY BLVD,414.0,,,,,,,2,"REPORTED, NOT EVIDENT",1.0,0.0,0.0,0.0,1.0,1.0,0.0,14,1,3,41.7551526916,-87.5759173195,POINT (-87.575917319489 41.755152691621)
3a1cd17d08a16193d3849051b453d07e7d26521787beff2c8348ea840db3efd17e97447e17a52eb3bdf59812be6a8b4b842e8c5d0dab0415bb3fea61d7b0d5e3,JB424418,,09/06/2018 10:05:00 AM,35,TRAFFIC SIGNAL,UNKNOWN,RAIN,DAYLIGHT,REAR END,NOT DIVIDED,,STRAIGHT AND LEVEL,WET,UNKNOWN,NOT ON SCENE (DESK REPORT),INJURY AND / OR TOW DUE TO CRASH,,,,"OVER $1,500",09/06/2018 10:05:00 AM,NOT APPLICABLE,NOT APPLICABLE,1168,S,CICERO AVE,1533.0,,,,,,,4,FATAL,3.0,1.0,1.0,1.0,0.0,2.0,0.0,10,5,9,41.8659741961,-87.7449034944,POINT (-87.744903494382 41.865974196113)
65d359d92d8e5228353371969f0206c910e3b3942f6cb871cb43987ac957acf948a59d57a002a0856996d3a1f13d79e8c1f98d0a291e1308beb71f9c7ceda635,JD264158,Y,06/14/2020 05:30:00 PM,30,NO CONTROLS,NO CONTROLS,CLEAR,DAYLIGHT,TURNING,NOT DIVIDED,,STRAIGHT AND LEVEL,DRY,NO DEFECTS,NOT ON SCENE (DESK REPORT),NO INJURY / DRIVE AWAY,,,,$500 OR LESS,06/14/2020 07:10:00 PM,IMPROPER OVERTAKING/PASSING,IMPROPER OVERTAKING/PASSING,933,W,BELMONT AVE,1933.0,,,,,,,2,NO INDICATION OF INJURY,0.0,0.0,0.0,0.0,0.0,2.0,0.0,17,1,6,41.9398189188,-87.652819706,POINT (-87.652819705989 41.939818918804)
2c6667a3a771f2984b53fe4411e38864e381c3144b58d49db99f03922beb651161828afe91b205732b7450d45c87d34d69cd287426e590c99636d514c114d6ed,JB313316,,06/16/2018 05:00:00 PM,0,NO CONTROLS,NO CONTROLS,CLEAR,DAYLIGHT,PARKED MOTOR VEHICLE,NOT DIVIDED,1.0,STRAIGHT AND LEVEL,DRY,NO DEFECTS,NOT ON SCENE (DESK REPORT),NO INJURY / DRIVE AWAY,,,Y,"$501 - $1,500",06/19/2018 09:58:00 AM,IMPROPER TURNING/NO SIGNAL,UNABLE TO DETERMINE,2916,W,CORTLAND ST,1421.0,,,,,,,2,NO INDICATION OF INJURY,0.0,0.0,0.0,0.0,0.0,1.0,0.0,17,7,6,41.9157563362,-87.7000033808,POINT (-87.700003380754 41.915756336204)
1ee2715dc5bf8f3657c9d932d68dd26166e759058e688b8975870e92cfa9c6fe17e9fbbaf040fa0ac099cda4283b8a0763c09be15aa3e6c20ac86b438e9888c1,JG200709,,03/27/2023 10:50:00 AM,30,NO CONTROLS,NO CONTROLS,CLEAR,DAYLIGHT,PARKED MOTOR VEHICLE,DIVIDED - W/MEDIAN (NOT RAISED),,STRAIGHT AND LEVEL,DRY,NO DEFECTS,ON SCENE,NO INJURY / DRIVE AWAY,N,,,"OVER $1,500",03/27/2023 10:57:00 AM,UNABLE TO DETERMINE,UNABLE TO DETERMINE,7040,S,COTTAGE GROVE AVE,321.0,,,,,,,2,NO INDICATION OF INJURY,0.0,0.0,0.0,0.0,0.0,4.0,0.0,10,2,3,41.7664308925,-87.6057478606,POINT (-87.605747860649 41.766430892538)
fc5317f9b9a268a1da40e610dced14080ce09d6c2293c72257ccd63c94011642fd5eef8c758d1929ecab9e1a606c6ad1d2b0c92af2fe4ebde805ddddd5d81a7c,HZ297625,,06/07/2016 12:49:00 PM,30,STOP SIGN/FLASHER,FUNCTIONING PROPERLY,CLEAR,DAYLIGHT,REAR END,NOT DIVIDED,4.0,STRAIGHT AND LEVEL,DRY,NO DEFECTS,NOT ON SCENE (DESK REPORT),NO INJURY / DRIVE AWAY,Y,,,$500 OR LESS,06/07/2016 05:40:00 PM,FOLLOWING TOO CLOSELY,NOT APPLICABLE,399,E,CHICAGO AVE,1833.0,,,,,,,2,NO INDICATION OF INJURY,0.0,0.0,0.0,0.0,0.0,2.0,0.0,12,3,6,41.8967247556,-87.6172116164,POINT (-87.617211616369 41.896724755627)
bddb6010d66d23e082f8da48039ca8cfba79b60ee0fdef8166e1743f0e2ad654fa1bbc2b98503a53f618174e3cb7d8a523f41840b5c17b3314eeb11bda3235b3,JE231924,,05/15/2021 12:30:00 PM,30,NO CONTROLS,NO CONTROLS,CLEAR,DAYLIGHT,PARKED MOTOR VEHICLE,PARKING LOT,,STRAIGHT AND LEVEL,DRY,NO DEFECTS,NOT ON SCENE (DESK REPORT),NO INJURY / DRIVE AWAY,,,Y,"OVER $1,500",05/16/2021 01:05:00 PM,UNABLE TO DETERMINE,NOT APPLICABLE,1218,N,CLEAVER ST,1433.0,,,,,,,2,NO INDICATION OF INJURY,0.0,0.0,0.0,0.0,0.0,1.0,0.0,12,7,5,41.9039976079,-87.6639944141,POINT (-87.663994414141 41.903997607909)
6dc505d179102a80effd0dacd36d61533956418d4b74d250b214082cd9203b0eb249781ae19420f0a4ee6a955a433f26cb6f9db2f05b710796ca5a6c2e3a2ccc,JE423484,,10/24/2021 09:45:00 PM,25,NO CONTROLS,NO CONTROLS,RAIN,"DARKNESS, LIGHTED ROAD",OTHER OBJECT,DIVIDED - W/MEDIAN BARRIER,,STRAIGHT AND LEVEL,WET,UNKNOWN,NOT ON SCENE (DESK REPORT),INJURY AND / OR TOW DUE TO CRASH,,,,"OVER $1,500",10/26/2021 07:15:00 PM,WEATHER,NOT APPLICABLE,5426,S,LAKE PARK AVE,234.0,,,,,,,1,NO INDICATION OF INJURY,0.0,0.0,0.0,0.0,0.0,1.0,0.0,21,1,10,41.7972546639,-87.5874092989,POINT (-87.587409298871 41.797254663901)
cfcae3ef7314ef86f4b2c6888eb1c91a17a90d54e3c0ff4ec28aea3333c066394ba337492f3b87178b9fff249100c24bd49c426307ba2ffdf63c1a0c5eefab00,JC153252,,02/13/2019 05:45:00 AM,30,NO CONTROLS,NO CONTROLS,CLEAR,DAYLIGHT,SIDESWIPE SAME DIRECTION,DIVIDED - W/MEDIAN (NOT RAISED),,STRAIGHT AND LEVEL,DRY,NO DEFECTS,NOT ON SCENE (DESK REPORT),NO INJURY / DRIVE AWAY,,,Y,"$501 - $1,500",02/15/2019 10:10:00 AM,UNABLE TO DETERMINE,UNABLE TO DETERMINE,140,W,35TH ST,915.0,,,,,,,2,NO INDICATION OF INJURY,0.0,0.0,0.0,0.0,0.0,3.0,0.0,5,4,2,41.8310630353,-87.6306607574,POINT (-87.63066075743 41.831063035314)
1105587cb6826b022bd535486c1f89c823113a6eb119acaa0c6e4a90e1b274983900f1b1322ac88a9c039d1d26f652b0ec92f9ae40295fe9d76f152ba3ec2da2,JF467762,,11/09/2022 02:40:00 AM,30,NO CONTROLS,NO CONTROLS,CLEAR,"DARKNESS, LIGHTED ROAD",SIDESWIPE OPPOSITE DIRECTION,NOT DIVIDED,,STRAIGHT AND LEVEL,DRY,UNKNOWN,NOT ON SCENE (DESK REPORT),NO INJURY / DRIVE AWAY,,,Y,"OVER $1,500",11/09/2022 02:50:00 AM,DRIVING ON WRONG SIDE/WRONG WAY,UNABLE TO DETERMINE,6830,S,COTTAGE GROVE AVE,321.0,,,,,,,2,NO INDICATION OF INJURY,0.0,0.0,0.0,0.0,0.0,2.0,0.0,2,4,11,41.7703822124,-87.6058520738,POINT (-87.605852073818 41.770382212378)
3091d7a482cc8e68bcc79b11469a4f84330f87a801d064a5c1fad83d1640147233638c3a35aa20767f78826640fe26cc8a8cf6e8d40dee2c31a124ef0f113261,JG158475,,02/17/2023 10:30:00 PM,30,NO CONTROLS,NO CONTROLS,CLEAR,"DARKNESS, LIGHTED ROAD",OTHER OBJECT,NOT DIVIDED,,STRAIGHT AND LEVEL,UNKNOWN,"RUT, HOLES",NOT ON SCENE (DESK REPORT),NO INJURY / DRIVE AWAY,,,,"$501 - $1,500",02/19/2023 03:20:00 PM,NOT APPLICABLE,NOT APPLICABLE,3200,N,LAKE SHORE DR NB,1925.0,,,,,,,1,NO INDICATION OF INJURY,0.0,0.0,0.0,0.0,0.0,1.0,0.0,22,6,2,41.9404429026,-87.6386335392,POINT (-87.638633539238 41.940442902597)
6bd90d1af6c7c9e4f5d1939c86aefd4f77b7afda51accbda9477a045f9f109d7aee0a8cadc59857f5e86e4a4186a366ead3de825f32f6ad071c869b7fecda8db,JG321025,,06/29/2023 03:44:00 PM,30,NO CONTROLS,NO CONTROLS,RAIN,DAYLIGHT,PEDALCYCLIST,DIVIDED - W/MEDIAN (NOT RAISED),,STRAIGHT AND LEVEL,WET,NO DEFECTS,ON SCENE,INJURY AND / OR TOW DUE TO CRASH,,,,"$501 - $1,500",06/29/2023 03:48:00 PM,UNABLE TO DETERMINE,UNABLE TO DETERMINE,1408,N,MILWAUKEE AVE,1424.0,,,Y,,,,3,NONINCAPACITATING INJURY,1.0,0.0,0.0,1.0,0.0,2.0,0.0,15,5,6,41.9074247296,-87.6730736739,POINT (-87.673073673888 41.907424729615)
20ca3265045e3e4fe00b1b6b9b41514a7f5390ed268479d91673a0aa8ae97d88f8163e380230a0daecc98f131f9cfd68f8d41e28937c84da5ae163b3a80ffb2f,HZ513922,,11/13/2016 01:55:00 PM,30,NO CONTROLS,NO CONTROLS,CLEAR,DAYLIGHT,SIDESWIPE SAME DIRECTION,DIVIDED - W/MEDIAN BARRIER,,STRAIGHT AND LEVEL,DRY,UNKNOWN,NOT ON SCENE (DESK REPORT),NO INJURY / DRIVE AWAY,,,,"OVER $1,500",11/13/2016 03:10:00 PM,FAILING TO YIELD RIGHT-OF-WAY,UNABLE TO DETERMINE,1300,W,MADISON ST,1224.0,,,,,,,2,NO INDICATION OF INJURY,0.0,0.0,0.0,0.0,0.0,3.0,0.0,13,1,11,41.8816825029,-87.6596669416,POINT (-87.659666941571 41.881682502853)
e13faeddb9c8f2181b4a7d7f75c17c8941b5b54b8f203cc6f6866a06787a2fa3c6e4132c10f5f47114660ab8c4e228f4007a5948e6be3544f6e43ea072d798b4,JB248228,Y,05/03/2018 12:30:00 PM,35,NO CONTROLS,NO CONTROLS,CLEAR,DAYLIGHT,REAR END,DIVIDED - W/MEDIAN (NOT RAISED),2.0,STRAIGHT AND LEVEL,DRY,NO DEFECTS,,NO INJURY / DRIVE AWAY,,,,"$501 - $1,500",05/03/2018 12:45:00 PM,UNABLE TO DETERMINE,NOT APPLICABLE,5312,W,BELMONT AVE,1634.0,,,,,,,2,NO INDICATION OF INJURY,0.0,0.0,0.0,0.0,0.0,4.0,0.0,12,5,5,41.9387705305,-87.7597200175,POINT (-87.759720017457 41.938770530513)
f2e5be47bbf6df0a6710c1b583628ad7a238e3f500e66e544a7cfaac3d69c74d96fbf99350204afb6da2f6c4f5882bbccef1dcf31b846daf47cd5aac004921bd,JE431670,,10/26/2021 05:30:00 PM,30,NO CONTROLS,NO CONTROLS,CLEAR,DAYLIGHT,SIDESWIPE SAME DIRECTION,NOT DIVIDED,,STRAIGHT AND LEVEL,DRY,NO DEFECTS,NOT ON SCENE (DESK REPORT),NO INJURY / DRIVE AWAY,N,,,$500 OR LESS,11/02/2021 05:00:00 PM,IMPROPER OVERTAKING/PASSING,NOT APPLICABLE,3003,W,TOUHY AVE,2411.0,,,,,,,2,NO INDICATION OF INJURY,0.0,0.0,0.0,0.0,0.0,3.0,0.0,17,3,10,42.0118502765,-87.7046400854,POINT (-87.704640085447 42.011850276505)
a43a78132a5b9c16391eed3638ba5f7e80f368c6d1c5078c0970947cb8c9e1e956f8c0744b98d13e27672d53020e230a98d2e4b9fa5f550e93ac9d30f651c509,JC370216,,07/29/2019 07:00:00 PM,30,UNKNOWN,UNKNOWN,UNKNOWN,UNKNOWN,SIDESWIPE SAME DIRECTION,UNKNOWN,,STRAIGHT AND LEVEL,UNKNOWN,UNKNOWN,NOT ON SCENE (DESK REPORT),NO INJURY / DRIVE AWAY,,,,"OVER $1,500",07/29/2019 08:40:00 PM,UNABLE TO DETERMINE,NOT APPLICABLE,1001,W,LAWRENCE AVE,1914.0,,,,,,,2,NO INDICATION OF INJURY,0.0,0.0,0.0,0.0,0.0,2.0,0.0,19,2,7,41.9689796407,-87.6548894387,POINT (-87.654889438661 41.968979640692)
9f81a9edb31ad1c468b6f0015237607a17353c128e4d1582696c796c09adbeb2874b7c208c80ac2ed87c15ab5bc7066a94bf137138a1393ebc4b467e853e2bd7,JC459589,,10/04/2019 10:00:00 AM,30,TRAFFIC SIGNAL,FUNCTIONING PROPERLY,CLOUDY/OVERCAST,DAYLIGHT,REAR TO SIDE,FOUR WAY,,STRAIGHT AND LEVEL,DRY,NO DEFECTS,ON SCENE,NO INJURY / DRIVE AWAY,Y,,,"OVER $1,500",10/04/2019 10:30:00 AM,IMPROPER BACKING,NOT APPLICABLE,5500,S,KOSTNER AVE,813.0,,,,,,,2,NO INDICATION OF INJURY,0.0,0.0,0.0,0.0,0.0,2.0,0.0,10,6,10,41.7930221645,-87.73310677,POINT (-87.733106769964 41.793022164526)
71f04a08d2eb5e630b77298f2657c06e6238319a597dff5bb1244849b18b06344df08caf866e24718a2875f4df054b4053a00e1f02c2cbddedbdf27b42600645,JA417413,,09/03/2017 02:40:00 PM,10,STOP SIGN/FLASHER,FUNCTIONING PROPERLY,CLEAR,DAYLIGHT,REAR END,DIVIDED - W/MEDIAN BARRIER,,STRAIGHT ON HILLCREST,DRY,UNKNOWN,NOT ON SCENE (DESK REPORT),NO INJURY / DRIVE AWAY,,,,"OVER $1,500",09/03/2017 04:20:00 PM,UNABLE TO DETERMINE,UNABLE TO DETERMINE,400,N,PARK DR,1834.0,,,,,,,2,NO INDICATION OF INJURY,0.0,0.0,0.0,0.0,0.0,1.0,0.0,14,1,9,,,
b315e925d7d734d68b95d81213fd3c6d0243cf7bc8948e1db2a0b1a9c0267a0ff445f616044e3edde28abebda200f0bfcf065ba37b6242901ac6564da54592d7,JC384463,,08/08/2019 06:00:00 PM,30,UNKNOWN,UNKNOWN,CLEAR,DAYLIGHT,PARKED MOTOR VEHICLE,ONE-WAY,,STRAIGHT AND LEVEL,DRY,NO DEFECTS,,INJURY AND / OR TOW DUE TO CRASH,,,Y,"OVER $1,500",08/08/2019 06:23:00 PM,DISTRACTION - FROM INSIDE VEHICLE,FAILING TO REDUCE SPEED TO AVOID CRASH,3217,W,WELLINGTON AVE,1412.0,,,,,,,2,NO INDICATION OF INJURY,0.0,0.0,0.0,0.0,0.0,2.0,0.0,18,5,8,41.9355932044,-87.7082560521,POINT (-87.708256052063 41.935593204421)
e3ef1154c303fd60397262f93d8e4b04619e88d02a326fc8db69b016a419e21fd607b53efce1ab90b37a52648e6a52b140ea933d687e561b674b837bace907f7,JC342296,,07/10/2019 07:25:00 AM,35,STOP SIGN/FLASHER,FUNCTIONING PROPERLY,CLEAR,DAYLIGHT,ANGLE,T-INTERSECTION,,STRAIGHT AND LEVEL,DRY,NO DEFECTS,ON SCENE,INJURY AND / OR TOW DUE TO CRASH,Y,,,"OVER $1,500",07/10/2019 07:26:00 AM,FAILING TO YIELD RIGHT-OF-WAY,UNABLE TO DETERMINE,3728,W,CERMAK RD,1014.0,,,,,,,5,NONINCAPACITATING INJURY,4.0,0.0,0.0,4.0,0.0,1.0,0.0,7,4,7,41.85173386,-87.7185943428,POINT (-87.718594342791 41.851733860044)
9d63c682f42c830bd752f5b718920b0be3bccd1fd4ac4fee03028295988f16aa1bddf73a290ed6bcc6db76d03433084af6d93a259e51b22bbf9db2d0288594da,JA335470,,07/05/2017 01:30:00 PM,25,NO CONTROLS,NO CONTROLS,CLEAR,DAYLIGHT,PARKED MOTOR VEHICLE,DIVIDED - W/MEDIAN (NOT RAISED),4.0,STRAIGHT AND LEVEL,DRY,NO DEFECTS,NOT ON SCENE (DESK REPORT),NO INJURY / DRIVE AWAY,,,,"$501 - $1,500",07/05/2017 01:43:00 PM,UNABLE TO DETERMINE,UNABLE TO DETERMINE,3025,W,47TH ST,922.0,,,,,,,2,NO INDICATION OF INJURY,0.0,0.0,0.0,0.0,0.0,1.0,0.0,13,4,7,41.8080724657,-87.7002494629,POINT (-87.700249462917 41.808072465672)
83a7494ff941241fcd63727c60863020c6f5b4cb2c1288439a703f92be7dc4b15b318f0328bc921246293ea33bd842c8e42513049348d5f8591cc34758f08888,JF386502,,09/07/2022 10:25:00 AM,10,NO CONTROLS,NO CONTROLS,CLEAR,DAYLIGHT,REAR TO REAR,PARKING LOT,,STRAIGHT AND LEVEL,DRY,UNKNOWN,NOT ON SCENE (DESK REPORT),NO INJURY / DRIVE AWAY,,,,"OVER $1,500",09/07/2022 10:50:00 AM,FAILING TO YIELD RIGHT-OF-WAY,NOT APPLICABLE,3607,W,FULLERTON AVE,2525.0,,,,,,,2,NO INDICATION OF INJURY,0.0,0.0,0.0,0.0,0.0,2.0,0.0,10,4,9,41.924490094,-87.717288131,POINT (-87.717288130979 41.924490093998)