CRASH_RECORD_ID,RD_NO,CRASH_DATE_EST_I,CRASH_DATE,POSTED_SPEED_LIMIT,TRAFFIC_CONTROL_DEVICE,DEVICE_CONDITION,WEATHER_CONDITION,LIGHTING_CONDITION,FIRST_CRASH_TYPE,TRAFFICWAY_TYPE,LANE_CNT,ALIGNMENT,ROADWAY_SURFACE_COND,ROAD_DEFECT,REPORT_TYPE,CRASH_TYPE,INTERSECTION_RELATED_I,NOT_RIGHT_OF_WAY_I,HIT_AND_RUN_I,DAMAGE,DATE_POLICE_NOTIFIED,PRIM_CONTRIBUTORY_CAUSE,SEC_CONTRIBUTORY_CAUSE,STREET_NO,STREET_DIRECTION,STREET_NAME,BEAT_OF_OCCURRENCE,PHOTOS_TAKEN_I,STATEMENTS_TAKEN_I,DOORING_I,WORK_ZONE_I,WORK_ZONE_TYPE,WORKERS_PRESENT_I,NUM_UNITS,MOST_SEVERE_INJURY,INJURIES_TOTAL,INJURIES_FATAL,INJURIES_INCAPACITATING,INJURIES_NON_INCAPACITATING,INJURIES_REPORTED_NOT_EVIDENT,INJURIES_NO_INDICATION,INJURIES_UNKNOWN,CRASH_HOUR,CRASH_DAY_OF_WEEK,CRASH_MONTH,LATITUDE,LONGITUDE,LOCATION
7e915ffdfb1cb8d9a130de0b7cbaf7ba9b27c5a7ea767394f68beea8507a6dda74e8773bc0f401473af2f1cd92aaed061b45e05254abaf2e5bb7c74fa79adcab,JB424954,,09/06/2018 03:45:00 PM,30,NO CONTROLS,NO CONTROLS,CLEAR,DAYLIGHT,SIDESWIPE SAME DIRECTION,NOT DIVIDED,,STRAIGHT AND LEVEL,UNKNOWN,UNKNOWN,NOT ON SCENE (DESK REPORT),NO INJURY / DRIVE AWAY,,,,"$501 - $1,500",09/06/2018 04:44:00 PM,FAILING TO YIELD RIGHT-OF-WAY,FAILING TO YIELD RIGHT-OF-WAY,355,N,SACRAMENTO BLVD,1222.0,,,,,,,2,NO INDICATION OF INJURY,0.0,0.0,0.0,0.0,0.0,4.0,0.0,15,5,9,41.8880794794,-87.7012612578,POINT (-87.701261257767 41.888079479443)
ce849a0bf8f8bac025b4467475a372f55d6b053faf98ed1b9a2f55d222ff7ea34d3fe5311f85ef7cd65a43e4eb975c61255c7222dc7ccaa62857164db99e7994,JD170261,,03/01/2020 12:47:00 PM,30,STOP SIGN/FLASHER,FUNCTIONING PROPERLY,CLEAR,DAYLIGHT,SIDESWIPE SAME DIRECTION,NOT DIVIDED,,STRAIGHT AND LEVEL,DRY,UNKNOWN,NOT ON SCENE (DESK REPORT),NO INJURY / DRIVE AWAY,,,,"$501 - $1,500",03/01/2020 01:20:00 PM,UNABLE TO DETERMINE,UNABLE TO DETERMINE,5451,S,CALIFORNIA AVE,923.0,,,,,,,2,NO INDICATION OF INJURY,0.0,0.0,0.0,0.0,0.0,3.0,0.0,12,1,3,41.7940108977,-87.6936601604,POINT (-87.69366016039 41.794010897668)
9ebc4b05bc536d752ae1697f1b9bf91e774316822359ad794cb7dc1ad01ae626158166ddfdb8d2974e3d8e94c1574a28826e1d584752088cca47604626d70ad8,JG248374,,05/04/2023 09:00:00 PM,30,NO CONTROLS,NO CONTROLS,UNKNOWN,"DARKNESS, LIGHTED ROAD",TURNING,PARKING LOT,,STRAIGHT AND LEVEL,UNKNOWN,UNKNOWN,NOT ON SCENE (DESK REPORT),NO INJURY / DRIVE AWAY,,,,"$501 - $1,500",05/04/2023 10:00:00 PM,IMPROPER OVERTAKING/PASSING,IMPROPER TURNING/NO SIGNAL,4346,N,WESTERN AVE,1911.0,,,,,,,2,NO INDICATION OF INJURY,0.0,0.0,0.0,0.0,0.0,2.0,0.0,21,5,5,41.9609132154,-87.6888174202,POINT (-87.688817420169 41.960913215361)
2d616ce995ac112effb907556eba932acfce5914499ff504454a7591cbca273981e8cd1e64301e66509611b2cc257380c196aef0ab13e7b593f7a0f96faf2c37,JE100394,,01/01/2021 10:20:00 AM,30,TRAFFIC SIGNAL,FUNCTIONING IMPROPERLY,FREEZING RAIN/DRIZZLE,DAYLIGHT,REAR END,NOT DIVIDED,,STRAIGHT AND LEVEL,WET,NO DEFECTS,ON SCENE,NO INJURY / DRIVE AWAY,,,,"$501 - $1,500",01/01/2021 10:23:00 AM,WEATHER,NOT APPLICABLE,7952,S,WESTERN AVE,835.0,,,,,,,2,NO INDICATION OF INJURY,0.0,0.0,0.0,0.0,0.0,2.0,0.0,10,6,1,41.7485080183,-87.6829553289,POINT (-87.682955328891 41.748508018338)
dcf6c93f6dbd12cb2ba74785af302c5dadb1f30833c64e744ad68d78eb79f70688b180bddc6ed83e2fd4dcf08f838f11a6c0c3d3fa58e434875cc4648a8bd970,JG152788,,02/14/2023 03:15:00 PM,20,NO CONTROLS,NO CONTROLS,CLEAR,DAYLIGHT,PARKED MOTOR VEHICLE,NOT DIVIDED,,STRAIGHT AND LEVEL,UNKNOWN,UNKNOWN,NOT ON SCENE (DESK REPORT),NO INJURY / DRIVE AWAY,,,Y,"OVER $1,500",02/14/2023 05:30:00 PM,UNABLE TO DETERMINE,NOT APPLICABLE,2642,W,MONROE ST,1125.0,,,,,,,2,NO INDICATION OF INJURY,0.0,0.0,0.0,0.0,0.0,1.0,0.0,15,3,2,41.8803066228,-87.6931063802,POINT (-87.693106380185 41.880306622809)
b417fb6e05c120fa9c8d8686cbc734345a3486ee904a484b16402094c6db26fc3a958702da723853e62cca62a5ca0ef1c4127833a4403dcb6d6818d57eabe0b4,JC245919,,05/01/2019 06:30:00 PM,10,NO CONTROLS,NO CONTROLS,CLOUDY/OVERCAST,DAYLIGHT,PARKED MOTOR VEHICLE,ONE-WAY,,STRAIGHT AND LEVEL,DRY,NO DEFECTS,ON SCENE,NO INJURY / DRIVE AWAY,,,,"OVER $1,500",05/01/2019 06:42:00 PM,DRIVING SKILLS/KNOWLEDGE/EXPERIENCE,DRIVING SKILLS/KNOWLEDGE/EXPERIENCE,6757,N,TALMAN AVE,2412.0,,,,,,,2,NO INDICATION OF INJURY,0.0,0.0,0.0,0.0,0.0,1.0,0.0,18,4,5,42.0047691929,-87.6960238923,POINT (-87.696023892268 42.004769192877)
8142370fcfc569131daf3d453d41c1071f1026261f2a4f3077fb811dbf18f62d86fbe7afdef8ecb062475564bf95ac8331390937608d25f5f731dac7f0233966,JE355566,,08/29/2021 12:00:00 PM,25,NO CONTROLS,UNKNOWN,CLEAR,DAYLIGHT,PARKED MOTOR VEHICLE,NOT DIVIDED,,STRAIGHT AND LEVEL,DRY,NO DEFECTS,NOT ON SCENE (DESK REPORT),NO INJURY / DRIVE AWAY,,,Y,"OVER $1,500",08/30/2021 04:40:00 PM,UNABLE TO DETERMINE,NOT APPLICABLE,6405,S,LAFLIN ST,725.0,,,,,,,2,NO INDICATION OF INJURY,0.0,0.0,0.0,0.0,0.0,1.0,0.0,12,1,8,41.7774874493,-87.6615774035,POINT (-87.661577403507 41.777487449325)
5bb29f2fd3fe820c1f98d23432e2dfaf029bf1ed348e7150e2bb9c835d92482cc852af9997e24e3eb580c4ae0379bf61697d26d780de682bf52037d0abc2a05f,JD174011,,03/04/2020 04:35:00 PM,30,STOP SIGN/FLASHER,FUNCTIONING PROPERLY,CLEAR,DAYLIGHT,ANGLE,DIVIDED - W/MEDIAN BARRIER,,STRAIGHT AND LEVEL,DRY,NO DEFECTS,ON SCENE,INJURY AND / OR TOW DUE TO CRASH,Y,,,"OVER $1,500",03/04/2020 04:35:00 PM,FAILING TO YIELD RIGHT-OF-WAY,FAILING TO YIELD RIGHT-OF-WAY,9999,S,HALSTED ST,2232.0,,,,,,,2,"REPORTED, NOT EVIDENT",1.0,0.0,0.0,0.0,1.0,1.0,0.0,16,4,3,41.7124670748,-87.6428282232,POINT (-87.642828223172 41.71246707477)
2e5e0c2ff71c3edd4e3970bd7d2071d532649e849e13cb278eaf79d70cde5996d0a00071551289371a3f6557268ea4e40b3e3a2de888491656056d61ce4954af,JG179298,,03/09/2023 09:30:00 AM,30,TRAFFIC SIGNAL,FUNCTIONING PROPERLY,CLEAR,DAYLIGHT,ANGLE,DIVIDED - W/MEDIAN (NOT RAISED),,STRAIGHT AND LEVEL,DRY,NO DEFECTS,NOT ON SCENE (DESK REPORT),NO INJURY / DRIVE AWAY,Y,,,"OVER $1,500",03/09/2023 10:00:00 AM,DISREGARDING TRAFFIC SIGNALS,DISREGARDING TRAFFIC SIGNALS,3500,S,WALLACE ST,915.0,,,,,,,2,NO INDICATION OF INJURY,0.0,0.0,0.0,0.0,0.0,2.0,0.0,9,5,3,41.8307220614,-87.6413797224,POINT (-87.641379722358 41.830722061442)
b3ddaedbe055ea07ba85355a2aaa2fee37e2b5299ce28d823d1b00de359c6c826c26708330e6658b97e45035be26ce6cb6f4a9b608c739f495a6834322929c9a,JF397472,,09/15/2022 06:15:00 PM,30,NO CONTROLS,NO CONTROLS,CLEAR,DAYLIGHT,ANGLE,NOT DIVIDED,,STRAIGHT AND LEVEL,DRY,NO DEFECTS,NOT ON SCENE (DESK REPORT),NO INJURY / DRIVE AWAY,,,,"$501 - $1,500",09/15/2022 06:30:00 PM,"VISION OBSCURED (SIGNS, TREE LIMBS, BUILDINGS, ETC.)",UNABLE TO DETERMINE,6361,W,HIGGINS AVE,1622.0,,,,,,,2,NO INDICATION OF INJURY,0.0,0.0,0.0,0.0,0.0,2.0,0.0,18,5,9,41.9761465815,-87.7877980974,POINT (-87.787798097417 41.976146581524)
f2b731a6576fbedd409a2b4d7adedafdf7ae33814eea000e12f28d18831a70e98f38457f9ab0733f48cd4ada4d8e5c235c89b5b582f1ccff020e1afe6b833c2e,JF390552,,09/10/2022 02:30:00 AM,30,NO CONTROLS,NO CONTROLS,CLEAR,"DARKNESS, LIGHTED ROAD",PARKED MOTOR VEHICLE,ONE-WAY,,STRAIGHT AND LEVEL,DRY,NO DEFECTS,ON SCENE,NO INJURY / DRIVE AWAY,,,Y,"$501 - $1,500",09/10/2022 10:59:00 AM,UNABLE TO DETERMINE,UNABLE TO DETERMINE,5323,S,SHIELDS AVE,935.0,,,,,,,2,NO INDICATION OF INJURY,0.0,0.0,0.0,0.0,0.0,1.0,0.0,2,7,9,41.7974692825,-87.6341476338,POINT (-87.634147633777 41.797469282517)
74052cd56259f8e0719da74451a598f1ac2c1f97a9502e02aa00208f2d69bb4ac901b11c5a0ddbde2d69bf025d9dc68918c438220e59ad3d545db166cb3d1e95,JG420126,,09/11/2023 02:54:00 PM,30,NO CONTROLS,NO CONTROLS,RAIN,DAYLIGHT,PARKED MOTOR VEHICLE,NOT DIVIDED,,STRAIGHT AND LEVEL,WET,NO DEFECTS,ON SCENE,NO INJURY / DRIVE AWAY,,,,"OVER $1,500",09/11/2023 02:59:00 PM,NOT APPLICABLE,NOT APPLICABLE,1216,W,SUNNYSIDE AVE,1913.0,,,,,,,2,NO INDICATION OF INJURY,0.0,0.0,0.0,0.0,0.0,1.0,0.0,14,2,9,41.9636395922,-87.6603528906,POINT (-87.660352890553 41.963639592176)
bb294b274cbb7d6fd62f4b02afd6be10f77fddd0505ffc1fc30a9e41f039761bcce66c0402b23463e73e6570c4605acf9dbc8c2d9d74ed6d7a71df7b06befdd2,JA222655,,04/12/2017 04:30:00 PM,30,UNKNOWN,UNKNOWN,CLEAR,DAYLIGHT,SIDESWIPE OPPOSITE DIRECTION,UNKNOWN,2.0,STRAIGHT AND LEVEL,UNKNOWN,UNKNOWN,NOT ON SCENE (DESK REPORT),NO INJURY / DRIVE AWAY,Y,,Y,"$501 - $1,500",04/12/2017 08:30:00 PM,UNABLE TO DETERMINE,UNABLE TO DETERMINE,801,W,MADISON ST,1232.0,,,,,,,2,NO INDICATION OF INJURY,0.0,0.0,0.0,0.0,0.0,2.0,0.0,16,4,4,41.8816675873,-87.6473858065,POINT (-87.647385806537 41.881667587258)
8a2443ae8d04b9b0ac99f0acfed63a35d17e6c098e5da766f6c62c118387488fbbf13eece8b955e3d913cf667f94e131b5ba666451e7c8f7ac002a5a8057adea,JF150166,,10/26/2022 12:12:00 PM,25,STOP SIGN/FLASHER,NO CONTROLS,CLEAR,DAYLIGHT,TURNING,T-INTERSECTION,,STRAIGHT AND LEVEL,DRY,UNKNOWN,NOT ON SCENE (DESK REPORT),NO INJURY / DRIVE AWAY,,,,"OVER $1,500",10/26/2022 01:19:00 PM,DISREGARDING STOP SIGN,UNABLE TO DETERMINE,2422,S,WENTWORTH AVE,914.0,,Y,,,,,2,NO INDICATION OF INJURY,0.0,0.0,0.0,0.0,0.0,2.0,0.0,12,4,10,41.8484228761,-87.6320446636,POINT (-87.632044663609 41.848422876128)
f507466eb15db9e1fdb7aa5d8de0b14bfef387e7ae6da083687d94300b28fa6224dc1789613c24522dd4ffb48e9bc99fb68f2672bce5317eb0381e69a865cd0a,JE462245,,12/01/2021 07:40:00 AM,30,NO CONTROLS,NO CONTROLS,UNKNOWN,UNKNOWN,PARKED MOTOR VEHICLE,NOT DIVIDED,,STRAIGHT AND LEVEL,UNKNOWN,UNKNOWN,NOT ON SCENE (DESK REPORT),NO INJURY / DRIVE AWAY,,,Y,"$501 - $1,500",12/01/2021 10:40:00 AM,UNABLE TO DETERMINE,UNABLE TO DETERMINE,3600,W,64TH PL,823.0,,,,,,,2,NO INDICATION OF INJURY,0.0,0.0,0.0,0.0,0.0,1.0,0.0,7,4,12,41.7761795206,-87.7132105339,POINT (-87.713210533867 41.77617952061)
d03938e97c227fde52a9ddda5395f567fba5018f65c5ca658c5883329cb7ab07cf985272359b8b9f5382334e0d6f0be38d81baa046c47a19d833540f046fa945,JG399916,,08/27/2023 02:45:00 PM,30,NO CONTROLS,NO CONTROLS,CLEAR,DAYLIGHT,PARKED MOTOR VEHICLE,NOT DIVIDED,,STRAIGHT AND LEVEL,DRY,NO DEFECTS,ON SCENE,NO INJURY / DRIVE AWAY,,,,"$501 - $1,500",08/27/2023 02:51:00 PM,UNABLE TO DETERMINE,UNABLE TO DETERMINE,5999,N,MOBILE AVE,1622.0,,,,,,,2,NO INDICATION OF INJURY,0.0,0.0,0.0,0.0,0.0,1.0,0.0,14,1,8,41.9900572963,-87.7850283244,POINT (-87.78502832442 41.990057296312)
df29be79e5f0edafd5fafd85ed67174ed69322586cbac3f216b87f7cc1113d9049228937b0f8c623ca50272478758b7ae445ea1ff3f9886a34a212564f95b372,JB396842,,08/17/2018 04:30:00 AM,30,STOP SIGN/FLASHER,FUNCTIONING PROPERLY,RAIN,"DARKNESS, LIGHTED ROAD",ANGLE,NOT DIVIDED,2.0,STRAIGHT AND LEVEL,WET,NO DEFECTS,ON SCENE,INJURY AND / OR TOW DUE TO CRASH,Y,,Y,"OVER $1,500",08/17/2018 04:37:00 AM,DISREGARDING STOP SIGN,FAILING TO YIELD RIGHT-OF-WAY,4700,W,JACKSON BLVD,1113.0,,,,,,,2,NO INDICATION OF INJURY,0.0,0.0,0.0,0.0,0.0,2.0,0.0,4,6,8,41.8769837883,-87.7428237338,POINT (-87.742823733801 41.876983788256)
e5db266826bc313bdbc1ee1f89ae0a77008b041098cc6d0deb244dcbad2c3f74794e0fad0c599aafb976c08bf471a03e7abdbb1aaeda3e6ec62647803a1e47de,HZ266689,,05/16/2016 11:00:00 AM,15,NO CONTROLS,NO CONTROLS,CLEAR,DAYLIGHT,SIDESWIPE SAME DIRECTION,NOT DIVIDED,,STRAIGHT AND LEVEL,DRY,NO DEFECTS,NOT ON SCENE (DESK REPORT),NO INJURY / DRIVE AWAY,,,,"$501 - $1,500",05/16/2016 01:05:00 PM,UNABLE TO DETERMINE,NOT APPLICABLE,4700,S,INDIANA AVE,224.0,,,,,,,2,NO INDICATION OF INJURY,0.0,0.0,0.0,0.0,0.0,2.0,0.0,11,2,5,41.8092178146,-87.6213569056,POINT (-87.621356905645 41.809217814636)
c8dc8449b0cc793fcf5db28f8a1d9fd5f4d0f0feb8e09b67dbfe931161722143f008abeac154b2cf93a6084e7ad9fbaa4bc0c93053ba080c0d6967f5be23b688,JG409917,,09/03/2023 09:20:00 PM,30,NO CONTROLS,NO CONTROLS,CLEAR,"DARKNESS, LIGHTED ROAD",REAR END,NOT DIVIDED,,STRAIGHT ON GRADE,UNKNOWN,UNKNOWN,,NO INJURY / DRIVE AWAY,,,,"$501 - $1,500",09/03/2023 09:45:00 PM,UNABLE TO DETERMINE,UNABLE TO DETERMINE,1907,N,CENTRAL AVE,2515.0,,,,,,,2,NO INDICATION OF INJURY,0.0,0.0,0.0,0.0,0.0,2.0,0.0,21,1,9,41.9152465463,-87.7655501093,POINT (-87.765550109276 41.915246546265)
ea6168df98f6dd04dd851131ddf8b32b4477ff827a6e5ce7b029f42d324e1b49ee0e2f82213b9759dae8ccbd206882af3a5c0d4e5db69f82d377894ae97069b9,JF240695,,05/13/2022 12:39:00 PM,10,NO CONTROLS,NO CONTROLS,CLEAR,DAYLIGHT,OTHER OBJECT,OTHER,,STRAIGHT AND LEVEL,UNKNOWN,NO DEFECTS,NOT ON SCENE (DESK REPORT),NO INJURY / DRIVE AWAY,,Y,,$500 OR LESS,05/13/2022 12:39:00 PM,UNABLE TO DETERMINE,UNABLE TO DETERMINE,5701,S,CICERO AVE,813.0,,,,,,,2,NO INDICATION OF INJURY,0.0,0.0,0.0,0.0,0.0,1.0,0.0,12,6,5,41.7893386418,-87.7413525626,POINT (-87.741352562622 41.789338641753)
64313d80e2f1e17d2b112a2480cfddeeaf2e7195a0868988d993627dd19d7843deec3caaa71aeeb64cd31cd986b5275eecaa6d033f4d0283d425f0ed239cb001,JG155165,,02/16/2023 05:15:00 PM,30,TRAFFIC SIGNAL,FUNCTIONING PROPERLY,RAIN,DAYLIGHT,REAR END,NOT DIVIDED,,STRAIGHT AND LEVEL,WET,NO DEFECTS,NOT ON SCENE (DESK REPORT),NO INJURY / DRIVE AWAY,,,,"$501 - $1,500",02/16/2023 05:57:00 PM,UNABLE TO DETERMINE,UNABLE TO DETERMINE,5500,N,CLARK ST,2012.0,,,,,,,2,NO INDICATION OF INJURY,0.0,0.0,0.0,0.0,0.0,2.0,0.0,17,5,2,41.9817056214,-87.6685809176,POINT (-87.668580917559 41.981705621386)
de943a09c6b3699b67eebaedf8ccb236a92b7bd84d70184f59fcaa7e088f71e307e217af4d1f32ac40f6f30a38014382c009327425e86e587f64040d1a6aef60,JB363931,,07/24/2018 05:00:00 PM,30,TRAFFIC SIGNAL,FUNCTIONING PROPERLY,CLEAR,DAYLIGHT,TURNING,NOT DIVIDED,,STRAIGHT AND LEVEL,DRY,NO DEFECTS,NOT ON SCENE (DESK REPORT),NO INJURY / DRIVE AWAY,,,Y,"OVER $1,500",07/24/2018 10:10:00 PM,DISREGARDING OTHER TRAFFIC SIGNS,DISREGARDING OTHER TRAFFIC SIGNS,1200,S,INDEPENDENCE BLVD,1011.0,,,,,,,2,NO INDICATION OF INJURY,0.0,0.0,0.0,0.0,0.0,2.0,0.0,17,3,7,41.8661463823,-87.720268041,POINT (-87.720268041003 41.86614638227)
62e9952caba6d0fc41326ee4926558dd82c9696e1407137c2e7dadef13e053d9f82d5ab9af907289ebdb5b0ce84288d901ed36a79bca0df628ca2020b648cb7d,JB122720,,01/20/2018 05:00:00 AM,30,NO CONTROLS,NO CONTROLS,CLEAR,"DARKNESS, LIGHTED ROAD",PARKED MOTOR VEHICLE,DIVIDED - W/MEDIAN (NOT RAISED),,STRAIGHT AND LEVEL,WET,NO DEFECTS,ON SCENE,NO INJURY / DRIVE AWAY,,,Y,"OVER $1,500",01/20/2018 06:53:00 AM,IMPROPER LANE USAGE,NOT APPLICABLE,3132,W,PERSHING RD,911.0,,,,,,,3,NO INDICATION OF INJURY,0.0,0.0,0.0,0.0,0.0,1.0,0.0,5,7,1,41.8227199766,-87.7033397167,POINT (-87.703339716735 41.822719976648)
d04e922bc6cf29a20b55d2111082f05db1b375dbc6c0fd57281068a205e0a490e2cd94dfc52e93211b672da2572e2056e4a3410b71d7a4866557cca4d7852f41,JB497856,,10/31/2018 03:30:00 PM,25,NO CONTROLS,NO CONTROLS,CLEAR,DAYLIGHT,REAR END,NOT DIVIDED,2.0,STRAIGHT AND LEVEL,DRY,NO DEFECTS,ON SCENE,NO INJURY / DRIVE AWAY,,,,"OVER $1,500",10/31/2018 03:35:00 PM,FAILING TO REDUCE SPEED TO AVOID CRASH,FAILING TO REDUCE SPEED TO AVOID CRASH,1400,S,DAMEN AVE,1233.0,,,,,,,2,NO INDICATION OF INJURY,0.0,0.0,0.0,0.0,0.0,2.0,0.0,15,4,10,41.8631031773,-87.676296565,POINT (-87.676296565004 41.863103177295)
d0c0594fe13d6ed840bce646858b434e224c49b47464d6567a5b000100963d1be0e288b29cebdd3043e24d436c2ddc849dce8836dc2b5c3d79a2d7210a7df91c,JF407026,,09/22/2022 08:00:00 PM,30,TRAFFIC SIGNAL,FUNCTIONING PROPERLY,CLEAR,"DARKNESS, LIGHTED ROAD",REAR END,ONE-WAY,,STRAIGHT AND LEVEL,DRY,NO DEFECTS,NOT ON SCENE (DESK REPORT),NO INJURY / DRIVE AWAY,,,Y,"OVER $1,500",09/22/2022 09:30:00 PM,UNABLE TO DETERMINE,UNABLE TO DETERMINE,1801,W,GARFIELD BLVD,715.0,,,,,,,2,NO INDICATION OF INJURY,0.0,0.0,0.0,0.0,0.0,2.0,0.0,20,5,9,41.7934928955,-87.6694912754,POINT (-87.669491275352 41.793492895519)
f8843bded98cc986cb8564bd4857d2bbafd9caa5e9f2d4a1082504a37b593fa24b486883e8accc0da0d08a24ba17ac869e4c9aba1eb361fd1363041baa4e5ccf,JC349311,,07/15/2019 06:40:00 AM,25,NO CONTROLS,NO CONTROLS,CLEAR,DAYLIGHT,SIDESWIPE SAME DIRECTION,ONE-WAY,,STRAIGHT AND LEVEL,DRY,NO DEFECTS,ON SCENE,NO INJURY / DRIVE AWAY,,,,"OVER $1,500",07/15/2019 06:43:00 AM,FAILING TO YIELD RIGHT-OF-WAY,DRIVING SKILLS/KNOWLEDGE/EXPERIENCE,1,W,TERMINAL ST,1651.0,,,,,,,2,NO INDICATION OF INJURY,0.0,0.0,0.0,0.0,0.0,3.0,0.0,6,2,7,,,
2561e2f43a8aea448284e99324b0c21707e65ea8a9ffacfc31e5890451a4d9e12b5a1223fd21766d784c05e86a640fbd02ca9c08981b04ed1958fd2b39a9e811,JD257644,,06/08/2020 01:15:00 PM,30,TRAFFIC SIGNAL,FUNCTIONING PROPERLY,CLEAR,DAYLIGHT,TURNING,NOT DIVIDED,,STRAIGHT AND LEVEL,DRY,NO DEFECTS,NOT ON SCENE (DESK REPORT),NO INJURY / DRIVE AWAY,Y,,,"OVER $1,500",06/08/2020 01:40:00 PM,UNABLE TO DETERMINE,NOT APPLICABLE,6400,N,LEHIGH AVE,1621.0,,,,,,,2,NO INDICATION OF INJURY,0.0,0.0,0.0,0.0,0.0,3.0,0.0,13,2,6,41.9973470918,-87.7659239429,POINT (-87.765923942896 41.997347091757)
74ad4ebe5be615b4c98e3c770feb4d18986c8ec08814ce91dce6e763a643b48852127f363ca389d7a571657d1d4e172e0d5c5c2ad7a50b198d880331965a437e,JC356286,,07/19/2019 10:40:00 PM,30,NO CONTROLS,NO CONTROLS,CLEAR,"DARKNESS, LIGHTED ROAD",REAR END,DIVIDED - W/MEDIAN (NOT RAISED),,STRAIGHT AND LEVEL,DRY,UNKNOWN,ON SCENE,INJURY AND / OR TOW DUE TO CRASH,,,,"OVER $1,500",07/19/2019 10:56:00 PM,IMPROPER OVERTAKING/PASSING,NOT APPLICABLE,1520,N,WESTERN AVE,1423.0,,,,,,,2,NONINCAPACITATING INJURY,1.0,0.0,0.0,1.0,0.0,3.0,0.0,22,6,7,41.9091487662,-87.6873366325,POINT (-87.687336632491 41.909148766195)
5f5dfaa0f5377ba70bad5154f170cee9895cf0531b735d8afab58dbf48545e46a9d6d1fd4c845d6b3f850bfbb97c6d4b53c820ad330f261f97dc2bfc9b6dbaae,JA525892,,11/26/2017 02:00:00 PM,25,NO CONTROLS,NO CONTROLS,CLEAR,DAYLIGHT,ANGLE,ALLEY,1.0,STRAIGHT AND LEVEL,DRY,NO DEFECTS,NOT ON SCENE (DESK REPORT),NO INJURY / DRIVE AWAY,,,,"$501 - $1,500",11/26/2017 02:39:00 PM,UNABLE TO DETERMINE,UNABLE TO DETERMINE,5687,S,ARCHER AVE,814.0,,,,,,,2,NO INDICATION OF INJURY,0.0,0.0,0.0,0.0,0.0,2.0,0.0,14,1,11,41.7969686058,-87.7535236681,POINT (-87.75352366806 41.796968605758)
a7556ad28059f84bcdda7d833127971c192909b64b8cd51647fe1966874bf8e9b004084afaf86037113df65e977bf0983d87d88cac93b9eaafa54d38ced80571,JB463675,,10/05/2018 02:15:00 PM,30,NO CONTROLS,NO CONTROLS,CLEAR,DAYLIGHT,ANGLE,NOT DIVIDED,2.0,STRAIGHT AND LEVEL,DRY,NO DEFECTS,ON SCENE,INJURY AND / OR TOW DUE TO CRASH,Y,,,"OVER $1,500",10/05/2018 02:18:00 PM,DISREGARDING STOP SIGN,UNABLE TO DETERMINE,800,E,44TH ST,221.0,,,,,,,2,NONINCAPACITATING INJURY,1.0,0.0,0.0,1.0,0.0,2.0,0.0,14,6,10,41.8151055405,-87.6065730775,POINT (-87.606573077501 41.81510554049)
afddb5312ed32d1b09489902d73be8c797cfcf54d73ef679ed20678a15e0033667bbdcd41fdd45556024396d69f661a416580664cf5ebf46fbb36f4f2741c78c,JC230171,,04/19/2019 10:50:00 AM,30,UNKNOWN,UNKNOWN,CLEAR,DAYLIGHT,PARKED MOTOR VEHICLE,NOT DIVIDED,,STRAIGHT AND LEVEL,DRY,NO DEFECTS,NOT ON SCENE (DESK REPORT),NO INJURY / DRIVE AWAY,,,Y,"OVER $1,500",04/19/2019 11:45:00 AM,IMPROPER OVERTAKING/PASSING,NOT APPLICABLE,2204,S,WABASH AVE,131.0,,,,,,,2,NO INDICATION OF INJURY,0.0,0.0,0.0,0.0,0.0,1.0,0.0,10,6,4,41.8526515708,-87.6256432794,POINT (-87.625643279393 41.852651570805)
87ee95614205aae3ce7587402eea044112e1564817872054961b6ffe2072a9305b33c86b2e627450f3b1234edc242d6318fd01c70a76bae820dc623e1e1736eb,JE227947,,05/12/2021 04:06:00 PM,30,TRAFFIC SIGNAL,UNKNOWN,CLEAR,DAYLIGHT,SIDESWIPE SAME DIRECTION,DIVIDED - W/MEDIAN (NOT RAISED),,STRAIGHT AND LEVEL,DRY,UNKNOWN,ON SCENE,NO INJURY / DRIVE AWAY,,,,"OVER $1,500",05/12/2021 04:07:00 PM,UNABLE TO DETERMINE,NOT APPLICABLE,3102,S,KEDZIE AVE,1032.0,,,,,,,2,NO INDICATION OF INJURY,0.0,0.0,0.0,0.0,0.0,2.0,0.0,16,4,5,41.8370774467,-87.7049657086,POINT (-87.704965708605 41.837077446702)
467f1f3b52bafa5fec5c14a5cffc765e8d4848aa77c163572f5a3a3fff4433e9bfa66a1eacab37d9c086176fc67246c68671913c16e7dec49f52f04231e5c86f,JF199667,,04/06/2022 07:26:00 PM,30,TRAFFIC SIGNAL,UNKNOWN,CLEAR,DARKNESS,SIDESWIPE SAME DIRECTION,UNKNOWN INTERSECTION TYPE,,STRAIGHT AND LEVEL,DRY,UNKNOWN,ON SCENE,NO INJURY / DRIVE AWAY,Y,,Y,$500 OR LESS,04/06/2022 07:26:00 PM,IMPROPER OVERTAKING/PASSING,IMPROPER LANE USAGE,376,E,OAKWOOD BLVD,214.0,,,,,,,2,NO INDICATION OF INJURY,0.0,0.0,0.0,0.0,0.0,2.0,0.0,19,4,4,41.82275911,-87.6169539294,POINT (-87.616953929414 41.822759110027)
d93aa1f7bd1b344d8ea6542b6c104c3877a189659bede584de4290d0e7511d7a33209aeaff23cf3a91d64fd80b97b3704b75af3f5618bb8a3ccb842077721a04,JB432822,,09/12/2018 06:40:00 PM,30,TRAFFIC SIGNAL,FUNCTIONING PROPERLY,CLEAR,DAYLIGHT,SIDESWIPE SAME DIRECTION,NOT DIVIDED,2.0,STRAIGHT AND LEVEL,DRY,NO DEFECTS,NOT ON SCENE (DESK REPORT),NO INJURY / DRIVE AWAY,,,,"OVER $1,500",09/12/2018 06:51:00 PM,UNABLE TO DETERMINE,NOT APPLICABLE,6300,S,YALE AVE,722.0,,,,,,,2,NO INDICATION OF INJURY,0.0,0.0,0.0,0.0,0.0,2.0,0.0,18,4,9,41.7799265177,-87.6319793256,POINT (-87.631979325574 41.779926517686)