CRASH_RECORD_ID,RD_NO,CRASH_DATE_EST_I,CRASH_DATE,POSTED_SPEED_LIMIT,TRAFFIC_CONTROL_DEVICE,DEVICE_CONDITION,WEATHER_CONDITION,LIGHTING_CONDITION,FIRST_CRASH_TYPE,TRAFFICWAY_TYPE,LANE_CNT,ALIGNMENT,ROADWAY_SURFACE_COND,ROAD_DEFECT,REPORT_TYPE,CRASH_TYPE,INTERSECTION_RELATED_I,NOT_RIGHT_OF_WAY_I,HIT_AND_RUN_I,DAMAGE,DATE_POLICE_NOTIFIED,PRIM_CONTRIBUTORY_CAUSE,SEC_CONTRIBUTORY_CAUSE,STREET_NO,STREET_DIRECTION,STREET_NAME,BEAT_OF_OCCURRENCE,PHOTOS_TAKEN_I,STATEMENTS_TAKEN_I,DOORING_I,WORK_ZONE_I,WORK_ZONE_TYPE,WORKERS_PRESENT_I,NUM_UNITS,MOST_SEVERE_INJURY,INJURIES_TOTAL,INJURIES_FATAL,INJURIES_INCAPACITATING,INJURIES_NON_INCAPACITATING,INJURIES_REPORTED_NOT_EVIDENT,INJURIES_NO_INDICATION,INJURIES_UNKNOWN,CRASH_HOUR,CRASH_DAY_OF_WEEK,CRASH_MONTH,LATITUDE,LONGITUDE,LOCATION
52309d77710858353eff3cf99e26fbd2f61a937611581aa39b3c7aec4237a211d96682999c2f31bc7c07a027e0fde307bdbc7eae9710455ef8bda8431134f664,JE402225,,10/08/2021 06:15:00 AM,30,TRAFFIC SIGNAL,FUNCTIONING PROPERLY,CLOUDY/OVERCAST,DAWN,TURNING,FOUR WAY,,STRAIGHT AND LEVEL,WET,NO DEFECTS,NOT ON SCENE (DESK REPORT),NO INJURY / DRIVE AWAY,Y,,,"OVER $1,500",10/08/2021 07:15:00 AM,FAILING TO YIELD RIGHT-OF-WAY,UNABLE TO DETERMINE,5100,S,CENTRAL AVE,811.0,,,,,,,2,NO INDICATION OF INJURY,0.0,0.0,0.0,0.0,0.0,2.0,0.0,6,6,10,41.7999616501,-87.7626724693,POINT (-87.762672469341 41.799961650087)
88d998bbc6580384cf2454a8e5174312b55eb800c696355bfaaa9ad09dbdb46cf1bd70e14f7c461c470930edf2dfd9662384a00d4c1acc11a5ce90fbf7d521f3,JG300060,,06/13/2023 08:30:00 PM,30,NO CONTROLS,NO CONTROLS,CLEAR,DAYLIGHT,PARKED MOTOR VEHICLE,NOT DIVIDED,,STRAIGHT AND LEVEL,DRY,NO DEFECTS,NOT ON SCENE (DESK REPORT),NO INJURY / DRIVE AWAY,,,,"OVER $1,500",06/13/2023 09:00:00 PM,DRIVING SKILLS/KNOWLEDGE/EXPERIENCE,NOT APPLICABLE,2149,W,71ST ST,735.0,,,,,,,2,NO INDICATION OF INJURY,0.0,0.0,0.0,0.0,0.0,1.0,0.0,20,3,6,41.764650161,-87.6781725179,POINT (-87.678172517899 41.764650161028)
b8b456ae6c62d52c1fe767c179705601cc8da2572e00200bff81381f62073ad969f30ef21281b1cd9bbf0514c46d5fe9fbe6a68148764f714db738783f1e2884,JC550564,,12/17/2019 05:00:00 PM,30,TRAFFIC SIGNAL,FUNCTIONING PROPERLY,CLEAR,"DARKNESS, LIGHTED ROAD",REAR END,NOT DIVIDED,,STRAIGHT AND LEVEL,DRY,NO DEFECTS,ON SCENE,INJURY AND / OR TOW DUE TO CRASH,Y,,,"OVER $1,500",12/17/2019 05:06:00 PM,DISTRACTION - FROM INSIDE VEHICLE,NOT APPLICABLE,2929,W,PETERSON AVE,2011.0,,,,,,,2,NO INDICATION OF INJURY,0.0,0.0,0.0,0.0,0.0,2.0,0.0,17,3,12,41.9903138951,-87.7029051799,POINT (-87.702905179858 41.990313895098)
f4382fcc968003c784c881f2d1cd74fdb27eebe737b4a8fed0a239c77dc7af7699d91e146eb3633b6eecfb17469814f496692a92e58ec9b2d81f33b46e99a179,JB411658,,08/28/2018 01:15:00 AM,30,NO CONTROLS,NO CONTROLS,CLEAR,"DARKNESS, LIGHTED ROAD",TURNING,NOT DIVIDED,2.0,STRAIGHT AND LEVEL,DRY,NO DEFECTS,ON SCENE,NO INJURY / DRIVE AWAY,,,Y,"OVER $1,500",08/28/2018 01:20:00 AM,UNDER THE INFLUENCE OF ALCOHOL/DRUGS (USE WHEN ARREST IS EFFECTED),IMPROPER TURNING/NO SIGNAL,4132,N,MILWAUKEE AVE,1624.0,,,,,,,2,NO INDICATION OF INJURY,0.0,0.0,0.0,0.0,0.0,4.0,0.0,1,3,8,41.9560278004,-87.750667912,POINT (-87.750667911987 41.95602780045)
b89f0f129641b022476d84911d41451d54a80886658984e594c6cc2039dee8eeafec6262069440e6fd212e7caf5a065cbcf0dcad54e1f62b8351f3f9d1ead44e,JG405267,,08/31/2023 12:10:00 PM,30,TRAFFIC SIGNAL,FUNCTIONING PROPERLY,CLEAR,DAYLIGHT,TURNING,T-INTERSECTION,,STRAIGHT AND LEVEL,DRY,NO DEFECTS,ON SCENE,INJURY AND / OR TOW DUE TO CRASH,Y,,,"OVER $1,500",08/31/2023 12:40:00 PM,UNABLE TO DETERMINE,UNABLE TO DETERMINE,4158,S,PULASKI RD,815.0,,,,,,,2,NO INDICATION OF INJURY,0.0,0.0,0.0,0.0,0.0,2.0,0.0,12,5,8,41.8170049168,-87.724054043,POINT (-87.724054043038 41.817004916842)
351dd95cc2bd11ac02b2e29d7cdd8f7e5f4d1ae67e1e4a10449e17d5cd093c3658a7e2b27afca9be00623381e043ce65d2da987d6266ebe667bdcc601d2cce09,JB192902,,03/17/2018 10:30:00 PM,30,TRAFFIC SIGNAL,FUNCTIONING PROPERLY,CLEAR,DARKNESS,REAR END,NOT DIVIDED,4.0,STRAIGHT AND LEVEL,DRY,NO DEFECTS,NOT ON SCENE (DESK REPORT),NO INJURY / DRIVE AWAY,,,Y,"OVER $1,500",03/20/2018 12:35:00 PM,FOLLOWING TOO CLOSELY,NOT APPLICABLE,1201,N,CICERO AVE,2533.0,,,,,,,2,NO INDICATION OF INJURY,0.0,0.0,0.0,0.0,0.0,8.0,0.0,22,7,3,41.9023993096,-87.7458322849,POINT (-87.745832284856 41.902399309555)
4f47d51d51d1d27aea2e6d2d1888191eadf49473e3ed44a3e8d6890967374c68f2def54ce0ccaabf53ddac12a5ca56f4e130b70e762a62a60601c48bbf0e1e73,JE205098,,04/20/2021 05:33:00 PM,30,NO CONTROLS,NO CONTROLS,CLEAR,DAYLIGHT,REAR END,DIVIDED - W/MEDIAN (NOT RAISED),,STRAIGHT AND LEVEL,DRY,NO DEFECTS,ON SCENE,NO INJURY / DRIVE AWAY,,,,"$501 - $1,500",04/20/2021 05:54:00 PM,IMPROPER LANE USAGE,IMPROPER LANE USAGE,6001,N,SHERIDAN RD,2433.0,,,,,,,2,NO INDICATION OF INJURY,0.0,0.0,0.0,0.0,0.0,3.0,0.0,17,3,4,41.9910905576,-87.6552687793,POINT (-87.655268779268 41.991090557568)
794d7a2ef20484e136e513c921f02f09060e640d8a08bbb57858fdd6a6b2cafa40ba66eb346a14da8de28681f3337449c8286eb4fe11ce4a7651d516087039c7,JF221096,,04/26/2022 06:15:00 PM,10,OTHER,FUNCTIONING PROPERLY,RAIN,DAYLIGHT,PARKED MOTOR VEHICLE,ALLEY,,STRAIGHT AND LEVEL,DRY,NO DEFECTS,NOT ON SCENE (DESK REPORT),NO INJURY / DRIVE AWAY,,,,"$501 - $1,500",04/26/2022 06:40:00 PM,IMPROPER OVERTAKING/PASSING,UNABLE TO DETERMINE,1474,S,MICHIGAN AVE,131.0,,,,,,,2,NO INDICATION OF INJURY,0.0,0.0,0.0,0.0,0.0,1.0,0.0,18,3,4,41.8620453325,-87.6241770646,POINT (-87.624177064635 41.862045332461)
fcaea3372633d2dd9535b0fba70c0eac412120fd92dc55d7e09af035408854befd26f108e371abe144c5dc53fdcd3b6f0ba01229712c35160c108b30c0cf00a9,JA271007,,05/19/2017 03:55:00 PM,30,TRAFFIC SIGNAL,FUNCTIONING PROPERLY,RAIN,DAYLIGHT,REAR END,NOT DIVIDED,,STRAIGHT AND LEVEL,WET,NO DEFECTS,NOT ON SCENE (DESK REPORT),NO INJURY / DRIVE AWAY,,,Y,"$501 - $1,500",05/19/2017 05:57:00 PM,WEATHER,EXCEEDING SAFE SPEED FOR CONDITIONS,5469,W,NORTH AVE,2532.0,,,,,,,2,NO INDICATION OF INJURY,0.0,0.0,0.0,0.0,0.0,3.0,0.0,15,6,5,41.909294322,-87.763395828,POINT (-87.763395828035 41.909294321981)
8eb09813951cb718983601955460bc79ae34b3fcdd090f7c51cf250d8221be24572cb89c997bc1667deba893e97433f30461e1484683b2c9d38e14a7e88760f2,JD127273,,01/24/2020 04:11:00 PM,30,TRAFFIC SIGNAL,FUNCTIONING PROPERLY,RAIN,DAYLIGHT,PEDESTRIAN,DIVIDED - W/MEDIAN (NOT RAISED),,STRAIGHT AND LEVEL,WET,NO DEFECTS,ON SCENE,NO INJURY / DRIVE AWAY,Y,,,$500 OR LESS,01/24/2020 04:11:00 PM,UNABLE TO DETERMINE,NOT APPLICABLE,6913,S,MERRILL AVE,331.0,,,,,,,2,NO INDICATION OF INJURY,0.0,0.0,0.0,0.0,0.0,3.0,0.0,16,6,1,41.7694130147,-87.572572263,POINT (-87.572572262959 41.769413014666)
9c6edaeaf83f69d016d97d9c77d54a1270fbc49e0ceb6983ab5fc358f07717eeae544b75cb8fa8539427f76cdada8570c4be8dbd38ac3760355e058565d9d5b7,JE415398,,10/19/2021 04:25:00 PM,25,NO CONTROLS,NO CONTROLS,CLEAR,DAYLIGHT,REAR END,DIVIDED - W/MEDIAN (NOT RAISED),,STRAIGHT AND LEVEL,DRY,NO DEFECTS,NOT ON SCENE (DESK REPORT),NO INJURY / DRIVE AWAY,,,Y,$500 OR LESS,10/19/2021 05:10:00 PM,FOLLOWING TOO CLOSELY,UNABLE TO DETERMINE,1817,W,HOWARD ST,2424.0,,,,,,,2,NO INDICATION OF INJURY,0.0,0.0,0.0,0.0,0.0,2.0,0.0,16,3,10,42.0192939213,-87.6763416205,POINT (-87.676341620537 42.019293921323)
5cc31fa27793074ac6cbf433761c8f3871a1071f4a4df9408728efb32052f67b0fd2d05a6dd901c50c3240f77a0e89c62c73652faeb931f5f0a7c2ed79d07a1c,JD451918,,12/04/2020 08:30:00 AM,15,NO CONTROLS,NO CONTROLS,CLEAR,DAYLIGHT,PARKED MOTOR VEHICLE,NOT DIVIDED,,STRAIGHT AND LEVEL,DRY,NO DEFECTS,NOT ON SCENE (DESK REPORT),NO INJURY / DRIVE AWAY,,,,"OVER $1,500",12/07/2020 09:30:00 AM,UNABLE TO DETERMINE,UNABLE TO DETERMINE,948,W,76TH ST,621.0,,,,,,,2,NO INDICATION OF INJURY,0.0,0.0,0.0,0.0,0.0,1.0,0.0,8,6,12,41.7561459639,-87.6485542435,POINT (-87.648554243495 41.756145963852)
e6c8942af3b94caebb926ac5a5b69d140e0c3b4753d9baee876bddb2c3ddbb7fd2ac088fa6ca0fcfdcb43b427ad9ec0d216b427ed608a614e2df07879a91a36c,JB208223,,04/02/2018 08:00:00 AM,30,TRAFFIC SIGNAL,FUNCTIONING PROPERLY,CLEAR,DAYLIGHT,SIDESWIPE SAME DIRECTION,NOT DIVIDED,,STRAIGHT AND LEVEL,DRY,NO DEFECTS,NOT ON SCENE (DESK REPORT),NO INJURY / DRIVE AWAY,,,Y,$500 OR LESS,04/02/2018 08:55:00 AM,UNABLE TO DETERMINE,UNABLE TO DETERMINE,3159,W,HOWARD ST,2411.0,,,,,,,2,NO INDICATION OF INJURY,0.0,0.0,0.0,0.0,0.0,2.0,0.0,8,2,4,42.0190372285,-87.7085556193,POINT (-87.708555619346 42.019037228485)
2d5771031d14b0806ab0897b1dc3ef1356e11ac51b0f6437a7d7758a44d1dd2c3140a3b77f3747355702055cbe926f21493f69a95c5e26236dd87c220e518048,JC162528,,02/22/2019 10:10:00 PM,30,NO CONTROLS,NO CONTROLS,CLEAR,"DARKNESS, LIGHTED ROAD",PARKED MOTOR VEHICLE,NOT DIVIDED,2.0,STRAIGHT AND LEVEL,DRY,NO DEFECTS,NOT ON SCENE (DESK REPORT),NO INJURY / DRIVE AWAY,,,,"OVER $1,500",02/22/2019 10:45:00 PM,EXCEEDING AUTHORIZED SPEED LIMIT,EXCEEDING SAFE SPEED FOR CONDITIONS,70,E,59TH ST,232.0,,,,,,,2,NO INDICATION OF INJURY,0.0,0.0,0.0,0.0,0.0,1.0,0.0,22,6,2,41.7875191202,-87.622849178,POINT (-87.622849178047 41.787519120183)
17283e677ab74760573da02dcdd12a28f3668c056f993c5ceb941da96e4d9ef3601c91f9810e8365cbf29e7b61d3b49dafdd3529e7f0dd831662eb8798daaca2,JE278267,,06/22/2021 05:10:00 PM,30,NO CONTROLS,NO CONTROLS,CLEAR,DAYLIGHT,REAR END,NOT DIVIDED,,STRAIGHT AND LEVEL,DRY,NO DEFECTS,NOT ON SCENE (DESK REPORT),NO INJURY / DRIVE AWAY,,,,"OVER $1,500",06/24/2021 05:23:00 PM,FOLLOWING TOO CLOSELY,FOLLOWING TOO CLOSELY,4342,S,ARCHER AVE,922.0,,,,,,,2,NO INDICATION OF INJURY,0.0,0.0,0.0,0.0,0.0,2.0,0.0,17,3,6,41.8145073644,-87.70379859,POINT (-87.703798590046 41.814507364444)
86d9efbe93cc9edfac2b16420467e03c48df6575efe317243dc584218fcb237775095143b559eaf02c0402d0337afb3089618d886dcee31cc27b7045e519f6cb,JB490961,,10/26/2018 12:00:00 PM,30,TRAFFIC SIGNAL,FUNCTIONING PROPERLY,CLEAR,DAYLIGHT,SIDESWIPE SAME DIRECTION,DIVIDED - W/MEDIAN (NOT RAISED),4.0,STRAIGHT AND LEVEL,DRY,NO DEFECTS,NOT ON SCENE (DESK REPORT),NO INJURY / DRIVE AWAY,,,,"OVER $1,500",10/26/2018 01:00:00 PM,FOLLOWING TOO CLOSELY,IMPROPER OVERTAKING/PASSING,3519,N,KEDZIE AVE,1733.0,,,,,,,2,NO INDICATION OF INJURY,0.0,0.0,0.0,0.0,0.0,4.0,0.0,12,6,10,41.945478067,-87.7076442544,POINT (-87.707644254396 41.945478066951)
e346c805ad8d186126750f1ed2cca5f6d38bbacaaa8fcfd6656d761ead1286add7342d0cc304a09cfa6e53373951b0fdead406aa3158f1edd4ccfd975dd4544b,JF106946,,01/08/2022 02:30:00 PM,30,TRAFFIC SIGNAL,FUNCTIONING PROPERLY,FREEZING RAIN/DRIZZLE,DAYLIGHT,TURNING,T-INTERSECTION,,STRAIGHT AND LEVEL,WET,UNKNOWN,NOT ON SCENE (DESK REPORT),INJURY AND / OR TOW DUE TO CRASH,Y,,,"OVER $1,500",01/08/2022 02:30:00 PM,DISREGARDING TRAFFIC SIGNALS,NOT APPLICABLE,9500,S,COTTAGE GROVE AVE,511.0,,,,,,,2,NO INDICATION OF INJURY,0.0,0.0,0.0,0.0,0.0,2.0,0.0,14,7,1,41.7219704652,-87.6033480401,POINT (-87.603348040077 41.721970465227)
25fb55c78e0b475099cb397362620a64ed600d29c596273a24abb022b875e9065acf7eafadf5434aee0ad188c0d6d00b69f96feb41e0c28ecc151fe6cdd9e987,JC330593,,07/01/2019 11:30:00 AM,30,NO CONTROLS,NO CONTROLS,CLEAR,DAYLIGHT,PARKED MOTOR VEHICLE,ONE-WAY,,STRAIGHT AND LEVEL,DRY,NO DEFECTS,NOT ON SCENE (DESK REPORT),NO INJURY / DRIVE AWAY,,,Y,"OVER $1,500",07/01/2019 06:15:00 PM,UNABLE TO DETERMINE,UNABLE TO DETERMINE,8024,S,MAY ST,612.0,,,,,,,2,NO INDICATION OF INJURY,0.0,0.0,0.0,0.0,0.0,1.0,0.0,11,2,7,41.7479234269,-87.6526039221,POINT (-87.652603922052 41.747923426879)
5c6aff0c1982892d461a7dc1d5f848ab5c4d4864ace94e9fcf9ff69aa4ebd28c9e440377437fabd093efe4aef3880918f8d28996e24950ec516a4f0cabd6455a,JC464899,,10/08/2019 02:49:00 PM,30,TRAFFIC SIGNAL,FUNCTIONING PROPERLY,CLEAR,DAYLIGHT,SIDESWIPE SAME DIRECTION,ONE-WAY,,STRAIGHT AND LEVEL,DRY,NO DEFECTS,ON SCENE,NO INJURY / DRIVE AWAY,,,,"$501 - $1,500",10/08/2019 02:51:00 PM,FAILING TO YIELD RIGHT-OF-WAY,NOT APPLICABLE,150,E,HURON ST,1834.0,,,,,,,2,NO INDICATION OF INJURY,0.0,0.0,0.0,0.0,0.0,3.0,0.0,14,3,10,41.8950607857,-87.6235075091,POINT (-87.623507509116 41.895060785681)
bebb88d1f7ab3f75325ffa7bfe4cc77a35858fab14ace738bb944f0fdbfcd7172286a020c8a2f16828de4ccfdf651c49219393f27caf5d2dad081718835b06ce,JE358505,,09/01/2021 11:30:00 PM,30,TRAFFIC SIGNAL,FUNCTIONING PROPERLY,CLEAR,"DARKNESS, LIGHTED ROAD",PARKED MOTOR VEHICLE,DIVIDED - W/MEDIAN (NOT RAISED),,STRAIGHT AND LEVEL,DRY,NO DEFECTS,ON SCENE,INJURY AND / OR TOW DUE TO CRASH,Y,,,"OVER $1,500",09/01/2021 11:32:00 PM,"EVASIVE ACTION DUE TO ANIMAL, OBJECT, NONMOTORIST",UNABLE TO DETERMINE,2759,W,DEVON AVE,2413.0,,,,,,,2,"REPORTED, NOT EVIDENT",1.0,0.0,0.0,0.0,1.0,0.0,0.0,23,4,9,41.997454541,-87.6994328269,POINT (-87.699432826936 41.99745454104)
26986ae5ed43333cae2cd539073ad5ddd8e61a6a1b136203a6f1703bc5a6d2b2969d6535c23c99c080eb1df02369f483f72ad0948bdb9693cdc5014ae0494fa3,JA277177,,05/18/2017 05:00:00 PM,30,TRAFFIC SIGNAL,FUNCTIONING PROPERLY,CLEAR,DAYLIGHT,TURNING,DIVIDED - W/MEDIAN BARRIER,6.0,STRAIGHT AND LEVEL,DRY,NO DEFECTS,NOT ON SCENE (DESK REPORT),NO INJURY / DRIVE AWAY,,,,"$501 - $1,500",05/24/2017 12:10:00 PM,FAILING TO YIELD RIGHT-OF-WAY,IMPROPER TURNING/NO SIGNAL,101,W,WACKER DR,122.0,,,,,,,2,NO INDICATION OF INJURY,0.0,0.0,0.0,0.0,0.0,4.0,0.0,17,5,5,41.8867071337,-87.6310754197,POINT (-87.631075419733 41.886707133705)
0924f05e9e1512d4c0a28fbcb3cbd92ea9fe1adaca2703df70ed728cbad0b2dc47aa922e106429d23eb441cd260410c4d6b8b10dd7514514312c70204e9c0df4,JF157391,,02/27/2022 04:00:00 AM,35,NO CONTROLS,UNKNOWN,CLEAR,"DARKNESS, LIGHTED ROAD",PARKED MOTOR VEHICLE,NOT DIVIDED,,STRAIGHT AND LEVEL,DRY,NO DEFECTS,ON SCENE,NO INJURY / DRIVE AWAY,,,,"OVER $1,500",02/27/2022 04:15:00 AM,NOT APPLICABLE,NOT APPLICABLE,799,W,83RD ST,622.0,,,,,,,2,NO INDICATION OF INJURY,0.0,0.0,0.0,0.0,0.0,1.0,0.0,4,1,2,41.7432492227,-87.6437669429,POINT (-87.64376694291 41.743249222684)
935637e9abc5995e1346ff3f65ad1187277024d35eaf5b13d8ac843aea97c3686cfd0221b123de314a28789f81df3a92dca13758287e47a4dbdd8ef4a114bd45,JD278301,,06/27/2020 06:16:00 PM,30,STOP SIGN/FLASHER,FUNCTIONING PROPERLY,CLEAR,DAYLIGHT,ANGLE,FOUR WAY,,STRAIGHT AND LEVEL,DRY,NO DEFECTS,,INJURY AND / OR TOW DUE TO CRASH,Y,,,"OVER $1,500",06/27/2020 06:16:00 PM,FAILING TO YIELD RIGHT-OF-WAY,DISREGARDING STOP SIGN,4700,S,PRAIRIE AVE,224.0,,Y,,,,,3,NONINCAPACITATING INJURY,1.0,0.0,0.0,1.0,0.0,2.0,0.0,18,7,6,41.8092424965,-87.6197368017,POINT (-87.619736801734 41.809242496495)
ef877429c3e377b6cdf44fd1d2643c651406f765cabddd180845d3529ab901ab92a2a7c150656751d26ede13ac9ef3ce487495476491dda689cc7f9cf09c7ebb,JF491738,,11/29/2022 12:00:00 PM,20,TRAFFIC SIGNAL,FUNCTIONING PROPERLY,CLEAR,DAYLIGHT,REAR TO FRONT,NOT DIVIDED,,STRAIGHT AND LEVEL,DRY,NO DEFECTS,NOT ON SCENE (DESK REPORT),NO INJURY / DRIVE AWAY,,,,"OVER $1,500",11/29/2022 12:15:00 PM,IMPROPER BACKING,IMPROPER BACKING,10255,S,WOOD ST,2213.0,,,,,,,2,NO INDICATION OF INJURY,0.0,0.0,0.0,0.0,0.0,2.0,0.0,12,3,11,41.7066980987,-87.6669616099,POINT (-87.666961609861 41.706698098734)
40da4d93c58b2a72b25151b591843459036e16bb60c401b2b8a504084535deb3fd4e7f71ba3a0b22f2661353ca92c26166bf4098f3160bc4b24c604eca9afadf,JF318719,,07/15/2022 03:00:00 PM,30,TRAFFIC SIGNAL,FUNCTIONING PROPERLY,RAIN,DAYLIGHT,REAR END,DIVIDED - W/MEDIAN (NOT RAISED),,STRAIGHT AND LEVEL,WET,NO DEFECTS,NOT ON SCENE (DESK REPORT),NO INJURY / DRIVE AWAY,,,,"OVER $1,500",07/15/2022 03:45:00 PM,UNABLE TO DETERMINE,UNABLE TO DETERMINE,9300,S,STONY ISLAND AVE,413.0,,,,,,,2,NO INDICATION OF INJURY,0.0,0.0,0.0,0.0,0.0,3.0,0.0,15,6,7,41.7258881,-87.5855587858,POINT (-87.585558785787 41.725888099989)
04f9d25aee20bd789b8d31bf3f714a6e74aa44e23b3d4d38c1439423c6e79f81e4a7e2ee2e033defa36549918d75d25893e00a15d8f3a721022b76df1e505e75,HZ412288,,08/19/2016 05:13:00 PM,30,TRAFFIC SIGNAL,FUNCTIONING PROPERLY,CLEAR,DAYLIGHT,REAR END,NOT DIVIDED,2.0,STRAIGHT AND LEVEL,DRY,NO DEFECTS,NOT ON SCENE (DESK REPORT),NO INJURY / DRIVE AWAY,Y,,,"$501 - $1,500",08/29/2016 05:20:00 PM,UNABLE TO DETERMINE,UNABLE TO DETERMINE,2757,N,LINCOLN AVE,1935.0,,,,,,,2,NO INDICATION OF INJURY,0.0,0.0,0.0,0.0,0.0,3.0,0.0,17,6,8,41.9320099976,-87.6577289956,POINT (-87.657728995575 41.932009997574)
9e2caff8ea875fe2110e11bd9bfefe1f68935a14679773623b43b9da73c3191ec2cb0aeea5a8b9133217b972cbb660442f56a9099920e0e2cc8336c88cda5f4e,JD127175,,01/24/2020 03:00:00 PM,30,NO CONTROLS,NO CONTROLS,RAIN,DAYLIGHT,SIDESWIPE SAME DIRECTION,NOT DIVIDED,,STRAIGHT AND LEVEL,WET,NO DEFECTS,NOT ON SCENE (DESK REPORT),NO INJURY / DRIVE AWAY,,,,"$501 - $1,500",01/24/2020 03:20:00 PM,IMPROPER LANE USAGE,UNABLE TO DETERMINE,6400,W,BRYN MAWR AVE,1612.0,,,,,,,2,NO INDICATION OF INJURY,0.0,0.0,0.0,0.0,0.0,2.0,0.0,15,6,1,41.9830121346,-87.7877635139,POINT (-87.787763513853 41.983012134609)
1dc0480d258f49fe1b6b427cd55ed9df0007503966a15ea9cf7e8147bf25afc3dc3a38174fcc08693e75b1eb7b49733572a7c36d495c54f8f0ee4038edfaff9a,JB131903,,01/27/2018 03:15:00 PM,15,NO CONTROLS,NO CONTROLS,CLEAR,DAYLIGHT,PARKED MOTOR VEHICLE,ONE-WAY,2.0,STRAIGHT AND LEVEL,DRY,NO DEFECTS,NOT ON SCENE (DESK REPORT),NO INJURY / DRIVE AWAY,,,Y,"$501 - $1,500",01/27/2018 03:50:00 PM,UNABLE TO DETERMINE,NOT APPLICABLE,5804,W,ERIE ST,1511.0,,,,,,,2,NO INDICATION OF INJURY,0.0,0.0,0.0,0.0,0.0,1.0,0.0,15,7,1,41.8920395408,-87.7703025651,POINT (-87.770302565081 41.892039540817)
5fd90051c6aec04b894bd706c0f5b5d5fcf733fbf092b534b6528957987f1e964fb6cd03a23546395576c3157e36e08da015d146101dd7d8d7c3bc343b0a144a,JE180592,,03/26/2021 05:00:00 PM,30,TRAFFIC SIGNAL,FUNCTIONING PROPERLY,CLEAR,DAYLIGHT,HEAD ON,DIVIDED - W/MEDIAN (NOT RAISED),,STRAIGHT AND LEVEL,DRY,NO DEFECTS,ON SCENE,INJURY AND / OR TOW DUE TO CRASH,Y,,,"OVER $1,500",03/26/2021 05:05:00 PM,UNABLE TO DETERMINE,NOT APPLICABLE,4400,W,MADISON ST,1113.0,,,,,,,3,"REPORTED, NOT EVIDENT",1.0,0.0,0.0,0.0,1.0,3.0,0.0,17,6,3,41.8807189579,-87.735600609,POINT (-87.735600609006 41.880718957876)
00122d43532a49fc8e69cf1bbe64f8d82e98c2e5f470abe885df96db59b88686de15f4c1381756017064fff0eea3dcda2894c0a0f39d606dc029efbe24f8ab15,JG471505,N,10/20/2023 02:00:00 PM,30,NO CONTROLS,NO CONTROLS,CLEAR,DAYLIGHT,PEDALCYCLIST,NOT DIVIDED,,STRAIGHT AND LEVEL,DRY,NO DEFECTS,ON SCENE,INJURY AND / OR TOW DUE TO CRASH,,,,"$501 - $1,500",10/20/2023 02:42:00 PM,UNABLE TO DETERMINE,NOT APPLICABLE,4224,N,SHERIDAN RD,1915.0,,,,,,,2,NONINCAPACITATING INJURY,1.0,0.0,0.0,1.0,0.0,1.0,0.0,14,6,10,41.9591612919,-87.6548240727,POINT (-87.654824072723 41.959161291922)
c5ea2f9f5ec55b15627d5c04442f8a5fd58685f6812c526f4c7210816477000a68c8636966d14d01b910be7f2de2214ba1faa2ac96eb06842e28de23e89df414,JB291054,,06/03/2018 12:42:00 PM,30,NO CONTROLS,NO CONTROLS,CLEAR,DAYLIGHT,PEDALCYCLIST,ONE-WAY,1.0,STRAIGHT AND LEVEL,DRY,NO DEFECTS,ON SCENE,NO INJURY / DRIVE AWAY,,,Y,$500 OR LESS,06/03/2018 12:46:00 PM,UNABLE TO DETERMINE,NOT APPLICABLE,1820,N,KEDVALE AVE,2534.0,,,,,,,2,NO INDICATION OF INJURY,0.0,0.0,0.0,0.0,0.0,2.0,0.0,12,1,6,41.914174841,-87.7302754936,POINT (-87.730275493633 41.91417484097)
af64c4119061dd984d0c4b2c171bc7f8c9ed96968c937a525e7d33ba304512e550d18d0f227537086cb874f05df6545638ada4ccdfc8aa09e22a31e75b6609ab,JF155567,,02/24/2022 06:00:00 AM,30,NO CONTROLS,NO CONTROLS,SNOW,"DARKNESS, LIGHTED ROAD",SIDESWIPE OPPOSITE DIRECTION,NOT DIVIDED,,STRAIGHT AND LEVEL,SNOW OR SLUSH,NO DEFECTS,NOT ON SCENE (DESK REPORT),NO INJURY / DRIVE AWAY,,,Y,"OVER $1,500",02/24/2022 11:45:00 AM,IMPROPER LANE USAGE,IMPROPER LANE USAGE,13300,S,AVENUE K,433.0,,,,,,,2,NO INDICATION OF INJURY,0.0,0.0,0.0,0.0,0.0,2.0,0.0,6,5,2,41.653564137,-87.5351807466,POINT (-87.535180746583 41.653564137035)
5a5e4fb43acdc188741bcd7caaf66ef9cb2c737b06d2879e7503f91f9aadefe439ce751a07e6238498151b3634bd3699207020ec4f7e0ec770dd476e73137b85,JC467246,,10/05/2019 04:13:00 AM,30,NO CONTROLS,NO CONTROLS,CLEAR,DARKNESS,PARKED MOTOR VEHICLE,NOT DIVIDED,,STRAIGHT AND LEVEL,DRY,NO DEFECTS,NOT ON SCENE (DESK REPORT),NO INJURY / DRIVE AWAY,,,Y,"OVER $1,500",10/10/2019 11:42:00 AM,UNABLE TO DETERMINE,UNABLE TO DETERMINE,3157,W,53RD PL,923.0,,,,,,,2,NO INDICATION OF INJURY,0.0,0.0,0.0,0.0,0.0,1.0,0.0,4,7,10,41.7961468325,-87.7034332326,POINT (-87.703433232629 41.796146832452)