CRASH_RECORD_ID,RD_NO,CRASH_DATE_EST_I,CRASH_DATE,POSTED_SPEED_LIMIT,TRAFFIC_CONTROL_DEVICE,DEVICE_CONDITION,WEATHER_CONDITION,LIGHTING_CONDITION,FIRST_CRASH_TYPE,TRAFFICWAY_TYPE,LANE_CNT,ALIGNMENT,ROADWAY_SURFACE_COND,ROAD_DEFECT,REPORT_TYPE,CRASH_TYPE,INTERSECTION_RELATED_I,NOT_RIGHT_OF_WAY_I,HIT_AND_RUN_I,DAMAGE,DATE_POLICE_NOTIFIED,PRIM_CONTRIBUTORY_CAUSE,SEC_CONTRIBUTORY_CAUSE,STREET_NO,STREET_DIRECTION,STREET_NAME,BEAT_OF_OCCURRENCE,PHOTOS_TAKEN_I,STATEMENTS_TAKEN_I,DOORING_I,WORK_ZONE_I,WORK_ZONE_TYPE,WORKERS_PRESENT_I,NUM_UNITS,MOST_SEVERE_INJURY,INJURIES_TOTAL,INJURIES_FATAL,INJURIES_INCAPACITATING,INJURIES_NON_INCAPACITATING,INJURIES_REPORTED_NOT_EVIDENT,INJURIES_NO_INDICATION,INJURIES_UNKNOWN,CRASH_HOUR,CRASH_DAY_OF_WEEK,CRASH_MONTH,LATITUDE,LONGITUDE,LOCATION
56caeb4e616bbf0291e5e0d9ac5c8dcef5841e129700776bb4d91570b64d83b09fe9576e02770690ed99828f1c45230444a165a08e8bdbbafadb4c973029ffbe,JC549705,,12/17/2019 02:30:00 AM,30,NO CONTROLS,NO CONTROLS,CLEAR,"DARKNESS, LIGHTED ROAD",PARKED MOTOR VEHICLE,NOT DIVIDED,,STRAIGHT AND LEVEL,DRY,NO DEFECTS,ON SCENE,INJURY AND / OR TOW DUE TO CRASH,,,Y,"OVER $1,500",12/17/2019 02:35:00 AM,UNABLE TO DETERMINE,UNABLE TO DETERMINE,4624,W,ADDISON ST,1731.0,,,,,,,4,NO INDICATION OF INJURY,0.0,0.0,0.0,0.0,0.0,1.0,0.0,2,3,12,41.9462818244,-87.7434392261,POINT (-87.743439226106 41.946281824397)
e6316893c3fefcc8e4a97061b9079ec714cb549ff691e00b5ee7458bd2452f9c916ce9dbbfe86a9b60296fca301552dfaa74cf579c2f1bc278587393a9452bd4,JB260021,Y,05/11/2018 07:45:00 PM,30,TRAFFIC SIGNAL,FUNCTIONING PROPERLY,CLEAR,DAYLIGHT,REAR END,NOT DIVIDED,2.0,STRAIGHT AND LEVEL,DRY,NO DEFECTS,NOT ON SCENE (DESK REPORT),NO INJURY / DRIVE AWAY,,,,"OVER $1,500",05/11/2018 08:12:00 PM,FOLLOWING TOO CLOSELY,NOT APPLICABLE,506,W,HARRISON ST,124.0,,,,,,,2,NO INDICATION OF INJURY,0.0,0.0,0.0,0.0,0.0,2.0,0.0,19,6,5,41.8745121542,-87.6398647091,POINT (-87.639864709144 41.874512154226)
4d6f545ce085ad30e2fead6059e40c560607dc98b9304a1e131b4754aab0dd5e0678319e0045681d592ac0180d84e551bf8e7d0c6d6ac94e80e747e37d04cb8f,JG128845,,01/25/2023 10:30:00 AM,20,TRAFFIC SIGNAL,FUNCTIONING PROPERLY,SNOW,DAYLIGHT,REAR END,UNKNOWN,,STRAIGHT AND LEVEL,UNKNOWN,UNKNOWN,NOT ON SCENE (DESK REPORT),NO INJURY / DRIVE AWAY,,,,"OVER $1,500",01/25/2023 11:15:00 AM,FOLLOWING TOO CLOSELY,UNABLE TO DETERMINE,4548,N,KEELER AVE,1722.0,,,,,,,2,NO INDICATION OF INJURY,0.0,0.0,0.0,0.0,0.0,2.0,0.0,10,4,1,,,
b088a7214a88a12fc6e63297dd198709363a2ebf78052307721149010b2f90fd5f2a2d5c91b42c66a199daa7769c66457e9db8b383a7712144263ba2dd16edc1,JA396698,,08/18/2017 03:50:00 PM,30,NO CONTROLS,NO CONTROLS,CLEAR,DAYLIGHT,REAR END,NOT DIVIDED,2.0,STRAIGHT AND LEVEL,DRY,UNKNOWN,NOT ON SCENE (DESK REPORT),NO INJURY / DRIVE AWAY,,,,"OVER $1,500",08/18/2017 05:45:00 PM,FOLLOWING TOO CLOSELY,UNABLE TO DETERMINE,2104,W,FOSTER AVE,2012.0,,,,,,,3,NO INDICATION OF INJURY,0.0,0.0,0.0,0.0,0.0,5.0,0.0,15,6,8,41.9761037135,-87.6821216657,POINT (-87.682121665678 41.976103713514)
6441947cdfa4ed407254dfeed21d7c9fb41138a6d9a2aa4deba6a69aa9d8bea8f54d64c2ee035c3fc33ea160133fe89ba0e2cfb744380268ac73601e5e8614c3,JG360497,,07/28/2023 08:45:00 PM,30,NO CONTROLS,NO CONTROLS,CLEAR,"DARKNESS, LIGHTED ROAD",PARKED MOTOR VEHICLE,NOT DIVIDED,,STRAIGHT AND LEVEL,UNKNOWN,NO DEFECTS,ON SCENE,NO INJURY / DRIVE AWAY,,,Y,"OVER $1,500",07/29/2023 08:00:00 AM,UNABLE TO DETERMINE,UNABLE TO DETERMINE,1818,W,46TH ST,924.0,,,,,,,3,NO INDICATION OF INJURY,0.0,0.0,0.0,0.0,0.0,1.0,0.0,20,6,7,41.8104812443,-87.670762214,POINT (-87.670762214033 41.810481244263)
aa1314391af38d3ebe35b44d4bd0c679d7f52f2987b86c337ec385f554eb44c96f89d68a80d4ac0fb8161af58d1629179a9329354f9c6955a705793df46cfc0c,JG202077,,03/28/2023 12:30:00 PM,30,NO CONTROLS,NO CONTROLS,CLEAR,DAYLIGHT,SIDESWIPE SAME DIRECTION,NOT DIVIDED,,STRAIGHT AND LEVEL,DRY,NO DEFECTS,ON SCENE,INJURY AND / OR TOW DUE TO CRASH,,,Y,"OVER $1,500",03/28/2023 12:32:00 PM,UNABLE TO DETERMINE,UNABLE TO DETERMINE,6377,W,DEVON AVE,1611.0,,,,,,,2,NO INDICATION OF INJURY,0.0,0.0,0.0,0.0,0.0,2.0,0.0,12,3,3,41.9972446923,-87.7875848099,POINT (-87.787584809869 41.997244692293)
338de2577cd2270af1d65ffec736023c6faebb9a75944a0964606ddc0d53f706f8a9f03ad79ce0f90406d93dcfc67855b77f7ae86ab20ec34cbe14a38459852f,JD174358,,03/04/2020 09:30:00 PM,30,NO CONTROLS,NO CONTROLS,CLEAR,"DARKNESS, LIGHTED ROAD",TURNING,CENTER TURN LANE,,STRAIGHT AND LEVEL,DRY,NO DEFECTS,,INJURY AND / OR TOW DUE TO CRASH,,,,"OVER $1,500",03/04/2020 09:35:00 PM,UNABLE TO DETERMINE,UNABLE TO DETERMINE,1800,E,130TH ST,434.0,,,,,,,2,NONINCAPACITATING INJURY,1.0,0.0,0.0,1.0,0.0,3.0,0.0,21,4,3,41.6595443936,-87.5830824316,POINT (-87.583082431589 41.659544393583)
b01ae31269546448de571ee6265554b4fea7a11b189d7abc4ee02d08a1cd909b5b0d6a77db8569e52dcd9a9771444c36689889b37db4144985593d804affa6ee,JA458115,,10/04/2017 02:30:00 PM,30,NO CONTROLS,NO CONTROLS,CLEAR,DAYLIGHT,FIXED OBJECT,DIVIDED - W/MEDIAN BARRIER,4.0,STRAIGHT AND LEVEL,DRY,NO DEFECTS,ON SCENE,INJURY AND / OR TOW DUE TO CRASH,,,,"OVER $1,500",10/04/2017 02:42:00 PM,UNABLE TO DETERMINE,NOT APPLICABLE,942,E,130TH ST,532.0,,,,,,,1,NO INDICATION OF INJURY,0.0,0.0,0.0,0.0,0.0,1.0,0.0,14,4,10,41.6593824549,-87.5994453612,POINT (-87.599445361166 41.659382454916)
b6235d636e79cff7a3f2e8afa923aa99ebdb67f5798bd11abe0088ae15397c8bbc2617d28f31efdbc6521a86658ec05c99e9e49a995308c4e07c6704d6693970,JB327486,,06/29/2018 10:26:00 AM,30,TRAFFIC SIGNAL,FUNCTIONING PROPERLY,CLEAR,DAYLIGHT,TURNING,ONE-WAY,1.0,STRAIGHT AND LEVEL,DRY,NO DEFECTS,ON SCENE,INJURY AND / OR TOW DUE TO CRASH,Y,,Y,"OVER $1,500",06/29/2018 10:31:00 AM,UNABLE TO DETERMINE,UNABLE TO DETERMINE,5156,W,MAYPOLE AVE,1532.0,,,,,,,3,NONINCAPACITATING INJURY,1.0,0.0,0.0,1.0,0.0,1.0,0.0,10,6,6,41.8844331473,-87.755075783,POINT (-87.755075782969 41.884433147338)
bc0d8da03a39a36ecdf213c045ed0c0e699c8b5f94072bd0fc2628f9ca38baf795f1a574bed387097e2b591c4cd9a7957656df891fabab09ae36596840786255,HZ133510,,01/29/2016 07:17:00 PM,30,STOP SIGN/FLASHER,FUNCTIONING PROPERLY,CLEAR,DARKNESS,REAR END,NOT DIVIDED,2.0,STRAIGHT AND LEVEL,WET,NO DEFECTS,NOT ON SCENE (DESK REPORT),NO INJURY / DRIVE AWAY,Y,,,"$501 - $1,500",01/29/2016 07:17:00 PM,FOLLOWING TOO CLOSELY,NOT APPLICABLE,500,N,KINGSBURY ST,1831.0,,,,,,,2,NO INDICATION OF INJURY,0.0,0.0,0.0,0.0,0.0,3.0,0.0,19,6,1,41.8906843024,-87.6393952834,POINT (-87.63939528337 41.890684302388)
64b4af7403feb0ad84b25cbadb86decdf8cfc0d9bc2a4b8f61e630e9072f967e10da2265e98a542dbad2e9d7769af5aaef8fd65ac9c5dbaaf0e368c9a2792eb0,JB487871,N,10/24/2018 07:40:00 AM,30,NO CONTROLS,NO CONTROLS,CLEAR,DAYLIGHT,HEAD ON,NOT DIVIDED,,"CURVE, LEVEL",DRY,NO DEFECTS,ON SCENE,INJURY AND / OR TOW DUE TO CRASH,,,Y,"OVER $1,500",10/24/2018 07:41:00 AM,NOT APPLICABLE,NOT APPLICABLE,3310,S,WESTERN AVE,911.0,,,,,,,2,NONINCAPACITATING INJURY,1.0,0.0,0.0,1.0,0.0,1.0,0.0,7,4,10,41.8335867871,-87.6853314619,POINT (-87.685331461949 41.833586787116)
000b6b7e83612967025d5c3d130913cfeb8e589a179fd421aa80144e97813b25e9845095f866523c3093b3125e3c2d1efcd6a4f88b5494e46182998775305127,JA358600,,07/21/2017 09:30:00 PM,20,NO CONTROLS,NO CONTROLS,RAIN,"DARKNESS, LIGHTED ROAD",PARKED MOTOR VEHICLE,ONE-WAY,,STRAIGHT AND LEVEL,DRY,UNKNOWN,NOT ON SCENE (DESK REPORT),INJURY AND / OR TOW DUE TO CRASH,,,Y,"$501 - $1,500",07/22/2017 11:50:00 AM,UNABLE TO DETERMINE,NOT APPLICABLE,11114,S,LOOMIS ST,2234.0,,,,,,,2,NO INDICATION OF INJURY,0.0,0.0,0.0,0.0,0.0,1.0,0.0,21,6,7,41.6917231835,-87.6571061386,POINT (-87.657106138562 41.691723183547)
c25729f7a8a260c0a515b1bee0ef8c82e6524385908fce048ac000be8eee17da16113dc86794ea357cf0632a942b9f8e938b5d9a0066e5979d0010467be607b1,JD381522,Y,09/27/2020 09:21:00 PM,30,NO CONTROLS,NO CONTROLS,RAIN,"DARKNESS, LIGHTED ROAD",PARKED MOTOR VEHICLE,NOT DIVIDED,,STRAIGHT AND LEVEL,WET,NO DEFECTS,ON SCENE,NO INJURY / DRIVE AWAY,,,Y,"OVER $1,500",09/27/2020 09:21:00 PM,NOT APPLICABLE,NOT APPLICABLE,2706,W,PERSHING RD,911.0,,,,,,,2,NO INDICATION OF INJURY,0.0,0.0,0.0,0.0,0.0,1.0,0.0,21,1,9,41.8229389539,-87.6925125491,POINT (-87.692512549069 41.822938953923)
af3dd8004d9ad49f698190ae9d386f0777666dba8e9cf1118e22288d31e3f7930f642fe38a5be8fd93a7458c74b8431304a37765d8aa2407e9385abd22e0c84f,JG435189,,09/22/2023 10:25:00 PM,30,TRAFFIC SIGNAL,FUNCTIONING PROPERLY,CLEAR,"DARKNESS, LIGHTED ROAD",REAR END,NOT DIVIDED,,STRAIGHT AND LEVEL,DRY,NO DEFECTS,NOT ON SCENE (DESK REPORT),NO INJURY / DRIVE AWAY,,,Y,"OVER $1,500",09/22/2023 10:58:00 PM,UNABLE TO DETERMINE,NOT APPLICABLE,3300,S,CALIFORNIA AVE,911.0,,,,,,,2,NO INDICATION OF INJURY,0.0,0.0,0.0,0.0,0.0,2.0,0.0,22,6,9,41.8336678549,-87.6950723481,POINT (-87.69507234811 41.833667854852)
4dfa67772d53d30a1b840d4d0d46aac2b2cad219d195a83d22184545864d48dc7e92f583edf2d3b2cbe20d3d3f2381597f63414a34d2b75a4e7d915955be313f,JF495182,,12/02/2022 08:10:00 AM,30,TRAFFIC SIGNAL,FUNCTIONING PROPERLY,CLEAR,DAYLIGHT,SIDESWIPE SAME DIRECTION,DIVIDED - W/MEDIAN BARRIER,,STRAIGHT AND LEVEL,DRY,NO DEFECTS,ON SCENE,INJURY AND / OR TOW DUE TO CRASH,,,Y,"OVER $1,500",12/02/2022 09:10:00 AM,FOLLOWING TOO CLOSELY,FAILING TO REDUCE SPEED TO AVOID CRASH,4943,N,BROADWAY,2033.0,,,,,,,2,"REPORTED, NOT EVIDENT",1.0,0.0,0.0,0.0,1.0,1.0,0.0,8,6,12,41.972770902,-87.659623311,POINT (-87.659623310954 41.972770902028)
1b2184b9934d44fcc0f1e21dffdc146f8a540f545c7d681407b6d7405b8b03618a8bf433997eaa1ee3dcf9eeb41eef3bedb2189475108c6981bcd9f0c0c2ca50,JC382759,,08/07/2019 03:35:00 PM,30,NO CONTROLS,NO CONTROLS,CLEAR,DAYLIGHT,SIDESWIPE SAME DIRECTION,NOT DIVIDED,,STRAIGHT AND LEVEL,DRY,NO DEFECTS,NOT ON SCENE (DESK REPORT),NO INJURY / DRIVE AWAY,,,,"$501 - $1,500",08/07/2019 03:50:00 PM,UNABLE TO DETERMINE,NOT APPLICABLE,8000,S,KEDZIE AVE,834.0,,,,,,,2,NO INDICATION OF INJURY,0.0,0.0,0.0,0.0,0.0,2.0,0.0,15,4,8,41.7479335431,-87.7024887612,POINT (-87.702488761245 41.747933543068)
69bf915c3bdca2febe6e2cf36c9a68df4087a3bfec1a6f71fa2709dbd67acdba77d631cc189685823528139cf32808cec45284ed5faacba7cfd62c2f7cf5cf0f,JE435217,,11/05/2021 05:35:00 PM,30,TRAFFIC SIGNAL,FUNCTIONING PROPERLY,CLEAR,"DARKNESS, LIGHTED ROAD",TURNING,NOT DIVIDED,,STRAIGHT AND LEVEL,DRY,NO DEFECTS,NOT ON SCENE (DESK REPORT),NO INJURY / DRIVE AWAY,,,,"OVER $1,500",11/05/2021 06:10:00 PM,NOT APPLICABLE,NOT APPLICABLE,850,S,CLARK ST,123.0,,,,,,,2,NO INDICATION OF INJURY,0.0,0.0,0.0,0.0,0.0,2.0,0.0,17,6,11,41.8713502222,-87.6307328114,POINT (-87.630732811417 41.871350222228)
4a4c5c3067461e1b3462bb7ceaf8b6961b4053de4c57accb3ab944d507634fbcd259d1633f31a3886adc173ec1956678bd47e021655a33e512b2613d67c2e2e7,JC555635,,12/21/2019 05:00:00 PM,30,NO CONTROLS,NO CONTROLS,CLEAR,"DARKNESS, LIGHTED ROAD",TURNING,NOT DIVIDED,,STRAIGHT AND LEVEL,DRY,NO DEFECTS,,NO INJURY / DRIVE AWAY,,,,"OVER $1,500",12/21/2019 06:20:00 PM,UNABLE TO DETERMINE,NOT APPLICABLE,5155,S,PULASKI RD,822.0,,,,,,,2,NO INDICATION OF INJURY,0.0,0.0,0.0,0.0,0.0,4.0,0.0,17,7,12,41.7989096071,-87.7231780186,POINT (-87.723178018595 41.798909607107)
a9f65f7ba179be4176d00bd5ffe8a41fae0628a33f437713ee899376c73614064df2b715c17ab9c2d1d2313498e0f3e14405d141b6efa010022aafd19f5041f0,JB305383,,06/13/2018 04:20:00 PM,30,TRAFFIC SIGNAL,FUNCTIONING PROPERLY,CLEAR,DAYLIGHT,ANGLE,NOT DIVIDED,4.0,STRAIGHT AND LEVEL,DRY,NO DEFECTS,ON SCENE,INJURY AND / OR TOW DUE TO CRASH,Y,,,"OVER $1,500",06/13/2018 04:30:00 PM,"VISION OBSCURED (SIGNS, TREE LIMBS, BUILDINGS, ETC.)",NOT APPLICABLE,1400,S,KEDZIE AVE,1022.0,,,,,,,3,"REPORTED, NOT EVIDENT",1.0,0.0,0.0,0.0,1.0,4.0,0.0,16,4,6,41.862446507,-87.7057016259,POINT (-87.705701625883 41.862446506971)
ecf945f3ce1ce9b649f8d0bcba8227588cef0a91eab435859d1f647539b4c637326839357512c8a0956288d2976ba01018df693318f1b6c70a93435496e230b7,JD469192,,12/25/2020 09:00:00 AM,25,NO CONTROLS,NO CONTROLS,CLEAR,DAYLIGHT,PARKED MOTOR VEHICLE,PARKING LOT,,STRAIGHT AND LEVEL,DRY,NO DEFECTS,NOT ON SCENE (DESK REPORT),NO INJURY / DRIVE AWAY,,,Y,"$501 - $1,500",12/25/2020 12:46:00 PM,DISTRACTION - FROM INSIDE VEHICLE,IMPROPER LANE USAGE,7300,S,PAULINA ST,735.0,,,,,,,2,NO INDICATION OF INJURY,0.0,0.0,0.0,0.0,0.0,1.0,0.0,9,6,12,41.7611521768,-87.6662931397,POINT (-87.666293139709 41.76115217677)
3aca7a3eac657393259c2c2eef7acc9a5ecc762b2f7a7195d953e83454868772861610bc08bdb0457dcb92e1d6b6914c5c38c1f9d0503ea4f7d3aa5153bfec81,JA320860,,06/24/2017 02:48:00 PM,30,NO CONTROLS,NO CONTROLS,CLEAR,DAYLIGHT,TURNING,NOT DIVIDED,4.0,STRAIGHT AND LEVEL,DRY,NO DEFECTS,ON SCENE,INJURY AND / OR TOW DUE TO CRASH,,,,"OVER $1,500",06/24/2017 02:48:00 PM,DRIVING SKILLS/KNOWLEDGE/EXPERIENCE,NOT APPLICABLE,8200,S,ASHLAND AVE,614.0,,,,,,,2,NONINCAPACITATING INJURY,2.0,0.0,0.0,2.0,0.0,1.0,0.0,14,7,6,41.7448011022,-87.6634466294,POINT (-87.663446629394 41.744801102175)
ceb3ee3715c89df4a5bab54edf20a38c8fa5e35e62bbd28e25288bc04a2a20a1c01a0ef96f24b9c2897c39d4a0a23e84fc93493f24b4d542a04a06b938500c9b,JC564709,,12/29/2019 10:32:00 PM,30,TRAFFIC SIGNAL,FUNCTIONING PROPERLY,RAIN,"DARKNESS, LIGHTED ROAD",ANGLE,FOUR WAY,,STRAIGHT AND LEVEL,WET,NO DEFECTS,,INJURY AND / OR TOW DUE TO CRASH,Y,,,"OVER $1,500",12/29/2019 10:32:00 PM,UNABLE TO DETERMINE,UNABLE TO DETERMINE,700,W,63RD ST,711.0,,,,,,,2,NONINCAPACITATING INJURY,1.0,0.0,0.0,1.0,0.0,3.0,0.0,22,1,12,41.7798889961,-87.6428423448,POINT (-87.642842344768 41.77988899606)
eebe089335cb5a9963430107ad1e4ccec0525885608090e2a60ae283b8da50c355dc2eba61ae05d6253b9c68e6a39e247d4fc35c57cf20810e8a40afed1e1248,JG256201,Y,05/11/2023 06:45:00 AM,30,NO CONTROLS,NO CONTROLS,CLEAR,"DARKNESS, LIGHTED ROAD",SIDESWIPE SAME DIRECTION,NOT DIVIDED,,STRAIGHT AND LEVEL,DRY,UNKNOWN,,NO INJURY / DRIVE AWAY,,,,"OVER $1,500",05/11/2023 08:45:00 AM,IMPROPER OVERTAKING/PASSING,FAILING TO YIELD RIGHT-OF-WAY,2010,W,FOSTER AVE,2012.0,,,,,,,2,NO INDICATION OF INJURY,0.0,0.0,0.0,0.0,0.0,2.0,0.0,6,5,5,41.9761348084,-87.679908118,POINT (-87.679908117988 41.976134808379)
317834aa398ce8b8dd295f650343b145beff8cf8e3237535cb673f2a4cadc44114a92412d2f72d712fbc07593705938c4530918315665b76861fb3e3c5ff1775,JG246848,,05/03/2023 05:19:00 PM,30,NO CONTROLS,NO CONTROLS,CLEAR,DAYLIGHT,SIDESWIPE SAME DIRECTION,NOT DIVIDED,,STRAIGHT AND LEVEL,DRY,NO DEFECTS,ON SCENE,NO INJURY / DRIVE AWAY,,,,"OVER $1,500",05/03/2023 05:19:00 PM,DRIVING SKILLS/KNOWLEDGE/EXPERIENCE,FAILING TO YIELD RIGHT-OF-WAY,3900,W,COLUMBUS AVE,834.0,,,,,,,2,NO INDICATION OF INJURY,0.0,0.0,0.0,0.0,0.0,4.0,0.0,17,4,5,41.7375610168,-87.7191675927,POINT (-87.71916759275 41.737561016837)
323a0824cefab541a25ff298914e28e5f32f03ab684ce3401fa4ba94ff05f79aa46a8965d10ed09088ea18198cce567566d6525200123d11c3975902dd2d48a2,JA555914,,12/19/2017 04:42:00 PM,30,UNKNOWN,UNKNOWN,UNKNOWN,UNKNOWN,PARKED MOTOR VEHICLE,UNKNOWN,2.0,STRAIGHT AND LEVEL,UNKNOWN,UNKNOWN,NOT ON SCENE (DESK REPORT),NO INJURY / DRIVE AWAY,,,Y,"OVER $1,500",12/19/2017 07:00:00 PM,FAILING TO REDUCE SPEED TO AVOID CRASH,NOT APPLICABLE,1729,N,KEDZIE AVE,1421.0,,,,,,,2,NO INDICATION OF INJURY,0.0,0.0,0.0,0.0,0.0,1.0,0.0,16,3,12,41.9128036572,-87.7066770128,POINT (-87.706677012762 41.91280365723)
ae4e5d7d8fe458be553aea2aceadaba39f562d3f0b6e908850b1de49b7f55b6aa9c96fc480170629a4f83e6fef4559ecc4b5245f48326ef2684b52e1d9207011,JB304094,,06/12/2018 03:40:00 PM,30,TRAFFIC SIGNAL,FUNCTIONING PROPERLY,CLEAR,DAYLIGHT,SIDESWIPE SAME DIRECTION,NOT DIVIDED,2.0,STRAIGHT AND LEVEL,DRY,NO DEFECTS,NOT ON SCENE (DESK REPORT),NO INJURY / DRIVE AWAY,Y,,,"$501 - $1,500",06/12/2018 05:40:00 PM,IMPROPER LANE USAGE,NOT APPLICABLE,3141,N,CENTRAL AVE,2514.0,,,,,,,2,NO INDICATION OF INJURY,0.0,0.0,0.0,0.0,0.0,2.0,0.0,15,3,6,41.9379778423,-87.7663295991,POINT (-87.766329599145 41.937977842264)
87afd6613e6a66d6cf74568eba29b2e8803cb7588b1bb392f72850e33fb2cf0a216819bf3991e8cc6ea62e696811ed71efef4da0a851fd79c5e53b2594276d7a,JB403670,,08/22/2018 07:55:00 AM,30,STOP SIGN/FLASHER,OTHER,CLEAR,DAYLIGHT,TURNING,DIVIDED - W/MEDIAN (NOT RAISED),,STRAIGHT AND LEVEL,DRY,NO DEFECTS,NOT ON SCENE (DESK REPORT),NO INJURY / DRIVE AWAY,,,,"$501 - $1,500",08/22/2018 08:45:00 AM,FAILING TO YIELD RIGHT-OF-WAY,NOT APPLICABLE,1200,W,95TH ST,2222.0,,,,,,,2,NO INDICATION OF INJURY,0.0,0.0,0.0,0.0,0.0,3.0,0.0,7,4,8,41.7214447993,-87.6530099494,POINT (-87.653009949444 41.721444799302)
c7aa85089371ca9fc4e022270332ab2eb6c896555cac9fd99aee54903c402ec9f2cb09cf99720de0564ae17016d4c3552965895e2eb7274dfce4c5718ea614ae,JG354547,,07/24/2023 07:05:00 PM,30,NO CONTROLS,NO CONTROLS,CLEAR,DUSK,TURNING,NOT DIVIDED,,STRAIGHT AND LEVEL,DRY,NO DEFECTS,ON SCENE,INJURY AND / OR TOW DUE TO CRASH,,,Y,"OVER $1,500",07/24/2023 07:05:00 PM,IMPROPER TURNING/NO SIGNAL,NOT APPLICABLE,33,N,PULASKI RD,1122.0,,,,,,,2,NONINCAPACITATING INJURY,1.0,0.0,0.0,1.0,0.0,3.0,0.0,19,2,7,41.8817075265,-87.7255525382,POINT (-87.725552538214 41.881707526467)
c5908a39257de0a5c944722f5a1f036750efde45079ee8ba018b417a65cf2bf8f8531b5bc0e18b2a4767d12d22b14c302acbda45678251aecfbc169b170e5825,JC535349,,12/04/2019 05:15:00 PM,40,NO CONTROLS,NO CONTROLS,CLEAR,"DARKNESS, LIGHTED ROAD",ANIMAL,NOT DIVIDED,,STRAIGHT AND LEVEL,DRY,NO DEFECTS,NOT ON SCENE (DESK REPORT),NO INJURY / DRIVE AWAY,,,,"OVER $1,500",12/05/2019 10:00:00 AM,ANIMAL,ANIMAL,11700,S,TORRENCE AVE,434.0,,,,,,,1,NO INDICATION OF INJURY,0.0,0.0,0.0,0.0,0.0,1.0,0.0,17,4,12,41.6826962649,-87.5595013852,POINT (-87.559501385233 41.682696264898)
cd6360ce80c914bdfcef5cd6219c02357dc8db92732f08301927c618b3273c3f744a88029bf0834b650eb8ae0cd97ed8205f613517d4b168591e46637e460385,JC180646,,03/07/2019 07:40:00 AM,30,TRAFFIC SIGNAL,FUNCTIONING PROPERLY,CLEAR,DAYLIGHT,REAR END,DIVIDED - W/MEDIAN (NOT RAISED),4.0,STRAIGHT AND LEVEL,DRY,UNKNOWN,NOT ON SCENE (DESK REPORT),NO INJURY / DRIVE AWAY,,,,"OVER $1,500",03/10/2019 07:18:00 PM,FOLLOWING TOO CLOSELY,NOT APPLICABLE,4757,W,MADISON ST,1113.0,,,,,,,2,NO INDICATION OF INJURY,0.0,0.0,0.0,0.0,0.0,2.0,0.0,7,5,3,41.8803907215,-87.7450767808,POINT (-87.745076780799 41.880390721466)
962cfea2f9ee5161e78d9c8769ac28cfeb385cdeb46e66f1c862a3ad13838baf0709f716e599a70050eebaf452c53dae0b2d71655b60114ba25bb27776cc9ee1,JB489995,,10/25/2018 05:20:00 PM,30,NO CONTROLS,NO CONTROLS,CLEAR,DAYLIGHT,REAR END,NOT DIVIDED,2.0,STRAIGHT AND LEVEL,DRY,NO DEFECTS,NOT ON SCENE (DESK REPORT),NO INJURY / DRIVE AWAY,,,,"$501 - $1,500",10/25/2018 07:18:00 PM,UNABLE TO DETERMINE,NOT APPLICABLE,6400,S,COTTAGE GROVE AVE,312.0,,,,,,,2,NO INDICATION OF INJURY,0.0,0.0,0.0,0.0,0.0,2.0,0.0,17,5,10,41.7785017943,-87.6060350864,POINT (-87.606035086379 41.778501794315)
e37ca0a96bdd76bf36efe3921c45b8ff9d344d7e233fe0f04f85b551fcc20be325f8bdaa909f3f9f46b820dacd86cdfaf8fa430625dc6143081423cec39ad7ad,JA417567,,09/03/2017 05:45:00 PM,30,TRAFFIC SIGNAL,FUNCTIONING PROPERLY,CLEAR,DAYLIGHT,FIXED OBJECT,DIVIDED - W/MEDIAN (NOT RAISED),,STRAIGHT AND LEVEL,DRY,NO DEFECTS,ON SCENE,NO INJURY / DRIVE AWAY,,,,"OVER $1,500",09/03/2017 05:50:00 PM,DRIVING SKILLS/KNOWLEDGE/EXPERIENCE,NOT APPLICABLE,3598,N,SACRAMENTO AVE,1733.0,,,,,,,1,NO INDICATION OF INJURY,0.0,0.0,0.0,0.0,0.0,1.0,0.0,17,1,9,41.9465573265,-87.7030701165,POINT (-87.703070116533 41.946557326497)
c48e4e9649ed9b7b6affcefe4131e12dea14612970044d6856dae94f1b949d3ac1677d8813f1f05bf707f4c039c2e7d4eca1d13922b3470ab10144cdf4dc5fbc,JC333832,,07/03/2019 10:20:00 PM,30,NO CONTROLS,NO CONTROLS,CLEAR,"DARKNESS, LIGHTED ROAD",REAR END,NOT DIVIDED,,STRAIGHT AND LEVEL,DRY,NO DEFECTS,ON SCENE,NO INJURY / DRIVE AWAY,,,,"OVER $1,500",07/03/2019 10:24:00 PM,FOLLOWING TOO CLOSELY,NOT APPLICABLE,1838,W,AUGUSTA BLVD,1212.0,,,,,,,2,NO INDICATION OF INJURY,0.0,0.0,0.0,0.0,0.0,2.0,0.0,22,4,7,41.8997185215,-87.6738087101,POINT (-87.673808710073 41.899718521539)