CRASH_RECORD_ID,RD_NO,CRASH_DATE_EST_I,CRASH_DATE,POSTED_SPEED_LIMIT,TRAFFIC_CONTROL_DEVICE,DEVICE_CONDITION,WEATHER_CONDITION,LIGHTING_CONDITION,FIRST_CRASH_TYPE,TRAFFICWAY_TYPE,LANE_CNT,ALIGNMENT,ROADWAY_SURFACE_COND,ROAD_DEFECT,REPORT_TYPE,CRASH_TYPE,INTERSECTION_RELATED_I,NOT_RIGHT_OF_WAY_I,HIT_AND_RUN_I,DAMAGE,DATE_POLICE_NOTIFIED,PRIM_CONTRIBUTORY_CAUSE,SEC_CONTRIBUTORY_CAUSE,STREET_NO,STREET_DIRECTION,STREET_NAME,BEAT_OF_OCCURRENCE,PHOTOS_TAKEN_I,STATEMENTS_TAKEN_I,DOORING_I,WORK_ZONE_I,WORK_ZONE_TYPE,WORKERS_PRESENT_I,NUM_UNITS,MOST_SEVERE_INJURY,INJURIES_TOTAL,INJURIES_FATAL,INJURIES_INCAPACITATING,INJURIES_NON_INCAPACITATING,INJURIES_REPORTED_NOT_EVIDENT,INJURIES_NO_INDICATION,INJURIES_UNKNOWN,CRASH_HOUR,CRASH_DAY_OF_WEEK,CRASH_MONTH,LATITUDE,LONGITUDE,LOCATION
5d4beb5f58ab0685631667e597b1df534d0de8e62ded0112aef6c14c60a1177bc580d7aed23b39d37f1769c40612bd30ff2729100c74bf8d8b8699b753478f99,JC433304,,09/14/2019 03:56:00 PM,30,TRAFFIC SIGNAL,FUNCTIONING PROPERLY,CLEAR,DAYLIGHT,TURNING,DIVIDED - W/MEDIAN (NOT RAISED),,STRAIGHT AND LEVEL,DRY,NO DEFECTS,ON SCENE,NO INJURY / DRIVE AWAY,Y,,,"$501 - $1,500",09/14/2019 04:03:00 PM,IMPROPER TURNING/NO SIGNAL,DRIVING ON WRONG SIDE/WRONG WAY,39,E,ROOSEVELT RD,131.0,,,,,,,2,NO INDICATION OF INJURY,0.0,0.0,0.0,0.0,0.0,2.0,0.0,15,7,9,41.867321764,-87.6258702008,POINT (-87.625870200766 41.867321764022)
bc7348f537d936091e8e116a0d3dbe459d5286b68fa5d59d7632f18599f08014dcae260713c0948a370085042c0de0128e80d12877cb0efd6a7e86128fb3aa51,JA225714,,04/15/2017 11:15:00 AM,30,TRAFFIC SIGNAL,FUNCTIONING PROPERLY,CLEAR,DAYLIGHT,TURNING,NOT DIVIDED,4.0,STRAIGHT AND LEVEL,DRY,NO DEFECTS,NOT ON SCENE (DESK REPORT),NO INJURY / DRIVE AWAY,,,,"OVER $1,500",04/15/2017 11:52:00 AM,IMPROPER TURNING/NO SIGNAL,NOT APPLICABLE,5961,N,HARLEM AVE,1612.0,,,,,,,2,NO INDICATION OF INJURY,0.0,0.0,0.0,0.0,0.0,2.0,0.0,11,7,4,41.9899321781,-87.8067257208,POINT (-87.806725720763 41.989932178128)
db22cac6b2a7c485a2ae4a3cbe8f30f894308e2612337282397fb51394864fc29211c9c921be881fe07b2c4b3909415823320d918c3d2a80593acd787fe6244e,JG276719,,05/26/2023 10:50:00 PM,30,TRAFFIC SIGNAL,UNKNOWN,CLEAR,"DARKNESS, LIGHTED ROAD",REAR END,CENTER TURN LANE,,STRAIGHT AND LEVEL,DRY,UNKNOWN,NOT ON SCENE (DESK REPORT),NO INJURY / DRIVE AWAY,,,,"$501 - $1,500",05/26/2023 11:45:00 PM,FOLLOWING TOO CLOSELY,FOLLOWING TOO CLOSELY,3359,N,HALSTED ST,1925.0,,,,,,,2,NO INDICATION OF INJURY,0.0,0.0,0.0,0.0,0.0,2.0,0.0,22,6,5,41.9435731611,-87.649226641,POINT (-87.649226640959 41.943573161105)
52b697a3c0e1c2566f620d4ca02bb3e903252815cd31b0b899e170963c48d0db9fe96d96a48a2660a503237f515df54d4c5787d783e6260ddacc631120ece70c,JF148745,,02/18/2022 04:02:00 PM,30,NO CONTROLS,NO CONTROLS,CLEAR,DAYLIGHT,TURNING,NOT DIVIDED,,STRAIGHT AND LEVEL,WET,NO DEFECTS,NOT ON SCENE (DESK REPORT),NO INJURY / DRIVE AWAY,,,Y,$500 OR LESS,02/18/2022 04:02:00 PM,FAILING TO YIELD RIGHT-OF-WAY,FAILING TO YIELD RIGHT-OF-WAY,7059,S,HALSTED ST,732.0,,,,,,,2,NO INDICATION OF INJURY,0.0,0.0,0.0,0.0,0.0,4.0,0.0,16,6,2,41.7652957077,-87.6442689609,POINT (-87.644268960915 41.765295707734)
b358d207b919d817809156a41a6670c4741dd32afa9ee5ec151dec20e9bae9f77b54e503fd723aed8281dacfc5654ad260cf96c2c310df40afd776dbf83ec17d,JE174530,,03/20/2021 04:45:00 PM,30,NO CONTROLS,NO CONTROLS,CLEAR,DAYLIGHT,REAR END,NOT DIVIDED,,STRAIGHT AND LEVEL,DRY,UNKNOWN,NOT ON SCENE (DESK REPORT),NO INJURY / DRIVE AWAY,,,,"$501 - $1,500",03/20/2021 05:00:00 PM,UNABLE TO DETERMINE,UNABLE TO DETERMINE,10300,S,TORRENCE AVE,434.0,,,,,,,2,NO INDICATION OF INJURY,0.0,0.0,0.0,0.0,0.0,2.0,0.0,16,7,3,41.708077429,-87.5598068713,POINT (-87.559806871332 41.708077429042)
3ac173c362fd478ae6cc1a22fe29db71c3a450e2aa3ae7fa31f801aad8af0625a79b71ea71271e69167de660bb581d6ff65355e75c71b503fa24829eb02ac24b,JB407771,,08/25/2018 07:40:00 AM,30,NO CONTROLS,NO CONTROLS,CLEAR,DAYLIGHT,PARKED MOTOR VEHICLE,NOT DIVIDED,2.0,STRAIGHT AND LEVEL,WET,NO DEFECTS,NOT ON SCENE (DESK REPORT),INJURY AND / OR TOW DUE TO CRASH,,,Y,"OVER $1,500",08/25/2018 08:00:00 AM,EXCEEDING AUTHORIZED SPEED LIMIT,FAILING TO REDUCE SPEED TO AVOID CRASH,453,W,76TH ST,621.0,,,,,,,2,NO INDICATION OF INJURY,0.0,0.0,0.0,0.0,0.0,1.0,0.0,7,7,8,41.7561119501,-87.6365550576,POINT (-87.636555057595 41.756111950106)
8d145b727b0faefe738adf319c1d1982cea70f41ef889167b93cf704a458960528ce7a7c431d2743b9bcf3198503a41714551a762dc2eb89ec017c4fcb9daf4b,JB520952,,11/18/2018 06:30:00 PM,30,NO CONTROLS,NO CONTROLS,CLEAR,"DARKNESS, LIGHTED ROAD",TURNING,DIVIDED - W/MEDIAN BARRIER,,STRAIGHT AND LEVEL,DRY,NO DEFECTS,ON SCENE,NO INJURY / DRIVE AWAY,Y,,,"$501 - $1,500",11/18/2018 06:39:00 PM,UNABLE TO DETERMINE,UNABLE TO DETERMINE,11600,S,HALSTED ST,524.0,,,,,,,2,NO INDICATION OF INJURY,0.0,0.0,0.0,0.0,0.0,2.0,0.0,18,1,11,41.682973474,-87.642228468,POINT (-87.642228467961 41.682973473961)
eb83ca2cd05516d5774f6a99cb134243d02b244695dd205420c154351431d4a1ca361ccf48b140d9095d08215548352f2d4726151411f53aeb61fd1a02f1f63c,JC393930,,08/15/2019 11:10:00 AM,30,NO CONTROLS,NO CONTROLS,CLEAR,DAYLIGHT,REAR TO REAR,PARKING LOT,,STRAIGHT AND LEVEL,DRY,NO DEFECTS,NOT ON SCENE (DESK REPORT),NO INJURY / DRIVE AWAY,,,,$500 OR LESS,08/15/2019 06:50:00 PM,UNABLE TO DETERMINE,NOT APPLICABLE,2746,N,CLYBOURN AVE,1931.0,,,,,,,2,NO INDICATION OF INJURY,0.0,0.0,0.0,0.0,0.0,2.0,0.0,11,5,8,41.9310210058,-87.6768640181,POINT (-87.676864018134 41.931021005798)
c096c4820dc57a0140f53a01370b2b45de8fefa66a9503eac1b3c7cf795428f936b065a7d682d5c19a419d7b65dc985dafebdbcc92483149a3ddbf244703c48a,JD200464,,04/02/2020 11:00:00 AM,20,NO CONTROLS,NO CONTROLS,CLEAR,DAYLIGHT,PARKED MOTOR VEHICLE,PARKING LOT,,STRAIGHT AND LEVEL,DRY,NO DEFECTS,NOT ON SCENE (DESK REPORT),NO INJURY / DRIVE AWAY,,Y,,"$501 - $1,500",04/02/2020 03:18:00 PM,NOT APPLICABLE,NOT APPLICABLE,5849,S,PULASKI RD,822.0,,,,,,,2,NO INDICATION OF INJURY,0.0,0.0,0.0,0.0,0.0,1.0,0.0,11,5,4,41.7862992528,-87.7228265276,POINT (-87.72282652764 41.786299252842)
34f50eb979f3255bb0d9f228dc01d9b33a9b685fee02490b8ebaad25bc587e28f01bc2c4da2b6da3ef9b219aaac17b3169d3b47042f6fbceb604d2caf93e087f,JF389380,,09/09/2022 12:44:00 PM,30,NO CONTROLS,NO CONTROLS,CLEAR,DAYLIGHT,REAR END,DIVIDED - W/MEDIAN (NOT RAISED),,STRAIGHT AND LEVEL,DRY,UNKNOWN,ON SCENE,NO INJURY / DRIVE AWAY,,,,"$501 - $1,500",09/09/2022 12:58:00 PM,FAILING TO REDUCE SPEED TO AVOID CRASH,NOT APPLICABLE,2137,N,CICERO AVE,2522.0,,,,,,,2,NO INDICATION OF INJURY,0.0,0.0,0.0,0.0,0.0,2.0,0.0,12,6,9,41.9198941794,-87.7460480465,POINT (-87.746048046488 41.919894179445)
6df588f7615da5457613f7c524076dc775030dc7f960f28ad58affe56051a83ac7104dd3f58cbc1e4b09e2afd95c3d933ebcd0d562244d7fb127f832bb464973,JE239065,,05/22/2021 06:05:00 PM,25,UNKNOWN,UNKNOWN,CLEAR,DAYLIGHT,REAR END,DIVIDED - W/MEDIAN (NOT RAISED),,STRAIGHT AND LEVEL,DRY,UNKNOWN,ON SCENE,INJURY AND / OR TOW DUE TO CRASH,,,Y,$500 OR LESS,05/22/2021 06:05:00 PM,DISTRACTION - FROM INSIDE VEHICLE,CELL PHONE USE OTHER THAN TEXTING,900,W,18TH ST,1235.0,,,,,,,2,NO INDICATION OF INJURY,0.0,0.0,0.0,0.0,0.0,2.0,0.0,18,7,5,41.8581693645,-87.6487981389,POINT (-87.64879813891 41.858169364461)
999083895d9e91736125a65d3b63a672ee22cbc8c857628166b3221aff8b41eb966492e75dfc69058d267b1fcc7d49aec7899ceebfc84d37af07207f59e9fd05,JG367848,,08/03/2023 03:38:00 PM,30,TRAFFIC SIGNAL,FUNCTIONING PROPERLY,CLEAR,DAYLIGHT,REAR END,DIVIDED - W/MEDIAN (NOT RAISED),,STRAIGHT AND LEVEL,DRY,NO DEFECTS,,INJURY AND / OR TOW DUE TO CRASH,Y,,,"OVER $1,500",08/03/2023 03:45:00 PM,FOLLOWING TOO CLOSELY,UNABLE TO DETERMINE,4020,N,KEELER AVE,1722.0,,,,,,,3,NO INDICATION OF INJURY,0.0,0.0,0.0,0.0,0.0,3.0,0.0,15,5,8,41.9541955619,-87.732638013,POINT (-87.732638013038 41.954195561864)
3033d7fbf771d365150e52969d42ab74ac0626e9ef8a01de44df29d9937038466f159b5f145bc809a583ad51a7750bcf8ff3a71da214fed15b24e0e3596535ff,JC159093,,02/20/2019 09:25:00 AM,35,TRAFFIC SIGNAL,UNKNOWN,RAIN,DAYLIGHT,TURNING,NOT DIVIDED,2.0,STRAIGHT AND LEVEL,WET,NO DEFECTS,ON SCENE,NO INJURY / DRIVE AWAY,Y,,,"OVER $1,500",02/20/2019 10:07:00 AM,IMPROPER TURNING/NO SIGNAL,UNABLE TO DETERMINE,2900,W,FOSTER AVE,2011.0,,,,,,,2,NO INDICATION OF INJURY,0.0,0.0,0.0,0.0,0.0,2.0,0.0,9,4,2,41.9759082455,-87.7014312688,POINT (-87.701431268775 41.975908245473)
01d770a466fcda2c25bc96ed5b589f50843caf0d3fafe0d07b66c5a63926ebd4ad9c9b0833b879524fb6746658e30d71ccd19fd2719d3789b3a50d09f90cfb39,JE343574,,08/19/2021 03:00:00 PM,15,NO CONTROLS,NO CONTROLS,CLEAR,DAYLIGHT,FIXED OBJECT,ALLEY,,STRAIGHT AND LEVEL,DRY,NO DEFECTS,NOT ON SCENE (DESK REPORT),NO INJURY / DRIVE AWAY,,,,"OVER $1,500",08/20/2021 10:45:00 AM,UNABLE TO DETERMINE,UNABLE TO DETERMINE,5400,W,CRYSTAL ST,2532.0,,,,,,,1,NO INDICATION OF INJURY,0.0,0.0,0.0,0.0,0.0,1.0,0.0,15,5,8,41.9032070446,-87.7611416379,POINT (-87.761141637909 41.903207044627)
9fc5af949f786ea9aac058b16911263e454e737139f580d7c395e602afa0b2349935fd0dc34260485816c4404129a5188558ec2a7d0aac1ed1ec29ce365a25fd,JD323289,,08/06/2020 08:57:00 PM,35,NO CONTROLS,NO CONTROLS,CLEAR,"DARKNESS, LIGHTED ROAD",SIDESWIPE SAME DIRECTION,ONE-WAY,,STRAIGHT AND LEVEL,DRY,NO DEFECTS,ON SCENE,INJURY AND / OR TOW DUE TO CRASH,,,,"OVER $1,500",08/06/2020 08:57:00 PM,IMPROPER OVERTAKING/PASSING,NOT APPLICABLE,4400,S,MICHIGAN AVE,215.0,,,,,,,3,NO INDICATION OF INJURY,0.0,0.0,0.0,0.0,0.0,5.0,0.0,20,5,8,41.8146432257,-87.623126734,POINT (-87.62312673403 41.814643225671)
d7bb96f32172b3bf76ebd79008e0b4bf1ec5bc761cbb6ab5a98b404ce3668e75d931842dd40ff514a26115c44815b678d7e922412e096341dd17ea6157108ac7,JE167700,Y,03/13/2021 12:31:00 AM,30,NO CONTROLS,NO CONTROLS,CLEAR,DARKNESS,PARKED MOTOR VEHICLE,ONE-WAY,,STRAIGHT AND LEVEL,DRY,NO DEFECTS,ON SCENE,NO INJURY / DRIVE AWAY,,,N,"OVER $1,500",03/13/2021 09:30:00 AM,UNABLE TO DETERMINE,UNABLE TO DETERMINE,11408,S,DR MARTIN LUTHER KING JR DR,531.0,,,,,,,2,NO INDICATION OF INJURY,0.0,0.0,0.0,0.0,0.0,1.0,0.0,0,7,3,41.6869784423,-87.6133506363,POINT (-87.613350636258 41.686978442328)
c8cda91fa6353a3df47c10a5d809a71626feefbbdee404847304b6c40ad7ff06c13fb422ec51c35e2b84af961b224f079b41b472ac6675ceaf2a4b46dbfa1e83,JB297013,,06/07/2018 02:31:00 PM,30,TRAFFIC SIGNAL,FUNCTIONING PROPERLY,CLEAR,DAYLIGHT,TURNING,NOT DIVIDED,4.0,STRAIGHT AND LEVEL,DRY,NO DEFECTS,ON SCENE,NO INJURY / DRIVE AWAY,Y,,,"OVER $1,500",06/07/2018 02:45:00 PM,IMPROPER TURNING/NO SIGNAL,FAILING TO YIELD RIGHT-OF-WAY,1601,W,FULLERTON AVE,1811.0,,,,,,,2,NO INDICATION OF INJURY,0.0,0.0,0.0,0.0,0.0,3.0,0.0,14,5,6,41.9250410717,-87.6682013281,POINT (-87.66820132807 41.925041071686)
e451af3d0dfa1eafec562907bc6c84f6fc7245e4845f080be7c3f869ac189902172093c4bc8333bcb6f4618468f2f284270895db46d9635c8276fc4020c60a2e,JD110653,,01/10/2020 09:15:00 AM,30,NO CONTROLS,NO CONTROLS,CLEAR,DAYLIGHT,REAR END,ONE-WAY,,STRAIGHT AND LEVEL,DRY,NO DEFECTS,NOT ON SCENE (DESK REPORT),NO INJURY / DRIVE AWAY,,,,"OVER $1,500",01/10/2020 09:30:00 AM,UNABLE TO DETERMINE,UNABLE TO DETERMINE,750,N,RUSH ST,1833.0,,,,,,,2,NO INDICATION OF INJURY,0.0,0.0,0.0,0.0,0.0,2.0,0.0,9,6,1,41.8964553134,-87.6256451665,POINT (-87.625645166504 41.896455313367)
68b46c8d2b408fd32947730e4baecdb355b7d9d2737a5a54c0e24af6ac50d588c215ae9ae3aee82d610d8af3dc33445b45d08f3b128118d05e2028276de420f9,JA511078,,11/14/2017 07:40:00 AM,30,NO CONTROLS,NO CONTROLS,CLEAR,DAYLIGHT,REAR END,DIVIDED - W/MEDIAN (NOT RAISED),,STRAIGHT AND LEVEL,DRY,NO DEFECTS,NOT ON SCENE (DESK REPORT),NO INJURY / DRIVE AWAY,,,,"$501 - $1,500",11/14/2017 07:50:00 AM,FOLLOWING TOO CLOSELY,NOT APPLICABLE,1445,W,63RD ST,725.0,,,,,,,2,NO INDICATION OF INJURY,0.0,0.0,0.0,0.0,0.0,2.0,0.0,7,3,11,41.7794082549,-87.6611328205,POINT (-87.66113282048 41.779408254895)
e61ffddf6ac0f7c3786c2ec63f540b8a9d54ec9d83c94328b2233e5920cce372a84af17e60c963b07c6cf0c9e347ffa485a38050a085c9c520f057c541193c73,JF442299,,10/14/2022 05:45:00 PM,25,NO CONTROLS,NO CONTROLS,RAIN,"DARKNESS, LIGHTED ROAD",OTHER OBJECT,ONE-WAY,,STRAIGHT AND LEVEL,WET,OTHER,NOT ON SCENE (DESK REPORT),NO INJURY / DRIVE AWAY,,,,"OVER $1,500",10/20/2022 06:40:00 PM,UNABLE TO DETERMINE,UNABLE TO DETERMINE,2068,W,CONGRESS PKWY,1225.0,,,,,,,1,NO INDICATION OF INJURY,0.0,0.0,0.0,0.0,0.0,1.0,0.0,17,6,10,41.875092012,-87.6788314524,POINT (-87.678831452368 41.875092011965)
9106ea91f9649b2333d0ec65b1fdc8578020de2b3c210879b8e5994c65781a90b7a99aac81ee4891245068bd30c8da0fb191d3f2749adab91f04ca232b20e97d,JF358152,,08/15/2022 07:50:00 PM,30,TRAFFIC SIGNAL,UNKNOWN,CLEAR,"DARKNESS, LIGHTED ROAD",SIDESWIPE SAME DIRECTION,DIVIDED - W/MEDIAN (NOT RAISED),,STRAIGHT AND LEVEL,UNKNOWN,UNKNOWN,NOT ON SCENE (DESK REPORT),NO INJURY / DRIVE AWAY,Y,,,"OVER $1,500",08/15/2022 09:32:00 PM,UNABLE TO DETERMINE,UNABLE TO DETERMINE,6200,N,WESTERN AVE,2413.0,,Y,,,,,2,NO INDICATION OF INJURY,0.0,0.0,0.0,0.0,0.0,2.0,0.0,19,2,8,41.9941811771,-87.6899142192,POINT (-87.689914219179 41.994181177113)
34fb4b130430c88d8f82f19a6f1694d2c3ee81e699d7c012c3ba5de736cbca3e57c9403fc73865debafc825c25c220ef27dcf400265f67784aba5ead659e2347,JD355478,,09/03/2020 05:00:00 PM,30,TRAFFIC SIGNAL,FUNCTIONING PROPERLY,CLEAR,DAYLIGHT,REAR END,NOT DIVIDED,,STRAIGHT AND LEVEL,DRY,NO DEFECTS,NOT ON SCENE (DESK REPORT),NO INJURY / DRIVE AWAY,,,,"OVER $1,500",09/03/2020 07:00:00 PM,FOLLOWING TOO CLOSELY,NOT APPLICABLE,1610,E,75TH ST,324.0,,,,,,,2,NO INDICATION OF INJURY,0.0,0.0,0.0,0.0,0.0,2.0,0.0,17,5,9,41.7588824703,-87.5852854873,POINT (-87.585285487334 41.758882470266)
9b4077699a0fcaa28545b4de3578123f449397a64ce2fdf8fcbb2a4301cd674dbc739141c92ef5b5d6314e48bd0da18aa4370ff3c3898c090037cb764182f4a0,JA567996,,12/30/2017 02:10:00 PM,35,TRAFFIC SIGNAL,FUNCTIONING PROPERLY,CLEAR,DAYLIGHT,REAR END,NOT DIVIDED,2.0,STRAIGHT AND LEVEL,WET,NO DEFECTS,NOT ON SCENE (DESK REPORT),NO INJURY / DRIVE AWAY,Y,,,"OVER $1,500",12/30/2017 02:30:00 PM,WEATHER,EXCEEDING SAFE SPEED FOR CONDITIONS,602,N,LARAMIE AVE,1524.0,,,,,,,2,NO INDICATION OF INJURY,0.0,0.0,0.0,0.0,0.0,6.0,0.0,14,7,12,41.891392862,-87.7556167609,POINT (-87.755616760862 41.891392862033)
a3557a6639a6eb6f9cbb8e854a00e44a375ad2546b955578d818a98188ab2f3e4000ea0da27452d2bf7c5cc16131a7c80a4c9d9a9ba6ff3387b38d8c5273d476,JE277947,Y,06/24/2021 12:15:00 PM,30,YIELD,FUNCTIONING PROPERLY,RAIN,DAYLIGHT,PEDESTRIAN,DIVIDED - W/MEDIAN (NOT RAISED),,STRAIGHT AND LEVEL,WET,UNKNOWN,ON SCENE,INJURY AND / OR TOW DUE TO CRASH,Y,,,"$501 - $1,500",06/24/2021 12:16:00 PM,UNABLE TO DETERMINE,UNABLE TO DETERMINE,7701,S,EXCHANGE AVE,421.0,,,,,,,2,INCAPACITATING INJURY,1.0,0.0,1.0,0.0,0.0,1.0,0.0,12,5,6,41.7555086585,-87.5559606254,POINT (-87.555960625361 41.755508658488)
5a090a89905a3df4c221a918a4622cf288b438e5f3532a1f75684a7ccd7869504e649b65510898b14628fc25acbdcc1aa903678e7f758fbc2277da04c9c9e018,JE294518,,07/08/2021 12:00:00 PM,3,NO CONTROLS,NO CONTROLS,CLOUDY/OVERCAST,DAYLIGHT,FIXED OBJECT,ONE-WAY,,"CURVE, LEVEL",DRY,NO DEFECTS,ON SCENE,NO INJURY / DRIVE AWAY,,,,"OVER $1,500",07/08/2021 12:10:00 PM,UNABLE TO DETERMINE,UNABLE TO DETERMINE,8533,W,CASTLE ISLAND AVE,1614.0,,,,,,,1,NO INDICATION OF INJURY,0.0,0.0,0.0,0.0,0.0,1.0,0.0,12,5,7,41.9615937049,-87.8409661145,POINT (-87.840966114505 41.961593704921)
60c1ff6d36eab9ec379f897bcdce405694aca1b1985c273f08e0c24f9da18fe18ca973077ea6bb659e89aa4c058910b0851e852272230913f6afba9b6fe59439,JC116938,,01/14/2019 05:50:00 PM,40,NO CONTROLS,NOT FUNCTIONING,CLEAR,"DARKNESS, LIGHTED ROAD",REAR END,DIVIDED - W/MEDIAN BARRIER,,"CURVE, LEVEL",SNOW OR SLUSH,NO DEFECTS,ON SCENE,NO INJURY / DRIVE AWAY,,,,"$501 - $1,500",01/14/2019 05:58:00 PM,FOLLOWING TOO CLOSELY,BICYCLE ADVANCING LEGALLY ON RED LIGHT,1000,N,LAKE SHORE DR SB,1824.0,,,,,,,2,NO INDICATION OF INJURY,0.0,0.0,0.0,0.0,0.0,2.0,0.0,17,2,1,41.9009589191,-87.6199281737,POINT (-87.619928173678 41.900958919109)
002b09d6c7dc23eab7ef4e95f359ec68ef2fad52d2e579875b44f585f86926307e7d3078c1528928e4f080b1a5497adc65e52350462632b5efe58ebe11717eaa,JD350554,,08/29/2020 06:08:00 PM,30,TRAFFIC SIGNAL,UNKNOWN,CLEAR,DAYLIGHT,REAR END,NOT DIVIDED,,STRAIGHT AND LEVEL,DRY,NO DEFECTS,,NO INJURY / DRIVE AWAY,,,,"OVER $1,500",08/30/2020 02:00:00 PM,FOLLOWING TOO CLOSELY,NOT APPLICABLE,2401,W,83RD ST,835.0,,,,,,,3,NO INDICATION OF INJURY,0.0,0.0,0.0,0.0,0.0,3.0,0.0,18,7,8,41.7427052248,-87.6827410815,POINT (-87.68274108148 41.742705224847)
13cc1fe27544c93484114d51146ba198f3f2b9b5ece795ef800482d54839bbe20d2a291615b1339753322e33fee4aa1d48ea9dfba021c426a649f2b054a9a33c,JF358679,,08/16/2022 11:00:00 AM,30,TRAFFIC SIGNAL,FUNCTIONING PROPERLY,CLEAR,DAYLIGHT,REAR END,FOUR WAY,,STRAIGHT AND LEVEL,DRY,NO DEFECTS,NOT ON SCENE (DESK REPORT),NO INJURY / DRIVE AWAY,,,,"OVER $1,500",08/16/2022 11:35:00 AM,FOLLOWING TOO CLOSELY,NOT APPLICABLE,6132,W,55TH ST,811.0,,,,,,,2,NO INDICATION OF INJURY,0.0,0.0,0.0,0.0,0.0,2.0,0.0,11,3,8,41.7925768008,-87.7758507775,POINT (-87.775850777459 41.792576800801)
38fe93e69f4382bea798eaf54f6cf635dcce4cf15109b56c6df7779764a52a386b337c0b485ba82e985d4e97b1fba7af525598340b916b4c29b23a78eeab6f34,JE209416,,04/25/2021 05:25:00 AM,30,NO CONTROLS,NO CONTROLS,CLEAR,"DARKNESS, LIGHTED ROAD",PARKED MOTOR VEHICLE,ONE-WAY,,STRAIGHT AND LEVEL,DRY,NO DEFECTS,ON SCENE,INJURY AND / OR TOW DUE TO CRASH,,,Y,"OVER $1,500",04/25/2021 05:31:00 AM,UNABLE TO DETERMINE,NOT APPLICABLE,6311,S,KOLIN AVE,813.0,,,,,,,2,NO INDICATION OF INJURY,0.0,0.0,0.0,0.0,0.0,1.0,0.0,5,1,4,41.7781270471,-87.7311459522,POINT (-87.731145952167 41.778127047057)
d9132b0266e91143a27795319d7f9c0a44612c5d724b283ca74f62e6dd55477676a01c849e8c9c6aa66a39f175348a03ac73bd78a971bbb7793536d70a717caf,JG157148,,02/18/2023 11:30:00 AM,30,NO CONTROLS,NO CONTROLS,CLEAR,DAYLIGHT,SIDESWIPE SAME DIRECTION,NOT DIVIDED,,STRAIGHT AND LEVEL,DRY,NO DEFECTS,ON SCENE,NO INJURY / DRIVE AWAY,,,,"OVER $1,500",02/18/2023 11:36:00 AM,IMPROPER LANE USAGE,UNABLE TO DETERMINE,6300,S,WESTERN AVE,825.0,,,,,,,2,NO INDICATION OF INJURY,0.0,0.0,0.0,0.0,0.0,3.0,0.0,11,7,2,41.7791234838,-87.6837830986,POINT (-87.683783098636 41.77912348384)
ed49f2842efe13876d59651a8ec57cceefad05064b9f89c6a5f6b5c20ed238bf4c1e306543755a87fe4d0b8de3bec06f3a7c3fe81f6743a09ee69651a612aeb3,HZ247412,,05/01/2016 01:00:00 PM,0,NO CONTROLS,NO CONTROLS,CLEAR,DAYLIGHT,PARKED MOTOR VEHICLE,ONE-WAY,1.0,STRAIGHT AND LEVEL,DRY,NO DEFECTS,NOT ON SCENE (DESK REPORT),NO INJURY / DRIVE AWAY,,,Y,"OVER $1,500",05/01/2016 06:40:00 PM,UNABLE TO DETERMINE,UNABLE TO DETERMINE,749,E,92ND ST,633.0,,,,,,,2,NO INDICATION OF INJURY,0.0,0.0,0.0,0.0,0.0,1.0,0.0,13,1,5,41.7274169173,-87.6050349768,POINT (-87.60503497675 41.727416917336)
59d0f6af2b904916d95bdcd6106a36cd1abf72432009485b069e661ce947dd16e343572e8291b405c7a12f18c44ffc6336ce183fff4e3b5e287fe1ca7831532b,JA555755,,12/18/2017 05:30:00 PM,30,NO CONTROLS,NO CONTROLS,UNKNOWN,DARKNESS,ANGLE,DIVIDED - W/MEDIAN (NOT RAISED),4.0,STRAIGHT AND LEVEL,UNKNOWN,UNKNOWN,NOT ON SCENE (DESK REPORT),NO INJURY / DRIVE AWAY,,,N,"OVER $1,500",12/19/2017 05:25:00 PM,FAILING TO YIELD RIGHT-OF-WAY,DRIVING SKILLS/KNOWLEDGE/EXPERIENCE,4701,N,KEDZIE AVE,1713.0,,,,,,,2,NO INDICATION OF INJURY,0.0,0.0,0.0,0.0,0.0,3.0,0.0,17,2,12,41.9667227461,-87.7082732532,POINT (-87.708273253174 41.966722746097)
627b4c664fc439c015796d980448653e02e6fc9273b12be67f96ead3f01d07b15c689a6694de430ce918061018d89391daca7b559d05635ed484227244ffd9ab,JE212202,,04/27/2021 07:54:00 PM,30,NO CONTROLS,NO CONTROLS,CLEAR,"DARKNESS, LIGHTED ROAD",ANGLE,ALLEY,,STRAIGHT AND LEVEL,DRY,NO DEFECTS,NOT ON SCENE (DESK REPORT),INJURY AND / OR TOW DUE TO CRASH,,,,"OVER $1,500",04/27/2021 07:56:00 PM,DRIVING SKILLS/KNOWLEDGE/EXPERIENCE,FAILING TO YIELD RIGHT-OF-WAY,7146,W,WELLINGTON AVE,2511.0,,,,,,,2,"REPORTED, NOT EVIDENT",1.0,0.0,0.0,0.0,1.0,1.0,0.0,19,3,4,41.9344956681,-87.8057153974,POINT (-87.80571539744 41.934495668139)