CRASH_RECORD_ID,RD_NO,CRASH_DATE_EST_I,CRASH_DATE,POSTED_SPEED_LIMIT,TRAFFIC_CONTROL_DEVICE,DEVICE_CONDITION,WEATHER_CONDITION,LIGHTING_CONDITION,FIRST_CRASH_TYPE,TRAFFICWAY_TYPE,LANE_CNT,ALIGNMENT,ROADWAY_SURFACE_COND,ROAD_DEFECT,REPORT_TYPE,CRASH_TYPE,INTERSECTION_RELATED_I,NOT_RIGHT_OF_WAY_I,HIT_AND_RUN_I,DAMAGE,DATE_POLICE_NOTIFIED,PRIM_CONTRIBUTORY_CAUSE,SEC_CONTRIBUTORY_CAUSE,STREET_NO,STREET_DIRECTION,STREET_NAME,BEAT_OF_OCCURRENCE,PHOTOS_TAKEN_I,STATEMENTS_TAKEN_I,DOORING_I,WORK_ZONE_I,WORK_ZONE_TYPE,WORKERS_PRESENT_I,NUM_UNITS,MOST_SEVERE_INJURY,INJURIES_TOTAL,INJURIES_FATAL,INJURIES_INCAPACITATING,INJURIES_NON_INCAPACITATING,INJURIES_REPORTED_NOT_EVIDENT,INJURIES_NO_INDICATION,INJURIES_UNKNOWN,CRASH_HOUR,CRASH_DAY_OF_WEEK,CRASH_MONTH,LATITUDE,LONGITUDE,LOCATION
02ad85b29a186df909c6154cd0fd211e6aad5faf21d1200c8f07e7ef83387d5f398dc326f5b6f13c218fdf5fdc6f6f9b25c79f406a42a3d4a2507728921f0eff,JD228293,,05/09/2020 04:30:00 PM,30,NO CONTROLS,NO CONTROLS,CLEAR,DAYLIGHT,SIDESWIPE SAME DIRECTION,NOT DIVIDED,,STRAIGHT AND LEVEL,DRY,NO DEFECTS,NOT ON SCENE (DESK REPORT),NO INJURY / DRIVE AWAY,,,,"OVER $1,500",05/09/2020 05:15:00 PM,UNABLE TO DETERMINE,NOT APPLICABLE,4300,S,KEDZIE AVE,821.0,,,,,,,2,NO INDICATION OF INJURY,0.0,0.0,0.0,0.0,0.0,2.0,0.0,16,7,5,41.8153520373,-87.704406263,POINT (-87.704406262956 41.815352037319)
5647d85f25212e2eb45bb7b088ac78303de5da2cf6bb98520059c704b65f36e2650ef51f0c58d23c0248f14c5935fa4fc8ae4385bb514b2930a88ae8e08fb93f,JB307289,,06/14/2018 08:05:00 PM,30,NO CONTROLS,NO CONTROLS,CLEAR,DAYLIGHT,PARKED MOTOR VEHICLE,DIVIDED - W/MEDIAN (NOT RAISED),,STRAIGHT AND LEVEL,DRY,NO DEFECTS,NOT ON SCENE (DESK REPORT),NO INJURY / DRIVE AWAY,,,Y,"$501 - $1,500",06/14/2018 09:40:00 PM,FAILING TO YIELD RIGHT-OF-WAY,UNABLE TO DETERMINE,3141,W,JACKSON BLVD,1124.0,,,,,,,2,NO INDICATION OF INJURY,0.0,0.0,0.0,0.0,0.0,1.0,0.0,20,5,6,41.8772208471,-87.705241063,POINT (-87.705241063016 41.877220847108)
10eb45ed26c1e070c8c4d3611c1866ba5ea734aa8f94e52ed52367a62e02bda2e8f2254abb8f0faabafeac6fc14dbb40db2b8256156e49c8f058bbd2837bec57,JC385296,,08/09/2019 11:36:00 AM,30,NO CONTROLS,NO CONTROLS,CLEAR,DAYLIGHT,REAR TO SIDE,PARKING LOT,,STRAIGHT AND LEVEL,DRY,NO DEFECTS,ON SCENE,NO INJURY / DRIVE AWAY,,,,"OVER $1,500",08/09/2019 11:39:00 AM,DRIVING SKILLS/KNOWLEDGE/EXPERIENCE,NOT APPLICABLE,5813,N,MILWAUKEE AVE,1622.0,,,,,,,2,NO INDICATION OF INJURY,0.0,0.0,0.0,0.0,0.0,2.0,0.0,11,6,8,41.9870288109,-87.7779360865,POINT (-87.777936086528 41.987028810891)
0ee88793c5b1054d81c567f95d0a263fc9ebb2d52548abb112c59ed9547dac855599f74274e2822d94ed58b934849be2cfcd9798a66f60e494168b95776174f1,JE396147,,10/03/2021 03:25:00 AM,30,STOP SIGN/FLASHER,FUNCTIONING PROPERLY,CLEAR,"DARKNESS, LIGHTED ROAD",ANGLE,FOUR WAY,,STRAIGHT AND LEVEL,DRY,NO DEFECTS,ON SCENE,INJURY AND / OR TOW DUE TO CRASH,Y,,,"OVER $1,500",10/03/2021 03:30:00 AM,DISTRACTION - FROM INSIDE VEHICLE,DISTRACTION - FROM INSIDE VEHICLE,7800,S,YATES BLVD,414.0,,,,,,,2,NO INDICATION OF INJURY,0.0,0.0,0.0,0.0,0.0,2.0,0.0,3,1,10,41.7534531661,-87.5664130194,POINT (-87.566413019363 41.75345316606)
33701fe9439e5cd9c019dba3ea7fc7a29b7ce771fa42505c13d473d349edb7c238d1ccb47ac1b807bbff7c460ff3196a2d1a2a2da3ce6038bb75f1425dfd1b01,JG194815,,03/22/2023 10:15:00 AM,30,NO CONTROLS,NO CONTROLS,CLOUDY/OVERCAST,DAYLIGHT,REAR TO FRONT,NOT DIVIDED,,STRAIGHT AND LEVEL,DRY,NO DEFECTS,NOT ON SCENE (DESK REPORT),NO INJURY / DRIVE AWAY,,,,"$501 - $1,500",03/22/2023 12:00:00 PM,IMPROPER BACKING,FAILING TO REDUCE SPEED TO AVOID CRASH,102,E,OAK ST,1824.0,,,,,,,2,NO INDICATION OF INJURY,0.0,0.0,0.0,0.0,0.0,2.0,0.0,10,4,3,41.9009026995,-87.6255447847,POINT (-87.625544784682 41.900902699494)
0dae7c398b5c1b03ebe3376a082ca175c4d02ae2905c25914dc4021599b77cfb03d87623cdf6fdc5e28c8c9932ec5d0fb9759beebe3d34a793e031f943038da9,JG314956,,06/25/2023 04:00:00 AM,30,NO CONTROLS,NO CONTROLS,RAIN,DAWN,OTHER OBJECT,DIVIDED - W/MEDIAN BARRIER,,STRAIGHT AND LEVEL,WET,NO DEFECTS,NOT ON SCENE (DESK REPORT),INJURY AND / OR TOW DUE TO CRASH,,,Y,"OVER $1,500",06/25/2023 05:02:00 AM,IMPROPER LANE USAGE,FAILING TO YIELD RIGHT-OF-WAY,7618,S,STONY ISLAND AVE,411.0,,,,,,,1,NO INDICATION OF INJURY,0.0,0.0,0.0,0.0,0.0,1.0,0.0,4,1,6,41.7563246724,-87.5862234531,POINT (-87.586223453139 41.756324672359)
db0dfa8d765d136f9a79192288f2d548e1034ec503fde29e4c4ff454e1c3c2b0d33c93b9f4e25bd9f9de8a65c1a551e6e9051ee06136f1c4dbdee5a43830be3f,,,10/24/2023 11:10:00 AM,30,TRAFFIC SIGNAL,UNKNOWN,CLEAR,DAYLIGHT,PEDESTRIAN,FOUR WAY,,STRAIGHT AND LEVEL,DRY,UNKNOWN,ON SCENE,INJURY AND / OR TOW DUE TO CRASH,,,,"OVER $1,500",10/24/2023 11:12:00 AM,FAILING TO YIELD RIGHT-OF-WAY,FAILING TO REDUCE SPEED TO AVOID CRASH,5200,W,FULLERTON AVE,2515.0,,,,,,,2,NONINCAPACITATING INJURY,1.0,0.0,0.0,1.0,0.0,1.0,0.0,11,3,10,41.9242157972,-87.7562107546,POINT (-87.756210754589 41.924215797231)
423c3141bd9c0524769144c5321f27f2780189b1e3b953df87f69541659bcac0d704086b2d667be1a46444aea4d1486e84655143a540ad3f889323ebbe54e25e,JA209924,,04/02/2017 01:30:00 PM,35,NO CONTROLS,NO CONTROLS,CLEAR,DAYLIGHT,SIDESWIPE SAME DIRECTION,DIVIDED - W/MEDIAN BARRIER,3.0,STRAIGHT AND LEVEL,DRY,NO DEFECTS,NOT ON SCENE (DESK REPORT),NO INJURY / DRIVE AWAY,,,,"OVER $1,500",04/02/2017 04:10:00 PM,UNABLE TO DETERMINE,UNABLE TO DETERMINE,221,S,MICHIGAN AVE,114.0,,,,,,,2,NO INDICATION OF INJURY,0.0,0.0,0.0,0.0,0.0,2.0,0.0,13,1,4,41.8790338083,-87.6241921708,POINT (-87.624192170796 41.87903380828)
ede0001cfeccc96041b186b2e0c4fee2e72b4bf0dceef0a50ab2354892c3e0c5ade1e192154042e8bab2cac058e561787f023410f4a0c9b3a5bf5ab826d0e7bf,JB566899,,12/25/2018 01:00:00 PM,30,TRAFFIC SIGNAL,FUNCTIONING PROPERLY,CLEAR,DAYLIGHT,TURNING,DIVIDED - W/MEDIAN (NOT RAISED),,STRAIGHT AND LEVEL,DRY,NO DEFECTS,ON SCENE,NO INJURY / DRIVE AWAY,,,Y,"OVER $1,500",12/25/2018 01:08:00 PM,IMPROPER LANE USAGE,FAILING TO YIELD RIGHT-OF-WAY,5520,S,PULASKI RD,813.0,,,,,,,2,NO INDICATION OF INJURY,0.0,0.0,0.0,0.0,0.0,4.0,0.0,13,3,12,41.7924640583,-87.7232832043,POINT (-87.7232832043 41.792464058269)
9458acf4a3d14ccf5e2f36dab28455d17eb77484082ffa1fd0e4f767f1e17f9ed6178f8c4b5500bb6069bd88e85fb11a17b8a10231227db4bb9a0aef60ef6b61,HZ480492,,10/18/2016 11:00:00 PM,30,TRAFFIC SIGNAL,FUNCTIONING PROPERLY,CLEAR,"DARKNESS, LIGHTED ROAD",REAR END,DIVIDED - W/MEDIAN BARRIER,4.0,STRAIGHT AND LEVEL,DRY,NO DEFECTS,NOT ON SCENE (DESK REPORT),NO INJURY / DRIVE AWAY,,,,"OVER $1,500",10/19/2016 11:45:00 AM,FOLLOWING TOO CLOSELY,NOT APPLICABLE,5899,N,CUMBERLAND AVE,1614.0,,,,,,,2,NO INDICATION OF INJURY,0.0,0.0,0.0,0.0,0.0,2.0,0.0,23,3,10,41.9863829686,-87.836433754,POINT (-87.836433753977 41.98638296862)
8ba0773839a6c682efb16e30bffe2069f227a6edf5684acc6a6f94b55d3dfe0aeec7fcda1cae93690346bbb639877f0aedbdcf5d6563835e5a5a0012f58355ad,JA254206,,05/07/2017 01:12:00 PM,30,NO CONTROLS,NO CONTROLS,CLEAR,DAYLIGHT,TURNING,DIVIDED - W/MEDIAN (NOT RAISED),2.0,STRAIGHT AND LEVEL,DRY,NO DEFECTS,ON SCENE,INJURY AND / OR TOW DUE TO CRASH,Y,,,"OVER $1,500",05/07/2017 01:14:00 PM,UNABLE TO DETERMINE,NOT APPLICABLE,2124,W,71ST ST,735.0,,,,,,,3,NONINCAPACITATING INJURY,2.0,0.0,0.0,2.0,0.0,0.0,0.0,13,1,5,41.7648817964,-87.6770082991,POINT (-87.677008299088 41.764881796419)
1ca4ca2a75b206c171fff1955262480394f16d2d30392061bd0743f26d30b389cdd300485c2b3afdaee683da8bc81eeac49e39418f909ac2be5f6249b43af500,JD185624,,03/12/2020 02:00:00 PM,30,NO CONTROLS,NO CONTROLS,CLEAR,DAYLIGHT,PARKED MOTOR VEHICLE,NOT DIVIDED,,STRAIGHT AND LEVEL,DRY,NO DEFECTS,NOT ON SCENE (DESK REPORT),NO INJURY / DRIVE AWAY,,,Y,"OVER $1,500",03/14/2020 03:45:00 PM,NOT APPLICABLE,NOT APPLICABLE,7100,S,BELL AVE,832.0,,,,,,,2,NO INDICATION OF INJURY,0.0,0.0,0.0,0.0,0.0,1.0,0.0,14,5,3,41.7646456936,-87.6796164277,POINT (-87.679616427703 41.764645693576)
ba7ea7bf250ae47f4088409cf379b8a2f7c73b598cffba3344f8bb843fec813290a71fc12c26a2804ed5f230579ff29b2251c0d1fc2919b2ca17ba1387d4ae0e,JD119383,,01/17/2020 04:40:00 PM,30,TRAFFIC SIGNAL,FUNCTIONING PROPERLY,BLOWING SNOW,"DARKNESS, LIGHTED ROAD",PARKED MOTOR VEHICLE,DIVIDED - W/MEDIAN (NOT RAISED),,STRAIGHT AND LEVEL,SNOW OR SLUSH,NO DEFECTS,ON SCENE,NO INJURY / DRIVE AWAY,,,,"$501 - $1,500",01/17/2020 04:41:00 PM,FAILING TO REDUCE SPEED TO AVOID CRASH,WEATHER,5202,W,DIVERSEY AVE,2514.0,,,,,,,2,NO INDICATION OF INJURY,0.0,0.0,0.0,0.0,0.0,1.0,0.0,16,6,1,41.9315064055,-87.7566217362,POINT (-87.756621736233 41.931506405541)
0a697a1fa8307fee518ebfd2ac62e2eb8aa194914e28d37033ab0185e610a8be9f09d25566555c960330edd4aafdcc9f6fa4d647a1177fafe63ab22150cc3f25,JE393776,,10/01/2021 09:35:00 AM,30,TRAFFIC SIGNAL,FUNCTIONING PROPERLY,CLEAR,DAYLIGHT,REAR END,DIVIDED - W/MEDIAN BARRIER,,STRAIGHT AND LEVEL,DRY,NO DEFECTS,ON SCENE,NO INJURY / DRIVE AWAY,Y,,,"$501 - $1,500",10/01/2021 09:50:00 AM,FOLLOWING TOO CLOSELY,UNABLE TO DETERMINE,6798,W,NORTH AVE,2513.0,,Y,,,,,2,NO INDICATION OF INJURY,0.0,0.0,0.0,0.0,0.0,2.0,0.0,9,6,10,41.9091368979,-87.7947532274,POINT (-87.794753227387 41.909136897913)
ebc19db512c829370db5294f1347f0b8910e06639d069ad61b6cd23622c56248e2916f0942968283b60607e9fd6a47f710d193d28641e7d583aca47de59df088,JA106475,,01/02/2017 05:25:00 PM,30,NO CONTROLS,NO CONTROLS,RAIN,DARKNESS,PARKED MOTOR VEHICLE,DIVIDED - W/MEDIAN (NOT RAISED),2.0,STRAIGHT AND LEVEL,WET,NO DEFECTS,NOT ON SCENE (DESK REPORT),NO INJURY / DRIVE AWAY,,,Y,"$501 - $1,500",01/06/2017 05:45:00 PM,UNABLE TO DETERMINE,UNABLE TO DETERMINE,2599,N,LINCOLN AVE,1935.0,,,,,,,2,NO INDICATION OF INJURY,0.0,0.0,0.0,0.0,0.0,1.0,0.0,17,2,1,41.9290403555,-87.653569634,POINT (-87.653569634049 41.929040355512)
32e93b618ee811912afe2e04a9059168370a2cdeddbe9cf37433643a75fc089a1889c0deaf2f3789d4ce7a30917cf080e687bab3035d53cb9b25eb103f133a28,JE247807,,05/30/2021 12:00:00 PM,10,NO CONTROLS,NO CONTROLS,CLEAR,DAYLIGHT,PARKED MOTOR VEHICLE,PARKING LOT,,STRAIGHT AND LEVEL,DRY,NO DEFECTS,NOT ON SCENE (DESK REPORT),NO INJURY / DRIVE AWAY,,,Y,"OVER $1,500",05/30/2021 12:20:00 PM,UNABLE TO DETERMINE,NOT APPLICABLE,1,S,SPRINGFIELD AVE,1122.0,,,,,,,2,NO INDICATION OF INJURY,0.0,0.0,0.0,0.0,0.0,1.0,0.0,12,1,5,41.8807284398,-87.7230967017,POINT (-87.723096701733 41.880728439774)
36040b090a627e09f5f3bf48cc8c4cfabc8f4072d6885b153d4665f4a7e7334c75634bd4a4a7385c9c7c9b7150dffab278bd9d2c424dc7806c3c51fcc64e40dc,JB259543,,05/11/2018 01:30:00 PM,15,NO CONTROLS,NO CONTROLS,CLOUDY/OVERCAST,DAYLIGHT,FIXED OBJECT,PARKING LOT,1.0,STRAIGHT AND LEVEL,DRY,NO DEFECTS,NOT ON SCENE (DESK REPORT),NO INJURY / DRIVE AWAY,,,,"$501 - $1,500",05/11/2018 02:10:00 PM,DRIVING SKILLS/KNOWLEDGE/EXPERIENCE,NOT APPLICABLE,9900,S,HALSTED ST,2232.0,,,,,,,1,NO INDICATION OF INJURY,0.0,0.0,0.0,0.0,0.0,1.0,0.0,13,6,5,41.7141188681,-87.6431454082,POINT (-87.643145408182 41.71411886809)
ce0c86cd6fa1d388922ef2e56dfd48d254d113650df9b313a12089d416d6684d0595814dc75f54e92e96ba0d8970b1d46c977b66a617c4258e79ab84365d0752,JD339950,,08/21/2020 10:02:00 AM,30,TRAFFIC SIGNAL,FUNCTIONING PROPERLY,CLEAR,DAYLIGHT,REAR END,NOT DIVIDED,,STRAIGHT AND LEVEL,DRY,NO DEFECTS,ON SCENE,INJURY AND / OR TOW DUE TO CRASH,,,,"$501 - $1,500",08/21/2020 10:04:00 AM,DISTRACTION - FROM INSIDE VEHICLE,FOLLOWING TOO CLOSELY,635,W,MONTROSE DR,1915.0,,,,,,,2,"REPORTED, NOT EVIDENT",2.0,0.0,0.0,0.0,2.0,1.0,0.0,10,6,8,41.9617987727,-87.646794213,POINT (-87.646794213 41.961798772671)
1f99d065f1ac9e9a5e9bfce26f0a374f04199bbe5ab11c37dabb335ed83d5594a4fff5f3b929516e43ddb0d074069cc4350fea235d21d705419e733d28d4df56,JE296826,,07/10/2021 12:18:00 PM,30,NO CONTROLS,NO CONTROLS,CLEAR,DAYLIGHT,ANGLE,NOT DIVIDED,,STRAIGHT AND LEVEL,DRY,NO DEFECTS,NOT ON SCENE (DESK REPORT),NO INJURY / DRIVE AWAY,,,,$500 OR LESS,07/10/2021 12:18:00 PM,FAILING TO YIELD RIGHT-OF-WAY,NOT APPLICABLE,10314,S,DR MARTIN LUTHER KING JR DR,512.0,,,,,,,2,NO INDICATION OF INJURY,0.0,0.0,0.0,0.0,0.0,2.0,0.0,12,7,7,41.7068252071,-87.6139017597,POINT (-87.613901759703 41.706825207055)
f4a2cab074866d5209e7bc992b854566b894a101bdc0810adb8c11a58942462e1ecc931b401f6a987c1b9ba675b7b8eebbc6faf27b00dddd87e13ca4a8f3b4e3,JE330136,,08/08/2021 04:28:00 AM,30,TRAFFIC SIGNAL,FUNCTIONING PROPERLY,CLEAR,"DARKNESS, LIGHTED ROAD",ANGLE,FOUR WAY,,STRAIGHT AND LEVEL,DRY,NO DEFECTS,ON SCENE,INJURY AND / OR TOW DUE TO CRASH,Y,,,"OVER $1,500",08/08/2021 04:28:00 AM,FAILING TO REDUCE SPEED TO AVOID CRASH,UNDER THE INFLUENCE OF ALCOHOL/DRUGS (USE WHEN ARREST IS EFFECTED),5200,N,ELSTON AVE,1623.0,,,,,,,2,INCAPACITATING INJURY,1.0,0.0,1.0,0.0,0.0,1.0,0.0,4,1,8,41.9752580953,-87.7519905572,POINT (-87.751990557158 41.97525809527)
37beec14798c4c4050d86a425e763cc0b5ecd513b2de9ab355b9bb31e2d7a7aedffde4a4d92cd55640ebf3bfbe04a29752572743912c86e2c41928507f36dc46,JG425391,,09/15/2023 01:09:00 PM,30,NO CONTROLS,NO CONTROLS,CLEAR,DAYLIGHT,REAR END,DIVIDED - W/MEDIAN BARRIER,,STRAIGHT AND LEVEL,DRY,NO DEFECTS,,INJURY AND / OR TOW DUE TO CRASH,,,,"OVER $1,500",09/15/2023 03:42:00 PM,UNABLE TO DETERMINE,UNABLE TO DETERMINE,6500,S,COAST GUARD DR,331.0,,,,,,,2,NONINCAPACITATING INJURY,1.0,0.0,0.0,1.0,0.0,1.0,0.0,13,6,9,41.7768330917,-87.5757133219,POINT (-87.575713321936 41.776833091744)
c018a61a3b0a08ad6fa2045ace7e7f438474fb23c9017568886b4e0aa94a5e27974e00eacc733cb1a52ae431465a038537f4b941cb461fa1f2263b5679cefd38,JB540863,,12/05/2018 09:15:00 AM,35,NO CONTROLS,NO CONTROLS,OTHER,DAYLIGHT,FIXED OBJECT,NOT DIVIDED,4.0,STRAIGHT AND LEVEL,ICE,NO DEFECTS,ON SCENE,INJURY AND / OR TOW DUE TO CRASH,,,,"OVER $1,500",12/05/2018 09:17:00 AM,EXCEEDING SAFE SPEED FOR CONDITIONS,UNABLE TO DETERMINE,9135,S,VINCENNES AVE,2223.0,,,,,,,1,NO INDICATION OF INJURY,0.0,0.0,0.0,0.0,0.0,2.0,0.0,9,4,12,41.7276118923,-87.6482016189,POINT (-87.648201618894 41.727611892316)
677124f870a5f5171e780a31475de60a8efdc716938422855afac92f169ae0025180fdc09830479abd62760bb0686c965bbd82e03e53dca04c66115c3764a336,JD306321,,07/22/2020 04:28:00 PM,30,NO CONTROLS,NO CONTROLS,CLEAR,DAYLIGHT,PARKED MOTOR VEHICLE,DIVIDED - W/MEDIAN (NOT RAISED),,STRAIGHT AND LEVEL,DRY,NO DEFECTS,ON SCENE,INJURY AND / OR TOW DUE TO CRASH,,,,"OVER $1,500",07/22/2020 04:34:00 PM,UNABLE TO DETERMINE,UNABLE TO DETERMINE,6227,S,AUSTIN AVE,812.0,,,,,,,3,NO INDICATION OF INJURY,0.0,0.0,0.0,0.0,0.0,1.0,0.0,16,4,7,41.7788689156,-87.7713857556,POINT (-87.77138575559 41.778868915584)
581d14d16a665bc17e01524b81f5e7f4532fe587fb2e2cdfe026ea8c2439a05268a579edcfeadc650c15f6824e6c2af39c8035f35af9ff65aa91beea3814f6bb,JF267193,,06/04/2022 07:45:00 AM,30,TRAFFIC SIGNAL,FUNCTIONING PROPERLY,CLEAR,DAYLIGHT,TURNING,FOUR WAY,,STRAIGHT AND LEVEL,DRY,NO DEFECTS,ON SCENE,INJURY AND / OR TOW DUE TO CRASH,Y,,,"OVER $1,500",06/04/2022 07:47:00 AM,FAILING TO YIELD RIGHT-OF-WAY,IMPROPER TURNING/NO SIGNAL,2800,W,47TH ST,922.0,,,,,,,2,NO INDICATION OF INJURY,0.0,0.0,0.0,0.0,0.0,3.0,0.0,7,7,6,41.8083895872,-87.6942693207,POINT (-87.694269320714 41.808389587198)
e7809c86b62fc8fc0284c885033ca734eb5d11b4d0b6a1b7d6af5af50d79d4470f37028089e6ee9a1f745210e29d66ced7353acef49d52b40b1247576dead8c3,JF160416,,03/01/2022 11:30:00 PM,30,NO CONTROLS,NO CONTROLS,CLEAR,"DARKNESS, LIGHTED ROAD",PARKED MOTOR VEHICLE,PARKING LOT,,STRAIGHT AND LEVEL,DRY,NO DEFECTS,NOT ON SCENE (DESK REPORT),NO INJURY / DRIVE AWAY,,,,"$501 - $1,500",03/01/2022 11:50:00 PM,UNABLE TO DETERMINE,UNABLE TO DETERMINE,5523,N,LINCOLN AVE,2011.0,,,,,,,2,NO INDICATION OF INJURY,0.0,0.0,0.0,0.0,0.0,1.0,0.0,23,3,3,41.9820758346,-87.6931174469,POINT (-87.693117446891 41.982075834555)
d57992d3b3fa9489257629df9db5df1be306481b49412b2a6750b88aef7ba60c990bc5f3501a8894313865cef2838e99854316a5e3c729baa900276930722e53,JD342453,,08/23/2020 02:30:00 PM,30,TRAFFIC SIGNAL,FUNCTIONING PROPERLY,CLEAR,DAYLIGHT,SIDESWIPE SAME DIRECTION,OTHER,,STRAIGHT AND LEVEL,DRY,NO DEFECTS,NOT ON SCENE (DESK REPORT),NO INJURY / DRIVE AWAY,,,,"OVER $1,500",08/23/2020 03:09:00 PM,FOLLOWING TOO CLOSELY,NOT APPLICABLE,503,W,18TH ST,1235.0,,,,,,,2,NO INDICATION OF INJURY,0.0,0.0,0.0,0.0,0.0,2.0,0.0,14,1,8,41.8575534538,-87.6390769806,POINT (-87.639076980608 41.857553453826)
93269b5c1c7e88989989ce098178527ecfcf561abc8d212a9519a4286b0e634212b870a62612eaa63504d7b8fb70739f8f9f2ad3e5cd400091d1fcaaa700d78b,JC564181,,12/29/2019 11:00:00 AM,30,TRAFFIC SIGNAL,NOT FUNCTIONING,CLEAR,DAYLIGHT,ANGLE,FOUR WAY,,STRAIGHT AND LEVEL,UNKNOWN,UNKNOWN,NOT ON SCENE (DESK REPORT),NO INJURY / DRIVE AWAY,Y,,,"OVER $1,500",12/29/2019 01:30:00 PM,FAILING TO YIELD RIGHT-OF-WAY,NOT APPLICABLE,4130,S,CICERO AVE,814.0,,,,,,,2,NO INDICATION OF INJURY,0.0,0.0,0.0,0.0,0.0,3.0,0.0,11,1,12,41.8173902111,-87.743570533,POINT (-87.743570533024 41.817390211089)
2524b88722526249b95bafd3f1e786ab4e8128f6bc3ac81756d0a7d745cd9d02de820b9da3091a5d9ddc623426e87e06aa6881c983608111599c7adf6aa60a4c,JC430078,,09/12/2019 11:00:00 AM,30,NO CONTROLS,NO CONTROLS,CLOUDY/OVERCAST,DAYLIGHT,SIDESWIPE SAME DIRECTION,NOT DIVIDED,,STRAIGHT AND LEVEL,DRY,NO DEFECTS,ON SCENE,INJURY AND / OR TOW DUE TO CRASH,,,,"OVER $1,500",09/12/2019 11:10:00 AM,FAILING TO YIELD RIGHT-OF-WAY,UNABLE TO DETERMINE,750,W,33RD ST,915.0,,,,,,,2,NO INDICATION OF INJURY,0.0,0.0,0.0,0.0,0.0,2.0,0.0,11,5,9,41.8345146646,-87.6457990655,POINT (-87.64579906552 41.834514664602)
facee84818c282e3556082acf262fb3a23a6d139910dfa8146962058a5d7609d1899950bf97fed49b215edcf6ffc8f8f6c4b57a95ebbf98ba6d94424cc91dffa,JB568565,,12/27/2018 05:40:00 AM,30,UNKNOWN,UNKNOWN,CLEAR,"DARKNESS, LIGHTED ROAD",PARKED MOTOR VEHICLE,DIVIDED - W/MEDIAN BARRIER,2.0,STRAIGHT AND LEVEL,DRY,WORN SURFACE,,INJURY AND / OR TOW DUE TO CRASH,,,,"OVER $1,500",12/27/2018 05:42:00 AM,PHYSICAL CONDITION OF DRIVER,NOT APPLICABLE,5910,S,CALIFORNIA AVE,824.0,,,,,,,2,NONINCAPACITATING INJURY,1.0,0.0,0.0,1.0,0.0,0.0,0.0,5,5,12,41.7860308195,-87.6937303109,POINT (-87.693730310935 41.786030819491)
93190ff39a6d2a2b1158c91e61c2b114a5e3e7263c0751133b72c94596f97b9873843816e965133758c84f4beb1ce88c19ec193b2b3e8b681697e31d17138ae5,JD141202,,02/05/2020 03:30:00 PM,30,TRAFFIC SIGNAL,FUNCTIONING PROPERLY,CLEAR,DAYLIGHT,REAR END,NOT DIVIDED,,STRAIGHT AND LEVEL,DRY,NO DEFECTS,NOT ON SCENE (DESK REPORT),NO INJURY / DRIVE AWAY,Y,,,"OVER $1,500",02/05/2020 04:50:00 PM,UNABLE TO DETERMINE,NOT APPLICABLE,102,N,OGDEN AVE,1224.0,,,,,,,2,NO INDICATION OF INJURY,0.0,0.0,0.0,0.0,0.0,2.0,0.0,15,4,2,41.8830122785,-87.6646667031,POINT (-87.664666703066 41.883012278487)
79b26d49ce1ee187affe08eb7ee19a37e27976c894a57c7355845f958911a95ed3da468c7ae32c31db34b521234b1b28a45f1e071edb2f5d3e5169ca92b0b634,JG341068,,07/13/2023 07:16:00 AM,30,STOP SIGN/FLASHER,UNKNOWN,UNKNOWN,UNKNOWN,REAR END,DIVIDED - W/MEDIAN (NOT RAISED),,STRAIGHT AND LEVEL,UNKNOWN,UNKNOWN,NOT ON SCENE (DESK REPORT),NO INJURY / DRIVE AWAY,,,,"$501 - $1,500",07/14/2023 05:00:00 PM,UNABLE TO DETERMINE,NOT APPLICABLE,2500,W,BRYN MAWR AVE,2011.0,,,,,,,2,NO INDICATION OF INJURY,0.0,0.0,0.0,0.0,0.0,2.0,0.0,7,5,7,41.9832672282,-87.6919352183,POINT (-87.691935218275 41.983267228221)
d870cf01150bef2a55e10073a782d9903bef96983a99e16bad1cc759a8e1d9136a3c9c8f247723717e999137356f503830714111f24bd6146fc89717032be855,JB172721,,03/03/2018 08:05:00 PM,30,TRAFFIC SIGNAL,FUNCTIONING PROPERLY,CLEAR,"DARKNESS, LIGHTED ROAD",TURNING,ONE-WAY,4.0,STRAIGHT AND LEVEL,DRY,NO DEFECTS,NOT ON SCENE (DESK REPORT),NO INJURY / DRIVE AWAY,Y,,Y,"$501 - $1,500",03/03/2018 08:14:00 PM,FOLLOWING TOO CLOSELY,UNABLE TO DETERMINE,142,E,ONTARIO ST,1834.0,,,,,,,2,NO INDICATION OF INJURY,0.0,0.0,0.0,0.0,0.0,2.0,0.0,20,7,3,41.8934504163,-87.6238539096,POINT (-87.623853909642 41.893450416324)
7f64e3e04a6c0db26cb8dd33a48b6fdd0cbaa8f984473b849e846403035917c00c402ff430b14f825de9fab3869d5c764d9657bc40fbdfd3413b2ddf1cb86f0e,JG366199,,08/02/2023 12:05:00 PM,30,STOP SIGN/FLASHER,UNKNOWN,CLEAR,DAYLIGHT,ANGLE,FOUR WAY,,STRAIGHT AND LEVEL,DRY,NO DEFECTS,ON SCENE,INJURY AND / OR TOW DUE TO CRASH,Y,,,"OVER $1,500",08/02/2023 12:09:00 PM,UNABLE TO DETERMINE,UNABLE TO DETERMINE,10000,S,STATE ST,511.0,,,,,,,2,NO INDICATION OF INJURY,0.0,0.0,0.0,0.0,0.0,3.0,0.0,12,4,8,41.7125788384,-87.6237768314,POINT (-87.623776831423 41.712578838415)