CRASH_RECORD_ID,RD_NO,CRASH_DATE_EST_I,CRASH_DATE,POSTED_SPEED_LIMIT,TRAFFIC_CONTROL_DEVICE,DEVICE_CONDITION,WEATHER_CONDITION,LIGHTING_CONDITION,FIRST_CRASH_TYPE,TRAFFICWAY_TYPE,LANE_CNT,ALIGNMENT,ROADWAY_SURFACE_COND,ROAD_DEFECT,REPORT_TYPE,CRASH_TYPE,INTERSECTION_RELATED_I,NOT_RIGHT_OF_WAY_I,HIT_AND_RUN_I,DAMAGE,DATE_POLICE_NOTIFIED,PRIM_CONTRIBUTORY_CAUSE,SEC_CONTRIBUTORY_CAUSE,STREET_NO,STREET_DIRECTION,STREET_NAME,BEAT_OF_OCCURRENCE,PHOTOS_TAKEN_I,STATEMENTS_TAKEN_I,DOORING_I,WORK_ZONE_I,WORK_ZONE_TYPE,WORKERS_PRESENT_I,NUM_UNITS,MOST_SEVERE_INJURY,INJURIES_TOTAL,INJURIES_FATAL,INJURIES_INCAPACITATING,INJURIES_NON_INCAPACITATING,INJURIES_REPORTED_NOT_EVIDENT,INJURIES_NO_INDICATION,INJURIES_UNKNOWN,CRASH_HOUR,CRASH_DAY_OF_WEEK,CRASH_MONTH,LATITUDE,LONGITUDE,LOCATION
c25a0afb92f59d658b3a83c555caafe440a627fa7d0ad22788a4d60af89699b3b2b98b36f48d3daa660c5f4a5decebdb32a0aab51fe5a037b7df9e635f4b9c3e,JB360129,,07/22/2018 06:15:00 AM,30,NO CONTROLS,NO CONTROLS,RAIN,DAWN,FIXED OBJECT,NOT DIVIDED,2.0,STRAIGHT AND LEVEL,WET,NO DEFECTS,ON SCENE,NO INJURY / DRIVE AWAY,,,,"OVER $1,500",07/22/2018 06:21:00 AM,WEATHER,UNABLE TO DETERMINE,3913,E,133RD ST,433.0,,,,,,,1,NO INDICATION OF INJURY,0.0,0.0,0.0,0.0,0.0,1.0,0.0,6,1,7,41.6535463005,-87.5301696972,POINT (-87.530169697173 41.653546300518)
670194fef95beef8ad9803b06b15598edeae04c0c10cefd5f9c6f0f72335f4a0cec1b0b060a26bda6ba18ce3860c786fba8d00db2aad2a998420d8627bbb91fd,JF194800,,04/02/2022 01:30:00 PM,30,NO CONTROLS,NO CONTROLS,RAIN,DAYLIGHT,TURNING,DIVIDED - W/MEDIAN (NOT RAISED),,STRAIGHT AND LEVEL,WET,NO DEFECTS,NOT ON SCENE (DESK REPORT),NO INJURY / DRIVE AWAY,,,,"OVER $1,500",04/02/2022 02:00:00 PM,FAILING TO YIELD RIGHT-OF-WAY,UNABLE TO DETERMINE,4546,N,KEDZIE AVE,1724.0,,,,,,,2,NO INDICATION OF INJURY,0.0,0.0,0.0,0.0,0.0,2.0,0.0,13,7,4,41.9643875286,-87.7084924784,POINT (-87.708492478441 41.964387528635)
0e3c2645883860edc9ce4b144fea39d0e526f134794eee903cf19c3437e55d725e9ec1d00c70371465504cc910918c90e56716db837f3451e51858d49dfb0594,JD220308,,04/29/2020 10:30:00 PM,30,NO CONTROLS,NO CONTROLS,RAIN,"DARKNESS, LIGHTED ROAD",FIXED OBJECT,DIVIDED - W/MEDIAN BARRIER,,STRAIGHT AND LEVEL,WET,NO DEFECTS,ON SCENE,INJURY AND / OR TOW DUE TO CRASH,,Y,N,$500 OR LESS,04/29/2020 10:35:00 PM,DRIVING ON WRONG SIDE/WRONG WAY,WEATHER,1718,E,71ST ST,332.0,,,,,,,1,NO INDICATION OF INJURY,0.0,0.0,0.0,0.0,0.0,1.0,0.0,22,4,4,41.766283722,-87.5829557321,POINT (-87.582955732109 41.766283721984)
4fdf55be4ad30399a4ca26e32e3e5352da8cdd59a784231c31c0af9e9dd3d206818d2db5bfc668b122fe1057a5cda981a39d074371c0ee4cbcf9ef0b98704f92,JF437732,,10/17/2022 09:58:00 AM,30,NO CONTROLS,NO CONTROLS,CLEAR,DAYLIGHT,OTHER OBJECT,NOT DIVIDED,,STRAIGHT AND LEVEL,DRY,NO DEFECTS,ON SCENE,INJURY AND / OR TOW DUE TO CRASH,,Y,Y,"OVER $1,500",10/17/2022 09:58:00 AM,FAILING TO REDUCE SPEED TO AVOID CRASH,IMPROPER TURNING/NO SIGNAL,2446,W,ROOSEVELT RD,1135.0,,,,,,,1,NO INDICATION OF INJURY,0.0,0.0,0.0,0.0,0.0,1.0,0.0,9,2,10,41.8667105822,-87.6871908388,POINT (-87.687190838796 41.866710582239)
1bccb8fb1481b4d3b83081c2593f911a61a4545edd3426b29639f7aa779a91534a9e529c2043f619df90cd5a76a7a6ebe82a37a491f06f9ab2bb8646fa0bcb80,JD355893,,09/04/2020 08:40:00 AM,30,NO CONTROLS,NO CONTROLS,CLEAR,DAYLIGHT,REAR END,NOT DIVIDED,,STRAIGHT AND LEVEL,DRY,NO DEFECTS,NOT ON SCENE (DESK REPORT),NO INJURY / DRIVE AWAY,,,,$500 OR LESS,09/04/2020 09:00:00 AM,UNABLE TO DETERMINE,NOT APPLICABLE,2151,N,PULASKI RD,2525.0,,,,,,,2,NO INDICATION OF INJURY,0.0,0.0,0.0,0.0,0.0,2.0,0.0,8,6,9,41.9205456407,-87.7265121454,POINT (-87.726512145433 41.920545640712)
9c9f669887cf3846b4d86692fdb8279cab884d2faa93226eeabbfca59331be1a6c57557511fa8d1ce713408f548ba0816303ea325e473efa977e35f156f66452,JA263381,,05/09/2017 01:45:00 PM,30,NO CONTROLS,NO CONTROLS,CLEAR,DAYLIGHT,PARKED MOTOR VEHICLE,ONE-WAY,1.0,STRAIGHT AND LEVEL,DRY,"RUT, HOLES",NOT ON SCENE (DESK REPORT),NO INJURY / DRIVE AWAY,,,,"$501 - $1,500",05/14/2017 01:47:00 PM,ROAD ENGINEERING/SURFACE/MARKING DEFECTS,NOT APPLICABLE,5128,W,DICKENS AVE,2522.0,,,,,,,2,NO INDICATION OF INJURY,0.0,0.0,0.0,0.0,0.0,1.0,0.0,13,3,5,41.9187575508,-87.7547023686,POINT (-87.754702368627 41.918757550771)
1d7a74d30d410ec2d5993ab64115f773d75dadc6cd7d3792a70260d2022618df79dd1dfe1cf0bd3a3abd4b1e4903ef8d0a65847e1d34c1d804a3e73dc1ae956a,JE422137,,10/25/2021 03:55:00 PM,25,NO CONTROLS,NO CONTROLS,CLEAR,DAYLIGHT,PARKED MOTOR VEHICLE,NOT DIVIDED,,STRAIGHT AND LEVEL,DRY,UNKNOWN,NOT ON SCENE (DESK REPORT),NO INJURY / DRIVE AWAY,,,,"$501 - $1,500",10/25/2021 04:25:00 PM,UNABLE TO DETERMINE,NOT APPLICABLE,11728,S,CAMPBELL AVE,2212.0,,,,,,,2,NO INDICATION OF INJURY,0.0,0.0,0.0,0.0,0.0,1.0,0.0,15,2,10,41.6800034655,-87.6833837272,POINT (-87.683383727166 41.680003465486)
15f9345d34eeffe25e7f060317041952b6a7d84f35c0a24938280781a442404c0ffe68bc45d81d753095a3fd68b61bac9f9846a7874739ae23dea79645b6dccd,JB542869,Y,12/05/2018 07:50:00 AM,15,NO CONTROLS,NO CONTROLS,UNKNOWN,DAWN,PARKED MOTOR VEHICLE,ONE-WAY,,STRAIGHT AND LEVEL,UNKNOWN,NO DEFECTS,NOT ON SCENE (DESK REPORT),NO INJURY / DRIVE AWAY,,,Y,"OVER $1,500",12/06/2018 07:05:00 PM,NOT APPLICABLE,NOT APPLICABLE,2642,W,SUPERIOR ST,1221.0,,,,,,,2,NO INDICATION OF INJURY,0.0,0.0,0.0,0.0,0.0,1.0,0.0,7,4,12,41.8948662439,-87.6934761017,POINT (-87.693476101672 41.894866243926)
e6f9f0a27c97e1c6b286f1696f86e585e6908364fffe10683672d7656f471f7e1e13704b360f9ce8553e81f2a7b371b179981cad54130fb641d44a6ff0db6c38,JF388402,,09/08/2022 04:45:00 PM,30,NO CONTROLS,NO CONTROLS,CLEAR,DAYLIGHT,REAR END,NOT DIVIDED,,STRAIGHT AND LEVEL,DRY,NO DEFECTS,ON SCENE,NO INJURY / DRIVE AWAY,,,,$500 OR LESS,09/08/2022 04:45:00 PM,DRIVING SKILLS/KNOWLEDGE/EXPERIENCE,NOT APPLICABLE,1223,E,47TH ST,222.0,,,,,,,2,NO INDICATION OF INJURY,0.0,0.0,0.0,0.0,0.0,2.0,0.0,16,5,9,41.8095428776,-87.5958357839,POINT (-87.595835783933 41.809542877621)
7e1a44d0a2e94947dd97c0ac59acff7ee6fe60f61aa6828b4a56bcf96eaeb0e8289f8125cf16a8e03fc8809d000ddbbcb618c390af920473dc206ef32e5859e0,JF219155,,04/25/2022 08:30:00 AM,30,NO CONTROLS,NO CONTROLS,CLEAR,DAYLIGHT,TURNING,FOUR WAY,,STRAIGHT AND LEVEL,DRY,NO DEFECTS,ON SCENE,INJURY AND / OR TOW DUE TO CRASH,Y,,,"OVER $1,500",04/25/2022 08:32:00 AM,FAILING TO YIELD RIGHT-OF-WAY,IMPROPER TURNING/NO SIGNAL,5027,W,AUGUSTA BLVD,1531.0,,,,,,,3,NO INDICATION OF INJURY,0.0,0.0,0.0,0.0,0.0,6.0,0.0,8,2,4,41.8985121328,-87.7519532048,POINT (-87.75195320481 41.898512132836)
1fa183260fb22064abb1d5a698ec21e9e158e673ca07ce5ce585a866325ddcc332ca8d9dc35a5fabcd7aa479f7c5c5d86bd6c85d2bbf8bcf6cff9587281355d5,JB104563,Y,01/04/2018 05:00:00 PM,35,NO CONTROLS,NO CONTROLS,CLEAR,DAYLIGHT,PARKED MOTOR VEHICLE,NOT DIVIDED,4.0,STRAIGHT AND LEVEL,DRY,UNKNOWN,NOT ON SCENE (DESK REPORT),NO INJURY / DRIVE AWAY,,,Y,"$501 - $1,500",01/04/2018 06:05:00 PM,UNABLE TO DETERMINE,UNABLE TO DETERMINE,2303,S,WESTERN AVE,1034.0,,,,,,,2,NO INDICATION OF INJURY,0.0,0.0,0.0,0.0,0.0,1.0,0.0,17,5,1,41.8501088555,-87.6854376462,POINT (-87.685437646194 41.850108855499)
9ee7f33558a04945b957e8c3734e7d59935d02c41800eea582afa4bce635d5b315c978aa92b8655bb6e7ea0c1ed9088314d040bd4d81bc6367989712d8e145d3,JA455151,,10/02/2017 11:45:00 AM,30,NO CONTROLS,NO CONTROLS,CLEAR,DAYLIGHT,PARKED MOTOR VEHICLE,PARKING LOT,,STRAIGHT AND LEVEL,DRY,NO DEFECTS,ON SCENE,NO INJURY / DRIVE AWAY,,Y,,"OVER $1,500",10/02/2017 12:15:00 PM,FOLLOWING TOO CLOSELY,NOT APPLICABLE,540,W,PERSHING RD,915.0,,,,,,,2,NO INDICATION OF INJURY,0.0,0.0,0.0,0.0,0.0,5.0,0.0,11,2,10,41.823643355,-87.6401790708,POINT (-87.640179070753 41.823643355014)
aaac8406e6c4e681a94264e54b47a7071b9bed0d5c75ddd7a8586d4025c2d04c008b11bf0b7f47ed20a59cc538099a80cedd47efa0841dc5e7ee4faae7352079,JG266137,,05/18/2023 11:12:00 PM,30,NO CONTROLS,NO CONTROLS,CLEAR,"DARKNESS, LIGHTED ROAD",SIDESWIPE SAME DIRECTION,NOT DIVIDED,,STRAIGHT AND LEVEL,DRY,NO DEFECTS,ON SCENE,INJURY AND / OR TOW DUE TO CRASH,,,,"$501 - $1,500",05/18/2023 11:12:00 PM,DISREGARDING ROAD MARKINGS,NOT APPLICABLE,6121,N,SHERIDAN RD,2433.0,,,,,,,3,NO INDICATION OF INJURY,0.0,0.0,0.0,0.0,0.0,4.0,0.0,23,5,5,41.9930041781,-87.6553303231,POINT (-87.655330323089 41.993004178118)
4967a19216a5fbd08cd97e0f4f30a9b9f87b62b11ffbb4f71333012b635f5a22e64ce50713c9491b592279953b4e6b5ad8f965eace3fdf99c59b4a617100141c,JF255301,,05/25/2022 02:35:00 PM,30,NO CONTROLS,NO CONTROLS,CLOUDY/OVERCAST,DAYLIGHT,SIDESWIPE SAME DIRECTION,NOT DIVIDED,,STRAIGHT AND LEVEL,DRY,NO DEFECTS,ON SCENE,NO INJURY / DRIVE AWAY,,,,"OVER $1,500",05/25/2022 02:37:00 PM,IMPROPER OVERTAKING/PASSING,UNABLE TO DETERMINE,5151,S,KEDZIE AVE,923.0,,,,,,,2,NO INDICATION OF INJURY,0.0,0.0,0.0,0.0,0.0,2.0,0.0,14,4,5,41.7993137634,-87.7035763738,POINT (-87.703576373842 41.799313763438)
6744da82f400ea27566b1c6be4601b19ea000098d8e20aa2b2aae4468808f93f5f6e563a48c2ca9fd2b42dd7db8c61272481d0b1dbc1931ee92cb085f732e603,JC529169,,11/30/2019 06:45:00 AM,55,NO CONTROLS,NO CONTROLS,RAIN,DAWN,HEAD ON,DIVIDED - W/MEDIAN BARRIER,,STRAIGHT AND LEVEL,WET,NO DEFECTS,ON SCENE,NO INJURY / DRIVE AWAY,,,Y,"OVER $1,500",11/30/2019 06:52:00 AM,UNABLE TO DETERMINE,UNABLE TO DETERMINE,3900,S,DAN RYAN LOCAL OB,925.0,,,,,,,2,NO INDICATION OF INJURY,0.0,0.0,0.0,0.0,0.0,3.0,0.0,6,7,11,,,
e264e64a3098cacf969dba1468f288e8b52daf9459d59253e0fdbe65f2fcb032180611468447cb90b058b921a6b8f3359cfe882541e1e252e2ef0e531a62322d,JG120347,,01/18/2023 07:45:00 AM,30,NO CONTROLS,NO CONTROLS,CLOUDY/OVERCAST,DAYLIGHT,PARKED MOTOR VEHICLE,DIVIDED - W/MEDIAN (NOT RAISED),,STRAIGHT AND LEVEL,DRY,NO DEFECTS,NOT ON SCENE (DESK REPORT),NO INJURY / DRIVE AWAY,,,Y,"$501 - $1,500",01/18/2023 08:00:00 AM,IMPROPER OVERTAKING/PASSING,UNABLE TO DETERMINE,2519,S,ARCHER AVE,913.0,,,,,,,2,NO INDICATION OF INJURY,0.0,0.0,0.0,0.0,0.0,3.0,0.0,7,4,1,41.8467526639,-87.6471686693,POINT (-87.647168669259 41.846752663926)
eff1c7b8457ffa01f3f003d98631ce6e0bd9e828c82fd3d9cc2edc5c3070187077b2d120a1228df4b9a5cd7109a4018d1c6b88d5aff416e96c6598ca13a81544,JD178466,,03/08/2020 02:30:00 PM,15,NO CONTROLS,NO CONTROLS,CLEAR,DAYLIGHT,FIXED OBJECT,ALLEY,,STRAIGHT AND LEVEL,DRY,NO DEFECTS,,NO INJURY / DRIVE AWAY,,Y,,"$501 - $1,500",03/08/2020 03:00:00 PM,"VISION OBSCURED (SIGNS, TREE LIMBS, BUILDINGS, ETC.)",NOT APPLICABLE,9438,S,VERNON AVE,633.0,,,,,,,1,NO INDICATION OF INJURY,0.0,0.0,0.0,0.0,0.0,2.0,0.0,14,1,3,41.7225683209,-87.6130977052,POINT (-87.613097705232 41.722568320855)
94f30fd74cb525e714c1d325d2de82aca04626e3e47d6cb86054839d79e00e6128cc749caa2550fcf58e13a0186c21190cac8a0aea2cae47f17cc04dd699b138,JB119069,,01/17/2018 08:30:00 AM,30,STOP SIGN/FLASHER,FUNCTIONING PROPERLY,CLEAR,DAYLIGHT,REAR END,NOT DIVIDED,2.0,STRAIGHT AND LEVEL,DRY,NO DEFECTS,NOT ON SCENE (DESK REPORT),NO INJURY / DRIVE AWAY,Y,,,"OVER $1,500",01/17/2018 11:32:00 AM,UNABLE TO DETERMINE,UNABLE TO DETERMINE,6000,N,RIDGE AVE,2433.0,,,,,,,2,NO INDICATION OF INJURY,0.0,0.0,0.0,0.0,0.0,2.0,0.0,8,4,1,41.9907226326,-87.6722886042,POINT (-87.672288604165 41.990722632567)
850c897c4e79a9d097ea785aeee6dc26f86d689cbeb8ab0965c84170d51c2ad3ca3c991f797376f6e64ea39fb91db8de5df6bc51e420775b9781853685ccfcf8,JG197963,Y,03/24/2023 06:00:00 PM,30,NO CONTROLS,NO CONTROLS,UNKNOWN,UNKNOWN,PARKED MOTOR VEHICLE,NOT DIVIDED,,STRAIGHT AND LEVEL,UNKNOWN,NO DEFECTS,NOT ON SCENE (DESK REPORT),NO INJURY / DRIVE AWAY,,,N,"OVER $1,500",03/24/2023 10:00:00 PM,UNABLE TO DETERMINE,UNABLE TO DETERMINE,3,W,61ST ST,311.0,,,,,,,2,NO INDICATION OF INJURY,0.0,0.0,0.0,0.0,0.0,1.0,0.0,18,6,3,41.7830975598,-87.6255354915,POINT (-87.625535491475 41.783097559772)
7e2767fc52b9e76e836eeb40a4f5eec56f7b472506eacff670fde6218e6a82d9cb38101a0d7dc729ac3402e221f406a861cbd52e0f57f7190acfb88a3c9e75f9,JG270405,,05/22/2023 12:30:00 PM,30,STOP SIGN/FLASHER,FUNCTIONING PROPERLY,CLEAR,DAYLIGHT,TURNING,NOT DIVIDED,,STRAIGHT AND LEVEL,DRY,NO DEFECTS,NOT ON SCENE (DESK REPORT),NO INJURY / DRIVE AWAY,,,,"$501 - $1,500",05/22/2023 01:30:00 PM,UNABLE TO DETERMINE,UNABLE TO DETERMINE,8100,S,DAMEN AVE,614.0,,,,,,,2,NO INDICATION OF INJURY,0.0,0.0,0.0,0.0,0.0,2.0,0.0,12,2,5,41.7464952986,-87.673189258,POINT (-87.673189258049 41.746495298555)
efc1a731114117825b458f9cb4407445986e59376f2fa1dc07057535834e194793175e8f370e9e8b033a8a8d84d14723407800ca7090bbd4448ea81c726a780a,HZ488904,Y,10/23/2016 11:00:00 PM,30,TRAFFIC SIGNAL,FUNCTIONING PROPERLY,CLEAR,DARKNESS,PARKED MOTOR VEHICLE,NOT DIVIDED,3.0,STRAIGHT AND LEVEL,DRY,NO DEFECTS,NOT ON SCENE (DESK REPORT),NO INJURY / DRIVE AWAY,,,Y,"OVER $1,500",10/25/2016 06:39:00 PM,IMPROPER OVERTAKING/PASSING,NOT APPLICABLE,1600,S,MICHIGAN AVE,131.0,,,,,,,2,NO INDICATION OF INJURY,0.0,0.0,0.0,0.0,0.0,1.0,0.0,23,1,10,41.8601680984,-87.6241331838,POINT (-87.624133183777 41.860168098401)
ac234cd7b28701357cf149f8734dc29ff1c31b7c8600faa2a33ebc6ce19ccd44affa72386351c8b361eff10cb9d3192feb958869d05f668099fbf9ee59f48ba5,JA237297,Y,04/21/2017 09:15:00 AM,30,NO CONTROLS,NO CONTROLS,CLEAR,DAYLIGHT,PARKED MOTOR VEHICLE,NOT DIVIDED,,STRAIGHT AND LEVEL,DRY,NO DEFECTS,,NO INJURY / DRIVE AWAY,,,,"OVER $1,500",04/24/2017 03:22:00 PM,UNABLE TO DETERMINE,UNABLE TO DETERMINE,1139,W,BRYN MAWR AVE,2023.0,,,,,,,2,NO INDICATION OF INJURY,0.0,0.0,0.0,0.0,0.0,1.0,0.0,9,6,4,41.9835197076,-87.6596385603,POINT (-87.659638560252 41.983519707582)
e43b784c7f7f08c6ebe7e7ff4de2a9b55548e4052c7cfd9b2b3249b2dd3954f71484a95ebe7f6495b8bf63ffa47ee9cc9566e7645f96b827f8663b2381e2e7f4,JG282487,Y,05/31/2023 03:30:00 PM,10,NO CONTROLS,NO CONTROLS,CLEAR,DAYLIGHT,PARKED MOTOR VEHICLE,PARKING LOT,,STRAIGHT AND LEVEL,DRY,NO DEFECTS,ON SCENE,NO INJURY / DRIVE AWAY,,Y,Y,$500 OR LESS,05/31/2023 03:44:00 PM,UNABLE TO DETERMINE,NOT APPLICABLE,3245,N,HALSTED ST,1925.0,,,,,,,2,NO INDICATION OF INJURY,0.0,0.0,0.0,0.0,0.0,1.0,0.0,15,4,5,41.941302752,-87.649162689,POINT (-87.649162688958 41.941302751995)
28bed41533211ae718ca0118f890bf0c4e04e2f998b8e8563b2ea90ec4250374a7d90df6b2ef6ea3157228044dd03aba54b7a5436dd5ab64964b2dba845aff6c,JC100655,,01/01/2019 03:15:00 AM,30,TRAFFIC SIGNAL,FUNCTIONING PROPERLY,CLEAR,"DARKNESS, LIGHTED ROAD",REAR END,DIVIDED - W/MEDIAN (NOT RAISED),4.0,STRAIGHT AND LEVEL,WET,NO DEFECTS,NOT ON SCENE (DESK REPORT),NO INJURY / DRIVE AWAY,,,,"OVER $1,500",01/01/2019 12:15:00 PM,FOLLOWING TOO CLOSELY,NOT APPLICABLE,1141,N,CICERO AVE,1111.0,,,,,,,2,NO INDICATION OF INJURY,0.0,0.0,0.0,0.0,0.0,4.0,0.0,3,3,1,41.9017378739,-87.7458129294,POINT (-87.74581292944 41.901737873852)
f740cd1a63ca557b110152e7085374c1899f72a5d65f2f29b76762b4e753b52ff4b8f138491e802d6260b6dfddabbd558bb026d0bdfb0c1511896a4143418e42,JB491704,,10/26/2018 11:20:00 PM,30,TRAFFIC SIGNAL,FUNCTIONING PROPERLY,RAIN,DARKNESS,REAR END,DIVIDED - W/MEDIAN BARRIER,4.0,STRAIGHT AND LEVEL,WET,NO DEFECTS,ON SCENE,INJURY AND / OR TOW DUE TO CRASH,,,,"OVER $1,500",10/26/2018 11:25:00 PM,UNABLE TO DETERMINE,UNABLE TO DETERMINE,3610,W,IRVING PARK RD,1723.0,,,,,,,3,NONINCAPACITATING INJURY,1.0,0.0,0.0,1.0,0.0,2.0,0.0,23,6,10,41.9538736259,-87.71832618,POINT (-87.718326179956 41.953873625891)
dbabc00ea576a52f1d96303c7968d7adcfbac2f637ee6fc6e02b90822bfe8e7af61edde08164290567f01a6e799d6d0471faaaea4ae943ca548a95595f225bd6,JB530312,,11/27/2018 08:05:00 AM,30,TRAFFIC SIGNAL,FUNCTIONING PROPERLY,SNOW,DAYLIGHT,ANGLE,DIVIDED - W/MEDIAN BARRIER,4.0,STRAIGHT AND LEVEL,WET,NO DEFECTS,ON SCENE,INJURY AND / OR TOW DUE TO CRASH,Y,,,"OVER $1,500",11/27/2018 08:14:00 AM,DISREGARDING TRAFFIC SIGNALS,UNABLE TO DETERMINE,3500,S,WESTERN BLVD,911.0,,,,,,,2,"REPORTED, NOT EVIDENT",1.0,0.0,0.0,0.0,1.0,1.0,0.0,8,3,11,41.8302367756,-87.6846047573,POINT (-87.684604757265 41.830236775648)
4ce008c160b237fe9d15d4caa4c51f3bd2db8ee29e8d7e449436b4f1d24b0e816f704a1ba302e42ee82cf571b734ca6cf0ed521c45df9c344a3cdc569bba44bf,JD325833,,08/09/2020 05:14:00 AM,30,TRAFFIC SIGNAL,FUNCTIONING PROPERLY,CLEAR,DAYLIGHT,REAR END,DIVIDED - W/MEDIAN (NOT RAISED),,STRAIGHT AND LEVEL,DRY,NO DEFECTS,ON SCENE,INJURY AND / OR TOW DUE TO CRASH,,,,"OVER $1,500",08/09/2020 05:14:00 AM,FAILING TO REDUCE SPEED TO AVOID CRASH,PHYSICAL CONDITION OF DRIVER,6454,S,WESTERN AVE,825.0,,,,,,,2,"REPORTED, NOT EVIDENT",1.0,0.0,0.0,0.0,1.0,2.0,0.0,5,1,8,41.7758015373,-87.6837001101,POINT (-87.683700110118 41.775801537307)
f7b2b37ca9ac70e9175af488c60a252d6914477e7faefe4ff3f4f8e83b5b22a4ae77c6f3d35fba06fec838ecd4530a3c39c676f23f2071c64f3038b4b15e9b1f,JC296855,,06/07/2019 08:30:00 PM,20,NO CONTROLS,NO CONTROLS,CLEAR,"DARKNESS, LIGHTED ROAD",PARKED MOTOR VEHICLE,NOT DIVIDED,,STRAIGHT AND LEVEL,DRY,NO DEFECTS,ON SCENE,NO INJURY / DRIVE AWAY,,,Y,"OVER $1,500",06/07/2019 08:31:00 PM,UNABLE TO DETERMINE,NOT APPLICABLE,2405,W,40TH ST,921.0,,,,,,,2,NO INDICATION OF INJURY,0.0,0.0,0.0,0.0,0.0,2.0,0.0,20,6,6,41.8209859503,-87.6850200167,POINT (-87.685020016709 41.820985950338)
ffca420239f6d03ab2ac410aac64ffb1f37031c603d4e951c4df36cc9f68760d1a401a23810726d8d408944d007f1c3479f8095efd58c498d3a35433caea735a,JC151883,,02/14/2019 08:00:00 AM,30,NO CONTROLS,NO CONTROLS,CLEAR,DAYLIGHT,REAR END,NOT DIVIDED,1.0,STRAIGHT AND LEVEL,ICE,NO DEFECTS,NOT ON SCENE (DESK REPORT),NO INJURY / DRIVE AWAY,,,,"OVER $1,500",02/14/2019 09:20:00 AM,FAILING TO REDUCE SPEED TO AVOID CRASH,IMPROPER BACKING,6020,W,CORNELIA AVE,1633.0,,,,,,,2,NO INDICATION OF INJURY,0.0,0.0,0.0,0.0,0.0,2.0,0.0,8,5,2,41.9440420601,-87.7773084193,POINT (-87.777308419332 41.944042060088)
205f0fdfc5533c1aa7f21c0ba4bc22cf41de10005e0a548c2a2a4959b3cdd5e9680b20b42f31770961b4fd939ce54636687c1f0713e350ed388fff63906baa96,HZ150628,,02/10/2016 05:30:00 PM,30,UNKNOWN,UNKNOWN,UNKNOWN,UNKNOWN,REAR END,NOT DIVIDED,0.0,STRAIGHT AND LEVEL,UNKNOWN,UNKNOWN,NOT ON SCENE (DESK REPORT),NO INJURY / DRIVE AWAY,Y,,,$500 OR LESS,02/13/2016 05:30:00 PM,UNABLE TO DETERMINE,UNABLE TO DETERMINE,800,N,HALSTED ST,1213.0,,,,,,,2,NO INDICATION OF INJURY,0.0,0.0,0.0,0.0,0.0,2.0,0.0,17,4,2,41.8964740178,-87.6478949927,POINT (-87.647894992663 41.896474017804)
c993125f23ba8788570574d58ed39d31dfdeff345e592916d8df7e4edfe3c863024c0e9e763a42a661ff21003da950dd9416923a213950bef3f26243c75413d2,HZ109285,,01/09/2016 02:00:00 AM,30,TRAFFIC SIGNAL,FUNCTIONING PROPERLY,CLEAR,"DARKNESS, LIGHTED ROAD",TURNING,NOT DIVIDED,2.0,STRAIGHT AND LEVEL,DRY,NO DEFECTS,NOT ON SCENE (DESK REPORT),NO INJURY / DRIVE AWAY,Y,,,"$501 - $1,500",01/09/2016 02:25:00 AM,FAILING TO YIELD RIGHT-OF-WAY,NOT APPLICABLE,2,N,CICERO AVE,1533.0,,,,,,,2,NO INDICATION OF INJURY,0.0,0.0,0.0,0.0,0.0,2.0,0.0,2,7,1,41.8805608804,-87.7454268433,POINT (-87.745426843318 41.880560880395)
3bdf8512b0ee19b79c0b2f86f305606fa2411e8a302eef089af9426b6f75bcbd598734638366e6f0b176d9b163f4d4ca09273cfceff965f4f5e6948a54bb6da1,JE421492,,10/25/2021 08:00:00 AM,30,TRAFFIC SIGNAL,FUNCTIONING PROPERLY,RAIN,DAYLIGHT,TURNING,FOUR WAY,,STRAIGHT AND LEVEL,WET,NO DEFECTS,NOT ON SCENE (DESK REPORT),NO INJURY / DRIVE AWAY,,,Y,"OVER $1,500",10/25/2021 09:15:00 AM,UNABLE TO DETERMINE,UNABLE TO DETERMINE,516,S,STATE ST,123.0,,,,,,,2,NO INDICATION OF INJURY,0.0,0.0,0.0,0.0,0.0,3.0,0.0,8,2,10,41.8753146616,-87.6277668492,POINT (-87.62776684925 41.875314661565)
f39da331968577e5266fb33e275260a6811f9094b2934fc0616b03fa93d78c37486b9e430d10e736f8ac70ad7a3952f15b7246dbddd5f580c513a1b06764425e,JE119791,,01/22/2021 08:25:00 AM,30,TRAFFIC SIGNAL,UNKNOWN,CLEAR,DAYLIGHT,ANGLE,FOUR WAY,,STRAIGHT AND LEVEL,DRY,NO DEFECTS,ON SCENE,INJURY AND / OR TOW DUE TO CRASH,Y,,,"OVER $1,500",01/22/2021 08:29:00 AM,UNABLE TO DETERMINE,UNABLE TO DETERMINE,6400,N,CENTRAL AVE,1621.0,,,,,,,2,NO INDICATION OF INJURY,0.0,0.0,0.0,0.0,0.0,2.0,0.0,8,6,1,41.9973887205,-87.7639215193,POINT (-87.76392151928 41.997388720503)
44ce77b7f1a64407679b6ee09ac4d7be22b632ae891eabef0adbd713e6519a44139e19d32934aca11fa10c30ef56a4d84795b8981ded5ee93679bfd6c8d9f61a,JF345507,,08/05/2022 03:18:00 PM,35,STOP SIGN/FLASHER,FUNCTIONING PROPERLY,CLEAR,DAYLIGHT,TURNING,NOT DIVIDED,,STRAIGHT AND LEVEL,DRY,NO DEFECTS,ON SCENE,INJURY AND / OR TOW DUE TO CRASH,Y,,,"OVER $1,500",08/05/2022 04:06:00 PM,UNABLE TO DETERMINE,NOT APPLICABLE,1234,W,CERMAK RD,1235.0,,Y,,,,,2,NONINCAPACITATING INJURY,3.0,0.0,0.0,1.0,2.0,0.0,0.0,15,6,8,41.8525824916,-87.6576381726,POINT (-87.657638172588 41.852582491642)