CRASH_RECORD_ID,RD_NO,CRASH_DATE_EST_I,CRASH_DATE,POSTED_SPEED_LIMIT,TRAFFIC_CONTROL_DEVICE,DEVICE_CONDITION,WEATHER_CONDITION,LIGHTING_CONDITION,FIRST_CRASH_TYPE,TRAFFICWAY_TYPE,LANE_CNT,ALIGNMENT,ROADWAY_SURFACE_COND,ROAD_DEFECT,REPORT_TYPE,CRASH_TYPE,INTERSECTION_RELATED_I,NOT_RIGHT_OF_WAY_I,HIT_AND_RUN_I,DAMAGE,DATE_POLICE_NOTIFIED,PRIM_CONTRIBUTORY_CAUSE,SEC_CONTRIBUTORY_CAUSE,STREET_NO,STREET_DIRECTION,STREET_NAME,BEAT_OF_OCCURRENCE,PHOTOS_TAKEN_I,STATEMENTS_TAKEN_I,DOORING_I,WORK_ZONE_I,WORK_ZONE_TYPE,WORKERS_PRESENT_I,NUM_UNITS,MOST_SEVERE_INJURY,INJURIES_TOTAL,INJURIES_FATAL,INJURIES_INCAPACITATING,INJURIES_NON_INCAPACITATING,INJURIES_REPORTED_NOT_EVIDENT,INJURIES_NO_INDICATION,INJURIES_UNKNOWN,CRASH_HOUR,CRASH_DAY_OF_WEEK,CRASH_MONTH,LATITUDE,LONGITUDE,LOCATION
26cc9d32d48fa78609b7a5ac93c966329215e251b23424eb92321b55b77a8f3bcb34fa88282bd2ea887db0b7368ea8faa6fb9ad0e97b50b2e6a8bb9b54290d3e,JA498578,,11/04/2017 11:15:00 AM,30,NO CONTROLS,NO CONTROLS,RAIN,DAYLIGHT,PARKED MOTOR VEHICLE,ONE-WAY,1.0,STRAIGHT AND LEVEL,WET,NO DEFECTS,NOT ON SCENE (DESK REPORT),NO INJURY / DRIVE AWAY,,,Y,"OVER $1,500",11/04/2017 11:15:00 AM,IMPROPER LANE USAGE,DRIVING SKILLS/KNOWLEDGE/EXPERIENCE,227,N,KOSTNER AVE,1114.0,,,,,,,2,NO INDICATION OF INJURY,0.0,0.0,0.0,0.0,0.0,1.0,0.0,11,7,11,41.8842226267,-87.7354433873,POINT (-87.735443387328 41.884222626724)
49024c2a16e84d90fd54e6b64f99046e6a98ff19b16347ea905c0e0f7b4635185c07eb63c0f9f039d5b3cdf91d501b8d8e08ebe39885a51c1b8baeccd4006911,JA370170,,07/30/2017 06:15:00 PM,30,NO CONTROLS,NO CONTROLS,CLEAR,DAYLIGHT,REAR END,DIVIDED - W/MEDIAN (NOT RAISED),,STRAIGHT AND LEVEL,DRY,NO DEFECTS,ON SCENE,NO INJURY / DRIVE AWAY,,,,$500 OR LESS,07/30/2017 06:25:00 PM,FOLLOWING TOO CLOSELY,UNABLE TO DETERMINE,4430,W,PETERSON AVE,1711.0,,,,,,,2,NO INDICATION OF INJURY,0.0,0.0,0.0,0.0,0.0,2.0,0.0,18,1,7,41.9901085598,-87.7396326444,POINT (-87.739632644443 41.990108559782)
28d54a3ccf8dc0e86e33d301f2bce4250f348e4487b97096f28b650176adcebde262dfde2affc1da6651d20f795762842b1911a0b189418a588cc8b1b8b9dc20,JF283872,,06/17/2022 06:57:00 PM,30,NO CONTROLS,NO CONTROLS,CLEAR,DAYLIGHT,REAR END,NOT DIVIDED,,STRAIGHT AND LEVEL,DRY,UNKNOWN,NOT ON SCENE (DESK REPORT),NO INJURY / DRIVE AWAY,,,,"OVER $1,500",06/17/2022 08:09:00 PM,UNABLE TO DETERMINE,NOT APPLICABLE,4432,S,ARCHER AVE,821.0,,,,,,,2,NO INDICATION OF INJURY,0.0,0.0,0.0,0.0,0.0,4.0,0.0,18,6,6,41.8128798026,-87.7064475466,POINT (-87.706447546565 41.812879802555)
423808c410d0ee4f15b74b5c28bd05b545d9693f201ecafbd02c99bc1ca8db7e7febecdc75c294c11b91eff4a86cf3c0db4cddfcf62faaaf4475908c259aba82,JE274656,Y,06/21/2021 05:30:00 PM,30,NO CONTROLS,NO CONTROLS,CLEAR,DAYLIGHT,PARKED MOTOR VEHICLE,NOT DIVIDED,,STRAIGHT AND LEVEL,DRY,NO DEFECTS,NOT ON SCENE (DESK REPORT),NO INJURY / DRIVE AWAY,,,Y,"$501 - $1,500",06/21/2021 06:10:00 PM,FOLLOWING TOO CLOSELY,NOT APPLICABLE,626,N,LATROBE AVE,1524.0,,,,,,,2,NO INDICATION OF INJURY,0.0,0.0,0.0,0.0,0.0,1.0,0.0,17,2,6,41.8920012845,-87.7568640213,POINT (-87.756864021251 41.892001284473)
8481dde35dd47ee7974ffb160af11f3ec937e5a0a835c1d13e06314405ba363ca85e35df00ec470794e9bc35dbd421aef07c5c3eca8aa45dcb0bdb45fef82a64,JB219217,,04/11/2018 07:00:00 AM,30,NO CONTROLS,NO CONTROLS,CLEAR,DAYLIGHT,SIDESWIPE SAME DIRECTION,DIVIDED - W/MEDIAN (NOT RAISED),4.0,STRAIGHT AND LEVEL,DRY,NO DEFECTS,ON SCENE,INJURY AND / OR TOW DUE TO CRASH,,,,"$501 - $1,500",04/11/2018 07:10:00 AM,IMPROPER LANE USAGE,FAILING TO YIELD RIGHT-OF-WAY,3839,W,FOSTER AVE,1712.0,,,,,,,2,NO INDICATION OF INJURY,0.0,0.0,0.0,0.0,0.0,2.0,0.0,7,4,4,41.9754568779,-87.7249064273,POINT (-87.724906427276 41.975456877885)
f60e84c811fdff6f6919172013dc8c6b0f5acd602175fc4b2a2026ebf8d5360783242b97c9b44a60cf4a632ecfcc6e167ab5f942eb8b77f7422b597f1fe22d1d,JC201541,,03/26/2019 03:30:00 PM,30,TRAFFIC SIGNAL,FUNCTIONING PROPERLY,CLEAR,DAYLIGHT,TURNING,DIVIDED - W/MEDIAN (NOT RAISED),2.0,STRAIGHT AND LEVEL,DRY,NO DEFECTS,NOT ON SCENE (DESK REPORT),NO INJURY / DRIVE AWAY,Y,,Y,$500 OR LESS,03/27/2019 01:20:00 PM,UNABLE TO DETERMINE,NOT APPLICABLE,1201,N,LARRABEE ST,1821.0,,,,,,,2,NO INDICATION OF INJURY,0.0,0.0,0.0,0.0,0.0,2.0,0.0,15,3,3,41.9037758108,-87.6430751912,POINT (-87.643075191188 41.903775810833)
44aa6245910f1cc0c77d53113f9a147058b84eb2c17c13b8273db4c0bc9a74c262e2d93c63c9d2c8fe6edc0651e276b1e619d6cefc3f6cacfabad0dcb7013085,JE215407,,04/30/2021 06:58:00 PM,30,TRAFFIC SIGNAL,FUNCTIONING PROPERLY,CLEAR,"DARKNESS, LIGHTED ROAD",ANGLE,FOUR WAY,,STRAIGHT AND LEVEL,DRY,NO DEFECTS,NOT ON SCENE (DESK REPORT),NO INJURY / DRIVE AWAY,,,,"$501 - $1,500",04/30/2021 07:38:00 PM,IMPROPER BACKING,NOT APPLICABLE,444,W,FULLERTON PKWY,1935.0,,,,,,,2,NO INDICATION OF INJURY,0.0,0.0,0.0,0.0,0.0,2.0,0.0,18,6,4,41.9256872635,-87.6409582396,POINT (-87.640958239588 41.925687263511)
574da0ea3727b012c0c34f4b9868edd434a10c8a1723a8b2f189f83c19ad0ad20f3de8396dd2b64b27ab773e6f6c25415d4b138dbb8c4fc9853157a6d0ef5474,JB368474,,07/28/2018 01:10:00 AM,30,NO CONTROLS,NO CONTROLS,CLEAR,"DARKNESS, LIGHTED ROAD",PARKED MOTOR VEHICLE,ONE-WAY,1.0,STRAIGHT AND LEVEL,DRY,NO DEFECTS,NOT ON SCENE (DESK REPORT),NO INJURY / DRIVE AWAY,,,,$500 OR LESS,07/28/2018 01:25:00 AM,IMPROPER BACKING,NOT APPLICABLE,6600,S,EVANS AVE,321.0,,,,,,,2,NO INDICATION OF INJURY,0.0,0.0,0.0,0.0,0.0,1.0,0.0,1,7,7,41.7748464249,-87.6072089622,POINT (-87.607208962186 41.774846424904)
47d788c67995d3f5c5fa9c80b18bfa20b844757732ef890f3589ed093a329eadd7c393545c2b7cbb0f17cd805a7b1f1325f60033a632d0a41d4df82dc10e966e,JE123538,,01/26/2021 08:10:00 AM,30,TRAFFIC SIGNAL,FUNCTIONING PROPERLY,SNOW,DAYLIGHT,REAR END,NOT DIVIDED,,STRAIGHT AND LEVEL,SNOW OR SLUSH,NO DEFECTS,ON SCENE,NO INJURY / DRIVE AWAY,Y,,Y,"OVER $1,500",01/26/2021 08:15:00 AM,FAILING TO REDUCE SPEED TO AVOID CRASH,NOT APPLICABLE,1501,S,CLARK ST,131.0,,,,,,,2,NO INDICATION OF INJURY,0.0,0.0,0.0,0.0,0.0,3.0,0.0,8,3,1,41.8618375905,-87.6301036174,POINT (-87.630103617434 41.861837590515)
019febde1501e1b7359db9c715eb5ef55e88a68d1047a1812f36861fac181226ee7334a5ffab26d8233775afcb5613033ad3a6533da55379c42c2bea7352523c,JD240950,,05/23/2020 11:56:00 PM,30,NO CONTROLS,NO CONTROLS,CLEAR,"DARKNESS, LIGHTED ROAD",PARKED MOTOR VEHICLE,ONE-WAY,,STRAIGHT AND LEVEL,WET,NO DEFECTS,ON SCENE,NO INJURY / DRIVE AWAY,,,Y,"OVER $1,500",05/23/2020 11:56:00 PM,UNABLE TO DETERMINE,NOT APPLICABLE,4505,S,LAMON AVE,814.0,,,,,,,2,NO INDICATION OF INJURY,0.0,0.0,0.0,0.0,0.0,1.0,0.0,23,7,5,41.8110402352,-87.7455494281,POINT (-87.745549428074 41.811040235178)
692f7e472b75aa8a5e20f1f9dd717d570e4d3809fb6b9f58db3f348f1ffb884b73fe6b78a69f336ce159739678515c394b848f586848e7b7dcdcc531dec38e9e,JB549967,,12/09/2018 04:00:00 AM,10,NO CONTROLS,NO CONTROLS,CLEAR,"DARKNESS, LIGHTED ROAD",REAR END,PARKING LOT,,STRAIGHT AND LEVEL,DRY,NO DEFECTS,NOT ON SCENE (DESK REPORT),NO INJURY / DRIVE AWAY,,,Y,$500 OR LESS,12/12/2018 10:35:00 AM,IMPROPER BACKING,NOT APPLICABLE,11100,S,HALSTED ST,2233.0,,,,,,,2,NO INDICATION OF INJURY,0.0,0.0,0.0,0.0,0.0,2.0,0.0,4,1,12,41.6922631234,-87.6425226876,POINT (-87.642522687627 41.692263123425)
8d4907ad0b649477a7d7370d445f9b0c78782e54066c301c025e445b53e3901e78f390193b40632e9cd18221929e9f0cefc328ed8b6ccc8d6d5a5e8060ec842d,JA313736,,06/17/2017 09:18:00 PM,40,NO CONTROLS,NO CONTROLS,RAIN,"DARKNESS, LIGHTED ROAD",SIDESWIPE SAME DIRECTION,DIVIDED - W/MEDIAN (NOT RAISED),4.0,STRAIGHT AND LEVEL,WET,NO DEFECTS,NOT ON SCENE (DESK REPORT),NO INJURY / DRIVE AWAY,,,,"OVER $1,500",06/19/2017 02:40:00 PM,IMPROPER OVERTAKING/PASSING,IMPROPER OVERTAKING/PASSING,2305,W,IRVING PARK RD,1921.0,,,,,,,2,NO INDICATION OF INJURY,0.0,0.0,0.0,0.0,0.0,4.0,0.0,21,7,6,41.9539356032,-87.6862665804,POINT (-87.686266580379 41.953935603155)
626f4a5e0af0d45bb0dd0bba4f77fcbd78b21af77ec5b826d834ffe2e971bdf2710914a9d2a61f2f0c593a00f290c1e8efe8eca8dad93705c4451ce5442f6381,JB534933,,11/30/2018 03:30:00 PM,30,TRAFFIC SIGNAL,FUNCTIONING PROPERLY,CLEAR,DAYLIGHT,REAR END,NOT DIVIDED,,STRAIGHT AND LEVEL,WET,NO DEFECTS,NOT ON SCENE (DESK REPORT),NO INJURY / DRIVE AWAY,,,,"OVER $1,500",11/30/2018 04:35:00 PM,FAILING TO YIELD RIGHT-OF-WAY,FAILING TO YIELD RIGHT-OF-WAY,5600,N,JERSEY AVE,1711.0,,,,,,,2,NO INDICATION OF INJURY,0.0,0.0,0.0,0.0,0.0,3.0,0.0,15,6,11,41.983109198,-87.7090288377,POINT (-87.709028837739 41.983109197962)
33bc5fee3611378127e0a549a4faf3cafbaa431df287f3748adb5fb97dee0d13a40cf8d93f105bce61a7abd2579cb122ff69e63aa7a46506868fa3cabfae6692,JB355077,,07/18/2018 12:30:00 PM,30,NO CONTROLS,NO CONTROLS,CLEAR,DAYLIGHT,TURNING,NOT DIVIDED,,STRAIGHT AND LEVEL,DRY,NO DEFECTS,NOT ON SCENE (DESK REPORT),NO INJURY / DRIVE AWAY,,,,"$501 - $1,500",07/18/2018 03:35:00 PM,UNABLE TO DETERMINE,NOT APPLICABLE,1601,N,WESTERN AVE,1434.0,,,,,,,2,NO INDICATION OF INJURY,0.0,0.0,0.0,0.0,0.0,3.0,0.0,12,4,7,41.9104138347,-87.687076441,POINT (-87.687076440999 41.910413834743)
4bb560b55a1f57f41253488e5d5fd85528e6de7267c13561d24992a4b217585229cfda943eda4fae51fa7b499ad780bd47c27153e2dda70458b7770d9d70eb8c,HY471038,,10/17/2015 10:15:00 PM,30,STOP SIGN/FLASHER,FUNCTIONING PROPERLY,CLEAR,"DARKNESS, LIGHTED ROAD",OTHER OBJECT,NOT DIVIDED,,STRAIGHT AND LEVEL,DRY,"RUT, HOLES",NOT ON SCENE (DESK REPORT),NO INJURY / DRIVE AWAY,Y,,,$500 OR LESS,10/21/2015 05:30:00 PM,NOT APPLICABLE,ROAD ENGINEERING/SURFACE/MARKING DEFECTS,6200,N,LAWNDALE AVE,1711.0,,,,,,,1,NO INDICATION OF INJURY,0.0,0.0,0.0,0.0,0.0,1.0,0.0,22,7,10,41.9938142989,-87.7215889563,POINT (-87.721588956306 41.993814298866)
467e5e6f66b729fe63c81b11d46dfa55b1c66739faa5c9ced8ea9ac3517c906a25203f30e1038a8727080e84d1fdf2d656cc7a8a3d3d8770fe78d5bb6f3cf400,HZ538853,,12/03/2016 05:30:00 PM,30,NO CONTROLS,NO CONTROLS,CLEAR,DUSK,REAR END,ONE-WAY,4.0,STRAIGHT AND LEVEL,DRY,NO DEFECTS,,NO INJURY / DRIVE AWAY,,,Y,"OVER $1,500",12/03/2016 06:33:00 PM,FOLLOWING TOO CLOSELY,FAILING TO REDUCE SPEED TO AVOID CRASH,1300,S,LAKE SHORE DR E,132.0,,,,,,,2,NO INDICATION OF INJURY,0.0,0.0,0.0,0.0,0.0,2.0,0.0,17,7,12,41.8657387746,-87.6193039219,POINT (-87.619303921929 41.865738774577)
1de548d1b9022ebea6b1ddc31b44455c70326ddd02a5b50fb714fd9de0cff996c9159cea8e482a46ee7032620125d8ac2d679440eccf75c0ed3008b035da1d65,JA395456,Y,08/17/2017 02:00:00 PM,30,NO CONTROLS,NO CONTROLS,CLEAR,DAYLIGHT,OTHER NONCOLLISION,NOT DIVIDED,2.0,STRAIGHT AND LEVEL,DRY,NO DEFECTS,NOT ON SCENE (DESK REPORT),NO INJURY / DRIVE AWAY,,,,$500 OR LESS,08/17/2017 05:40:00 PM,NOT APPLICABLE,NOT APPLICABLE,358,S,KEDZIE AVE,1134.0,,,,,,,1,NO INDICATION OF INJURY,0.0,0.0,0.0,0.0,0.0,1.0,0.0,14,5,8,41.8755279488,-87.7061171625,POINT (-87.706117162517 41.875527948818)
ca384cf9b2509c294eaf687da5a7b2c534a29b2d850e8eb19a61c0e6dbd09de2809b4200db6fe4557d7da5234666d2f4a9a9d4702467c8f260eccd1afb82c0de,JG268695,,05/21/2023 03:12:00 AM,30,UNKNOWN,UNKNOWN,CLEAR,"DARKNESS, LIGHTED ROAD",PARKED MOTOR VEHICLE,ONE-WAY,,STRAIGHT AND LEVEL,DRY,NO DEFECTS,ON SCENE,NO INJURY / DRIVE AWAY,,,Y,"OVER $1,500",05/21/2023 03:12:00 AM,NOT APPLICABLE,NOT APPLICABLE,1244,W,EDDY ST,1924.0,,,,,,,2,NO INDICATION OF INJURY,0.0,0.0,0.0,0.0,0.0,1.0,0.0,3,1,5,41.9463057974,-87.6609274464,POINT (-87.660927446406 41.946305797433)
b684528769f6b49f444a15d32242d5cdad24d69b7789ccd1f0318d593ccb7213ce3fd7a4efc3e4e64d82a38f956f460b6933fb635b541ef343d6d56f2be35503,JB539926,,12/04/2018 02:30:00 PM,30,NO CONTROLS,NO CONTROLS,CLEAR,DAYLIGHT,ANGLE,NOT DIVIDED,4.0,STRAIGHT AND LEVEL,DRY,NO DEFECTS,NOT ON SCENE (DESK REPORT),NO INJURY / DRIVE AWAY,,,,"OVER $1,500",12/04/2018 03:10:00 PM,FAILING TO YIELD RIGHT-OF-WAY,FAILING TO YIELD RIGHT-OF-WAY,1101,S,CANAL ST,124.0,,,,,,,2,NO INDICATION OF INJURY,0.0,0.0,0.0,0.0,0.0,2.0,0.0,14,3,12,41.8688897111,-87.6390989281,POINT (-87.639098928088 41.868889711112)
f67af4075e97283381900fd62b45e3a4c790a16e87605aa124284d301bd43d12f4553ae213a3c515be87c0d1f87f802e40eb99bdeae61f821aed1b64148ff6bb,JB294348,,06/05/2018 04:34:00 PM,30,NO CONTROLS,NO CONTROLS,CLOUDY/OVERCAST,DAYLIGHT,REAR END,DIVIDED - W/MEDIAN BARRIER,4.0,STRAIGHT AND LEVEL,DRY,NO DEFECTS,ON SCENE,NO INJURY / DRIVE AWAY,,,,"$501 - $1,500",06/05/2018 04:46:00 PM,IMPROPER OVERTAKING/PASSING,NOT APPLICABLE,11109,S,HALSTED ST,2233.0,,,,,,,2,NO INDICATION OF INJURY,0.0,0.0,0.0,0.0,0.0,2.0,0.0,16,3,6,41.6920412438,-87.642224318,POINT (-87.64222431795 41.692041243798)
882f4eff8c4ba584d7865a66131f1ec3d5854792fbc10d38dea2c937af25b384fa28f089c20a96b130f18bc33c86e0059dae6ff8dce91cd2f62f5d51b17a1b76,JB187034,,03/15/2018 04:35:00 PM,30,TRAFFIC SIGNAL,FUNCTIONING PROPERLY,CLEAR,DAYLIGHT,TURNING,DIVIDED - W/MEDIAN BARRIER,4.0,STRAIGHT AND LEVEL,DRY,NO DEFECTS,ON SCENE,NO INJURY / DRIVE AWAY,Y,,,"OVER $1,500",03/15/2018 05:03:00 PM,IMPROPER OVERTAKING/PASSING,IMPROPER OVERTAKING/PASSING,3800,W,79TH ST,833.0,,,,,,,2,NO INDICATION OF INJURY,0.0,0.0,0.0,0.0,0.0,2.0,0.0,16,5,3,41.749734118,-87.7182999078,POINT (-87.718299907752 41.749734118045)
36ce0382222ef83c97b4ae69ff06e651f41994b950a96625bcbe31e0e95c2ea92720ea4a5c81b7df60c197b78b776ed0f9b48d3a9d3a630be27d6e4ab24f1647,JE469731,,12/07/2021 11:25:00 PM,30,TRAFFIC SIGNAL,UNKNOWN,CLEAR,"DARKNESS, LIGHTED ROAD",REAR END,DIVIDED - W/MEDIAN (NOT RAISED),,STRAIGHT AND LEVEL,DRY,UNKNOWN,ON SCENE,NO INJURY / DRIVE AWAY,,,Y,"OVER $1,500",12/07/2021 11:25:00 PM,UNABLE TO DETERMINE,UNABLE TO DETERMINE,503,S,COLUMBUS DR,114.0,,,,,,,2,NO INDICATION OF INJURY,0.0,0.0,0.0,0.0,0.0,2.0,0.0,23,3,12,41.8756688065,-87.6204435806,POINT (-87.620443580614 41.87566880648)
3c7cb02d8bf6910977b8bbba4928f1012606103dbb63d1d90e97eeef8dec1ab20d4ce2e81a510c3998c0431c26cf93bd5c9778a5e6411692e93f9f99f2a9f43c,JF382182,,09/03/2022 09:15:00 PM,25,TRAFFIC SIGNAL,FUNCTIONING PROPERLY,CLEAR,"DARKNESS, LIGHTED ROAD",REAR END,NOT DIVIDED,,STRAIGHT AND LEVEL,DRY,NO DEFECTS,NOT ON SCENE (DESK REPORT),NO INJURY / DRIVE AWAY,,,Y,"$501 - $1,500",09/03/2022 10:25:00 PM,FOLLOWING TOO CLOSELY,UNABLE TO DETERMINE,3000,W,LAWRENCE AVE,1713.0,,,,,,,2,NO INDICATION OF INJURY,0.0,0.0,0.0,0.0,0.0,2.0,0.0,21,7,9,41.9686036923,-87.7036665856,POINT (-87.70366658556 41.968603692347)
970f8eb73d6f25dcdfa9fd030e86e052397c481630a98fd650cb7e564c00fe5b4a929325260ea0b12e57559b30b269bb3928f711ab2d5a29d17a7e59897af449,JB422036,,09/04/2018 04:05:00 PM,20,NO CONTROLS,NO CONTROLS,CLEAR,DAYLIGHT,SIDESWIPE SAME DIRECTION,NOT DIVIDED,,STRAIGHT ON HILLCREST,DRY,NO DEFECTS,ON SCENE,NO INJURY / DRIVE AWAY,,,Y,$500 OR LESS,09/04/2018 04:25:00 PM,IMPROPER OVERTAKING/PASSING,UNABLE TO DETERMINE,3401,W,107TH ST,2211.0,,,,,,,2,NO INDICATION OF INJURY,0.0,0.0,0.0,0.0,0.0,2.0,0.0,16,3,9,41.6986870272,-87.7060588368,POINT (-87.70605883682 41.698687027171)
49efabad95f6d40e37b1ddb318f2b0d36eca30a8e450989ff4e73420ae75a3251aed53a30e9472688b1ffa2388caf6445130da975586fed13f0fb2c95a4b30fe,JA227236,,04/16/2017 05:05:00 PM,30,NO CONTROLS,NO CONTROLS,CLEAR,DAYLIGHT,PARKED MOTOR VEHICLE,NOT DIVIDED,2.0,STRAIGHT AND LEVEL,DRY,NO DEFECTS,ON SCENE,NO INJURY / DRIVE AWAY,,,,$500 OR LESS,04/16/2017 05:05:00 PM,DISTRACTION - FROM OUTSIDE VEHICLE,UNABLE TO DETERMINE,7218,S,PAULINA ST,735.0,,,,,,,2,NO INDICATION OF INJURY,0.0,0.0,0.0,0.0,0.0,1.0,0.0,17,1,4,41.762461963,-87.6663268868,POINT (-87.666326886796 41.762461962987)
3c541ca589cb515cebc5e8ac38fccd5386ac66c3955e4ff50ee3d8cba5f6544ad36eac4021c46db3e53e1f5174ad00b7fd12b540a68757826d32493a924c5054,JD313496,,07/28/2020 06:00:00 PM,30,NO CONTROLS,NO CONTROLS,CLEAR,DAYLIGHT,PARKED MOTOR VEHICLE,NOT DIVIDED,,STRAIGHT AND LEVEL,DRY,NO DEFECTS,ON SCENE,NO INJURY / DRIVE AWAY,,,Y,"$501 - $1,500",07/28/2020 10:45:00 PM,UNABLE TO DETERMINE,UNABLE TO DETERMINE,3945,W,32ND ST,1031.0,,,,,,,2,NO INDICATION OF INJURY,0.0,0.0,0.0,0.0,0.0,1.0,0.0,18,3,7,41.8349669275,-87.7236505184,POINT (-87.723650518416 41.834966927529)
64686618d586225564c47489a8578aa1ec79ad01b4a7306356645d98af4bb7c2403da75a2fc09a7174aaccbced7f43cc52f2f93bedc0612f8ddb2fc38d228975,JB119717,,01/17/2018 05:33:00 PM,30,NO CONTROLS,NO CONTROLS,OTHER,"DARKNESS, LIGHTED ROAD",SIDESWIPE SAME DIRECTION,NOT DIVIDED,,STRAIGHT AND LEVEL,DRY,NO DEFECTS,NOT ON SCENE (DESK REPORT),NO INJURY / DRIVE AWAY,,,,"OVER $1,500",01/17/2018 06:40:00 PM,IMPROPER LANE USAGE,NOT APPLICABLE,459,W,DIVISION ST,1823.0,,,,,,,2,NO INDICATION OF INJURY,0.0,0.0,0.0,0.0,0.0,4.0,0.0,17,4,1,41.9036488171,-87.6404632193,POINT (-87.640463219277 41.903648817129)
c4b8a15566146ddb2be607a10256fe682eb0cf89926948d8321dc21ae75cebe0b2c65b85345983a9200808f9fb9fd1e89b7121580283f5a951b36f595a3b515a,JD201709,,04/04/2020 04:15:00 AM,30,NO CONTROLS,NO CONTROLS,RAIN,"DARKNESS, LIGHTED ROAD",SIDESWIPE SAME DIRECTION,ONE-WAY,,STRAIGHT AND LEVEL,WET,NO DEFECTS,,NO INJURY / DRIVE AWAY,,,Y,"OVER $1,500",04/04/2020 05:20:00 AM,DRIVING ON WRONG SIDE/WRONG WAY,IMPROPER LANE USAGE,2301,S,TROY ST,1033.0,,,,,,,2,NO INDICATION OF INJURY,0.0,0.0,0.0,0.0,0.0,6.0,0.0,4,7,4,41.8498810977,-87.7038239096,POINT (-87.703823909585 41.849881097672)
9381ef56ff2cc183f365a2e3f69e31e120073d60dc37ab5cd95d4ef1ff11e0d143de1e07ddcc7b12a9c865bd0a93aaee23a0053f3a9bf7caf628aa500fdd9566,JG292537,,06/07/2023 10:08:00 PM,30,TRAFFIC SIGNAL,FUNCTIONING PROPERLY,CLEAR,"DARKNESS, LIGHTED ROAD",SIDESWIPE SAME DIRECTION,FOUR WAY,,STRAIGHT AND LEVEL,DRY,NO DEFECTS,ON SCENE,INJURY AND / OR TOW DUE TO CRASH,Y,,,"OVER $1,500",06/07/2023 10:09:00 PM,UNABLE TO DETERMINE,UNABLE TO DETERMINE,3213,W,GRAND AVE,1121.0,,,,,,,2,"REPORTED, NOT EVIDENT",1.0,0.0,0.0,0.0,1.0,1.0,0.0,22,4,6,41.8984162737,-87.7072240266,POINT (-87.707224026636 41.898416273741)
a0ae72e73fd62a90f6659a1c7c9d1095b39d1dbcbfe745602f56300bcbf94d9e7184db8c6294681ba8810c7733a06f9d9c63f4e620c98ea6990e5883a4918503,JF425602,Y,10/07/2022 01:40:00 PM,25,NO CONTROLS,NO CONTROLS,CLEAR,DAYLIGHT,PARKED MOTOR VEHICLE,NOT DIVIDED,,STRAIGHT AND LEVEL,DRY,NO DEFECTS,NOT ON SCENE (DESK REPORT),NO INJURY / DRIVE AWAY,,,,"OVER $1,500",10/07/2022 01:52:00 PM,DRIVING SKILLS/KNOWLEDGE/EXPERIENCE,DRIVING SKILLS/KNOWLEDGE/EXPERIENCE,2636,W,15TH PL,1023.0,,,,,,,2,NO INDICATION OF INJURY,0.0,0.0,0.0,0.0,0.0,1.0,0.0,13,6,10,41.8602902473,-87.6922778655,POINT (-87.692277865464 41.860290247298)
0d22051556c6b0212890c3e829778a7d1fb689418d7d763f467f6e3a2d72854c7eb6595801daff4ef2821717f02dd8b6dea9d549857f802032d87433de4d99e2,JA523027,,11/23/2017 09:13:00 PM,30,TRAFFIC SIGNAL,FUNCTIONING PROPERLY,CLEAR,"DARKNESS, LIGHTED ROAD",ANGLE,NOT DIVIDED,6.0,STRAIGHT AND LEVEL,DRY,NO DEFECTS,ON SCENE,INJURY AND / OR TOW DUE TO CRASH,,,,"OVER $1,500",11/23/2017 09:17:00 PM,DISTRACTION - FROM OUTSIDE VEHICLE,NOT APPLICABLE,5459,S,HARLEM AVE,811.0,,,,,,,2,NO INDICATION OF INJURY,0.0,0.0,0.0,0.0,0.0,2.0,0.0,21,5,11,41.7921827634,-87.8013907883,POINT (-87.801390788313 41.792182763409)
d2a5cc5967f4102509b58ca203eae9a7034f93e38afb0feddd6c56f203dd33b0c4fb44968dec4b8d6942bff93133e8ec1e0c8ce34af6e5447a1c33b559e868be,JC108218,,01/07/2019 12:30:00 AM,30,TRAFFIC SIGNAL,FUNCTIONING PROPERLY,CLEAR,"DARKNESS, LIGHTED ROAD",SIDESWIPE SAME DIRECTION,NOT DIVIDED,,STRAIGHT AND LEVEL,DRY,NO DEFECTS,NOT ON SCENE (DESK REPORT),NO INJURY / DRIVE AWAY,,,,"OVER $1,500",01/07/2019 04:30:00 PM,FAILING TO YIELD RIGHT-OF-WAY,NOT APPLICABLE,2600,W,NORTH AVE,1421.0,,,,,,,2,NO INDICATION OF INJURY,0.0,0.0,0.0,0.0,0.0,2.0,0.0,0,2,1,41.9103746471,-87.6921730353,POINT (-87.692173035337 41.910374647129)
841370b132647290f43b13cecbfebf4e762a1a38b965c8f75da146ff86fbbdf2a8952266637ca9a157a3fafb419ca4a40a97eabd6f6a86dca08a8308c6f918ee,JG170644,,03/01/2023 12:00:00 PM,20,NO CONTROLS,NO CONTROLS,CLEAR,DAYLIGHT,REAR END,NOT DIVIDED,,STRAIGHT AND LEVEL,DRY,NO DEFECTS,NOT ON SCENE (DESK REPORT),NO INJURY / DRIVE AWAY,,,Y,"$501 - $1,500",03/01/2023 06:50:00 PM,UNABLE TO DETERMINE,NOT APPLICABLE,6300,S,EBERHART AVE,312.0,,,,,,,2,NO INDICATION OF INJURY,0.0,0.0,0.0,0.0,0.0,3.0,0.0,12,4,3,41.7801900322,-87.6133514147,POINT (-87.613351414698 41.780190032166)