CRASH_RECORD_ID,RD_NO,CRASH_DATE_EST_I,CRASH_DATE,POSTED_SPEED_LIMIT,TRAFFIC_CONTROL_DEVICE,DEVICE_CONDITION,WEATHER_CONDITION,LIGHTING_CONDITION,FIRST_CRASH_TYPE,TRAFFICWAY_TYPE,LANE_CNT,ALIGNMENT,ROADWAY_SURFACE_COND,ROAD_DEFECT,REPORT_TYPE,CRASH_TYPE,INTERSECTION_RELATED_I,NOT_RIGHT_OF_WAY_I,HIT_AND_RUN_I,DAMAGE,DATE_POLICE_NOTIFIED,PRIM_CONTRIBUTORY_CAUSE,SEC_CONTRIBUTORY_CAUSE,STREET_NO,STREET_DIRECTION,STREET_NAME,BEAT_OF_OCCURRENCE,PHOTOS_TAKEN_I,STATEMENTS_TAKEN_I,DOORING_I,WORK_ZONE_I,WORK_ZONE_TYPE,WORKERS_PRESENT_I,NUM_UNITS,MOST_SEVERE_INJURY,INJURIES_TOTAL,INJURIES_FATAL,INJURIES_INCAPACITATING,INJURIES_NON_INCAPACITATING,INJURIES_REPORTED_NOT_EVIDENT,INJURIES_NO_INDICATION,INJURIES_UNKNOWN,CRASH_HOUR,CRASH_DAY_OF_WEEK,CRASH_MONTH,LATITUDE,LONGITUDE,LOCATION
0431335aa88a2ceaf9100f6018001fc43e47231fdcc00d6685b13a6c052f9cc2c1b1d2659b557fb8c6050bf56d0f0dde0266f44a45754ad10c1d1d2d9dfb545a,JE137784,,02/10/2021 11:20:00 AM,30,TRAFFIC SIGNAL,FUNCTIONING PROPERLY,SNOW,DAYLIGHT,TURNING,NOT DIVIDED,,STRAIGHT AND LEVEL,SNOW OR SLUSH,NO DEFECTS,ON SCENE,INJURY AND / OR TOW DUE TO CRASH,Y,,,"OVER $1,500",02/10/2021 11:20:00 AM,DISREGARDING TRAFFIC SIGNALS,FAILING TO YIELD RIGHT-OF-WAY,2125,N,CENTRAL AVE,2515.0,,,,,,,2,"REPORTED, NOT EVIDENT",2.0,0.0,0.0,0.0,2.0,0.0,0.0,11,4,2,41.9188860815,-87.7652661602,POINT (-87.765266160193 41.918886081471)
8ceeeabadbcf2c9a14dcaa1b419dfb3220cfb133d39fe08c31b8e7076602a5c1497d9e8f70390e70ca782c670df75c326f4259d1598adbfe04200dda6cc3acbf,JD115943,,01/14/2020 06:28:00 PM,30,TRAFFIC SIGNAL,FUNCTIONING PROPERLY,CLEAR,"DARKNESS, LIGHTED ROAD",TURNING,FOUR WAY,,STRAIGHT AND LEVEL,DRY,UNKNOWN,NOT ON SCENE (DESK REPORT),NO INJURY / DRIVE AWAY,Y,,,"$501 - $1,500",01/14/2020 08:50:00 PM,FAILING TO YIELD RIGHT-OF-WAY,NOT APPLICABLE,2574,N,CLYBOURN AVE,1931.0,N,,,,,,2,NO INDICATION OF INJURY,0.0,0.0,0.0,0.0,0.0,2.0,0.0,18,3,1,41.9283672681,-87.67382063,POINT (-87.673820630048 41.928367268143)
9d11b0ad1698ab9ed2dd811b0742f00e54ee5326ea0b0139a8d3360bc0e7a8f7778b14584baffa694bd2c7f275fa44d77a519b9e2eba1518e6db62edc00a1fc3,JE305862,,07/18/2021 05:44:00 PM,30,STOP SIGN/FLASHER,FUNCTIONING PROPERLY,CLEAR,DAYLIGHT,PARKED MOTOR VEHICLE,NOT DIVIDED,,STRAIGHT AND LEVEL,DRY,NO DEFECTS,ON SCENE,NO INJURY / DRIVE AWAY,,,Y,"OVER $1,500",07/18/2021 05:48:00 PM,UNABLE TO DETERMINE,UNABLE TO DETERMINE,3549,N,KEELER AVE,1731.0,,,,,,,3,NO INDICATION OF INJURY,0.0,0.0,0.0,0.0,0.0,1.0,0.0,17,1,7,41.9462783957,-87.7320826992,POINT (-87.732082699162 41.946278395664)
35a5586d58c8250e3fbb145b9acc9ab24110b5513a1f44e2faaef614d0dd36b184cf62a7504dfee613704155ef741ad3a68f9217e9a7462dc70dc2ef0e8c1bd8,JB543647,,12/07/2018 12:00:00 PM,30,TRAFFIC SIGNAL,FUNCTIONING PROPERLY,CLEAR,DAYLIGHT,SIDESWIPE SAME DIRECTION,NOT DIVIDED,,STRAIGHT AND LEVEL,DRY,NO DEFECTS,ON SCENE,NO INJURY / DRIVE AWAY,,,Y,"$501 - $1,500",12/07/2018 12:20:00 PM,IMPROPER LANE USAGE,FAILING TO YIELD RIGHT-OF-WAY,536,N,WABASH AVE,1834.0,,,,,,,2,NO INDICATION OF INJURY,0.0,0.0,0.0,0.0,0.0,2.0,0.0,12,6,12,41.8919424283,-87.6268760442,POINT (-87.626876044186 41.89194242835)
3c818393d30f9a52b4078eab646b70d6464b49446960027874cdeba51d0b04ac272b2c6729b57051248b10e6182c192fbf2a1e1c31fe0cdbab544d1b688f3fd9,JE246354,,05/28/2021 11:00:00 PM,30,TRAFFIC SIGNAL,FUNCTIONING PROPERLY,CLEAR,"DARKNESS, LIGHTED ROAD",TURNING,FOUR WAY,,STRAIGHT AND LEVEL,DRY,UNKNOWN,ON SCENE,NO INJURY / DRIVE AWAY,Y,,,"OVER $1,500",05/28/2021 11:06:00 PM,IMPROPER LANE USAGE,NOT APPLICABLE,5959,N,CICERO AVE,1711.0,,,,,,,2,NO INDICATION OF INJURY,0.0,0.0,0.0,0.0,0.0,2.0,0.0,23,6,5,41.9898415584,-87.748178877,POINT (-87.748178877035 41.989841558424)
d6534b889b08db40489ef477dd91b3f8d5e7a202fd2bb8f96141161417e548b29e3e7722e133fb2a1f97515603e891e730a1723af5ff93438d8e88da3f04c46a,JB337646,,07/06/2018 09:25:00 AM,35,STOP SIGN/FLASHER,FUNCTIONING PROPERLY,CLEAR,DAYLIGHT,ANGLE,DIVIDED - W/MEDIAN (NOT RAISED),4.0,STRAIGHT AND LEVEL,DRY,NO DEFECTS,ON SCENE,NO INJURY / DRIVE AWAY,,,,"OVER $1,500",07/06/2018 09:28:00 AM,FAILING TO YIELD RIGHT-OF-WAY,NOT APPLICABLE,1512,N,ASHLAND AVE,1433.0,,,,,,,2,NO INDICATION OF INJURY,0.0,0.0,0.0,0.0,0.0,3.0,0.0,9,6,7,41.909147707,-87.6677960578,POINT (-87.667796057783 41.909147707019)
8bc7e86c22446e425575b59713f223993d93545b4eb54932052de1483ef2142966ffe8c91a9652a9fd877870f5ce8364c5753d77f02559ff9ab5155bec715e9f,JE285395,,06/29/2021 03:15:00 PM,30,NO CONTROLS,NO CONTROLS,UNKNOWN,UNKNOWN,PARKED MOTOR VEHICLE,ONE-WAY,,STRAIGHT AND LEVEL,UNKNOWN,UNKNOWN,NOT ON SCENE (DESK REPORT),NO INJURY / DRIVE AWAY,,,Y,"OVER $1,500",06/30/2021 09:00:00 PM,UNABLE TO DETERMINE,UNABLE TO DETERMINE,6007,S,MICHIGAN AVE,311.0,,,,,,,2,NO INDICATION OF INJURY,0.0,0.0,0.0,0.0,0.0,1.0,0.0,15,3,6,41.7853249038,-87.6220784077,POINT (-87.62207840768 41.785324903844)
19b5283d9865d26b066c26c51d342e38ccdb74a4c15f0810af7a9abfe0c025e1e278f5f850dfa4e60c430b5e6c50083916cdff9ec6b742e89bead7d8bd8a0b16,JB170832,,03/02/2018 07:30:00 AM,5,NO CONTROLS,NO CONTROLS,CLEAR,DAYLIGHT,FIXED OBJECT,PARKING LOT,1.0,STRAIGHT AND LEVEL,DRY,NO DEFECTS,NOT ON SCENE (DESK REPORT),NO INJURY / DRIVE AWAY,,,,"$501 - $1,500",03/02/2018 11:30:00 AM,UNABLE TO DETERMINE,UNABLE TO DETERMINE,4228,W,35TH PL,1031.0,,,,,,,2,NO INDICATION OF INJURY,0.0,0.0,0.0,0.0,0.0,2.0,0.0,7,6,3,41.8308372567,-87.7302942546,POINT (-87.730294254622 41.830837256723)
53df75c16a9d8397f96963211d54f866da521ba04832827754ab30e9fd75c523fbe6d1f2f05e8498aef8ee37bce7042be9e82a035a31c8c4b2b220fcaaa96938,JE202472,,04/17/2021 08:30:00 PM,30,NO CONTROLS,NO CONTROLS,CLEAR,"DARKNESS, LIGHTED ROAD",REAR END,NOT DIVIDED,,STRAIGHT AND LEVEL,DRY,NO DEFECTS,NOT ON SCENE (DESK REPORT),NO INJURY / DRIVE AWAY,,,,"OVER $1,500",04/17/2021 08:30:00 PM,FOLLOWING TOO CLOSELY,UNABLE TO DETERMINE,5613,W,IRVING PARK RD,1633.0,,,,,,,2,NO INDICATION OF INJURY,0.0,0.0,0.0,0.0,0.0,2.0,0.0,20,7,4,41.9530650033,-87.7675319341,POINT (-87.767531934114 41.95306500331)
76564152e251a16936894bb5fc7d54146945b10e75321159ef3a381563df85c712c9d52828bb21c8bff3b828e5695fb0646a7f18053083421b19a18ad6762036,JF503730,,12/09/2022 09:40:00 AM,30,NO CONTROLS,NO CONTROLS,RAIN,DAYLIGHT,REAR TO FRONT,PARKING LOT,,STRAIGHT AND LEVEL,WET,NO DEFECTS,ON SCENE,INJURY AND / OR TOW DUE TO CRASH,,,,"OVER $1,500",12/09/2022 09:50:00 AM,UNABLE TO DETERMINE,UNABLE TO DETERMINE,2744,N,CALIFORNIA AVE,1411.0,,,,,,,2,INCAPACITATING INJURY,1.0,0.0,1.0,0.0,0.0,2.0,0.0,9,6,12,41.931607951,-87.697755776,POINT (-87.697755776035 41.931607951049)
bc0b700e9088db7ecdf84731b25affe815f9d3f6fdfc0feb2d87087ff6830f1b60186aab864c8582aeb913d55a94fbc4a2f95e0b1696d5c242f613d085004d5a,HZ487317,Y,10/24/2016 03:30:00 PM,30,NO CONTROLS,NO CONTROLS,CLEAR,DAYLIGHT,REAR END,DIVIDED - W/MEDIAN (NOT RAISED),4.0,STRAIGHT AND LEVEL,DRY,NO DEFECTS,NOT ON SCENE (DESK REPORT),NO INJURY / DRIVE AWAY,,,,"OVER $1,500",10/24/2016 04:10:00 PM,UNABLE TO DETERMINE,UNABLE TO DETERMINE,4131,W,CERMAK RD,1013.0,,,,,,,3,NO INDICATION OF INJURY,0.0,0.0,0.0,0.0,0.0,4.0,0.0,15,2,10,41.8513816742,-87.7283900938,POINT (-87.728390093792 41.851381674187)
0f551b7f321c61abdbf40be44b1df83c67bc1b20d63ccf190330328f5326f6efd35ae4a9986f92fafd72492fa78702e2eba529f732b53ad635b216c98caecb7f,JE445881,,11/15/2021 11:10:00 AM,30,NO CONTROLS,NO CONTROLS,CLEAR,DAYLIGHT,FIXED OBJECT,ALLEY,,STRAIGHT AND LEVEL,DRY,NO DEFECTS,ON SCENE,NO INJURY / DRIVE AWAY,Y,Y,,$500 OR LESS,11/15/2021 11:15:00 AM,UNABLE TO DETERMINE,NOT APPLICABLE,1142,N,CAMPBELL AVE,1211.0,,,,,,,1,NO INDICATION OF INJURY,0.0,0.0,0.0,0.0,0.0,1.0,0.0,11,2,11,41.9024134882,-87.6896211915,POINT (-87.689621191541 41.902413488235)
68884e7607d1e5d4d150036405554003b8c4c149a25d5116d0e2a88c8a2fcc37b960954d12975b1aa536d0472225306719297ea3b6fe4d8bdbed7a89fcd8ac08,JD462037,,12/17/2020 07:55:00 PM,30,NO CONTROLS,NO CONTROLS,CLEAR,"DARKNESS, LIGHTED ROAD",TURNING,DIVIDED - W/MEDIAN (NOT RAISED),,STRAIGHT AND LEVEL,DRY,NO DEFECTS,NOT ON SCENE (DESK REPORT),NO INJURY / DRIVE AWAY,,,,"OVER $1,500",12/17/2020 08:41:00 PM,IMPROPER TURNING/NO SIGNAL,NOT APPLICABLE,259,W,NORTH AVE,1821.0,,,,,,,2,NO INDICATION OF INJURY,0.0,0.0,0.0,0.0,0.0,2.0,0.0,19,5,12,41.9110330506,-87.6366120409,POINT (-87.636612040899 41.911033050633)
fc44bfa254a08bec46e5aabc173f236a14c45ee480ebe2b3a03628c5e4a1a289b1b8219a380b350a79c2baaafa2f14de3a972bb5d2245132577ca26779780d0b,JB476096,,10/15/2018 07:40:00 AM,35,NO CONTROLS,NO CONTROLS,CLEAR,DAYLIGHT,REAR END,NOT DIVIDED,,STRAIGHT AND LEVEL,DRY,NO DEFECTS,NOT ON SCENE (DESK REPORT),NO INJURY / DRIVE AWAY,,,,"OVER $1,500",10/15/2018 09:15:00 AM,UNABLE TO DETERMINE,UNABLE TO DETERMINE,2011,S,LAFLIN ST,1235.0,,,,,,,2,NO INDICATION OF INJURY,0.0,0.0,0.0,0.0,0.0,2.0,0.0,7,2,10,41.8547387365,-87.6635375344,POINT (-87.663537534426 41.854738736519)
c332fb594e60fb3dafb3f2001ba4989d0effdd405325926638bf00812452e1e1a9759de9762dee1c687bfc6d3d677cc8d55be851f52cb4ff20b7cd8942ba6e4d,JD345026,,08/25/2020 05:40:00 PM,25,DELINEATORS,FUNCTIONING PROPERLY,CLEAR,DAYLIGHT,REAR END,DIVIDED - W/MEDIAN (NOT RAISED),,STRAIGHT AND LEVEL,DRY,NO DEFECTS,NOT ON SCENE (DESK REPORT),NO INJURY / DRIVE AWAY,,,,$500 OR LESS,08/25/2020 06:30:00 PM,FOLLOWING TOO CLOSELY,FOLLOWING TOO CLOSELY,2451,W,TOUHY AVE,2411.0,,,,,,,2,NO INDICATION OF INJURY,0.0,0.0,0.0,0.0,0.0,3.0,0.0,17,3,8,42.0121283864,-87.6922023259,POINT (-87.692202325901 42.012128386362)
659a2d4aee308177bfc1a00c423697dce376ad57f579119015112d672cc7a64d7006e3ee823130fbc30405a1103d5a2931802280718bc9ecf4aeb6e8c12ed948,JG286446,,06/03/2023 12:16:00 PM,25,TRAFFIC SIGNAL,FUNCTIONING PROPERLY,CLEAR,DAYLIGHT,ANGLE,FOUR WAY,,STRAIGHT AND LEVEL,DRY,UNKNOWN,ON SCENE,INJURY AND / OR TOW DUE TO CRASH,Y,,,"OVER $1,500",06/03/2023 12:16:00 PM,DISREGARDING TRAFFIC SIGNALS,UNABLE TO DETERMINE,7047,N,ASHLAND BLVD,2423.0,,,,,,,2,NONINCAPACITATING INJURY,2.0,0.0,0.0,2.0,0.0,1.0,0.0,12,7,6,42.01045998,-87.6699736571,POINT (-87.669973657114 42.01045998004)
d65ea43ab4290ba2503960ef286b9c1c59725b7a904db963572826169c3bd98abd94a505fbd6b535e026923ec0a7ee05a1972884a9f2e74e2d2a35fc70b56038,HZ352493,,07/17/2016 01:02:00 AM,30,TRAFFIC SIGNAL,FUNCTIONING PROPERLY,CLEAR,DARKNESS,REAR END,NOT DIVIDED,4.0,STRAIGHT AND LEVEL,DRY,NO DEFECTS,NOT ON SCENE (DESK REPORT),NO INJURY / DRIVE AWAY,,,,"$501 - $1,500",07/17/2016 11:08:00 AM,UNABLE TO DETERMINE,NOT APPLICABLE,207,W,79TH ST,623.0,,,,,,,2,NO INDICATION OF INJURY,0.0,0.0,0.0,0.0,0.0,2.0,0.0,1,1,7,41.750749996,-87.6297922443,POINT (-87.629792244319 41.750749995985)
cd7d26b99d7f2309431bebd8d2ee440e46423906be8a4ae63f3bb99884fab493d541e53343c98ea753ec5dd0add8d49d0cd9bb8e461a1a7bee2209565bba1e4d,JA308560,,06/15/2017 06:00:00 PM,30,NO CONTROLS,NO CONTROLS,CLEAR,DAYLIGHT,SIDESWIPE SAME DIRECTION,NOT DIVIDED,,STRAIGHT AND LEVEL,DRY,NO DEFECTS,NOT ON SCENE (DESK REPORT),NO INJURY / DRIVE AWAY,,,Y,$500 OR LESS,06/15/2017 07:45:00 PM,"OPERATING VEHICLE IN ERRATIC, RECKLESS, CARELESS, NEGLIGENT OR AGGRESSIVE MANNER",IMPROPER OVERTAKING/PASSING,2198,W,IRVING PARK RD,1911.0,,,,,,,2,NO INDICATION OF INJURY,0.0,0.0,0.0,0.0,0.0,3.0,0.0,18,5,6,41.9541953828,-87.6835538515,POINT (-87.683553851497 41.954195382843)
2e1b7b85f180191dcd0de6b35c2cf23eb0cdaddfbf680e576f6aa40fd8cd63725e024fe5c6457cada6eb051a07041878e94f9efbf03fd272db45d8f0f187f82e,JB508079,,11/08/2018 07:45:00 AM,25,TRAFFIC SIGNAL,UNKNOWN,CLEAR,DAYLIGHT,REAR END,DIVIDED - W/MEDIAN (NOT RAISED),2.0,STRAIGHT AND LEVEL,DRY,NO DEFECTS,ON SCENE,INJURY AND / OR TOW DUE TO CRASH,,,Y,$500 OR LESS,11/08/2018 08:31:00 AM,UNABLE TO DETERMINE,UNABLE TO DETERMINE,1801,W,LAWRENCE AVE,1912.0,,,,,,,2,"REPORTED, NOT EVIDENT",1.0,0.0,0.0,0.0,1.0,1.0,0.0,7,5,11,41.968704058,-87.6748180301,POINT (-87.674818030072 41.96870405799)
25f0ab32710f8997430c2f50a9aa3cd982322cd611e54c4521c042edd0fe5c9fae65719d78791b326174e1cb5f319f5536f5c445711145645f1fd2eb3d3e0990,JE282168,,06/26/2021 01:00:00 PM,30,NO CONTROLS,NO CONTROLS,CLEAR,DAYLIGHT,TURNING,NOT DIVIDED,,STRAIGHT AND LEVEL,WET,OTHER,NOT ON SCENE (DESK REPORT),NO INJURY / DRIVE AWAY,,,Y,"OVER $1,500",06/28/2021 09:38:00 AM,IMPROPER TURNING/NO SIGNAL,NOT APPLICABLE,319,N,WESTERN AVE,1223.0,,,,,,,2,NO INDICATION OF INJURY,0.0,0.0,0.0,0.0,0.0,2.0,0.0,13,7,6,41.88724997,-87.6864419654,POINT (-87.686441965368 41.887249970042)
5841f19a7e4fba984d02b7f1abeb0f138fc7bdb46d511b7b8f97d81387bbd55b25824b478cd31d7e155ba19a604a850bc58626406ab411427ea926092bba36a5,JC139467,,02/04/2019 07:50:00 AM,30,NO CONTROLS,NO CONTROLS,CLOUDY/OVERCAST,DAWN,PARKED MOTOR VEHICLE,NOT DIVIDED,,STRAIGHT AND LEVEL,WET,NO DEFECTS,ON SCENE,INJURY AND / OR TOW DUE TO CRASH,,,,"OVER $1,500",02/04/2019 07:55:00 AM,PHYSICAL CONDITION OF DRIVER,"OPERATING VEHICLE IN ERRATIC, RECKLESS, CARELESS, NEGLIGENT OR AGGRESSIVE MANNER",922,N,HOMAN AVE,1121.0,,,,,,,3,NO INDICATION OF INJURY,0.0,0.0,0.0,0.0,0.0,1.0,0.0,7,2,2,41.8979439127,-87.7116613847,POINT (-87.711661384741 41.897943912705)
676f69b911fae68079fe479b176c5a59567a759e1db0763fb05e92cd4ccd2d654a27347c80e3326bc084b55a7aa8c8734cbe5054918da3a2e4e693e05c0c01ba,JC447414,,09/25/2019 04:10:00 AM,30,NO CONTROLS,NO CONTROLS,CLEAR,"DARKNESS, LIGHTED ROAD",PARKED MOTOR VEHICLE,ONE-WAY,,STRAIGHT AND LEVEL,DRY,NO DEFECTS,ON SCENE,NO INJURY / DRIVE AWAY,,,,"$501 - $1,500",09/25/2019 04:18:00 AM,UNABLE TO DETERMINE,UNABLE TO DETERMINE,3750,S,UNION AVE,915.0,,,,,,,4,NO INDICATION OF INJURY,0.0,0.0,0.0,0.0,0.0,1.0,0.0,4,4,9,41.8256287749,-87.6436888713,POINT (-87.64368887135 41.825628774936)
788f5bd21e2ca48c3fd5e7b362e42ddeec72b27b34313c3c5c80e4641076eaef7b0cbc47e280f53f1522e677477da15d407a9b579b47c9c59d2867c4481cbfd2,JA449819,,09/28/2017 08:30:00 AM,35,NO CONTROLS,NO CONTROLS,CLEAR,DAYLIGHT,REAR END,DIVIDED - W/MEDIAN (NOT RAISED),,STRAIGHT AND LEVEL,DRY,UNKNOWN,ON SCENE,NO INJURY / DRIVE AWAY,,,,$500 OR LESS,09/28/2017 08:40:00 AM,UNABLE TO DETERMINE,UNABLE TO DETERMINE,4801,S,CICERO AVE,815.0,,,,,,,2,NO INDICATION OF INJURY,0.0,0.0,0.0,0.0,0.0,2.0,0.0,8,5,9,41.8057097755,-87.7429586308,POINT (-87.742958630818 41.805709775504)
46058f300587cb03a3f0c35cfd958f3a22189cd2ae60f724f911d1277d9b553bcbfad978c509d7fc0e86ace0f851c3575caee228fa4d1431f77f09658691b3cd,JB438813,,09/17/2018 08:50:00 AM,30,STOP SIGN/FLASHER,FUNCTIONING PROPERLY,CLEAR,DAYLIGHT,TURNING,DIVIDED - W/MEDIAN (NOT RAISED),4.0,STRAIGHT AND LEVEL,DRY,NO DEFECTS,ON SCENE,NO INJURY / DRIVE AWAY,Y,,,"$501 - $1,500",09/17/2018 08:50:00 AM,FAILING TO YIELD RIGHT-OF-WAY,IMPROPER OVERTAKING/PASSING,4900,N,ASHLAND AVE,2032.0,,,,,,,2,NO INDICATION OF INJURY,0.0,0.0,0.0,0.0,0.0,2.0,0.0,8,2,9,41.9718832537,-87.6696684777,POINT (-87.66966847772 41.971883253741)
a68d74ed7560ffb3da96471b959ae364d6398be06de4340740a8ce6c685c953f5cc74031c0ee0fea17413b5af656bb8c2a2ee87c6ac1b0cbe137429cb03cf141,JD151711,,02/14/2020 03:20:00 PM,30,NO CONTROLS,NO CONTROLS,CLEAR,DAYLIGHT,REAR END,NOT DIVIDED,,STRAIGHT AND LEVEL,DRY,NO DEFECTS,NOT ON SCENE (DESK REPORT),NO INJURY / DRIVE AWAY,,,,"OVER $1,500",02/14/2020 03:40:00 PM,IMPROPER OVERTAKING/PASSING,NOT APPLICABLE,2815,W,ARMITAGE AVE,1421.0,,,,,,,2,NO INDICATION OF INJURY,0.0,0.0,0.0,0.0,0.0,2.0,0.0,15,6,2,41.91737388,-87.6978415085,POINT (-87.6978415085 41.917373880004)
b13aff7d7bf8a8e3b9c2590af72adea36e5508112f3ef64810483093c973fddbfc4507e5393fddb3340dea5170c115f2efe78de46cc752a1951c673d91f56044,HZ425156,,09/08/2016 07:55:00 AM,30,TRAFFIC SIGNAL,FUNCTIONING PROPERLY,CLEAR,DAYLIGHT,SIDESWIPE SAME DIRECTION,DIVIDED - W/MEDIAN (NOT RAISED),3.0,STRAIGHT AND LEVEL,WET,NO DEFECTS,NOT ON SCENE (DESK REPORT),NO INJURY / DRIVE AWAY,,,,$500 OR LESS,09/08/2016 08:10:00 AM,UNABLE TO DETERMINE,UNABLE TO DETERMINE,1800,W,ROOSEVELT RD,1231.0,,,,,,,2,NO INDICATION OF INJURY,0.0,0.0,0.0,0.0,0.0,2.0,0.0,7,5,9,41.8669317531,-87.6714711072,POINT (-87.671471107231 41.86693175309)
b3eed2f79bbb23cf759dfa439b337514a294e67905c9e505286734109ffd6088952a714d0b609d80cd8c54fb15e73875bf450352e08e78e38be17add3ca610f5,JD419697,,11/03/2020 02:45:00 PM,30,UNKNOWN,NO CONTROLS,CLEAR,DAYLIGHT,PARKED MOTOR VEHICLE,UNKNOWN,,STRAIGHT AND LEVEL,DRY,NO DEFECTS,NOT ON SCENE (DESK REPORT),NO INJURY / DRIVE AWAY,,,Y,"OVER $1,500",11/03/2020 04:00:00 PM,UNABLE TO DETERMINE,UNABLE TO DETERMINE,47,W,44TH ST,215.0,,,,,,,2,NO INDICATION OF INJURY,0.0,0.0,0.0,0.0,0.0,1.0,0.0,14,3,11,41.8145467679,-87.6278850412,POINT (-87.627885041157 41.81454676794)
5526a4009f96cf49b607eed87ab770599919c08bd03e3b164f738c9318cd54fffb1e3ce1d13a29a5fc5ccf3d86106ea37ece3056b98b88fcfe96db31603ec9b7,JD266343,,06/16/2020 07:45:00 PM,30,NO CONTROLS,NO CONTROLS,CLEAR,DAYLIGHT,FIXED OBJECT,NOT DIVIDED,,STRAIGHT AND LEVEL,DRY,NO DEFECTS,,INJURY AND / OR TOW DUE TO CRASH,,Y,,"OVER $1,500",06/16/2020 07:45:00 PM,DRIVING SKILLS/KNOWLEDGE/EXPERIENCE,NOT APPLICABLE,1511,W,115TH ST,524.0,,,,,,,2,NO INDICATION OF INJURY,0.0,0.0,0.0,0.0,0.0,2.0,0.0,19,3,6,41.6847377478,-87.6596148456,POINT (-87.659614845612 41.684737747774)
4c6dd6f04a359a444f0892489640a4f175e181b5338dfb360839174ba25558ca228e80cd92ddcf0db56a3cf696e69734ba8fded0cc8a83e1928aa26dae780940,JA150004,,02/11/2017 01:30:00 PM,30,NO CONTROLS,NO CONTROLS,RAIN,DAYLIGHT,REAR END,NOT DIVIDED,2.0,STRAIGHT AND LEVEL,DRY,NO DEFECTS,NOT ON SCENE (DESK REPORT),NO INJURY / DRIVE AWAY,,,,$500 OR LESS,02/11/2017 02:20:00 PM,UNABLE TO DETERMINE,UNABLE TO DETERMINE,3031,W,ARMITAGE AVE,1421.0,,,,,,,2,NO INDICATION OF INJURY,0.0,0.0,0.0,0.0,0.0,3.0,0.0,13,7,2,41.9173196499,-87.7037235737,POINT (-87.703723573726 41.917319649859)
c18cbd911da6904ce90371c556a8f2363dd0ccaff28558e12fda6a9a0c429a1600c6f11c1f9ccdcae20d0ae3a839b962f02134f746addabc3c06972b38132d1a,JF357090,,08/15/2022 04:00:00 AM,30,NO CONTROLS,NO CONTROLS,CLEAR,"DARKNESS, LIGHTED ROAD",PARKED MOTOR VEHICLE,DIVIDED - W/MEDIAN (NOT RAISED),,STRAIGHT AND LEVEL,DRY,NO DEFECTS,ON SCENE,INJURY AND / OR TOW DUE TO CRASH,,,,"OVER $1,500",08/15/2022 04:07:00 AM,CELL PHONE USE OTHER THAN TEXTING,NOT APPLICABLE,3662,S,ARCHER AVE,912.0,,,,,,,2,NO INDICATION OF INJURY,0.0,0.0,0.0,0.0,0.0,1.0,0.0,4,2,8,41.8272897656,-87.6829302254,POINT (-87.68293022542 41.827289765632)
d494c176b78d46d4fabfb12219f9fb4922cbe63bba5e025c2615c7d55d859152fb5d94564c8b945f2f4935ff252d6501c0c3dc68a175e49568050ca1970404b0,JC284240,,05/30/2019 04:20:00 AM,30,NO CONTROLS,NO CONTROLS,RAIN,DARKNESS,PARKED MOTOR VEHICLE,NOT DIVIDED,,STRAIGHT AND LEVEL,WET,UNKNOWN,ON SCENE,INJURY AND / OR TOW DUE TO CRASH,,,,"OVER $1,500",05/30/2019 05:40:00 AM,PHYSICAL CONDITION OF DRIVER,DRIVING SKILLS/KNOWLEDGE/EXPERIENCE,6506,W,BELMONT AVE,1632.0,,Y,,,,,2,NO INDICATION OF INJURY,0.0,0.0,0.0,0.0,0.0,2.0,0.0,4,5,5,41.9383836919,-87.7887923609,POINT (-87.788792360863 41.938383691877)
49f0ad29221c48967e1865d4ede96baff45461d43d2265667c71c2bf3f3d67bd05d48e41f5d06d7674025ca9da734813673e381164f88826145fd5ee0666b847,JF312903,,07/11/2022 01:45:00 AM,30,NO CONTROLS,NO CONTROLS,CLEAR,UNKNOWN,OTHER OBJECT,UNKNOWN,,STRAIGHT AND LEVEL,UNKNOWN,UNKNOWN,ON SCENE,INJURY AND / OR TOW DUE TO CRASH,,,,"OVER $1,500",07/11/2022 01:56:00 AM,UNABLE TO DETERMINE,UNABLE TO DETERMINE,2652,S,WHIPPLE ST,1033.0,,,,,,,1,NO INDICATION OF INJURY,0.0,0.0,0.0,0.0,0.0,1.0,0.0,1,2,7,41.8429662847,-87.7014613654,POINT (-87.701461365389 41.84296628474)
cc021be90ff6e056137c3b6931f6bb6ffc397f27d73a608b58fdac8a0557db4d856cc030dcedd75555011ae3d1edbf1d7d571d49127bfbed9a7cd8207a7885d7,JC124011,Y,01/21/2019 12:15:00 AM,30,NO CONTROLS,NO CONTROLS,SNOW,"DARKNESS, LIGHTED ROAD",SIDESWIPE SAME DIRECTION,DIVIDED - W/MEDIAN BARRIER,3.0,STRAIGHT AND LEVEL,SNOW OR SLUSH,NO DEFECTS,ON SCENE,NO INJURY / DRIVE AWAY,,,Y,"OVER $1,500",01/21/2019 12:26:00 AM,IMPROPER OVERTAKING/PASSING,UNABLE TO DETERMINE,35,E,GARFIELD BLVD,225.0,Y,Y,,,,,2,NO INDICATION OF INJURY,0.0,0.0,0.0,0.0,0.0,2.0,0.0,0,2,1,41.7942208811,-87.6243743104,POINT (-87.624374310359 41.794220881135)