CRASH_RECORD_ID,RD_NO,CRASH_DATE_EST_I,CRASH_DATE,POSTED_SPEED_LIMIT,TRAFFIC_CONTROL_DEVICE,DEVICE_CONDITION,WEATHER_CONDITION,LIGHTING_CONDITION,FIRST_CRASH_TYPE,TRAFFICWAY_TYPE,LANE_CNT,ALIGNMENT,ROADWAY_SURFACE_COND,ROAD_DEFECT,REPORT_TYPE,CRASH_TYPE,INTERSECTION_RELATED_I,NOT_RIGHT_OF_WAY_I,HIT_AND_RUN_I,DAMAGE,DATE_POLICE_NOTIFIED,PRIM_CONTRIBUTORY_CAUSE,SEC_CONTRIBUTORY_CAUSE,STREET_NO,STREET_DIRECTION,STREET_NAME,BEAT_OF_OCCURRENCE,PHOTOS_TAKEN_I,STATEMENTS_TAKEN_I,DOORING_I,WORK_ZONE_I,WORK_ZONE_TYPE,WORKERS_PRESENT_I,NUM_UNITS,MOST_SEVERE_INJURY,INJURIES_TOTAL,INJURIES_FATAL,INJURIES_INCAPACITATING,INJURIES_NON_INCAPACITATING,INJURIES_REPORTED_NOT_EVIDENT,INJURIES_NO_INDICATION,INJURIES_UNKNOWN,CRASH_HOUR,CRASH_DAY_OF_WEEK,CRASH_MONTH,LATITUDE,LONGITUDE,LOCATION
24dd1177717da68deb3932fb58d5194d767c8517768d901c0767ce73a61442af709ef4440631521946e0b729a34a5a0ece978c7d7133cd905e1f7b9f2a4ea875,JD171099,,03/02/2020 09:25:00 AM,30,NO CONTROLS,NO CONTROLS,CLEAR,DAYLIGHT,REAR END,NOT DIVIDED,,STRAIGHT AND LEVEL,DRY,NO DEFECTS,NOT ON SCENE (DESK REPORT),NO INJURY / DRIVE AWAY,,,,"OVER $1,500",03/02/2020 09:44:00 AM,FOLLOWING TOO CLOSELY,NOT APPLICABLE,5132,S,PULASKI RD,815.0,,,,,,,2,NO INDICATION OF INJURY,0.0,0.0,0.0,0.0,0.0,2.0,0.0,9,2,3,41.7994700753,-87.7234879744,POINT (-87.723487974446 41.799470075298)
4a29de5c4d45e1eff396a59a37d2c37db6b7bc9cd343c2499eda31cc30d65bc64d3e8e17fee25b1baf6e62e25506a316a4b24a7790eac6df35ef85dced879dd6,JA400046,Y,08/21/2017 10:30:00 AM,30,NO CONTROLS,NO CONTROLS,CLEAR,DAYLIGHT,REAR END,NOT DIVIDED,,STRAIGHT AND LEVEL,DRY,"RUT, HOLES",NOT ON SCENE (DESK REPORT),NO INJURY / DRIVE AWAY,,,,"OVER $1,500",08/21/2017 10:40:00 AM,ROAD CONSTRUCTION/MAINTENANCE,FOLLOWING TOO CLOSELY,4800,W,FULLERTON AVE,2521.0,,,,,,,2,NO INDICATION OF INJURY,0.0,0.0,0.0,0.0,0.0,3.0,0.0,10,2,8,41.924347036,-87.7464276397,POINT (-87.746427639656 41.924347036011)
cc382baf22f557d3a51c8e685b8cbe8eac046a6ddb7ea3c8252518c6afbe4a4553e42c44290f22740485ab7d1a184b8584394585ee245484f5fd7b61968e3f8e,JF218427,,04/24/2022 12:15:00 PM,5,NO CONTROLS,NO CONTROLS,RAIN,DAYLIGHT,PARKED MOTOR VEHICLE,DRIVEWAY,,STRAIGHT AND LEVEL,WET,NO DEFECTS,NOT ON SCENE (DESK REPORT),NO INJURY / DRIVE AWAY,,,Y,"$501 - $1,500",04/24/2022 01:30:00 PM,FAILING TO YIELD RIGHT-OF-WAY,UNABLE TO DETERMINE,4800,S,CHICAGO BEACH DR,222.0,,,,,,,2,NO INDICATION OF INJURY,0.0,0.0,0.0,0.0,0.0,2.0,0.0,12,1,4,41.8072543927,-87.5866743554,POINT (-87.58667435538 41.807254392729)
0db501f10251e01af3cd4a5e50435f9e37674dee72e8f8f5db5cbac4e3140e18cfb5af63cbab6c401296b23f25bca9802f81dda7f6de9c4e0fb4a36a8695a1af,JG274829,Y,05/25/2023 03:55:00 PM,30,NO CONTROLS,NO CONTROLS,CLEAR,DAYLIGHT,SIDESWIPE SAME DIRECTION,ONE-WAY,,STRAIGHT AND LEVEL,DRY,WORN SURFACE,NOT ON SCENE (DESK REPORT),NO INJURY / DRIVE AWAY,,,Y,"$501 - $1,500",05/25/2023 04:15:00 PM,UNABLE TO DETERMINE,UNABLE TO DETERMINE,1131,W,GARFIELD BLVD,712.0,,,,,,,2,NO INDICATION OF INJURY,0.0,0.0,0.0,0.0,0.0,2.0,0.0,15,5,5,41.7937055076,-87.6535853035,POINT (-87.65358530348 41.79370550764)
e81ba107e63c14120c0c3f181840b308e0cf68fd66573e98d6c7c0dc8b6c8860174c79e328ecd61b432ffdff20c5dae31213823c74f46544cfed519644b2646f,JA173770,,02/28/2017 05:23:00 PM,30,NO CONTROLS,NO CONTROLS,RAIN,DUSK,SIDESWIPE SAME DIRECTION,NOT DIVIDED,,STRAIGHT AND LEVEL,WET,NO DEFECTS,NOT ON SCENE (DESK REPORT),NO INJURY / DRIVE AWAY,,,Y,"$501 - $1,500",03/03/2017 04:05:00 PM,NOT APPLICABLE,NOT APPLICABLE,8700,S,COTTAGE GROVE AVE,632.0,,,,,,,2,NO INDICATION OF INJURY,0.0,0.0,0.0,0.0,0.0,3.0,0.0,17,3,2,41.7366015585,-87.6049681002,POINT (-87.604968100168 41.736601558476)
84daf94e8fbca252b33ed96ba26c05c3a190e73c80a77f5104302f085c87386a2a0f253002f61778d1008c10c8ba60734ad8e894b4c91cb3932d3f3dca511544,JE195132,,04/09/2021 01:00:00 PM,20,NO CONTROLS,NO CONTROLS,CLEAR,DAYLIGHT,PARKED MOTOR VEHICLE,PARKING LOT,,STRAIGHT AND LEVEL,DRY,NO DEFECTS,NOT ON SCENE (DESK REPORT),NO INJURY / DRIVE AWAY,,Y,Y,"OVER $1,500",04/10/2021 09:00:00 AM,UNABLE TO DETERMINE,NOT APPLICABLE,4650,W,NORTH AVE,2533.0,,,,,,,2,NO INDICATION OF INJURY,0.0,0.0,0.0,0.0,0.0,1.0,0.0,13,6,4,41.909764527,-87.7433762957,POINT (-87.743376295706 41.909764527033)
723582e4ddf9198f2f1b1850c3661d3c1608daf7f661af63e37199cfbef4ef3501a21eeab7ca1f7c4b1610abb521c41f8e5e5589c3caa625ba38617862992017,JG254397,,05/09/2023 11:15:00 AM,30,NO CONTROLS,NO CONTROLS,CLEAR,DAYLIGHT,REAR END,ONE-WAY,,STRAIGHT AND LEVEL,DRY,NO DEFECTS,NOT ON SCENE (DESK REPORT),NO INJURY / DRIVE AWAY,,,,"$501 - $1,500",05/09/2023 07:14:00 PM,IMPROPER BACKING,NOT APPLICABLE,30,E,LAKE ST,111.0,,,,,,,2,NO INDICATION OF INJURY,0.0,0.0,0.0,0.0,0.0,2.0,0.0,11,3,5,41.8858621051,-87.6268586452,POINT (-87.626858645214 41.885862105116)
c801f18dd023d3a4acd0c2618ed0efd718cde84a33adf276e3002064c35d7d46f92b3e09af089ae4bd4d67a6c2e92b862240d3e3a0de58b7e3d5b6601562bd11,JE245209,,05/27/2021 07:30:00 PM,30,NO CONTROLS,NO CONTROLS,RAIN,DAYLIGHT,ANGLE,ONE-WAY,,STRAIGHT AND LEVEL,WET,NO DEFECTS,NOT ON SCENE (DESK REPORT),NO INJURY / DRIVE AWAY,,,,"OVER $1,500",05/27/2021 09:07:00 PM,UNABLE TO DETERMINE,NOT APPLICABLE,3083,S,INDIANA AVE,133.0,,,,,,,2,NO INDICATION OF INJURY,0.0,0.0,0.0,0.0,0.0,2.0,0.0,19,5,5,41.8384276711,-87.6217753018,POINT (-87.621775301772 41.838427671057)
7ce87830bfaf10db2f27a8b2aa427b068c5cd56dbfbf32cd0f0312ecb9d1ffdf0f3c2f022fc5a656a9f58dd87c6e1a9fe1b740a83c2a6106aaf4bad47dc66b29,JF172121,,03/13/2022 01:02:00 AM,30,NO CONTROLS,NO CONTROLS,CLEAR,"DARKNESS, LIGHTED ROAD",PARKED MOTOR VEHICLE,OTHER,,STRAIGHT AND LEVEL,DRY,NO DEFECTS,ON SCENE,NO INJURY / DRIVE AWAY,,,Y,"OVER $1,500",03/13/2022 01:15:00 AM,UNABLE TO DETERMINE,UNABLE TO DETERMINE,138,N,LOREL AVE,1523.0,,,,,,,2,NO INDICATION OF INJURY,0.0,0.0,0.0,0.0,0.0,1.0,0.0,1,1,3,41.8834753941,-87.7589970944,POINT (-87.758997094418 41.883475394113)
3207593fedec270be0cdbe7d75738afb5ce6d77c660c0ae59393011d7e6ea65ee4dda0c57c66f1f83b06c645a29ae3e8aacf23f889a586210352b4b46d0ae60f,JF195798,,12/02/2022 04:30:00 PM,30,TRAFFIC SIGNAL,FUNCTIONING PROPERLY,CLEAR,"DARKNESS, LIGHTED ROAD",REAR END,NOT DIVIDED,,STRAIGHT AND LEVEL,DRY,NO DEFECTS,NOT ON SCENE (DESK REPORT),NO INJURY / DRIVE AWAY,,,,"OVER $1,500",12/02/2022 05:50:00 PM,FOLLOWING TOO CLOSELY,FOLLOWING TOO CLOSELY,1403,N,PULASKI RD,2535.0,,,,,,,2,NO INDICATION OF INJURY,0.0,0.0,0.0,0.0,0.0,2.0,0.0,16,6,12,41.9063079823,-87.7262641454,POINT (-87.726264145388 41.906307982333)
3dd00083ad6e29fe28aade6e7dd09efce0ddf8ce9a3756a1da805c0a304cb107a3dfb3fa5fd5c50b11536cf66fd2a515a4a16b9af10970f7afe39069cce9288a,JF293365,,06/25/2022 09:27:00 AM,30,TRAFFIC SIGNAL,OTHER,RAIN,DAYLIGHT,REAR END,OTHER,,STRAIGHT AND LEVEL,WET,NO DEFECTS,NOT ON SCENE (DESK REPORT),NO INJURY / DRIVE AWAY,Y,,N,"OVER $1,500",06/25/2022 10:15:00 AM,DRIVING SKILLS/KNOWLEDGE/EXPERIENCE,UNABLE TO DETERMINE,2,E,16TH ST,131.0,,,,,,,2,NO INDICATION OF INJURY,0.0,0.0,0.0,0.0,0.0,2.0,0.0,9,7,6,41.8602899174,-87.6272293534,POINT (-87.62722935342 41.860289917405)
958e4b0cfd8c6ab7fe7622bae31dda77d03430a0d1911d06e5af600b5b783bd831f5cb39502a593b1b6017813d034f67f2f86c46a9c3b58b4d8df589f6ecea2b,JF254185,,05/24/2022 05:24:00 PM,30,NO CONTROLS,NO CONTROLS,CLEAR,DAYLIGHT,SIDESWIPE SAME DIRECTION,NOT DIVIDED,,STRAIGHT AND LEVEL,DRY,NO DEFECTS,ON SCENE,INJURY AND / OR TOW DUE TO CRASH,,,Y,"$501 - $1,500",05/24/2022 05:24:00 PM,IMPROPER OVERTAKING/PASSING,NOT APPLICABLE,3215,N,LINCOLN AVE,1922.0,,,,,,,3,NONINCAPACITATING INJURY,1.0,0.0,0.0,1.0,0.0,2.0,0.0,17,3,5,41.9400635075,-87.6687641355,POINT (-87.668764135527 41.940063507485)
42586e99eba9ceef3020f7de67d641b6750ed261c45517b3fb2c47fef8e803cc71a7576775c6716b51340b027bbb14b584cace0326e073e3f83ef2b42679ee37,JD413180,,10/27/2020 07:45:00 PM,30,NO CONTROLS,NO CONTROLS,CLEAR,"DARKNESS, LIGHTED ROAD",OTHER OBJECT,DIVIDED - W/MEDIAN (NOT RAISED),,STRAIGHT AND LEVEL,DRY,OTHER,NOT ON SCENE (DESK REPORT),NO INJURY / DRIVE AWAY,,,,"OVER $1,500",10/28/2020 09:45:00 AM,ROAD CONSTRUCTION/MAINTENANCE,NOT APPLICABLE,3000,N,ELSTON AVE,1411.0,,,,Y,UNKNOWN,,1,NO INDICATION OF INJURY,0.0,0.0,0.0,0.0,0.0,1.0,0.0,19,3,10,41.9357465605,-87.693230982,POINT (-87.693230982019 41.935746560491)
ab41c744eae15cd4233fda2616716771bab6a3d1fa95eea8f716f22aca373ed65da88cac0da4d1b2609cacc24351785c635bfdcf694a0bb17f1d05ea2c392afe,JE105462,,01/06/2021 08:35:00 PM,30,NO CONTROLS,NO CONTROLS,CLEAR,"DARKNESS, LIGHTED ROAD",SIDESWIPE SAME DIRECTION,DIVIDED - W/MEDIAN (NOT RAISED),,STRAIGHT AND LEVEL,DRY,NO DEFECTS,NOT ON SCENE (DESK REPORT),NO INJURY / DRIVE AWAY,,,Y,"$501 - $1,500",01/06/2021 08:45:00 PM,IMPROPER OVERTAKING/PASSING,NOT APPLICABLE,3458,W,IRVING PARK RD,1723.0,,,,,,,2,NO INDICATION OF INJURY,0.0,0.0,0.0,0.0,0.0,2.0,0.0,20,4,1,41.9539322474,-87.7153030193,POINT (-87.715303019349 41.953932247375)
1dc643867814a6ff7cc6fc9bba4de0dea54c383f6b3ee77546e418bdb18f0ace3a122708c7ee09de401e297943922531eccdff12b80dde62aad3bc943198f64e,,,10/27/2023 05:35:00 AM,45,NO CONTROLS,NO CONTROLS,CLEAR,"DARKNESS, LIGHTED ROAD",FIXED OBJECT,DIVIDED - W/MEDIAN BARRIER,,STRAIGHT AND LEVEL,WET,NO DEFECTS,ON SCENE,INJURY AND / OR TOW DUE TO CRASH,,,,"OVER $1,500",10/27/2023 05:35:00 AM,UNABLE TO DETERMINE,UNABLE TO DETERMINE,1000,N,LAKE SHORE DR,1824.0,,,,,,,1,"REPORTED, NOT EVIDENT",1.0,0.0,0.0,0.0,1.0,1.0,0.0,5,6,10,41.900752974,-87.6242349998,POINT (-87.62423499978 41.900752974042)
159dfb49be02d30547503408d4b3f717b079807c0702dfaf75eba1c4cb4ce565a5cdc17c7f973131c00b7ff002e90b065a3edae7c582a1d9e63b7014098121c6,JD106087,,01/06/2020 12:00:00 PM,25,STOP SIGN/FLASHER,NO CONTROLS,CLEAR,DAYLIGHT,ANGLE,FOUR WAY,,STRAIGHT AND LEVEL,DRY,NO DEFECTS,NOT ON SCENE (DESK REPORT),NO INJURY / DRIVE AWAY,Y,,,"$501 - $1,500",01/06/2020 12:50:00 PM,UNABLE TO DETERMINE,UNABLE TO DETERMINE,5132,W,MONROE ST,1533.0,,,,,,,2,NO INDICATION OF INJURY,0.0,0.0,0.0,0.0,0.0,2.0,0.0,12,2,1,41.8794875481,-87.7549573151,POINT (-87.75495731509 41.879487548076)
52e3df9fad135cf664762472d32fb7515b77b9e6788b5b603456a8bc942fb3e1e8bdee3700feb43dec0d07e5046a3252083c2593ce60eabf78439ac8dd053532,JE138914,,02/11/2021 01:45:00 PM,30,NO CONTROLS,NO CONTROLS,SNOW,DAYLIGHT,PARKED MOTOR VEHICLE,PARKING LOT,,STRAIGHT AND LEVEL,SNOW OR SLUSH,NO DEFECTS,NOT ON SCENE (DESK REPORT),NO INJURY / DRIVE AWAY,,Y,,"OVER $1,500",02/11/2021 03:11:00 PM,UNABLE TO DETERMINE,UNABLE TO DETERMINE,1228,E,53RD ST,234.0,,,,,,,2,NO INDICATION OF INJURY,0.0,0.0,0.0,0.0,0.0,1.0,0.0,13,5,2,41.7995778336,-87.5954321093,POINT (-87.595432109341 41.79957783365)
314413dd0c0c393883340cbf4ffd2424bde2ea800cd28a9691981940736dae64b9f561435f37c322106b2dcdc9de8c58801ba066bb3887bf9b664b9f939b30ec,JE265810,,06/14/2021 03:30:00 PM,35,TRAFFIC SIGNAL,FUNCTIONING PROPERLY,CLEAR,DAYLIGHT,REAR END,FOUR WAY,,STRAIGHT AND LEVEL,DRY,NO DEFECTS,NOT ON SCENE (DESK REPORT),NO INJURY / DRIVE AWAY,Y,,Y,"OVER $1,500",06/14/2021 04:15:00 PM,UNABLE TO DETERMINE,NOT APPLICABLE,8258,S,ASHLAND AVE,614.0,,,,,,,2,NO INDICATION OF INJURY,0.0,0.0,0.0,0.0,0.0,2.0,0.0,15,2,6,41.7431662374,-87.6633996653,POINT (-87.663399665309 41.743166237395)
4c147c94adbec0df49dc9fb21ee7452823cea2ac0b5cc5146af1fc3c4a4da119e69ef435ffd4d90657c6bb2ce5905c565fba61a306c80c48d7bfed529972de87,JF419165,,10/02/2022 02:00:00 PM,30,TRAFFIC SIGNAL,NO CONTROLS,CLEAR,DAYLIGHT,REAR END,NOT DIVIDED,,STRAIGHT AND LEVEL,DRY,NO DEFECTS,NOT ON SCENE (DESK REPORT),NO INJURY / DRIVE AWAY,,,,$500 OR LESS,10/02/2022 03:00:00 PM,UNABLE TO DETERMINE,NOT APPLICABLE,2603,N,ELSTON AVE,1432.0,,,,,,,2,NO INDICATION OF INJURY,0.0,0.0,0.0,0.0,0.0,2.0,0.0,14,1,10,41.9290729465,-87.6830811157,POINT (-87.683081115684 41.92907294653)
dbd3d1e4b54ffdae472d721bf4185407c2671c8a4da58cbad568574e4cce80a0c873b0a904705e2f725691a2820542ac5426c9235d6deebb7cfb6f7b486cc582,JB176439,,03/06/2018 11:54:00 PM,30,STOP SIGN/FLASHER,NO CONTROLS,SNOW,"DARKNESS, LIGHTED ROAD",SIDESWIPE OPPOSITE DIRECTION,DIVIDED - W/MEDIAN (NOT RAISED),2.0,STRAIGHT AND LEVEL,WET,NO DEFECTS,NOT ON SCENE (DESK REPORT),INJURY AND / OR TOW DUE TO CRASH,Y,,,"$501 - $1,500",03/06/2018 11:54:00 PM,IMPROPER LANE USAGE,UNDER THE INFLUENCE OF ALCOHOL/DRUGS (USE WHEN ARREST IS EFFECTED),6100,N,HAMILTON AVE,2413.0,,,,,,,2,NO INDICATION OF INJURY,0.0,0.0,0.0,0.0,0.0,3.0,0.0,23,3,3,41.9918846008,-87.683685422,POINT (-87.683685421964 41.9918846008)
f9a1f38de1ec47c99846b74b74ccaa1e11b36da634475f8738791e3c587b3b2d0b14c0bfeb15a120e39cf3de78f08fcb2c9832053c7d6fc08a930c77bc76a9e1,JC418965,,09/03/2019 03:45:00 PM,35,TRAFFIC SIGNAL,FUNCTIONING PROPERLY,CLEAR,DAYLIGHT,REAR END,NOT DIVIDED,,STRAIGHT AND LEVEL,DRY,NO DEFECTS,NOT ON SCENE (DESK REPORT),NO INJURY / DRIVE AWAY,,,,"$501 - $1,500",09/03/2019 07:10:00 PM,UNABLE TO DETERMINE,UNABLE TO DETERMINE,4400,W,CERMAK RD,1012.0,,,,,,,2,NO INDICATION OF INJURY,0.0,0.0,0.0,0.0,0.0,2.0,0.0,15,3,9,41.8515091963,-87.734559326,POINT (-87.734559326014 41.851509196295)
c42ddc88f80cf6ac55038294a54914c44f0d623446c7334c233384e8e6590333f8ef9761db2ca7a786755c3f16a0a03ef13f2b813cb3485569a10169b77fb0d0,JF417833,N,10/01/2022 12:00:00 PM,30,TRAFFIC SIGNAL,FUNCTIONING IMPROPERLY,CLEAR,DAYLIGHT,REAR END,ONE-WAY,,STRAIGHT AND LEVEL,DRY,UNKNOWN,NOT ON SCENE (DESK REPORT),NO INJURY / DRIVE AWAY,,,,"$501 - $1,500",10/01/2022 01:00:00 PM,IMPROPER LANE USAGE,NOT APPLICABLE,100,E,RANDOLPH ST,114.0,,Y,,,,,2,NO INDICATION OF INJURY,0.0,0.0,0.0,0.0,0.0,2.0,0.0,12,7,10,41.8845772195,-87.6244036339,POINT (-87.62440363391 41.884577219487)
d7832406a0e6c72b2e6a751e1e84a587cca3576e97a1feb7202a6126d576383fdb7f5c42ab3555d00b95629863eba0f4fb6f7b5f6bc13c078fc24734fe38db38,JG249176,,05/05/2023 01:55:00 PM,30,NO CONTROLS,NO CONTROLS,CLEAR,DAYLIGHT,FIXED OBJECT,ALLEY,,STRAIGHT AND LEVEL,DRY,NO DEFECTS,ON SCENE,NO INJURY / DRIVE AWAY,,,Y,"OVER $1,500",05/05/2023 02:05:00 PM,UNABLE TO DETERMINE,"OPERATING VEHICLE IN ERRATIC, RECKLESS, CARELESS, NEGLIGENT OR AGGRESSIVE MANNER",3532,N,KILDARE AVE,1731.0,,,,,,,1,NO INDICATION OF INJURY,0.0,0.0,0.0,0.0,0.0,1.0,0.0,13,6,5,41.9454054867,-87.734907251,POINT (-87.734907250951 41.945405486662)
13eb76196d739c2f5445b3a8ff23def6bb701deaef14e83bb83a1f6eb17e862be627a75065869f34adeef050d9359f925e231e086fdc017281906e20bc6f0165,JG293332,,06/08/2023 03:07:00 PM,30,UNKNOWN,UNKNOWN,CLEAR,DAYLIGHT,ANGLE,NOT DIVIDED,,STRAIGHT AND LEVEL,DRY,UNKNOWN,NOT ON SCENE (DESK REPORT),NO INJURY / DRIVE AWAY,,,Y,"$501 - $1,500",06/08/2023 03:07:00 PM,UNABLE TO DETERMINE,UNABLE TO DETERMINE,1130,W,LAKE ST,1214.0,,,,,,,2,NO INDICATION OF INJURY,0.0,0.0,0.0,0.0,0.0,2.0,0.0,15,5,6,41.8856352376,-87.6555864834,POINT (-87.655586483423 41.885635237638)
ae653284d29b2693ed248c79210e30be0397cf470c56b214c5dba7287157446ee1a946a6dafd8dfa157f6b9a4493ae851c9ff59733f85c6b991faef9b8f39a40,JG253594,,05/09/2023 09:00:00 AM,30,STOP SIGN/FLASHER,FUNCTIONING PROPERLY,CLEAR,DAYLIGHT,REAR END,DIVIDED - W/MEDIAN (NOT RAISED),,STRAIGHT AND LEVEL,DRY,NO DEFECTS,NOT ON SCENE (DESK REPORT),NO INJURY / DRIVE AWAY,Y,,,"OVER $1,500",05/09/2023 09:45:00 AM,FOLLOWING TOO CLOSELY,FAILING TO REDUCE SPEED TO AVOID CRASH,3528,N,CENTRAL AVE,1633.0,,,,,,,2,NO INDICATION OF INJURY,0.0,0.0,0.0,0.0,0.0,3.0,0.0,9,3,5,41.9449152136,-87.766870207,POINT (-87.766870206955 41.944915213632)
23dcd6826c16395f793e4a45e0434533907fce691260fcd6c4f5aa11c0390a62a49b2b1f3cbfb9ba9323754e3d5a242d326f320fddab0f5a7473b2e6c5e29739,JA177271,Y,03/06/2017 01:00:00 PM,30,NO CONTROLS,NO CONTROLS,CLEAR,DAYLIGHT,PARKED MOTOR VEHICLE,ONE-WAY,1.0,STRAIGHT AND LEVEL,WET,NO DEFECTS,NOT ON SCENE (DESK REPORT),NO INJURY / DRIVE AWAY,,,Y,"OVER $1,500",03/06/2017 05:10:00 PM,UNABLE TO DETERMINE,NOT APPLICABLE,5206,N,SAWYER AVE,1712.0,,,,,,,2,NO INDICATION OF INJURY,0.0,0.0,0.0,0.0,0.0,1.0,0.0,13,2,3,41.9759938188,-87.7100499652,POINT (-87.710049965154 41.97599381879)
83e618efaa649bf559d97746683b1e8d4f9e5e3c522dae74010aa8b2899f2f9ce3469f4db04a9932e3c53f8572fc1fdc311af60ac22b0e74c1bf6cc93c79cad0,JE325642,,08/04/2021 09:48:00 AM,30,NO CONTROLS,NO CONTROLS,CLEAR,DAYLIGHT,FIXED OBJECT,UNKNOWN,,STRAIGHT AND LEVEL,DRY,UNKNOWN,ON SCENE,NO INJURY / DRIVE AWAY,,,,"OVER $1,500",08/04/2021 09:49:00 AM,FAILING TO REDUCE SPEED TO AVOID CRASH,NOT APPLICABLE,1521,S,LYNN WHITE DR,132.0,,,,,,,1,NO INDICATION OF INJURY,0.0,0.0,0.0,0.0,0.0,1.0,0.0,9,4,8,41.8619186004,-87.6095095637,POINT (-87.609509563704 41.86191860041)
68486c17cefc4e516df9c1b3117bc676b52b127de0ac257420c6fccec28b76887b136c34a13cdbab52c8b87b660885a8104509209a9f9b65c85ad709c61df553,JA555183,,12/19/2017 10:07:00 AM,30,TRAFFIC SIGNAL,NO CONTROLS,CLEAR,DAYLIGHT,REAR END,NOT DIVIDED,2.0,STRAIGHT AND LEVEL,DRY,NO DEFECTS,NOT ON SCENE (DESK REPORT),NO INJURY / DRIVE AWAY,,,,"OVER $1,500",12/19/2017 10:30:00 AM,EQUIPMENT - VEHICLE CONDITION,NOT APPLICABLE,4300,S,COTTAGE GROVE AVE,221.0,,,,,,,2,NO INDICATION OF INJURY,0.0,0.0,0.0,0.0,0.0,3.0,0.0,10,3,12,41.8167216261,-87.6068535651,POINT (-87.606853565078 41.816721626101)
72fec68ec495847098588b57604033e16560842e554970f1ff09c42c5e06bce16ec40127d59eeec04b058449428700f2c2086c46635e71027dfc7f13cc5b067c,JG230646,,04/20/2023 10:02:00 AM,30,STOP SIGN/FLASHER,OTHER,RAIN,DAYLIGHT,REAR END,DIVIDED - W/MEDIAN BARRIER,,STRAIGHT AND LEVEL,WET,NO DEFECTS,ON SCENE,INJURY AND / OR TOW DUE TO CRASH,Y,,,"OVER $1,500",04/20/2023 10:10:00 AM,UNABLE TO DETERMINE,NOT APPLICABLE,621,E,81ST ST,631.0,,,,Y,CONSTRUCTION,Y,2,NONINCAPACITATING INJURY,2.0,0.0,0.0,2.0,0.0,1.0,0.0,10,5,4,41.747450935,-87.6090778821,POINT (-87.609077882067 41.747450934983)
51886031fc2064574add405f5c34ea00b2244c317a7238b3cd87ead751ec324bbd49a1d4fa906778a4e502560305d08e894594f96c491dc93eeddca2565ec689,JG413697,,09/06/2023 02:22:00 PM,30,STOP SIGN/FLASHER,FUNCTIONING PROPERLY,CLEAR,DAYLIGHT,REAR END,ONE-WAY,,STRAIGHT AND LEVEL,DRY,NO DEFECTS,ON SCENE,NO INJURY / DRIVE AWAY,Y,,Y,"OVER $1,500",09/06/2023 02:45:00 PM,IMPROPER OVERTAKING/PASSING,NOT APPLICABLE,2700,N,TROY ST,1411.0,,N,,,,,2,NO INDICATION OF INJURY,0.0,0.0,0.0,0.0,0.0,2.0,0.0,14,4,9,41.9302975944,-87.7062966321,POINT (-87.706296632085 41.930297594382)
12c59960ed499c81a9ba7a4e96667aece9811f81f15d3a826f7b8f746e9d1bcb41855d1a8f34ef082e8a1652838a233f41860099d9424100bfe5a01622c89795,JD285993,,07/04/2020 08:02:00 PM,30,STOP SIGN/FLASHER,FUNCTIONING PROPERLY,CLEAR,DUSK,ANGLE,NOT DIVIDED,,STRAIGHT AND LEVEL,DRY,NO DEFECTS,ON SCENE,INJURY AND / OR TOW DUE TO CRASH,,,Y,"OVER $1,500",07/04/2020 08:03:00 PM,FAILING TO YIELD RIGHT-OF-WAY,NOT APPLICABLE,199,W,ROOT ST,925.0,,,,,,,2,NONINCAPACITATING INJURY,1.0,0.0,0.0,1.0,0.0,3.0,0.0,20,7,7,41.8190216604,-87.6312436451,POINT (-87.631243645058 41.81902166042)
43ce250e71f5446e65f3b61df2ec5d8cf02607913d943d273fe5fae203d6f379c1a2abc0fe3ac05bb062c742081fa45eac2b520650d20cacb44a09319269c062,JA122357,,01/19/2017 09:40:00 PM,25,TRAFFIC SIGNAL,FUNCTIONING PROPERLY,RAIN,"DARKNESS, LIGHTED ROAD",SIDESWIPE SAME DIRECTION,NOT DIVIDED,2.0,STRAIGHT AND LEVEL,WET,NO DEFECTS,NOT ON SCENE (DESK REPORT),NO INJURY / DRIVE AWAY,,,Y,"OVER $1,500",01/19/2017 10:10:00 PM,IMPROPER LANE USAGE,NOT APPLICABLE,500,S,MICHIGAN AVE,123.0,,,,,,,2,NO INDICATION OF INJURY,0.0,0.0,0.0,0.0,0.0,2.0,0.0,21,5,1,41.875658543,-87.6244049409,POINT (-87.624404940923 41.87565854302)
bbf9e6000945a64ed454b32685c1237551ffb71d99739f147b8f74bfb420bb67c3421db379f3b3e95810b9cef26f7e2cba166017b574abc697b02e8ab1b442cc,JA139273,,02/02/2017 02:50:00 PM,35,TRAFFIC SIGNAL,FUNCTIONING PROPERLY,CLEAR,DAYLIGHT,REAR END,ONE-WAY,2.0,STRAIGHT AND LEVEL,DRY,NO DEFECTS,NOT ON SCENE (DESK REPORT),NO INJURY / DRIVE AWAY,Y,,,$500 OR LESS,02/02/2017 03:14:00 PM,UNABLE TO DETERMINE,NOT APPLICABLE,540,N,CLARK ST,1831.0,,,,,,,2,NO INDICATION OF INJURY,0.0,0.0,0.0,0.0,0.0,2.0,0.0,14,5,2,41.8920093522,-87.631283919,POINT (-87.631283919017 41.892009352224)