CRASH_RECORD_ID,RD_NO,CRASH_DATE_EST_I,CRASH_DATE,POSTED_SPEED_LIMIT,TRAFFIC_CONTROL_DEVICE,DEVICE_CONDITION,WEATHER_CONDITION,LIGHTING_CONDITION,FIRST_CRASH_TYPE,TRAFFICWAY_TYPE,LANE_CNT,ALIGNMENT,ROADWAY_SURFACE_COND,ROAD_DEFECT,REPORT_TYPE,CRASH_TYPE,INTERSECTION_RELATED_I,NOT_RIGHT_OF_WAY_I,HIT_AND_RUN_I,DAMAGE,DATE_POLICE_NOTIFIED,PRIM_CONTRIBUTORY_CAUSE,SEC_CONTRIBUTORY_CAUSE,STREET_NO,STREET_DIRECTION,STREET_NAME,BEAT_OF_OCCURRENCE,PHOTOS_TAKEN_I,STATEMENTS_TAKEN_I,DOORING_I,WORK_ZONE_I,WORK_ZONE_TYPE,WORKERS_PRESENT_I,NUM_UNITS,MOST_SEVERE_INJURY,INJURIES_TOTAL,INJURIES_FATAL,INJURIES_INCAPACITATING,INJURIES_NON_INCAPACITATING,INJURIES_REPORTED_NOT_EVIDENT,INJURIES_NO_INDICATION,INJURIES_UNKNOWN,CRASH_HOUR,CRASH_DAY_OF_WEEK,CRASH_MONTH,LATITUDE,LONGITUDE,LOCATION
789c3e952a198a013b3c16762b89d7fa6a7b7e027d6ee0a4baaf3da0e4605b16c21a68f5fc3f928a642e7f42b8b4a649d60b2f6107237e71997f7ddf24e0e899,JD338145,,08/18/2020 05:30:00 PM,30,NO CONTROLS,NO CONTROLS,CLEAR,DAYLIGHT,TURNING,NOT DIVIDED,,STRAIGHT AND LEVEL,DRY,NO DEFECTS,NOT ON SCENE (DESK REPORT),NO INJURY / DRIVE AWAY,,,Y,"$501 - $1,500",08/19/2020 06:08:00 PM,UNABLE TO DETERMINE,NOT APPLICABLE,4434,W,FULLERTON AVE,2524.0,,,,,,,2,NO INDICATION OF INJURY,0.0,0.0,0.0,0.0,0.0,5.0,0.0,17,3,8,41.9244614441,-87.7380036291,POINT (-87.738003629124 41.924461444149)
134d75c6956064cbd723b27266a72f4945776222a5ff9dd8c5e0594a977eb043c0ba18e9482c1312b0bf7cc5617c608d93cc56f920a9de24b85aab4dcc30d7a0,JE308137,,07/20/2021 03:00:00 PM,30,NO CONTROLS,NO CONTROLS,CLEAR,DAYLIGHT,ANGLE,NOT DIVIDED,,STRAIGHT AND LEVEL,DRY,UNKNOWN,NOT ON SCENE (DESK REPORT),NO INJURY / DRIVE AWAY,,,Y,"$501 - $1,500",07/20/2021 05:23:00 PM,UNABLE TO DETERMINE,NOT APPLICABLE,2400,W,CERMAK RD,1023.0,,,,,,,2,NO INDICATION OF INJURY,0.0,0.0,0.0,0.0,0.0,2.0,0.0,15,3,7,41.8521413068,-87.6857526416,POINT (-87.685752641557 41.852141306805)
9a02ad2a32226432817b8c37455d8b071bb44a145bb245a7f873a6fbf5831a9b41387f800ad965dd68ec8698fa44f4315e4e9586043c1734656f8bd501f05c74,JE248569,Y,05/31/2021 05:30:00 AM,20,NO CONTROLS,NO CONTROLS,CLEAR,DAYLIGHT,PARKED MOTOR VEHICLE,ONE-WAY,,STRAIGHT AND LEVEL,DRY,NO DEFECTS,ON SCENE,NO INJURY / DRIVE AWAY,,,Y,$500 OR LESS,05/31/2021 05:37:00 AM,UNABLE TO DETERMINE,NOT APPLICABLE,512,S,LOCKWOOD AVE,1522.0,,,,,,,2,NO INDICATION OF INJURY,0.0,0.0,0.0,0.0,0.0,1.0,0.0,5,2,5,41.8734750975,-87.7575830273,POINT (-87.757583027334 41.873475097525)
5649032d229d3fdc9f750cd7574d40e4ef1e26d93be11a3c2b2c10bbd32533b0e574023e896ee2ee3f0cb1e84c4dc573df9c91d5a0ac5a36688a98beb002edba,JC477136,,10/18/2019 09:30:00 AM,30,NO CONTROLS,NO CONTROLS,CLEAR,DAYLIGHT,SIDESWIPE SAME DIRECTION,DIVIDED - W/MEDIAN (NOT RAISED),,STRAIGHT AND LEVEL,DRY,NO DEFECTS,ON SCENE,INJURY AND / OR TOW DUE TO CRASH,,,Y,"OVER $1,500",10/18/2019 09:56:00 AM,UNABLE TO DETERMINE,NOT APPLICABLE,1800,W,PETERSON AVE,2413.0,,,,,,,2,NO INDICATION OF INJURY,0.0,0.0,0.0,0.0,0.0,2.0,0.0,9,6,10,41.9908610995,-87.6753559261,POINT (-87.675355926114 41.990861099527)
1a413017b49bf652ecfaba1b9f19a4ee6e22271e38abde1e26bd7220feda9af4405bdfaa3eb7c0eeb34550899c6a05cbf8386c2b0d37bb7cad6dbf08fdfdc1dc,JG409992,,09/03/2023 09:30:00 PM,20,NO CONTROLS,NO CONTROLS,CLEAR,"DARKNESS, LIGHTED ROAD",SIDESWIPE SAME DIRECTION,NOT DIVIDED,,STRAIGHT AND LEVEL,DRY,NO DEFECTS,NOT ON SCENE (DESK REPORT),NO INJURY / DRIVE AWAY,,,Y,"$501 - $1,500",09/03/2023 11:20:00 PM,IMPROPER OVERTAKING/PASSING,DRIVING SKILLS/KNOWLEDGE/EXPERIENCE,2815,N,KOSTNER AVE,2523.0,,,,,,,2,NO INDICATION OF INJURY,0.0,0.0,0.0,0.0,0.0,2.0,0.0,21,1,9,41.9321526114,-87.7366643124,POINT (-87.736664312444 41.932152611359)
e4a8453f6ce8492bc270ef31c53c560dffa36064c136e6fc02a8d578a98abc98a12981462234e9203229df3a2df6c3d2e59864e8c56b5b978429e44fa520a921,JG471612,,10/20/2023 03:30:00 PM,25,NO CONTROLS,NO CONTROLS,CLEAR,DAYLIGHT,REAR END,NOT DIVIDED,,STRAIGHT AND LEVEL,DRY,NO DEFECTS,NOT ON SCENE (DESK REPORT),NO INJURY / DRIVE AWAY,,,,"$501 - $1,500",10/20/2023 04:25:00 PM,NOT APPLICABLE,NOT APPLICABLE,907,N,HOMAN AVE,1121.0,,,,,,,3,NO INDICATION OF INJURY,0.0,0.0,0.0,0.0,0.0,4.0,0.0,15,6,10,41.8975469348,-87.7113544538,POINT (-87.711354453801 41.897546934774)
871c8a7c143a445ccc2e42c4625bc8fc4f71e7dc019c3634ceece3090ad6ae1e11e62f4e3e2f64edb2298c7fbf0e235359b970668bac8ed37c7965d9415e47e2,JG435148,,09/22/2023 09:25:00 PM,25,NO CONTROLS,NO CONTROLS,CLEAR,"DARKNESS, LIGHTED ROAD",PARKED MOTOR VEHICLE,NOT DIVIDED,,STRAIGHT AND LEVEL,DRY,UNKNOWN,ON SCENE,INJURY AND / OR TOW DUE TO CRASH,,,Y,"OVER $1,500",09/22/2023 09:31:00 PM,FAILING TO REDUCE SPEED TO AVOID CRASH,NOT APPLICABLE,13452,S,BRANDON AVE,433.0,,,,,,,2,NONINCAPACITATING INJURY,1.0,0.0,0.0,1.0,0.0,2.0,0.0,21,6,9,41.6502871105,-87.5460730304,POINT (-87.546073030367 41.650287110459)
b09bab8c729fa52915eef8a6f62c56634573baead8dffabde0b6453f4dfceca1c2b9eff67ec05d98d65b23d3bcd8d739060b0bcf5f81aa51ba090e3289a194b7,JC324596,,06/27/2019 04:20:00 PM,30,TRAFFIC SIGNAL,UNKNOWN,CLEAR,DAYLIGHT,REAR END,DIVIDED - W/MEDIAN (NOT RAISED),,STRAIGHT AND LEVEL,DRY,UNKNOWN,NOT ON SCENE (DESK REPORT),NO INJURY / DRIVE AWAY,Y,,,"OVER $1,500",06/27/2019 05:10:00 PM,UNABLE TO DETERMINE,UNABLE TO DETERMINE,5701,N,SHERIDAN RD,2022.0,,,,,,,2,NO INDICATION OF INJURY,0.0,0.0,0.0,0.0,0.0,2.0,0.0,16,5,6,41.985638421,-87.6550943233,POINT (-87.655094323271 41.985638421049)
dc4917e1aae526c7333b18d604eab5927c6d842950e0ba2fd6701bbe5f73c424d71ff25b4164cde289f29831ce424a0bed08bddc843220317ffaaad620b45172,JG397378,,08/25/2023 02:30:00 PM,25,NO CONTROLS,NO CONTROLS,CLEAR,DAYLIGHT,PARKED MOTOR VEHICLE,ONE-WAY,,STRAIGHT AND LEVEL,DRY,NO DEFECTS,NOT ON SCENE (DESK REPORT),NO INJURY / DRIVE AWAY,,,,"OVER $1,500",08/25/2023 03:00:00 PM,FAILING TO YIELD RIGHT-OF-WAY,FAILING TO YIELD RIGHT-OF-WAY,444,E,40TH ST,214.0,,,,,,,2,NO INDICATION OF INJURY,0.0,0.0,0.0,0.0,0.0,3.0,0.0,14,6,8,41.8212839035,-87.6149548736,POINT (-87.614954873602 41.821283903493)
28e914ffda6bff688e50e71c2baf0ee7319b62fd44331368b7bdb9e95294d8325b6f60c1946e3267725e769876c921ded1fd0ca894705d7610c88fe1ac57d623,JG203957,,03/29/2023 06:49:00 PM,30,UNKNOWN,UNKNOWN,UNKNOWN,UNKNOWN,ANGLE,NOT DIVIDED,,STRAIGHT AND LEVEL,UNKNOWN,UNKNOWN,NOT ON SCENE (DESK REPORT),NO INJURY / DRIVE AWAY,Y,,,"OVER $1,500",03/29/2023 08:00:00 PM,UNABLE TO DETERMINE,UNABLE TO DETERMINE,2010,W,MARQUETTE RD,726.0,,,,,,,2,NO INDICATION OF INJURY,0.0,0.0,0.0,0.0,0.0,3.0,0.0,18,4,3,41.7721809447,-87.6741978345,POINT (-87.674197834534 41.77218094468)
0674f763849af0f4643b7c49bc4a56f852e034421fabb2ad9031503eb8dba73370b0f71fe5affafbb25543a75180337857f6f9d87f6325ba7a4ff49c07d1e9db,JF129525,,01/31/2022 07:45:00 AM,30,TRAFFIC SIGNAL,FUNCTIONING PROPERLY,CLEAR,DAYLIGHT,PEDALCYCLIST,NOT DIVIDED,,STRAIGHT ON GRADE,WET,NO DEFECTS,NOT ON SCENE (DESK REPORT),INJURY AND / OR TOW DUE TO CRASH,,,Y,$500 OR LESS,01/31/2022 11:08:00 AM,FAILING TO YIELD RIGHT-OF-WAY,NOT APPLICABLE,2001,W,MONTROSE AVE,1911.0,,,,,,,2,NONINCAPACITATING INJURY,1.0,0.0,0.0,1.0,0.0,1.0,0.0,7,2,1,41.9613472993,-87.6790380679,POINT (-87.679038067864 41.961347299293)
bc9e82606f0c6a9f70dd77595350482aa688b5466d1c484db188980063bdd3a3bedf84eaeacba25a2a22d3d18f7996f3c2fb219eccbb09346c0d3cf605e3ea40,JE202883,,04/18/2021 11:15:00 AM,30,NO CONTROLS,NO CONTROLS,CLEAR,DAYLIGHT,PARKED MOTOR VEHICLE,NOT DIVIDED,,STRAIGHT AND LEVEL,DRY,NO DEFECTS,NOT ON SCENE (DESK REPORT),INJURY AND / OR TOW DUE TO CRASH,,,,"OVER $1,500",04/18/2021 11:21:00 AM,UNABLE TO DETERMINE,NOT APPLICABLE,1450,N,LARAMIE AVE,2532.0,,,,,,,2,NO INDICATION OF INJURY,0.0,0.0,0.0,0.0,0.0,1.0,0.0,11,1,4,41.9073686413,-87.7560423724,POINT (-87.756042372439 41.907368641288)
f5c08135d8b4a993d1e56fb5dd6bb4dea62244ba07b02c4b5107dac6c23ac8394df3eb73f8aaf9a4aeba40f9d077b1120ab91e72b021acfca396ab6f42bde217,JB495050,Y,10/29/2018 03:43:00 PM,30,TRAFFIC SIGNAL,FUNCTIONING PROPERLY,CLEAR,DAYLIGHT,TURNING,DIVIDED - W/MEDIAN (NOT RAISED),2.0,STRAIGHT AND LEVEL,DRY,NO DEFECTS,ON SCENE,INJURY AND / OR TOW DUE TO CRASH,,,Y,"OVER $1,500",10/29/2018 03:48:00 PM,FOLLOWING TOO CLOSELY,UNABLE TO DETERMINE,3099,W,CERMAK RD,1033.0,,,,,,,2,"REPORTED, NOT EVIDENT",1.0,0.0,0.0,0.0,1.0,9.0,0.0,15,2,10,41.8516902263,-87.702748849,POINT (-87.702748848996 41.851690226335)
4271556dd50af19df07f3414738af2dd7ab840e7ee2c2df7f3c1723b0195c061833ee01e913f599135372bf76440af34b07c4978a03e76b8d0e2721b3577f00d,HY452839,,10/07/2015 09:40:00 AM,30,NO CONTROLS,NO CONTROLS,CLEAR,DAYLIGHT,REAR END,DIVIDED - W/MEDIAN (NOT RAISED),,STRAIGHT AND LEVEL,DRY,NO DEFECTS,NOT ON SCENE (DESK REPORT),NO INJURY / DRIVE AWAY,,,,$500 OR LESS,10/07/2015 11:30:00 AM,FOLLOWING TOO CLOSELY,NOT APPLICABLE,200,E,63RD ST,311.0,,,,,,,2,NO INDICATION OF INJURY,0.0,0.0,0.0,0.0,0.0,2.0,0.0,9,4,10,41.7802272622,-87.6203636412,POINT (-87.620363641189 41.780227262204)
b01ed5f557f1303bfb9ba849b866b047493651518a97fe37679aee57f4bd5e9abcdb9cdffde4c3673ab435ce3e53bb74c8cb780689f482918d230c602e9ee7bb,JE480969,,12/17/2021 04:00:00 PM,30,TRAFFIC SIGNAL,FUNCTIONING PROPERLY,CLEAR,DAYLIGHT,REAR END,NOT DIVIDED,,STRAIGHT AND LEVEL,DRY,NO DEFECTS,NOT ON SCENE (DESK REPORT),NO INJURY / DRIVE AWAY,,,Y,"OVER $1,500",12/17/2021 05:50:00 PM,FAILING TO REDUCE SPEED TO AVOID CRASH,DRIVING SKILLS/KNOWLEDGE/EXPERIENCE,7600,S,HALSTED ST,621.0,,,,,,,2,NO INDICATION OF INJURY,0.0,0.0,0.0,0.0,0.0,2.0,0.0,16,6,12,41.7559957905,-87.6443282389,POINT (-87.644328238864 41.755995790481)
f9e2da272ae328ff596237d4411f6c1728b960fb4fdce95b033a14a155b79c93339256c760d4ac3ce8569d3cbc32769e9b3bce9b45450401abffe1b8ab032fb5,JC532385,,12/02/2019 09:03:00 PM,30,TRAFFIC SIGNAL,FUNCTIONING PROPERLY,UNKNOWN,"DARKNESS, LIGHTED ROAD",REAR END,NOT DIVIDED,,STRAIGHT AND LEVEL,UNKNOWN,UNKNOWN,NOT ON SCENE (DESK REPORT),NO INJURY / DRIVE AWAY,Y,,,"OVER $1,500",12/02/2019 09:30:00 PM,FAILING TO REDUCE SPEED TO AVOID CRASH,NOT APPLICABLE,6400,S,COTTAGE GROVE AVE,312.0,,,,,,,2,NO INDICATION OF INJURY,0.0,0.0,0.0,0.0,0.0,3.0,0.0,21,2,12,41.7785017943,-87.6060350864,POINT (-87.606035086379 41.778501794315)
7e19101a32c7f294425908726ac1fcf2a1fcceda4e6bd5605c3106611e9e630b90e7d31ecf0aa808a3d6e89618f267cf2a11a6389efa5727fc4d94af7cd9ce6e,HZ309060,,06/15/2016 02:45:00 PM,30,STOP SIGN/FLASHER,FUNCTIONING PROPERLY,CLEAR,DAYLIGHT,REAR END,NOT DIVIDED,2.0,STRAIGHT AND LEVEL,DRY,NO DEFECTS,NOT ON SCENE (DESK REPORT),INJURY AND / OR TOW DUE TO CRASH,,,,$500 OR LESS,06/15/2016 05:45:00 PM,UNABLE TO DETERMINE,UNABLE TO DETERMINE,300,S,CICERO AVE,1533.0,,,,,,,3,NONINCAPACITATING INJURY,1.0,0.0,0.0,1.0,0.0,4.0,0.0,14,4,6,41.8767606549,-87.7452916664,POINT (-87.745291666388 41.876760654888)
e22fd371c3f618694ea15cac4e47ee1a4012cde6e6701c84feb8f626bb338dc5f7abcb5fc33f0cf165468e7352de0eeaaa5e42b5fb9ab31cb732572e4d88f640,JD380278,,09/26/2020 12:00:00 AM,30,NO CONTROLS,NO CONTROLS,UNKNOWN,"DARKNESS, LIGHTED ROAD",HEAD ON,NOT DIVIDED,,STRAIGHT AND LEVEL,UNKNOWN,NO DEFECTS,NOT ON SCENE (DESK REPORT),NO INJURY / DRIVE AWAY,,,Y,"OVER $1,500",09/26/2020 05:00:00 PM,UNABLE TO DETERMINE,NOT APPLICABLE,5056,W,LE MOYNE ST,2533.0,,,,,,,2,NO INDICATION OF INJURY,0.0,0.0,0.0,0.0,0.0,3.0,0.0,0,7,9,41.907827719,-87.7532990902,POINT (-87.753299090244 41.907827719019)
b87f4fc2eedf02ae0323595f6a7f27555b8a9369c79254dfe55ab591dbd45166d582a36f2c03651505a74571ed9cf99084f3a2ebfa506d15333dfaf733d3b99a,JB348574,,07/13/2018 07:27:00 PM,20,NO CONTROLS,NO CONTROLS,CLEAR,DUSK,PARKED MOTOR VEHICLE,NOT DIVIDED,2.0,STRAIGHT AND LEVEL,DRY,NO DEFECTS,ON SCENE,INJURY AND / OR TOW DUE TO CRASH,,,,"$501 - $1,500",07/13/2018 07:27:00 PM,DRIVING SKILLS/KNOWLEDGE/EXPERIENCE,NOT APPLICABLE,821,W,LAWRENCE AVE,1914.0,,,,,,,2,NONINCAPACITATING INJURY,1.0,0.0,0.0,1.0,0.0,2.0,0.0,19,6,7,41.9690302606,-87.6510724923,POINT (-87.651072492262 41.96903026064)
91adb11aa8c7dbeec5d887e0c341110f78b6acd027c075d6c9c0b30b9b62792ec4dad88c9b977fd5811cd52f37297d094fc2f8e0be68d652984211b7bb29cec0,JD254724,,05/31/2020 03:00:00 PM,30,NO CONTROLS,NO CONTROLS,CLEAR,DAYLIGHT,SIDESWIPE OPPOSITE DIRECTION,NOT DIVIDED,,STRAIGHT AND LEVEL,DRY,NO DEFECTS,NOT ON SCENE (DESK REPORT),NO INJURY / DRIVE AWAY,,,Y,"OVER $1,500",06/05/2020 02:50:00 PM,IMPROPER LANE USAGE,NOT APPLICABLE,1550,E,75TH PL,411.0,,,,,,,2,NO INDICATION OF INJURY,0.0,0.0,0.0,0.0,0.0,2.0,0.0,15,1,5,41.7579625101,-87.5863826825,POINT (-87.586382682492 41.757962510059)
14fd006afd516b3339f1c0b1bc31888df35afaa9b95e951917e36d1d5d367cc435df26a43fee6e1caf6ef2a8e1c3175dbb7f35639d5ad875986e2a52a2f3c79d,JB231624,,04/20/2018 04:40:00 PM,30,TRAFFIC SIGNAL,UNKNOWN,CLEAR,DAYLIGHT,TURNING,NOT DIVIDED,4.0,STRAIGHT AND LEVEL,DRY,UNKNOWN,NOT ON SCENE (DESK REPORT),NO INJURY / DRIVE AWAY,,,Y,"$501 - $1,500",04/20/2018 06:55:00 PM,UNABLE TO DETERMINE,UNABLE TO DETERMINE,201,W,CERMAK RD,914.0,,,,,,,2,NO INDICATION OF INJURY,0.0,0.0,0.0,0.0,0.0,2.0,0.0,16,6,4,41.8527401833,-87.6321465554,POINT (-87.632146555406 41.852740183338)
c5bdc7d8a5dc2694209cc1a66394f57bc66f93bd95344f37112747463b04d628423434fb782ed26dfbf3258e962370de6e4deb347692f0c2c8ec08f4e665319d,JE152107,,02/25/2021 02:30:00 PM,20,STOP SIGN/FLASHER,FUNCTIONING PROPERLY,CLEAR,DAYLIGHT,ANGLE,FOUR WAY,,STRAIGHT AND LEVEL,DRY,NO DEFECTS,ON SCENE,INJURY AND / OR TOW DUE TO CRASH,Y,,,"OVER $1,500",02/25/2021 02:50:00 PM,DISREGARDING STOP SIGN,FAILING TO YIELD RIGHT-OF-WAY,832,W,95TH ST,2223.0,,,,,,,2,NO INDICATION OF INJURY,0.0,0.0,0.0,0.0,0.0,2.0,0.0,14,5,2,41.7215534977,-87.6444890271,POINT (-87.644489027129 41.721553497732)
6451cf84fe53d45646a9a78ebff7b183bc0a0166bae5b691ed2bf76d00fb118b299dbe4fe1b0612b67bfb2024e2680b64c9eea5d42ddcf52ba8f34cf790a5f53,JF248378,,05/19/2022 03:33:00 PM,30,NO CONTROLS,NO CONTROLS,CLEAR,DAYLIGHT,REAR END,NOT DIVIDED,,STRAIGHT AND LEVEL,DRY,NO DEFECTS,NOT ON SCENE (DESK REPORT),NO INJURY / DRIVE AWAY,,,Y,"OVER $1,500",05/19/2022 05:45:00 PM,FAILING TO REDUCE SPEED TO AVOID CRASH,DRIVING SKILLS/KNOWLEDGE/EXPERIENCE,4200,W,62ND ST,813.0,,,,,,,3,NO INDICATION OF INJURY,0.0,0.0,0.0,0.0,0.0,2.0,0.0,15,5,5,41.7805299139,-87.7277594787,POINT (-87.727759478744 41.780529913911)
a98bff5659c79577ddcceff8f404fe2f6953c72e247a54b5bdc042df0567d44945352056e61b26ad034da72a9b6e3c28ef187f2c3cbd973f9da1542f777fcf87,JC551223,,12/18/2019 09:43:00 AM,30,TRAFFIC SIGNAL,FUNCTIONING PROPERLY,CLEAR,DAYLIGHT,SIDESWIPE SAME DIRECTION,DIVIDED - W/MEDIAN BARRIER,,STRAIGHT AND LEVEL,DRY,NO DEFECTS,NOT ON SCENE (DESK REPORT),NO INJURY / DRIVE AWAY,,,,"$501 - $1,500",12/18/2019 10:24:00 AM,FAILING TO YIELD RIGHT-OF-WAY,UNABLE TO DETERMINE,15,S,MICHIGAN AVE,114.0,,,,,,,2,NO INDICATION OF INJURY,0.0,0.0,0.0,0.0,0.0,2.0,0.0,9,4,12,41.8817117375,-87.6242078417,POINT (-87.624207841709 41.881711737465)
1bbaf702fe14d18337a0d37a1f87f06ac49e4ff23398953e3aef995c491f3aae839a364f02a470e665af4ba109b9c246a8d3e0269f7d58530062ed144cacc47f,JB282456,,05/28/2018 03:40:00 PM,30,TRAFFIC SIGNAL,FUNCTIONING PROPERLY,CLEAR,DAYLIGHT,FIXED OBJECT,NOT DIVIDED,,STRAIGHT AND LEVEL,DRY,NO DEFECTS,NOT ON SCENE (DESK REPORT),NO INJURY / DRIVE AWAY,,,,"OVER $1,500",05/28/2018 04:15:00 PM,UNABLE TO DETERMINE,UNABLE TO DETERMINE,598,S,KEDZIE AVE,1134.0,,,,,,,1,NO INDICATION OF INJURY,0.0,0.0,0.0,0.0,0.0,2.0,0.0,15,2,5,41.8737130143,-87.7060647568,POINT (-87.706064756826 41.873713014276)
b6678d3111e9f03a523b6a3289ce5c567e0c2ad8bab0a15a2ba36f8263e6eb38a2568b8e589154f2104bdeef71c5932bb58c77607f9ffc60999aea46f16e0803,JD453081,,12/08/2020 11:20:00 AM,30,NO CONTROLS,NO CONTROLS,CLEAR,DAYLIGHT,PARKED MOTOR VEHICLE,NOT DIVIDED,,STRAIGHT AND LEVEL,DRY,NO DEFECTS,NOT ON SCENE (DESK REPORT),NO INJURY / DRIVE AWAY,,,,"$501 - $1,500",12/08/2020 12:45:00 PM,UNABLE TO DETERMINE,NOT APPLICABLE,1505,N,KOSTNER AVE,2534.0,,,,,,,2,,,,,,,,,11,3,12,41.9078508437,-87.7361378952,POINT (-87.73613789516 41.907850843652)
6635c45463654dbf069f2b35cfb6fade42b83fbb218d67613a06df20d38af3df4001d8d2c756c65670a0691daa10c4bcc16349e9cebfc2578e60be0c1d0c617b,JA498049,,11/03/2017 11:15:00 PM,30,STOP SIGN/FLASHER,FUNCTIONING PROPERLY,CLEAR,"DARKNESS, LIGHTED ROAD",ANGLE,OTHER,3.0,STRAIGHT AND LEVEL,DRY,NO DEFECTS,ON SCENE,INJURY AND / OR TOW DUE TO CRASH,Y,,,"OVER $1,500",11/04/2017 12:45:00 AM,UNABLE TO DETERMINE,UNABLE TO DETERMINE,5600,S,MICHIGAN AVE,225.0,,,,,,,2,"REPORTED, NOT EVIDENT",2.0,0.0,0.0,0.0,2.0,1.0,0.0,23,6,11,41.7928095051,-87.622562967,POINT (-87.622562966972 41.792809505121)
6fb01252edfbbf5930b7c03ed421c3546d1d4b4b74162f796c1d1d0d84ba97d3513ef81fca26ed542e23830ebaef513d7eba008266ae46dcec3a45d82382f3e2,JC527639,,11/28/2019 01:00:00 PM,25,NO CONTROLS,NO CONTROLS,CLEAR,DAYLIGHT,ANGLE,ONE-WAY,,STRAIGHT AND LEVEL,DRY,NO DEFECTS,ON SCENE,INJURY AND / OR TOW DUE TO CRASH,,,,"OVER $1,500",11/28/2019 01:01:00 PM,FAILING TO YIELD RIGHT-OF-WAY,DRIVING SKILLS/KNOWLEDGE/EXPERIENCE,416,N,PINE AVE,1523.0,,,,,,,2,NONINCAPACITATING INJURY,4.0,0.0,0.0,4.0,0.0,1.0,0.0,13,5,11,41.8882312326,-87.7634531308,POINT (-87.763453130846 41.888231232593)
46dda15a78655715a75dfaae7623f7eff581cfd9e3a87cc840f78a5db0e64e85d0dec9752799eee3dfcb09fae3b77b614d1ff749ce07eea5c6dd25b4988a1fad,JE227526,,05/12/2021 10:07:00 AM,15,NO CONTROLS,NO CONTROLS,CLEAR,DAYLIGHT,PARKED MOTOR VEHICLE,PARKING LOT,,STRAIGHT AND LEVEL,DRY,NO DEFECTS,ON SCENE,NO INJURY / DRIVE AWAY,,,Y,"OVER $1,500",05/12/2021 10:28:00 AM,IMPROPER BACKING,NOT APPLICABLE,2337,W,CERMAK RD,1034.0,,,,,,,2,NO INDICATION OF INJURY,0.0,0.0,0.0,0.0,0.0,1.0,0.0,10,4,5,41.8519284169,-87.6847264916,POINT (-87.684726491641 41.851928416854)
8732555b65ab5ab78848364a3868e08f15ba1ffc199d93289e30a314f967660924c09f71955f224f5cba98a9174bafcb95b3b3245bc90af0ddcf860fa35a1791,JD413947,,10/28/2020 11:05:00 PM,30,NO CONTROLS,NO CONTROLS,CLEAR,"DARKNESS, LIGHTED ROAD",PARKED MOTOR VEHICLE,NOT DIVIDED,,STRAIGHT ON GRADE,DRY,NO DEFECTS,ON SCENE,INJURY AND / OR TOW DUE TO CRASH,,,,"OVER $1,500",10/28/2020 11:08:00 PM,"EVASIVE ACTION DUE TO ANIMAL, OBJECT, NONMOTORIST",UNABLE TO DETERMINE,5646,W,63RD ST,812.0,,,,,,,2,NO INDICATION OF INJURY,0.0,0.0,0.0,0.0,0.0,1.0,0.0,23,4,10,41.7781254762,-87.7636032568,POINT (-87.76360325681 41.778125476175)
f25f892f2de7c1770e6077e414c51aacf4a96bf01a58da52420caf10ecab08187b7b147c3ce3b082edb5713fd4b932dc1f494acb3e07ce6aacdd9b6d20418fd6,JE480491,Y,12/16/2021 11:00:00 PM,30,NO CONTROLS,NO CONTROLS,CLEAR,"DARKNESS, LIGHTED ROAD",PARKED MOTOR VEHICLE,ONE-WAY,,STRAIGHT AND LEVEL,UNKNOWN,UNKNOWN,NOT ON SCENE (DESK REPORT),NO INJURY / DRIVE AWAY,,,Y,"OVER $1,500",12/17/2021 11:10:00 AM,UNABLE TO DETERMINE,UNABLE TO DETERMINE,3925,W,WELLINGTON AVE,2523.0,,,,,,,2,NO INDICATION OF INJURY,0.0,0.0,0.0,0.0,0.0,1.0,0.0,23,5,12,41.9353307515,-87.7255911937,POINT (-87.725591193705 41.935330751505)
9fcc6e2b7e8fcb85380a35391979cc8885546a4d3d11b796d48939779b924412f9e2effd7ff99edd3aecb4f15664332a1d49fe1f9baf3a26953537bae5406c76,JB449512,,09/24/2018 08:30:00 PM,35,STOP SIGN/FLASHER,FUNCTIONING PROPERLY,CLEAR,"DARKNESS, LIGHTED ROAD",PEDALCYCLIST,NOT DIVIDED,2.0,STRAIGHT AND LEVEL,DRY,NO DEFECTS,ON SCENE,INJURY AND / OR TOW DUE TO CRASH,,,,$500 OR LESS,09/24/2018 08:40:00 PM,FAILING TO YIELD RIGHT-OF-WAY,UNABLE TO DETERMINE,10800,S,EWING AVE,432.0,,,,,,,2,NONINCAPACITATING INJURY,1.0,0.0,0.0,1.0,0.0,1.0,0.0,20,2,9,41.6990125228,-87.5354279136,POINT (-87.53542791363 41.699012522767)
43feb390ab442d1fd05884e80a17c9f60a57a4532506013c480ead725cc275cc8682f14abfa5107edde4e0724473c46bea53f35315648b4e0f17d93543149526,JD181017,,03/10/2020 05:30:00 AM,30,TRAFFIC SIGNAL,UNKNOWN,CLEAR,DAYLIGHT,TURNING,NOT DIVIDED,,STRAIGHT AND LEVEL,DRY,UNKNOWN,NOT ON SCENE (DESK REPORT),NO INJURY / DRIVE AWAY,Y,,,"OVER $1,500",03/10/2020 05:00:00 PM,FAILING TO YIELD RIGHT-OF-WAY,NOT APPLICABLE,500,S,PULASKI RD,1132.0,,,,,,,2,NO INDICATION OF INJURY,0.0,0.0,0.0,0.0,0.0,2.0,0.0,5,3,3,41.8743420452,-87.725589998,POINT (-87.725589998037 41.874342045195)