CRASH_RECORD_ID,RD_NO,CRASH_DATE_EST_I,CRASH_DATE,POSTED_SPEED_LIMIT,TRAFFIC_CONTROL_DEVICE,DEVICE_CONDITION,WEATHER_CONDITION,LIGHTING_CONDITION,FIRST_CRASH_TYPE,TRAFFICWAY_TYPE,LANE_CNT,ALIGNMENT,ROADWAY_SURFACE_COND,ROAD_DEFECT,REPORT_TYPE,CRASH_TYPE,INTERSECTION_RELATED_I,NOT_RIGHT_OF_WAY_I,HIT_AND_RUN_I,DAMAGE,DATE_POLICE_NOTIFIED,PRIM_CONTRIBUTORY_CAUSE,SEC_CONTRIBUTORY_CAUSE,STREET_NO,STREET_DIRECTION,STREET_NAME,BEAT_OF_OCCURRENCE,PHOTOS_TAKEN_I,STATEMENTS_TAKEN_I,DOORING_I,WORK_ZONE_I,WORK_ZONE_TYPE,WORKERS_PRESENT_I,NUM_UNITS,MOST_SEVERE_INJURY,INJURIES_TOTAL,INJURIES_FATAL,INJURIES_INCAPACITATING,INJURIES_NON_INCAPACITATING,INJURIES_REPORTED_NOT_EVIDENT,INJURIES_NO_INDICATION,INJURIES_UNKNOWN,CRASH_HOUR,CRASH_DAY_OF_WEEK,CRASH_MONTH,LATITUDE,LONGITUDE,LOCATION
4504f24719c633f10f8a7d0dc884eb753eb64d1ab62776543d28ee60cccbb567131df811bd244360cd586f773ec9332c536feb19a37851b4b79e07d0e350f50a,JB449389,,09/24/2018 06:30:00 PM,30,TRAFFIC SIGNAL,FUNCTIONING PROPERLY,CLEAR,DUSK,REAR END,NOT DIVIDED,2.0,STRAIGHT AND LEVEL,DRY,NO DEFECTS,NOT ON SCENE (DESK REPORT),NO INJURY / DRIVE AWAY,Y,,,$500 OR LESS,09/24/2018 07:25:00 PM,FOLLOWING TOO CLOSELY,NOT APPLICABLE,3202,N,CICERO AVE,1634.0,,,,,,,2,NO INDICATION OF INJURY,0.0,0.0,0.0,0.0,0.0,2.0,0.0,18,2,9,41.9389292601,-87.7470210297,POINT (-87.74702102972 41.938929260096)
cdfeec2b74a0c070b68c8d030acbb8aede20108c6f78b31ff7fa6168135d2b67cd0060cbdcc9339fce5d7206808e942e17dec5dfefa49e46e08d0839f3614999,JC157459,,02/18/2019 07:00:00 PM,30,NO CONTROLS,NO CONTROLS,SNOW,DARKNESS,PARKED MOTOR VEHICLE,NOT DIVIDED,,STRAIGHT AND LEVEL,WET,UNKNOWN,NOT ON SCENE (DESK REPORT),NO INJURY / DRIVE AWAY,,,Y,"OVER $1,500",02/18/2019 08:38:00 PM,UNABLE TO DETERMINE,NOT APPLICABLE,4314,S,PULASKI RD,815.0,,,,,,,2,NO INDICATION OF INJURY,0.0,0.0,0.0,0.0,0.0,1.0,0.0,19,2,2,41.814703243,-87.7239900294,POINT (-87.723990029371 41.814703242967)
ecc4d6bd73f72a069efe18a756edf786d527d305b3d42bdac5eac2fc46d3a7c695bac3d9739c4f43d1434fc3464d69cc7eba287f8f5b6189ceed3765d57ae947,JE492869,,12/30/2021 12:02:00 PM,30,STOP SIGN/FLASHER,FUNCTIONING PROPERLY,CLEAR,DAYLIGHT,TURNING,FOUR WAY,,STRAIGHT AND LEVEL,DRY,NO DEFECTS,ON SCENE,INJURY AND / OR TOW DUE TO CRASH,Y,,Y,"OVER $1,500",12/30/2021 12:04:00 PM,DISREGARDING STOP SIGN,DISREGARDING STOP SIGN,5300,W,HARRISON ST,1522.0,,,,,,,3,"REPORTED, NOT EVIDENT",1.0,0.0,0.0,0.0,1.0,1.0,0.0,12,5,12,41.8730236314,-87.7575231749,POINT (-87.757523174925 41.873023631427)
ac3dc0f998467f9bce82ab93d49d60ff6145bba38f0d3781878904cf7b0791206a484670682b687e731f1025b63c1372145b99ebad605e59b90de1e997fd67ea,JE322026,Y,08/01/2021 08:00:00 AM,25,NO CONTROLS,NO CONTROLS,UNKNOWN,UNKNOWN,PARKED MOTOR VEHICLE,NOT DIVIDED,,STRAIGHT AND LEVEL,UNKNOWN,NO DEFECTS,ON SCENE,INJURY AND / OR TOW DUE TO CRASH,,,Y,"OVER $1,500",08/01/2021 10:54:00 AM,UNABLE TO DETERMINE,UNABLE TO DETERMINE,4720,N,CENTRAL PARK AVE,1723.0,,,,,,,2,NO INDICATION OF INJURY,0.0,0.0,0.0,0.0,0.0,1.0,0.0,8,1,8,41.9671824282,-87.7183646251,POINT (-87.718364625082 41.967182428157)
06aff3f967df45b8a5519bc9f79e05961b5451be83be3c11bc167ed7ce226a551fd17fbe3eba352129b47131bee1c23f8fa7077702e79153d723e2ed6323aa76,JB258524,,05/10/2018 06:00:00 PM,30,NO CONTROLS,NO CONTROLS,CLEAR,DAYLIGHT,SIDESWIPE SAME DIRECTION,DIVIDED - W/MEDIAN (NOT RAISED),,STRAIGHT AND LEVEL,DRY,NO DEFECTS,NOT ON SCENE (DESK REPORT),NO INJURY / DRIVE AWAY,,,Y,"OVER $1,500",05/10/2018 06:30:00 PM,UNABLE TO DETERMINE,UNABLE TO DETERMINE,7900,S,LAFAYETTE AVE,623.0,,,,,,,2,NO INDICATION OF INJURY,0.0,0.0,0.0,0.0,0.0,2.0,0.0,18,5,5,41.7508910466,-87.6259685054,POINT (-87.625968505423 41.750891046593)
d442ccba3387569baa7585e9ac23e93460a5bc1bff24b127894abda05db972e8143dc676f1fd9cae17e5fa1f357ba61fb65ab05b9138cd58c07da4b53e542acd,JF400328,,09/18/2022 12:30:00 AM,30,NO CONTROLS,NO CONTROLS,CLEAR,"DARKNESS, LIGHTED ROAD",SIDESWIPE SAME DIRECTION,ONE-WAY,,STRAIGHT AND LEVEL,DRY,NO DEFECTS,ON SCENE,NO INJURY / DRIVE AWAY,,,,"OVER $1,500",09/18/2022 12:48:00 AM,UNABLE TO DETERMINE,NOT APPLICABLE,159,W,GRAND AVE,1831.0,,,,,,,2,NO INDICATION OF INJURY,0.0,0.0,0.0,0.0,0.0,5.0,0.0,0,1,9,41.8914841074,-87.6334565073,POINT (-87.633456507273 41.891484107433)
d9b67f4a0cfb0904705312bd1d9577e5b2f1e4c573b2799a5b5348d11e38f304bc60c23eac90e0b46bc7d82f3364e91c262bcd76605ee0bd91f1edfcc32b913c,JG123333,,01/20/2023 02:23:00 PM,40,NO CONTROLS,NO CONTROLS,CLEAR,DAYLIGHT,REAR END,DIVIDED - W/MEDIAN BARRIER,,STRAIGHT AND LEVEL,DRY,NO DEFECTS,NOT ON SCENE (DESK REPORT),NO INJURY / DRIVE AWAY,,,,"OVER $1,500",01/20/2023 02:24:00 PM,FOLLOWING TOO CLOSELY,FOLLOWING TOO CLOSELY,600,W,WAVELAND AVE,1925.0,,,,,,,2,NO INDICATION OF INJURY,0.0,0.0,0.0,0.0,0.0,2.0,0.0,14,6,1,41.9505220906,-87.6447258413,POINT (-87.644725841261 41.950522090576)
e6798609006f174b0d870bbf49a06ef9c6d45a1c727eed7b26c0861b45746ee62c6538f4386e4e0d1d1edff6f881fa2f9bb54eb7e598c75bc1dd262a20f89137,JE186915,,04/02/2021 06:30:00 AM,30,TRAFFIC SIGNAL,FUNCTIONING PROPERLY,CLEAR,DAWN,SIDESWIPE SAME DIRECTION,FOUR WAY,,STRAIGHT AND LEVEL,DRY,NO DEFECTS,NOT ON SCENE (DESK REPORT),NO INJURY / DRIVE AWAY,Y,,,"$501 - $1,500",04/02/2021 08:15:00 AM,IMPROPER OVERTAKING/PASSING,NOT APPLICABLE,5801,N,CICERO AVE,1711.0,,,,,,,2,NO INDICATION OF INJURY,0.0,0.0,0.0,0.0,0.0,2.0,0.0,6,6,4,41.9862691156,-87.7481623586,POINT (-87.748162358572 41.986269115646)
df32630bfee2d7e6490941d24033e012440905c1499317cf41b4a2c74ed0c7b95f4fa18c6469db67b3908e531d2fc5b0ad876de97a46c739dbb3661d8e8af835,JF206192,,04/12/2022 10:45:00 PM,30,TRAFFIC SIGNAL,FUNCTIONING PROPERLY,CLEAR,"DARKNESS, LIGHTED ROAD",TURNING,FOUR WAY,,STRAIGHT AND LEVEL,DRY,NO DEFECTS,ON SCENE,INJURY AND / OR TOW DUE TO CRASH,Y,,,"OVER $1,500",04/12/2022 10:50:00 PM,FAILING TO YIELD RIGHT-OF-WAY,UNABLE TO DETERMINE,600,S,LOOMIS ST,1231.0,,,,,,,2,NO INDICATION OF INJURY,0.0,0.0,0.0,0.0,0.0,2.0,0.0,22,3,4,41.8741584412,-87.6619340668,POINT (-87.661934066829 41.874158441246)
2ab8451c31e65150beef99d3915897d0e5442e03039234be7b9240c4fe874358a0a7efa3289d0fa7f007e56803ce58eca50d166a0d7b2358bc206a82b4aae30a,JF522238,,12/25/2022 11:50:00 AM,30,TRAFFIC SIGNAL,UNKNOWN,CLEAR,DAYLIGHT,ANGLE,FOUR WAY,,STRAIGHT AND LEVEL,DRY,NO DEFECTS,ON SCENE,INJURY AND / OR TOW DUE TO CRASH,Y,,,"OVER $1,500",12/25/2022 12:04:00 PM,FAILING TO YIELD RIGHT-OF-WAY,FAILING TO YIELD RIGHT-OF-WAY,249,W,LAKE ST,122.0,,,,,,,2,NONINCAPACITATING INJURY,2.0,0.0,0.0,2.0,0.0,1.0,0.0,11,1,12,41.8856244391,-87.6353824294,POINT (-87.635382429354 41.885624439117)
0cf1b957774b1be1dc0ac44a697422362d5c394f418d05a58fc6429ec0bf2548beedfe51de7775125f449543c686f82b211d9b66e65ad5a7e978e2ed52880cea,JA337966,,07/07/2017 09:15:00 AM,30,TRAFFIC SIGNAL,FUNCTIONING PROPERLY,RAIN,DAYLIGHT,REAR END,NOT DIVIDED,4.0,STRAIGHT AND LEVEL,WET,NO DEFECTS,NOT ON SCENE (DESK REPORT),NO INJURY / DRIVE AWAY,,,,"$501 - $1,500",07/07/2017 09:23:00 AM,FOLLOWING TOO CLOSELY,UNABLE TO DETERMINE,5601,N,LINCOLN AVE,2011.0,,,,,,,2,NO INDICATION OF INJURY,0.0,0.0,0.0,0.0,0.0,2.0,0.0,9,6,7,41.9832497099,-87.6950780383,POINT (-87.695078038334 41.983249709865)
d12730dcdd94785d71f723f33c73139f2caa0727a5586a91ce8b6ec72ec3505026990809b746a649bb5a20fa3119f25030a99a7d52f233f862b08de0ed886843,JD247857,,05/30/2020 07:30:00 PM,20,NO CONTROLS,NO CONTROLS,CLEAR,DAYLIGHT,REAR END,NOT DIVIDED,,STRAIGHT AND LEVEL,DRY,NO DEFECTS,NOT ON SCENE (DESK REPORT),NO INJURY / DRIVE AWAY,,,,"$501 - $1,500",05/30/2020 08:00:00 PM,FOLLOWING TOO CLOSELY,NOT APPLICABLE,1825,W,WEBSTER AVE,1432.0,,Y,,,,,2,NO INDICATION OF INJURY,0.0,0.0,0.0,0.0,0.0,2.0,0.0,19,7,5,41.9213526351,-87.6736671889,POINT (-87.673667188883 41.92135263512)
74d5712e79b882137a245e3816deef53a43e9b6f7d306edc3f15db527ffaac8cd8ca96c1e1048218a69731adc7a262b5ddc12e5275ee6e4e6f478d6a07bebf7f,JE304738,,07/17/2021 04:42:00 PM,30,TRAFFIC SIGNAL,FUNCTIONING PROPERLY,CLEAR,DAYLIGHT,REAR END,NOT DIVIDED,,STRAIGHT AND LEVEL,DRY,NO DEFECTS,,INJURY AND / OR TOW DUE TO CRASH,,,,"OVER $1,500",07/17/2021 04:52:00 PM,UNABLE TO DETERMINE,NOT APPLICABLE,4152,W,LAKE ST,1114.0,,,,,,,3,"REPORTED, NOT EVIDENT",1.0,0.0,0.0,0.0,1.0,2.0,0.0,16,7,7,41.8858313655,-87.730362142,POINT (-87.730362142016 41.885831365461)
92b7654f16ad0a3d145a4e1308d5eaba3985a15e3e3cda1daf15672c6e87572097a1d5c1323c14c80a639ae6533982f20dd611106b0650253accc8ab121bf7b9,JF261556,,05/30/2022 09:00:00 PM,15,NO CONTROLS,NO CONTROLS,CLEAR,DUSK,PEDALCYCLIST,PARKING LOT,,STRAIGHT AND LEVEL,DRY,NO DEFECTS,ON SCENE,INJURY AND / OR TOW DUE TO CRASH,,,Y,"$501 - $1,500",05/30/2022 09:02:00 PM,UNABLE TO DETERMINE,FAILING TO YIELD RIGHT-OF-WAY,5647,W,DIVERSEY AVE,2514.0,,,,,,,2,NONINCAPACITATING INJURY,1.0,0.0,0.0,1.0,0.0,1.0,0.0,21,2,5,41.9311426146,-87.7681440463,POINT (-87.768144046313 41.931142614579)
da3dda08c931b4448b5b932af3fa8a7f108a011b36d50a4453fa1e0eaa24cb32d11b5649b10446888f3a04f01fa01f9b97044f210139ce8e6149a822e979ae67,JC120462,,01/17/2019 01:24:00 PM,30,NO CONTROLS,NO CONTROLS,CLEAR,DAYLIGHT,PARKED MOTOR VEHICLE,ONE-WAY,,STRAIGHT AND LEVEL,DRY,NO DEFECTS,ON SCENE,NO INJURY / DRIVE AWAY,,,,"OVER $1,500",01/17/2019 02:40:00 PM,UNABLE TO DETERMINE,NOT APPLICABLE,1060,W,ADAMS ST,1232.0,,,,,,,2,NO INDICATION OF INJURY,0.0,0.0,0.0,0.0,0.0,1.0,0.0,13,5,1,41.8792131188,-87.6543333308,POINT (-87.654333330775 41.87921311885)
922f03fa4dfa6e3593291161f5f5276db4170b2e7b001f49dd3d3763b5a458cb83b716432f525861be6c769eec755420c4e743316e4010b2925c39c672fdd8a8,JB207310,,04/01/2018 01:30:00 AM,30,NO CONTROLS,NO CONTROLS,CLEAR,DUSK,PARKED MOTOR VEHICLE,NOT DIVIDED,2.0,STRAIGHT AND LEVEL,DRY,NO DEFECTS,ON SCENE,INJURY AND / OR TOW DUE TO CRASH,,,N,"OVER $1,500",04/01/2018 09:05:00 AM,DRIVING SKILLS/KNOWLEDGE/EXPERIENCE,NOT APPLICABLE,1631,N,CENTRAL PARK AVE,1422.0,,,,,,,2,NO INDICATION OF INJURY,0.0,0.0,0.0,0.0,0.0,1.0,0.0,1,1,4,41.910932964,-87.716429278,POINT (-87.716429277991 41.910932964029)
3b65bf65d81070832eb00cb30f730acdd11e387cdc7e1fa433afc548bdc8e98a97d3443614150644ef79d8e15b259316692dbccd7b18ae3a18fa1cc6dc22b970,JC147019,Y,02/10/2019 12:00:00 AM,15,NO CONTROLS,NO CONTROLS,UNKNOWN,UNKNOWN,PARKED MOTOR VEHICLE,ONE-WAY,1.0,STRAIGHT AND LEVEL,DRY,NO DEFECTS,ON SCENE,NO INJURY / DRIVE AWAY,,,Y,$500 OR LESS,02/10/2019 10:24:00 AM,UNABLE TO DETERMINE,UNABLE TO DETERMINE,6148,S,BISHOP ST,713.0,,,,,,,2,NO INDICATION OF INJURY,0.0,0.0,0.0,0.0,0.0,1.0,0.0,0,1,2,41.7817150754,-87.6607698575,POINT (-87.660769857535 41.781715075435)
567eaac3e3f64203e3c3f60fc5c518f172ac069dab501b6388427b75910446bc3a45d684a011ed3805c8b664da27068f943068b1b2c7d7dda7bdfc684419bef9,JG204442,,03/30/2023 04:18:00 AM,30,TRAFFIC SIGNAL,FUNCTIONING PROPERLY,CLEAR,DARKNESS,TURNING,OTHER,,STRAIGHT AND LEVEL,DRY,NO DEFECTS,NOT ON SCENE (DESK REPORT),NO INJURY / DRIVE AWAY,Y,,,"OVER $1,500",03/30/2023 09:50:00 AM,CELL PHONE USE OTHER THAN TEXTING,NOT APPLICABLE,2759,W,VAN BUREN ST,1135.0,,,,,,,2,NO INDICATION OF INJURY,0.0,0.0,0.0,0.0,0.0,2.0,0.0,4,5,3,41.8758716278,-87.6961232385,POINT (-87.696123238512 41.875871627791)
dd0da892d3c1e1e148cc1c4d56b12d2d929d342c84d0a49de0d055f876f95dd32b37fba9f7dc503a5ce6fc5cf84beb9a7cebb9effe46031f4676cd70498915e1,JD103987,,01/04/2020 11:30:00 AM,30,STOP SIGN/FLASHER,FUNCTIONING PROPERLY,RAIN,DAYLIGHT,REAR END,FOUR WAY,,STRAIGHT AND LEVEL,WET,NO DEFECTS,ON SCENE,NO INJURY / DRIVE AWAY,,,Y,"OVER $1,500",01/04/2020 11:37:00 AM,UNABLE TO DETERMINE,UNABLE TO DETERMINE,800,E,87TH ST,632.0,,,,,,,2,NO INDICATION OF INJURY,0.0,0.0,0.0,0.0,0.0,3.0,0.0,11,7,1,41.7367599578,-87.6047645676,POINT (-87.604764567582 41.736759957791)
8abd36673a182ca47e9f60bd2f37cfc4d65e3bf2de96ed627d15fe8fafa1f6ed7d01e3bacba1a266fe93d661d7f20c5a0b180a4b7447c9e0af49ac1b6bac47db,JA329213,,06/30/2017 01:40:00 PM,30,NO CONTROLS,NO CONTROLS,CLEAR,DAYLIGHT,SIDESWIPE SAME DIRECTION,NOT DIVIDED,,STRAIGHT AND LEVEL,DRY,NO DEFECTS,NOT ON SCENE (DESK REPORT),NO INJURY / DRIVE AWAY,,,N,"$501 - $1,500",06/30/2017 05:18:00 PM,UNABLE TO DETERMINE,UNABLE TO DETERMINE,3860,W,ROOSEVELT RD,1133.0,,,,,,,2,NO INDICATION OF INJURY,0.0,0.0,0.0,0.0,0.0,2.0,0.0,13,6,6,41.8663162732,-87.722676926,POINT (-87.72267692598 41.866316273221)
18e974fbc090caf5b6413d0ba07a1c39121a34fee6a28b3e01241e995f5f58515ed35535a4907a0e134f12122daa06b9dd205c7779580a3a5839ca48dc10e05d,JE219219,,05/04/2021 11:21:00 AM,30,NO CONTROLS,NO CONTROLS,RAIN,DAYLIGHT,OTHER OBJECT,OTHER,,STRAIGHT AND LEVEL,WET,OTHER,ON SCENE,NO INJURY / DRIVE AWAY,,,,$500 OR LESS,05/04/2021 11:21:00 AM,UNABLE TO DETERMINE,UNABLE TO DETERMINE,1120,W,71ST ST,733.0,,,,Y,CONSTRUCTION,Y,1,NO INDICATION OF INJURY,0.0,0.0,0.0,0.0,0.0,1.0,0.0,11,3,5,41.7651850658,-87.6525895196,POINT (-87.652589519621 41.765185065814)
180ca8c0f4fab0acf450f3343b4fad472e54fc4729eb0823483869026c9f253eb0a3c8ff065f2a8b7ef131d5a146b5a18a8fb9d91acc58ca1df6a40e5ce60c00,JC265133,,05/16/2019 08:22:00 AM,30,NO CONTROLS,NO CONTROLS,CLEAR,DAYLIGHT,PEDALCYCLIST,NOT DIVIDED,,STRAIGHT AND LEVEL,DRY,NO DEFECTS,ON SCENE,NO INJURY / DRIVE AWAY,,,Y,$500 OR LESS,05/16/2019 09:04:00 AM,FAILING TO YIELD RIGHT-OF-WAY,NOT APPLICABLE,1600,N,LAKE SHORE DR,1814.0,,,,,,,2,NO INDICATION OF INJURY,0.0,0.0,0.0,0.0,0.0,4.0,0.0,8,5,5,41.9112245556,-87.6264825724,POINT (-87.626482572426 41.911224555611)
27d11ee2e24e1baae3504c210b3e2f22cf8331081138a6870eda3bf320909cb6ac79b6760cda214b2c5944b1ca67cbbe755ac03670b9322c4231f38215ccbc1b,JF195724,,04/02/2022 08:28:00 PM,30,NO CONTROLS,NO CONTROLS,CLEAR,DARKNESS,FIXED OBJECT,NOT DIVIDED,,STRAIGHT AND LEVEL,UNKNOWN,UNKNOWN,NOT ON SCENE (DESK REPORT),NO INJURY / DRIVE AWAY,,,,"$501 - $1,500",04/03/2022 01:05:00 PM,ROAD CONSTRUCTION/MAINTENANCE,UNABLE TO DETERMINE,1200,W,BELMONT AVE,1924.0,,,,,,,1,NO INDICATION OF INJURY,0.0,0.0,0.0,0.0,0.0,1.0,0.0,20,7,4,41.9399460298,-87.6590776192,POINT (-87.659077619206 41.939946029756)
304583b2044fb17806c688c786c462ea56a7efdafb3009a4b1d1823680bc518ce78eb3c89c1aae9af46837ff748133794a1f9fe6dc600fc30b624852a289f395,JD254075,,06/04/2020 10:09:00 PM,30,NO CONTROLS,UNKNOWN,CLEAR,"DARKNESS, LIGHTED ROAD",TURNING,DIVIDED - W/MEDIAN (NOT RAISED),,STRAIGHT AND LEVEL,DRY,NO DEFECTS,ON SCENE,NO INJURY / DRIVE AWAY,,,,"OVER $1,500",06/04/2020 10:15:00 PM,UNABLE TO DETERMINE,NOT APPLICABLE,8231,S,HALSTED ST,622.0,,,,,,,2,NO INDICATION OF INJURY,0.0,0.0,0.0,0.0,0.0,2.0,0.0,22,5,6,41.7442474561,-87.6437091527,POINT (-87.643709152747 41.744247456062)
a333e7ee0a9ce244703e33a1dea1ce97f2b0295e9d1b6ae2622a28dfc77d9c528c557bf005489548bbc2a1f9075ad615afa51e1fa058869b2913ee18206a3bc4,JB533381,,11/29/2018 01:45:00 PM,35,TRAFFIC SIGNAL,FUNCTIONING PROPERLY,CLEAR,DAYLIGHT,PEDESTRIAN,NOT DIVIDED,2.0,STRAIGHT AND LEVEL,DRY,NO DEFECTS,ON SCENE,INJURY AND / OR TOW DUE TO CRASH,Y,,Y,$500 OR LESS,11/29/2018 01:46:00 PM,FAILING TO YIELD RIGHT-OF-WAY,UNABLE TO DETERMINE,529,N,STATE ST,1834.0,,,,,,,2,"REPORTED, NOT EVIDENT",1.0,0.0,0.0,0.0,1.0,1.0,0.0,13,5,11,41.8916327336,-87.627922044,POINT (-87.627922043996 41.891632733609)
481a77f404cde71bd99fccc8f153fe989359b0c32bfc1378e5abdfeefb5e1c10ad8a1e34413064adb728e4b0b0676bc776c3bbf0b95275dcd9443ff559f1ee51,JE489967,Y,12/25/2021 10:30:00 AM,30,NO CONTROLS,NO CONTROLS,UNKNOWN,"DARKNESS, LIGHTED ROAD",PARKED MOTOR VEHICLE,NOT DIVIDED,,STRAIGHT AND LEVEL,UNKNOWN,NO DEFECTS,NOT ON SCENE (DESK REPORT),NO INJURY / DRIVE AWAY,,,Y,"$501 - $1,500",12/27/2021 11:10:00 AM,UNABLE TO DETERMINE,NOT APPLICABLE,368,E,53RD ST,231.0,,,,,,,2,NO INDICATION OF INJURY,0.0,0.0,0.0,0.0,0.0,1.0,0.0,10,7,12,41.7985660164,-87.6165640455,POINT (-87.616564045548 41.798566016413)
8a9db0069844fb32a0fb87e61765e99ee1fa4b2f57925092c643a2b7267ea64427a4366e268018d7f8afffc7555a4be8f4efeea9bc9c8d116c0124ec21c1e2cc,JF461669,,10/27/2022 05:50:00 AM,30,TRAFFIC SIGNAL,FUNCTIONING PROPERLY,RAIN,"DARKNESS, LIGHTED ROAD",REAR END,NOT DIVIDED,,STRAIGHT AND LEVEL,WET,UNKNOWN,NOT ON SCENE (DESK REPORT),NO INJURY / DRIVE AWAY,Y,,,"OVER $1,500",11/04/2022 08:35:00 AM,FOLLOWING TOO CLOSELY,FOLLOWING TOO CLOSELY,1800,W,DIVISION ST,1424.0,,,,,,,2,NO INDICATION OF INJURY,0.0,0.0,0.0,0.0,0.0,2.0,0.0,5,5,10,41.9033756192,-87.6724295832,POINT (-87.672429583224 41.903375619156)
57aff01730499cc36e6466988b5bae065d5111523235634f0bbc0b8ef99d499808e517868b277e9699b662c3cd239783276b646e9f805de37a7da23e1e9b78b6,JE161704,,03/07/2021 10:25:00 AM,30,NO CONTROLS,NO CONTROLS,CLEAR,DAYLIGHT,PARKED MOTOR VEHICLE,OTHER,,STRAIGHT AND LEVEL,DRY,NO DEFECTS,ON SCENE,NO INJURY / DRIVE AWAY,,,,$500 OR LESS,03/07/2021 10:30:00 AM,IMPROPER BACKING,IMPROPER BACKING,3716,W,FULLERTON AVE,2524.0,,,,,,,2,NO INDICATION OF INJURY,0.0,0.0,0.0,0.0,0.0,1.0,0.0,10,1,3,41.9246744436,-87.72013062,POINT (-87.720130620048 41.924674443571)
3fb79369963b6ca90209f8ba41dadef2472f5b3425456940c003be985dca0c378723fc69d8212fd2223a2a79e34bad54647aec861dfaf4659a6d22d98bdb9249,JA114189,,01/13/2017 08:30:00 AM,30,NO CONTROLS,UNKNOWN,CLEAR,DAYLIGHT,SIDESWIPE SAME DIRECTION,DIVIDED - W/MEDIAN BARRIER,2.0,STRAIGHT AND LEVEL,DRY,UNKNOWN,NOT ON SCENE (DESK REPORT),NO INJURY / DRIVE AWAY,,,,"$501 - $1,500",01/13/2017 09:30:00 AM,UNABLE TO DETERMINE,UNABLE TO DETERMINE,2840,S,STATE ST,133.0,,,,,,,2,NO INDICATION OF INJURY,0.0,0.0,0.0,0.0,0.0,2.0,0.0,8,6,1,41.8421316305,-87.6270244183,POINT (-87.627024418312 41.842131630535)
b4e9c7be05ce586fa151873235c02bcc19b723b4f81e8881f7124c43e94cdb60ebb23bd74156abf4579f307fd9b9ef14e6fce1884724543e5d5d6055a4554e32,JA387568,,08/11/2017 09:08:00 PM,35,TRAFFIC SIGNAL,FUNCTIONING PROPERLY,CLEAR,DARKNESS,REAR END,DIVIDED - W/MEDIAN BARRIER,2.0,STRAIGHT AND LEVEL,DRY,NO DEFECTS,NOT ON SCENE (DESK REPORT),NO INJURY / DRIVE AWAY,Y,,,"$501 - $1,500",08/11/2017 11:10:00 PM,FOLLOWING TOO CLOSELY,FOLLOWING TOO CLOSELY,8352,S,JEFFERY BLVD,412.0,,,,,,,2,NO INDICATION OF INJURY,0.0,0.0,0.0,0.0,0.0,2.0,0.0,21,6,8,41.7427711427,-87.5759659165,POINT (-87.575965916471 41.742771142654)
abeb24872a919f34d806b7d17349322d397f9d20966fa1e38d2bd4b6689845c9e4b08829a4aa17354eec11a84af4bee64d8ae539cb1451b771ea7000439f4a3e,JC469045,,10/10/2019 08:30:00 AM,35,TRAFFIC SIGNAL,FUNCTIONING PROPERLY,CLEAR,DAYLIGHT,REAR END,FOUR WAY,,STRAIGHT AND LEVEL,DRY,UNKNOWN,NOT ON SCENE (DESK REPORT),NO INJURY / DRIVE AWAY,Y,,,"OVER $1,500",10/11/2019 05:15:00 PM,UNABLE TO DETERMINE,UNABLE TO DETERMINE,3900,W,55TH ST,822.0,,,,,,,2,NO INDICATION OF INJURY,0.0,0.0,0.0,0.0,0.0,2.0,0.0,8,5,10,41.7933480594,-87.7207674325,POINT (-87.720767432471 41.793348059404)
1a08a1fe1a25ebe1cedb0d4ffeb8d4c517882afc64d769e54f7144ae5152340dec6ba4a7e4da2cf8249770428f2a7a72d4a58ee99ca510de9b7d9bcf5418b773,JB335336,,07/04/2018 06:15:00 PM,30,NO CONTROLS,NOT FUNCTIONING,CLEAR,DAYLIGHT,PARKED MOTOR VEHICLE,NOT DIVIDED,4.0,STRAIGHT ON GRADE,DRY,NO DEFECTS,NOT ON SCENE (DESK REPORT),NO INJURY / DRIVE AWAY,,,Y,"OVER $1,500",07/04/2018 06:40:00 PM,UNABLE TO DETERMINE,UNABLE TO DETERMINE,6567,S,HARVARD AVE,722.0,,,,,,,2,NO INDICATION OF INJURY,0.0,0.0,0.0,0.0,0.0,1.0,0.0,18,4,7,41.7745843994,-87.6331449234,POINT (-87.633144923408 41.774584399407)
e59e18fb0c4392928e1a61ac7f45678c1daef81331594334913627d0cd2dd8f76294002d3dfe187404a2185cac7b516b79613ac1050d9ef33d96a660a08434fc,JD101423,,01/02/2020 09:30:00 AM,30,TRAFFIC SIGNAL,FUNCTIONING PROPERLY,CLEAR,DAYLIGHT,REAR END,DIVIDED - W/MEDIAN BARRIER,,STRAIGHT AND LEVEL,DRY,NO DEFECTS,,NO INJURY / DRIVE AWAY,,,Y,$500 OR LESS,01/02/2020 09:43:00 AM,DRIVING SKILLS/KNOWLEDGE/EXPERIENCE,UNABLE TO DETERMINE,4658,S,CICERO AVE,814.0,,,,,,,2,NO INDICATION OF INJURY,0.0,0.0,0.0,0.0,0.0,2.0,0.0,9,5,1,41.8077126833,-87.7433002458,POINT (-87.743300245789 41.80771268334)