CRASH_RECORD_ID,RD_NO,CRASH_DATE_EST_I,CRASH_DATE,POSTED_SPEED_LIMIT,TRAFFIC_CONTROL_DEVICE,DEVICE_CONDITION,WEATHER_CONDITION,LIGHTING_CONDITION,FIRST_CRASH_TYPE,TRAFFICWAY_TYPE,LANE_CNT,ALIGNMENT,ROADWAY_SURFACE_COND,ROAD_DEFECT,REPORT_TYPE,CRASH_TYPE,INTERSECTION_RELATED_I,NOT_RIGHT_OF_WAY_I,HIT_AND_RUN_I,DAMAGE,DATE_POLICE_NOTIFIED,PRIM_CONTRIBUTORY_CAUSE,SEC_CONTRIBUTORY_CAUSE,STREET_NO,STREET_DIRECTION,STREET_NAME,BEAT_OF_OCCURRENCE,PHOTOS_TAKEN_I,STATEMENTS_TAKEN_I,DOORING_I,WORK_ZONE_I,WORK_ZONE_TYPE,WORKERS_PRESENT_I,NUM_UNITS,MOST_SEVERE_INJURY,INJURIES_TOTAL,INJURIES_FATAL,INJURIES_INCAPACITATING,INJURIES_NON_INCAPACITATING,INJURIES_REPORTED_NOT_EVIDENT,INJURIES_NO_INDICATION,INJURIES_UNKNOWN,CRASH_HOUR,CRASH_DAY_OF_WEEK,CRASH_MONTH,LATITUDE,LONGITUDE,LOCATION
6c328bc81d0a1818b5a54a49428eb34dedc171e4c2990fdbb00dcd5aaa684ab97802afd601d76169c92f6ff8c6788d89bdaf9831fc2cf946dedbf87c3d2a9d05,HZ412435,,08/29/2016 05:45:00 PM,30,STOP SIGN/FLASHER,FUNCTIONING PROPERLY,CLEAR,DAYLIGHT,REAR END,NOT DIVIDED,4.0,STRAIGHT AND LEVEL,DRY,NO DEFECTS,NOT ON SCENE (DESK REPORT),NO INJURY / DRIVE AWAY,,,,$500 OR LESS,08/29/2016 06:50:00 PM,FOLLOWING TOO CLOSELY,NOT APPLICABLE,5039,N,KIMBALL AVE,1713.0,,,,,,,2,NO INDICATION OF INJURY,0.0,0.0,0.0,0.0,0.0,2.0,0.0,17,2,8,41.9731925972,-87.713349689,POINT (-87.713349688982 41.973192597196)
1f715345b88403b78e1138a466bec32a6c712393e99f3a2f06225f214b2c2c0933e7d21a35431a53f22c3322a5f0be061d4c26433058b1dd4b5ec0ab49cff0af,JD394752,,10/10/2020 02:00:00 AM,25,NO CONTROLS,NO CONTROLS,CLEAR,DARKNESS,HEAD ON,ALLEY,,STRAIGHT AND LEVEL,DRY,UNKNOWN,ON SCENE,NO INJURY / DRIVE AWAY,,Y,Y,"OVER $1,500",10/10/2020 10:03:00 AM,DRIVING SKILLS/KNOWLEDGE/EXPERIENCE,FAILING TO REDUCE SPEED TO AVOID CRASH,3011,W,71ST ST,831.0,,,,,,,3,NO INDICATION OF INJURY,0.0,0.0,0.0,0.0,0.0,2.0,0.0,2,7,10,41.7643380299,-87.6984365596,POINT (-87.69843655958 41.76433802987)
da36640b50f90d545e79e7f9fedf206e13b9968c3641a15529d45c1007dcf80a08038ad397fe3463006a07a2fdbadddf24f6680dfa9f227bcada8d5b5c56bfd0,JF295705,,06/27/2022 09:25:00 AM,30,STOP SIGN/FLASHER,FUNCTIONING PROPERLY,CLEAR,DAYLIGHT,ANGLE,FOUR WAY,,STRAIGHT AND LEVEL,DRY,NO DEFECTS,ON SCENE,INJURY AND / OR TOW DUE TO CRASH,Y,,,"OVER $1,500",06/27/2022 09:25:00 AM,DRIVING SKILLS/KNOWLEDGE/EXPERIENCE,UNABLE TO DETERMINE,6200,W,HIGGINS AVE,1622.0,,,,,,,2,NONINCAPACITATING INJURY,2.0,0.0,0.0,2.0,0.0,0.0,0.0,9,2,6,41.9748474386,-87.7830453755,POINT (-87.783045375528 41.974847438552)
c3f03e9e943cb421c82057fdf2d3608c428e88d98a6ff18fe77fd0758f5cd34cff3a5b0478500e3ebd75108de3fd084131a825f054deecd63e4a616c3f5582e9,JA229747,,04/18/2017 11:00:00 AM,30,TRAFFIC SIGNAL,FUNCTIONING PROPERLY,CLEAR,DAYLIGHT,REAR END,DIVIDED - W/MEDIAN BARRIER,4.0,STRAIGHT AND LEVEL,DRY,NO DEFECTS,NOT ON SCENE (DESK REPORT),NO INJURY / DRIVE AWAY,,,,"$501 - $1,500",04/18/2017 04:00:00 PM,FOLLOWING TOO CLOSELY,NOT APPLICABLE,299,S,LAKE SHORE DR NB,114.0,,,,,,,2,NO INDICATION OF INJURY,0.0,0.0,0.0,0.0,0.0,3.0,0.0,11,3,4,41.8784445153,-87.6170550926,POINT (-87.617055092582 41.878444515253)
87b192dff651c58c51709dc5c072bf91e67ae1c06b38a7a53af6c2db48fcff370fd6f0f5b8e7bae6025ffdf0c9e28361e3b5359af7a3ae6f371e89cc2232ddcf,JF106189,,01/07/2022 04:00:00 PM,30,OTHER,OTHER,CLEAR,DARKNESS,PARKED MOTOR VEHICLE,PARKING LOT,,STRAIGHT AND LEVEL,DRY,NO DEFECTS,ON SCENE,NO INJURY / DRIVE AWAY,,,Y,"$501 - $1,500",01/07/2022 05:59:00 PM,UNABLE TO DETERMINE,UNABLE TO DETERMINE,5833,N,KENMORE AVE,2022.0,,,,,,,2,NO INDICATION OF INJURY,0.0,0.0,0.0,0.0,0.0,1.0,0.0,16,6,1,41.9882693225,-87.6566119857,POINT (-87.656611985742 41.988269322494)
269dca190de882f5f38d5b23c7d61b2f1d4d9b114a8ed894aae20d14b6cd4e18de5d7ff76c4a8f05b25b6b48b909cbe5886434989dc58d07c20c45157cf8fc89,JF223281,,04/28/2022 04:15:00 PM,35,STOP SIGN/FLASHER,UNKNOWN,RAIN,DAWN,REAR END,DIVIDED - W/MEDIAN BARRIER,,STRAIGHT AND LEVEL,WET,UNKNOWN,ON SCENE,INJURY AND / OR TOW DUE TO CRASH,,,,"OVER $1,500",04/28/2022 04:16:00 PM,UNABLE TO DETERMINE,UNABLE TO DETERMINE,1398,W,16TH ST,1233.0,,,,,,,2,NONINCAPACITATING INJURY,4.0,0.0,0.0,4.0,0.0,0.0,0.0,16,5,4,41.8597989999,-87.6612870803,POINT (-87.6612870803 41.859798999946)
86dcd955f9d4a192e3aa07be050b159e1a662fe3c95d2d0894bef9ae967129ed5e835f20509bf7ac9d6b5f4966b04dc9eb1715ef9e69b91c620d09eb9dedc718,JB574159,,12/31/2018 05:30:00 PM,30,STOP SIGN/FLASHER,FUNCTIONING PROPERLY,RAIN,DARKNESS,TURNING,DIVIDED - W/MEDIAN BARRIER,4.0,STRAIGHT AND LEVEL,WET,NO DEFECTS,NOT ON SCENE (DESK REPORT),NO INJURY / DRIVE AWAY,Y,,,"OVER $1,500",12/31/2018 06:59:00 PM,DRIVING SKILLS/KNOWLEDGE/EXPERIENCE,NOT APPLICABLE,645,N,MICHIGAN AVE,1834.0,,,,,,,2,NO INDICATION OF INJURY,0.0,0.0,0.0,0.0,0.0,4.0,0.0,17,2,12,41.893918609,-87.624085833,POINT (-87.624085832985 41.893918609004)
d543fa5bed7c3e0295c20d207bfb9adc034a28d35f610b5ea5bd3d9e92627bb5333651201c6e914362bcf4f0b9b9bcb19f3ee82fb54387381755709917211923,JE209306,,04/25/2021 12:30:00 AM,55,TRAFFIC SIGNAL,FUNCTIONING PROPERLY,CLEAR,DAWN,REAR END,DIVIDED - W/MEDIAN BARRIER,,STRAIGHT AND LEVEL,DRY,NO DEFECTS,ON SCENE,NO INJURY / DRIVE AWAY,,,,"OVER $1,500",04/25/2021 12:50:00 AM,UNABLE TO DETERMINE,UNABLE TO DETERMINE,1198,S,LAKE SHORE DR E,114.0,,,,,,,2,NO INDICATION OF INJURY,0.0,0.0,0.0,0.0,0.0,2.0,0.0,0,1,4,41.867618701,-87.6187517005,POINT (-87.618751700535 41.867618700961)
feb363afc7e65ab10eef6857a4d70954a0d06adfca1757d7dec3e1408b0b8ecab9b38c62e4eb42ae5ccf72495143eb097b701d164f738aba537be1e8f2aaa922,JB347190,,07/12/2018 08:00:00 PM,30,NO CONTROLS,NO CONTROLS,CLEAR,DUSK,REAR END,NOT DIVIDED,,STRAIGHT AND LEVEL,DRY,NO DEFECTS,NOT ON SCENE (DESK REPORT),NO INJURY / DRIVE AWAY,,,,"OVER $1,500",07/12/2018 09:20:00 PM,UNABLE TO DETERMINE,NOT APPLICABLE,1300,W,99TH ST,2213.0,,,,,,,2,NO INDICATION OF INJURY,0.0,0.0,0.0,0.0,0.0,2.0,0.0,20,5,7,41.714168099,-87.6552911603,POINT (-87.655291160284 41.71416809897)
59ea7376ed6f9ed48d5be25a24d817378777140dd49de708bd971ca8c7332e50da88044a908930d8d24136c2c74e9a2dfc02acb9a62eb9ec102d8bcc8def6920,JC343259,,07/10/2019 03:00:00 PM,30,NO CONTROLS,NO CONTROLS,CLEAR,DAYLIGHT,REAR TO SIDE,DIVIDED - W/MEDIAN (NOT RAISED),,STRAIGHT AND LEVEL,DRY,NO DEFECTS,NOT ON SCENE (DESK REPORT),NO INJURY / DRIVE AWAY,,,,"$501 - $1,500",07/10/2019 06:00:00 PM,FAILING TO REDUCE SPEED TO AVOID CRASH,FAILING TO REDUCE SPEED TO AVOID CRASH,1800,N,HUMBOLDT BLVD,1421.0,,,,,,,2,NO INDICATION OF INJURY,0.0,0.0,0.0,0.0,0.0,2.0,0.0,15,4,7,41.9139252472,-87.702127645,POINT (-87.702127645039 41.913925247246)
36d905a0aca47374be5d2eba4eeea5a31a874e4774f4e56d501fdb4504cff91f054652738fd8c67dfd7334f296bbf9937484250f806cb74c41abde7653cd36aa,JG470403,,10/19/2023 03:20:00 PM,20,NO CONTROLS,NO CONTROLS,RAIN,DAYLIGHT,ANGLE,NOT DIVIDED,,STRAIGHT AND LEVEL,WET,UNKNOWN,ON SCENE,NO INJURY / DRIVE AWAY,Y,,,"OVER $1,500",10/19/2023 05:30:00 PM,DISREGARDING STOP SIGN,NOT APPLICABLE,2200,W,WALNUT ST,1223.0,,,,,,,2,NO INDICATION OF INJURY,0.0,0.0,0.0,0.0,0.0,4.0,0.0,15,5,10,41.8858911202,-87.6817787746,POINT (-87.681778774634 41.885891120247)
f8a55476db70a0eea0c6ce81f33c8fe1ba01e94473c6ad219120cfc52e6251e86ff0471b4eb407531e7ec7e6b8b912fb790d0374d6a60b66c2c1948421f58266,JD461610,,12/17/2020 12:46:00 PM,30,STOP SIGN/FLASHER,FUNCTIONING PROPERLY,CLEAR,DAYLIGHT,TURNING,FOUR WAY,,STRAIGHT AND LEVEL,DRY,NO DEFECTS,ON SCENE,INJURY AND / OR TOW DUE TO CRASH,Y,,,"OVER $1,500",12/17/2020 12:46:00 PM,DISREGARDING STOP SIGN,FAILING TO YIELD RIGHT-OF-WAY,8400,S,STONY ISLAND AVE,412.0,,,,,,,2,"REPORTED, NOT EVIDENT",1.0,0.0,0.0,0.0,1.0,2.0,0.0,12,5,12,41.7423299002,-87.5859156433,POINT (-87.585915643258 41.742329900235)
122e5cbd48846ba89c666615ad984f5fa1610770b21738c2b9bb4de5f039040008ba7f0524b12c57383c66ea549cb9f5eddcda25506d66bc6b457980f44d66d4,JE293027,,07/07/2021 07:30:00 AM,30,TRAFFIC SIGNAL,FUNCTIONING PROPERLY,CLEAR,DAYLIGHT,TURNING,DIVIDED - W/MEDIAN (NOT RAISED),,STRAIGHT AND LEVEL,DRY,NO DEFECTS,ON SCENE,INJURY AND / OR TOW DUE TO CRASH,Y,,,"OVER $1,500",07/07/2021 07:37:00 AM,UNABLE TO DETERMINE,UNABLE TO DETERMINE,4400,S,PULASKI RD,815.0,,,,,,,2,NO INDICATION OF INJURY,0.0,0.0,0.0,0.0,0.0,2.0,0.0,7,4,7,41.8132715982,-87.7239352143,POINT (-87.723935214329 41.813271598175)
2b29f1eef9ae2904a2a291ba9231845bbdfd9874e7717de87dcdcafba150ea258d6b4a0b3d4e3b9eb9a4aaafe4ee79dc8eaeef6abe6786cb6be0904831111c75,HZ552893,,12/15/2016 02:30:00 PM,30,NO CONTROLS,NO CONTROLS,CLEAR,DAYLIGHT,SIDESWIPE OPPOSITE DIRECTION,ALLEY,1.0,STRAIGHT AND LEVEL,UNKNOWN,UNKNOWN,NOT ON SCENE (DESK REPORT),NO INJURY / DRIVE AWAY,,,Y,"OVER $1,500",12/15/2016 05:55:00 PM,DRIVING ON WRONG SIDE/WRONG WAY,DRIVING SKILLS/KNOWLEDGE/EXPERIENCE,4651,N,MONTICELLO AVE,1723.0,,,,,,,2,NO INDICATION OF INJURY,0.0,0.0,0.0,0.0,0.0,2.0,0.0,14,5,12,41.9661545028,-87.7192596929,POINT (-87.719259692927 41.966154502763)
8c0776f16ea99b00f328420ba0908e7c68c12a44eeb992c76337f206a78e3c5ed4f915d34ebfd28fe7e4862da826f8955cf6010faabda2fab0e9a729a03e7585,JD193285,,03/23/2020 01:20:00 PM,10,NO CONTROLS,NO CONTROLS,CLOUDY/OVERCAST,DAYLIGHT,ANGLE,ALLEY,,STRAIGHT AND LEVEL,WET,UNKNOWN,NOT ON SCENE (DESK REPORT),NO INJURY / DRIVE AWAY,,,,"$501 - $1,500",03/23/2020 01:59:00 PM,IMPROPER OVERTAKING/PASSING,IMPROPER OVERTAKING/PASSING,2952,N,LEAVITT ST,1931.0,,,,,,,2,NO INDICATION OF INJURY,0.0,0.0,0.0,0.0,0.0,2.0,0.0,13,2,3,41.9356347162,-87.6832493611,POINT (-87.683249361145 41.93563471616)
9113b4a9ff7b49f52b4684d329c56c867cc235dc2174f19271cd72ffb64d1ec0bec2bfc26034c4e1a79cb1cbf3737df43bb22392b7bf8104bcea752a95f16052,JD382308,,09/28/2020 04:38:00 PM,30,STOP SIGN/FLASHER,NO CONTROLS,CLEAR,DAYLIGHT,REAR END,NOT DIVIDED,,STRAIGHT AND LEVEL,DRY,NO DEFECTS,ON SCENE,NO INJURY / DRIVE AWAY,,,Y,"$501 - $1,500",09/28/2020 04:43:00 PM,FAILING TO REDUCE SPEED TO AVOID CRASH,NOT APPLICABLE,4228,N,LONG AVE,1624.0,,,,,,,2,NO INDICATION OF INJURY,0.0,0.0,0.0,0.0,0.0,3.0,0.0,16,2,9,41.9577580907,-87.7623718902,POINT (-87.762371890205 41.957758090691)
0d0d1ced25f075369a8e63ccc6855803fdba088cebb31b08c646a526812cdabc727ad9213923f114ff8d49f95181e3d8fa372718b29a0e5e4d2669b6eefc48d9,JD224026,,05/04/2020 01:10:00 PM,30,TRAFFIC SIGNAL,FUNCTIONING PROPERLY,CLEAR,DAYLIGHT,REAR END,DIVIDED - W/MEDIAN BARRIER,,STRAIGHT AND LEVEL,DRY,NO DEFECTS,NOT ON SCENE (DESK REPORT),NO INJURY / DRIVE AWAY,Y,,,"$501 - $1,500",05/04/2020 01:55:00 PM,FOLLOWING TOO CLOSELY,FOLLOWING TOO CLOSELY,1200,S,LAKE SHORE DR E,132.0,,,,,,,2,NO INDICATION OF INJURY,0.0,0.0,0.0,0.0,0.0,2.0,0.0,13,2,5,41.8674461119,-87.6189044881,POINT (-87.618904488078 41.867446111851)
1bc8341971577294682a2a4cf48b0b9050cda6ca3309c75d063c740d1a41e57a0ffdba0a4eadd0a3d8dcf8f5c23810be477f67f28aad6aaf474a81223fd54b85,JE214224,,04/29/2021 05:00:00 PM,30,NO CONTROLS,NO CONTROLS,CLEAR,DAYLIGHT,ANGLE,NOT DIVIDED,,STRAIGHT AND LEVEL,DRY,NO DEFECTS,ON SCENE,NO INJURY / DRIVE AWAY,,,,"OVER $1,500",04/29/2021 05:25:00 PM,UNABLE TO DETERMINE,UNABLE TO DETERMINE,3248,N,LINCOLN AVE,1922.0,,,,,,,2,NO INDICATION OF INJURY,0.0,0.0,0.0,0.0,0.0,2.0,0.0,17,5,4,41.9409191034,-87.6696871696,POINT (-87.669687169626 41.940919103396)
a84c4dbfd9bd26d2c1d0802fd91f5026e508cde3cb946196548f1a1f924d3334e64da11b6c39fb60b7c0d8c75a821f915e73b85ce7040fb787c931b3952e62fc,JD412841,,10/27/2020 07:00:00 PM,30,TRAFFIC SIGNAL,FUNCTIONING PROPERLY,CLEAR,"DARKNESS, LIGHTED ROAD",SIDESWIPE SAME DIRECTION,DIVIDED - W/MEDIAN (NOT RAISED),,STRAIGHT AND LEVEL,DRY,NO DEFECTS,ON SCENE,NO INJURY / DRIVE AWAY,,,,"OVER $1,500",10/27/2020 07:03:00 PM,UNABLE TO DETERMINE,NOT APPLICABLE,11,W,47TH ST,224.0,,,,,,,3,NO INDICATION OF INJURY,0.0,0.0,0.0,0.0,0.0,4.0,0.0,19,3,10,41.8091189465,-87.6265439965,POINT (-87.626543996534 41.809118946471)
f276622e814a1b5927b4e3ae5edf74928d1953a7de754af880c08b325ba6719c2e425ca0d9168efbcce8ebe597b4ddffb6f80ed23919cbb9656373b8d7c0c6ec,JE247451,,05/30/2021 01:33:00 AM,30,NO CONTROLS,NO CONTROLS,CLEAR,"DARKNESS, LIGHTED ROAD",SIDESWIPE OPPOSITE DIRECTION,NOT DIVIDED,,STRAIGHT AND LEVEL,UNKNOWN,UNKNOWN,ON SCENE,INJURY AND / OR TOW DUE TO CRASH,,,,"OVER $1,500",05/30/2021 01:35:00 AM,UNABLE TO DETERMINE,NOT APPLICABLE,8000,S,VINCENNES AVE,621.0,,,,,,,4,NO INDICATION OF INJURY,0.0,0.0,0.0,0.0,0.0,2.0,0.0,1,1,5,41.7488809702,-87.6348607958,POINT (-87.63486079575 41.748880970247)
d4d97e3f682eca846821317c829b11aa8f9902bff6e4997c299466729a2eab2f6b8fd16ace2721b62b4c22a91cd029d211f4ca29bef141e9f84f417f3a3e7968,JF478161,,11/17/2022 02:50:00 PM,30,UNKNOWN,UNKNOWN,CLOUDY/OVERCAST,DAYLIGHT,PEDALCYCLIST,NOT DIVIDED,,STRAIGHT AND LEVEL,UNKNOWN,UNKNOWN,NOT ON SCENE (DESK REPORT),NO INJURY / DRIVE AWAY,,,Y,"OVER $1,500",11/17/2022 03:00:00 PM,UNABLE TO DETERMINE,NOT APPLICABLE,1550,W,BELMONT AVE,1922.0,,,,,,,2,NO INDICATION OF INJURY,0.0,0.0,0.0,0.0,0.0,2.0,0.0,14,5,11,41.9398117884,-87.6682429431,POINT (-87.668242943059 41.939811788413)
df47bdd4009bc8e6e50cd7fddd3de52a044f9c95b6b718a2674d0f0aa5443d946ab337c9a37e1d1cf268782fe6e55f6daa906bb46cba3f4874f4a216aed68627,JD356050,,09/04/2020 11:10:00 AM,30,NO CONTROLS,NO CONTROLS,CLEAR,DAYLIGHT,REAR TO FRONT,OTHER,,STRAIGHT AND LEVEL,DRY,NO DEFECTS,NOT ON SCENE (DESK REPORT),NO INJURY / DRIVE AWAY,Y,,,"$501 - $1,500",09/04/2020 12:00:00 PM,IMPROPER BACKING,NOT APPLICABLE,3100,S,HARDING AVE,1031.0,,,,,,,2,NO INDICATION OF INJURY,0.0,0.0,0.0,0.0,0.0,4.0,0.0,11,6,9,41.8368099101,-87.7232748331,POINT (-87.723274833118 41.83680991006)
199fdc953bf036f5c11cfecc7d621f77dced504c0e9f6ec6e8c4bc06b4eee67d386fec6259dfc7dc5d7ad21ec5c033a23485a78bd59b031adbe1f2e3ab7bafd8,JB422855,,09/05/2018 08:00:00 AM,30,NO CONTROLS,NO CONTROLS,CLEAR,DAYLIGHT,PARKED MOTOR VEHICLE,DIVIDED - W/MEDIAN (NOT RAISED),,STRAIGHT AND LEVEL,DRY,NO DEFECTS,NOT ON SCENE (DESK REPORT),NO INJURY / DRIVE AWAY,,,,"OVER $1,500",09/05/2018 09:00:00 AM,IMPROPER TURNING/NO SIGNAL,NOT APPLICABLE,1955,E,75TH ST,414.0,,,,,,,2,NO INDICATION OF INJURY,0.0,0.0,0.0,0.0,0.0,1.0,0.0,8,4,9,41.7587640293,-87.5763689125,POINT (-87.576368912507 41.758764029289)
9d6850a3bb07f7205941388518652e976ded7108e87ed1ec62814d4371ab6039d39fbbb8124ea544d44c56697414cb06f8eeae04b6ad1bb4e6a10f8702575759,JF237313,,05/10/2022 05:10:00 PM,30,NO CONTROLS,NO CONTROLS,CLEAR,DAYLIGHT,PARKED MOTOR VEHICLE,NOT DIVIDED,,STRAIGHT AND LEVEL,DRY,NO DEFECTS,NOT ON SCENE (DESK REPORT),NO INJURY / DRIVE AWAY,,,Y,"OVER $1,500",05/10/2022 06:24:00 PM,FAILING TO REDUCE SPEED TO AVOID CRASH,DRIVING SKILLS/KNOWLEDGE/EXPERIENCE,4253,W,55TH ST,813.0,,,,,,,2,NO INDICATION OF INJURY,0.0,0.0,0.0,0.0,0.0,1.0,0.0,17,3,5,41.7930304717,-87.7301946899,POINT (-87.730194689925 41.793030471678)
bbed60c3a584039aac872a26e74a707cb9cab05c19621f093f167ac4a24b1302a49466d05932011415f2fe288f4b72cffb903e098bdf4b73c65d1d56d331abb3,JE252425,Y,06/03/2021 03:30:00 PM,30,NO CONTROLS,NO CONTROLS,CLEAR,DAYLIGHT,PARKED MOTOR VEHICLE,NOT DIVIDED,,STRAIGHT AND LEVEL,DRY,NO DEFECTS,ON SCENE,NO INJURY / DRIVE AWAY,,,,"$501 - $1,500",06/03/2021 03:35:00 PM,FAILING TO YIELD RIGHT-OF-WAY,UNABLE TO DETERMINE,723,N,CENTRAL PARK AVE,1121.0,,,,,,,2,NO INDICATION OF INJURY,0.0,0.0,0.0,0.0,0.0,1.0,0.0,15,5,6,41.8943687512,-87.716135355,POINT (-87.716135354981 41.894368751163)
70b55fef975adde2a87f7633439ed385e0f1ece1f1c90e2301901ebeb507653bfdc1748f9d68fe66115ccf129e75f3f5018b0e9940569927121dd699c1274395,HZ378516,,08/04/2016 02:30:00 PM,30,STOP SIGN/FLASHER,FUNCTIONING PROPERLY,CLEAR,DAYLIGHT,TURNING,NOT DIVIDED,4.0,STRAIGHT AND LEVEL,DRY,NO DEFECTS,NOT ON SCENE (DESK REPORT),NO INJURY / DRIVE AWAY,,,,"OVER $1,500",08/04/2016 07:41:00 PM,IMPROPER LANE USAGE,NOT APPLICABLE,210,W,GARFIELD BLVD,935.0,,,,,,,2,NO INDICATION OF INJURY,0.0,0.0,0.0,0.0,0.0,2.0,0.0,14,5,8,41.7946500792,-87.6309932068,POINT (-87.630993206821 41.79465007916)
eb4d98587ba4671394247ae9bece66b6d8c8cb86ae4108bf8b073b0ed5ac3c427995e8079bf236546d40b7579063b3bbd59b5e9441752b55bfcff9bd2fb1735d,JE320241,,07/30/2021 06:05:00 PM,30,STOP SIGN/FLASHER,FUNCTIONING PROPERLY,CLEAR,DUSK,REAR END,NOT DIVIDED,,STRAIGHT AND LEVEL,DRY,NO DEFECTS,NOT ON SCENE (DESK REPORT),NO INJURY / DRIVE AWAY,,,Y,"$501 - $1,500",07/30/2021 07:05:00 PM,FAILING TO REDUCE SPEED TO AVOID CRASH,FOLLOWING TOO CLOSELY,4198,S,ARCHER AVE,921.0,,,,,,,2,NO INDICATION OF INJURY,0.0,0.0,0.0,0.0,0.0,2.0,0.0,18,6,7,41.8171765923,-87.6994455697,POINT (-87.699445569708 41.817176592271)
057e0c79e263d1b163fac0cf8cacc9996cf4cf04214b7af92bceed3e22f21b27f42d79003d3168d8caeb421e8f47da99e5b87e08a9be4cd3178d391d7f32243c,HZ482929,,10/21/2016 08:45:00 AM,30,TRAFFIC SIGNAL,FUNCTIONING PROPERLY,RAIN,DAYLIGHT,REAR END,NOT DIVIDED,2.0,STRAIGHT AND LEVEL,WET,NO DEFECTS,NOT ON SCENE (DESK REPORT),NO INJURY / DRIVE AWAY,,,Y,"OVER $1,500",10/21/2016 09:30:00 AM,FOLLOWING TOO CLOSELY,UNABLE TO DETERMINE,326,W,71ST ST,731.0,,,,,,,2,NO INDICATION OF INJURY,0.0,0.0,0.0,0.0,0.0,2.0,0.0,8,6,10,41.7654885655,-87.6333044088,POINT (-87.633304408839 41.76548856552)
59172be62b38ba3b53c38c17af785106534a46912a1c46830757ec35ba9351e11b66f4a534d4d9009d9bc8aeb4c715e2d75e7b7da3a973f8d4a6a9bb1c18eb90,JE412399,,10/17/2021 04:36:00 AM,30,TRAFFIC SIGNAL,FUNCTIONING PROPERLY,CLEAR,"DARKNESS, LIGHTED ROAD",REAR END,NOT DIVIDED,,STRAIGHT AND LEVEL,DRY,NO DEFECTS,ON SCENE,INJURY AND / OR TOW DUE TO CRASH,Y,,,"OVER $1,500",10/17/2021 04:36:00 AM,UNABLE TO DETERMINE,UNABLE TO DETERMINE,1744,W,ADDISON ST,1922.0,,,,,,,2,NO INDICATION OF INJURY,0.0,0.0,0.0,0.0,0.0,2.0,0.0,4,1,10,41.9470433904,-87.6731470288,POINT (-87.673147028778 41.947043390413)
3e191c6ec4f4445a69614ca650b63e2a6200ecd47f19b00fa00a8b698282297f43cb95c58906e30b2e7a83d2050a67755f443196e30c629cab3fc76a1b8343f2,JF338202,,07/31/2022 02:45:00 AM,30,TRAFFIC SIGNAL,FUNCTIONING PROPERLY,CLEAR,DARKNESS,FIXED OBJECT,NOT DIVIDED,,STRAIGHT AND LEVEL,DRY,NO DEFECTS,ON SCENE,INJURY AND / OR TOW DUE TO CRASH,,,,"$501 - $1,500",07/31/2022 02:50:00 AM,UNABLE TO DETERMINE,UNABLE TO DETERMINE,4501,S,CICERO AVE,815.0,,,,,,,1,NO INDICATION OF INJURY,0.0,0.0,0.0,0.0,0.0,1.0,0.0,2,1,7,41.8111850757,-87.7431051412,POINT (-87.743105141235 41.81118507569)
0234b0b362b8df42ebf1bff8c1058d5b2086364833ac7edd139575eee1d760f44e838d9d493ca43018a33574ee31a7e068826ff02d3654924117f523fbff8de1,JC549082,,12/16/2019 03:05:00 PM,30,NO CONTROLS,NO CONTROLS,CLEAR,DAYLIGHT,TURNING,DIVIDED - W/MEDIAN (NOT RAISED),,STRAIGHT AND LEVEL,DRY,NO DEFECTS,ON SCENE,INJURY AND / OR TOW DUE TO CRASH,Y,,Y,"$501 - $1,500",12/16/2019 03:07:00 PM,UNABLE TO DETERMINE,UNABLE TO DETERMINE,6129,W,FULLERTON AVE,2512.0,,,,,,,2,INCAPACITATING INJURY,1.0,0.0,1.0,0.0,0.0,1.0,0.0,15,2,12,41.9236620447,-87.7792926509,POINT (-87.779292650893 41.923662044731)
624bf00d91fdfb7797259d30d7c869d96efd54e38d38f1b31c69819c1331fd6605df0f633765d0e676adb1fd7f2a8985b6684dedbe1165c7d5e660dad57498c1,JB453649,,09/27/2018 07:55:00 PM,30,TRAFFIC SIGNAL,FUNCTIONING PROPERLY,CLEAR,"DARKNESS, LIGHTED ROAD",SIDESWIPE SAME DIRECTION,NOT DIVIDED,2.0,STRAIGHT AND LEVEL,OTHER,OTHER,ON SCENE,NO INJURY / DRIVE AWAY,Y,,,"$501 - $1,500",09/27/2018 08:09:00 PM,UNABLE TO DETERMINE,NOT APPLICABLE,4259,W,ADDISON ST,1731.0,,,,N,,,2,NO INDICATION OF INJURY,0.0,0.0,0.0,0.0,0.0,3.0,0.0,19,5,9,41.9461691521,-87.7346178447,POINT (-87.734617844687 41.946169152108)
839cf61799920e40e811470543e528380487072c810260263e0c55904252464683bc730ca9a17d896ae349318bf61ce068c5e8f97c283d25b4077fb39c9825da,JC509492,,11/13/2019 07:27:00 PM,30,NO CONTROLS,UNKNOWN,CLEAR,DARKNESS,PARKED MOTOR VEHICLE,DIVIDED - W/MEDIAN (NOT RAISED),,STRAIGHT AND LEVEL,DRY,NO DEFECTS,ON SCENE,INJURY AND / OR TOW DUE TO CRASH,,,,"OVER $1,500",11/13/2019 07:27:00 PM,FAILING TO REDUCE SPEED TO AVOID CRASH,NOT APPLICABLE,2330,W,111TH ST,2212.0,,,,,,,3,NO INDICATION OF INJURY,0.0,0.0,0.0,0.0,0.0,1.0,0.0,19,4,11,41.6918936603,-87.6800652556,POINT (-87.680065255558 41.691893660259)