CRASH_RECORD_ID,RD_NO,CRASH_DATE_EST_I,CRASH_DATE,POSTED_SPEED_LIMIT,TRAFFIC_CONTROL_DEVICE,DEVICE_CONDITION,WEATHER_CONDITION,LIGHTING_CONDITION,FIRST_CRASH_TYPE,TRAFFICWAY_TYPE,LANE_CNT,ALIGNMENT,ROADWAY_SURFACE_COND,ROAD_DEFECT,REPORT_TYPE,CRASH_TYPE,INTERSECTION_RELATED_I,NOT_RIGHT_OF_WAY_I,HIT_AND_RUN_I,DAMAGE,DATE_POLICE_NOTIFIED,PRIM_CONTRIBUTORY_CAUSE,SEC_CONTRIBUTORY_CAUSE,STREET_NO,STREET_DIRECTION,STREET_NAME,BEAT_OF_OCCURRENCE,PHOTOS_TAKEN_I,STATEMENTS_TAKEN_I,DOORING_I,WORK_ZONE_I,WORK_ZONE_TYPE,WORKERS_PRESENT_I,NUM_UNITS,MOST_SEVERE_INJURY,INJURIES_TOTAL,INJURIES_FATAL,INJURIES_INCAPACITATING,INJURIES_NON_INCAPACITATING,INJURIES_REPORTED_NOT_EVIDENT,INJURIES_NO_INDICATION,INJURIES_UNKNOWN,CRASH_HOUR,CRASH_DAY_OF_WEEK,CRASH_MONTH,LATITUDE,LONGITUDE,LOCATION
4d8b52beec1fb1b2efd0d9f85140bc8d244fcdc264b337a7a1b251500be5784894c869e3bc210043e70c9341f9048f7df3837b6604ef1fb7334db42c3b77557f,JC344370,,07/11/2019 01:55:00 PM,30,TRAFFIC SIGNAL,FUNCTIONING PROPERLY,CLEAR,DAYLIGHT,REAR END,FOUR WAY,,STRAIGHT AND LEVEL,DRY,NO DEFECTS,ON SCENE,NO INJURY / DRIVE AWAY,,,,"OVER $1,500",07/11/2019 03:25:00 PM,NOT APPLICABLE,NOT APPLICABLE,4000,W,55TH ST,815.0,,,,,,,2,NO INDICATION OF INJURY,0.0,0.0,0.0,0.0,0.0,2.0,0.0,13,5,7,41.7933133336,-87.7232230381,POINT (-87.723223038126 41.793313333588)
2621519fe0da6f6417b34e8147509ec40911df9691c9e0070c68e63316f6bf5f71a966ce043f430e193db8115fce804cac9fcf6ea08af7ef29a332adc88867f4,JA522326,,11/22/2017 10:48:00 PM,30,OTHER WARNING SIGN,FUNCTIONING PROPERLY,CLEAR,"DARKNESS, LIGHTED ROAD",SIDESWIPE OPPOSITE DIRECTION,NOT DIVIDED,2.0,STRAIGHT AND LEVEL,"SAND, MUD, DIRT",OTHER,ON SCENE,INJURY AND / OR TOW DUE TO CRASH,Y,,Y,"OVER $1,500",11/22/2017 11:19:00 PM,EXCEEDING AUTHORIZED SPEED LIMIT,HAD BEEN DRINKING (USE WHEN ARREST IS NOT MADE),3407,W,51ST ST,822.0,,,,Y,CONSTRUCTION,,2,NONINCAPACITATING INJURY,1.0,0.0,0.0,1.0,0.0,1.0,0.0,22,4,11,41.8006399109,-87.7090023879,POINT (-87.709002387928 41.800639910946)
6293bf7e9d0be546f092ba73351e45368cd65608743a29551a4cd96cbb17b250d073dc2e5c401b53efd75f77ab077a9e2b333398966e2d9ae8d663c2d113bd0c,HZ448546,,09/25/2016 01:44:00 AM,30,NO CONTROLS,NO CONTROLS,CLEAR,"DARKNESS, LIGHTED ROAD",PARKED MOTOR VEHICLE,NOT DIVIDED,2.0,STRAIGHT AND LEVEL,DRY,NO DEFECTS,ON SCENE,INJURY AND / OR TOW DUE TO CRASH,,,,"OVER $1,500",09/25/2016 01:45:00 AM,UNABLE TO DETERMINE,UNABLE TO DETERMINE,247,W,79TH ST,623.0,,,,,,,2,NO INDICATION OF INJURY,0.0,0.0,0.0,0.0,0.0,1.0,0.0,1,1,9,41.7507237384,-87.6313088402,POINT (-87.631308840212 41.750723738437)
e45f40a72dda5b69af2f28f21b283fce2bbdf9c4ebbd00a122c25b94bcb6d2c19a76e30e3f399c3a345706df359a981bfa49ca94f95ebd9afb92f8c503ee58c4,JD137161,,02/02/2020 08:35:00 AM,30,TRAFFIC SIGNAL,FUNCTIONING PROPERLY,CLEAR,DAYLIGHT,ANGLE,UNKNOWN INTERSECTION TYPE,,STRAIGHT AND LEVEL,DRY,NO DEFECTS,ON SCENE,INJURY AND / OR TOW DUE TO CRASH,Y,,,"OVER $1,500",02/02/2020 08:40:00 AM,UNABLE TO DETERMINE,UNABLE TO DETERMINE,1199,W,CONGRESS PKWY,1232.0,,,,,,,2,"REPORTED, NOT EVIDENT",1.0,0.0,0.0,0.0,1.0,2.0,0.0,8,1,2,41.8752334274,-87.6568422578,POINT (-87.656842257843 41.87523342739)
52254a8f875121c4bf4999bc3eb95e619c6993e338d1c204f605b74557adf82c4090b343ed3825f96d25e50320e8f9ea5915e6ab74aec6e8a0967bd4c3c8a80b,JA302598,Y,06/11/2017 05:20:00 PM,15,NO CONTROLS,NO CONTROLS,CLEAR,UNKNOWN,PARKED MOTOR VEHICLE,ONE-WAY,1.0,STRAIGHT AND LEVEL,DRY,NO DEFECTS,NOT ON SCENE (DESK REPORT),NO INJURY / DRIVE AWAY,,,Y,"OVER $1,500",06/11/2017 05:20:00 PM,UNABLE TO DETERMINE,UNABLE TO DETERMINE,4177,W,BERTEAU AVE,1722.0,,,,,,,2,NO INDICATION OF INJURY,0.0,0.0,0.0,0.0,0.0,1.0,0.0,17,1,6,41.9571376365,-87.7324185168,POINT (-87.732418516793 41.957137636474)
8e2709dacd7e013854cc69e121000bfdecb9afc7b035ee02be52823c1b995a8f6bfa005f78b54ac7cd476e82fb3a61df68569496b0b7573d5401f93d794acb93,JD435911,,11/19/2020 01:45:00 PM,15,NO CONTROLS,NO CONTROLS,CLEAR,DAYLIGHT,REAR END,NOT DIVIDED,,STRAIGHT AND LEVEL,DRY,NO DEFECTS,ON SCENE,NO INJURY / DRIVE AWAY,,,,"$501 - $1,500",11/19/2020 01:56:00 PM,FOLLOWING TOO CLOSELY,UNABLE TO DETERMINE,514,W,OHARE ST,1654.0,,,,,,,2,NO INDICATION OF INJURY,0.0,0.0,0.0,0.0,0.0,2.0,0.0,13,5,11,,,
f6c7e75cbbdafc3f6f8beaa2f631060a086cdf085772fa2d43f729281d0ee9495a409b0ba9ea9e70a8abb9db4e3e830d9a5f8196a3fbc3586ef32ae3870af45a,JB149228,,02/10/2018 06:15:00 PM,30,STOP SIGN/FLASHER,FUNCTIONING PROPERLY,CLEAR,"DARKNESS, LIGHTED ROAD",REAR END,NOT DIVIDED,6.0,STRAIGHT AND LEVEL,DRY,NO DEFECTS,NOT ON SCENE (DESK REPORT),INJURY AND / OR TOW DUE TO CRASH,,,,$500 OR LESS,02/12/2018 12:40:00 PM,FAILING TO REDUCE SPEED TO AVOID CRASH,NOT APPLICABLE,6200,N,LINCOLN AVE,1711.0,,,,,,,2,"REPORTED, NOT EVIDENT",2.0,0.0,0.0,0.0,2.0,2.0,0.0,18,7,2,41.9944500041,-87.7142084392,POINT (-87.714208439209 41.994450004117)
d371644455e97c80772f800a058b25665eb7d207ffe9e01e320b773c66e5f045da3e4ca3c17caa277c6c8a6018fbe18382f3f315f31495c1a5756fbb44036289,JD377872,,09/24/2020 03:20:00 PM,30,NO CONTROLS,NO CONTROLS,CLEAR,DAYLIGHT,TURNING,NOT DIVIDED,,STRAIGHT AND LEVEL,DRY,NO DEFECTS,NOT ON SCENE (DESK REPORT),NO INJURY / DRIVE AWAY,,,,"OVER $1,500",09/24/2020 03:30:00 PM,UNABLE TO DETERMINE,NOT APPLICABLE,200,E,75TH ST,323.0,,,,,,,2,NO INDICATION OF INJURY,0.0,0.0,0.0,0.0,0.0,2.0,0.0,15,5,9,41.7584317793,-87.6198482157,POINT (-87.619848215717 41.75843177925)
621ec3fe2b1c142f90494f3178545ca9d8c1faf03b9f5611a2afad4c4796f4dae93ff7eee757e4c03cdcb88eee24aa59c7a066636e4fdbd577c463041685e0ea,JF188372,,03/27/2022 02:10:00 PM,30,NO CONTROLS,NO CONTROLS,CLEAR,DAYLIGHT,REAR END,NOT DIVIDED,,STRAIGHT ON GRADE,DRY,NO DEFECTS,,NO INJURY / DRIVE AWAY,,,Y,"$501 - $1,500",03/27/2022 04:00:00 PM,IMPROPER BACKING,DRIVING SKILLS/KNOWLEDGE/EXPERIENCE,9835,S,GENOA AVE,2223.0,,,,,,,2,NO INDICATION OF INJURY,0.0,0.0,0.0,0.0,0.0,1.0,0.0,14,1,3,41.7147347104,-87.6516183819,POINT (-87.651618381934 41.714734710363)
b34ae4943a4ca02bfe764d1f00e0f821343d5887be349887fffb8e73b752beb62f4f6ba7fd37e79d09b21c13cee29c27728d945e931d9b2d14fdfab44d5c1519,JE355314,,08/30/2021 10:30:00 AM,30,NO CONTROLS,NO CONTROLS,CLEAR,DAYLIGHT,SIDESWIPE SAME DIRECTION,DIVIDED - W/MEDIAN (NOT RAISED),,STRAIGHT AND LEVEL,DRY,NO DEFECTS,NOT ON SCENE (DESK REPORT),NO INJURY / DRIVE AWAY,,,Y,"OVER $1,500",08/30/2021 01:30:00 PM,UNABLE TO DETERMINE,IMPROPER LANE USAGE,3802,S,PULASKI RD,815.0,,,,,,,2,NO INDICATION OF INJURY,0.0,0.0,0.0,0.0,0.0,2.0,0.0,10,2,8,41.8244273573,-87.7242322044,POINT (-87.724232204426 41.824427357332)
f11a4142a8a544c9df4262940bbedd4b5eaeb035b0e7e8abe9a55713ccbe907815e59df3698eec30ffa8cf0e45de639f8926990915d9eede8d0329cba8b289e5,JD136399,,02/01/2020 11:50:00 AM,30,NO CONTROLS,NO CONTROLS,CLEAR,DAYLIGHT,REAR END,NOT DIVIDED,,STRAIGHT AND LEVEL,DRY,NO DEFECTS,NOT ON SCENE (DESK REPORT),NO INJURY / DRIVE AWAY,,,,"OVER $1,500",02/01/2020 02:15:00 PM,UNABLE TO DETERMINE,UNABLE TO DETERMINE,135,S,AUSTIN BLVD,1513.0,,,,,,,3,NO INDICATION OF INJURY,0.0,0.0,0.0,0.0,0.0,3.0,0.0,11,7,2,41.8779556099,-87.7744311624,POINT (-87.77443116242 41.877955609894)
61f48d68a2b1aeafef85c6ffdfe36cbc712a440ba93ea7bf0d47a0f03be8e1e855944c438cd8c4af81d6806817cd4a1a9f0948b3c7f1601f64f11721a730dafd,JA422564,,07/10/2017 12:00:00 PM,30,NO CONTROLS,NO CONTROLS,CLEAR,DAYLIGHT,REAR END,NOT DIVIDED,4.0,STRAIGHT AND LEVEL,DRY,NO DEFECTS,NOT ON SCENE (DESK REPORT),INJURY AND / OR TOW DUE TO CRASH,,,,"OVER $1,500",09/07/2017 05:28:00 PM,FOLLOWING TOO CLOSELY,UNABLE TO DETERMINE,169,N,STATE ST,111.0,,,,,,,2,"REPORTED, NOT EVIDENT",1.0,0.0,0.0,0.0,1.0,1.0,0.0,12,2,7,41.8850945861,-87.627778123,POINT (-87.627778122965 41.88509458605)
54ba85e02660b2771ffa0132e816a3c632ab3984570857013cc5132d5a24699b2746dd8c22710549115dc2c9fd381874b5e3bada5d9790b6624c7544371fd702,JG405508,,08/30/2023 07:20:00 AM,30,NO CONTROLS,NO CONTROLS,CLEAR,DAYLIGHT,REAR END,NOT REPORTED,,STRAIGHT AND LEVEL,DRY,NO DEFECTS,NOT ON SCENE (DESK REPORT),NO INJURY / DRIVE AWAY,,,,"OVER $1,500",08/31/2023 03:34:00 PM,UNABLE TO DETERMINE,UNABLE TO DETERMINE,7100,S,OAKLEY AVE,832.0,,,,,,,2,NO INDICATION OF INJURY,0.0,0.0,0.0,0.0,0.0,2.0,0.0,7,4,8,41.7646387993,-87.6808450729,POINT (-87.680845072874 41.764638799304)
932226446576a7d7dc327a3763d184a2ebae80b150c19fc827eeddfb608ed998dcc14c2513ad6779ecf5ad16ed8c6bd039d64fdca04ae540953b00104c4a8781,JB450514,,09/21/2018 08:00:00 PM,35,UNKNOWN,UNKNOWN,UNKNOWN,DARKNESS,REAR END,DIVIDED - W/MEDIAN (NOT RAISED),2.0,STRAIGHT AND LEVEL,DRY,UNKNOWN,NOT ON SCENE (DESK REPORT),NO INJURY / DRIVE AWAY,,,,"OVER $1,500",09/25/2018 02:51:00 PM,EXCEEDING AUTHORIZED SPEED LIMIT,EXCEEDING AUTHORIZED SPEED LIMIT,2100,N,AUSTIN AVE,2512.0,,,,,,,2,NO INDICATION OF INJURY,0.0,0.0,0.0,0.0,0.0,1.0,0.0,20,6,9,41.9180157282,-87.7756656438,POINT (-87.775665643777 41.918015728249)
edb6c4df4949e2dc676782146da29703141c6c2be01bd013997e133c94b12008bf12d4e6ad4935aa4bb51ac4c816decdeab42b51b860aaa2d1348b0fa96f0bbd,JF257987,,05/27/2022 04:35:00 PM,30,NO CONTROLS,NO CONTROLS,CLEAR,DAYLIGHT,REAR END,NOT DIVIDED,,STRAIGHT AND LEVEL,DRY,UNKNOWN,ON SCENE,INJURY AND / OR TOW DUE TO CRASH,,,,"OVER $1,500",05/27/2022 05:22:00 PM,FAILING TO REDUCE SPEED TO AVOID CRASH,UNABLE TO DETERMINE,231,N,HAMLIN BLVD,1122.0,,,,,,,2,NONINCAPACITATING INJURY,1.0,0.0,0.0,1.0,0.0,3.0,0.0,16,6,5,41.8840354183,-87.7207409416,POINT (-87.720740941648 41.884035418298)
6170c9d394c56b8cfce62413bb9b10f7c28744fcfefca1f52ba5175a402aba1655eefbd740a4fe9fb5d54e2f78a9c3571bae4c04dc084399361d0b68de685f46,JC116914,,01/14/2019 04:55:00 PM,30,TRAFFIC SIGNAL,FUNCTIONING PROPERLY,CLEAR,DAYLIGHT,TURNING,ONE-WAY,3.0,STRAIGHT AND LEVEL,DRY,NO DEFECTS,NOT ON SCENE (DESK REPORT),NO INJURY / DRIVE AWAY,,,,"$501 - $1,500",01/14/2019 05:45:00 PM,UNABLE TO DETERMINE,NOT APPLICABLE,98,E,GRAND AVE,1834.0,,,,,,,2,NO INDICATION OF INJURY,0.0,0.0,0.0,0.0,0.0,2.0,0.0,16,2,1,41.891820034,-87.6254438748,POINT (-87.625443874791 41.89182003397)
245d6453fbf60936f4ad922d1200f03d4deffd20b05af0b559af3203b12b1e40a23a63d526762a4df664563ef08cd3b9a7b800bb3304c2f49c8fea6725a55089,JA534198,,12/02/2017 07:23:00 PM,30,NO CONTROLS,UNKNOWN,CLEAR,DARKNESS,SIDESWIPE SAME DIRECTION,DIVIDED - W/MEDIAN (NOT RAISED),2.0,STRAIGHT AND LEVEL,DRY,NO DEFECTS,ON SCENE,INJURY AND / OR TOW DUE TO CRASH,Y,,,"OVER $1,500",12/02/2017 07:33:00 PM,FAILING TO REDUCE SPEED TO AVOID CRASH,NOT APPLICABLE,8009,S,STONY ISLAND AVE,411.0,,,,,,,2,NONINCAPACITATING INJURY,2.0,0.0,0.0,2.0,0.0,1.0,0.0,19,7,12,41.7493070168,-87.5854243265,POINT (-87.585424326471 41.749307016849)
8b61d82c3ca779e4fa6f59b066ecc5c086ff26dfcf72d0a72ad5773e331a887a227e9cc32337e9cc6e0fef03b9955e98b7f1063fd78f0ec3fe878cc96ceefe62,JF362446,,08/19/2022 12:00:00 PM,30,NO CONTROLS,NO CONTROLS,CLEAR,DAYLIGHT,TURNING,DIVIDED - W/MEDIAN (NOT RAISED),,STRAIGHT AND LEVEL,DRY,NO DEFECTS,ON SCENE,INJURY AND / OR TOW DUE TO CRASH,Y,,,"OVER $1,500",08/19/2022 12:00:00 PM,FAILING TO YIELD RIGHT-OF-WAY,UNABLE TO DETERMINE,7001,S,ASHLAND AVE,734.0,,,,,,,2,"REPORTED, NOT EVIDENT",1.0,0.0,0.0,0.0,1.0,2.0,0.0,12,6,8,41.7666422675,-87.6636890393,POINT (-87.663689039276 41.76664226751)
22a3f6bfcc54c9943a29b651ae4b57a85c0b688063fec5e28098701446d5a8b9141c94308458f73bf07f140464065b3c64a0d69bbe136d0dc3f3a7e70a9f94d5,JB565495,,12/23/2018 08:45:00 PM,30,NO CONTROLS,NO CONTROLS,CLEAR,UNKNOWN,HEAD ON,ONE-WAY,1.0,STRAIGHT AND LEVEL,UNKNOWN,UNKNOWN,NOT ON SCENE (DESK REPORT),NO INJURY / DRIVE AWAY,,,Y,"OVER $1,500",12/23/2018 09:00:00 PM,DRIVING ON WRONG SIDE/WRONG WAY,UNABLE TO DETERMINE,8204,S,DREXEL AVE,631.0,,,,,,,2,NO INDICATION OF INJURY,0.0,0.0,0.0,0.0,0.0,4.0,0.0,20,1,12,41.7456177183,-87.6027434774,POINT (-87.602743477406 41.745617718296)
d44dc2fb7f9fc313f6a3d9cb793a9292fe7f7028062c30ccd2862da4d55f9d1cbb576abc0d06cf42b924149838b9e5f06c46a25cb6836e0df1306ddd4779c10d,JF443345,,10/21/2022 03:50:00 PM,30,TRAFFIC SIGNAL,FUNCTIONING PROPERLY,CLEAR,DAYLIGHT,PEDESTRIAN,NOT DIVIDED,,STRAIGHT AND LEVEL,DRY,NO DEFECTS,ON SCENE,INJURY AND / OR TOW DUE TO CRASH,,,,$500 OR LESS,10/21/2022 03:50:00 PM,FAILING TO YIELD RIGHT-OF-WAY,UNABLE TO DETERMINE,5159,N,LINCOLN AVE,2031.0,,Y,,,,,2,NONINCAPACITATING INJURY,1.0,0.0,0.0,1.0,0.0,2.0,0.0,15,6,10,41.9757634605,-87.6921998627,POINT (-87.692199862726 41.975763460477)
7b6adc4220e5721bff7b66103b9196b885949f038a794c1c9aac4833b04ec0a4e98f022826c162606ff2fb9215fabcc04425b66323b56b83abad3416e79a5f94,JF318028,,07/15/2022 12:50:00 AM,25,NO CONTROLS,NO CONTROLS,CLEAR,DARKNESS,TURNING,ALLEY,,STRAIGHT AND LEVEL,DRY,NO DEFECTS,ON SCENE,NO INJURY / DRIVE AWAY,,,,"OVER $1,500",07/15/2022 12:51:00 AM,FAILING TO YIELD RIGHT-OF-WAY,FAILING TO REDUCE SPEED TO AVOID CRASH,5960,W,ADAMS BLVD,1513.0,,,,,,,2,NO INDICATION OF INJURY,0.0,0.0,0.0,0.0,0.0,2.0,0.0,0,6,7,41.8777325072,-87.7736729509,POINT (-87.773672950905 41.877732507159)
67d3342ef871c51536a367737d23397c6e95ee603d25627176c572551e7a8f833260085dc2743e0e14ef147be73397b44bb27f4e8f6f66c89c2f1d66b413fd1c,JD389162,N,10/05/2020 08:55:00 AM,30,NO CONTROLS,NO CONTROLS,CLEAR,DAYLIGHT,PARKED MOTOR VEHICLE,NOT DIVIDED,,STRAIGHT AND LEVEL,DRY,NO DEFECTS,ON SCENE,NO INJURY / DRIVE AWAY,,,,"OVER $1,500",10/05/2020 09:05:00 AM,NOT APPLICABLE,NOT APPLICABLE,3356,S,ARTESIAN AVE,911.0,,,,,,,2,NO INDICATION OF INJURY,0.0,0.0,0.0,0.0,0.0,1.0,0.0,8,2,10,41.8322078725,-87.6865122773,POINT (-87.686512277274 41.832207872462)
4778b04bbaf9ee78ed3ef828b52d387cce14d4cf640dd678ad64873a42771987c9b49aa3d1e40985a876a1f1e5a055d1da7eeb11a509e56c31ae8d59d39b44e2,JD223289,,05/03/2020 03:33:00 PM,15,NO CONTROLS,NO CONTROLS,CLEAR,DAYLIGHT,SIDESWIPE SAME DIRECTION,PARKING LOT,,STRAIGHT AND LEVEL,DRY,NO DEFECTS,ON SCENE,NO INJURY / DRIVE AWAY,,,Y,"OVER $1,500",05/03/2020 03:33:00 PM,UNABLE TO DETERMINE,UNABLE TO DETERMINE,8900,S,LAFAYETTE AVE,634.0,,,,,,,2,NO INDICATION OF INJURY,0.0,0.0,0.0,0.0,0.0,3.0,0.0,15,1,5,41.7325901368,-87.6254857747,POINT (-87.625485774693 41.732590136822)
34fbf48e6f08582768f10863dd05a68b06be5ee9af7364c3ab9a5081e057d7a8640ee8d8c22ef3bdec8937bb1f8857daaa879fed0a5186b778d0156bbc4c1a23,JG418789,,09/10/2023 12:30:00 PM,25,NO CONTROLS,NO CONTROLS,CLEAR,DAYLIGHT,SIDESWIPE SAME DIRECTION,NOT DIVIDED,,STRAIGHT AND LEVEL,DRY,NO DEFECTS,ON SCENE,NO INJURY / DRIVE AWAY,,,,"OVER $1,500",09/10/2023 12:30:00 PM,FAILING TO REDUCE SPEED TO AVOID CRASH,NOT APPLICABLE,2731,N,MILWAUKEE AVE,1412.0,,,,,,,2,NO INDICATION OF INJURY,0.0,0.0,0.0,0.0,0.0,2.0,0.0,12,1,9,41.9308962771,-87.7101664773,POINT (-87.710166477329 41.930896277136)
2123f7b1fd368cb043b068056300a0089088d9419dd06ae0f549c5fce17038f7b386d17ecb14754874389cc45c100de2dfdf945521a73f7f41b1d4893228c416,JE289894,,07/03/2021 11:05:00 PM,30,NO CONTROLS,NO CONTROLS,CLEAR,"DARKNESS, LIGHTED ROAD",PARKED MOTOR VEHICLE,OTHER,,STRAIGHT AND LEVEL,DRY,NO DEFECTS,NOT ON SCENE (DESK REPORT),NO INJURY / DRIVE AWAY,,,Y,"OVER $1,500",07/04/2021 04:45:00 PM,UNABLE TO DETERMINE,NOT APPLICABLE,5735,W,64TH ST,812.0,,,,,,,2,NO INDICATION OF INJURY,0.0,0.0,0.0,0.0,0.0,1.0,0.0,23,7,7,41.7760567688,-87.7655008541,POINT (-87.765500854117 41.776056768785)
1de246ca5c45514d3c39a66d9636f1bef2fceb8ed5d4d05a329d8fce7393ae953c7652bc9c1f9e5885ce6df9629ef213bbe581d0c7f9b6843d2b49d71d0d09a6,JF240980,,05/13/2022 03:13:00 PM,30,TRAFFIC SIGNAL,FUNCTIONING PROPERLY,CLEAR,DAYLIGHT,SIDESWIPE SAME DIRECTION,NOT DIVIDED,,STRAIGHT AND LEVEL,DRY,NO DEFECTS,NOT ON SCENE (DESK REPORT),NO INJURY / DRIVE AWAY,,,,"OVER $1,500",05/13/2022 04:35:00 PM,DRIVING SKILLS/KNOWLEDGE/EXPERIENCE,NOT APPLICABLE,4380,S,KEDZIE AVE,821.0,,,,,,,2,NO INDICATION OF INJURY,0.0,0.0,0.0,0.0,0.0,2.0,0.0,15,6,5,41.8136017559,-87.7043379972,POINT (-87.704337997193 41.813601755946)
1307746c61901fdf3bf05a25a511c462ad41eacc8b50bdd7d36aa467e760caee7807fe3c0f93fe744361d2026d2092ed64ad62656bb15442cd4a7044f039a59c,,,11/03/2023 04:35:00 PM,30,TRAFFIC SIGNAL,FUNCTIONING PROPERLY,CLEAR,DAYLIGHT,SIDESWIPE SAME DIRECTION,NOT DIVIDED,,STRAIGHT AND LEVEL,DRY,NO DEFECTS,ON SCENE,NO INJURY / DRIVE AWAY,,,Y,"OVER $1,500",11/03/2023 06:53:00 PM,UNABLE TO DETERMINE,NOT APPLICABLE,4699,S,WENTWORTH AVE,925.0,,,,,,,2,NO INDICATION OF INJURY,0.0,0.0,0.0,0.0,0.0,2.0,0.0,16,6,11,41.809110442,-87.6324198612,POINT (-87.632419861164 41.809110441978)
dc8cbdc6482697822baeb49c979cc0238c4dd3136912bb5418854394c766d29a6877d66d435e83693e26d20e9b897641e940ff617844046878ac05d93d0ba2b6,JF395867,,09/14/2022 09:00:00 AM,30,NO CONTROLS,NO CONTROLS,CLEAR,DAYLIGHT,REAR TO FRONT,NOT DIVIDED,,STRAIGHT AND LEVEL,DRY,NO DEFECTS,NOT ON SCENE (DESK REPORT),NO INJURY / DRIVE AWAY,,,,"OVER $1,500",09/14/2022 03:00:00 PM,IMPROPER BACKING,NOT APPLICABLE,18,S,DAMEN AVE,1223.0,,,,,,,2,NO INDICATION OF INJURY,0.0,0.0,0.0,0.0,0.0,2.0,0.0,9,4,9,41.8807539703,-87.6767774792,POINT (-87.676777479206 41.880753970291)
24b675eb41f33445d6464ddab14cdac55554be169faddae849ccf63656526a9fea79d739c172ff29ac443f41be4bb6b73f8b065b4f3c527596a0fd8a1a46f2c0,JE319938,,07/30/2021 03:05:00 PM,30,TRAFFIC SIGNAL,FUNCTIONING PROPERLY,CLEAR,DAYLIGHT,ANGLE,FOUR WAY,,STRAIGHT AND LEVEL,DRY,NO DEFECTS,ON SCENE,NO INJURY / DRIVE AWAY,Y,,,"$501 - $1,500",07/30/2021 03:05:00 PM,DISREGARDING YIELD SIGN,FAILING TO YIELD RIGHT-OF-WAY,3000,W,IRVING PARK RD,1724.0,,,,,,,2,NO INDICATION OF INJURY,0.0,0.0,0.0,0.0,0.0,2.0,0.0,15,6,7,41.9540592615,-87.7031908558,POINT (-87.703190855774 41.954059261484)
fa542971e6b41db102b7d48c6c3578203059132d515281b1962039cc861c6f881d2008acc24ec408b56681be24ccc6cbcc9108f6e7a1c52fe2b8e442ef0fa84f,JC142564,,02/06/2019 03:25:00 PM,30,NO CONTROLS,NO CONTROLS,CLEAR,DAYLIGHT,PARKED MOTOR VEHICLE,NOT DIVIDED,,STRAIGHT AND LEVEL,DRY,NO DEFECTS,NOT ON SCENE (DESK REPORT),NO INJURY / DRIVE AWAY,,,,"$501 - $1,500",02/06/2019 04:29:00 PM,UNABLE TO DETERMINE,UNABLE TO DETERMINE,46,E,ELM ST,1824.0,,,,,,,2,NO INDICATION OF INJURY,0.0,0.0,0.0,0.0,0.0,1.0,0.0,15,4,2,41.9033225371,-87.6268431757,POINT (-87.626843175696 41.903322537068)
62d4eb17d03f291b4c1cd074a2a95e13333634b074338d9b1e074b5f9edf49a019bf46a1ac88f3c7033ed692934297921240622c5c7e2b2f95fb10596aeae6bf,JE247184,,05/29/2021 06:30:00 PM,30,NO CONTROLS,NO CONTROLS,CLEAR,DAYLIGHT,PARKED MOTOR VEHICLE,ONE-WAY,,STRAIGHT AND LEVEL,DRY,NO DEFECTS,,NO INJURY / DRIVE AWAY,,,Y,"$501 - $1,500",05/29/2021 08:10:00 PM,UNABLE TO DETERMINE,NOT APPLICABLE,3437,W,53RD ST,822.0,,,,,,,2,NO INDICATION OF INJURY,0.0,0.0,0.0,0.0,0.0,1.0,0.0,18,7,5,41.7969655475,-87.7100796136,POINT (-87.710079613598 41.796965547523)
69f979bdececbb25b45dc59c7dcbd938ee4f505a6ff48a0bd0a1ebfa85b5486c4b9b66cfab8160df50e76dcd8efc00236b315d0c29fb42d2b870c7e532f97847,JF428527,,10/10/2022 01:25:00 AM,30,NO CONTROLS,NO CONTROLS,CLEAR,"DARKNESS, LIGHTED ROAD",PARKED MOTOR VEHICLE,NOT DIVIDED,,STRAIGHT AND LEVEL,DRY,NO DEFECTS,ON SCENE,INJURY AND / OR TOW DUE TO CRASH,,,,"OVER $1,500",10/10/2022 01:26:00 AM,UNABLE TO DETERMINE,NOT APPLICABLE,2327,N,KOSTNER AVE,2522.0,,,,,,,2,NO INDICATION OF INJURY,0.0,0.0,0.0,0.0,0.0,1.0,0.0,1,2,10,41.9233681145,-87.7363775255,POINT (-87.736377525465 41.923368114515)
2db933f72ea4005f5426b7c93395c86b162c1aa4b5a483969a6a0542912ba22b3c3a9f7f8798c5a7be5d3867ca22992aed6605f63efb61169de23c590451be17,JD306696,,07/22/2020 10:42:00 PM,30,NO CONTROLS,NO CONTROLS,CLEAR,"DARKNESS, LIGHTED ROAD",PARKED MOTOR VEHICLE,ONE-WAY,,STRAIGHT AND LEVEL,DRY,NO DEFECTS,ON SCENE,INJURY AND / OR TOW DUE TO CRASH,,,Y,"OVER $1,500",07/22/2020 10:44:00 PM,UNABLE TO DETERMINE,UNABLE TO DETERMINE,8750,S,DAUPHIN AVE,632.0,,N,,,,,3,NO INDICATION OF INJURY,0.0,0.0,0.0,0.0,0.0,1.0,0.0,22,4,7,41.7351849829,-87.6016775464,POINT (-87.601677546447 41.735184982941)
33d5466298ec5ba8340227067ef776bca653fb0cb024fbeee3ec958804b69453a4a2fae3322216015af44e3c2386cdca533b3d3f6d0b8ac423972e4c2ad4b951,JB358282,,07/20/2018 07:40:00 PM,30,TRAFFIC SIGNAL,FUNCTIONING PROPERLY,CLEAR,DUSK,REAR END,DIVIDED - W/MEDIAN (NOT RAISED),,STRAIGHT AND LEVEL,DRY,NO DEFECTS,NOT ON SCENE (DESK REPORT),NO INJURY / DRIVE AWAY,,,,"OVER $1,500",07/20/2018 08:00:00 PM,FOLLOWING TOO CLOSELY,UNABLE TO DETERMINE,3559,N,LINCOLN AVE,1922.0,,,,,,,2,NO INDICATION OF INJURY,0.0,0.0,0.0,0.0,0.0,2.0,0.0,19,6,7,41.9468290559,-87.6734931677,POINT (-87.673493167664 41.946829055878)