CRASH_RECORD_ID,RD_NO,CRASH_DATE_EST_I,CRASH_DATE,POSTED_SPEED_LIMIT,TRAFFIC_CONTROL_DEVICE,DEVICE_CONDITION,WEATHER_CONDITION,LIGHTING_CONDITION,FIRST_CRASH_TYPE,TRAFFICWAY_TYPE,LANE_CNT,ALIGNMENT,ROADWAY_SURFACE_COND,ROAD_DEFECT,REPORT_TYPE,CRASH_TYPE,INTERSECTION_RELATED_I,NOT_RIGHT_OF_WAY_I,HIT_AND_RUN_I,DAMAGE,DATE_POLICE_NOTIFIED,PRIM_CONTRIBUTORY_CAUSE,SEC_CONTRIBUTORY_CAUSE,STREET_NO,STREET_DIRECTION,STREET_NAME,BEAT_OF_OCCURRENCE,PHOTOS_TAKEN_I,STATEMENTS_TAKEN_I,DOORING_I,WORK_ZONE_I,WORK_ZONE_TYPE,WORKERS_PRESENT_I,NUM_UNITS,MOST_SEVERE_INJURY,INJURIES_TOTAL,INJURIES_FATAL,INJURIES_INCAPACITATING,INJURIES_NON_INCAPACITATING,INJURIES_REPORTED_NOT_EVIDENT,INJURIES_NO_INDICATION,INJURIES_UNKNOWN,CRASH_HOUR,CRASH_DAY_OF_WEEK,CRASH_MONTH,LATITUDE,LONGITUDE,LOCATION
fe753e41902d555da52b705a387688557510acf312a9ee2c7b51741bd84c70401d15b9e94a9866284fc206c62c74f0eef727ab855309d38108a499087a14e082,JF174399,,03/15/2022 07:55:00 AM,30,NO CONTROLS,NO CONTROLS,CLOUDY/OVERCAST,DAYLIGHT,REAR END,NOT DIVIDED,,STRAIGHT AND LEVEL,DRY,NO DEFECTS,NOT ON SCENE (DESK REPORT),NO INJURY / DRIVE AWAY,,,,"OVER $1,500",03/15/2022 08:50:00 AM,UNABLE TO DETERMINE,UNABLE TO DETERMINE,7755,S,SOUTH SHORE DR,421.0,,,,,,,2,NO INDICATION OF INJURY,0.0,0.0,0.0,0.0,0.0,2.0,0.0,7,3,3,41.7559020934,-87.5520646866,POINT (-87.552064686557 41.755902093352)
7f1f48f2ac9da5793c96142e4544d86f93145219300bde79b2170f60a734c97fc424254bec19a7d8d3fc917d434754fb5d27d0c41461cff6ed2e9e44115cb7cc,JC314462,,06/20/2019 02:30:00 PM,30,NO CONTROLS,NO CONTROLS,CLEAR,DAYLIGHT,PARKED MOTOR VEHICLE,NOT DIVIDED,,STRAIGHT AND LEVEL,DRY,NO DEFECTS,NOT ON SCENE (DESK REPORT),NO INJURY / DRIVE AWAY,,,,"OVER $1,500",06/20/2019 03:00:00 PM,UNABLE TO DETERMINE,UNABLE TO DETERMINE,1122,N,CLARK ST,1824.0,,,,,,,2,NO INDICATION OF INJURY,0.0,0.0,0.0,0.0,0.0,3.0,0.0,14,5,6,41.9025787936,-87.6315563784,POINT (-87.631556378448 41.902578793641)
4d533e37df0a7b213d0b70c19959f6c5d458bd278bdda6856c4d6afb8eb62255851afacd29b5486d81bdeb67430c3b988c1690225d06a9337aab66b805f91cd7,JE466329,,12/04/2021 08:05:00 PM,35,NO CONTROLS,NO CONTROLS,CLEAR,"DARKNESS, LIGHTED ROAD",REAR END,PARKING LOT,,STRAIGHT AND LEVEL,DRY,NO DEFECTS,ON SCENE,INJURY AND / OR TOW DUE TO CRASH,,,,"OVER $1,500",12/04/2021 08:38:00 PM,UNABLE TO DETERMINE,NOT APPLICABLE,4600,W,DIVERSEY AVE,2521.0,,,,,,,2,"REPORTED, NOT EVIDENT",1.0,0.0,0.0,0.0,1.0,1.0,0.0,20,7,12,41.9317030936,-87.74199681,POINT (-87.741996810045 41.931703093602)
bea08b3ed567f51bbd7486ff61044b72ad9c71a768d1ca18a03e94a0cf4af8d5116af5ffcaedc18fd9d84ea541752c68d4079ad0c8b678ea577a5846ee14d3c1,JF453518,Y,10/28/2022 09:00:00 PM,30,STOP SIGN/FLASHER,FUNCTIONING PROPERLY,CLEAR,"DARKNESS, LIGHTED ROAD",PARKED MOTOR VEHICLE,ONE-WAY,,STRAIGHT AND LEVEL,DRY,UNKNOWN,ON SCENE,INJURY AND / OR TOW DUE TO CRASH,,,Y,"OVER $1,500",10/29/2022 12:38:00 AM,UNABLE TO DETERMINE,UNABLE TO DETERMINE,6100,W,DAKIN ST,1633.0,,,N,,,,2,NO INDICATION OF INJURY,0.0,0.0,0.0,0.0,0.0,1.0,0.0,21,6,10,41.9521823389,-87.7793086523,POINT (-87.779308652298 41.952182338949)
f6df39c6e833554f07717c7e48e7a4dfd6a0fc64ac51b754128b016b43c6581b0d41ae295e91c720b7875f8809e8618383a1d82b3657bc39b69fa66413b6cc7e,JD257021,,06/07/2020 08:57:00 PM,30,NO CONTROLS,NO CONTROLS,CLEAR,"DARKNESS, LIGHTED ROAD",PARKED MOTOR VEHICLE,ONE-WAY,,STRAIGHT AND LEVEL,DRY,NO DEFECTS,ON SCENE,INJURY AND / OR TOW DUE TO CRASH,,,Y,"OVER $1,500",06/07/2020 08:57:00 PM,"OPERATING VEHICLE IN ERRATIC, RECKLESS, CARELESS, NEGLIGENT OR AGGRESSIVE MANNER",FAILING TO REDUCE SPEED TO AVOID CRASH,640,W,BARRY AVE,1934.0,,,,N,,,3,NO INDICATION OF INJURY,0.0,0.0,0.0,0.0,0.0,4.0,0.0,20,1,6,41.9379904879,-87.6459263932,POINT (-87.645926393167 41.937990487916)
d19c9c0fb5745833c7a0b5e7ccb585d5c7522b1d0e10c4168f41ff1695d534cc5c14477a55566e5dd786676315490193359490b6bbe743bf32b8c70f7802825d,JG175516,,03/06/2023 07:02:00 AM,30,TRAFFIC SIGNAL,FUNCTIONING PROPERLY,CLEAR,DAYLIGHT,ANGLE,ONE-WAY,,STRAIGHT AND LEVEL,DRY,NO DEFECTS,ON SCENE,INJURY AND / OR TOW DUE TO CRASH,,,,"OVER $1,500",03/06/2023 07:04:00 AM,EQUIPMENT - VEHICLE CONDITION,NOT APPLICABLE,6635,S,CORNELL DR,331.0,,,,,,,2,NONINCAPACITATING INJURY,2.0,0.0,0.0,2.0,0.0,0.0,0.0,7,2,3,41.7740463764,-87.5852418795,POINT (-87.585241879519 41.774046376358)
d0ce4ee5e72cf0c51b15bff8d546264da8257ac5a67a30981fa7200ed2cabcfcabfeaf32127cf9d448eaf4a2f3364a396b8b960fa3dd9bcec9cb62e6dff95e31,JC276412,,05/24/2019 09:30:00 AM,30,STOP SIGN/FLASHER,FUNCTIONING PROPERLY,CLEAR,DAYLIGHT,TURNING,DIVIDED - W/MEDIAN BARRIER,,STRAIGHT AND LEVEL,DRY,NO DEFECTS,NOT ON SCENE (DESK REPORT),NO INJURY / DRIVE AWAY,,,,"$501 - $1,500",05/24/2019 10:15:00 AM,IMPROPER TURNING/NO SIGNAL,UNABLE TO DETERMINE,1598,W,TAYLOR ST,1231.0,,,,,,,2,NO INDICATION OF INJURY,0.0,0.0,0.0,0.0,0.0,2.0,0.0,9,6,5,41.8693740894,-87.6663451703,POINT (-87.666345170312 41.869374089416)
6c474f106264a5753e36c17234b29e5bc93220b14ec6c44936a03c1e37b6f975278fde805f2b00c9e7df0e29e9f1c4412a734e0e6f1d3ea50f57d989d19d0ad8,HZ109948,Y,01/09/2016 04:45:00 PM,30,NO CONTROLS,NO CONTROLS,SNOW,DARKNESS,ANGLE,NOT DIVIDED,1.0,STRAIGHT AND LEVEL,SNOW OR SLUSH,NO DEFECTS,NOT ON SCENE (DESK REPORT),NO INJURY / DRIVE AWAY,,,,$500 OR LESS,01/09/2016 05:18:00 PM,FAILING TO YIELD RIGHT-OF-WAY,FAILING TO YIELD RIGHT-OF-WAY,1100,W,COLUMBIA AVE,2432.0,,,,,,,2,NO INDICATION OF INJURY,0.0,0.0,0.0,0.0,0.0,3.0,0.0,16,7,1,42.0047553843,-87.6589165261,POINT (-87.658916526106 42.004755384312)
8855f3d4a34e24f9ce8aeaa90b2c701c23228f2f6d56bc2bf33914bc7d09bc16edf9ec2b083ad2bb48df12a14c3f2f720faf8e12e0685663e17df63167d49d4d,JD397532,,10/12/2020 09:35:00 PM,30,TRAFFIC SIGNAL,FUNCTIONING PROPERLY,CLEAR,"DARKNESS, LIGHTED ROAD",ANGLE,FOUR WAY,,STRAIGHT AND LEVEL,DRY,NO DEFECTS,ON SCENE,INJURY AND / OR TOW DUE TO CRASH,Y,Y,Y,"OVER $1,500",10/12/2020 09:53:00 PM,DISREGARDING TRAFFIC SIGNALS,UNABLE TO DETERMINE,2359,S,WESTERN AVE,1034.0,,,,,,,2,NO INDICATION OF INJURY,0.0,0.0,0.0,0.0,0.0,2.0,0.0,21,2,10,41.8484469305,-87.6853907036,POINT (-87.685390703577 41.848446930514)
47f0ecd6913407307c96249c4dfe39114de75821ca826b96e66900676fa9b3cc4395a1df6a7c46557ef885b713455f81e8f1df416d2d86d78f7cc1661c74e211,JC550407,,12/17/2019 03:25:00 PM,30,TRAFFIC SIGNAL,FUNCTIONING PROPERLY,CLEAR,DAYLIGHT,SIDESWIPE SAME DIRECTION,NOT DIVIDED,,STRAIGHT AND LEVEL,DRY,NO DEFECTS,NOT ON SCENE (DESK REPORT),NO INJURY / DRIVE AWAY,Y,,,"$501 - $1,500",12/17/2019 03:50:00 PM,IMPROPER LANE USAGE,NOT APPLICABLE,5600,W,GRAND AVE,2515.0,,,,,,,2,NO INDICATION OF INJURY,0.0,0.0,0.0,0.0,0.0,6.0,0.0,15,3,12,41.9188702777,-87.765775158,POINT (-87.765775158003 41.918870277663)
901463bfc279049e13d351fcfa0cf00399a7fd8e04b94ec62b491ae6208bab66c7ecb6340a6fe3f54c5004e75f5cce1498b79da4891ac141024614416a4d8d6d,JA423876,,09/08/2017 05:53:00 PM,30,STOP SIGN/FLASHER,FUNCTIONING PROPERLY,CLEAR,DAYLIGHT,ANGLE,NOT DIVIDED,,STRAIGHT AND LEVEL,DRY,NO DEFECTS,ON SCENE,NO INJURY / DRIVE AWAY,Y,,,"OVER $1,500",09/08/2017 06:00:00 PM,DISREGARDING STOP SIGN,NOT APPLICABLE,5700,S,SAYRE AVE,811.0,,,,,,,2,NO INDICATION OF INJURY,0.0,0.0,0.0,0.0,0.0,3.0,0.0,17,6,9,41.7883455378,-87.7964643055,POINT (-87.796464305514 41.788345537844)
d64fda1db60fafcedbf2f13725fb756f0a43f217131a7e43d998c05f147434541566d225e349d680c12d4f71896f8dd638142afd373fb47cf53ef211979da060,JF250605,,05/21/2022 02:00:00 PM,30,TRAFFIC SIGNAL,FUNCTIONING PROPERLY,RAIN,DAYLIGHT,REAR END,NOT DIVIDED,,STRAIGHT AND LEVEL,WET,UNKNOWN,NOT ON SCENE (DESK REPORT),NO INJURY / DRIVE AWAY,,,,"OVER $1,500",05/21/2022 02:20:00 PM,UNABLE TO DETERMINE,DRIVING SKILLS/KNOWLEDGE/EXPERIENCE,920,S,RACINE AVE,1231.0,,,,,,,2,NO INDICATION OF INJURY,0.0,0.0,0.0,0.0,0.0,2.0,0.0,14,7,5,41.8696769378,-87.6569088582,POINT (-87.65690885822 41.869676937784)
46c2affc56d48d41f3cd6492fae5688082324475a832b62cb8d0d79e65f9538a9cc02ca5d0d6b171f07c814fecabe81ddeff6020d8b3492960eac26b2240ee59,HZ129503,,01/26/2016 01:08:00 PM,30,NO CONTROLS,NO CONTROLS,CLEAR,DAYLIGHT,PARKED MOTOR VEHICLE,ONE-WAY,4.0,STRAIGHT AND LEVEL,DRY,NO DEFECTS,NOT ON SCENE (DESK REPORT),NO INJURY / DRIVE AWAY,,,Y,"OVER $1,500",01/26/2016 02:45:00 PM,IMPROPER BACKING,UNABLE TO DETERMINE,6450,S,KENWOOD AVE,314.0,,,,,,,2,NO INDICATION OF INJURY,0.0,0.0,0.0,0.0,0.0,3.0,0.0,13,3,1,41.7773877839,-87.5931475736,POINT (-87.593147573583 41.777387783909)
7a9504ad0dcf91c57fe6c08c6c233258c711ccfc59fdc93fecd2dec6dbc5f2e9b5bb0a1a5600d723747d258a1c5d42d1fd204d03a2597a5dd5930eeafbcf06c2,JD100497,,01/01/2020 12:12:00 AM,25,NO CONTROLS,NO CONTROLS,CLEAR,DARKNESS,PARKED MOTOR VEHICLE,NOT DIVIDED,,STRAIGHT AND LEVEL,DRY,NO DEFECTS,NOT ON SCENE (DESK REPORT),NO INJURY / DRIVE AWAY,,,,"$501 - $1,500",01/01/2020 10:30:00 AM,IMPROPER BACKING,UNABLE TO DETERMINE,290,E,PEARSON ST,1833.0,,,,,,,2,NO INDICATION OF INJURY,0.0,0.0,0.0,0.0,0.0,1.0,0.0,0,4,1,41.8977811305,-87.6180800001,POINT (-87.61808000014 41.897781130534)
7eb21c6a92585d41c1456ff9b17139e34f983f6c2612f1f109915a69eff0c3789dd389ae9f5b5aea6398aff2c94aedf49fb9fafe4f49ff694b55a5bd1c0915b2,JA343270,,07/11/2017 09:30:00 AM,30,TRAFFIC SIGNAL,FUNCTIONING PROPERLY,CLEAR,DAYLIGHT,PARKED MOTOR VEHICLE,DIVIDED - W/MEDIAN (NOT RAISED),2.0,STRAIGHT AND LEVEL,DRY,OTHER,ON SCENE,NO INJURY / DRIVE AWAY,,,,"OVER $1,500",07/11/2017 09:32:00 AM,UNABLE TO DETERMINE,UNABLE TO DETERMINE,9212,S,COMMERCIAL AVE,423.0,,,,,,,2,NO INDICATION OF INJURY,0.0,0.0,0.0,0.0,0.0,1.0,0.0,9,3,7,41.727764272,-87.5513517076,POINT (-87.551351707563 41.727764272032)
2638b81b5fc4947c0acea9e0fa5b3b6f968f29efcaca9ee522c17dfb7c1d9ff626e38dea387456a785ce8b9c1e789cb2473be19b6fdbe45f666823ebd5c472d9,JB399392,Y,08/18/2018 04:00:00 PM,15,TRAFFIC SIGNAL,FUNCTIONING PROPERLY,CLEAR,DAYLIGHT,ANGLE,NOT DIVIDED,,STRAIGHT AND LEVEL,DRY,NO DEFECTS,,INJURY AND / OR TOW DUE TO CRASH,,,N,"$501 - $1,500",08/18/2018 04:15:00 PM,NOT APPLICABLE,NOT APPLICABLE,1600,S,KEELER AVE,1012.0,,,,,,,2,NONINCAPACITATING INJURY,1.0,0.0,0.0,1.0,0.0,2.0,0.0,16,7,8,41.8587059916,-87.729984722,POINT (-87.729984722003 41.858705991572)
0b3c1a96b49f67f8633f55dbb336e09c0f33dfb56f8cadc9084a0bde06b35e7a7c3f0409caca50e09ff251e50c9646733b68d5c7ab8455873f67192369708951,JB565032,,12/23/2018 12:20:00 PM,30,TRAFFIC SIGNAL,FUNCTIONING PROPERLY,CLEAR,DAYLIGHT,REAR END,NOT DIVIDED,,STRAIGHT AND LEVEL,DRY,NO DEFECTS,NOT ON SCENE (DESK REPORT),NO INJURY / DRIVE AWAY,,,,$500 OR LESS,12/23/2018 01:30:00 PM,UNABLE TO DETERMINE,NOT APPLICABLE,5888,N,RIDGE AVE,2013.0,,,,,,,2,NO INDICATION OF INJURY,0.0,0.0,0.0,0.0,0.0,2.0,0.0,12,1,12,41.9887703328,-87.6687004234,POINT (-87.668700423419 41.988770332809)
72b2d6b2f2ec91124269b6fd20fd7170a475856f901c16ef946744e8fecdeac7077f2002ceb4212ba0ba311d8988f1592c3359a5627d772ada6b1f73959d2b2a,HZ533502,,11/29/2016 02:45:00 PM,30,STOP SIGN/FLASHER,FUNCTIONING PROPERLY,CLEAR,DAYLIGHT,SIDESWIPE SAME DIRECTION,NOT DIVIDED,2.0,STRAIGHT AND LEVEL,DRY,NO DEFECTS,NOT ON SCENE (DESK REPORT),NO INJURY / DRIVE AWAY,,,,"OVER $1,500",11/29/2016 03:42:00 PM,UNABLE TO DETERMINE,NOT APPLICABLE,6300,S,ASHLAND AVE,725.0,,,,,,,2,NO INDICATION OF INJURY,0.0,0.0,0.0,0.0,0.0,2.0,0.0,14,3,11,41.7793722205,-87.6643653474,POINT (-87.664365347416 41.779372220485)
7b2af79fda25028ce4e56f5eddb77cc23d23f245b2dc02a0473ce96f7f00f0e1cb9c927dfeffa5320f4029be347d466a5ad73d970da17dd3fd39374cd7acbd32,JG366024,,08/02/2023 09:45:00 AM,30,NO CONTROLS,NO CONTROLS,CLEAR,DAYLIGHT,PARKED MOTOR VEHICLE,ONE-WAY,,STRAIGHT AND LEVEL,DRY,NO DEFECTS,NOT ON SCENE (DESK REPORT),NO INJURY / DRIVE AWAY,,,,$500 OR LESS,08/02/2023 10:00:00 AM,NOT APPLICABLE,NOT APPLICABLE,4011,N,LEAMINGTON AVE,1624.0,,,,,,,2,NO INDICATION OF INJURY,0.0,0.0,0.0,0.0,0.0,1.0,0.0,9,4,8,41.9536915586,-87.7557809761,POINT (-87.755780976076 41.953691558567)
84785178e7f68e9a26fddb3a24be8d4a8b66e18ba2f2a0837e27c713f2f08ca52d7a37528323411bb3025706f629d53639f911eb81ad2ef60489345cea1c605e,JE270612,,06/18/2021 01:35:00 PM,30,TRAFFIC SIGNAL,FUNCTIONING PROPERLY,CLEAR,DAYLIGHT,TURNING,NOT DIVIDED,,STRAIGHT AND LEVEL,DRY,NO DEFECTS,ON SCENE,NO INJURY / DRIVE AWAY,,,Y,$500 OR LESS,06/18/2021 01:36:00 PM,UNABLE TO DETERMINE,UNABLE TO DETERMINE,4200,S,CALIFORNIA AVE,921.0,,,,,,,2,NO INDICATION OF INJURY,0.0,0.0,0.0,0.0,0.0,5.0,0.0,13,6,6,41.8172647218,-87.6946238436,POINT (-87.694623843555 41.817264721784)
c227a1dbb42a1b98509a9e9f289ef589f26c619c56cba3b1b8959ff434a16a0249b3abb618faa54fd5b568d749762d7692d7db5c8e51ad6c16fccd61af8fa969,JB180169,,03/09/2018 08:02:00 PM,30,NO CONTROLS,NO CONTROLS,CLEAR,"DARKNESS, LIGHTED ROAD",PARKED MOTOR VEHICLE,NOT DIVIDED,2.0,STRAIGHT AND LEVEL,DRY,NO DEFECTS,NOT ON SCENE (DESK REPORT),NO INJURY / DRIVE AWAY,,,,"$501 - $1,500",03/09/2018 11:00:00 PM,UNABLE TO DETERMINE,UNABLE TO DETERMINE,307,E,79TH ST,623.0,,,,,,,3,NO INDICATION OF INJURY,0.0,0.0,0.0,0.0,0.0,1.0,0.0,20,6,3,41.7509590125,-87.6178130829,POINT (-87.617813082908 41.750959012453)
2c4aa37dc4afdd1fe187d7adb109b3206e1f03c53599f702aba117d66021ba1de943779df359db3ab19d8696e495006d00c2a43d95209078e3f0ecc7e62e8a58,JE280344,,06/26/2021 03:05:00 PM,15,NO CONTROLS,NO CONTROLS,CLEAR,DAYLIGHT,SIDESWIPE SAME DIRECTION,OTHER,,STRAIGHT AND LEVEL,DRY,NO DEFECTS,NOT ON SCENE (DESK REPORT),NO INJURY / DRIVE AWAY,,Y,,"$501 - $1,500",06/26/2021 03:55:00 PM,UNABLE TO DETERMINE,NOT APPLICABLE,5015,W,MADISON ST,1533.0,,,,,,,2,NO INDICATION OF INJURY,0.0,0.0,0.0,0.0,0.0,2.0,0.0,15,7,6,41.8803177115,-87.7507463555,POINT (-87.750746355478 41.880317711527)
95f255d443f158bf5a63b528d6da2688581a169d68928e6e78a0ff1a479450b63d63f2cbc33658fdd00fe50367e22249415d05f0cf2860cfd7781b72650441b6,JE142401,,02/15/2021 02:00:00 PM,35,NO CONTROLS,NO CONTROLS,BLOWING SNOW,DAYLIGHT,REAR END,NOT DIVIDED,,STRAIGHT AND LEVEL,SNOW OR SLUSH,NO DEFECTS,NOT ON SCENE (DESK REPORT),NO INJURY / DRIVE AWAY,,,,"$501 - $1,500",02/15/2021 02:55:00 PM,UNABLE TO DETERMINE,NOT APPLICABLE,7437,W,IRVING PARK RD,1631.0,,,,,,,2,NO INDICATION OF INJURY,0.0,0.0,0.0,0.0,0.0,2.0,0.0,14,2,2,41.9525081621,-87.8136541211,POINT (-87.813654121057 41.952508162133)
b99598459a45d64c9b3a6e6e8bad90d210ff9e72f0dc07bdfd101422955304754f2d5875c0c9803dc039c72bb76791f523a33a706f02d1d6e5a6bbdbd94c8c3b,JB305330,Y,01/14/2018 10:50:00 AM,20,UNKNOWN,UNKNOWN,UNKNOWN,UNKNOWN,PARKED MOTOR VEHICLE,NOT DIVIDED,2.0,STRAIGHT AND LEVEL,UNKNOWN,NO DEFECTS,NOT ON SCENE (DESK REPORT),NO INJURY / DRIVE AWAY,,,,"OVER $1,500",01/14/2018 11:20:00 AM,UNABLE TO DETERMINE,NOT APPLICABLE,2434,W,FARRAGUT AVE,2011.0,,,,,,,2,NO INDICATION OF INJURY,0.0,0.0,0.0,0.0,0.0,1.0,0.0,10,1,1,41.9768919555,-87.6904519207,POINT (-87.69045192066 41.976891955474)
6f659f7bff19a409fd20bdb9ed8bc32efc1004feedc4f21f151c3d6666406eef588edff67143510887a2d226636ca0f4b66f3fd986f13461214b05581c7e3ed8,JD368195,,09/15/2020 04:30:00 PM,30,NO CONTROLS,NO CONTROLS,CLEAR,DAYLIGHT,SIDESWIPE SAME DIRECTION,DIVIDED - W/MEDIAN (NOT RAISED),,STRAIGHT AND LEVEL,DRY,UNKNOWN,ON SCENE,NO INJURY / DRIVE AWAY,,,,"OVER $1,500",09/15/2020 04:35:00 PM,IMPROPER LANE USAGE,UNABLE TO DETERMINE,4343,W,47TH ST,815.0,,,,,,,2,NO INDICATION OF INJURY,0.0,0.0,0.0,0.0,0.0,2.0,0.0,16,3,9,41.8076458514,-87.7327252797,POINT (-87.732725279738 41.807645851388)
997c60b10460888f6099cb1a9f75e68dcbcc95753f99aa7a5d5c980ea36140bc94f5fda08331df25448d15e712b04585e0796d6ff014cf41469d6bbe7b102121,JG229802,,04/19/2023 04:15:00 PM,30,NO CONTROLS,NO CONTROLS,CLEAR,DAYLIGHT,SIDESWIPE OPPOSITE DIRECTION,NOT DIVIDED,,STRAIGHT AND LEVEL,DRY,NO DEFECTS,ON SCENE,NO INJURY / DRIVE AWAY,,,,"$501 - $1,500",04/19/2023 04:19:00 PM,DRIVING ON WRONG SIDE/WRONG WAY,NOT APPLICABLE,1556,W,TAYLOR ST,1231.0,,,,,,,2,NO INDICATION OF INJURY,0.0,0.0,0.0,0.0,0.0,2.0,0.0,16,4,4,41.8693740894,-87.6663451703,POINT (-87.666345170312 41.869374089416)
375e66af3e7db4acc3ec6b1e8e10ac2111e5a83ecec4a72756e01dd9b72a753c4d198c8a5c4c1d24ba76c3907aa89afe8dab5c741aba1b6548b1221f316d4093,JE367063,,09/09/2021 10:00:00 AM,35,NO CONTROLS,NO CONTROLS,CLEAR,DAYLIGHT,SIDESWIPE SAME DIRECTION,DIVIDED - W/MEDIAN (NOT RAISED),,STRAIGHT AND LEVEL,DRY,NO DEFECTS,NOT ON SCENE (DESK REPORT),NO INJURY / DRIVE AWAY,,,,"OVER $1,500",09/09/2021 10:00:00 AM,DRIVING SKILLS/KNOWLEDGE/EXPERIENCE,UNABLE TO DETERMINE,6821,S,STONY ISLAND AVE,332.0,,,,,,,2,NO INDICATION OF INJURY,0.0,0.0,0.0,0.0,0.0,3.0,0.0,10,5,9,41.7708663402,-87.5858289202,POINT (-87.585828920171 41.77086634017)
2cfe46e4c2211731e0e070e5b19fc29b13f5578c871becc928cac3b59937ff52d5f313ab9192ac68301b9ce9efb979c54e3c9dbd87516be0ed3ccf3e4ef2e53f,JF183011,,03/22/2022 04:45:00 PM,30,TRAFFIC SIGNAL,FUNCTIONING PROPERLY,CLEAR,DAYLIGHT,TURNING,ONE-WAY,,STRAIGHT AND LEVEL,WET,NO DEFECTS,NOT ON SCENE (DESK REPORT),NO INJURY / DRIVE AWAY,Y,,,"$501 - $1,500",03/22/2022 06:00:00 PM,IMPROPER TURNING/NO SIGNAL,IMPROPER TURNING/NO SIGNAL,49,W,RANDOLPH ST,111.0,,,,,,,2,NO INDICATION OF INJURY,0.0,0.0,0.0,0.0,0.0,2.0,0.0,16,3,3,41.884372269,-87.6297960939,POINT (-87.629796093867 41.884372268964)
627221af0945c295128e1db3d4812bfdce47fd5b40b2ce0cb451667ee802af818a0f9caa280af1fd1e83f40d4822dad00471637139ed7eac9d221b860c676c6d,JB370812,,07/29/2018 09:39:00 PM,30,NO CONTROLS,NO CONTROLS,CLEAR,"DARKNESS, LIGHTED ROAD",TURNING,NOT DIVIDED,,STRAIGHT AND LEVEL,DRY,NO DEFECTS,ON SCENE,NO INJURY / DRIVE AWAY,,,,"OVER $1,500",07/29/2018 09:39:00 PM,DISTRACTION - FROM OUTSIDE VEHICLE,DISTRACTION - FROM OUTSIDE VEHICLE,4406,N,KEDZIE AVE,1724.0,,,,,,,2,NO INDICATION OF INJURY,0.0,0.0,0.0,0.0,0.0,7.0,0.0,21,1,7,41.9613988731,-87.7084026053,POINT (-87.708402605261 41.961398873113)
d6cbdaded91644911ef6ba3feaaff4c5472e07a818e30438e12060e7bade6c8115fae667eb62c5887e5d290e7b1939531fcfe2098999abe9f9fc469224bd0b60,JA475368,,10/18/2017 12:39:00 AM,30,TRAFFIC SIGNAL,FUNCTIONING PROPERLY,CLEAR,"DARKNESS, LIGHTED ROAD",REAR END,ONE-WAY,3.0,STRAIGHT AND LEVEL,DRY,NO DEFECTS,ON SCENE,NO INJURY / DRIVE AWAY,Y,,,$500 OR LESS,10/18/2017 12:41:00 AM,FOLLOWING TOO CLOSELY,DISTRACTION - FROM INSIDE VEHICLE,8700,S,STATE ST,632.0,,,,,,,2,NO INDICATION OF INJURY,0.0,0.0,0.0,0.0,0.0,2.0,0.0,0,4,10,41.7362094694,-87.6243055191,POINT (-87.624305519124 41.736209469449)
80ee3945dde9b7dfa8891e93b46c9726c4880733ac6de5a1397128e90b2817dbc47035ac73751c1503b4c69167d45aad8f92cec7414e4ff3ce76e6e72dc9a4b6,JG370169,,08/05/2023 07:30:00 AM,20,TRAFFIC SIGNAL,FUNCTIONING PROPERLY,CLOUDY/OVERCAST,DAYLIGHT,SIDESWIPE SAME DIRECTION,NOT DIVIDED,,STRAIGHT AND LEVEL,DRY,NO DEFECTS,ON SCENE,NO INJURY / DRIVE AWAY,,,Y,$500 OR LESS,08/05/2023 08:00:00 AM,DRIVING SKILLS/KNOWLEDGE/EXPERIENCE,UNABLE TO DETERMINE,1558,W,63RD ST,713.0,,,,,,,2,NO INDICATION OF INJURY,0.0,0.0,0.0,0.0,0.0,2.0,0.0,7,7,8,41.7795775437,-87.6641710727,POINT (-87.66417107272 41.779577543722)
1b9590a047725235de70dab2141c17f42e8dd430bcd4e37aa8bde6636a98215518af11bad09b6d69097d60274d188e1303d4a0e8709f0aaacfba96c325e21abb,JF170644,,03/11/2022 02:53:00 PM,35,NO CONTROLS,NO CONTROLS,CLEAR,DAYLIGHT,FIXED OBJECT,UNKNOWN,,STRAIGHT AND LEVEL,DRY,UNKNOWN,NOT ON SCENE (DESK REPORT),NO INJURY / DRIVE AWAY,,,,"OVER $1,500",03/11/2022 02:54:00 PM,NOT APPLICABLE,NOT APPLICABLE,5800,S,HALSTED ST,712.0,,,,,,,1,NO INDICATION OF INJURY,0.0,0.0,0.0,0.0,0.0,2.0,0.0,14,6,3,41.7888023939,-87.6451617556,POINT (-87.645161755622 41.788802393938)
f4439adbcd7fdd58fb9580e81532762e38e10f141476672bd583afeeb9abba88f24f8615ebddb823f9cc4ab90d2e51ea4acae6a054709972e443b1ccd8b1755c,JE227251,,05/11/2021 10:40:00 PM,30,TRAFFIC SIGNAL,FUNCTIONING PROPERLY,CLEAR,"DARKNESS, LIGHTED ROAD",REAR END,FOUR WAY,,STRAIGHT AND LEVEL,DRY,OTHER,ON SCENE,NO INJURY / DRIVE AWAY,Y,,Y,"OVER $1,500",05/11/2021 10:47:00 PM,FOLLOWING TOO CLOSELY,UNABLE TO DETERMINE,4401,N,NARRAGANSETT AVE,1622.0,,,,Y,CONSTRUCTION,,2,NO INDICATION OF INJURY,0.0,0.0,0.0,0.0,0.0,2.0,0.0,22,3,5,41.960242801,-87.7866592105,POINT (-87.786659210476 41.960242801029)