CRASH_RECORD_ID,RD_NO,CRASH_DATE_EST_I,CRASH_DATE,POSTED_SPEED_LIMIT,TRAFFIC_CONTROL_DEVICE,DEVICE_CONDITION,WEATHER_CONDITION,LIGHTING_CONDITION,FIRST_CRASH_TYPE,TRAFFICWAY_TYPE,LANE_CNT,ALIGNMENT,ROADWAY_SURFACE_COND,ROAD_DEFECT,REPORT_TYPE,CRASH_TYPE,INTERSECTION_RELATED_I,NOT_RIGHT_OF_WAY_I,HIT_AND_RUN_I,DAMAGE,DATE_POLICE_NOTIFIED,PRIM_CONTRIBUTORY_CAUSE,SEC_CONTRIBUTORY_CAUSE,STREET_NO,STREET_DIRECTION,STREET_NAME,BEAT_OF_OCCURRENCE,PHOTOS_TAKEN_I,STATEMENTS_TAKEN_I,DOORING_I,WORK_ZONE_I,WORK_ZONE_TYPE,WORKERS_PRESENT_I,NUM_UNITS,MOST_SEVERE_INJURY,INJURIES_TOTAL,INJURIES_FATAL,INJURIES_INCAPACITATING,INJURIES_NON_INCAPACITATING,INJURIES_REPORTED_NOT_EVIDENT,INJURIES_NO_INDICATION,INJURIES_UNKNOWN,CRASH_HOUR,CRASH_DAY_OF_WEEK,CRASH_MONTH,LATITUDE,LONGITUDE,LOCATION
434d35ba52b8be95a6cf9b12d3558e1282203297172e94c321ad2d670dec8b6360a1533700419855226012e5ed7c189ab72f46a0449a1225e2179a2b5408b433,JB198655,,03/25/2018 12:00:00 AM,30,TRAFFIC SIGNAL,FUNCTIONING PROPERLY,CLEAR,"DARKNESS, LIGHTED ROAD",SIDESWIPE SAME DIRECTION,DIVIDED - W/MEDIAN (NOT RAISED),4.0,STRAIGHT AND LEVEL,DRY,NO DEFECTS,NOT ON SCENE (DESK REPORT),NO INJURY / DRIVE AWAY,,,Y,"OVER $1,500",03/25/2018 12:15:00 AM,UNABLE TO DETERMINE,IMPROPER BACKING,1200,N,HALSTED ST,1822.0,,,,,,,2,NO INDICATION OF INJURY,0.0,0.0,0.0,0.0,0.0,3.0,0.0,0,1,3,41.9036983077,-87.6482453506,POINT (-87.648245350626 41.90369830765)
1e6405eaf8e30d33be7b68e2b960631fbbae6b876c76bb7b8320e36980589bed5509f640a9dbd9eb6443baccde06764dc19189fee2474d39505d5fa551540037,HZ433734,,09/14/2016 12:24:00 PM,30,NO CONTROLS,NO CONTROLS,CLEAR,DUSK,SIDESWIPE SAME DIRECTION,NOT DIVIDED,2.0,STRAIGHT AND LEVEL,DRY,NO DEFECTS,NOT ON SCENE (DESK REPORT),NO INJURY / DRIVE AWAY,,,,"$501 - $1,500",09/14/2016 01:15:00 PM,FAILING TO YIELD RIGHT-OF-WAY,UNABLE TO DETERMINE,320,S,MICHIGAN AVE,113.0,,,,,,,2,NO INDICATION OF INJURY,0.0,0.0,0.0,0.0,0.0,2.0,0.0,12,4,9,41.8777544343,-87.6244538721,POINT (-87.62445387207 41.877754434302)
ae3abcbff74ec11c80a57ef38dc1d91bb7d20c13d76007fbddbe9c060b0e7ef2d613e4f9c0a3b12368bf57c9bdcca1f752f57efd7cbe3b728dda6b53d4bc4765,JB461235,,10/03/2018 03:06:00 PM,30,NO CONTROLS,NO CONTROLS,CLEAR,DAYLIGHT,PARKED MOTOR VEHICLE,DIVIDED - W/MEDIAN (NOT RAISED),,STRAIGHT AND LEVEL,DRY,NO DEFECTS,NOT ON SCENE (DESK REPORT),NO INJURY / DRIVE AWAY,,,,"OVER $1,500",10/03/2018 04:00:00 PM,UNABLE TO DETERMINE,WEATHER,2555,N,CLARK ST,1935.0,,,,,,,2,NO INDICATION OF INJURY,0.0,0.0,0.0,0.0,0.0,2.0,0.0,15,4,10,41.9292723531,-87.6425018778,POINT (-87.642501877752 41.929272353149)
bc436d8907d36dc7821792bfe3920e073e53e373b8ee052add06002d451fdac94c6d25c83ead9182567407f1feb448d11201e5d8e861e8b8b11a8d30178e0379,JE192661,,04/07/2021 05:25:00 PM,30,NO CONTROLS,NO CONTROLS,CLEAR,DAYLIGHT,REAR END,NOT DIVIDED,,STRAIGHT AND LEVEL,DRY,NO DEFECTS,NOT ON SCENE (DESK REPORT),NO INJURY / DRIVE AWAY,,,Y,"OVER $1,500",04/07/2021 06:05:00 PM,FOLLOWING TOO CLOSELY,UNABLE TO DETERMINE,2007,S,HALSTED ST,1235.0,,,,,,,2,NO INDICATION OF INJURY,0.0,0.0,0.0,0.0,0.0,3.0,0.0,17,4,4,41.855134364,-87.6464192863,POINT (-87.646419286316 41.855134363957)
b15f47061acb7fcdd0d40779c36fc528499cc929372084eabead30c1463ce45789bae1cdd2744678a02fe519aa190a1cb2de8f33089659dca123f1fa243be4d6,JA568997,,12/31/2017 02:00:00 PM,30,UNKNOWN,UNKNOWN,CLEAR,DAYLIGHT,SIDESWIPE SAME DIRECTION,ONE-WAY,3.0,STRAIGHT AND LEVEL,DRY,NO DEFECTS,NOT ON SCENE (DESK REPORT),NO INJURY / DRIVE AWAY,,,,"OVER $1,500",12/31/2017 02:40:00 PM,IMPROPER OVERTAKING/PASSING,IMPROPER OVERTAKING/PASSING,5,E,WASHINGTON ST,112.0,,,,,,,2,NO INDICATION OF INJURY,0.0,0.0,0.0,0.0,0.0,4.0,0.0,14,1,12,41.883107619,-87.6276880667,POINT (-87.627688066737 41.88310761895)
152b47660101d149595163e341d042d63c77e2dcd7c02a3fbdc595bcfa1a60f8b5d16022b11a675d3b7136f19e9d252c05205a451d8c0f6c6d5a147cbd87b8cd,JE272507,,06/19/2021 11:20:00 PM,30,TRAFFIC SIGNAL,FUNCTIONING PROPERLY,CLEAR,"DARKNESS, LIGHTED ROAD",REAR END,NOT DIVIDED,,STRAIGHT AND LEVEL,DRY,NO DEFECTS,ON SCENE,NO INJURY / DRIVE AWAY,,,Y,"OVER $1,500",06/19/2021 11:22:00 PM,UNABLE TO DETERMINE,UNABLE TO DETERMINE,3800,S,PULASKI RD,815.0,,,,,,,2,NO INDICATION OF INJURY,0.0,0.0,0.0,0.0,0.0,5.0,0.0,23,7,6,41.8245084404,-87.7242346667,POINT (-87.724234666706 41.824508440396)
f51ec853351700d081ec7932266479c0dd2a0ff157c12a54d13e64d57578483dea085c6e0353a93be8836d49a1e1218a40fae25e11ba02a135fb64b4cd7e0efc,JG177814,,03/07/2023 08:40:00 PM,35,TRAFFIC SIGNAL,FUNCTIONING PROPERLY,CLEAR,"DARKNESS, LIGHTED ROAD",ANGLE,NOT DIVIDED,,STRAIGHT AND LEVEL,DRY,NO DEFECTS,NOT ON SCENE (DESK REPORT),NO INJURY / DRIVE AWAY,,,,"OVER $1,500",03/07/2023 10:45:00 PM,IMPROPER BACKING,UNABLE TO DETERMINE,10000,S,COMMERCIAL AVE,431.0,,,,,,,2,NO INDICATION OF INJURY,0.0,0.0,0.0,0.0,0.0,2.0,0.0,20,3,3,41.7133092794,-87.5510964501,POINT (-87.5510964501 41.713309279442)
7c8419c4c779f7b1d552079835b4032ad19f2b48b4b3dd057d581b35e34068c7a205117bc5c323ec060c0731a3e634da5b6dbf3848a4a6af30be625d046b8dd4,JE154431,,02/27/2021 06:30:00 PM,30,NO CONTROLS,NO CONTROLS,CLEAR,"DARKNESS, LIGHTED ROAD",PARKED MOTOR VEHICLE,OTHER,,STRAIGHT AND LEVEL,DRY,NO DEFECTS,NOT ON SCENE (DESK REPORT),NO INJURY / DRIVE AWAY,,,,"$501 - $1,500",02/27/2021 07:50:00 PM,UNABLE TO DETERMINE,NOT APPLICABLE,4253,W,47TH ST,815.0,,,,,,,2,NO INDICATION OF INJURY,0.0,0.0,0.0,0.0,0.0,1.0,0.0,18,7,2,41.8076724932,-87.7306099027,POINT (-87.730609902683 41.807672493185)
872e71286c2bb8c16ac199db9695be715d6a192d0aab7160fd03d4531e6f7d91dacaf2802859890a057af4d845a8c0b08f644211ab68e1177d0dd9264bea66e2,JC128950,,01/25/2019 08:18:00 AM,30,STOP SIGN/FLASHER,FUNCTIONING PROPERLY,CLEAR,DAYLIGHT,ANGLE,NOT DIVIDED,4.0,STRAIGHT AND LEVEL,ICE,NO DEFECTS,ON SCENE,NO INJURY / DRIVE AWAY,Y,,,"$501 - $1,500",01/25/2019 08:20:00 AM,DISREGARDING STOP SIGN,UNABLE TO DETERMINE,1900,W,73RD ST,735.0,,,,,,,2,NO INDICATION OF INJURY,0.0,0.0,0.0,0.0,0.0,3.0,0.0,8,6,1,41.7613039067,-87.6710700474,POINT (-87.671070047438 41.761303906699)
df215f89195e753f23f39569926760555e0e4f13fcdfbb10a9e7b0543d55f51e99c0f5eb30b648f9fa17757b20f8ec90bd39507d02ed798cf2e5f8b0342b0929,JC501491,,11/06/2019 07:00:00 PM,30,NO CONTROLS,NO CONTROLS,CLEAR,"DARKNESS, LIGHTED ROAD",TURNING,FOUR WAY,,STRAIGHT AND LEVEL,DRY,NO DEFECTS,NOT ON SCENE (DESK REPORT),NO INJURY / DRIVE AWAY,Y,,,"OVER $1,500",11/07/2019 04:50:00 AM,FAILING TO YIELD RIGHT-OF-WAY,IMPROPER TURNING/NO SIGNAL,701,E,79TH ST,624.0,,,,,,,2,NO INDICATION OF INJURY,0.0,0.0,0.0,0.0,0.0,2.0,0.0,19,4,11,41.7511347559,-87.6075938233,POINT (-87.607593823264 41.751134755857)
600c68204d15e5941e82d882280e6934c8cd06f1016cf7cdd729a85ab2d0aba28cc926fcd92c82625578a97070fda4d504908bc486dcc32e791dad73b7783a74,JC150855,,02/13/2019 10:00:00 AM,30,UNKNOWN,UNKNOWN,SNOW,DAYLIGHT,SIDESWIPE SAME DIRECTION,NOT DIVIDED,2.0,STRAIGHT AND LEVEL,SNOW OR SLUSH,UNKNOWN,NOT ON SCENE (DESK REPORT),NO INJURY / DRIVE AWAY,,,,"OVER $1,500",02/13/2019 01:15:00 PM,FAILING TO REDUCE SPEED TO AVOID CRASH,FOLLOWING TOO CLOSELY,3606,N,CICERO AVE,1634.0,,,,,,,3,NO INDICATION OF INJURY,0.0,0.0,0.0,0.0,0.0,3.0,0.0,10,4,2,41.9463519115,-87.7472292266,POINT (-87.747229226589 41.946351911514)
e133b416555d635abe49b4884a2e765c73f87082e4a554a95f779e18291de94b704fb68061a3d225f816417311bf9d0fcb4ba9c08874f91bd8547801784f45bf,JF296416,,06/27/2022 05:27:00 PM,30,TRAFFIC SIGNAL,FUNCTIONING PROPERLY,CLEAR,DAYLIGHT,ANGLE,FOUR WAY,,STRAIGHT AND LEVEL,DRY,UNKNOWN,ON SCENE,INJURY AND / OR TOW DUE TO CRASH,Y,,,"OVER $1,500",06/27/2022 05:27:00 PM,UNABLE TO DETERMINE,UNABLE TO DETERMINE,1611,N,KOSTNER AVE,2534.0,,,,,,,2,NO INDICATION OF INJURY,0.0,0.0,0.0,0.0,0.0,2.0,0.0,17,2,6,41.9102002914,-87.7360112573,POINT (-87.736011257308 41.91020029143)
8a4124f4aa3d1c745ff8735ff80e36125f5500cef57a2c53b38ba554c371568eb900d9de30c942be980464767b144fadc48573d3462e0b9c400bde041fda51a4,JB516832,,11/15/2018 11:33:00 AM,30,TRAFFIC SIGNAL,FUNCTIONING PROPERLY,SNOW,DAYLIGHT,REAR END,ONE-WAY,3.0,STRAIGHT AND LEVEL,WET,NO DEFECTS,ON SCENE,INJURY AND / OR TOW DUE TO CRASH,,,,"OVER $1,500",11/15/2018 11:35:00 AM,FAILING TO REDUCE SPEED TO AVOID CRASH,WEATHER,4300,S,WENTWORTH AVE,925.0,,,,,,,2,NO INDICATION OF INJURY,0.0,0.0,0.0,0.0,0.0,2.0,0.0,11,5,11,41.8163945337,-87.6313400898,POINT (-87.631340089793 41.816394533729)
702c2d3fdf6f0259424749c206ab70aa4493683dc26582e9a5335ef8500a0ee21d4ec88872c1081ce70607e4132c59e9995cd77b8563cf4263e017bf6c4eb793,JE271985,,06/19/2021 02:20:00 PM,35,NO CONTROLS,NO CONTROLS,CLEAR,DAYLIGHT,PEDESTRIAN,ONE-WAY,,STRAIGHT AND LEVEL,DRY,NO DEFECTS,ON SCENE,NO INJURY / DRIVE AWAY,,,,$500 OR LESS,06/19/2021 02:28:00 PM,NOT APPLICABLE,NOT APPLICABLE,4751,S,DR MARTIN LUTHER KING JR DR,223.0,,,,,,,2,NO INDICATION OF INJURY,0.0,0.0,0.0,0.0,0.0,2.0,0.0,14,7,6,41.8078825406,-87.616401583,POINT (-87.616401582971 41.807882540619)
e21bcb3405e11b8f517586407f52ca6d84b4eacb125f86da7494b53e39bb0f9de9e47d3534eed762ab8718682a425ffc5787b50ec62463be2b90ffdc18cd016d,JD285876,Y,07/04/2020 05:43:00 PM,30,STOP SIGN/FLASHER,FUNCTIONING PROPERLY,CLEAR,DAYLIGHT,ANGLE,FOUR WAY,,STRAIGHT AND LEVEL,DRY,NO DEFECTS,ON SCENE,INJURY AND / OR TOW DUE TO CRASH,Y,,,"OVER $1,500",07/04/2020 05:43:00 PM,FAILING TO REDUCE SPEED TO AVOID CRASH,UNABLE TO DETERMINE,6500,S,EBERHART AVE,312.0,,Y,,,,,2,NO INDICATION OF INJURY,0.0,0.0,0.0,0.0,0.0,4.0,0.0,17,7,7,41.7765566387,-87.6132774459,POINT (-87.61327744587 41.776556638732)
1034b6a827d139eb757ac8d9d8d68bcedf560e8a19588b5e72354b9b7fa78af7e358ba3c96f4edd0df6ad62e25f7d6153f434538c745d00dce7c835284b9b8e6,JB526954,,11/24/2018 03:20:00 AM,40,NO CONTROLS,NO CONTROLS,RAIN,"DARKNESS, LIGHTED ROAD",HEAD ON,DIVIDED - W/MEDIAN (NOT RAISED),4.0,STRAIGHT AND LEVEL,WET,UNKNOWN,ON SCENE,INJURY AND / OR TOW DUE TO CRASH,,,,"OVER $1,500",11/24/2018 03:26:00 AM,UNABLE TO DETERMINE,UNABLE TO DETERMINE,4759,S,CICERO AVE,815.0,,,,,,,2,NO INDICATION OF INJURY,0.0,0.0,0.0,0.0,0.0,2.0,0.0,3,7,11,41.8058924065,-87.7429617024,POINT (-87.742961702353 41.805892406451)
74b34980da165084403ac6101bb50ef846e72719a95fbe3cb52c37bab1ef4cdb01fbb60f6f7f349c4a7cea03e0ce798a4144b325fff7be57d052a6923d2b83b6,JD111459,,01/10/2020 07:25:00 PM,30,TRAFFIC SIGNAL,FUNCTIONING PROPERLY,RAIN,"DARKNESS, LIGHTED ROAD",SIDESWIPE SAME DIRECTION,UNKNOWN,,STRAIGHT AND LEVEL,WET,NO DEFECTS,NOT ON SCENE (DESK REPORT),NO INJURY / DRIVE AWAY,Y,,N,"OVER $1,500",01/10/2020 08:00:00 PM,IMPROPER OVERTAKING/PASSING,NOT APPLICABLE,181,W,MADISON ST,122.0,,,,,,,2,NO INDICATION OF INJURY,0.0,0.0,0.0,0.0,0.0,2.0,0.0,19,6,1,41.88184063,-87.6332550894,POINT (-87.633255089413 41.881840630037)
064d6433067e0564f0e3a56534548abdbbf668f61ae6ddade6fd2aac9d0b36860e92a6028d4bfb759e79a1e9c983dca9f543488e2762b650f158710f2f9d6fda,JA407546,,08/26/2017 09:11:00 PM,30,TRAFFIC SIGNAL,FUNCTIONING PROPERLY,RAIN,"DARKNESS, LIGHTED ROAD",FIXED OBJECT,DIVIDED - W/MEDIAN BARRIER,2.0,STRAIGHT AND LEVEL,WET,UNKNOWN,ON SCENE,INJURY AND / OR TOW DUE TO CRASH,,,,"OVER $1,500",08/26/2017 09:20:00 PM,UNABLE TO DETERMINE,UNABLE TO DETERMINE,1604,W,GARFIELD BLVD,932.0,,,,,,,1,NO INDICATION OF INJURY,0.0,0.0,0.0,0.0,0.0,2.0,0.0,21,7,8,41.7941305487,-87.6648269619,POINT (-87.66482696188 41.794130548687)
a356eb3282721454d130a9fd2724d5fcbd8396aed0f0628b888cf8d6c095eae852d908a078d1319c364fd588d866bed2cf92ba7c483724700c8276011a7f6c25,JD467517,,12/23/2020 01:05:00 PM,30,TRAFFIC SIGNAL,FUNCTIONING PROPERLY,CLEAR,DAYLIGHT,TURNING,CENTER TURN LANE,,STRAIGHT ON HILLCREST,DRY,NO DEFECTS,NOT ON SCENE (DESK REPORT),NO INJURY / DRIVE AWAY,Y,,,"$501 - $1,500",12/23/2020 01:15:00 PM,FAILING TO YIELD RIGHT-OF-WAY,UNABLE TO DETERMINE,1859,W,DEVON AVE,2433.0,,,,,,,2,NO INDICATION OF INJURY,0.0,0.0,0.0,0.0,0.0,2.0,0.0,13,4,12,41.9978505651,-87.6767694377,POINT (-87.676769437678 41.997850565108)
fdbe0e101636ad246d684bdabc37d16179eac7703e274d4777b331104cf29e17459348d3fa6ddaab0f205fa3ae9e3f72937fbe03a196c5af05c9a66960938eae,JG157940,,02/19/2023 01:57:00 AM,30,NO CONTROLS,NO CONTROLS,CLEAR,DARKNESS,PARKED MOTOR VEHICLE,DIVIDED - W/MEDIAN (NOT RAISED),,STRAIGHT AND LEVEL,DRY,NO DEFECTS,ON SCENE,INJURY AND / OR TOW DUE TO CRASH,,,,"OVER $1,500",02/19/2023 01:57:00 AM,DISTRACTION - FROM INSIDE VEHICLE,NOT APPLICABLE,10500,S,MICHIGAN AVE,512.0,,Y,,,,,2,NO INDICATION OF INJURY,0.0,0.0,0.0,0.0,0.0,1.0,0.0,1,1,2,41.7034152187,-87.6208096791,POINT (-87.620809679116 41.703415218678)
d94d051630ba55da35c3cac84a35d8db9bf049d8000dc4047dc249e1a36602c84c9cbc8cc10e67d76560519f9d319a4ff7ffdd0971f9553b448a65235b4950fd,JD466793,Y,12/22/2020 07:30:00 PM,30,NO CONTROLS,NO CONTROLS,CLEAR,DARKNESS,SIDESWIPE SAME DIRECTION,NOT DIVIDED,,STRAIGHT AND LEVEL,DRY,NO DEFECTS,ON SCENE,INJURY AND / OR TOW DUE TO CRASH,Y,,Y,"OVER $1,500",12/22/2020 07:30:00 PM,UNABLE TO DETERMINE,UNABLE TO DETERMINE,2999,N,HARLEM AVE,2511.0,,,,,,,3,NO INDICATION OF INJURY,0.0,0.0,0.0,0.0,0.0,2.0,0.0,19,3,12,41.9342881957,-87.8064679945,POINT (-87.80646799454 41.934288195694)
471e33d69efff0e433fffedc3d4c17a29a21625ab6ff79d9ef7880a5f1c7c4addca5081adcbf509087b1182939f3f7b3e912f775e88fb8446bcd47cf131324de,JF241878,,05/14/2022 11:00:00 AM,30,NO CONTROLS,NO CONTROLS,CLEAR,DAYLIGHT,SIDESWIPE SAME DIRECTION,DIVIDED - W/MEDIAN BARRIER,,STRAIGHT AND LEVEL,DRY,NO DEFECTS,ON SCENE,NO INJURY / DRIVE AWAY,,,,"$501 - $1,500",05/14/2022 11:01:00 AM,FAILING TO YIELD RIGHT-OF-WAY,NOT APPLICABLE,2914,W,IRVING PARK RD,1724.0,,,,,,,2,NO INDICATION OF INJURY,0.0,0.0,0.0,0.0,0.0,2.0,0.0,11,7,5,41.9540685416,-87.7013862545,POINT (-87.701386254525 41.954068541594)
cd1b31b649dec055de248540fa532c5dc0b43293da6226f4e727246c80855263f596c08d1111a5ee67a1d2ffe7cb2f3eb9f45d80d1e5edd52849dac0fc450d38,JC549795,,12/17/2019 07:15:00 AM,35,TRAFFIC SIGNAL,FUNCTIONING PROPERLY,CLEAR,DAYLIGHT,PEDESTRIAN,T-INTERSECTION,,STRAIGHT AND LEVEL,DRY,NO DEFECTS,ON SCENE,INJURY AND / OR TOW DUE TO CRASH,Y,,,$500 OR LESS,12/17/2019 07:20:00 AM,NOT APPLICABLE,NOT APPLICABLE,3800,N,CENTRAL AVE,1633.0,,,,,,,2,NONINCAPACITATING INJURY,1.0,0.0,0.0,1.0,0.0,1.0,0.0,7,3,12,41.9495717413,-87.7670286962,POINT (-87.7670286962 41.949571741267)
5dd7154d37564d0cd4e029b1830708f7fac1a1027504b0ea4293526f2057a9f5a35e253efb2d1da2ff3403b9b541b19ee53f34be67d9c1b44476fe529ff50395,HZ448774,,09/25/2016 09:00:00 AM,30,NO CONTROLS,NO CONTROLS,CLEAR,DAYLIGHT,SIDESWIPE OPPOSITE DIRECTION,NOT DIVIDED,4.0,STRAIGHT AND LEVEL,DRY,NO DEFECTS,NOT ON SCENE (DESK REPORT),NO INJURY / DRIVE AWAY,,,,"$501 - $1,500",09/25/2016 09:36:00 AM,IMPROPER BACKING,UNABLE TO DETERMINE,4800,S,CORNELL AVE,222.0,,,,,,,2,NO INDICATION OF INJURY,0.0,0.0,0.0,0.0,0.0,4.0,0.0,9,1,9,41.8079030321,-87.5891568406,POINT (-87.589156840626 41.807903032132)
22ed9eda5566ea6eec5714c7e880dac67fbc5d9ec35017c50509527550f1e6b8612a31227d03fcd774d29b8538f5da7d8364106c1676abcc3f6cf7324276ecd3,JA565513,,12/28/2017 11:30:00 AM,30,TRAFFIC SIGNAL,FUNCTIONING PROPERLY,CLEAR,DAYLIGHT,REAR END,NOT DIVIDED,2.0,STRAIGHT AND LEVEL,UNKNOWN,UNKNOWN,ON SCENE,NO INJURY / DRIVE AWAY,,,,"$501 - $1,500",12/28/2017 12:15:00 PM,EQUIPMENT - VEHICLE CONDITION,NOT APPLICABLE,799,W,TAYLOR ST,1232.0,,,,,,,2,NO INDICATION OF INJURY,0.0,0.0,0.0,0.0,0.0,2.0,0.0,11,5,12,41.8694937709,-87.6468736451,POINT (-87.646873645087 41.869493770932)
e9a88377b1247874a29e9fe6eca61070b28aabe344962537532779f20de34c8e3250682e3c9bf774b0b6801382da3203d1d741bae49a96d991fcdf4a30fbda17,JE210028,,04/25/2021 08:50:00 PM,30,TRAFFIC SIGNAL,FUNCTIONING PROPERLY,CLEAR,"DARKNESS, LIGHTED ROAD",REAR END,NOT DIVIDED,,STRAIGHT AND LEVEL,DRY,NO DEFECTS,ON SCENE,INJURY AND / OR TOW DUE TO CRASH,Y,,,"OVER $1,500",04/25/2021 08:51:00 PM,FOLLOWING TOO CLOSELY,UNABLE TO DETERMINE,4140,W,63RD ST,813.0,,,,,,,2,NO INDICATION OF INJURY,0.0,0.0,0.0,0.0,0.0,2.0,0.0,20,1,4,41.7787181882,-87.7268246779,POINT (-87.726824677888 41.778718188214)
7ed4ed19174509b0f879bd1f766a035ae1ef345f027196a63120ea6174c7936f3ef84f12c934090a1bb04da72da9c8a6fa0ee1a39909f96b3e050806e98f1833,JF450143,,10/25/2022 02:00:00 PM,30,TRAFFIC SIGNAL,FUNCTIONING PROPERLY,CLOUDY/OVERCAST,DAYLIGHT,ANGLE,FOUR WAY,,STRAIGHT AND LEVEL,WET,NO DEFECTS,NOT ON SCENE (DESK REPORT),NO INJURY / DRIVE AWAY,Y,,Y,"OVER $1,500",10/26/2022 12:55:00 PM,DISREGARDING OTHER TRAFFIC SIGNS,"OPERATING VEHICLE IN ERRATIC, RECKLESS, CARELESS, NEGLIGENT OR AGGRESSIVE MANNER",8300,S,WESTERN AVE,835.0,,,,,,,2,NO INDICATION OF INJURY,0.0,0.0,0.0,0.0,0.0,2.0,0.0,14,3,10,41.7427279656,-87.6828247929,POINT (-87.68282479295 41.742727965581)
95f307dd9480d0233119f230683e7ada055a0a70d7674b3bf3e518860c5157d2451633e57f055e5e8680e99172232119b44dfbdecfd6b4bf406ed9266f56b1fa,JD245006,,05/27/2020 05:45:00 PM,35,NO CONTROLS,NO CONTROLS,CLEAR,DAYLIGHT,TURNING,NOT DIVIDED,,STRAIGHT AND LEVEL,WET,NO DEFECTS,NOT ON SCENE (DESK REPORT),NO INJURY / DRIVE AWAY,Y,,,"OVER $1,500",05/27/2020 11:55:00 PM,UNABLE TO DETERMINE,UNABLE TO DETERMINE,1800,W,NORTH AVE,1434.0,,,,,,,2,NO INDICATION OF INJURY,0.0,0.0,0.0,0.0,0.0,2.0,0.0,17,4,5,41.9106704572,-87.6726390811,POINT (-87.672639081104 41.91067045723)
fd00a1d1ba3eb69d13f46be3ff4a69db3a84d9b2349ea6caddfbdff0023dc4e9535f9ef8b943bb565c3c1d8bd4f0c6f3a4a47a302900996d71146fa3f39f9951,HY416077,,09/08/2015 10:44:00 PM,30,TRAFFIC SIGNAL,FUNCTIONING PROPERLY,CLEAR,"DARKNESS, LIGHTED ROAD",REAR END,NOT DIVIDED,2.0,STRAIGHT AND LEVEL,DRY,NO DEFECTS,NOT ON SCENE (DESK REPORT),NO INJURY / DRIVE AWAY,Y,,,$500 OR LESS,09/08/2015 11:05:00 PM,FOLLOWING TOO CLOSELY,NOT APPLICABLE,1600,N,WELLS ST,1814.0,,,,,,,2,NO INDICATION OF INJURY,0.0,0.0,0.0,0.0,0.0,2.0,0.0,22,3,9,41.9111954195,-87.6348588835,POINT (-87.634858883507 41.911195419487)
eb0ecaeb565d894770272657a3686ad54f3dcda95bcd7ce0ea7784aaa1386dfdfba3323b6f554955056823c4560006be83c36be87bd6d389c809fed91f5449c0,JD378760,,09/25/2020 11:30:00 AM,10,NO CONTROLS,NO CONTROLS,CLEAR,DAYLIGHT,PARKED MOTOR VEHICLE,ONE-WAY,,STRAIGHT AND LEVEL,DRY,NO DEFECTS,NOT ON SCENE (DESK REPORT),NO INJURY / DRIVE AWAY,,,Y,"OVER $1,500",09/25/2020 12:00:00 PM,UNABLE TO DETERMINE,UNABLE TO DETERMINE,6628,S,MAPLEWOOD AVE,832.0,,,,,,,2,NO INDICATION OF INJURY,0.0,0.0,0.0,0.0,0.0,1.0,0.0,11,6,9,41.7728565097,-87.687280834,POINT (-87.687280833983 41.772856509741)
fc9b5308aa216a5f6426c065efc5f952899696684f63d42e4da39002b91c07db2c35bc6fe6b1f9e685c5fa6724112e2800312a98e1a4fd3af7695c846648d36a,JF486001,,11/24/2022 04:35:00 AM,30,TRAFFIC SIGNAL,FUNCTIONING PROPERLY,CLEAR,"DARKNESS, LIGHTED ROAD",TURNING,NOT DIVIDED,,STRAIGHT AND LEVEL,DRY,UNKNOWN,ON SCENE,INJURY AND / OR TOW DUE TO CRASH,,,,"OVER $1,500",11/24/2022 04:41:00 AM,IMPROPER OVERTAKING/PASSING,IMPROPER TURNING/NO SIGNAL,3400,S,PULASKI RD,1031.0,,,,,,,2,"REPORTED, NOT EVIDENT",1.0,0.0,0.0,0.0,1.0,2.0,0.0,4,5,11,41.8318261911,-87.724389831,POINT (-87.724389831033 41.831826191067)
85fbb2cad3d1ee65cf078fddc711ec8a9e6e28a5e903bf13782281c69543caff1335c1d6672cd0e87aa1a026fc7472f4c8cae465c9641e308b2f070f2676e403,JB541014,,12/05/2018 09:55:00 AM,30,NO CONTROLS,NO CONTROLS,CLEAR,DAYLIGHT,SIDESWIPE OPPOSITE DIRECTION,DIVIDED - W/MEDIAN (NOT RAISED),2.0,STRAIGHT AND LEVEL,DRY,NO DEFECTS,NOT ON SCENE (DESK REPORT),NO INJURY / DRIVE AWAY,,,Y,"OVER $1,500",12/05/2018 11:40:00 AM,IMPROPER OVERTAKING/PASSING,NOT APPLICABLE,5200,W,LAKE ST,1523.0,,,,,,,2,NO INDICATION OF INJURY,0.0,0.0,0.0,0.0,0.0,2.0,0.0,9,4,12,41.8873141867,-87.7553694428,POINT (-87.7553694428 41.887314186701)
0565a665fb7c44e0d734ce3a9ad79fb5159bac38ea2cb7dbf68c5e4d62a515f4d47efde852aa00a5df1dc96617d17adb3fda4a2c0a9d1f43b3e7a43cefb67daa,JB357842,Y,07/15/2018 02:30:00 AM,30,NO CONTROLS,NO CONTROLS,UNKNOWN,"DARKNESS, LIGHTED ROAD",PARKED MOTOR VEHICLE,ONE-WAY,1.0,STRAIGHT AND LEVEL,UNKNOWN,NO DEFECTS,NOT ON SCENE (DESK REPORT),NO INJURY / DRIVE AWAY,,,Y,"$501 - $1,500",07/20/2018 02:49:00 PM,UNABLE TO DETERMINE,NOT APPLICABLE,1429,E,88TH ST,412.0,,,,,,,2,NO INDICATION OF INJURY,0.0,0.0,0.0,0.0,0.0,1.0,0.0,2,1,7,41.7349320495,-87.5893650046,POINT (-87.589365004596 41.734932049474)