CRASH_RECORD_ID,RD_NO,CRASH_DATE_EST_I,CRASH_DATE,POSTED_SPEED_LIMIT,TRAFFIC_CONTROL_DEVICE,DEVICE_CONDITION,WEATHER_CONDITION,LIGHTING_CONDITION,FIRST_CRASH_TYPE,TRAFFICWAY_TYPE,LANE_CNT,ALIGNMENT,ROADWAY_SURFACE_COND,ROAD_DEFECT,REPORT_TYPE,CRASH_TYPE,INTERSECTION_RELATED_I,NOT_RIGHT_OF_WAY_I,HIT_AND_RUN_I,DAMAGE,DATE_POLICE_NOTIFIED,PRIM_CONTRIBUTORY_CAUSE,SEC_CONTRIBUTORY_CAUSE,STREET_NO,STREET_DIRECTION,STREET_NAME,BEAT_OF_OCCURRENCE,PHOTOS_TAKEN_I,STATEMENTS_TAKEN_I,DOORING_I,WORK_ZONE_I,WORK_ZONE_TYPE,WORKERS_PRESENT_I,NUM_UNITS,MOST_SEVERE_INJURY,INJURIES_TOTAL,INJURIES_FATAL,INJURIES_INCAPACITATING,INJURIES_NON_INCAPACITATING,INJURIES_REPORTED_NOT_EVIDENT,INJURIES_NO_INDICATION,INJURIES_UNKNOWN,CRASH_HOUR,CRASH_DAY_OF_WEEK,CRASH_MONTH,LATITUDE,LONGITUDE,LOCATION
792657b2d59f5e2f4989604bd8737079e7d86a74c38ec058140b53a3ca5192fffa0a0884c68b695a14f8089473ebe2a9fc1efe7e84d69cb72b6b617dd07240e2,HZ325941,,06/27/2016 05:30:00 PM,30,UNKNOWN,UNKNOWN,UNKNOWN,UNKNOWN,REAR END,DIVIDED - W/MEDIAN (NOT RAISED),2.0,STRAIGHT AND LEVEL,UNKNOWN,UNKNOWN,NOT ON SCENE (DESK REPORT),NO INJURY / DRIVE AWAY,Y,,,"OVER $1,500",06/27/2016 05:40:00 PM,UNABLE TO DETERMINE,NOT APPLICABLE,2800,W,FOSTER AVE,2011.0,,,,,,,2,NO INDICATION OF INJURY,0.0,0.0,0.0,0.0,0.0,6.0,0.0,17,2,6,41.9759267062,-87.6990456857,POINT (-87.699045685712 41.975926706192)
075d7da0a52fecb07ba135f44627a7cdcc7e1d4597cfc7973934559d4f5168232515d17c9052c1e7a59c68b3dbc0212fbe48f74f2f8cc04bc6693b836af3717b,JB391772,,08/13/2018 01:30:00 PM,30,STOP SIGN/FLASHER,FUNCTIONING PROPERLY,CLEAR,DAYLIGHT,ANGLE,NOT DIVIDED,,STRAIGHT AND LEVEL,DRY,NO DEFECTS,NOT ON SCENE (DESK REPORT),NO INJURY / DRIVE AWAY,,,,"OVER $1,500",08/13/2018 03:18:00 PM,UNABLE TO DETERMINE,NOT APPLICABLE,460,W,76TH ST,621.0,,,,,,,2,NO INDICATION OF INJURY,0.0,0.0,0.0,0.0,0.0,4.0,0.0,13,2,8,41.7563275074,-87.6368135457,POINT (-87.636813545727 41.756327507393)
63a384ecf990d0bceafa982d496ea863e220a7a030880a691b73b8464da74b1f9237b7665593aea9ad420040d253b4b2d2e0384d52ebddab9c2a7792eadcaae2,JC267380,,05/17/2019 01:10:00 PM,30,NO CONTROLS,NO CONTROLS,CLEAR,DAYLIGHT,SIDESWIPE SAME DIRECTION,ONE-WAY,,STRAIGHT AND LEVEL,DRY,NO DEFECTS,NOT ON SCENE (DESK REPORT),NO INJURY / DRIVE AWAY,,,,"$501 - $1,500",05/17/2019 07:54:00 PM,FAILING TO YIELD RIGHT-OF-WAY,NOT APPLICABLE,123,N,DESPLAINES ST,121.0,,,,,,,2,NO INDICATION OF INJURY,0.0,0.0,0.0,0.0,0.0,2.0,0.0,13,6,5,41.8839095299,-87.6440424108,POINT (-87.644042410805 41.883909529934)
9b3a27069b3ead46871dc380c1cc2a2a0a62cddffc57c6e138a00b30515becfb7d39140d1d74ee2f714943c654f43f03cc21c5a33727a7aefc680db75db3ed76,JC443318,,09/21/2019 05:17:00 AM,30,NO CONTROLS,NO CONTROLS,CLEAR,"DARKNESS, LIGHTED ROAD",PEDESTRIAN,OTHER,,STRAIGHT AND LEVEL,DRY,NO DEFECTS,,INJURY AND / OR TOW DUE TO CRASH,,Y,Y,"OVER $1,500",09/21/2019 10:30:00 PM,DRIVING SKILLS/KNOWLEDGE/EXPERIENCE,NOT APPLICABLE,151,E,WACKER DR,114.0,,,,,,,2,"REPORTED, NOT EVIDENT",1.0,0.0,0.0,0.0,1.0,1.0,0.0,5,7,9,41.8879998873,-87.6225651326,POINT (-87.62256513256 41.887999887349)
c0890b6f405d25186f7f0dc2a5d061e6f83b09e6a60d1509567b78a2faeab844b456607552db23234eb31e54f2f083f28b5120a7d1e77eb9d0895d208a8e9469,HZ282087,,05/27/2016 01:50:00 PM,30,TRAFFIC SIGNAL,FUNCTIONING PROPERLY,CLOUDY/OVERCAST,DAYLIGHT,SIDESWIPE SAME DIRECTION,NOT DIVIDED,2.0,STRAIGHT AND LEVEL,WET,"RUT, HOLES",NOT ON SCENE (DESK REPORT),NO INJURY / DRIVE AWAY,Y,,Y,$500 OR LESS,05/27/2016 02:15:00 PM,UNABLE TO DETERMINE,UNABLE TO DETERMINE,200,E,87TH ST,632.0,,,,,,,2,NO INDICATION OF INJURY,0.0,0.0,0.0,0.0,0.0,4.0,0.0,13,6,5,41.736541701,-87.6192962472,POINT (-87.619296247246 41.736541700958)
fade2b52fa7b3cb5052c9f74f989aae0d7d866a0854286290dbbb07250cf9799a590715e2d6879ef05b6f37b94ed9bd159667df2a4833ac130a3a693d4a11d82,JC155953,,02/17/2019 01:30:00 PM,25,NO CONTROLS,NO CONTROLS,SNOW,DAYLIGHT,PARKED MOTOR VEHICLE,ONE-WAY,,STRAIGHT AND LEVEL,SNOW OR SLUSH,NO DEFECTS,NOT ON SCENE (DESK REPORT),NO INJURY / DRIVE AWAY,,,Y,"OVER $1,500",02/17/2019 03:50:00 PM,WEATHER,DRIVING SKILLS/KNOWLEDGE/EXPERIENCE,3330,N,NORDICA AVE,1632.0,,,,,,,2,NO INDICATION OF INJURY,0.0,0.0,0.0,0.0,0.0,1.0,0.0,13,1,2,41.9408227391,-87.8032843518,POINT (-87.803284351814 41.940822739058)
9ac7187c68cccb25e6715097d230e0984738433c9df53d6cabc520623fff8aa46ad1d9e0afd4f2b3ccf9b1150803d8248eaac2f4ba92a20705369cde24f01bec,JF444945,,10/22/2022 04:30:00 PM,20,NO CONTROLS,NO CONTROLS,CLEAR,DAYLIGHT,PARKED MOTOR VEHICLE,NOT DIVIDED,,STRAIGHT AND LEVEL,DRY,NO DEFECTS,ON SCENE,NO INJURY / DRIVE AWAY,,,Y,"OVER $1,500",10/22/2022 06:00:00 PM,UNABLE TO DETERMINE,UNABLE TO DETERMINE,1936,W,EDMAIRE ST,2212.0,,,,,,,2,NO INDICATION OF INJURY,0.0,0.0,0.0,0.0,0.0,1.0,0.0,16,7,10,41.6879620105,-87.6704279159,POINT (-87.670427915949 41.687962010531)
f380643c5dc6aafa1b421ac256a288c1c1d9b2d785b648c7b236b9b21da858b185adda46255b5edd932c39cb3edd118ade6139d4736f105075f3aed127ed2b50,JD441618,,11/25/2020 01:40:00 PM,30,STOP SIGN/FLASHER,FUNCTIONING PROPERLY,RAIN,DAYLIGHT,ANGLE,T-INTERSECTION,,STRAIGHT AND LEVEL,WET,NO DEFECTS,NOT ON SCENE (DESK REPORT),INJURY AND / OR TOW DUE TO CRASH,Y,,,"OVER $1,500",11/25/2020 02:15:00 PM,WEATHER,UNABLE TO DETERMINE,10000,S,MERRILL AVE,431.0,,,,,,,2,"REPORTED, NOT EVIDENT",1.0,0.0,0.0,0.0,1.0,2.0,0.0,13,4,11,41.7133499443,-87.5707762395,POINT (-87.570776239454 41.713349944319)
86c85002ae4f0778cddc6ad7f3221f126e17c2e09c653d42d91602b561d0e3ae6a0b14c59a417b8ae617af55cbcfd9f5fbc286059fd28753075afb2388a56af0,JD177314,,03/07/2020 11:25:00 AM,30,STOP SIGN/FLASHER,FUNCTIONING PROPERLY,CLEAR,DAYLIGHT,REAR END,ONE-WAY,,STRAIGHT AND LEVEL,DRY,NO DEFECTS,NOT ON SCENE (DESK REPORT),NO INJURY / DRIVE AWAY,,,,"$501 - $1,500",03/07/2020 01:39:00 PM,"OPERATING VEHICLE IN ERRATIC, RECKLESS, CARELESS, NEGLIGENT OR AGGRESSIVE MANNER","OPERATING VEHICLE IN ERRATIC, RECKLESS, CARELESS, NEGLIGENT OR AGGRESSIVE MANNER",7803,S,YATES BLVD,421.0,,,,,,,2,NO INDICATION OF INJURY,0.0,0.0,0.0,0.0,0.0,2.0,0.0,11,7,3,41.7534007618,-87.5661185125,POINT (-87.566118512496 41.753400761779)
77a0f8f8710a8976735d83f602a7a3edc3b3c5d0f21ac3c732f239825dc04c18cc3ee1ab9c434f2650f1c698244809c3365761673ea2a0796c58917be2a04a2c,JD244171,,05/26/2020 04:00:00 PM,20,NO CONTROLS,NO CONTROLS,CLEAR,DARKNESS,PARKED MOTOR VEHICLE,NOT DIVIDED,,STRAIGHT AND LEVEL,DRY,NO DEFECTS,NOT ON SCENE (DESK REPORT),NO INJURY / DRIVE AWAY,,,Y,"OVER $1,500",05/27/2020 09:29:00 AM,UNABLE TO DETERMINE,NOT APPLICABLE,600,E,83RD ST,631.0,,,,,,,2,NO INDICATION OF INJURY,0.0,0.0,0.0,0.0,0.0,1.0,0.0,16,3,5,41.7440005309,-87.6098185091,POINT (-87.609818509054 41.744000530921)
2493b71b3380bc7401cb893ae609649cc2a64acb78eeab13e18b02da728c2867a7fdd5ca7f7bd4f93c0b7c6588f348dae350e42eba2fd15daeebac675a01a6c4,JA538005,,12/05/2017 05:00:00 PM,0,STOP SIGN/FLASHER,OTHER,CLEAR,"DARKNESS, LIGHTED ROAD",PEDESTRIAN,ONE-WAY,1.0,STRAIGHT AND LEVEL,DRY,NO DEFECTS,ON SCENE,NO INJURY / DRIVE AWAY,Y,,,"OVER $1,500",12/05/2017 05:13:00 PM,UNABLE TO DETERMINE,UNABLE TO DETERMINE,1000,W,CATALPA AVE,2023.0,,,,,,,2,NO INDICATION OF INJURY,0.0,0.0,0.0,0.0,0.0,2.0,0.0,17,3,12,41.9819874492,-87.6552150127,POINT (-87.655215012656 41.981987449206)
c0782add58c5c11dcc39f4fe7aeabd157deda78b1887c28e245a0c8c48db8ede92119beb0c988fafcc1989de7ad1539299c1141cf6fb291e93f086d7c3212ad1,JD215045,Y,04/23/2020 02:00:00 AM,30,UNKNOWN,UNKNOWN,UNKNOWN,UNKNOWN,REAR END,UNKNOWN,,STRAIGHT AND LEVEL,UNKNOWN,UNKNOWN,NOT ON SCENE (DESK REPORT),NO INJURY / DRIVE AWAY,,,N,$500 OR LESS,04/23/2020 02:07:00 AM,UNABLE TO DETERMINE,UNABLE TO DETERMINE,1005,S,KOSTNER AVE,1131.0,,,,,,,2,NO INDICATION OF INJURY,0.0,0.0,0.0,0.0,0.0,3.0,0.0,2,5,4,41.8688529276,-87.7349145968,POINT (-87.734914596787 41.868852927634)
7b5a24d5e65066cb87e0b164756b80aefab2f7780c1c1ffda49f36fa1b309fa48056e02b5a0decd3e4a2e3f334d98eb8e01f5c543c0ff114a1efe4224dc491be,JG171388,,03/02/2023 01:08:00 PM,30,TRAFFIC SIGNAL,FUNCTIONING PROPERLY,CLEAR,DAYLIGHT,ANGLE,FOUR WAY,,STRAIGHT AND LEVEL,DRY,NO DEFECTS,,INJURY AND / OR TOW DUE TO CRASH,Y,,,"OVER $1,500",03/02/2023 01:08:00 PM,DISREGARDING TRAFFIC SIGNALS,DISREGARDING TRAFFIC SIGNALS,300,S,LARAMIE AVE,1522.0,,,,,,,2,NONINCAPACITATING INJURY,2.0,0.0,0.0,1.0,1.0,0.0,0.0,13,5,3,41.8766110383,-87.755074504,POINT (-87.755074504036 41.876611038277)
f8f222a794bbd6013ae59b48d85860a258ab294e45c96b03866740d6de1bbf879ada3e651edb689b549f5a56796bafa1cac23f32084cf65c0be28070d81f3c41,JD393338,,10/08/2020 10:40:00 PM,30,NO CONTROLS,NO CONTROLS,CLEAR,"DARKNESS, LIGHTED ROAD",ANGLE,ALLEY,,STRAIGHT AND LEVEL,DRY,UNKNOWN,ON SCENE,INJURY AND / OR TOW DUE TO CRASH,Y,,,"OVER $1,500",10/08/2020 10:46:00 PM,FAILING TO YIELD RIGHT-OF-WAY,UNABLE TO DETERMINE,2501,W,HOWARD ST,2411.0,,,,,,,3,NO INDICATION OF INJURY,0.0,0.0,0.0,0.0,0.0,3.0,0.0,22,5,10,42.0193678407,-87.6926573204,POINT (-87.692657320423 42.019367840736)
423b4659e8b2be24bc8c8c9c4a76cbfd14346b7862c69935951dc65bec252e3690b2684084df80508b21d18929e9a6080bb7d549bc23acad69535f33eb50fa0f,JF233642,,05/06/2022 03:30:00 PM,30,NO CONTROLS,NO CONTROLS,RAIN,DAYLIGHT,SIDESWIPE SAME DIRECTION,DIVIDED - W/MEDIAN (NOT RAISED),,STRAIGHT AND LEVEL,WET,NO DEFECTS,NOT ON SCENE (DESK REPORT),NO INJURY / DRIVE AWAY,,,,"$501 - $1,500",05/07/2022 03:24:00 PM,UNABLE TO DETERMINE,NOT APPLICABLE,2317,W,MADISON ST,1223.0,,,,,,,2,NO INDICATION OF INJURY,0.0,0.0,0.0,0.0,0.0,3.0,0.0,15,6,5,41.8810789324,-87.6846938953,POINT (-87.684693895261 41.881078932387)
48a20038057c3dba175acd24d32bb66a5a2129cc4edf35f566463bfb676542eab312a983fbb65f10c087c20ccca1aa64c61a085c8b29057fe01ad239daa14ca5,JE103128,,01/04/2021 03:09:00 PM,10,NO CONTROLS,NO CONTROLS,CLEAR,"DARKNESS, LIGHTED ROAD",REAR TO REAR,PARKING LOT,,STRAIGHT AND LEVEL,DRY,NO DEFECTS,ON SCENE,NO INJURY / DRIVE AWAY,,,,"OVER $1,500",01/04/2021 03:19:00 PM,UNABLE TO DETERMINE,UNABLE TO DETERMINE,1520,W,NORTH AVE,1433.0,,,,,,,2,NO INDICATION OF INJURY,0.0,0.0,0.0,0.0,0.0,3.0,0.0,15,2,1,41.9107619487,-87.6661209959,POINT (-87.666120995872 41.910761948707)
a4d28f0a1a24385d7c9a8b52a83aee9e7543faf28934db4bce8731d823598242c043fab60714b21f3f27823312a65c22b5c7b554d8c199f740287879c39de882,JF495496,,11/29/2022 07:40:00 PM,30,TRAFFIC SIGNAL,OTHER,RAIN,"DARKNESS, LIGHTED ROAD",TURNING,NOT DIVIDED,,STRAIGHT AND LEVEL,WET,UNKNOWN,NOT ON SCENE (DESK REPORT),NO INJURY / DRIVE AWAY,Y,,,"OVER $1,500",12/02/2022 01:45:00 PM,DRIVING SKILLS/KNOWLEDGE/EXPERIENCE,UNABLE TO DETERMINE,500,N,COLUMBUS DR,1834.0,,,,,,,2,NO INDICATION OF INJURY,0.0,0.0,0.0,0.0,0.0,2.0,0.0,19,3,11,41.8910445691,-87.6203718391,POINT (-87.620371839074 41.891044569124)
bbba7be722b2637eb6ba37f1961903a5b96876f28300d04315606983344b3d540bc0dc52d37d9dce897a3f3df56549997c77097db3bebebb688af4ecb54a4f8a,JA404007,,08/22/2017 04:00:00 PM,30,NO CONTROLS,NO CONTROLS,CLEAR,DAYLIGHT,PARKED MOTOR VEHICLE,NOT DIVIDED,,STRAIGHT AND LEVEL,DRY,NO DEFECTS,ON SCENE,NO INJURY / DRIVE AWAY,,,Y,"OVER $1,500",08/24/2017 09:15:00 AM,UNABLE TO DETERMINE,UNABLE TO DETERMINE,5942,N,WESTERN AVE,2011.0,,Y,,,,,2,NO INDICATION OF INJURY,0.0,0.0,0.0,0.0,0.0,1.0,0.0,16,3,8,41.9899401636,-87.6898017812,POINT (-87.689801781211 41.989940163588)
42c5b3c7494b2c514d2f2f1acb79d4de7968eaa9cfdc1590ea1203e9f007161a2059eedca5fa5bf1b98e1cc155ad3a3621a3beed233cac1d3af6a55e2b9f13f1,JC435111,Y,09/16/2019 02:20:00 AM,30,NO CONTROLS,NO CONTROLS,CLEAR,"DARKNESS, LIGHTED ROAD",PARKED MOTOR VEHICLE,ONE-WAY,,STRAIGHT AND LEVEL,DRY,NO DEFECTS,ON SCENE,INJURY AND / OR TOW DUE TO CRASH,,,,"OVER $1,500",09/16/2019 02:20:00 AM,UNABLE TO DETERMINE,UNABLE TO DETERMINE,7348,S,PERRY AVE,731.0,,,,,,,6,NONINCAPACITATING INJURY,1.0,0.0,0.0,1.0,0.0,1.0,0.0,2,2,9,41.7603749749,-87.6281992761,POINT (-87.628199276137 41.760374974907)
3bf83b49011310fcf9245721031fda5d74ebe432a281fe6cec5ec21936f23ad16187f2e7812a5cf2c80ea7bc3f824aadacb0e9448bd65f9860ba908fb8736862,HY491690,Y,11/06/2015 12:30:00 PM,20,NO CONTROLS,NO CONTROLS,CLEAR,"DARKNESS, LIGHTED ROAD",FIXED OBJECT,ALLEY,1.0,STRAIGHT AND LEVEL,DRY,NO DEFECTS,NOT ON SCENE (DESK REPORT),NO INJURY / DRIVE AWAY,,N,Y,"OVER $1,500",11/06/2015 02:35:00 PM,UNABLE TO DETERMINE,NOT APPLICABLE,11110,S,SACRAMENTO AVE,2211.0,,,,,,,1,NO INDICATION OF INJURY,0.0,0.0,0.0,0.0,0.0,1.0,0.0,12,6,11,41.6912428887,-87.6962910093,POINT (-87.696291009342 41.691242888737)
2e217f21828d9fb0f30948e65f6edb43821e8e1baa89ceed79f9ba9d327cca1f2092f9915672839b83a022084208b309e92b6c050f8ec670a27934a0915d87f9,JE398130,,10/04/2021 06:00:00 PM,30,STOP SIGN/FLASHER,FUNCTIONING PROPERLY,CLEAR,DUSK,ANGLE,FOUR WAY,,STRAIGHT AND LEVEL,DRY,NO DEFECTS,ON SCENE,NO INJURY / DRIVE AWAY,Y,,,"$501 - $1,500",10/04/2021 06:13:00 PM,UNABLE TO DETERMINE,NOT APPLICABLE,653,N,FRANKLIN ST,1831.0,,,,,,,2,NO INDICATION OF INJURY,0.0,0.0,0.0,0.0,0.0,2.0,0.0,18,2,10,41.8939324999,-87.6354904886,POINT (-87.635490488574 41.893932499917)
6c8ea579b91d67f927f24e37427a2414b1ff1cdc55c5cc5eba8b7db38525723367064ec734f70d2fd078da6443fc1760d98f650b477a908c2f0fee386a28e401,JG349203,,07/20/2023 04:30:00 PM,30,NO CONTROLS,NO CONTROLS,CLEAR,DAYLIGHT,REAR END,NOT DIVIDED,,STRAIGHT AND LEVEL,DRY,NO DEFECTS,NOT ON SCENE (DESK REPORT),NO INJURY / DRIVE AWAY,,,,"OVER $1,500",07/20/2023 04:55:00 PM,UNABLE TO DETERMINE,NOT APPLICABLE,1600,S,DAMEN AVE,1234.0,,,,,,,2,NO INDICATION OF INJURY,0.0,0.0,0.0,0.0,0.0,2.0,0.0,16,5,7,41.8594269734,-87.6761932197,POINT (-87.676193219675 41.859426973386)
cd5036c6ee622e80e012a7b7a52f8412d71e28e735542859024f8dec39629fb849b7d6d802971a520d346ad0eef1000c722cdc4e345751aef3e14b6595f94cd3,JD445882,,11/30/2020 02:50:00 PM,30,TRAFFIC SIGNAL,FUNCTIONING PROPERLY,CLEAR,DAYLIGHT,REAR END,DIVIDED - W/MEDIAN (NOT RAISED),,STRAIGHT AND LEVEL,DRY,NO DEFECTS,ON SCENE,NO INJURY / DRIVE AWAY,,,,"$501 - $1,500",11/30/2020 03:50:00 PM,FOLLOWING TOO CLOSELY,NOT APPLICABLE,2400,W,63RD ST,825.0,,,,,,,2,NO INDICATION OF INJURY,0.0,0.0,0.0,0.0,0.0,2.0,0.0,14,2,11,41.7793318443,-87.6836757608,POINT (-87.683675760848 41.779331844298)
016993b027dd4c5e6e44f1d4459d06a046ac073cd35683c98d7157074559e55a7649db4267b061ebb6df5cae1b3c65f5ad8ee35d64ba868cd309c09b1d97abed,JB263040,,05/14/2018 12:47:00 PM,20,UNKNOWN,UNKNOWN,CLEAR,DAYLIGHT,TURNING,DIVIDED - W/MEDIAN (NOT RAISED),,STRAIGHT AND LEVEL,DRY,NO DEFECTS,ON SCENE,NO INJURY / DRIVE AWAY,,,,"$501 - $1,500",05/14/2018 12:47:00 PM,IMPROPER TURNING/NO SIGNAL,DRIVING SKILLS/KNOWLEDGE/EXPERIENCE,3712,W,LAWRENCE AVE,1712.0,,,,,,,2,NO INDICATION OF INJURY,0.0,0.0,0.0,0.0,0.0,2.0,0.0,12,2,5,41.9684248636,-87.7212672361,POINT (-87.721267236107 41.968424863576)
00933d447777557f9d7b60aef2986fb9c7fe4c353e4c11385719c86b9b1b46fbf546aa67c113d7e9b78b4a92a1e4f314997eec104051c370e16601fb7f6c912a,JF528039,,12/30/2022 07:29:00 PM,35,TRAFFIC SIGNAL,FUNCTIONING PROPERLY,CLEAR,DARKNESS,ANGLE,FOUR WAY,,STRAIGHT AND LEVEL,WET,NO DEFECTS,ON SCENE,INJURY AND / OR TOW DUE TO CRASH,Y,,,"OVER $1,500",12/30/2022 07:29:00 PM,FAILING TO YIELD RIGHT-OF-WAY,FAILING TO REDUCE SPEED TO AVOID CRASH,100,E,LOWER WACKER DR,114.0,,,,,,,2,NO INDICATION OF INJURY,0.0,0.0,0.0,0.0,0.0,4.0,0.0,19,6,12,41.888432092,-87.6244246869,POINT (-87.624424686932 41.88843209205)
684190406c56a501290ac5a843690fc88a2affdc81859c564c5c2d4333e2aa87c197387bc373e1f1f6a505c4e92a381eae6c854d5dece4940c4c74cf9025cd8a,JA372258,,08/01/2017 07:25:00 AM,30,TRAFFIC SIGNAL,FUNCTIONING PROPERLY,CLEAR,DAYLIGHT,REAR END,DIVIDED - W/MEDIAN BARRIER,6.0,STRAIGHT AND LEVEL,DRY,NO DEFECTS,NOT ON SCENE (DESK REPORT),NO INJURY / DRIVE AWAY,,,,"OVER $1,500",08/01/2017 08:45:00 AM,FOLLOWING TOO CLOSELY,UNABLE TO DETERMINE,6339,N,LEHIGH AVE,1621.0,,,,,,,2,NO INDICATION OF INJURY,0.0,0.0,0.0,0.0,0.0,2.0,0.0,7,3,8,41.9953487089,-87.7645706609,POINT (-87.764570660867 41.995348708948)
a637fbf9f3b790b028255a0881b1d6b3b0d70d3932781150984c9a7742b315051ba6cf8ec6b9c5f4b602789e6a33985adce42a08a0a05abbe90f0c0d3be04999,JE150972,,02/24/2021 01:45:00 PM,30,NO CONTROLS,NO CONTROLS,CLEAR,DAYLIGHT,PARKED MOTOR VEHICLE,NOT DIVIDED,,STRAIGHT AND LEVEL,DRY,NO DEFECTS,ON SCENE,NO INJURY / DRIVE AWAY,,,Y,"$501 - $1,500",02/24/2021 01:49:00 PM,UNABLE TO DETERMINE,UNABLE TO DETERMINE,4211,W,59TH ST,813.0,,,,,,,2,NO INDICATION OF INJURY,0.0,0.0,0.0,0.0,0.0,1.0,0.0,13,4,2,41.7857705638,-87.7283688698,POINT (-87.728368869833 41.78577056378)
6be0afbb085b5833b3c36cb99c919a15fbe1b56a1b82a9b7997d8d4cd6c11f03da80ca8aaad4f59dfd027399beca248b765b8a62dd455c3423098a652717e281,HZ391821,,08/14/2016 02:45:00 PM,30,NO CONTROLS,NO CONTROLS,CLEAR,DAYLIGHT,REAR END,OTHER,1.0,STRAIGHT AND LEVEL,DRY,NO DEFECTS,NOT ON SCENE (DESK REPORT),NO INJURY / DRIVE AWAY,,,Y,"$501 - $1,500",08/14/2016 03:10:00 PM,UNABLE TO DETERMINE,UNABLE TO DETERMINE,7600,S,INDIANA AVE,623.0,,,,,,,2,NO INDICATION OF INJURY,0.0,0.0,0.0,0.0,0.0,2.0,0.0,14,1,8,41.7564048051,-87.6200325039,POINT (-87.62003250391 41.756404805121)
11f4e7e7978f54794f580bfbf0f6eb5b49b755d6b404853121ca424da865842a5af735aa881ae4c680dd838dd6b77dbe9113784197ce791533b93930849b58fb,JF129646,,01/31/2022 12:08:00 PM,25,TRAFFIC SIGNAL,FUNCTIONING IMPROPERLY,CLEAR,DAYLIGHT,REAR END,OTHER,,STRAIGHT AND LEVEL,OTHER,NO DEFECTS,ON SCENE,INJURY AND / OR TOW DUE TO CRASH,,,,"OVER $1,500",01/31/2022 12:45:00 PM,DRIVING SKILLS/KNOWLEDGE/EXPERIENCE,UNABLE TO DETERMINE,1754,W,ROOSEVELT RD,1231.0,,Y,,,,,3,INCAPACITATING INJURY,2.0,0.0,2.0,0.0,0.0,2.0,0.0,12,2,1,41.8669360539,-87.6711350118,POINT (-87.67113501176 41.866936053894)
16bfb157c8bf7ecf904f24142ddae4d372c5dc949ceda36e84a6c0153b0fad4ec6f6aa6509a92bf63b7fb8f95d628142c61f7912c3b99d8432eb8cac128fb0f3,JE309720,,07/21/2021 12:59:00 AM,30,NO CONTROLS,NO CONTROLS,CLEAR,"DARKNESS, LIGHTED ROAD",PARKED MOTOR VEHICLE,NOT DIVIDED,,STRAIGHT AND LEVEL,DRY,NO DEFECTS,ON SCENE,INJURY AND / OR TOW DUE TO CRASH,,,Y,"OVER $1,500",07/22/2021 01:04:00 AM,UNABLE TO DETERMINE,UNABLE TO DETERMINE,3355,N,OAK PARK AVE,1632.0,,,,,,,2,NO INDICATION OF INJURY,0.0,0.0,0.0,0.0,0.0,1.0,0.0,0,4,7,41.941610934,-87.7956848412,POINT (-87.795684841191 41.941610933951)
245b69faff867af4f61645190749964848643991bb7f2cd489f0b28d21e42e3483cb60654ab15f2802adefb99a0551e16b99adaf409895dd07223dbd2a715f2d,JB299401,,06/09/2018 09:10:00 AM,30,NO CONTROLS,NO CONTROLS,RAIN,DAYLIGHT,TURNING,NOT DIVIDED,4.0,STRAIGHT AND LEVEL,WET,NO DEFECTS,ON SCENE,INJURY AND / OR TOW DUE TO CRASH,,N,,"OVER $1,500",06/09/2018 09:13:00 AM,"VISION OBSCURED (SIGNS, TREE LIMBS, BUILDINGS, ETC.)",WEATHER,3551,N,HARLEM AVE,1632.0,,,,,,,2,NONINCAPACITATING INJURY,1.0,0.0,0.0,1.0,0.0,3.0,0.0,9,7,6,41.9449518609,-87.8068470341,POINT (-87.806847034121 41.944951860875)
a587782bb6cc42936ff65a616875c7eec0295fa1106d2b357c4fb9c7e0503e9ec83911641a51dddd7564d5b33921df35b196cf4904a748bc49f9c9a2cedf3053,JF266145,,06/03/2022 10:00:00 AM,30,NO CONTROLS,NO CONTROLS,CLEAR,DAYLIGHT,PARKED MOTOR VEHICLE,ONE-WAY,,STRAIGHT AND LEVEL,DRY,NO DEFECTS,NOT ON SCENE (DESK REPORT),NO INJURY / DRIVE AWAY,,,Y,"OVER $1,500",06/03/2022 12:04:00 PM,UNABLE TO DETERMINE,NOT APPLICABLE,9524,S,LA SALLE ST,511.0,,,,,,,2,NO INDICATION OF INJURY,0.0,0.0,0.0,0.0,0.0,1.0,0.0,10,6,6,41.7209057631,-87.6275788299,POINT (-87.627578829868 41.720905763119)
be348a47a1a612c7bcc850f3187cda08acb8bbb65cad166a8490f9466f99dd7e7ed99d77e5ccac5d5467375db1262ab4651174138a205bba5c4b00239d4efc50,JG263998,Y,05/04/2023 02:00:00 AM,30,NO CONTROLS,NO CONTROLS,UNKNOWN,"DARKNESS, LIGHTED ROAD",PARKED MOTOR VEHICLE,ONE-WAY,,STRAIGHT AND LEVEL,UNKNOWN,NO DEFECTS,NOT ON SCENE (DESK REPORT),NO INJURY / DRIVE AWAY,,,Y,"OVER $1,500",05/17/2023 12:30:00 PM,UNABLE TO DETERMINE,UNABLE TO DETERMINE,3616,N,NEVA AVE,1632.0,,,,,,,2,NO INDICATION OF INJURY,0.0,0.0,0.0,0.0,0.0,1.0,0.0,2,5,5,41.9458251122,-87.8059444529,POINT (-87.805944452881 41.945825112214)