CRASH_RECORD_ID,RD_NO,CRASH_DATE_EST_I,CRASH_DATE,POSTED_SPEED_LIMIT,TRAFFIC_CONTROL_DEVICE,DEVICE_CONDITION,WEATHER_CONDITION,LIGHTING_CONDITION,FIRST_CRASH_TYPE,TRAFFICWAY_TYPE,LANE_CNT,ALIGNMENT,ROADWAY_SURFACE_COND,ROAD_DEFECT,REPORT_TYPE,CRASH_TYPE,INTERSECTION_RELATED_I,NOT_RIGHT_OF_WAY_I,HIT_AND_RUN_I,DAMAGE,DATE_POLICE_NOTIFIED,PRIM_CONTRIBUTORY_CAUSE,SEC_CONTRIBUTORY_CAUSE,STREET_NO,STREET_DIRECTION,STREET_NAME,BEAT_OF_OCCURRENCE,PHOTOS_TAKEN_I,STATEMENTS_TAKEN_I,DOORING_I,WORK_ZONE_I,WORK_ZONE_TYPE,WORKERS_PRESENT_I,NUM_UNITS,MOST_SEVERE_INJURY,INJURIES_TOTAL,INJURIES_FATAL,INJURIES_INCAPACITATING,INJURIES_NON_INCAPACITATING,INJURIES_REPORTED_NOT_EVIDENT,INJURIES_NO_INDICATION,INJURIES_UNKNOWN,CRASH_HOUR,CRASH_DAY_OF_WEEK,CRASH_MONTH,LATITUDE,LONGITUDE,LOCATION
9f3dd54a551be5819f8d715fe4e5684fe47b3b763b63df027517a420cb909d46f60fb38ab1e9b23b08f3bb648e6f7468cfcb27fb13900412c6b692ba36235676,JC423580,,09/07/2019 12:00:00 PM,20,NO CONTROLS,NO CONTROLS,CLEAR,DAYLIGHT,PARKED MOTOR VEHICLE,PARKING LOT,,STRAIGHT AND LEVEL,DRY,NO DEFECTS,NOT ON SCENE (DESK REPORT),NO INJURY / DRIVE AWAY,,,,"$501 - $1,500",09/07/2019 12:20:00 PM,DISTRACTION - FROM OUTSIDE VEHICLE,DISTRACTION - FROM OUTSIDE VEHICLE,10701,S,WESTERN AVE,2212.0,,,,,,,2,NO INDICATION OF INJURY,0.0,0.0,0.0,0.0,0.0,1.0,0.0,12,7,9,41.6990180292,-87.6812391676,POINT (-87.681239167602 41.699018029218)
a91ed993d4e26e14c2880e3d3de04474a15ab5bc1038fdd0e06166dd3481961ea8cf23cf6a8fcd29b659c03c2a54e0291563b550917eedf6b94b6e08bba8f72f,JF379986,,09/01/2022 03:51:00 PM,25,NO CONTROLS,NO CONTROLS,CLEAR,DAYLIGHT,REAR END,NOT DIVIDED,,STRAIGHT AND LEVEL,DRY,UNKNOWN,ON SCENE,NO INJURY / DRIVE AWAY,,,,"OVER $1,500",09/02/2022 10:36:00 AM,UNABLE TO DETERMINE,UNABLE TO DETERMINE,1001,W,LELAND AVE,1914.0,,,,,,,2,NO INDICATION OF INJURY,0.0,0.0,0.0,0.0,0.0,2.0,0.0,15,5,9,41.9671578127,-87.6548545495,POINT (-87.654854549515 41.967157812747)
ca8a19979e414fb7c37f3655fd88ee120179a1569e1ae3071d81e7e346d5fc6ff823dda3d523cbaba185efbfcbfdd3f1b045f290e49f195eeace0c99ee41ddd1,JF506216,,12/11/2022 09:19:00 AM,45,NO CONTROLS,NO CONTROLS,CLOUDY/OVERCAST,DAYLIGHT,FIXED OBJECT,DIVIDED - W/MEDIAN BARRIER,,"CURVE, LEVEL",WET,NO DEFECTS,ON SCENE,INJURY AND / OR TOW DUE TO CRASH,,,,"OVER $1,500",12/11/2022 09:20:00 AM,WEATHER,NOT APPLICABLE,1000,N,LAKE SHORE DR,1824.0,,,,,,,1,NO INDICATION OF INJURY,0.0,0.0,0.0,0.0,0.0,2.0,0.0,9,1,12,41.900752974,-87.6242349998,POINT (-87.62423499978 41.900752974042)
a169e97c5e514a5f2849e7825232a8132b2eb5bde9a84a05fee77e6b294d3a87f42335d4d0bb6da29c7bde7d5d76ab8c3e2a739dd39ff865106b5f7f3c85eb7a,JB417368,,09/01/2018 01:02:00 AM,30,TRAFFIC SIGNAL,FUNCTIONING PROPERLY,CLEAR,"DARKNESS, LIGHTED ROAD",REAR END,DIVIDED - W/MEDIAN (NOT RAISED),1.0,STRAIGHT AND LEVEL,WET,NO DEFECTS,ON SCENE,INJURY AND / OR TOW DUE TO CRASH,Y,,,"$501 - $1,500",09/01/2018 01:04:00 AM,FAILING TO REDUCE SPEED TO AVOID CRASH,DISTRACTION - FROM INSIDE VEHICLE,6200,W,MONTROSE AVE,1622.0,,,,,,,3,NONINCAPACITATING INJURY,1.0,0.0,0.0,1.0,0.0,4.0,0.0,1,7,9,41.9603936095,-87.7819700746,POINT (-87.781970074638 41.960393609526)
89cde475e8bd6e296b61d72e1f8535c300a6b3a2b97b7e3072afecf0d4967fc7a5415f71e3725f17fe9323d219c4fccb353c1f32ba38c5628bcd0115351002e4,JE192815,,04/07/2021 08:32:00 PM,25,TRAFFIC SIGNAL,FUNCTIONING PROPERLY,CLEAR,DARKNESS,HEAD ON,DIVIDED - W/MEDIAN (NOT RAISED),,STRAIGHT AND LEVEL,DRY,NO DEFECTS,ON SCENE,INJURY AND / OR TOW DUE TO CRASH,,,,"OVER $1,500",04/07/2021 08:32:00 PM,IMPROPER LANE USAGE,NOT APPLICABLE,3949,N,PULASKI RD,1732.0,,,,,,,2,NONINCAPACITATING INJURY,1.0,0.0,0.0,1.0,0.0,1.0,0.0,20,4,4,41.9533067857,-87.727460938,POINT (-87.727460937976 41.953306785733)
c240c08fd876be95c2cfba6461a1590de081d0d4e4fea76870db0d01bf22109559408627dcd2c3cb79c131ab466471cb198b5305e357e83740a8478e4896f464,JE341609,,08/18/2021 01:55:00 PM,30,UNKNOWN,UNKNOWN,UNKNOWN,DAYLIGHT,REAR END,NOT DIVIDED,,STRAIGHT AND LEVEL,UNKNOWN,UNKNOWN,NOT ON SCENE (DESK REPORT),NO INJURY / DRIVE AWAY,N,,Y,"OVER $1,500",08/18/2021 02:30:00 PM,UNABLE TO DETERMINE,UNABLE TO DETERMINE,7545,S,WESTERN AVE,835.0,,,,,,,3,NO INDICATION OF INJURY,0.0,0.0,0.0,0.0,0.0,3.0,0.0,13,4,8,41.756035091,-87.6828583216,POINT (-87.682858321567 41.756035091018)
f65978004168e8e40ce375b7bf609d601e7e47420efccc83746bf188bc43accbe7181f04f97a6d5152d1ec30f2e691e039782f8fbe20c7a3796fa8433172936c,JG380715,,08/10/2023 01:30:00 PM,30,NO CONTROLS,UNKNOWN,UNKNOWN,UNKNOWN,PARKED MOTOR VEHICLE,ONE-WAY,,STRAIGHT AND LEVEL,UNKNOWN,UNKNOWN,NOT ON SCENE (DESK REPORT),NO INJURY / DRIVE AWAY,,,,"$501 - $1,500",08/13/2023 07:00:00 AM,IMPROPER BACKING,NOT APPLICABLE,6941,S,WABASH AVE,322.0,,,,,,,2,NO INDICATION OF INJURY,0.0,0.0,0.0,0.0,0.0,1.0,0.0,13,5,8,41.7679661175,-87.6232164456,POINT (-87.623216445628 41.767966117508)
68d13f9873f13fe21663a9b8ad1e49dc12d550fa99fef5c614803be1213d88b9bf2c6ea786308648bb4a88dc324d6ef504118da91d897ea416ba613491c2a1b7,JF453046,Y,10/28/2022 03:00:00 PM,30,NO CONTROLS,NO CONTROLS,CLEAR,UNKNOWN,PARKED MOTOR VEHICLE,DIVIDED - W/MEDIAN (NOT RAISED),,STRAIGHT AND LEVEL,DRY,NO DEFECTS,NOT ON SCENE (DESK REPORT),NO INJURY / DRIVE AWAY,,,Y,$500 OR LESS,10/28/2022 04:50:00 PM,IMPROPER OVERTAKING/PASSING,NOT APPLICABLE,5500,S,ST LOUIS AVE,822.0,,,,,,,2,NO INDICATION OF INJURY,0.0,0.0,0.0,0.0,0.0,1.0,0.0,15,6,10,41.7933134483,-87.7110473044,POINT (-87.711047304354 41.793313448268)
11ce9d6df0deb457d518069e158ade5721ffe263d77e61ffa74e98100e11d38448b9a0b66c88472a169ffed0db41359a52dabf29997094e4372889400e38ca27,JG418962,,09/10/2023 04:30:00 PM,30,TRAFFIC SIGNAL,FUNCTIONING PROPERLY,CLEAR,DAYLIGHT,REAR END,DIVIDED - W/MEDIAN (NOT RAISED),,STRAIGHT AND LEVEL,DRY,NO DEFECTS,NOT ON SCENE (DESK REPORT),NO INJURY / DRIVE AWAY,Y,,,"OVER $1,500",09/10/2023 05:10:00 PM,FOLLOWING TOO CLOSELY,UNABLE TO DETERMINE,3832,W,LAWRENCE AVE,1712.0,,,,,,,2,NO INDICATION OF INJURY,0.0,0.0,0.0,0.0,0.0,2.0,0.0,16,1,9,41.9683897212,-87.7245257258,POINT (-87.724525725802 41.968389721175)
e0b7737c2f8d4ca01435efd83df276644ecd6683c6bbb1f44e3e7da318ac675250f30f78306ab84214a0648fc0056442a5995f301f776bcb9bd8f724aafad535,JG459552,,10/10/2023 04:45:00 PM,30,UNKNOWN,UNKNOWN,CLEAR,DAYLIGHT,SIDESWIPE SAME DIRECTION,FOUR WAY,,STRAIGHT AND LEVEL,DRY,NO DEFECTS,NOT ON SCENE (DESK REPORT),INJURY AND / OR TOW DUE TO CRASH,Y,,,"OVER $1,500",10/11/2023 01:40:00 PM,IMPROPER TURNING/NO SIGNAL,NOT APPLICABLE,30,W,69TH ST,722.0,Y,,,,,,2,"REPORTED, NOT EVIDENT",1.0,0.0,0.0,0.0,1.0,1.0,0.0,16,3,10,41.7692897145,-87.6261374687,POINT (-87.626137468655 41.769289714541)
b2f1f0c39fb61d373dcb1b0ba26a517cfba9561d87b1e27ec0dfb2e4028140ff48f85e0894928f304e4dff0397a560c34c8d5fc5d943afc50bc53677398650c0,JF272951,,06/09/2022 08:50:00 AM,30,TRAFFIC SIGNAL,FUNCTIONING PROPERLY,CLEAR,DAYLIGHT,SIDESWIPE SAME DIRECTION,DIVIDED - W/MEDIAN BARRIER,,STRAIGHT AND LEVEL,DRY,NO DEFECTS,ON SCENE,NO INJURY / DRIVE AWAY,,,,"OVER $1,500",06/09/2022 08:52:00 AM,FOLLOWING TOO CLOSELY,NOT APPLICABLE,719,W,ROOSEVELT RD,1232.0,,,,,,,2,NO INDICATION OF INJURY,0.0,0.0,0.0,0.0,0.0,2.0,0.0,8,5,6,41.8670582047,-87.6459211994,POINT (-87.645921199372 41.867058204657)
135e0941e12770625a484dda9af0fb55a93b77062a32e85b47270712c544d6f15e319c1f39f8d6b9935fb64341aa28ca63be2d1fee8eca77cd56cbff6a407e70,JE393857,,09/30/2021 09:00:00 AM,25,UNKNOWN,UNKNOWN,CLEAR,DAYLIGHT,PARKED MOTOR VEHICLE,UNKNOWN,,STRAIGHT AND LEVEL,UNKNOWN,UNKNOWN,NOT ON SCENE (DESK REPORT),NO INJURY / DRIVE AWAY,,,Y,"OVER $1,500",10/01/2021 10:45:00 AM,UNABLE TO DETERMINE,UNABLE TO DETERMINE,1340,S,DAMEN AVE,1233.0,,,,,,,2,NO INDICATION OF INJURY,0.0,0.0,0.0,0.0,0.0,1.0,0.0,9,5,9,41.8637343909,-87.67631269,POINT (-87.676312689993 41.863734390899)
a5d1d36b6e6f857da06e02d1858246a478efa8bc9b9ad2747afcc4c5b183259f07e7320cde53e73f36c80b4e0a46de91bbaa1fc412e6085cd81ef1f8c8253c56,JB416519,,08/31/2018 09:00:00 AM,30,NO CONTROLS,NO CONTROLS,CLEAR,DAYLIGHT,REAR END,DIVIDED - W/MEDIAN (NOT RAISED),,STRAIGHT AND LEVEL,DRY,NO DEFECTS,NOT ON SCENE (DESK REPORT),NO INJURY / DRIVE AWAY,,,,"$501 - $1,500",08/31/2018 02:05:00 PM,UNABLE TO DETERMINE,UNABLE TO DETERMINE,1055,W,ROOSEVELT RD,1232.0,,,,,,,2,NO INDICATION OF INJURY,0.0,0.0,0.0,0.0,0.0,3.0,0.0,9,6,8,41.8669455494,-87.6531035561,POINT (-87.653103556102 41.866945549424)
9ce3f474fc3578ffba2ce89d7554377bff17ecb473041a04071ba723962a41a27d1a4de173178dd77bd2fcaf3e7a787089026168edb6466b3d94f876ea1900fd,JF313450,,07/11/2022 12:00:00 PM,15,NO CONTROLS,NO CONTROLS,CLEAR,DAYLIGHT,PARKED MOTOR VEHICLE,PARKING LOT,,STRAIGHT AND LEVEL,DRY,UNKNOWN,NOT ON SCENE (DESK REPORT),NO INJURY / DRIVE AWAY,,Y,Y,"OVER $1,500",07/11/2022 02:30:00 PM,UNABLE TO DETERMINE,UNABLE TO DETERMINE,5000,S,EAST END AVE,222.0,,,,,,,2,NO INDICATION OF INJURY,0.0,0.0,0.0,0.0,0.0,1.0,0.0,12,2,7,41.8043197933,-87.5855970603,POINT (-87.585597060307 41.804319793301)
b1c0730c8d2ea058a2f525fa31bfab613914b076f9633f620d02aeed7d1db7895dd0962f85a44f89b3427bd445519ca3283b577fe832c8c1497351ce4601ae6e,JF169102,,03/10/2022 05:00:00 AM,30,NO CONTROLS,NO CONTROLS,CLEAR,"DARKNESS, LIGHTED ROAD",SIDESWIPE SAME DIRECTION,DIVIDED - W/MEDIAN (NOT RAISED),,STRAIGHT AND LEVEL,UNKNOWN,UNKNOWN,NOT ON SCENE (DESK REPORT),INJURY AND / OR TOW DUE TO CRASH,,,Y,"OVER $1,500",03/10/2022 09:47:00 AM,UNABLE TO DETERMINE,UNABLE TO DETERMINE,11301,S,TORRENCE AVE,434.0,,,,,,,2,NONINCAPACITATING INJURY,1.0,0.0,0.0,1.0,0.0,1.0,0.0,5,5,3,41.6899811123,-87.5592929929,POINT (-87.559292992932 41.6899811123)
472046642d26ca9e9f0ae38b0a0d97089a4087a069806109db916bfd954742b1d78ab5b993e6950dd96e5920e9a40123476b799a88dec62a596c18393faf5077,JC543985,,12/12/2019 09:57:00 AM,30,NO CONTROLS,NO CONTROLS,CLEAR,DAYLIGHT,REAR END,ONE-WAY,,STRAIGHT AND LEVEL,DRY,NO DEFECTS,NOT ON SCENE (DESK REPORT),NO INJURY / DRIVE AWAY,,,,"$501 - $1,500",12/12/2019 10:30:00 AM,FOLLOWING TOO CLOSELY,NOT APPLICABLE,1805,S,RUBLE ST,1235.0,,,,,,,2,NO INDICATION OF INJURY,0.0,0.0,0.0,0.0,0.0,2.0,0.0,9,5,12,41.8574571656,-87.6436282221,POINT (-87.643628222069 41.857457165615)
9e1612bb7266ff70b49cbefba4762c9453cecc808a7e509c952e268b36af7d5a4b6f76c7bcfc8fd30da4f08519b12a46f3b667983d006e9c5067d8457347090b,JE248547,,05/31/2021 03:35:00 AM,30,NO CONTROLS,NO CONTROLS,CLEAR,"DARKNESS, LIGHTED ROAD",PARKED MOTOR VEHICLE,NOT DIVIDED,,STRAIGHT AND LEVEL,DRY,NO DEFECTS,ON SCENE,NO INJURY / DRIVE AWAY,,,Y,"OVER $1,500",05/31/2021 04:14:00 AM,UNABLE TO DETERMINE,NOT APPLICABLE,3237,N,LOCKWOOD AVE,1634.0,,,,,,,3,NO INDICATION OF INJURY,0.0,0.0,0.0,0.0,0.0,1.0,0.0,3,2,5,41.9398051177,-87.7590328432,POINT (-87.759032843233 41.939805117712)
d3a7b778ea12403877a01952048c8f1642e510abd0cfc939660e07c304c2fdb04abf9da088493495ef3a8b5991eac9a7e9b4d2e839eb06c349952fac3d15a464,JF513140,,12/16/2022 04:55:00 PM,30,STOP SIGN/FLASHER,FUNCTIONING PROPERLY,SNOW,DARKNESS,ANGLE,OTHER,,STRAIGHT AND LEVEL,SNOW OR SLUSH,NO DEFECTS,NOT ON SCENE (DESK REPORT),NO INJURY / DRIVE AWAY,Y,,,"OVER $1,500",12/16/2022 05:55:00 PM,UNABLE TO DETERMINE,NOT APPLICABLE,2459,N,KIMBALL AVE,1413.0,,,,,,,2,NO INDICATION OF INJURY,0.0,0.0,0.0,0.0,0.0,2.0,0.0,16,6,12,41.9263917908,-87.7120075039,POINT (-87.712007503905 41.926391790833)
17830cd21768e094b133fe451da840959d13dce946683ee839152dc5cf36f844fea2b921c66b10df6778ae7f30218a441acd0816b0dd87fea749ea6dac80e27e,JG403387,,08/30/2023 06:50:00 AM,30,TRAFFIC SIGNAL,FUNCTIONING PROPERLY,CLEAR,DAYLIGHT,PEDESTRIAN,FOUR WAY,,STRAIGHT AND LEVEL,DRY,NO DEFECTS,ON SCENE,INJURY AND / OR TOW DUE TO CRASH,Y,,,$500 OR LESS,08/30/2023 07:00:00 AM,FAILING TO YIELD RIGHT-OF-WAY,UNABLE TO DETERMINE,2199,N,CICERO AVE,2522.0,,,,,,,2,NONINCAPACITATING INJURY,1.0,0.0,0.0,1.0,0.0,3.0,0.0,6,4,8,41.9205404145,-87.7460622723,POINT (-87.746062272349 41.920540414453)
3ea86a80e44985d79b2b43644528598ac2313ae5ace1e37bac971258901145c71e48367783993979f05454621308c57b9c1cc089294cb26319facd5d4cb7f23a,JD196402,,03/27/2020 07:43:00 PM,30,NO CONTROLS,NO CONTROLS,RAIN,"DARKNESS, LIGHTED ROAD",REAR END,ONE-WAY,,STRAIGHT AND LEVEL,WET,UNKNOWN,ON SCENE,INJURY AND / OR TOW DUE TO CRASH,,,,"OVER $1,500",03/27/2020 07:48:00 PM,"VISION OBSCURED (SIGNS, TREE LIMBS, BUILDINGS, ETC.)",NOT APPLICABLE,9400,S,LAFAYETTE AVE,634.0,,,,,,,2,NONINCAPACITATING INJURY,1.0,0.0,0.0,1.0,0.0,2.0,0.0,19,6,3,41.7234961816,-87.6252229911,POINT (-87.625222991138 41.723496181638)
5b79d9eee04391b4345d5c7cd5a1813768f48a1fb43bab31e644012bec5170b53fa4deb941fd2f066e9327472f0fcbeebb93ca88f97136075601f181887b8f3b,JG464235,,10/15/2023 08:05:00 AM,40,NO CONTROLS,NO CONTROLS,RAIN,DAYLIGHT,SIDESWIPE SAME DIRECTION,DIVIDED - W/MEDIAN (NOT RAISED),,STRAIGHT AND LEVEL,WET,UNKNOWN,NOT ON SCENE (DESK REPORT),NO INJURY / DRIVE AWAY,,,,"OVER $1,500",10/15/2023 08:35:00 AM,EQUIPMENT - VEHICLE CONDITION,NOT APPLICABLE,860,N,LAKE SHORE DR,1833.0,,,,,,,2,NO INDICATION OF INJURY,0.0,0.0,0.0,0.0,0.0,2.0,0.0,8,1,10,41.8983811242,-87.6182880172,POINT (-87.618288017243 41.898381124242)
91cd7071573656eaef184a2cea9aadf38552ab25a2d44f3a7b343b773d450a52e5ef96b1f600b60f29cd591523cd1bcc0ab8bd15273f386fc3fdcebe500b24df,JC485169,,10/24/2019 06:55:00 PM,35,STOP SIGN/FLASHER,FUNCTIONING PROPERLY,CLEAR,DARKNESS,ANGLE,UNKNOWN INTERSECTION TYPE,,STRAIGHT AND LEVEL,DRY,NO DEFECTS,ON SCENE,INJURY AND / OR TOW DUE TO CRASH,Y,,Y,"OVER $1,500",10/24/2019 07:02:00 PM,IMPROPER OVERTAKING/PASSING,NOT APPLICABLE,7900,S,LANGLEY AVE,624.0,,,,,,,2,NO INDICATION OF INJURY,0.0,0.0,0.0,0.0,0.0,4.0,0.0,18,5,10,41.7511501753,-87.6078020362,POINT (-87.607802036151 41.7511501753)
5d1cb893ea8211e025d81073fa9219d3276b23a7b10d323465bbc84238bb4b643408e1734bfe133e89d6985ee2d9f0607c7663010e4aa97d6eaa7a9411a44745,JG390796,,08/20/2023 02:00:00 PM,30,UNKNOWN,UNKNOWN,UNKNOWN,UNKNOWN,PARKED MOTOR VEHICLE,NOT DIVIDED,,STRAIGHT AND LEVEL,UNKNOWN,UNKNOWN,NOT ON SCENE (DESK REPORT),NO INJURY / DRIVE AWAY,,,,"OVER $1,500",08/20/2023 07:30:00 PM,UNABLE TO DETERMINE,UNABLE TO DETERMINE,71,E,WACKER DR,111.0,,,,,,,2,NO INDICATION OF INJURY,0.0,0.0,0.0,0.0,0.0,2.0,0.0,14,1,8,41.8877565227,-87.6255181916,POINT (-87.625518191614 41.887756522735)
de2265123c27e9a069ca06881386c8e897739f026c06806b75db5e5b874479eb1748f67f86090a666c565e53391f8354f752359221616d75144712b84e6aceeb,JG374396,,08/08/2023 11:07:00 AM,15,NO CONTROLS,NO CONTROLS,CLEAR,DAYLIGHT,FIXED OBJECT,ALLEY,,STRAIGHT AND LEVEL,DRY,NO DEFECTS,NOT ON SCENE (DESK REPORT),NO INJURY / DRIVE AWAY,,,,$500 OR LESS,08/08/2023 11:35:00 AM,UNABLE TO DETERMINE,UNABLE TO DETERMINE,2925,N,SEELEY AVE,1931.0,,,,,,,1,NO INDICATION OF INJURY,0.0,0.0,0.0,0.0,0.0,2.0,0.0,11,3,8,41.9348659016,-87.6792777933,POINT (-87.67927779325 41.934865901603)
b65863b58c7f61de28d391c929ccae2639310caf389e024f8d05e047654670e5466a2aa600504720c7cbf3b933735e579b9b6f4b181b48a6b8458f280c491793,JA231613,,04/19/2017 10:45:00 PM,30,TRAFFIC SIGNAL,FUNCTIONING PROPERLY,CLEAR,"DARKNESS, LIGHTED ROAD",REAR END,NOT DIVIDED,4.0,STRAIGHT AND LEVEL,DRY,NO DEFECTS,NOT ON SCENE (DESK REPORT),NO INJURY / DRIVE AWAY,,,,"$501 - $1,500",04/19/2017 11:15:00 PM,FOLLOWING TOO CLOSELY,FOLLOWING TOO CLOSELY,4817,W,FULLERTON AVE,2522.0,,,,,,,2,NO INDICATION OF INJURY,0.0,0.0,0.0,0.0,0.0,2.0,0.0,22,4,4,41.9241190242,-87.747032136,POINT (-87.747032136012 41.924119024175)
797e4780591a2dee4ada9b93810c6d44582b96cbb48a12c434e8b98adf241ff35a998aa38a6e5093a4625f09752d62a6b26fefd1825a050bf94ade4b3a837e15,JF310380,,07/08/2022 06:30:00 PM,30,NO CONTROLS,NO CONTROLS,CLEAR,DAYLIGHT,ANGLE,NOT DIVIDED,,STRAIGHT AND LEVEL,DRY,NO DEFECTS,ON SCENE,NO INJURY / DRIVE AWAY,,,Y,"$501 - $1,500",07/08/2022 06:32:00 PM,FAILING TO YIELD RIGHT-OF-WAY,NOT APPLICABLE,700,W,MADISON ST,1224.0,,,,,,,2,NO INDICATION OF INJURY,0.0,0.0,0.0,0.0,0.0,2.0,0.0,18,6,7,41.8819097951,-87.6456222012,POINT (-87.645622201229 41.881909795065)
f0fa71937873e8bec400c05e75fd4fa624d80035cf966a51bd3afad5ef4ed21f0f5c8665266fa0539a44723490583a90f63f18eb8773b5f0e4536af64e787434,JB154205,,02/16/2018 11:11:00 AM,30,STOP SIGN/FLASHER,FUNCTIONING PROPERLY,CLEAR,DAYLIGHT,FIXED OBJECT,DIVIDED - W/MEDIAN (NOT RAISED),4.0,STRAIGHT AND LEVEL,DRY,NO DEFECTS,NOT ON SCENE (DESK REPORT),NO INJURY / DRIVE AWAY,,,,"$501 - $1,500",02/16/2018 11:45:00 AM,UNABLE TO DETERMINE,UNABLE TO DETERMINE,6106,W,NORTH AVE,2513.0,,,,,,,1,NO INDICATION OF INJURY,0.0,0.0,0.0,0.0,0.0,1.0,0.0,11,6,2,41.909332947,-87.7779832636,POINT (-87.777983263598 41.909332946956)
39dff1f754d01e9bd99867330b31cb6c635d309fb54449791e2c0ad3f412f003b0b796376c6ae0ade3f2f45777b1639501ed22d30b66f4284430d3d5672c30b4,,,10/25/2023 08:00:00 PM,30,UNKNOWN,UNKNOWN,RAIN,"DARKNESS, LIGHTED ROAD",REAR END,UNKNOWN INTERSECTION TYPE,,STRAIGHT AND LEVEL,WET,UNKNOWN,NOT ON SCENE (DESK REPORT),NO INJURY / DRIVE AWAY,,,Y,"OVER $1,500",10/26/2023 11:00:00 PM,DRIVING SKILLS/KNOWLEDGE/EXPERIENCE,DRIVING SKILLS/KNOWLEDGE/EXPERIENCE,603,S,AUSTIN BLVD,1513.0,,,,,,,3,NO INDICATION OF INJURY,0.0,0.0,0.0,0.0,0.0,3.0,0.0,20,4,10,41.872640827,-87.7742567296,POINT (-87.774256729578 41.872640826996)
073d56eab67f676139788b8c603b54122038c9db600a31bf49eefd56cb6d7dd3b2329acbffa14fcc24280607f3bd541cfb6a9c08c276e28005cf9934a5aa8b33,JG253822,,05/09/2023 11:50:00 AM,30,NO CONTROLS,NO CONTROLS,CLEAR,DAYLIGHT,REAR TO FRONT,NOT DIVIDED,,STRAIGHT AND LEVEL,DRY,NO DEFECTS,ON SCENE,NO INJURY / DRIVE AWAY,,,,"$501 - $1,500",05/09/2023 12:00:00 PM,IMPROPER BACKING,NOT APPLICABLE,30,E,KINZIE ST,1834.0,,,,,,,2,NO INDICATION OF INJURY,0.0,0.0,0.0,0.0,0.0,2.0,0.0,11,3,5,41.8893904459,-87.6268206638,POINT (-87.626820663795 41.889390445931)
eac686ba76bd61f225698117d2e28abf50e62f7ace9b622c8e38214292dce5c9a9b9851ae2cd35cf7580c0ab9d1c2b10462d9b553ab13e6c4fb4c14237d178a9,JG284815,,05/31/2023 11:00:00 AM,30,NO CONTROLS,NO CONTROLS,UNKNOWN,DAYLIGHT,PEDESTRIAN,ONE-WAY,,STRAIGHT AND LEVEL,UNKNOWN,UNKNOWN,NOT ON SCENE (DESK REPORT),INJURY AND / OR TOW DUE TO CRASH,,,Y,"OVER $1,500",06/02/2023 10:00:00 AM,FAILING TO YIELD RIGHT-OF-WAY,FAILING TO YIELD RIGHT-OF-WAY,81,E,VAN BUREN ST,113.0,,,,,,,2,NONINCAPACITATING INJURY,1.0,0.0,0.0,1.0,0.0,1.0,0.0,11,4,5,41.8768965798,-87.6246514541,POINT (-87.624651454091 41.876896579761)
105868cf78fd07c6e02d20659db50efec8e4d17dc63ceeb639cd5347a131b797bff9584aa657ef8812690b635ad198285adb914cb85eb97fa863474e41a28240,JG123021,,01/19/2023 12:35:00 PM,30,TRAFFIC SIGNAL,FUNCTIONING PROPERLY,CLEAR,DAYLIGHT,TURNING,FOUR WAY,,STRAIGHT AND LEVEL,DRY,NO DEFECTS,NOT ON SCENE (DESK REPORT),NO INJURY / DRIVE AWAY,Y,,,"OVER $1,500",01/20/2023 11:30:00 AM,UNABLE TO DETERMINE,NOT APPLICABLE,500,N,RUSH ST,1834.0,,,,,,,2,NO INDICATION OF INJURY,0.0,0.0,0.0,0.0,0.0,2.0,0.0,12,5,1,41.8909498489,-87.6254961678,POINT (-87.625496167836 41.89094984886)
691d8fd463f8d752546bcdcf678d1b44b8debd3bf34938cd7afa5a2f89e6a4be4d0a9c8fc9007947a4fe25c31275c220998622ef2f731a9247b48c3e8f6b531c,JD345821,,08/25/2020 04:30:00 PM,30,TRAFFIC SIGNAL,FUNCTIONING PROPERLY,CLEAR,DAYLIGHT,REAR END,NOT DIVIDED,,STRAIGHT AND LEVEL,DRY,NO DEFECTS,NOT ON SCENE (DESK REPORT),NO INJURY / DRIVE AWAY,,,,$500 OR LESS,08/26/2020 01:10:00 PM,TEXTING,FOLLOWING TOO CLOSELY,1640,W,ROOSEVELT RD,1231.0,,,,,,,2,NO INDICATION OF INJURY,0.0,0.0,0.0,0.0,0.0,2.0,0.0,16,3,8,41.8669693588,-87.6680735475,POINT (-87.668073547523 41.866969358832)
d262e2d58eef8233ce1af83820c76a713b044c0c711864f9161a9e93f1de8c41f76722c1196c46d98816bfe248df3bf7e79b01ec3d76f59c638dfe2284b4b1c7,JE407770,,10/12/2021 08:00:00 PM,10,NO CONTROLS,NO CONTROLS,CLEAR,"DARKNESS, LIGHTED ROAD",PARKED MOTOR VEHICLE,PARKING LOT,,STRAIGHT AND LEVEL,DRY,NO DEFECTS,NOT ON SCENE (DESK REPORT),NO INJURY / DRIVE AWAY,,Y,,"$501 - $1,500",10/12/2021 10:40:00 PM,HAD BEEN DRINKING (USE WHEN ARREST IS NOT MADE),UNABLE TO DETERMINE,2120,S,CANAL ST,914.0,,,,,,,2,NO INDICATION OF INJURY,0.0,0.0,0.0,0.0,0.0,1.0,0.0,20,3,10,41.8537019974,-87.6387083284,POINT (-87.638708328432 41.853701997361)