CRASH_RECORD_ID,RD_NO,CRASH_DATE_EST_I,CRASH_DATE,POSTED_SPEED_LIMIT,TRAFFIC_CONTROL_DEVICE,DEVICE_CONDITION,WEATHER_CONDITION,LIGHTING_CONDITION,FIRST_CRASH_TYPE,TRAFFICWAY_TYPE,LANE_CNT,ALIGNMENT,ROADWAY_SURFACE_COND,ROAD_DEFECT,REPORT_TYPE,CRASH_TYPE,INTERSECTION_RELATED_I,NOT_RIGHT_OF_WAY_I,HIT_AND_RUN_I,DAMAGE,DATE_POLICE_NOTIFIED,PRIM_CONTRIBUTORY_CAUSE,SEC_CONTRIBUTORY_CAUSE,STREET_NO,STREET_DIRECTION,STREET_NAME,BEAT_OF_OCCURRENCE,PHOTOS_TAKEN_I,STATEMENTS_TAKEN_I,DOORING_I,WORK_ZONE_I,WORK_ZONE_TYPE,WORKERS_PRESENT_I,NUM_UNITS,MOST_SEVERE_INJURY,INJURIES_TOTAL,INJURIES_FATAL,INJURIES_INCAPACITATING,INJURIES_NON_INCAPACITATING,INJURIES_REPORTED_NOT_EVIDENT,INJURIES_NO_INDICATION,INJURIES_UNKNOWN,CRASH_HOUR,CRASH_DAY_OF_WEEK,CRASH_MONTH,LATITUDE,LONGITUDE,LOCATION
63de10792b28ef3af4e6f35501971e9259d6d463c3407977539037244c869c3bcdfa10a544b14c71b03b02574a8d3679e85aa6dcc2fa32e8227fa1a59fa20e3c,JG331122,,07/07/2023 09:11:00 AM,20,NO CONTROLS,NO CONTROLS,CLEAR,DAYLIGHT,PARKED MOTOR VEHICLE,DIVIDED - W/MEDIAN (NOT RAISED),,STRAIGHT AND LEVEL,DRY,NO DEFECTS,NOT ON SCENE (DESK REPORT),NO INJURY / DRIVE AWAY,,,,"OVER $1,500",07/07/2023 09:43:00 AM,UNABLE TO DETERMINE,NOT APPLICABLE,2629,W,WILSON AVE,1911.0,,,,,,,2,NO INDICATION OF INJURY,0.0,0.0,0.0,0.0,0.0,1.0,0.0,9,6,7,41.9646972332,-87.6948668153,POINT (-87.694866815317 41.964697233195)
d850ba1c870bdb87da11e7ae5441c6012bf3ac270cd8b2a31bb9ba97e5b7e58ae123442caf1523bb6cd98da02cb7010380a40252b2026a8e2fe0b00170aa5f34,JB486925,,10/23/2018 01:00:00 PM,30,NO CONTROLS,NO CONTROLS,CLEAR,DAYLIGHT,ANGLE,PARKING LOT,0.0,STRAIGHT AND LEVEL,DRY,NO DEFECTS,,NO INJURY / DRIVE AWAY,,Y,,"OVER $1,500",10/23/2018 02:00:00 PM,IMPROPER BACKING,FAILING TO REDUCE SPEED TO AVOID CRASH,4844,N,LINCOLN AVE,2031.0,,,,,,,2,NO INDICATION OF INJURY,0.0,0.0,0.0,0.0,0.0,2.0,0.0,13,3,10,41.9697537206,-87.6894034367,POINT (-87.689403436704 41.969753720574)
5f58b859410100c4d2af40697a8a24cdddd7f25cf4fabab3791db2fd436874d82f98f5b6ce896ddcbfac2810e58c34c08ecf7af2eb1488dbbcf90ae80ed247ef,HZ533163,,11/29/2016 10:45:00 AM,30,NO CONTROLS,NO CONTROLS,CLEAR,DAYLIGHT,TURNING,NOT DIVIDED,3.0,STRAIGHT AND LEVEL,DRY,NO DEFECTS,NOT ON SCENE (DESK REPORT),NO INJURY / DRIVE AWAY,,,,"OVER $1,500",11/29/2016 11:06:00 AM,IMPROPER TURNING/NO SIGNAL,NOT APPLICABLE,4778,N,DAMEN AVE,1911.0,,,,,,,2,NO INDICATION OF INJURY,0.0,0.0,0.0,0.0,0.0,2.0,0.0,10,3,11,41.9687082572,-87.6793315922,POINT (-87.679331592194 41.968708257214)
36454280cc03225e805ffb22a7cf5825e699f191b33ac0c81af49908451e6c5cad18f3f1f4a2e3a4c720d028a035bbd7b0b003c7cc8681648b05a3d06b96ebb5,JE403920,,10/08/2021 06:30:00 PM,30,NO CONTROLS,NO CONTROLS,CLEAR,DAYLIGHT,PARKED MOTOR VEHICLE,OTHER,,STRAIGHT AND LEVEL,DRY,NO DEFECTS,NOT ON SCENE (DESK REPORT),NO INJURY / DRIVE AWAY,,,Y,"OVER $1,500",10/09/2021 02:11:00 PM,UNABLE TO DETERMINE,NOT APPLICABLE,3018,N,MILWAUKEE AVE,2523.0,,,,,,,2,NO INDICATION OF INJURY,0.0,0.0,0.0,0.0,0.0,1.0,0.0,18,6,10,41.9359886589,-87.7189823127,POINT (-87.718982312677 41.935988658917)
85b45861135580e2b0fafac775f1f9de9dc2164449726cd9f91fb0fef2db3028a00f55cd16f56ecc55135fec695230c4ecd691b3305bf08b29bed0378e6271cd,JB412356,,08/24/2018 07:15:00 AM,35,TRAFFIC SIGNAL,FUNCTIONING PROPERLY,CLEAR,DAYLIGHT,OTHER NONCOLLISION,NOT DIVIDED,1.0,STRAIGHT AND LEVEL,DRY,"RUT, HOLES",NOT ON SCENE (DESK REPORT),NO INJURY / DRIVE AWAY,,,,"$501 - $1,500",08/28/2018 02:40:00 PM,UNABLE TO DETERMINE,UNABLE TO DETERMINE,2378,W,MARQUETTE RD,832.0,,,,,,,1,NO INDICATION OF INJURY,0.0,0.0,0.0,0.0,0.0,1.0,0.0,7,6,8,41.7720885965,-87.6833809248,POINT (-87.683380924787 41.772088596486)
0e2bc23620887644ae67de9ea2ef5f10b61f91eb0aa274f6c8b514e11a5af489fec8c67e2eb92e9e5c94c55de36aac43105dd7ae47ece08f451496ef013998ee,JA335615,,07/05/2017 02:10:00 PM,30,NO CONTROLS,NO CONTROLS,CLEAR,DAYLIGHT,REAR END,NOT DIVIDED,,STRAIGHT AND LEVEL,DRY,NO DEFECTS,NOT ON SCENE (DESK REPORT),NO INJURY / DRIVE AWAY,,,,"OVER $1,500",07/05/2017 03:10:00 PM,NOT APPLICABLE,NOT APPLICABLE,5200,S,PULASKI RD,815.0,,,,,,,2,NO INDICATION OF INJURY,0.0,0.0,0.0,0.0,0.0,3.0,0.0,14,4,7,41.798505044,-87.7234587371,POINT (-87.723458737142 41.798505044022)
9c8d8b3c8abae0394d63e44fd20f6576640836383fcf09df034d10b925dc9fa946ed76b4760f940363e6e33ac540d806b833916189ae766c3a2835cad7de0afa,JC487031,,10/24/2019 11:00:00 AM,30,TRAFFIC SIGNAL,FUNCTIONING PROPERLY,CLEAR,DAYLIGHT,REAR END,NOT DIVIDED,,STRAIGHT AND LEVEL,DRY,NO DEFECTS,NOT ON SCENE (DESK REPORT),NO INJURY / DRIVE AWAY,Y,,,"OVER $1,500",10/26/2019 11:00:00 AM,"OPERATING VEHICLE IN ERRATIC, RECKLESS, CARELESS, NEGLIGENT OR AGGRESSIVE MANNER",UNABLE TO DETERMINE,200,W,MARQUETTE RD,722.0,,,,,,,2,NO INDICATION OF INJURY,0.0,0.0,0.0,0.0,0.0,2.0,0.0,11,5,10,41.7728176836,-87.6300244852,POINT (-87.630024485162 41.772817683552)
826373e9ee0211213aa6c3b7232e0560af8ac0bc147e05f13c11266d0b852c9f8c4c299f575efbbd33b077b481663b4f33b12f7523c00e3c3d095063323e7627,HZ219588,,04/09/2016 02:30:00 PM,30,TRAFFIC SIGNAL,FUNCTIONING PROPERLY,CLEAR,DAYLIGHT,TURNING,NOT DIVIDED,2.0,STRAIGHT AND LEVEL,DRY,NO DEFECTS,NOT ON SCENE (DESK REPORT),NO INJURY / DRIVE AWAY,Y,,,"$501 - $1,500",04/09/2016 03:30:00 PM,UNABLE TO DETERMINE,NOT APPLICABLE,1540,E,83RD ST,411.0,,,,,,,2,NO INDICATION OF INJURY,0.0,0.0,0.0,0.0,0.0,2.0,0.0,14,7,4,41.7442966986,-87.5865065201,POINT (-87.586506520139 41.744296698615)
f31bd593cee50b4a40a51f8a1f0c5787a24310227e2b14f8a6687b748ecb8f5822b20471015d06e1133db320fa37f27fee9638ad4b335dfa0225fa9ef94d4007,HZ501479,,11/03/2016 10:00:00 AM,30,STOP SIGN/FLASHER,FUNCTIONING PROPERLY,CLEAR,DAYLIGHT,ANGLE,DIVIDED - W/MEDIAN (NOT RAISED),2.0,STRAIGHT AND LEVEL,DRY,UNKNOWN,NOT ON SCENE (DESK REPORT),NO INJURY / DRIVE AWAY,,,,"$501 - $1,500",11/03/2016 07:30:00 PM,DISREGARDING STOP SIGN,UNABLE TO DETERMINE,9500,S,GREEN ST,2223.0,,,,,,,2,NO INDICATION OF INJURY,0.0,0.0,0.0,0.0,0.0,3.0,0.0,10,5,11,41.7213360409,-87.644570465,POINT (-87.644570465027 41.721336040877)
0449a545c1d0fe03ac6b1c078996338a487f52962270b24202ef6c7aec70ac0ed7f853271ffd5034b3e6a7afbe6e54e8a091433ba7310e4d12da8861abb17bd4,JD385650,,10/01/2020 07:00:00 PM,30,TRAFFIC SIGNAL,FUNCTIONING PROPERLY,RAIN,"DARKNESS, LIGHTED ROAD",REAR END,NOT DIVIDED,,STRAIGHT AND LEVEL,WET,NO DEFECTS,NOT ON SCENE (DESK REPORT),NO INJURY / DRIVE AWAY,,,,"OVER $1,500",10/01/2020 07:20:00 PM,FOLLOWING TOO CLOSELY,NOT APPLICABLE,4032,W,115TH ST,2211.0,,,,,,,2,NO INDICATION OF INJURY,0.0,0.0,0.0,0.0,0.0,2.0,0.0,19,5,10,41.6840543166,-87.721387857,POINT (-87.721387857 41.684054316633)
74ba85061c178387054cf1bc0bc689a3e24383be834f39444b193c42059f10f42397982cb15b0df1cbfc11eb0e4fed6d7ae67c1b844253d9892279f6a2b9c614,JE436662,,11/07/2021 02:15:00 AM,35,UNKNOWN,NO CONTROLS,CLEAR,"DARKNESS, LIGHTED ROAD",REAR TO FRONT,UNKNOWN,,STRAIGHT AND LEVEL,DRY,UNKNOWN,ON SCENE,NO INJURY / DRIVE AWAY,,,Y,"OVER $1,500",11/07/2021 02:20:00 AM,UNABLE TO DETERMINE,UNABLE TO DETERMINE,11748,S,JUSTINE ST,524.0,,,,,,,2,NO INDICATION OF INJURY,0.0,0.0,0.0,0.0,0.0,2.0,0.0,2,1,11,41.6797496154,-87.6603837994,POINT (-87.660383799362 41.679749615414)
6c4679afa7dccfc5756548bf1daf8b294b10aefb7b1c53d3b58c5aa8067d6bfbcf442966c9eb742f3637d9bd82c6b40e7d90f938ed00137ebcc1b7cfc5248a12,JA236067,,04/23/2017 02:00:00 PM,15,NO CONTROLS,NO CONTROLS,CLEAR,DAYLIGHT,PARKED MOTOR VEHICLE,PARKING LOT,1.0,STRAIGHT AND LEVEL,UNKNOWN,UNKNOWN,NOT ON SCENE (DESK REPORT),NO INJURY / DRIVE AWAY,,Y,,"OVER $1,500",04/23/2017 02:33:00 PM,NOT APPLICABLE,NOT APPLICABLE,4859,N,KEDZIE AVE,1713.0,,,,,,,2,NO INDICATION OF INJURY,0.0,0.0,0.0,0.0,0.0,1.0,0.0,14,1,4,41.9701830594,-87.7083788435,POINT (-87.708378843498 41.970183059358)
15100ccca3ad8ec60f4c1b2e9d56a83508ec258bbb5529f1fd7284cdc33611c0fa8184f54c13dd710f317ead3c03066b177e179144a94e446bff3f3d1349f437,JC165384,,02/22/2019 03:00:00 PM,30,TRAFFIC SIGNAL,FUNCTIONING PROPERLY,CLEAR,DAYLIGHT,TURNING,ONE-WAY,,STRAIGHT AND LEVEL,WET,NO DEFECTS,NOT ON SCENE (DESK REPORT),NO INJURY / DRIVE AWAY,Y,,,"OVER $1,500",02/25/2019 03:30:00 PM,FOLLOWING TOO CLOSELY,FOLLOWING TOO CLOSELY,520,W,MADISON ST,121.0,,,,,,,2,NO INDICATION OF INJURY,0.0,0.0,0.0,0.0,0.0,2.0,0.0,15,6,2,41.8819855027,-87.6406681047,POINT (-87.640668104741 41.881985502741)
8e0a2f9bf6a8a4bd172ceb5e300d908e3ee1163d3bc0090b6abf37feeed9eb64d0c060a6273e035626c22d707a7ef9e8a7c57ad758dffcbe2f8ba9f4e4616dab,JB425926,,09/07/2018 10:40:00 AM,30,NO CONTROLS,NO CONTROLS,RAIN,DAYLIGHT,PARKED MOTOR VEHICLE,NOT DIVIDED,4.0,STRAIGHT AND LEVEL,WET,NO DEFECTS,NOT ON SCENE (DESK REPORT),NO INJURY / DRIVE AWAY,,,Y,"$501 - $1,500",09/07/2018 12:00:00 PM,UNABLE TO DETERMINE,NOT APPLICABLE,3339,N,CICERO AVE,1731.0,,,,,,,2,NO INDICATION OF INJURY,0.0,0.0,0.0,0.0,0.0,1.0,0.0,10,6,9,41.9418466326,-87.7468009385,POINT (-87.74680093845 41.941846632646)
a7db76db409d74e723f3f0e5e4e15a799fa0722843b51a41e57277fa7979e3a440173fff15edf0323962955a33b6f8e5cffe93f8e47e4013a1d43bfb56d83b28,JD204106,,04/07/2020 03:00:00 PM,30,NO CONTROLS,NO CONTROLS,CLEAR,DAYLIGHT,SIDESWIPE SAME DIRECTION,NOT DIVIDED,,STRAIGHT AND LEVEL,DRY,NO DEFECTS,NOT ON SCENE (DESK REPORT),NO INJURY / DRIVE AWAY,,,Y,"OVER $1,500",04/07/2020 04:07:00 PM,FAILING TO YIELD RIGHT-OF-WAY,NOT APPLICABLE,2758,N,LARAMIE AVE,2514.0,,,,,,,2,NO INDICATION OF INJURY,0.0,0.0,0.0,0.0,0.0,2.0,0.0,15,3,4,41.9313511839,-87.7565655509,POINT (-87.756565550936 41.931351183935)
814e6451e47b0b2313b22c7c32e7b71d5160672a99c8f0ac058d0f672ee1c5baf1ef27d9f1b0264faa2d8bc824713a6be71e000771024b09b50a89b5198dd65d,JD259892,Y,06/08/2020 04:45:00 PM,30,TRAFFIC SIGNAL,FUNCTIONING PROPERLY,CLEAR,DAYLIGHT,REAR END,NOT DIVIDED,,STRAIGHT AND LEVEL,DRY,NO DEFECTS,NOT ON SCENE (DESK REPORT),INJURY AND / OR TOW DUE TO CRASH,Y,,,$500 OR LESS,06/10/2020 03:00:00 PM,FOLLOWING TOO CLOSELY,NOT APPLICABLE,3349,N,LARAMIE AVE,1634.0,,,,,,,2,"REPORTED, NOT EVIDENT",1.0,0.0,0.0,0.0,1.0,1.0,0.0,16,2,6,41.9420143086,-87.7566509045,POINT (-87.756650904478 41.942014308645)
43d9f37d600071d87d9dd3e95bfb81e4ff4d4a202718e34f05442b1e3f8e6ce4bd6881f2b6aee4c2cb833ec983a37a62ae27746767c020b2678a2bb8a46699dd,JA206593,,03/30/2017 07:20:00 PM,25,NO CONTROLS,NO CONTROLS,RAIN,DARKNESS,REAR END,NOT DIVIDED,2.0,STRAIGHT AND LEVEL,WET,NO DEFECTS,NOT ON SCENE (DESK REPORT),NO INJURY / DRIVE AWAY,,,,"OVER $1,500",03/30/2017 08:00:00 PM,UNABLE TO DETERMINE,NOT APPLICABLE,1430,W,FULLERTON AVE,1932.0,,,,,,,2,NO INDICATION OF INJURY,0.0,0.0,0.0,0.0,0.0,2.0,0.0,19,5,3,41.9253111228,-87.6645141141,POINT (-87.664514114144 41.925311122751)
5b59589f9450fe1d1465e0633e371bb70196bd2d4fde4d8fb511e832d65adb3e914b69edf42b3582675b7ed5abdc99867c8d002e1b5a86dfe7c2af2ca796035f,JG114727,Y,01/12/2023 11:00:00 PM,30,NO CONTROLS,NO CONTROLS,UNKNOWN,UNKNOWN,PARKED MOTOR VEHICLE,NOT DIVIDED,,STRAIGHT AND LEVEL,UNKNOWN,UNKNOWN,NOT ON SCENE (DESK REPORT),NO INJURY / DRIVE AWAY,,,Y,"OVER $1,500",01/13/2023 01:20:00 PM,UNABLE TO DETERMINE,NOT APPLICABLE,217,N,HALSTED ST,1214.0,,,,,,,2,NO INDICATION OF INJURY,0.0,0.0,0.0,0.0,0.0,1.0,0.0,23,5,1,41.8862494361,-87.6473429263,POINT (-87.647342926297 41.88624943606)
c3ae961799212d7f556b62d3a5236417987685117d7d20c73585104dec7d31f6c15fed1f57dc7c2152e766dd87e8f707112d2d61d5a1f3abb7d46ce8433b0132,JE223832,,05/08/2021 04:27:00 PM,30,NO CONTROLS,NO CONTROLS,CLEAR,DAYLIGHT,PARKED MOTOR VEHICLE,ONE-WAY,,STRAIGHT AND LEVEL,DRY,NO DEFECTS,ON SCENE,NO INJURY / DRIVE AWAY,,,Y,$500 OR LESS,05/08/2021 04:27:00 PM,IMPROPER BACKING,IMPROPER BACKING,2210,W,CULLOM AVE,1911.0,,,,,,,2,NO INDICATION OF INJURY,0.0,0.0,0.0,0.0,0.0,1.0,0.0,16,7,5,41.9596614644,-87.684257789,POINT (-87.684257788974 41.959661464421)
1d18c1f6491cd94188c5ade509b3a9002b51aae2621a44089baa05ba057ecf12e27d235c185185b913c72c3871eaa0fa59db130a9b93ac524c934ff1d16fed31,JC430873,Y,09/12/2019 08:10:00 PM,30,TRAFFIC SIGNAL,FUNCTIONING PROPERLY,CLEAR,DARKNESS,TURNING,UNKNOWN,,STRAIGHT AND LEVEL,DRY,UNKNOWN,NOT ON SCENE (DESK REPORT),NO INJURY / DRIVE AWAY,,,,$500 OR LESS,09/12/2019 08:20:00 PM,DISREGARDING TRAFFIC SIGNALS,NOT APPLICABLE,10701,S,KEDZIE AVE,2211.0,,,,,,,2,NO INDICATION OF INJURY,0.0,0.0,0.0,0.0,0.0,2.0,0.0,20,5,9,41.6987830224,-87.7009327855,POINT (-87.700932785543 41.698783022375)
476cf788301e487c24be36241ddb9d388a1973a7262b4829c126a9e6b95a624428613382149eb38426dcb09f60f45a985f3105072016bdd376781e56c9c96fac,JF320142,,07/16/2022 09:00:00 PM,30,TRAFFIC SIGNAL,FUNCTIONING PROPERLY,CLOUDY/OVERCAST,"DARKNESS, LIGHTED ROAD",TURNING,FOUR WAY,,STRAIGHT AND LEVEL,DRY,NO DEFECTS,ON SCENE,INJURY AND / OR TOW DUE TO CRASH,Y,,,"OVER $1,500",07/16/2022 09:04:00 PM,FAILING TO REDUCE SPEED TO AVOID CRASH,FAILING TO YIELD RIGHT-OF-WAY,6001,W,MONTROSE AVE,1624.0,,,,,,,2,NONINCAPACITATING INJURY,4.0,0.0,0.0,1.0,3.0,2.0,0.0,21,7,7,41.9602410345,-87.7770780943,POINT (-87.777078094299 41.960241034472)
fadb3d4426b1c8721cb01e4af322f41dcdb0fa3ca527070a62c3314aa309b5c33b5908e4c207dfe608e1c8f81822586c189a50dfc213b4680f3136942977d4f3,JB257499,,05/10/2018 05:38:00 AM,30,TRAFFIC SIGNAL,FUNCTIONING PROPERLY,CLEAR,DAYLIGHT,ANGLE,DIVIDED - W/MEDIAN (NOT RAISED),,STRAIGHT AND LEVEL,DRY,UNKNOWN,ON SCENE,INJURY AND / OR TOW DUE TO CRASH,Y,,,"OVER $1,500",05/10/2018 05:41:00 AM,DISREGARDING TRAFFIC SIGNALS,UNABLE TO DETERMINE,500,S,CONGRESS PLAZA DR,114.0,,,,,,,2,NO INDICATION OF INJURY,0.0,0.0,0.0,0.0,0.0,2.0,0.0,5,5,5,41.8756686762,-87.6234108185,POINT (-87.623410818474 41.875668676196)
3db30525b331c9e997b00df905f355541641868cf0e5245679fa3c7f722158cfabea42155885fcdd77866b88bc48e3aca9b3c55390109238436a2144cb30ae33,JF258621,,05/27/2022 12:00:00 PM,30,NO CONTROLS,NO CONTROLS,CLEAR,DARKNESS,PARKED MOTOR VEHICLE,NOT DIVIDED,,STRAIGHT AND LEVEL,DRY,NO DEFECTS,NOT ON SCENE (DESK REPORT),NO INJURY / DRIVE AWAY,,,,"OVER $1,500",05/28/2022 11:00:00 AM,FAILING TO YIELD RIGHT-OF-WAY,NOT APPLICABLE,4956,W,BELDEN AVE,2522.0,,,,,,,2,NO INDICATION OF INJURY,0.0,0.0,0.0,0.0,0.0,1.0,0.0,12,6,5,41.9224726702,-87.7510452476,POINT (-87.751045247608 41.922472670187)
94b737cab4101ade67d635623179d48e5fc103c910ca1e36dafbfae795176225868b80a337f30e0b41dc5549f67129eeb9c4439be9f60ff8d87aa367aba8b088,JB307999,,06/15/2018 09:30:00 AM,5,NO CONTROLS,NO CONTROLS,CLEAR,DAYLIGHT,PARKED MOTOR VEHICLE,PARKING LOT,,STRAIGHT AND LEVEL,DRY,NO DEFECTS,NOT ON SCENE (DESK REPORT),NO INJURY / DRIVE AWAY,,,Y,"OVER $1,500",06/15/2018 01:25:00 PM,NOT APPLICABLE,NOT APPLICABLE,165,E,ONTARIO ST,1834.0,,,,,,,2,NO INDICATION OF INJURY,0.0,0.0,0.0,0.0,0.0,1.0,0.0,9,6,6,41.8932512463,-87.6227918441,POINT (-87.622791844063 41.893251246312)
ebddf4acd9aec8c79671cd58279a9848ae5505c97fce0b89875fbd59035a58fd82a906d56a44feefe9823594a9f0fec07f76c4ea8d9644845883ed78b4de5fe6,JB245031,,05/01/2018 09:15:00 AM,30,TRAFFIC SIGNAL,FUNCTIONING PROPERLY,CLEAR,DAYLIGHT,TURNING,DIVIDED - W/MEDIAN (NOT RAISED),0.0,STRAIGHT AND LEVEL,DRY,NO DEFECTS,ON SCENE,INJURY AND / OR TOW DUE TO CRASH,Y,,,"OVER $1,500",05/01/2018 09:20:00 AM,FAILING TO YIELD RIGHT-OF-WAY,FAILING TO REDUCE SPEED TO AVOID CRASH,158,S,DAMEN AVE,1223.0,,,,,,,2,NO INDICATION OF INJURY,0.0,0.0,0.0,0.0,0.0,2.0,0.0,9,3,5,41.8788074113,-87.6767281334,POINT (-87.676728133399 41.878807411274)
ac5edd60153fe9587ba6bb04b519808f281dc52bc371ddac1122efb069b40d56909cbaa562f50272c758c8374fcd192c01eac99fc8ca675a63abd91501e32dec,,,11/02/2023 08:40:00 AM,30,NO CONTROLS,NO CONTROLS,CLEAR,DAYLIGHT,PARKED MOTOR VEHICLE,NOT DIVIDED,,STRAIGHT AND LEVEL,DRY,WORN SURFACE,ON SCENE,NO INJURY / DRIVE AWAY,,,,"$501 - $1,500",11/02/2023 08:45:00 AM,UNABLE TO DETERMINE,UNABLE TO DETERMINE,2341,W,27TH ST,1034.0,,,,,,,2,NO INDICATION OF INJURY,0.0,0.0,0.0,0.0,0.0,2.0,0.0,8,5,11,41.8433264246,-87.6846171869,POINT (-87.684617186945 41.843326424619)
127b8be7bd36b4b3a176dfb0b1487015b645cea760a86201e28dbc1a1023dfd455a0aec8315ff4ce8d74f5f6f8bf37c38f22cd780a4f4606f6e69256f38a6a99,JA548554,,12/14/2017 08:05:00 AM,30,NO CONTROLS,NO CONTROLS,CLEAR,DAYLIGHT,REAR END,NOT DIVIDED,2.0,STRAIGHT AND LEVEL,ICE,NO DEFECTS,ON SCENE,NO INJURY / DRIVE AWAY,,,,"OVER $1,500",12/14/2017 08:10:00 AM,NOT APPLICABLE,NOT APPLICABLE,7200,S,SOUTH SHORE DR,334.0,,,,,,,2,NO INDICATION OF INJURY,0.0,0.0,0.0,0.0,0.0,3.0,0.0,8,5,12,41.7657021497,-87.5624149549,POINT (-87.562414954926 41.765702149705)
15dda3bfbc3f27fcb2390d486265f0cc6b81a12892e92aec85e89f88399ff16d49516990e15a7035ca56db814469d29719cff2d0d9334fee573be582503599e7,JC127475,Y,01/24/2019 12:07:00 AM,30,NO CONTROLS,NO CONTROLS,CLEAR,DARKNESS,PARKED MOTOR VEHICLE,NOT DIVIDED,1.0,STRAIGHT AND LEVEL,ICE,NO DEFECTS,,INJURY AND / OR TOW DUE TO CRASH,,,N,$500 OR LESS,01/24/2019 12:10:00 AM,UNABLE TO DETERMINE,UNABLE TO DETERMINE,3908,N,MOBILE AVE,1633.0,,,,,,,2,NO INDICATION OF INJURY,0.0,0.0,0.0,0.0,0.0,1.0,0.0,0,5,1,41.951455977,-87.7837724325,POINT (-87.783772432496 41.95145597702)
301e30d283c9a29fdb8426592595a3ccaaaa246d4dc4ce38844c4733e0f304f4b4f8ea19702adba80aac46c4e0d746f8e3a1de8fcbace58a9291f3bb1ca9d1c2,JD150696,,02/13/2020 05:00:00 PM,30,TRAFFIC SIGNAL,FUNCTIONING PROPERLY,SNOW,DAWN,SIDESWIPE SAME DIRECTION,FOUR WAY,,STRAIGHT AND LEVEL,WET,NO DEFECTS,ON SCENE,NO INJURY / DRIVE AWAY,Y,,Y,$500 OR LESS,02/13/2020 05:01:00 PM,IMPROPER OVERTAKING/PASSING,FAILING TO YIELD RIGHT-OF-WAY,9901,S,HALSTED ST,2232.0,,,,,,,2,NO INDICATION OF INJURY,0.0,0.0,0.0,0.0,0.0,2.0,0.0,17,5,2,41.7141256493,-87.6428525474,POINT (-87.642852547443 41.714125649277)
c4a85657e22e10fc473a315fe7ed4c4575cdf2fce451a8f43d4ba63d8dfc9cd1009ddcfe6894c7668a93df4e1cebb847f82f5b59f89d950ddede5f4f67708d58,JF384040,,09/02/2022 04:00:00 PM,30,NO CONTROLS,NO CONTROLS,CLEAR,DAYLIGHT,REAR END,DIVIDED - W/MEDIAN (NOT RAISED),,STRAIGHT AND LEVEL,DRY,NO DEFECTS,,NO INJURY / DRIVE AWAY,,,,"OVER $1,500",09/05/2022 02:30:00 PM,UNABLE TO DETERMINE,UNABLE TO DETERMINE,2321,N,NARRAGANSETT AVE,2512.0,,,,,,,2,NO INDICATION OF INJURY,0.0,0.0,0.0,0.0,0.0,2.0,0.0,16,6,9,41.9225953036,-87.7852631756,POINT (-87.785263175644 41.922595303649)
f546c0f3ae144f0b82f51579c0f4508d0074cd14427d067ca0b185b6573e0d1f9408d382062c0b6f2db067e7cc68ad65e21d8f297266a89015954b84024d6ffa,JF141310,Y,02/11/2022 01:00:00 PM,30,UNKNOWN,UNKNOWN,UNKNOWN,UNKNOWN,PARKED MOTOR VEHICLE,NOT DIVIDED,,STRAIGHT AND LEVEL,UNKNOWN,UNKNOWN,NOT ON SCENE (DESK REPORT),NO INJURY / DRIVE AWAY,,,Y,"OVER $1,500",02/11/2022 03:15:00 PM,UNABLE TO DETERMINE,NOT APPLICABLE,3000,S,COTTAGE GROVE AVE,133.0,,,,,,,2,NO INDICATION OF INJURY,0.0,0.0,0.0,0.0,0.0,1.0,0.0,13,6,2,41.839618307,-87.614090377,POINT (-87.614090376967 41.839618306985)
0a1420f6475853b1cea11c3aef9eaa1eda85c585835814972383ede2b7ffa86f8e2ac0eac9eb26b3830c2c079974fee4965e01b4211be55e83e11850ca0e2f28,JE459630,,11/28/2021 01:00:00 PM,25,UNKNOWN,UNKNOWN,CLEAR,DAYLIGHT,PARKED MOTOR VEHICLE,OTHER,,STRAIGHT AND LEVEL,DRY,UNKNOWN,ON SCENE,NO INJURY / DRIVE AWAY,,,Y,"OVER $1,500",11/28/2021 07:44:00 PM,UNABLE TO DETERMINE,UNABLE TO DETERMINE,2539,N,LOWELL AVE,2524.0,,,,,,,2,NO INDICATION OF INJURY,0.0,0.0,0.0,0.0,0.0,1.0,0.0,13,1,11,41.9273615165,-87.735288084,POINT (-87.735288083972 41.927361516549)
7de6eb03c68103477a61591977c649f76be6302c2fd81731e8fbd61c9d1debedd12814970642237b143d329ef08cb86507f5ef75af718482627fb49b07580a47,JG199852,,03/26/2023 03:19:00 AM,30,NO CONTROLS,NO CONTROLS,CLEAR,"DARKNESS, LIGHTED ROAD",REAR END,NOT DIVIDED,,STRAIGHT AND LEVEL,DRY,NO DEFECTS,NOT ON SCENE (DESK REPORT),NO INJURY / DRIVE AWAY,,,,"OVER $1,500",03/26/2023 03:35:00 PM,UNABLE TO DETERMINE,UNABLE TO DETERMINE,7500,S,EBERHART AVE,624.0,,,,,,,2,NO INDICATION OF INJURY,0.0,0.0,0.0,0.0,0.0,2.0,0.0,3,1,3,41.758358919,-87.6128183528,POINT (-87.612818352842 41.758358918951)