CRASH_RECORD_ID,RD_NO,CRASH_DATE_EST_I,CRASH_DATE,POSTED_SPEED_LIMIT,TRAFFIC_CONTROL_DEVICE,DEVICE_CONDITION,WEATHER_CONDITION,LIGHTING_CONDITION,FIRST_CRASH_TYPE,TRAFFICWAY_TYPE,LANE_CNT,ALIGNMENT,ROADWAY_SURFACE_COND,ROAD_DEFECT,REPORT_TYPE,CRASH_TYPE,INTERSECTION_RELATED_I,NOT_RIGHT_OF_WAY_I,HIT_AND_RUN_I,DAMAGE,DATE_POLICE_NOTIFIED,PRIM_CONTRIBUTORY_CAUSE,SEC_CONTRIBUTORY_CAUSE,STREET_NO,STREET_DIRECTION,STREET_NAME,BEAT_OF_OCCURRENCE,PHOTOS_TAKEN_I,STATEMENTS_TAKEN_I,DOORING_I,WORK_ZONE_I,WORK_ZONE_TYPE,WORKERS_PRESENT_I,NUM_UNITS,MOST_SEVERE_INJURY,INJURIES_TOTAL,INJURIES_FATAL,INJURIES_INCAPACITATING,INJURIES_NON_INCAPACITATING,INJURIES_REPORTED_NOT_EVIDENT,INJURIES_NO_INDICATION,INJURIES_UNKNOWN,CRASH_HOUR,CRASH_DAY_OF_WEEK,CRASH_MONTH,LATITUDE,LONGITUDE,LOCATION
d5e07d6c2fd23da4fa2b2fac1fe2ba8c6f9cd1e1b1a1dafe0101fc59a0dda6f7a8ad3f2eb5e0794386405da920c5b11fec146a62f7ccf1625c1d099b3c70fa0e,JB101105,,01/01/2018 10:35:00 PM,30,NO CONTROLS,NO CONTROLS,CLEAR,"DARKNESS, LIGHTED ROAD",REAR END,DIVIDED - W/MEDIAN BARRIER,,STRAIGHT AND LEVEL,DRY,NO DEFECTS,NOT ON SCENE (DESK REPORT),NO INJURY / DRIVE AWAY,,,,"$501 - $1,500",01/01/2018 10:57:00 PM,FAILING TO REDUCE SPEED TO AVOID CRASH,NOT APPLICABLE,12,E,MARQUETTE RD,322.0,,,,,,,2,NO INDICATION OF INJURY,0.0,0.0,0.0,0.0,0.0,4.0,0.0,22,2,1,41.7728551728,-87.6246256284,POINT (-87.624625628353 41.772855172756)
fd6c2d0badf8844ec3bc91b8bbdee1143636e4c246b189da08bfa7e191328b298717f5183ea33a4ecdd32596dfe61e9b4b34a8a2c5e1ba74b1cc2589f4e98d21,JF424472,,10/06/2022 04:18:00 PM,30,NO CONTROLS,NO CONTROLS,RAIN,DAYLIGHT,SIDESWIPE SAME DIRECTION,NOT DIVIDED,,STRAIGHT AND LEVEL,WET,NO DEFECTS,ON SCENE,NO INJURY / DRIVE AWAY,,,Y,$500 OR LESS,10/06/2022 04:21:00 PM,UNABLE TO DETERMINE,UNABLE TO DETERMINE,843,W,CHICAGO AVE,1214.0,,,,,,,2,NO INDICATION OF INJURY,0.0,0.0,0.0,0.0,0.0,2.0,0.0,16,5,10,41.8962520257,-87.6494028846,POINT (-87.649402884577 41.896252025652)
1d094e27572f81dbb569051fdeb55ae138298ba47a826f56dc9e98b91337bc79bd12d373d9e5e5f29c4fcda904253cef4527edf8b015b32a12746f1d911ce26b,JC222069,,04/12/2019 04:30:00 PM,30,NO CONTROLS,FUNCTIONING PROPERLY,CLEAR,DAYLIGHT,TURNING,NOT DIVIDED,2.0,STRAIGHT AND LEVEL,DRY,UNKNOWN,NOT ON SCENE (DESK REPORT),NO INJURY / DRIVE AWAY,,,,"OVER $1,500",04/12/2019 05:35:00 PM,FAILING TO YIELD RIGHT-OF-WAY,NOT APPLICABLE,118,S,CICERO AVE,1533.0,,,,,,,2,NO INDICATION OF INJURY,0.0,0.0,0.0,0.0,0.0,2.0,0.0,16,6,4,41.8788222419,-87.7453628151,POINT (-87.745362815077 41.8788222419)
e4178bba12a547d884c677d1b2ce47626543ffecc6174f86fc967bfaf504f9fac5cc6a589bb59a4be59ec8884a0e811ef44f2b798889fd901275c66314a613da,JF309200,,07/07/2022 07:52:00 PM,30,TRAFFIC SIGNAL,UNKNOWN,CLEAR,DAWN,REAR TO SIDE,NOT DIVIDED,,STRAIGHT AND LEVEL,DRY,UNKNOWN,ON SCENE,INJURY AND / OR TOW DUE TO CRASH,Y,,,"OVER $1,500",07/07/2022 07:52:00 PM,UNABLE TO DETERMINE,UNABLE TO DETERMINE,6800,W,ADDISON ST,1632.0,,,,,,,2,NO INDICATION OF INJURY,0.0,0.0,0.0,0.0,0.0,2.0,0.0,19,5,7,41.9455876398,-87.796051711,POINT (-87.796051711044 41.945587639762)
0158a7353af35f64779bb1d82e5fe02061380b6c9f6d6c431e81a3e6b8e0cc7b74c0e19655566855626adb3aa5ef3e546659569eda2a500032841c2b6af5a798,JE163150,Y,02/23/2023 02:00:00 PM,10,NO CONTROLS,NO CONTROLS,CLEAR,DAYLIGHT,PARKED MOTOR VEHICLE,PARKING LOT,,STRAIGHT AND LEVEL,DRY,NO DEFECTS,ON SCENE,NO INJURY / DRIVE AWAY,,Y,,$500 OR LESS,02/23/2023 03:00:00 PM,WEATHER,UNABLE TO DETERMINE,4000,W,GRAND AVE,2534.0,,,,,,,2,,,,,,,,,14,5,2,41.9062588709,-87.7263534764,POINT (-87.726353476362 41.90625887086)
35eb1eed472cffaf8ef987b0d852fea1d060e15b199e6a0e674a26fa347185133e6832ca6c744f71929801b3bb7fc5954f0ebdc87e104589995d222cc68f0e14,JB289704,Y,06/02/2018 09:30:00 AM,30,NO CONTROLS,NO CONTROLS,CLEAR,DAYLIGHT,PARKED MOTOR VEHICLE,NOT DIVIDED,2.0,STRAIGHT AND LEVEL,DRY,NO DEFECTS,NOT ON SCENE (DESK REPORT),NO INJURY / DRIVE AWAY,,,Y,"OVER $1,500",06/02/2018 01:00:00 PM,UNABLE TO DETERMINE,UNABLE TO DETERMINE,529,W,WRIGHTWOOD AVE,1935.0,,,,,,,2,NO INDICATION OF INJURY,0.0,0.0,0.0,0.0,0.0,1.0,0.0,9,7,6,41.9302150524,-87.6424678599,POINT (-87.642467859853 41.930215052423)
ad4f4289d0bab6dce9f99e4a57d34ebbc06dd7c7d67696e0e8e933912e67c4adbbc71147a3bbda0259d581e922280a261f194ed8b8655da265e9d5a847eaef12,JC549600,,12/16/2019 10:25:00 PM,35,STOP SIGN/FLASHER,FUNCTIONING PROPERLY,CLEAR,"DARKNESS, LIGHTED ROAD",ANGLE,NOT DIVIDED,,STRAIGHT AND LEVEL,DRY,NO DEFECTS,ON SCENE,INJURY AND / OR TOW DUE TO CRASH,,,,"$501 - $1,500",12/16/2019 10:31:00 PM,FAILING TO YIELD RIGHT-OF-WAY,NOT APPLICABLE,8423,W,LAWRENCE AVE,1614.0,,,,,,,2,NO INDICATION OF INJURY,0.0,0.0,0.0,0.0,0.0,4.0,0.0,22,2,12,41.9664692688,-87.8376260645,POINT (-87.837626064528 41.966469268807)
ae3301b91070471690c6fe98b2f4b4df9b8e5d063a5e947fa8034ee567a6ae0fc8a293295ea35c3ea8cc1e3b3d425cd687f2bf8247f4afd933c23492801b373b,JB102094,,01/02/2018 06:28:00 PM,30,TRAFFIC SIGNAL,FUNCTIONING PROPERLY,CLEAR,DARKNESS,REAR END,NOT DIVIDED,2.0,STRAIGHT AND LEVEL,DRY,NO DEFECTS,NOT ON SCENE (DESK REPORT),NO INJURY / DRIVE AWAY,,,,"OVER $1,500",01/02/2018 06:50:00 PM,FOLLOWING TOO CLOSELY,UNABLE TO DETERMINE,2501,W,BELMONT AVE,1931.0,,,,,,,2,NO INDICATION OF INJURY,0.0,0.0,0.0,0.0,0.0,2.0,0.0,18,3,1,41.9393325629,-87.6901461342,POINT (-87.690146134173 41.93933256295)
b65d249f41923f5d218223163fd49da123373f5348b914fe77b34eb603167ba97daeeee0bf53988d231ddfbe26eb9c220505b948076fb2cb2f25345f129c81e8,JB325264,,06/27/2018 05:20:00 PM,30,UNKNOWN,UNKNOWN,UNKNOWN,UNKNOWN,REAR END,UNKNOWN,2.0,STRAIGHT AND LEVEL,UNKNOWN,UNKNOWN,NOT ON SCENE (DESK REPORT),INJURY AND / OR TOW DUE TO CRASH,Y,,,"OVER $1,500",06/27/2018 05:58:00 PM,UNABLE TO DETERMINE,UNABLE TO DETERMINE,10456,S,VINCENNES AVE,2212.0,,,,,,,2,"REPORTED, NOT EVIDENT",2.0,0.0,0.0,0.0,2.0,1.0,0.0,17,4,6,41.7032497502,-87.6574917374,POINT (-87.657491737367 41.703249750215)
ba8ab33892b05d24c153bda151d442f0c6cb042c02420cd06ef821b227439763bbd3fa3aa1990f3bae6e901e071399c06c92495848ebac97a3d6b8e45b48d9a3,JG314277,,06/24/2023 03:00:00 PM,30,NO CONTROLS,NO CONTROLS,CLEAR,DAYLIGHT,REAR END,NOT DIVIDED,,STRAIGHT ON HILLCREST,DRY,NO DEFECTS,ON SCENE,NO INJURY / DRIVE AWAY,,,Y,"OVER $1,500",06/24/2023 03:10:00 PM,PHYSICAL CONDITION OF DRIVER,UNABLE TO DETERMINE,365,N,HALSTED ST,1214.0,,,,,,,2,NO INDICATION OF INJURY,0.0,0.0,0.0,0.0,0.0,2.0,0.0,15,7,6,41.8886812398,-87.6474228478,POINT (-87.647422847763 41.888681239762)
1ad04b1993feb50249fe781dd1a1f963f76d58a9f541dae78895c3ae4edc9e81516e00bf35cee94af3e87c2449730f169b95e5dd548c42b7d89ab4f68dac1292,JC276845,,05/24/2019 02:30:00 PM,30,NO CONTROLS,NO CONTROLS,CLEAR,DAYLIGHT,SIDESWIPE SAME DIRECTION,ONE-WAY,,STRAIGHT AND LEVEL,DRY,NO DEFECTS,NOT ON SCENE (DESK REPORT),NO INJURY / DRIVE AWAY,,,,"OVER $1,500",05/24/2019 03:55:00 PM,FAILING TO YIELD RIGHT-OF-WAY,DRIVING SKILLS/KNOWLEDGE/EXPERIENCE,600,S,LAKE SHORE DR SB,114.0,,,,,,,2,NO INDICATION OF INJURY,0.0,0.0,0.0,0.0,0.0,2.0,0.0,14,6,5,41.8744704338,-87.6174861959,POINT (-87.617486195888 41.874470433803)
816c929d165a83adea4ff2e4c722f9e6853a3063d4fa71629f48be1fc4afa34751599fa4f835df3396c8d4cafebd9a7d60b5d4e0c85a31c778abdeb391856f33,JA113691,,01/12/2017 12:00:00 PM,0,NO CONTROLS,FUNCTIONING PROPERLY,CLEAR,DAYLIGHT,PARKED MOTOR VEHICLE,ONE-WAY,1.0,STRAIGHT AND LEVEL,WET,NO DEFECTS,NOT ON SCENE (DESK REPORT),NO INJURY / DRIVE AWAY,,,Y,"OVER $1,500",01/12/2017 07:28:00 PM,UNABLE TO DETERMINE,UNABLE TO DETERMINE,8123,S,VERNON AVE,631.0,,,,,,,2,NO INDICATION OF INJURY,0.0,0.0,0.0,0.0,0.0,1.0,0.0,12,5,1,41.7467700259,-87.6134486905,POINT (-87.613448690458 41.74677002593)
7b7c211420bb97c12fba5da52d74a218f57ed006ba315bee16d717078ffa0fda72004d8087eb2ca929c04d031c7efbac58fc2daa19943d268745e658788eb8a0,JE410150,,10/15/2021 12:46:00 AM,30,TRAFFIC SIGNAL,FUNCTIONING PROPERLY,CLEAR,"DARKNESS, LIGHTED ROAD",ANGLE,NOT DIVIDED,,STRAIGHT AND LEVEL,DRY,NO DEFECTS,ON SCENE,INJURY AND / OR TOW DUE TO CRASH,Y,,Y,"OVER $1,500",10/15/2021 12:51:00 AM,DISREGARDING TRAFFIC SIGNALS,NOT APPLICABLE,1600,W,ARMITAGE AVE,1432.0,,,,,,,2,NONINCAPACITATING INJURY,1.0,0.0,0.0,1.0,0.0,2.0,0.0,0,6,10,41.9180420456,-87.6679961798,POINT (-87.667996179817 41.918042045647)
3f8c4e8990cc6203e588f4472df4a0b683c09671d3052855db302b98b291a1653d6e13cf35a017d7601d3a95b162260b463d28d8773dc73ebf06fb29240d29fe,JE403059,,10/08/2021 05:10:00 PM,30,TRAFFIC SIGNAL,FUNCTIONING PROPERLY,RAIN,DAYLIGHT,ANGLE,FOUR WAY,,STRAIGHT AND LEVEL,WET,NO DEFECTS,ON SCENE,INJURY AND / OR TOW DUE TO CRASH,Y,,,"OVER $1,500",10/08/2021 05:11:00 PM,FAILING TO YIELD RIGHT-OF-WAY,NOT APPLICABLE,3500,S,WENTWORTH AVE,915.0,,,,,,,2,NO INDICATION OF INJURY,0.0,0.0,0.0,0.0,0.0,2.0,0.0,17,6,10,41.8309224418,-87.6316505184,POINT (-87.631650518377 41.830922441769)
8d8f1ed8695980c69fb8fd7a2629e5c065731e7566406c8f23f96693c9705a4755d9dc62d8e52e9da26ddf8ed57edfa326bf2b250764bf42091f6e819fb21380,JD287244,,07/05/2020 07:12:00 PM,30,TRAFFIC SIGNAL,FUNCTIONING PROPERLY,CLEAR,DAYLIGHT,ANGLE,NOT DIVIDED,,STRAIGHT AND LEVEL,DRY,OTHER,ON SCENE,INJURY AND / OR TOW DUE TO CRASH,Y,,,"OVER $1,500",07/05/2020 07:14:00 PM,DISREGARDING TRAFFIC SIGNALS,UNABLE TO DETERMINE,2000,W,JACKSON BLVD,1225.0,,,,,,,2,NO INDICATION OF INJURY,0.0,0.0,0.0,0.0,0.0,2.0,0.0,19,1,7,41.8775905328,-87.6765991166,POINT (-87.676599116599 41.877590532768)
c9a9dd776d53157e7a6fbdcdf7cb9609cd79202014084b31502c8819e92a6f2a646465cbf0946ed65759dcfb6b8c197ce0bc338d4eb849ea4a515852149483ee,JC366160,,07/26/2019 10:15:00 PM,30,NO CONTROLS,NO CONTROLS,CLEAR,"DARKNESS, LIGHTED ROAD",FIXED OBJECT,NOT DIVIDED,,STRAIGHT AND LEVEL,DRY,NO DEFECTS,ON SCENE,INJURY AND / OR TOW DUE TO CRASH,,,,"OVER $1,500",07/26/2019 10:20:00 PM,UNABLE TO DETERMINE,UNABLE TO DETERMINE,2008,W,119TH ST,2234.0,,,,,,,1,NO INDICATION OF INJURY,0.0,0.0,0.0,0.0,0.0,1.0,0.0,22,6,7,41.6774721595,-87.6709843132,POINT (-87.670984313196 41.67747215949)
a2d8524d74ba7087696efaef4f9d3d0dd3924da81f50b1489e122a4bdf43069ff58915fd6afd49b2d947e6caf5caa54c68475cdb25dd787870b37137f46a5f65,JF481403,,11/20/2022 09:12:00 AM,30,TRAFFIC SIGNAL,FUNCTIONING PROPERLY,CLEAR,DAYLIGHT,ANGLE,FOUR WAY,,STRAIGHT AND LEVEL,UNKNOWN,UNKNOWN,ON SCENE,NO INJURY / DRIVE AWAY,Y,,,"OVER $1,500",11/20/2022 09:15:00 AM,DISREGARDING TRAFFIC SIGNALS,UNABLE TO DETERMINE,3001,N,ASHLAND AVE,1932.0,,,,,,,2,NO INDICATION OF INJURY,0.0,0.0,0.0,0.0,0.0,2.0,0.0,9,1,11,41.9360976266,-87.6683842673,POINT (-87.668384267345 41.936097626576)
dbdbf14c4c5e70ebd47a470f75a27337d96665b0c1b172659869b54b8c3e869e42c4bb5008ce825bf67be9d8cc6a91878898b4552e135b3667a07ffc5c085b56,JB123551,,01/20/2018 08:20:00 PM,20,NO CONTROLS,NO CONTROLS,CLEAR,"DARKNESS, LIGHTED ROAD",PARKED MOTOR VEHICLE,NOT DIVIDED,,STRAIGHT AND LEVEL,WET,NO DEFECTS,ON SCENE,INJURY AND / OR TOW DUE TO CRASH,,,,"OVER $1,500",01/20/2018 08:33:00 PM,NOT APPLICABLE,NOT APPLICABLE,3716,W,107TH ST,2211.0,,,,,,,2,NO INDICATION OF INJURY,0.0,0.0,0.0,0.0,0.0,1.0,0.0,20,7,1,41.6987828121,-87.7140201883,POINT (-87.714020188279 41.698782812119)
b7945a3412bbdab95b7fdb1717c402179e6f2d4fe2ad9140e93ee3f901a58652c3b89c4613fa6151cc67aac825a33605e36e84292be26ca3220124a5f04eb558,JC426183,,09/09/2019 03:10:00 PM,5,NO CONTROLS,NO CONTROLS,CLEAR,DAYLIGHT,TURNING,PARKING LOT,,STRAIGHT AND LEVEL,DRY,OTHER,ON SCENE,INJURY AND / OR TOW DUE TO CRASH,,Y,,"OVER $1,500",09/09/2019 03:20:00 PM,UNABLE TO DETERMINE,OBSTRUCTED CROSSWALKS,2727,S,MARY ST,913.0,,,,,,,2,NO INDICATION OF INJURY,0.0,0.0,0.0,0.0,0.0,2.0,0.0,15,2,9,41.8442450185,-87.6514345554,POINT (-87.651434555424 41.844245018499)
ef3e0a8d28b0ee33d7008525eb83d03c8b0b2c5f30d1084a6cc35b8203c09a28d8a732d98b13d89e6e74f3ecf6c2ed747c74dbc5678c8e0bc3bda483f0b06fd1,JA466706,,10/11/2017 06:20:00 AM,30,NO CONTROLS,NOT FUNCTIONING,RAIN,"DARKNESS, LIGHTED ROAD",REAR END,DIVIDED - W/MEDIAN BARRIER,,STRAIGHT AND LEVEL,WET,NO DEFECTS,ON SCENE,NO INJURY / DRIVE AWAY,,,,"$501 - $1,500",10/11/2017 06:25:00 AM,FOLLOWING TOO CLOSELY,NOT APPLICABLE,300,E,LOWER RANDOLPH ST,114.0,,,,,,,2,NO INDICATION OF INJURY,0.0,0.0,0.0,0.0,0.0,3.0,0.0,6,4,10,41.8845295656,-87.6205273202,POINT (-87.620527320212 41.884529565628)
5bb95a3f8978919fc95fc357d0f725048f8b5c8192a62b28d4399e015510ba980d5648658ca2949990f77383d658fe494bf676f84a65e4ab7f7b60358940d84a,JG191820,,03/20/2023 03:10:00 AM,30,NO CONTROLS,NO CONTROLS,CLEAR,"DARKNESS, LIGHTED ROAD",REAR TO SIDE,DIVIDED - W/MEDIAN (NOT RAISED),,STRAIGHT AND LEVEL,DRY,NO DEFECTS,ON SCENE,INJURY AND / OR TOW DUE TO CRASH,,,Y,"$501 - $1,500",03/20/2023 03:15:00 AM,FAILING TO REDUCE SPEED TO AVOID CRASH,FAILING TO REDUCE SPEED TO AVOID CRASH,1199,S,CALIFORNIA AVE,1135.0,,Y,,,,,2,INCAPACITATING INJURY,1.0,0.0,1.0,0.0,0.0,1.0,0.0,3,2,3,41.8666034122,-87.6957624931,POINT (-87.69576249314 41.866603412202)
5d44c658be2dfac81b10f6466955ec0613c78a34862ee7f068495b3b928b7bcb316a9c3aa2415a5bc41291d67f5cffedba7a97991d32925ab7d3d300fc65ee10,JD307705,,07/23/2020 05:45:00 PM,30,NO CONTROLS,NO CONTROLS,CLEAR,DAYLIGHT,REAR END,NOT DIVIDED,,STRAIGHT AND LEVEL,DRY,NO DEFECTS,ON SCENE,INJURY AND / OR TOW DUE TO CRASH,,,,"OVER $1,500",07/23/2020 08:00:00 PM,FOLLOWING TOO CLOSELY,UNABLE TO DETERMINE,7661,W,IRVING PARK RD,1631.0,,,,,,,3,NONINCAPACITATING INJURY,3.0,0.0,0.0,3.0,0.0,1.0,0.0,17,5,7,41.9523719121,-87.8194588531,POINT (-87.819458853125 41.952371912065)
3332d946483d41eb4844ed20217f3287e1790232a30a3008b95263f30e9b3e9f3dff56223c521ab2fec6955873c2325fd301bbae87f79c2eaf5914958ab09c59,JD400403,,10/15/2020 02:49:00 PM,30,STOP SIGN/FLASHER,FUNCTIONING PROPERLY,CLEAR,DAYLIGHT,TURNING,FOUR WAY,,STRAIGHT AND LEVEL,DRY,NO DEFECTS,,NO INJURY / DRIVE AWAY,Y,,,"$501 - $1,500",10/15/2020 02:55:00 PM,FAILING TO YIELD RIGHT-OF-WAY,NOT APPLICABLE,200,N,UNION AVE,1214.0,,,,,,,2,NO INDICATION OF INJURY,0.0,0.0,0.0,0.0,0.0,4.0,0.0,14,5,10,41.8857077706,-87.6455296084,POINT (-87.645529608398 41.885707770616)
ec44b0d5479fff6f331294ff66939473a4696370f77bc79f2e94c3f770edd3aba04999a0d68418ea8ed0132393e8fbe4510a4de09dc5af5f9235977d81bb5a8b,JG217051,,04/09/2023 09:30:00 PM,30,NO CONTROLS,NO CONTROLS,CLEAR,"DARKNESS, LIGHTED ROAD",PARKED MOTOR VEHICLE,NOT DIVIDED,,STRAIGHT AND LEVEL,DRY,UNKNOWN,NOT ON SCENE (DESK REPORT),NO INJURY / DRIVE AWAY,,,,"OVER $1,500",04/09/2023 11:30:00 PM,NOT APPLICABLE,NOT APPLICABLE,5100,N,SIMONDS DR,2024.0,,,,,,,2,NO INDICATION OF INJURY,0.0,0.0,0.0,0.0,0.0,2.0,0.0,21,1,4,41.9744982801,-87.6471614452,POINT (-87.647161445199 41.974498280122)
f73a54e122e0865bd4344f27b9cbb9c56859ccff4cb1c98f1f4b531c6425b438fac9940d2951ee831301397f910dcfd17e5c34e77f401d010519579c45a23625,JC247183,,05/02/2019 05:15:00 PM,30,TRAFFIC SIGNAL,FUNCTIONING PROPERLY,RAIN,DAYLIGHT,SIDESWIPE SAME DIRECTION,FOUR WAY,,STRAIGHT AND LEVEL,WET,"RUT, HOLES",ON SCENE,NO INJURY / DRIVE AWAY,Y,,,"OVER $1,500",05/02/2019 05:19:00 PM,DRIVING SKILLS/KNOWLEDGE/EXPERIENCE,UNABLE TO DETERMINE,3233,S,ASHLAND AVE,912.0,,,,,,,2,NO INDICATION OF INJURY,0.0,0.0,0.0,0.0,0.0,3.0,0.0,17,5,5,41.8345847066,-87.6655169255,POINT (-87.665516925499 41.834584706558)
b912babdf09717010859da007b432e6d7c69bc58ebec448d8b9669fe643ab31aa84867ad4299b09519e4bdb57c35908562c7f8d0c815e97be3c42e236f71a4e4,JG346454,,07/18/2023 05:35:00 PM,30,STOP SIGN/FLASHER,FUNCTIONING PROPERLY,CLEAR,DAYLIGHT,ANGLE,FOUR WAY,,STRAIGHT AND LEVEL,DRY,NO DEFECTS,ON SCENE,INJURY AND / OR TOW DUE TO CRASH,Y,,,"OVER $1,500",07/18/2023 05:40:00 PM,DISREGARDING STOP SIGN,FAILING TO REDUCE SPEED TO AVOID CRASH,5932,W,BARRY AVE,2514.0,,,,,,,2,NONINCAPACITATING INJURY,2.0,0.0,0.0,2.0,0.0,1.0,0.0,17,3,7,41.9367464369,-87.7749981861,POINT (-87.774998186118 41.936746436947)
c33e8025ef7fbd525a9ab37cebc5e3299d578ba45fa4bcf91114394a7324acbf1c0e16555fe24a0afb1c7e759dc1459d1486a3de962e283670a6f96d6cdd438c,JA525770,,11/23/2017 03:00:00 PM,30,NO CONTROLS,NO CONTROLS,CLEAR,DAYLIGHT,PARKED MOTOR VEHICLE,DIVIDED - W/MEDIAN (NOT RAISED),2.0,STRAIGHT AND LEVEL,DRY,NO DEFECTS,NOT ON SCENE (DESK REPORT),NO INJURY / DRIVE AWAY,,,,"OVER $1,500",11/26/2017 12:30:00 PM,UNABLE TO DETERMINE,UNABLE TO DETERMINE,2008,W,CULLERTON ST,1234.0,,,,,,,2,NO INDICATION OF INJURY,0.0,0.0,0.0,0.0,0.0,1.0,0.0,15,5,11,41.8550282776,-87.6763490972,POINT (-87.676349097243 41.855028277575)
4703cd01c261471b47af9a86475c9c69222608d63ecfbab98b7a750978794e56a698f2da41017b619f973217d3ba47afa650309499c573a8a6202f79c377d6d6,JA548642,,12/14/2017 08:25:00 AM,30,TRAFFIC SIGNAL,FUNCTIONING PROPERLY,CLEAR,DAYLIGHT,PEDESTRIAN,NOT DIVIDED,4.0,STRAIGHT AND LEVEL,DRY,NO DEFECTS,NOT ON SCENE (DESK REPORT),INJURY AND / OR TOW DUE TO CRASH,,,,"OVER $1,500",12/14/2017 08:40:00 AM,FAILING TO YIELD RIGHT-OF-WAY,FAILING TO YIELD RIGHT-OF-WAY,3957,W,FULLERTON AVE,2525.0,,,,,,,2,"REPORTED, NOT EVIDENT",1.0,0.0,0.0,0.0,1.0,1.0,0.0,8,5,12,41.9243762702,-87.726620665,POINT (-87.72662066503 41.924376270151)
9311781bb9ff7dcf0371b394d9398e1820472e617a8482ac8ff18cd1847421cd826992a9c719e16545dd7a7386c8c95383ee896175ebf56016dc238936488868,HZ492983,,10/28/2016 03:15:00 PM,30,NO CONTROLS,NO CONTROLS,CLEAR,DAYLIGHT,PARKED MOTOR VEHICLE,DIVIDED - W/MEDIAN (NOT RAISED),2.0,STRAIGHT AND LEVEL,DRY,NO DEFECTS,NOT ON SCENE (DESK REPORT),NO INJURY / DRIVE AWAY,,,,$500 OR LESS,10/28/2016 05:45:00 PM,UNABLE TO DETERMINE,UNABLE TO DETERMINE,198,E,DELAWARE PL,1833.0,,,,,,,2,NO INDICATION OF INJURY,0.0,0.0,0.0,0.0,0.0,3.0,0.0,15,6,10,41.8993517351,-87.6219869064,POINT (-87.621986906447 41.899351735069)
4a86017e72ac8dc6528e7160f312bd2b4c068dd0886df89591ac022e280084e2395ff4e22d9814f082ec88b65941c96cb0eb24c00d245f9b5ea71059da1ac80f,JB276119,,05/24/2018 03:50:00 AM,35,TRAFFIC SIGNAL,FUNCTIONING PROPERLY,CLEAR,"DARKNESS, LIGHTED ROAD",PARKED MOTOR VEHICLE,ONE-WAY,,STRAIGHT AND LEVEL,DRY,NO DEFECTS,ON SCENE,INJURY AND / OR TOW DUE TO CRASH,,,,"OVER $1,500",05/24/2018 03:55:00 AM,DRIVING ON WRONG SIDE/WRONG WAY,UNABLE TO DETERMINE,3999,N,KEELER AVE,1731.0,,,,,,,3,NO INDICATION OF INJURY,0.0,0.0,0.0,0.0,0.0,1.0,0.0,3,5,5,41.9535082148,-87.7323241929,POINT (-87.732324192885 41.953508214818)
0a50bf275764addf414f57eabf176d21b97a8ed2a0ebffd9eaecba6a7e3f93fbc958e66988915a0c2eb10a7a51ab218720765d2721673fb4a8dc6b7d5d85c4dc,JA414745,,09/01/2017 01:40:00 PM,30,TRAFFIC SIGNAL,FUNCTIONING PROPERLY,CLEAR,DAYLIGHT,SIDESWIPE SAME DIRECTION,NOT DIVIDED,2.0,STRAIGHT ON HILLCREST,DRY,UNKNOWN,NOT ON SCENE (DESK REPORT),NO INJURY / DRIVE AWAY,,,,"OVER $1,500",09/01/2017 02:00:00 PM,DISTRACTION - FROM OUTSIDE VEHICLE,UNABLE TO DETERMINE,956,W,WILSON AVE,1914.0,,,,,,,2,NO INDICATION OF INJURY,0.0,0.0,0.0,0.0,0.0,2.0,0.0,13,6,9,41.9655424613,-87.6545964178,POINT (-87.654596417821 41.96554246134)
98bb4530fcdc89218ddf7415e1929f455639c7c9f173151b88712103915559d1a3b9926924d389926c8a8a1dfd4bbd3c098b6ab2b2eed6f90f3237b0cdc4d1fe,JA436285,,09/18/2017 12:15:00 PM,30,NO CONTROLS,NO CONTROLS,CLEAR,DAYLIGHT,ANGLE,PARKING LOT,1.0,STRAIGHT AND LEVEL,DRY,NO DEFECTS,NOT ON SCENE (DESK REPORT),NO INJURY / DRIVE AWAY,,,,$500 OR LESS,09/18/2017 12:23:00 PM,FAILING TO YIELD RIGHT-OF-WAY,UNABLE TO DETERMINE,1000,W,JACKSON BLVD,1232.0,,,,,,,2,NO INDICATION OF INJURY,0.0,0.0,0.0,0.0,0.0,3.0,0.0,12,2,9,41.8779766716,-87.652044557,POINT (-87.652044556954 41.877976671621)
3a0fcd07c9a7bc1c23ff5238bdea9f19bf4d102c4b0569f072b3c0307066e42c1f8f0be931af9fef61131a9d985ac41571065571253d38451c6944a2b86018f7,JB143276,,02/06/2018 02:36:00 PM,30,TRAFFIC SIGNAL,FUNCTIONING PROPERLY,CLEAR,DAYLIGHT,PEDESTRIAN,ONE-WAY,,STRAIGHT AND LEVEL,WET,NO DEFECTS,ON SCENE,NO INJURY / DRIVE AWAY,,,Y,$500 OR LESS,02/06/2018 02:38:00 PM,UNABLE TO DETERMINE,NOT APPLICABLE,141,N,CLINTON ST,121.0,,,,,,,2,NO INDICATION OF INJURY,0.0,0.0,0.0,0.0,0.0,2.0,0.0,14,3,2,41.88437586,-87.6411247771,POINT (-87.641124777106 41.884375860033)
3a9fc03807dca2874a87551ffa22b6a3f6f19c541191a935fc2a730ecf803b2d1ec3899e83affde9d6e642eb9a5deea474cbce1a69d4f9836f70240d996db659,JC321148,,06/25/2019 11:10:00 AM,30,NO CONTROLS,NO CONTROLS,CLEAR,DAYLIGHT,SIDESWIPE SAME DIRECTION,ONE-WAY,,STRAIGHT AND LEVEL,DRY,NO DEFECTS,NOT ON SCENE (DESK REPORT),NO INJURY / DRIVE AWAY,,,Y,"$501 - $1,500",06/25/2019 12:04:00 PM,UNABLE TO DETERMINE,NOT APPLICABLE,310,N,MICHIGAN AVE,111.0,,,,,,,2,NO INDICATION OF INJURY,0.0,0.0,0.0,0.0,0.0,2.0,0.0,11,3,6,41.8870833597,-87.6246905113,POINT (-87.624690511303 41.887083359667)