CRASH_RECORD_ID,RD_NO,CRASH_DATE_EST_I,CRASH_DATE,POSTED_SPEED_LIMIT,TRAFFIC_CONTROL_DEVICE,DEVICE_CONDITION,WEATHER_CONDITION,LIGHTING_CONDITION,FIRST_CRASH_TYPE,TRAFFICWAY_TYPE,LANE_CNT,ALIGNMENT,ROADWAY_SURFACE_COND,ROAD_DEFECT,REPORT_TYPE,CRASH_TYPE,INTERSECTION_RELATED_I,NOT_RIGHT_OF_WAY_I,HIT_AND_RUN_I,DAMAGE,DATE_POLICE_NOTIFIED,PRIM_CONTRIBUTORY_CAUSE,SEC_CONTRIBUTORY_CAUSE,STREET_NO,STREET_DIRECTION,STREET_NAME,BEAT_OF_OCCURRENCE,PHOTOS_TAKEN_I,STATEMENTS_TAKEN_I,DOORING_I,WORK_ZONE_I,WORK_ZONE_TYPE,WORKERS_PRESENT_I,NUM_UNITS,MOST_SEVERE_INJURY,INJURIES_TOTAL,INJURIES_FATAL,INJURIES_INCAPACITATING,INJURIES_NON_INCAPACITATING,INJURIES_REPORTED_NOT_EVIDENT,INJURIES_NO_INDICATION,INJURIES_UNKNOWN,CRASH_HOUR,CRASH_DAY_OF_WEEK,CRASH_MONTH,LATITUDE,LONGITUDE,LOCATION
de7f502caa81b713fcca63c28a95271f7215fb361150ffb675095ee1980522743e6c16d7c86db505b6cd393a0397d24493301c31592fb278310645b13038ea11,JB245674,,05/01/2018 04:30:00 PM,30,NO CONTROLS,NO CONTROLS,CLEAR,DAYLIGHT,SIDESWIPE SAME DIRECTION,NOT DIVIDED,4.0,STRAIGHT AND LEVEL,DRY,NO DEFECTS,NOT ON SCENE (DESK REPORT),NO INJURY / DRIVE AWAY,,,,"OVER $1,500",05/01/2018 05:00:00 PM,UNABLE TO DETERMINE,UNABLE TO DETERMINE,5701,N,CALIFORNIA AVE,2011.0,,,,,,,2,NO INDICATION OF INJURY,0.0,0.0,0.0,0.0,0.0,3.0,0.0,16,3,5,41.9849720712,-87.6990720989,POINT (-87.699072098884 41.984972071175)
52faa9602080fea0cf0fbe3e3e4935a349b7667d00a163e597dd6c881db6b4295393f1ebf217ebe51e6715beff896a0ec7ca982906480b33650eeda6f8f37e50,JC481935,,10/22/2019 09:25:00 AM,10,STOP SIGN/FLASHER,FUNCTIONING PROPERLY,CLOUDY/OVERCAST,DAYLIGHT,PEDESTRIAN,PARKING LOT,,STRAIGHT AND LEVEL,DRY,NO DEFECTS,ON SCENE,INJURY AND / OR TOW DUE TO CRASH,,,,$500 OR LESS,10/22/2019 09:40:00 AM,FAILING TO YIELD RIGHT-OF-WAY,NOT APPLICABLE,1341,N,PAULINA ST,1433.0,,,,,,,2,"REPORTED, NOT EVIDENT",1.0,0.0,0.0,0.0,1.0,1.0,0.0,9,3,10,41.9062437031,-87.6698622813,POINT (-87.669862281285 41.906243703085)
37daa8c2cf3958845c754a25ab3044f40bc042b3c16ea8cc237bbbc26ff615d77496d709c6e21a790fa8b2ff8e60ce2165b1fa6f07108d6150eca4bf0ad2533e,JA124576,,01/21/2017 04:05:00 PM,30,NO CONTROLS,NO CONTROLS,CLEAR,DAYLIGHT,PARKED MOTOR VEHICLE,ONE-WAY,2.0,STRAIGHT AND LEVEL,DRY,NO DEFECTS,NOT ON SCENE (DESK REPORT),NO INJURY / DRIVE AWAY,,,,$500 OR LESS,01/21/2017 04:15:00 PM,FOLLOWING TOO CLOSELY,FAILING TO REDUCE SPEED TO AVOID CRASH,769,W,JACKSON BLVD,1232.0,,,,,,,2,NO INDICATION OF INJURY,0.0,0.0,0.0,0.0,0.0,1.0,0.0,16,7,1,41.877843584,-87.6467818341,POINT (-87.646781834111 41.877843584048)
b9a0209a6012bb056e96b314a7816abe612703ed2ff278133d4d90139e2da6dd8ef1693a9221e0092515917aa341c3c0758d7229c5562a620b9c0fe6262e57d1,JE494186,,12/31/2021 04:48:00 PM,30,NO CONTROLS,NO CONTROLS,CLEAR,"DARKNESS, LIGHTED ROAD",TURNING,NOT DIVIDED,,STRAIGHT AND LEVEL,DRY,NO DEFECTS,NOT ON SCENE (DESK REPORT),NO INJURY / DRIVE AWAY,,,Y,"OVER $1,500",12/31/2021 05:40:00 PM,FAILING TO REDUCE SPEED TO AVOID CRASH,"OPERATING VEHICLE IN ERRATIC, RECKLESS, CARELESS, NEGLIGENT OR AGGRESSIVE MANNER",6025,S,WESTERN AVE,825.0,,,,,,,2,NO INDICATION OF INJURY,0.0,0.0,0.0,0.0,0.0,2.0,0.0,16,6,12,41.7839658423,-87.6836233778,POINT (-87.683623377758 41.783965842276)
7d2a9c0c10bf0743f5ab4251604aca15a799225bb964851c72b7988c1d86caf11389162836e71e72dbdb52d58936fdca8f97fb832dff2d3faab2a25b55b6509b,JE254819,,06/05/2021 03:33:00 PM,30,NO CONTROLS,NO CONTROLS,CLEAR,DAYLIGHT,TURNING,ONE-WAY,,STRAIGHT AND LEVEL,DRY,NO DEFECTS,ON SCENE,NO INJURY / DRIVE AWAY,,,,"$501 - $1,500",06/05/2021 03:47:00 PM,UNABLE TO DETERMINE,UNABLE TO DETERMINE,111,W,MAPLE ST,1824.0,,,,,,,2,NO INDICATION OF INJURY,0.0,0.0,0.0,0.0,0.0,2.0,0.0,15,7,6,41.9017266664,-87.6318996199,POINT (-87.631899619949 41.901726666429)
f2d21b15d46ae873ace88bc2fe35f9f9b8eb7a55bd4c0d4d6ed24ab8db7bfb100128a1b09b2fa0f2f6555ba087dfb23d31148fdb7e1019273c456ce361cfe813,JD445816,,11/23/2020 10:30:00 AM,35,TRAFFIC SIGNAL,FUNCTIONING PROPERLY,CLEAR,DAYLIGHT,TURNING,ONE-WAY,,STRAIGHT AND LEVEL,UNKNOWN,UNKNOWN,NOT ON SCENE (DESK REPORT),NO INJURY / DRIVE AWAY,,,,"OVER $1,500",11/27/2020 03:00:00 PM,IMPROPER OVERTAKING/PASSING,IMPROPER OVERTAKING/PASSING,1401,S,RIDGEWAY AVE,1011.0,Y,Y,,,,,2,NO INDICATION OF INJURY,0.0,0.0,0.0,0.0,0.0,2.0,0.0,10,2,11,41.8623686934,-87.7188149559,POINT (-87.718814955857 41.862368693398)
e91e4ee3fa098ca2c12aa8822ac55b1e9b9c94e5f2c2b6ad8f2f1f532542e667d687002f038ae479454c979ff3b4e25e60628320c27a3eb542c3919184af8534,JB133689,,01/29/2018 09:00:00 AM,30,NO CONTROLS,NO CONTROLS,CLEAR,DAYLIGHT,FIXED OBJECT,NOT DIVIDED,2.0,STRAIGHT AND LEVEL,DRY,OTHER,NOT ON SCENE (DESK REPORT),NO INJURY / DRIVE AWAY,,,,"$501 - $1,500",01/29/2018 10:00:00 AM,NOT APPLICABLE,NOT APPLICABLE,451,E,LOWER WACKER DR,114.0,,,,,,,1,NO INDICATION OF INJURY,0.0,0.0,0.0,0.0,0.0,1.0,0.0,9,2,1,41.8873075801,-87.6166043788,POINT (-87.616604378819 41.88730758013)
ae6228f006e68391d05f3f6a22f8e5e4858490c7772de3e2964a2f8454bf05161a58785417f25fa3a85432aaa1d8d771ac095ac5d300c8d4227d5d5e99264ff6,JC122141,,01/18/2019 09:00:00 PM,30,TRAFFIC SIGNAL,FUNCTIONING PROPERLY,SNOW,"DARKNESS, LIGHTED ROAD",TURNING,DIVIDED - W/MEDIAN (NOT RAISED),,STRAIGHT AND LEVEL,SNOW OR SLUSH,NO DEFECTS,NOT ON SCENE (DESK REPORT),NO INJURY / DRIVE AWAY,Y,,Y,"OVER $1,500",01/18/2019 09:30:00 PM,UNABLE TO DETERMINE,NOT APPLICABLE,5900,S,GREEN ST,712.0,,,,,,,2,NO INDICATION OF INJURY,0.0,0.0,0.0,0.0,0.0,2.0,0.0,21,6,1,41.7869154945,-87.6463287126,POINT (-87.646328712622 41.786915494506)
927886844a36dbe0f5f185f7fc67496daf648c4e459aad57889d1f51c4bef1ec8be3154303979118a8304ff00e1a55958755ae4840e506c535cb405f5e2c28bd,JD166253,,02/26/2020 10:00:00 PM,10,FLASHING CONTROL SIGNAL,FUNCTIONING PROPERLY,CLEAR,"DARKNESS, LIGHTED ROAD",REAR END,DIVIDED - W/MEDIAN BARRIER,,STRAIGHT ON HILLCREST,SNOW OR SLUSH,NO DEFECTS,ON SCENE,NO INJURY / DRIVE AWAY,,,,$500 OR LESS,02/26/2020 10:20:00 PM,NOT APPLICABLE,NOT APPLICABLE,8800,S,CHICAGO SKYWAY IB,423.0,,,,,,,2,NO INDICATION OF INJURY,0.0,0.0,0.0,0.0,0.0,3.0,0.0,22,4,2,41.7352767744,-87.5665292962,POINT (-87.566529296213 41.735276774373)
54652c3f501ddf824eee78be564c8bfd457b7880befbbb5dfc494d1ccfa2d43fa46d7536065993cd8c9e74b749df17582f2c2dfba838cb7bfd9beb91ab09db95,JE237730,,05/21/2021 03:50:00 PM,30,NO CONTROLS,NO CONTROLS,CLEAR,DAYLIGHT,PEDALCYCLIST,NOT DIVIDED,,STRAIGHT AND LEVEL,DRY,NO DEFECTS,NOT ON SCENE (DESK REPORT),INJURY AND / OR TOW DUE TO CRASH,,,,"$501 - $1,500",05/21/2021 03:53:00 PM,UNABLE TO DETERMINE,NOT APPLICABLE,1,S,AUSTIN BLVD,1513.0,,,,,,,2,NONINCAPACITATING INJURY,1.0,0.0,0.0,1.0,0.0,1.0,0.0,15,6,5,41.880033142,-87.7745070975,POINT (-87.774507097482 41.88003314198)
f917876c34a2d41cddbb457accaa340c6b732e707068efdc6474b376a1e4fea7a6b861dc1acf0f5d550ec664d0ed9eef32987252634f446d5615660fd51b89ee,JC506412,,11/11/2019 08:00:00 AM,25,STOP SIGN/FLASHER,FUNCTIONING PROPERLY,SNOW,DAYLIGHT,PEDESTRIAN,ONE-WAY,,STRAIGHT AND LEVEL,SNOW OR SLUSH,NO DEFECTS,,INJURY AND / OR TOW DUE TO CRASH,Y,,Y,"OVER $1,500",11/11/2019 11:40:00 AM,FAILING TO REDUCE SPEED TO AVOID CRASH,NOT APPLICABLE,355,E,ERIE ST,1834.0,,,,,,,2,NONINCAPACITATING INJURY,1.0,0.0,0.0,1.0,0.0,1.0,0.0,8,2,11,41.8941336002,-87.6181791496,POINT (-87.61817914958 41.894133600184)
a9ef9984042d30c7862f022add70b5327fcef05bebe1adcdcd9c3b31695cbb08499454ddb7b6fc3c0f7c947b29f99e7c7be87b2e1500270d4cba0bda91f3f84e,JA422311,,09/07/2017 08:55:00 AM,40,NO CONTROLS,NO CONTROLS,CLEAR,DAYLIGHT,REAR END,RAMP,2.0,STRAIGHT AND LEVEL,DRY,NO DEFECTS,NOT ON SCENE (DESK REPORT),NO INJURY / DRIVE AWAY,,,Y,"OVER $1,500",09/07/2017 02:33:00 PM,FOLLOWING TOO CLOSELY,FAILING TO YIELD RIGHT-OF-WAY,2400,N,LAKE SHORE DR SB,1935.0,,,,,,,2,NO INDICATION OF INJURY,0.0,0.0,0.0,0.0,0.0,3.0,0.0,8,5,9,41.9261607198,-87.6315146648,POINT (-87.631514664826 41.926160719812)
e4f013c1bfa0298f71993413ac69cfd6f33e94f546af7ab3b54ff92e3ea35de061ffb6ec890ab1f066898dfd59c1e7f682879b65198984c534c65907aebc8d67,JE227761,,05/12/2021 09:45:00 AM,25,TRAFFIC SIGNAL,FUNCTIONING PROPERLY,CLEAR,DAYLIGHT,REAR END,T-INTERSECTION,,STRAIGHT AND LEVEL,UNKNOWN,UNKNOWN,NOT ON SCENE (DESK REPORT),NO INJURY / DRIVE AWAY,Y,,,"OVER $1,500",05/12/2021 02:00:00 PM,UNABLE TO DETERMINE,UNABLE TO DETERMINE,1600,E,HAYES DR,331.0,,,,,,,2,NO INDICATION OF INJURY,0.0,0.0,0.0,0.0,0.0,2.0,0.0,9,4,5,41.780732444,-87.5863709978,POINT (-87.586370997782 41.780732443959)
ad294ea6cb4ed6e60d2a9281df84089edf175b621739503e8e7a33edf8909ef8698c57cf96ee3541323f37fa48c738f4c0d4d395c3764f261f752f85e5029aa5,JD272600,,06/22/2020 03:00:00 PM,30,NO CONTROLS,NO CONTROLS,CLEAR,DAYLIGHT,REAR END,NOT DIVIDED,,STRAIGHT AND LEVEL,WET,NO DEFECTS,ON SCENE,INJURY AND / OR TOW DUE TO CRASH,,,,"OVER $1,500",06/22/2020 03:01:00 PM,FAILING TO REDUCE SPEED TO AVOID CRASH,DRIVING SKILLS/KNOWLEDGE/EXPERIENCE,13301,S,INDIANA AVE,533.0,,,,,,,2,NONINCAPACITATING INJURY,1.0,0.0,0.0,1.0,0.0,1.0,0.0,15,2,6,41.6535893266,-87.6171034029,POINT (-87.617103402901 41.653589326632)
6e51be0ca2d36c58fc339efa4cc320f139861107880dddd4b840788137f0159882ec7734443f1943c8154a9837231f90b93b1680b17e2af54c8f4d0b037d4ac5,JD474073,,12/30/2020 10:09:00 PM,30,TRAFFIC SIGNAL,FUNCTIONING PROPERLY,CLEAR,"DARKNESS, LIGHTED ROAD",REAR TO FRONT,DIVIDED - W/MEDIAN BARRIER,,STRAIGHT AND LEVEL,SNOW OR SLUSH,NO DEFECTS,NOT ON SCENE (DESK REPORT),NO INJURY / DRIVE AWAY,Y,,,"OVER $1,500",12/30/2020 10:50:00 PM,UNABLE TO DETERMINE,UNABLE TO DETERMINE,1600,E,75TH ST,324.0,,,,,,,2,NO INDICATION OF INJURY,0.0,0.0,0.0,0.0,0.0,7.0,0.0,22,4,12,41.7588777413,-87.5856824409,POINT (-87.585682440932 41.758877741252)
899ef61c8bf12b4e3fa5dba5c7f26779d1a78c35ccd676b06d265eb58279ba8a31a25a693d811025dbbc9b1b9f6e0adac2f5f05699ac85331c1aab7b4346629c,JA522465,,11/23/2017 04:42:00 AM,30,TRAFFIC SIGNAL,FUNCTIONING PROPERLY,CLEAR,"DARKNESS, LIGHTED ROAD",ANGLE,DIVIDED - W/MEDIAN (NOT RAISED),,STRAIGHT AND LEVEL,DRY,NO DEFECTS,ON SCENE,NO INJURY / DRIVE AWAY,,,Y,"OVER $1,500",11/23/2017 04:44:00 AM,IMPROPER LANE USAGE,UNABLE TO DETERMINE,4201,W,NORTH AVE,2534.0,,,,,,,2,NO INDICATION OF INJURY,0.0,0.0,0.0,0.0,0.0,2.0,0.0,4,5,11,41.9097068467,-87.7314691902,POINT (-87.73146919016 41.909706846694)
e457817276f6c2d3fa8b13bad37df793ea9d1f7df665f1ef2939eab0bb38a75f0dd8cb5e21a69c2ef0d110fc2fe47c7cb42c46b7c8809622227412c55fe60f34,JD105804,,01/06/2020 07:58:00 AM,30,TRAFFIC SIGNAL,FUNCTIONING PROPERLY,CLEAR,DAYLIGHT,SIDESWIPE SAME DIRECTION,NOT DIVIDED,,STRAIGHT AND LEVEL,DRY,NO DEFECTS,NOT ON SCENE (DESK REPORT),NO INJURY / DRIVE AWAY,,,,$500 OR LESS,01/06/2020 08:15:00 AM,IMPROPER BACKING,NOT APPLICABLE,1,W,35TH ST,213.0,,,,,,,2,NO INDICATION OF INJURY,0.0,0.0,0.0,0.0,0.0,2.0,0.0,7,2,1,41.8309022403,-87.6266942964,POINT (-87.626694296372 41.830902240336)
69b2add9db1c84708b184bcaa4af864fdec262488abe6a911aa15da5b811195fdd9d9f17d8996051588ba567f1aef5e08d3d5c9e43a8ff94611ea3c0bdfd0192,JB510429,,11/09/2018 11:00:00 PM,10,UNKNOWN,UNKNOWN,CLEAR,DARKNESS,ANGLE,ONE-WAY,,STRAIGHT AND LEVEL,DRY,NO DEFECTS,NOT ON SCENE (DESK REPORT),NO INJURY / DRIVE AWAY,,,Y,$500 OR LESS,11/10/2018 12:20:00 AM,FAILING TO YIELD RIGHT-OF-WAY,NOT APPLICABLE,331,S,HAMLIN BLVD,1133.0,,,,,,,2,NO INDICATION OF INJURY,0.0,0.0,0.0,0.0,0.0,2.0,0.0,23,6,11,41.8762380572,-87.7202092783,POINT (-87.72020927828 41.876238057238)
fac93c52b5f8c82c132a572b079e06d187652cdc18650b10ad781736148bce1b673379d23fad2a452796d823b84b6fa13bbec77970bb7a889812ead1305ae583,HZ365452,,07/26/2016 03:00:00 PM,30,NO CONTROLS,NO CONTROLS,CLEAR,DAYLIGHT,REAR END,NOT DIVIDED,2.0,STRAIGHT AND LEVEL,DRY,NO DEFECTS,NOT ON SCENE (DESK REPORT),NO INJURY / DRIVE AWAY,,,,"$501 - $1,500",07/26/2016 03:30:00 PM,UNABLE TO DETERMINE,UNABLE TO DETERMINE,300,N,RACINE AVE,1215.0,,,,,,,2,NO INDICATION OF INJURY,0.0,0.0,0.0,0.0,0.0,2.0,0.0,15,3,7,41.8867246137,-87.6569860308,POINT (-87.656986030816 41.8867246137)
9e8f1c2ce29cf1037cabf7a7c021b8c76d7ee6d141e92551278a98d02b48506225ddbe2f0f84e3bf0c33df0c1f87eded3e82219cc26b6bf9a4d0e8856fe60504,HY513432,,11/24/2015 01:15:00 PM,30,TRAFFIC SIGNAL,FUNCTIONING PROPERLY,CLEAR,DAYLIGHT,REAR END,OTHER,0.0,STRAIGHT ON HILLCREST,DRY,NO DEFECTS,NOT ON SCENE (DESK REPORT),NO INJURY / DRIVE AWAY,Y,,,"$501 - $1,500",11/24/2015 02:00:00 PM,UNABLE TO DETERMINE,NOT APPLICABLE,801,W,NORTH AVE,1822.0,,,,,,,2,NO INDICATION OF INJURY,0.0,0.0,0.0,0.0,0.0,3.0,0.0,13,3,11,41.9108090166,-87.6483303252,POINT (-87.648330325234 41.910809016625)
b0c32507fe8ec65055646106b51dd76d61bbd2f26561fe5dfe6f7650e158d77da9066e0ef3910fe719a96bdc187230db3cc86a523c0e452692327693ad75b03c,JC513646,,11/17/2019 06:45:00 AM,30,STOP SIGN/FLASHER,FUNCTIONING PROPERLY,CLEAR,DAYLIGHT,REAR END,NOT DIVIDED,,STRAIGHT AND LEVEL,DRY,NO DEFECTS,ON SCENE,NO INJURY / DRIVE AWAY,,,Y,"OVER $1,500",11/17/2019 06:50:00 AM,FAILING TO YIELD RIGHT-OF-WAY,NOT APPLICABLE,4531,W,59TH ST,813.0,,,,,,,2,NO INDICATION OF INJURY,0.0,0.0,0.0,0.0,0.0,2.0,0.0,6,1,11,41.7856887556,-87.7363532428,POINT (-87.736353242802 41.78568875557)
30ea16a3f07e5622c83c17a989ce0eaf2edc1b8158caf58acf2c65a0c20784945a07ed85a9eda7fbf255764419456d26f3b6b26942c614e3c7958412b0727c4a,JE422316,,10/25/2021 04:40:00 PM,30,UNKNOWN,UNKNOWN,UNKNOWN,UNKNOWN,SIDESWIPE SAME DIRECTION,UNKNOWN,,STRAIGHT AND LEVEL,UNKNOWN,UNKNOWN,NOT ON SCENE (DESK REPORT),NO INJURY / DRIVE AWAY,,,,"OVER $1,500",10/25/2021 06:45:00 PM,UNABLE TO DETERMINE,NOT APPLICABLE,6527,N,HARLEM AVE,1611.0,,,,,,,2,NO INDICATION OF INJURY,0.0,0.0,0.0,0.0,0.0,2.0,0.0,16,2,10,41.9994611496,-87.8066271852,POINT (-87.806627185234 41.999461149565)
c796076d25bb21e48f2c9f0171f948f749dd38d9cf063d2cc2da1a1156363c59fe444f743349d7c520ec4f69696e6c94e1720258c28bf5780694492764fc1221,JA492700,,10/31/2017 07:40:00 AM,25,STOP SIGN/FLASHER,FUNCTIONING PROPERLY,CLEAR,DAYLIGHT,SIDESWIPE SAME DIRECTION,ONE-WAY,1.0,STRAIGHT AND LEVEL,DRY,NO DEFECTS,ON SCENE,NO INJURY / DRIVE AWAY,Y,,,"OVER $1,500",10/31/2017 07:45:00 AM,DISTRACTION - FROM INSIDE VEHICLE,IMPROPER LANE USAGE,500,S,KEELER AVE,1132.0,Y,Y,,,,,2,NO INDICATION OF INJURY,0.0,0.0,0.0,0.0,0.0,2.0,0.0,7,3,10,41.8742844973,-87.730492296,POINT (-87.730492296035 41.874284497303)
1929aa46746541b1be70a1b68ed36a9cd82d9c7cbb12cb2f8cabbde5c0bbb0faa5d400f424c85afd799e90c0d0e966f2b7eabbe73e0d2fb6d03d24da9378d2ae,JF264348,,06/01/2022 10:10:00 PM,30,NO CONTROLS,NO CONTROLS,CLEAR,"DARKNESS, LIGHTED ROAD",PARKED MOTOR VEHICLE,ONE-WAY,,STRAIGHT AND LEVEL,DRY,NO DEFECTS,ON SCENE,NO INJURY / DRIVE AWAY,,,,"OVER $1,500",06/01/2022 10:45:00 PM,IMPROPER OVERTAKING/PASSING,NOT APPLICABLE,2058,N,KENMORE AVE,1811.0,,,,,,,2,NO INDICATION OF INJURY,0.0,0.0,0.0,0.0,0.0,1.0,0.0,22,4,6,41.9198120233,-87.6547881407,POINT (-87.654788140696 41.919812023277)
43fbce1c24eb0dbad59811b6ebe11905a96bf7206a2e56a13c3e9af213768268115fc882a1a3c8e6421100b0975e8ba9db23e4060e5ea8946ee16cede85e35b3,HY452611,,10/07/2015 07:00:00 AM,0,NO CONTROLS,NO CONTROLS,CLEAR,DAYLIGHT,TURNING,PARKING LOT,,STRAIGHT AND LEVEL,DRY,UNKNOWN,NOT ON SCENE (DESK REPORT),NO INJURY / DRIVE AWAY,,Y,,"$501 - $1,500",10/07/2015 07:45:00 AM,NOT APPLICABLE,NOT APPLICABLE,3200,N,KIMBALL AVE,1732.0,,,,,,,2,NO INDICATION OF INJURY,0.0,0.0,0.0,0.0,0.0,2.0,0.0,7,4,10,41.9393196632,-87.7126412851,POINT (-87.712641285082 41.939319663188)
ca855824b3fab7d408affc77bf4b9af7e47549e1d8d75bc2f303ff7a0f0adb0ab1ca076845216fb994c619735931700701dd6b17be92f1df5ef700cbc1d83010,JA512585,,11/15/2017 04:30:00 AM,30,TRAFFIC SIGNAL,FUNCTIONING PROPERLY,RAIN,"DARKNESS, LIGHTED ROAD",REAR END,DIVIDED - W/MEDIAN (NOT RAISED),,STRAIGHT AND LEVEL,WET,NO DEFECTS,NOT ON SCENE (DESK REPORT),NO INJURY / DRIVE AWAY,,,,"OVER $1,500",11/15/2017 11:10:00 AM,FOLLOWING TOO CLOSELY,UNABLE TO DETERMINE,6399,N,LEHIGH AVE,1621.0,,,,,,,2,NO INDICATION OF INJURY,0.0,0.0,0.0,0.0,0.0,3.0,0.0,4,4,11,41.9973552647,-87.7656139104,POINT (-87.765613910366 41.997355264704)
e1f1efe638b5022ac7a31521ec9fee17eec631abebf62544ece724e0dbdbf14c6fdff55d54cf7673751e2547a19bfe7527d4bb6f2fb6bddba4c348fbdece510b,HY411335,,09/05/2015 09:20:00 AM,30,NO CONTROLS,NO CONTROLS,CLEAR,DAYLIGHT,ANGLE,NOT DIVIDED,2.0,STRAIGHT ON GRADE,DRY,NO DEFECTS,NOT ON SCENE (DESK REPORT),NO INJURY / DRIVE AWAY,,,,"OVER $1,500",09/05/2015 09:25:00 AM,EXCEEDING AUTHORIZED SPEED LIMIT,FAILING TO REDUCE SPEED TO AVOID CRASH,1647,W,PRATT BLVD,2432.0,,,,,,,2,NO INDICATION OF INJURY,0.0,0.0,0.0,0.0,0.0,2.0,0.0,9,7,9,42.0052459229,-87.6718431787,POINT (-87.671843178749 42.005245922929)
d4682d07d0716156242bb670ddf460f92e3c665ddb69336b79c8efa5affb3f0eea6b55db2def02696f32577915adf043718eabf9b3cf2c605eac1945456f6777,JB498830,,10/31/2018 02:20:00 PM,30,TRAFFIC SIGNAL,FUNCTIONING PROPERLY,CLEAR,DAYLIGHT,SIDESWIPE SAME DIRECTION,NOT DIVIDED,2.0,STRAIGHT AND LEVEL,DRY,NO DEFECTS,NOT ON SCENE (DESK REPORT),NO INJURY / DRIVE AWAY,,,,"$501 - $1,500",11/01/2018 09:45:00 AM,EQUIPMENT - VEHICLE CONDITION,UNABLE TO DETERMINE,771,N,MILWAUKEE AVE,1214.0,,,,,,,2,NO INDICATION OF INJURY,0.0,0.0,0.0,0.0,0.0,2.0,0.0,14,4,10,41.8959157497,-87.6546898116,POINT (-87.654689811561 41.895915749684)
4b02e9d919caf01bb8b902407cecd84db619080a6ae462205880df6840e1fc445170dd75fbfa163c6d252ae38d81d450feb7304c1efc010cef964d607a8675b9,JC467414,,10/10/2019 12:10:00 PM,30,TRAFFIC SIGNAL,FUNCTIONING PROPERLY,CLEAR,DAYLIGHT,REAR END,DIVIDED - W/MEDIAN (NOT RAISED),,STRAIGHT AND LEVEL,DRY,UNKNOWN,NOT ON SCENE (DESK REPORT),NO INJURY / DRIVE AWAY,,,,"$501 - $1,500",10/10/2019 01:56:00 PM,UNABLE TO DETERMINE,UNABLE TO DETERMINE,6200,N,WESTERN AVE,2413.0,,,,,,,2,NO INDICATION OF INJURY,0.0,0.0,0.0,0.0,0.0,2.0,0.0,12,5,10,41.9941811771,-87.6899142192,POINT (-87.689914219179 41.994181177113)
065124d6e27c90b519aabc1c99c62645263f30a0a00b6a926d6d5e306cb8bc4955f2bdc8acd7c20bc5c195233ba1de98e7cb4df81f2e47661b421c37800bfa20,JG330608,,07/06/2023 06:15:00 PM,35,OTHER,FUNCTIONING PROPERLY,UNKNOWN,UNKNOWN,REAR TO FRONT,NOT DIVIDED,,STRAIGHT AND LEVEL,UNKNOWN,UNKNOWN,NOT ON SCENE (DESK REPORT),NO INJURY / DRIVE AWAY,,,,$500 OR LESS,07/06/2023 08:25:00 PM,IMPROPER BACKING,FAILING TO REDUCE SPEED TO AVOID CRASH,200,E,CERMAK RD,132.0,,,,,,,2,NO INDICATION OF INJURY,0.0,0.0,0.0,0.0,0.0,2.0,0.0,18,5,7,41.8529978327,-87.6221944794,POINT (-87.622194479362 41.852997832724)
7e386256c81ce406a62825b915bb4dc63d31190f16bffd213d170294d43df72f93bd62d8a5103442aab3590c4c238c8754361493b54cf85af7885ff0e8c510c7,JB301345,,06/10/2018 06:08:00 PM,30,TRAFFIC SIGNAL,FUNCTIONING PROPERLY,CLOUDY/OVERCAST,DAYLIGHT,ANGLE,NOT DIVIDED,4.0,STRAIGHT AND LEVEL,WET,NO DEFECTS,ON SCENE,INJURY AND / OR TOW DUE TO CRASH,Y,,Y,"OVER $1,500",06/10/2018 06:10:00 PM,DISREGARDING OTHER TRAFFIC SIGNS,UNABLE TO DETERMINE,2400,W,PERSHING RD,911.0,,,,,,,2,NO INDICATION OF INJURY,0.0,0.0,0.0,0.0,0.0,4.0,0.0,18,1,6,41.8230967602,-87.6850189506,POINT (-87.685018950616 41.823096760166)
7bc0142ed2a90fbeb1baec9a3aaf3e33c404a04e01248def81e88ab4a847cbc6cd5a107db349145645fdb01549a62440b85999bb96d625e0e4430eac4732bbf0,JG354021,Y,07/23/2023 02:00:00 PM,30,NO CONTROLS,NO CONTROLS,CLEAR,DAYLIGHT,PARKED MOTOR VEHICLE,ONE-WAY,,STRAIGHT AND LEVEL,DRY,NO DEFECTS,NOT ON SCENE (DESK REPORT),NO INJURY / DRIVE AWAY,,,Y,"OVER $1,500",07/24/2023 12:54:00 PM,UNABLE TO DETERMINE,UNABLE TO DETERMINE,8445,S,HERMITAGE AVE,614.0,,,,,,,2,NO INDICATION OF INJURY,0.0,0.0,0.0,0.0,0.0,1.0,0.0,14,1,7,41.7398712648,-87.6666723616,POINT (-87.666672361589 41.739871264797)