CRASH_RECORD_ID,RD_NO,CRASH_DATE_EST_I,CRASH_DATE,POSTED_SPEED_LIMIT,TRAFFIC_CONTROL_DEVICE,DEVICE_CONDITION,WEATHER_CONDITION,LIGHTING_CONDITION,FIRST_CRASH_TYPE,TRAFFICWAY_TYPE,LANE_CNT,ALIGNMENT,ROADWAY_SURFACE_COND,ROAD_DEFECT,REPORT_TYPE,CRASH_TYPE,INTERSECTION_RELATED_I,NOT_RIGHT_OF_WAY_I,HIT_AND_RUN_I,DAMAGE,DATE_POLICE_NOTIFIED,PRIM_CONTRIBUTORY_CAUSE,SEC_CONTRIBUTORY_CAUSE,STREET_NO,STREET_DIRECTION,STREET_NAME,BEAT_OF_OCCURRENCE,PHOTOS_TAKEN_I,STATEMENTS_TAKEN_I,DOORING_I,WORK_ZONE_I,WORK_ZONE_TYPE,WORKERS_PRESENT_I,NUM_UNITS,MOST_SEVERE_INJURY,INJURIES_TOTAL,INJURIES_FATAL,INJURIES_INCAPACITATING,INJURIES_NON_INCAPACITATING,INJURIES_REPORTED_NOT_EVIDENT,INJURIES_NO_INDICATION,INJURIES_UNKNOWN,CRASH_HOUR,CRASH_DAY_OF_WEEK,CRASH_MONTH,LATITUDE,LONGITUDE,LOCATION
3853559310f5d2dfaf8544640c6d8493f4f006ea3807ecccb860256886c011d340904b5cac6359b57767e707fe99869fd5fb7c5704ac475bac4f666d7a802b28,JB320258,,06/24/2018 07:35:00 AM,30,TRAFFIC SIGNAL,FUNCTIONING PROPERLY,CLEAR,"DARKNESS, LIGHTED ROAD",TURNING,DIVIDED - W/MEDIAN BARRIER,0.0,STRAIGHT AND LEVEL,DRY,NO DEFECTS,ON SCENE,INJURY AND / OR TOW DUE TO CRASH,Y,,,"OVER $1,500",06/24/2018 07:39:00 AM,FAILING TO YIELD RIGHT-OF-WAY,FAILING TO REDUCE SPEED TO AVOID CRASH,119,S,LOWER WACKER DR,122.0,,,,,,,2,NO INDICATION OF INJURY,0.0,0.0,0.0,0.0,0.0,4.0,0.0,7,1,6,41.8801512825,-87.6365387163,POINT (-87.636538716287 41.880151282512)
348129b9067a562359fdc1518a33c1f425bece9efe4f8a3687591cf33c6891d3d51eb25f16468bb0a0d342533553ed711856998d5f95d0a912c3cd106e262a59,JG284507,,06/02/2023 01:21:00 AM,30,TRAFFIC SIGNAL,FUNCTIONING PROPERLY,CLEAR,"DARKNESS, LIGHTED ROAD",SIDESWIPE OPPOSITE DIRECTION,DIVIDED - W/MEDIAN BARRIER,,STRAIGHT AND LEVEL,DRY,NO DEFECTS,ON SCENE,NO INJURY / DRIVE AWAY,Y,,,"OVER $1,500",06/02/2023 01:21:00 AM,DRIVING ON WRONG SIDE/WRONG WAY,NOT APPLICABLE,3858,W,CERMAK RD,1014.0,,,,,,,2,NO INDICATION OF INJURY,0.0,0.0,0.0,0.0,0.0,3.0,0.0,1,6,6,41.8516920935,-87.7222246227,POINT (-87.722224622712 41.851692093502)
c9eb6a379c4b964cd3a2dc59dcb0307b7ebd150c85d71473ec8a4808e76db6b73cf911eadba59a1e80f7a422b7e06437942b4e403f1febc9e70c2a0c151213ee,JA420688,,09/06/2017 09:57:00 AM,30,TRAFFIC SIGNAL,FUNCTIONING PROPERLY,CLEAR,DAYLIGHT,PEDESTRIAN,DIVIDED - W/MEDIAN (NOT RAISED),4.0,STRAIGHT AND LEVEL,DRY,NO DEFECTS,ON SCENE,INJURY AND / OR TOW DUE TO CRASH,Y,,,$500 OR LESS,09/06/2017 10:00:00 AM,IMPROPER TURNING/NO SIGNAL,NOT APPLICABLE,757,S,ASHLAND AVE,1231.0,,,,,,,2,NONINCAPACITATING INJURY,1.0,0.0,0.0,1.0,0.0,1.0,0.0,9,4,9,41.8716945376,-87.6663860412,POINT (-87.666386041197 41.871694537644)
7373354c9a9632460e5f717e2c07f91370fe0182d172fbc0615f36ed09e8af183420dff9652f1a68ad17490269b7ce258e89ade69eb26710f4d1ce2946b1738b,HZ414424,,08/31/2016 07:20:00 AM,35,TRAFFIC SIGNAL,FUNCTIONING PROPERLY,CLEAR,DAYLIGHT,REAR END,DIVIDED - W/MEDIAN (NOT RAISED),4.0,STRAIGHT AND LEVEL,DRY,NO DEFECTS,NOT ON SCENE (DESK REPORT),NO INJURY / DRIVE AWAY,,,,"$501 - $1,500",08/31/2016 07:40:00 AM,DISTRACTION - FROM INSIDE VEHICLE,NOT APPLICABLE,6057,S,WESTERN AVE,825.0,,,,,,,2,NO INDICATION OF INJURY,0.0,0.0,0.0,0.0,0.0,2.0,0.0,7,4,8,41.7830611377,-87.6835988697,POINT (-87.683598869666 41.783061137661)
f6eefe60694a5a3efea58a928c2e8cc97c1fa5172632e51a97ce733a68b6bf53895a4f0dca1c5d63385b03329c2c30a50fc47508badd9ea4ccc1b954b59f5d20,JD246036,,05/28/2020 01:00:00 PM,30,TRAFFIC SIGNAL,FUNCTIONING PROPERLY,CLEAR,DAYLIGHT,TURNING,DIVIDED - W/MEDIAN (NOT RAISED),,STRAIGHT AND LEVEL,DRY,NO DEFECTS,NOT ON SCENE (DESK REPORT),NO INJURY / DRIVE AWAY,,,Y,"$501 - $1,500",05/28/2020 10:40:00 PM,UNABLE TO DETERMINE,UNABLE TO DETERMINE,4200,S,CICERO AVE,814.0,,,,,,,2,NO INDICATION OF INJURY,0.0,0.0,0.0,0.0,0.0,2.0,0.0,13,5,5,41.8167293867,-87.7435367125,POINT (-87.743536712476 41.816729386747)
2c174edb63bcbea5e97193841006e730ef0dc779478e5f7acf2bc3445a8c1a9c3266ed306173fdca5cb51b1d49e876dba5ec3ea3e2f9f62d4cc1e5150e6be8c0,HZ346693,,07/12/2016 06:30:00 PM,30,NO CONTROLS,NO CONTROLS,CLEAR,DAYLIGHT,PARKED MOTOR VEHICLE,ONE-WAY,1.0,STRAIGHT AND LEVEL,DRY,NO DEFECTS,NOT ON SCENE (DESK REPORT),NO INJURY / DRIVE AWAY,,,,"OVER $1,500",07/12/2016 09:47:00 PM,UNABLE TO DETERMINE,UNABLE TO DETERMINE,4833,N,SPRINGFIELD AVE,1712.0,,,,,,,2,NO INDICATION OF INJURY,0.0,0.0,0.0,0.0,0.0,1.0,0.0,18,3,7,41.9693131138,-87.7254844196,POINT (-87.725484419557 41.969313113798)
2cfa66f3ebb8c683a6c970df99fb8dbe910341110cda934e61f061d85231a435cb3d14b2a4b71c31236eab0a134bffe821204eee0b9cc23c59d67ad8cc3d933c,JC363649,,07/25/2019 08:45:00 AM,30,NO CONTROLS,NO CONTROLS,CLEAR,DAYLIGHT,REAR END,NOT DIVIDED,,STRAIGHT AND LEVEL,DRY,NO DEFECTS,ON SCENE,INJURY AND / OR TOW DUE TO CRASH,,,,"OVER $1,500",07/25/2019 08:45:00 AM,FAILING TO REDUCE SPEED TO AVOID CRASH,FAILING TO YIELD RIGHT-OF-WAY,6835,W,IRVING PARK RD,1632.0,,Y,,,,,2,NO INDICATION OF INJURY,0.0,0.0,0.0,0.0,0.0,2.0,0.0,8,5,7,41.9526335154,-87.797626746,POINT (-87.797626746049 41.952633515373)
c2b1e6c35ceeb5de767dda59e513dc4e1917681812f8a869956320e1eb88e3f22a2d5e559014e30464863512fad88953e22f8da00096387d4b3d7ecaddf5e87c,JE273557,,06/20/2021 07:00:00 PM,15,NO CONTROLS,NO CONTROLS,CLEAR,"DARKNESS, LIGHTED ROAD",PARKED MOTOR VEHICLE,PARKING LOT,,STRAIGHT AND LEVEL,DRY,NO DEFECTS,ON SCENE,NO INJURY / DRIVE AWAY,,,Y,"OVER $1,500",06/20/2021 08:00:00 PM,UNABLE TO DETERMINE,NOT APPLICABLE,517,W,OHARE ST,1654.0,,,,,,,2,NO INDICATION OF INJURY,0.0,0.0,0.0,0.0,0.0,1.0,0.0,19,1,6,,,
b3e44fd583a95db6add28f0c85cb36a86359cab1c972b8082e1a42d64f14961af524d6b0a2430b5b5943b410c29d9362ec2240349070b436dc5ae5bfb4e00121,JA274673,,05/18/2017 03:30:00 PM,25,TRAFFIC SIGNAL,FUNCTIONING PROPERLY,CLEAR,DAYLIGHT,REAR END,DIVIDED - W/MEDIAN (NOT RAISED),4.0,STRAIGHT AND LEVEL,DRY,NO DEFECTS,NOT ON SCENE (DESK REPORT),NO INJURY / DRIVE AWAY,,,,"$501 - $1,500",05/22/2017 04:14:00 PM,UNABLE TO DETERMINE,UNABLE TO DETERMINE,1,W,SUPERIOR ST,1832.0,,,,,,,2,NO INDICATION OF INJURY,0.0,0.0,0.0,0.0,0.0,2.0,0.0,15,5,5,41.8955683487,-87.6282518615,POINT (-87.628251861473 41.895568348703)
618b5dd020682556c04c0a21cf369c564da2b583f0c56f3cafc74838c5b8d91645c35bfd8dddc98b0e7cf2d8326bf440be0acae86ccf72158f08ad0a02f55ccc,JC187504,,03/14/2019 03:45:00 PM,30,NO CONTROLS,NO CONTROLS,CLEAR,DAYLIGHT,SIDESWIPE SAME DIRECTION,NOT DIVIDED,,STRAIGHT AND LEVEL,DRY,NO DEFECTS,NOT ON SCENE (DESK REPORT),NO INJURY / DRIVE AWAY,,,,"$501 - $1,500",03/16/2019 09:45:00 AM,IMPROPER LANE USAGE,UNABLE TO DETERMINE,634,N,ST CLAIR ST,1834.0,,,,,,,2,NO INDICATION OF INJURY,0.0,0.0,0.0,0.0,0.0,3.0,0.0,15,5,3,41.893542402,-87.6228703813,POINT (-87.622870381329 41.893542401974)
4ae929e0ed035e098052d41a886d3469b5ca87e52419da16f92c0d4ac2de6ef1bf0fdb2e09a50cdb37e6d98a1c86324a5ec988716909e2f298b5a8b55969f82b,JA123503,,01/20/2017 06:20:00 PM,25,TRAFFIC SIGNAL,FUNCTIONING PROPERLY,CLEAR,"DARKNESS, LIGHTED ROAD",TURNING,DIVIDED - W/MEDIAN (NOT RAISED),4.0,STRAIGHT AND LEVEL,DRY,NO DEFECTS,,NO INJURY / DRIVE AWAY,,,,"$501 - $1,500",01/20/2017 07:20:00 PM,UNABLE TO DETERMINE,UNABLE TO DETERMINE,7201,S,CICERO AVE,833.0,,,,,,,2,NO INDICATION OF INJURY,0.0,0.0,0.0,0.0,0.0,2.0,0.0,18,6,1,41.7618480636,-87.7416706473,POINT (-87.741670647349 41.761848063557)
d527cffeaa325e3a9422419882b05fd95d75d3fe89f7808ef01ef24dd1386f59c39df8c7a0d878d1774236f5b8022d413824044f2922d0780838e2f2b0ca1ac8,JF311801,,07/10/2022 01:58:00 AM,25,STOP SIGN/FLASHER,NO CONTROLS,CLEAR,"DARKNESS, LIGHTED ROAD",ANGLE,UNKNOWN INTERSECTION TYPE,,STRAIGHT AND LEVEL,DRY,NO DEFECTS,ON SCENE,INJURY AND / OR TOW DUE TO CRASH,,,,"OVER $1,500",07/10/2022 02:00:00 AM,UNABLE TO DETERMINE,UNABLE TO DETERMINE,11256,S,AVENUE O,433.0,,,,,,,2,NO INDICATION OF INJURY,0.0,0.0,0.0,0.0,0.0,2.0,0.0,1,1,7,41.6901928696,-87.5402489976,POINT (-87.540248997594 41.690192869551)
ea61693983e6ec5c9e51f31f13d3ab17fd8df44c81051926bbe16a59f89a422cc25d3640e8c6dda9a9c1c8fb669ae3f89b4a01b13c6572f0343ee99d4bafc404,JC159739,,02/20/2019 06:10:00 PM,30,NO CONTROLS,NO CONTROLS,CLEAR,DAYLIGHT,REAR END,NOT DIVIDED,,STRAIGHT AND LEVEL,WET,NO DEFECTS,NOT ON SCENE (DESK REPORT),NO INJURY / DRIVE AWAY,,,,"OVER $1,500",02/20/2019 06:15:00 PM,UNABLE TO DETERMINE,UNABLE TO DETERMINE,6029,N,LINCOLN AVE,2413.0,,,,,,,2,NO INDICATION OF INJURY,0.0,0.0,0.0,0.0,0.0,2.0,0.0,18,4,2,41.9909848108,-87.7081223318,POINT (-87.708122331797 41.990984810787)
7b4f1a7b3a21f18eb964cd3e0f5415fdb63faeb81852379d8cf84dd49347d7408318b6d166eb3c07e51f38a57e207a099d0929a82357eeebb7a580b50960bdb0,JE296351,,07/09/2021 11:42:00 PM,30,TRAFFIC SIGNAL,FUNCTIONING PROPERLY,CLEAR,"DARKNESS, LIGHTED ROAD",REAR END,NOT DIVIDED,,STRAIGHT AND LEVEL,DRY,NO DEFECTS,,NO INJURY / DRIVE AWAY,,,Y,"OVER $1,500",07/10/2021 12:10:00 AM,FAILING TO REDUCE SPEED TO AVOID CRASH,NOT APPLICABLE,4999,S,ARCHER AVE,821.0,,,,,,,2,NO INDICATION OF INJURY,0.0,0.0,0.0,0.0,0.0,2.0,0.0,23,6,7,41.8023296737,-87.7231725111,POINT (-87.723172511091 41.802329673703)
6e6dfd7546168622a2416e6ff5deec6cdb0956a01e3535c60fb2de2528332b0041a6ad2ef6ce16964db315f78a50bcc8bd203ccbe182bf0e498efe6eca8e4079,JF353267,Y,08/11/2022 12:01:00 AM,30,NO CONTROLS,NO CONTROLS,UNKNOWN,UNKNOWN,PARKED MOTOR VEHICLE,ONE-WAY,,STRAIGHT AND LEVEL,DRY,NO DEFECTS,NOT ON SCENE (DESK REPORT),NO INJURY / DRIVE AWAY,,,Y,"$501 - $1,500",08/11/2022 07:15:00 PM,UNABLE TO DETERMINE,UNABLE TO DETERMINE,2011,N,LA CROSSE AVE,2522.0,,,,,,,2,NO INDICATION OF INJURY,0.0,0.0,0.0,0.0,0.0,1.0,0.0,0,5,8,41.9172868977,-87.7473021362,POINT (-87.747302136196 41.917286897669)
7ad98dc29bce185570adf863658d38e8eccd0e90c954fe55272e2c34c2f5d3d29ed54543d34752f54a486bb00f7bc16a8e14f1b03558347676c68f6b96a36545,JB553994,,12/15/2018 02:48:00 AM,30,STOP SIGN/FLASHER,NO CONTROLS,FOG/SMOKE/HAZE,"DARKNESS, LIGHTED ROAD",TURNING,NOT DIVIDED,2.0,STRAIGHT AND LEVEL,DRY,UNKNOWN,ON SCENE,NO INJURY / DRIVE AWAY,Y,,,"OVER $1,500",12/15/2018 02:51:00 AM,DISREGARDING STOP SIGN,UNABLE TO DETERMINE,7100,S,INGLESIDE AVE,324.0,,,,,,,2,NO INDICATION OF INJURY,0.0,0.0,0.0,0.0,0.0,3.0,0.0,2,7,12,41.7657359188,-87.6020614119,POINT (-87.602061411944 41.765735918808)
6d655c8b195de8d5eee0d719503372c4477636212a10615b402c73bf21b63373ada9e2bfc76f027748b1d3a300a9988f6fba9e4140c2e9199112245a9b2e73a9,JF460189,,11/03/2022 05:05:00 AM,30,TRAFFIC SIGNAL,FUNCTIONING IMPROPERLY,CLEAR,DARKNESS,REAR END,DIVIDED - W/MEDIAN (NOT RAISED),,STRAIGHT AND LEVEL,DRY,NO DEFECTS,NOT ON SCENE (DESK REPORT),INJURY AND / OR TOW DUE TO CRASH,,,Y,"$501 - $1,500",11/03/2022 06:05:00 AM,UNABLE TO DETERMINE,UNABLE TO DETERMINE,13000,S,TORRENCE AVE,434.0,,,,,,,2,"REPORTED, NOT EVIDENT",1.0,0.0,0.0,0.0,1.0,1.0,0.0,5,5,11,41.6591261899,-87.5594327419,POINT (-87.559432741943 41.659126189932)
4061c906dcfd144df819ae483f3a9ffde15ab0e41ac117dec899d33dd582df66bbba80cdd3947c989b71dc2d67be711604b9a9134e69d1ec1bad5db8f2166127,JC425113,,09/08/2019 05:23:00 PM,30,NO CONTROLS,NO CONTROLS,CLEAR,DAYLIGHT,TURNING,DIVIDED - W/MEDIAN (NOT RAISED),,STRAIGHT AND LEVEL,DRY,NO DEFECTS,NOT ON SCENE (DESK REPORT),NO INJURY / DRIVE AWAY,,,,"OVER $1,500",09/08/2019 05:41:00 PM,UNABLE TO DETERMINE,NOT APPLICABLE,6000,W,ADDISON ST,1633.0,,Y,,,,,2,NO INDICATION OF INJURY,0.0,0.0,0.0,0.0,0.0,6.0,0.0,17,1,9,41.9458796756,-87.7766274209,POINT (-87.776627420937 41.945879675591)
5b3e2fa2b94534c7d4249ce65c4feb60b29ca0bd8cf6b4b1e715ca20f4857a6e6ed313e6cb3a6d3c50ccd977a4baced71777b1dd8c66c8633edd81ec0c5c0bcd,JG164056,,02/23/2023 06:30:00 AM,35,TRAFFIC SIGNAL,FUNCTIONING PROPERLY,CLEAR,DAWN,SIDESWIPE OPPOSITE DIRECTION,NOT DIVIDED,,STRAIGHT AND LEVEL,DRY,NO DEFECTS,NOT ON SCENE (DESK REPORT),NO INJURY / DRIVE AWAY,,,,"$501 - $1,500",02/24/2023 11:00:00 AM,DRIVING SKILLS/KNOWLEDGE/EXPERIENCE,UNABLE TO DETERMINE,7901,S,STONY ISLAND AVE,411.0,,,,,,,2,NO INDICATION OF INJURY,0.0,0.0,0.0,0.0,0.0,2.0,0.0,6,5,2,41.7514429054,-87.5855058933,POINT (-87.585505893341 41.751442905351)
877ae14be117055296553122ab87c8f49c48fbc58b24d1a759154bc74301452e543f31d09aafa1910f3f726f8dc83d60f4c32a97a40b20adefe4a8b978df9159,JC356323,,07/16/2019 07:30:00 AM,30,NO CONTROLS,NO CONTROLS,CLEAR,DAYLIGHT,PARKED MOTOR VEHICLE,NOT DIVIDED,,STRAIGHT AND LEVEL,DRY,NO DEFECTS,NOT ON SCENE (DESK REPORT),NO INJURY / DRIVE AWAY,,,,$500 OR LESS,07/19/2019 11:44:00 PM,IMPROPER TURNING/NO SIGNAL,UNABLE TO DETERMINE,444,W,FULLERTON PKWY,1935.0,,,,,,,2,NO INDICATION OF INJURY,0.0,0.0,0.0,0.0,0.0,1.0,0.0,7,3,7,41.9256872635,-87.6409582396,POINT (-87.640958239588 41.925687263511)
9eddedf6aa2770867c0f92d3a781a5c87820ce40b8cbd9c1ed1cd2a0e955b0bee9dfdee0b8c3e79c4b37118c93e7faeb87b69364c20e4c1944459372b7052197,HZ195958,Y,03/21/2016 03:30:00 PM,30,NO CONTROLS,NO CONTROLS,CLEAR,DAYLIGHT,PARKED MOTOR VEHICLE,NOT DIVIDED,2.0,"CURVE, LEVEL",DRY,NO DEFECTS,NOT ON SCENE (DESK REPORT),NO INJURY / DRIVE AWAY,,,,"OVER $1,500",03/21/2016 06:30:00 PM,IMPROPER LANE USAGE,IMPROPER LANE USAGE,1848,S,SACRAMENTO DR,1022.0,,,,,,,3,NO INDICATION OF INJURY,0.0,0.0,0.0,0.0,0.0,2.0,0.0,15,2,3,41.8562454586,-87.7003007806,POINT (-87.70030078059 41.856245458561)
e35d9d6f66e4ebfaec8e02024b83c2d1cd96f5acd897fb26b4f15db2294e3ba5cc281c670ae17e5af62bc38ccc1264a7ac6e346c7d346585110657bcf5e4a0b6,JF118158,,01/19/2022 05:30:00 PM,30,TRAFFIC SIGNAL,FUNCTIONING PROPERLY,CLEAR,"DARKNESS, LIGHTED ROAD",TURNING,FOUR WAY,,STRAIGHT AND LEVEL,DRY,UNKNOWN,ON SCENE,NO INJURY / DRIVE AWAY,,,Y,"OVER $1,500",01/19/2022 05:31:00 PM,IMPROPER OVERTAKING/PASSING,UNABLE TO DETERMINE,3,W,OHIO ST,1831.0,,,,,,,2,NO INDICATION OF INJURY,0.0,0.0,0.0,0.0,0.0,2.0,0.0,17,4,1,41.8923567697,-87.6282530149,POINT (-87.628253014925 41.892356769655)
b3629b7f700877df029201f4794e6461a434646df982cf8368bfc69fa912b21584e44b32a25df679b6fa4d94e44d01acc7ebd7732db573cc325bc59686a1ddcd,JA497628,,11/03/2017 04:56:00 PM,30,TRAFFIC SIGNAL,FUNCTIONING PROPERLY,CLEAR,DAYLIGHT,TURNING,ONE-WAY,,STRAIGHT AND LEVEL,DRY,NO DEFECTS,NOT ON SCENE (DESK REPORT),NO INJURY / DRIVE AWAY,,,,"OVER $1,500",11/03/2017 05:31:00 PM,IMPROPER OVERTAKING/PASSING,FAILING TO YIELD RIGHT-OF-WAY,2,N,CLARK ST,122.0,,,,,,,2,NO INDICATION OF INJURY,0.0,0.0,0.0,0.0,0.0,2.0,0.0,16,6,11,41.8820019855,-87.6310316368,POINT (-87.63103163675 41.882001985453)
346301d44501aa89a3d184808edbd66373cafde9bea5090315d55b40cd8a8da0e815f9439de027f8f6b0052689f9a54db91a207b8d112974b5ceaff3a0a57778,JB461844,,10/04/2018 03:22:00 AM,30,TRAFFIC SIGNAL,FUNCTIONING PROPERLY,CLEAR,DARKNESS,REAR END,NOT DIVIDED,,STRAIGHT AND LEVEL,DRY,NO DEFECTS,ON SCENE,INJURY AND / OR TOW DUE TO CRASH,,,,"OVER $1,500",10/04/2018 03:22:00 AM,FOLLOWING TOO CLOSELY,NOT APPLICABLE,2200,W,95TH ST,2221.0,,Y,,,,,2,NO INDICATION OF INJURY,0.0,0.0,0.0,0.0,0.0,2.0,0.0,3,5,10,41.7211194132,-87.6772828232,POINT (-87.677282823239 41.721119413196)
88bb47fd1997fe90be1c47fdea7cacd4e67eb0669efab3e895bf6f8ec2be4c2247464843cfb9b3524b03f7ec7a38ae66f35c8074ea696060b4f9b1a2d56b2b95,JC339762,,07/08/2019 11:40:00 AM,30,NO CONTROLS,NO CONTROLS,CLEAR,DAYLIGHT,SIDESWIPE SAME DIRECTION,DIVIDED - W/MEDIAN (NOT RAISED),,STRAIGHT AND LEVEL,DRY,NO DEFECTS,ON SCENE,NO INJURY / DRIVE AWAY,,,Y,$500 OR LESS,07/08/2019 11:50:00 AM,FAILING TO YIELD RIGHT-OF-WAY,NOT APPLICABLE,540,N,MICHIGAN AVE,1834.0,,,,,,,2,NO INDICATION OF INJURY,0.0,0.0,0.0,0.0,0.0,2.0,0.0,11,2,7,41.8921407837,-87.6243127844,POINT (-87.624312784422 41.89214078372)
e0b5b288ea04a7497b44ab486a24872da2804e746984455b61b9b909a9eba13b016ea002f770182125ac88f9ee745b5902c7b1d3994be766df928e74a503ca72,JB276214,Y,05/23/2018 09:00:00 PM,15,NO CONTROLS,NO CONTROLS,CLEAR,DARKNESS,FIXED OBJECT,ALLEY,,STRAIGHT AND LEVEL,DRY,NO DEFECTS,ON SCENE,NO INJURY / DRIVE AWAY,,,Y,"OVER $1,500",05/24/2018 07:46:00 AM,UNABLE TO DETERMINE,UNABLE TO DETERMINE,5487,S,HYDE PARK BLVD,234.0,,,,,,,1,NO INDICATION OF INJURY,0.0,0.0,0.0,0.0,0.0,1.0,0.0,21,4,5,41.7956970236,-87.5838150506,POINT (-87.583815050644 41.79569702358)
56acbd404fef24be71c88451bdca211258b3ce4f6b0be21d22348dd07ac7591482fc4e0c80d5636f6bab05f8f056e6fccd88d58f657e64b9a2588c7b20608964,JG339663,,07/12/2023 05:47:00 PM,30,TRAFFIC SIGNAL,FUNCTIONING PROPERLY,UNKNOWN,UNKNOWN,SIDESWIPE SAME DIRECTION,CENTER TURN LANE,,STRAIGHT AND LEVEL,UNKNOWN,UNKNOWN,NOT ON SCENE (DESK REPORT),NO INJURY / DRIVE AWAY,,,,"$501 - $1,500",07/13/2023 05:30:00 PM,DISREGARDING ROAD MARKINGS,NOT APPLICABLE,5207,N,KIMBALL AVE,1712.0,,,,,,,2,NO INDICATION OF INJURY,0.0,0.0,0.0,0.0,0.0,2.0,0.0,17,4,7,41.9759523557,-87.7134079643,POINT (-87.713407964306 41.975952355722)
2f374c910eaf323fad5d4a63e268047af8c01d287ea4acb1f742657d7b5428de372e9f45009f91b3053c2f678dfc13421cd9bbf9f5298ba926e19ee4f4fbca7b,JC473945,,10/15/2019 05:34:00 PM,30,NO CONTROLS,NO CONTROLS,RAIN,DUSK,PARKED MOTOR VEHICLE,ONE-WAY,,STRAIGHT AND LEVEL,WET,NO DEFECTS,ON SCENE,NO INJURY / DRIVE AWAY,,,,"OVER $1,500",10/15/2019 05:34:00 PM,WEATHER,NOT APPLICABLE,3039,W,WASHINGTON BLVD,1222.0,,,,,,,2,NO INDICATION OF INJURY,0.0,0.0,0.0,0.0,0.0,2.0,0.0,17,3,10,41.8827208614,-87.7028246056,POINT (-87.702824605634 41.882720861434)
b750935ca865c0496d80700101107905f7fb1f56d08075f764e5597d9b0494b645939e84ce1da04ed7c565adbb5da191cedcf31b1d74ec4419fa7f82a01a284f,JA385501,,08/10/2017 01:15:00 PM,30,NO CONTROLS,NO CONTROLS,CLEAR,DAYLIGHT,PARKED MOTOR VEHICLE,OTHER,1.0,STRAIGHT AND LEVEL,DRY,UNKNOWN,ON SCENE,NO INJURY / DRIVE AWAY,,,,"$501 - $1,500",08/10/2017 01:30:00 PM,UNABLE TO DETERMINE,UNABLE TO DETERMINE,11115,S,EMERALD AVE,2233.0,,,,,,,2,NO INDICATION OF INJURY,0.0,0.0,0.0,0.0,0.0,1.0,0.0,13,5,8,41.691884854,-87.6410067089,POINT (-87.641006708862 41.69188485404)
5c19722b47c8dd60b6a885ee78778930bd68476d9c857eff8f83d20a54f928bf8db0bd4569d77e52e058bc6392e0609482bcb7c7e92e71b3f910fa34112ff4ef,JA278842,,05/25/2017 02:20:00 PM,30,NO CONTROLS,NO CONTROLS,CLEAR,DAYLIGHT,PARKED MOTOR VEHICLE,DIVIDED - W/MEDIAN (NOT RAISED),2.0,STRAIGHT AND LEVEL,DRY,UNKNOWN,NOT ON SCENE (DESK REPORT),NO INJURY / DRIVE AWAY,,,,"OVER $1,500",05/25/2017 04:00:00 PM,NOT APPLICABLE,NOT APPLICABLE,615,W,LAKE ST,121.0,,,,,,,2,NO INDICATION OF INJURY,0.0,0.0,0.0,0.0,0.0,1.0,0.0,14,5,5,41.8855944927,-87.6434624583,POINT (-87.64346245829 41.885594492664)
54536ee1de71f71394909ae5fc98686da63ccc74acc2aa51e1896bec5b7fc5ef3f891e254397a98938a1bf44cde6d759b5a1f42dcebc424e41a08d8b924383af,JC343328,,07/10/2019 06:30:00 PM,30,UNKNOWN,UNKNOWN,CLEAR,DAYLIGHT,SIDESWIPE SAME DIRECTION,NOT DIVIDED,,STRAIGHT ON GRADE,DRY,UNKNOWN,NOT ON SCENE (DESK REPORT),NO INJURY / DRIVE AWAY,,,Y,$500 OR LESS,07/10/2019 08:50:00 PM,UNABLE TO DETERMINE,NOT APPLICABLE,4155,N,PULASKI RD,1723.0,,,,,,,2,NO INDICATION OF INJURY,0.0,0.0,0.0,0.0,0.0,2.0,0.0,18,4,7,41.9570983667,-87.7275704398,POINT (-87.727570439786 41.957098366683)
f2c3ab9e078716e878762d688d6a5e9125de6157eae3e45b3acb4188f82e1705aca90d19781e693d3e5dec0d43231b8a0faf2c5604fe9594dc3047977bbf4338,JC449928,,09/26/2019 05:20:00 PM,35,TRAFFIC SIGNAL,FUNCTIONING PROPERLY,CLEAR,DAYLIGHT,TURNING,DIVIDED - W/MEDIAN BARRIER,,STRAIGHT AND LEVEL,DRY,NO DEFECTS,NOT ON SCENE (DESK REPORT),INJURY AND / OR TOW DUE TO CRASH,Y,,,"OVER $1,500",09/26/2019 10:00:00 PM,TURNING RIGHT ON RED,NOT APPLICABLE,1500,S,STATE ST,131.0,,,,,,,2,NO INDICATION OF INJURY,0.0,0.0,0.0,0.0,0.0,3.0,0.0,17,5,9,41.861889802,-87.6274354772,POINT (-87.627435477216 41.861889801964)
99cdbebf019730c4354e300da654a6d7d3c447963855d951da8982a8edbf0ea04aab9efd59b755934d5654b0758ebdf95269204edf1924444eb6ab5336893502,JF389437,,09/09/2022 01:00:00 PM,30,NO CONTROLS,NO CONTROLS,CLEAR,DAYLIGHT,PARKED MOTOR VEHICLE,NOT DIVIDED,,STRAIGHT AND LEVEL,DRY,NO DEFECTS,NOT ON SCENE (DESK REPORT),NO INJURY / DRIVE AWAY,,,,"OVER $1,500",09/09/2022 01:30:00 PM,UNABLE TO DETERMINE,NOT APPLICABLE,502,E,47TH ST,221.0,,,,,,,2,NO INDICATION OF INJURY,0.0,0.0,0.0,0.0,0.0,2.0,0.0,13,6,9,41.809537173,-87.6137204228,POINT (-87.613720422753 41.809537172957)