CRASH_RECORD_ID,RD_NO,CRASH_DATE_EST_I,CRASH_DATE,POSTED_SPEED_LIMIT,TRAFFIC_CONTROL_DEVICE,DEVICE_CONDITION,WEATHER_CONDITION,LIGHTING_CONDITION,FIRST_CRASH_TYPE,TRAFFICWAY_TYPE,LANE_CNT,ALIGNMENT,ROADWAY_SURFACE_COND,ROAD_DEFECT,REPORT_TYPE,CRASH_TYPE,INTERSECTION_RELATED_I,NOT_RIGHT_OF_WAY_I,HIT_AND_RUN_I,DAMAGE,DATE_POLICE_NOTIFIED,PRIM_CONTRIBUTORY_CAUSE,SEC_CONTRIBUTORY_CAUSE,STREET_NO,STREET_DIRECTION,STREET_NAME,BEAT_OF_OCCURRENCE,PHOTOS_TAKEN_I,STATEMENTS_TAKEN_I,DOORING_I,WORK_ZONE_I,WORK_ZONE_TYPE,WORKERS_PRESENT_I,NUM_UNITS,MOST_SEVERE_INJURY,INJURIES_TOTAL,INJURIES_FATAL,INJURIES_INCAPACITATING,INJURIES_NON_INCAPACITATING,INJURIES_REPORTED_NOT_EVIDENT,INJURIES_NO_INDICATION,INJURIES_UNKNOWN,CRASH_HOUR,CRASH_DAY_OF_WEEK,CRASH_MONTH,LATITUDE,LONGITUDE,LOCATION
c45c52837015d23d7f1fec190708e82ecc80e5d3b6fb407a6c59275946c3776cc10cb542bcb8c029ec7b40e1512b4161892874ca25d9ac10f55e624d25847cc1,JF505682,,12/10/2022 04:30:00 PM,30,TRAFFIC SIGNAL,FUNCTIONING PROPERLY,CLOUDY/OVERCAST,DAYLIGHT,TURNING,FOUR WAY,,STRAIGHT AND LEVEL,DRY,NO DEFECTS,,NO INJURY / DRIVE AWAY,Y,,,"OVER $1,500",12/10/2022 07:21:00 PM,IMPROPER OVERTAKING/PASSING,FAILING TO YIELD RIGHT-OF-WAY,2,S,KOSTNER AVE,1113.0,,,,,,,2,NO INDICATION OF INJURY,0.0,0.0,0.0,0.0,0.0,2.0,0.0,16,7,12,41.8805593669,-87.7356207583,POINT (-87.735620758262 41.880559366949)
50dd4cbc137553bacab3e086c93912d06a6aa5f9b9f82ae4b501a03abbf35246e194b8f7177fffd47b3342985dd8653f3bd4082e7a5cd25246944556e118dd0c,JD352832,,09/01/2020 12:55:00 PM,30,TRAFFIC SIGNAL,FUNCTIONING PROPERLY,RAIN,DAYLIGHT,TURNING,DIVIDED - W/MEDIAN (NOT RAISED),,STRAIGHT AND LEVEL,WET,NO DEFECTS,ON SCENE,INJURY AND / OR TOW DUE TO CRASH,Y,,,"OVER $1,500",09/01/2020 12:58:00 PM,FAILING TO YIELD RIGHT-OF-WAY,FAILING TO YIELD RIGHT-OF-WAY,6400,W,NORTH AVE,2513.0,,,,,,,2,NO INDICATION OF INJURY,0.0,0.0,0.0,0.0,0.0,2.0,0.0,12,3,9,41.9092570732,-87.7850565929,POINT (-87.785056592855 41.909257073207)
edfc92f80709179cdd45b67ddd7b85dc86c9aca5792cbe475a140ffb81c0335881b08b0001d369d03a272e0ebefa292fc6529b600314f003dc006b05a546a035,JB342444,,07/09/2018 03:45:00 PM,30,TRAFFIC SIGNAL,FUNCTIONING PROPERLY,CLEAR,DAYLIGHT,SIDESWIPE SAME DIRECTION,NOT DIVIDED,,STRAIGHT AND LEVEL,DRY,NO DEFECTS,NOT ON SCENE (DESK REPORT),NO INJURY / DRIVE AWAY,,,Y,"OVER $1,500",07/09/2018 04:16:00 PM,IMPROPER OVERTAKING/PASSING,NOT APPLICABLE,7040,S,COTTAGE GROVE AVE,321.0,,,,,,,2,NO INDICATION OF INJURY,0.0,0.0,0.0,0.0,0.0,3.0,0.0,15,2,7,41.7664308925,-87.6057478606,POINT (-87.605747860649 41.766430892538)
2dea3d6ec1046bef0dc7a342fa310e74f0917ec87390a500ba20e431c50cae7b9721f623224694bb014265b1375e0778d86ae2137e2f95a66bcfe4d60932a725,JE313187,,07/25/2021 02:31:00 AM,30,NO CONTROLS,NO CONTROLS,CLEAR,"DARKNESS, LIGHTED ROAD",PARKED MOTOR VEHICLE,NOT DIVIDED,,STRAIGHT AND LEVEL,DRY,NO DEFECTS,ON SCENE,INJURY AND / OR TOW DUE TO CRASH,,,,"OVER $1,500",07/25/2021 02:31:00 AM,DRIVING ON WRONG SIDE/WRONG WAY,"OPERATING VEHICLE IN ERRATIC, RECKLESS, CARELESS, NEGLIGENT OR AGGRESSIVE MANNER",3325,W,JACKSON BLVD,1134.0,,,,,,,3,"REPORTED, NOT EVIDENT",1.0,0.0,0.0,0.0,1.0,0.0,0.0,2,1,7,41.8771808717,-87.7096190253,POINT (-87.709619025345 41.8771808717)
f19b3092fb71093a702b7c136d44f509005db186acf5b02384b3969f0b240c441acc1f26805e83fb1a623185a6f0e8d3827478f77a87832d68987e10f4a3cade,JB335569,,07/04/2018 09:26:00 PM,15,NO CONTROLS,NO CONTROLS,CLEAR,DARKNESS,REAR END,ALLEY,,STRAIGHT AND LEVEL,DRY,NO DEFECTS,NOT ON SCENE (DESK REPORT),NO INJURY / DRIVE AWAY,,,,"$501 - $1,500",07/04/2018 10:30:00 PM,IMPROPER BACKING,NOT APPLICABLE,5816,N,SHERIDAN RD,2022.0,,,,,,,2,NO INDICATION OF INJURY,0.0,0.0,0.0,0.0,0.0,2.0,0.0,21,4,7,41.9878768457,-87.6554666567,POINT (-87.655466656744 41.987876845673)
c5811e8404374cc77c8b19a7ad0f006a7ffa52d27875bdb4ee37c2eef29e03e077a2464c904c5036f45290520228932c26c34889cfc99d9e9aefecf311cc07b4,JB399523,,08/19/2018 01:13:00 AM,30,NO CONTROLS,NO CONTROLS,CLEAR,DARKNESS,REAR END,DIVIDED - W/MEDIAN (NOT RAISED),2.0,STRAIGHT AND LEVEL,DRY,UNKNOWN,ON SCENE,INJURY AND / OR TOW DUE TO CRASH,,,,"OVER $1,500",08/19/2018 01:23:00 AM,FOLLOWING TOO CLOSELY,FOLLOWING TOO CLOSELY,532,E,47TH ST,221.0,,,,,,,2,"REPORTED, NOT EVIDENT",2.0,0.0,0.0,0.0,2.0,2.0,0.0,1,1,8,41.8095538593,-87.6125404469,POINT (-87.612540446868 41.809553859317)
3ef8c645ff1c711d73cc59737b601740df9aed3da1218ddf0e57ce9186d50e14f5f69d95f66bdbce98039b1e36c270cbbfc5f35a5269847f567ba5fe01d0302c,JG354587,,07/24/2023 05:58:00 PM,35,OTHER,UNKNOWN,UNKNOWN,UNKNOWN,REAR TO FRONT,NOT DIVIDED,,STRAIGHT AND LEVEL,UNKNOWN,UNKNOWN,NOT ON SCENE (DESK REPORT),NO INJURY / DRIVE AWAY,,,Y,$500 OR LESS,07/24/2023 07:23:00 PM,FOLLOWING TOO CLOSELY,UNABLE TO DETERMINE,3850,S,DR MARTIN LUTHER KING JR DR,212.0,,,,,,,2,NO INDICATION OF INJURY,0.0,0.0,0.0,0.0,0.0,2.0,0.0,17,2,7,41.8241485297,-87.6171514119,POINT (-87.617151411895 41.82414852971)
0428d2c241fb2f5714b6479ddd53666726b327060c3caeafc72d3f3bf2c22395b865c3f2bd630a61475693c60780fd8afe9cff844092024ad094d2cabeb0ef5d,JD273692,,06/23/2020 02:25:00 PM,30,NO CONTROLS,NO CONTROLS,CLEAR,DAYLIGHT,REAR END,NOT DIVIDED,,STRAIGHT AND LEVEL,DRY,NO DEFECTS,NOT ON SCENE (DESK REPORT),NO INJURY / DRIVE AWAY,,,,"OVER $1,500",06/23/2020 03:32:00 PM,UNABLE TO DETERMINE,NOT APPLICABLE,7443,S,RACINE AVE,733.0,,,,,,,2,NO INDICATION OF INJURY,0.0,0.0,0.0,0.0,0.0,2.0,0.0,14,3,6,41.7583560097,-87.6537959529,POINT (-87.653795952855 41.758356009697)
8663462c314b73b7c541fd9ff4c48a3860fd35df85031f11a9f9cf1f2f29b009bfb55526d105d10c085a3ab07e7fc7585ba1db64e9e3a872ef16a2d3170d6419,JG368994,Y,08/04/2023 12:00:00 PM,30,STOP SIGN/FLASHER,FUNCTIONING PROPERLY,CLEAR,DAYLIGHT,OTHER OBJECT,FOUR WAY,,STRAIGHT AND LEVEL,UNKNOWN,UNKNOWN,ON SCENE,INJURY AND / OR TOW DUE TO CRASH,Y,,,"OVER $1,500",08/04/2023 12:10:00 PM,UNABLE TO DETERMINE,UNABLE TO DETERMINE,832,W,ARMITAGE AVE,1812.0,,,,,,,2,NONINCAPACITATING INJURY,1.0,0.0,0.0,1.0,0.0,1.0,0.0,12,6,8,41.9182696872,-87.6497892646,POINT (-87.649789264618 41.918269687164)
45876328bac47f48c93e303b036e6c5210cb0e5a38bc94f83a8d9702e37045069eccc0a3ef029cb18dc0d52a303b52b1de2d2c798cffe544a4604c4cec07d8f0,JC270812,,05/20/2019 10:00:00 AM,30,NO CONTROLS,NO CONTROLS,CLEAR,DAYLIGHT,SIDESWIPE SAME DIRECTION,NOT DIVIDED,,STRAIGHT AND LEVEL,DRY,NO DEFECTS,NOT ON SCENE (DESK REPORT),NO INJURY / DRIVE AWAY,,,Y,"OVER $1,500",05/20/2019 01:10:00 PM,UNABLE TO DETERMINE,UNABLE TO DETERMINE,2301,S,DR MARTIN LUTHER KING JR DR,132.0,,,,,,,2,NO INDICATION OF INJURY,0.0,0.0,0.0,0.0,0.0,2.0,0.0,10,2,5,41.8511998366,-87.6188194842,POINT (-87.618819484211 41.851199836578)
9361f7ef681b5f7a926d02d4f7698e34095bc04e738d58e29b8347e0468f549c0c9d59245935cbde28f7c2e60a0fd8b634e8033b13f0d7b5cac4f4301f334770,JD293442,,07/11/2020 02:58:00 AM,40,NO CONTROLS,NO CONTROLS,CLEAR,"DARKNESS, LIGHTED ROAD",REAR END,DIVIDED - W/MEDIAN BARRIER,,STRAIGHT AND LEVEL,DRY,NO DEFECTS,ON SCENE,INJURY AND / OR TOW DUE TO CRASH,,,,"OVER $1,500",07/11/2020 02:59:00 AM,UNDER THE INFLUENCE OF ALCOHOL/DRUGS (USE WHEN ARREST IS EFFECTED),FAILING TO REDUCE SPEED TO AVOID CRASH,3700,N,LAKE SHORE DR SB,1925.0,,,,,,,2,INCAPACITATING INJURY,3.0,0.0,1.0,2.0,0.0,1.0,0.0,2,7,7,41.9505506361,-87.6445465724,POINT (-87.644546572439 41.950550636125)
08bcd27e314d0d79d941005d87f83e6bec60ee0d9be22f47367252d1c5ba9467852320be99094779cbc607086b21b656fd57b2c25370b73572d0b0c143fd5a68,JB312556,,06/18/2018 07:30:00 AM,30,STOP SIGN/FLASHER,NO CONTROLS,CLEAR,DAYLIGHT,PARKED MOTOR VEHICLE,DIVIDED - W/MEDIAN (NOT RAISED),,STRAIGHT AND LEVEL,DRY,NO DEFECTS,NOT ON SCENE (DESK REPORT),NO INJURY / DRIVE AWAY,,,,"$501 - $1,500",06/18/2018 05:45:00 PM,IMPROPER LANE USAGE,NOT APPLICABLE,2699,N,LAKEVIEW AVE,1935.0,,,,,,,2,NO INDICATION OF INJURY,0.0,0.0,0.0,0.0,0.0,2.0,0.0,7,2,6,41.9312814518,-87.6391765313,POINT (-87.63917653129 41.931281451847)
ce8131c8829312253ff4fb3401ac53b8b3563ea4aef65410206064dd0cb5d86a0e50e53a8dd4d408e947843f93fa0b863cc80cae59b62e141a24ded6cfba5da2,JA558837,,12/22/2017 01:55:00 AM,30,TRAFFIC SIGNAL,FUNCTIONING PROPERLY,CLEAR,"DARKNESS, LIGHTED ROAD",REAR END,NOT DIVIDED,4.0,STRAIGHT AND LEVEL,DRY,NO DEFECTS,NOT ON SCENE (DESK REPORT),NO INJURY / DRIVE AWAY,,,,$500 OR LESS,12/22/2017 01:58:00 AM,NOT APPLICABLE,NOT APPLICABLE,1037,W,NORTH AVE,1822.0,,,,,,,2,NO INDICATION OF INJURY,0.0,0.0,0.0,0.0,0.0,2.0,0.0,1,6,12,41.9107035748,-87.6547667163,POINT (-87.654766716342 41.910703574761)
d2990933b666a942ca94aa812ccfbdc403ae79b3958b0f0fb9d092ce29f0ba01f2e0c5c83380e6b18d8741af1a254d364cc59feb83dcf3ed4e095fb57d553a31,JB438822,,09/17/2018 07:05:00 AM,30,NO CONTROLS,NO CONTROLS,CLEAR,DAYLIGHT,REAR END,NOT DIVIDED,2.0,STRAIGHT AND LEVEL,DRY,NO DEFECTS,NOT ON SCENE (DESK REPORT),NO INJURY / DRIVE AWAY,,,,"$501 - $1,500",09/17/2018 09:00:00 AM,FOLLOWING TOO CLOSELY,NOT APPLICABLE,3000,W,ARGYLE ST,1713.0,,,,,,,2,NO INDICATION OF INJURY,0.0,0.0,0.0,0.0,0.0,2.0,0.0,7,2,9,41.9722378373,-87.7036794949,POINT (-87.703679494891 41.972237837286)
9d5b21e779962a7f17f3e64daf1a4cc31e2b270dc61f539a7eaff184969b0044fd16223aef20afa9c9c16cd62e0b368cdee7a350d766d34abbe544d2efdb9c57,JG434376,,09/22/2023 11:08:00 AM,30,NO CONTROLS,NO CONTROLS,CLOUDY/OVERCAST,DAYLIGHT,PARKED MOTOR VEHICLE,ONE-WAY,,STRAIGHT AND LEVEL,DRY,NO DEFECTS,NOT ON SCENE (DESK REPORT),NO INJURY / DRIVE AWAY,,,,"OVER $1,500",09/22/2023 11:31:00 AM,NOT APPLICABLE,NOT APPLICABLE,2725,N,ASHLAND AVE,1932.0,,,,,,,2,NO INDICATION OF INJURY,0.0,0.0,0.0,0.0,0.0,1.0,0.0,11,6,9,41.9313973177,-87.6682189156,POINT (-87.668218915618 41.931397317655)
10dc016139dac3179198fa1b2f5d878f91eee8d0eafc6cdef3e35d32a5abe633bdb8274594ceb7360670209ebf6bdda42d4f9f695d0a7d78fdae3c4aa58d0b2b,HZ165216,,02/25/2016 08:40:00 PM,30,NO CONTROLS,NO CONTROLS,CLEAR,"DARKNESS, LIGHTED ROAD",REAR END,NOT DIVIDED,2.0,STRAIGHT AND LEVEL,DRY,NO DEFECTS,NOT ON SCENE (DESK REPORT),NO INJURY / DRIVE AWAY,,,,"OVER $1,500",02/25/2016 10:30:00 PM,UNABLE TO DETERMINE,UNABLE TO DETERMINE,4300,W,IRVING PARK RD,1722.0,,,,,,,2,NO INDICATION OF INJURY,0.0,0.0,0.0,0.0,0.0,2.0,0.0,20,5,2,41.9536678945,-87.7355078254,POINT (-87.735507825353 41.953667894495)
ac50991cefb512dac0a0877e77d895e74a5386cf5a1e0b76b381c06e22ae575f5ed68da11243199df6e8422302afad99e065f78ec543f1170982d792423f45dc,JG322484,,06/30/2023 04:03:00 PM,10,NO CONTROLS,NO CONTROLS,CLEAR,DAYLIGHT,FIXED OBJECT,PARKING LOT,,STRAIGHT AND LEVEL,DRY,UNKNOWN,ON SCENE,NO INJURY / DRIVE AWAY,,,,$500 OR LESS,06/30/2023 04:11:00 PM,UNABLE TO DETERMINE,UNABLE TO DETERMINE,1740,W,TAYLOR ST,1231.0,,,,,,,1,NO INDICATION OF INJURY,0.0,0.0,0.0,0.0,0.0,2.0,0.0,16,6,6,41.8693109071,-87.6705986821,POINT (-87.670598682097 41.869310907082)
4cd05c34d3de178cca1c4d6713b47134440966afeb6d08534a3377dc8b77945f4dece0f1784fe9b6efbeb5fe6d09dede1bd3654c2305236d63338b52ee9802ee,JA442244,,09/22/2017 03:30:00 PM,30,NO CONTROLS,NO CONTROLS,CLEAR,DAYLIGHT,SIDESWIPE SAME DIRECTION,NOT DIVIDED,2.0,STRAIGHT AND LEVEL,DRY,NO DEFECTS,NOT ON SCENE (DESK REPORT),NO INJURY / DRIVE AWAY,,,,"OVER $1,500",09/22/2017 04:21:00 PM,IMPROPER LANE USAGE,NOT APPLICABLE,260,E,CHICAGO AVE,1833.0,,,,,,,2,NO INDICATION OF INJURY,0.0,0.0,0.0,0.0,0.0,2.0,0.0,15,6,9,41.8968934133,-87.6204466528,POINT (-87.620446652757 41.896893413326)
cfe9a59ab635197595ae6c4f90d3c04e6c7d35dc705045cda1e58e05141f63595bf5a4833e40141bd3616468e459ed91b6a60043e1a18ba2610ea467465ba8d3,JC552651,,12/19/2019 12:30:00 PM,30,TRAFFIC SIGNAL,FUNCTIONING PROPERLY,CLEAR,DAYLIGHT,SIDESWIPE SAME DIRECTION,DIVIDED - W/MEDIAN (NOT RAISED),,STRAIGHT AND LEVEL,DRY,NO DEFECTS,ON SCENE,NO INJURY / DRIVE AWAY,,,,$500 OR LESS,12/19/2019 12:36:00 PM,IMPROPER LANE USAGE,UNABLE TO DETERMINE,838,N,SACRAMENTO BLVD,1211.0,,Y,,,,,2,NO INDICATION OF INJURY,0.0,0.0,0.0,0.0,0.0,2.0,0.0,12,5,12,41.8968229983,-87.7023872022,POINT (-87.702387202168 41.896822998323)
fb04c2ea9ca50c4d17f7c5d7b31236abe4057a650e9e9b80db453b041873c77fc165f54e2de1e32eb96dd7f7149876c61defbd87cfb582d91f4224356ef05136,JB119157,,01/17/2018 11:45:00 AM,30,TRAFFIC SIGNAL,FUNCTIONING PROPERLY,CLEAR,DAYLIGHT,REAR END,DIVIDED - W/MEDIAN (NOT RAISED),,STRAIGHT AND LEVEL,UNKNOWN,UNKNOWN,NOT ON SCENE (DESK REPORT),NO INJURY / DRIVE AWAY,Y,,,"$501 - $1,500",01/17/2018 12:35:00 PM,UNABLE TO DETERMINE,UNABLE TO DETERMINE,2201,W,BELMONT AVE,1931.0,,,,,,,2,NO INDICATION OF INJURY,0.0,0.0,0.0,0.0,0.0,2.0,0.0,11,4,1,41.9394016677,-87.6833192874,POINT (-87.68331928736 41.939401667686)
1cd2b7c963f39d4145b0c7ad9dd464333784c225c6e8842484e26670299d27b60c924b94adda23cc5b00c3bb549314b03a583606c6b5b836048f6c20bc7e8c05,HZ459162,Y,10/01/2016 09:00:00 AM,30,NO CONTROLS,NO CONTROLS,UNKNOWN,UNKNOWN,PARKED MOTOR VEHICLE,NOT DIVIDED,2.0,STRAIGHT AND LEVEL,UNKNOWN,NO DEFECTS,NOT ON SCENE (DESK REPORT),NO INJURY / DRIVE AWAY,,,Y,"$501 - $1,500",10/03/2016 10:50:00 AM,UNABLE TO DETERMINE,UNABLE TO DETERMINE,711,W,FULLERTON AVE,1812.0,,,,,,,2,NO INDICATION OF INJURY,0.0,0.0,0.0,0.0,0.0,1.0,0.0,9,7,10,41.925377762,-87.6466928859,POINT (-87.646692885863 41.925377761964)
ad619726e2ae48df9bcdd7cda2946dfafd1e108e9ae7c06e15b6a9548e4cc274215546008650ed19dc1deebc87268e16dab52469f38b09a26b884c30b0389e91,JG199945,,03/26/2023 04:15:00 PM,30,NO CONTROLS,NO CONTROLS,RAIN,DAYLIGHT,FIXED OBJECT,PARKING LOT,,STRAIGHT AND LEVEL,WET,NO DEFECTS,ON SCENE,NO INJURY / DRIVE AWAY,,Y,,"OVER $1,500",03/26/2023 04:26:00 PM,DRIVING SKILLS/KNOWLEDGE/EXPERIENCE,DRIVING SKILLS/KNOWLEDGE/EXPERIENCE,302,S,LAFLIN ST,1231.0,,Y,,,,,1,NO INDICATION OF INJURY,0.0,0.0,0.0,0.0,0.0,2.0,0.0,16,1,3,41.8775413505,-87.6644652504,POINT (-87.664465250377 41.877541350537)
365a8f74760835ffacb69dbd4f1a67e8fde6fe3494f9250e23597da58a26b360d3bb47035a5a6ad8e4a846f9b25c466060ded9db955df3e867835bbff82a0eef,JB489907,,10/25/2018 04:00:00 PM,35,NO CONTROLS,NO CONTROLS,CLEAR,DAYLIGHT,REAR END,ONE-WAY,1.0,STRAIGHT AND LEVEL,DRY,NO DEFECTS,NOT ON SCENE (DESK REPORT),NO INJURY / DRIVE AWAY,,,,"$501 - $1,500",10/25/2018 04:40:00 PM,UNABLE TO DETERMINE,UNABLE TO DETERMINE,1500,S,TRUMBULL AVE,1021.0,,,,,,,2,NO INDICATION OF INJURY,0.0,0.0,0.0,0.0,0.0,2.0,0.0,16,5,10,41.860749546,-87.7117478846,POINT (-87.711747884589 41.860749546033)
0226b08fc76b53e58158be3598ce58bdf532d04c73907c02ee9296d4883e9c126f45ebbc488c61fda2ce7216f306b0dc649ceab4eb8c5045eb3ac258b64a2ba7,JC429214,,09/11/2019 04:41:00 PM,30,TRAFFIC SIGNAL,FUNCTIONING PROPERLY,CLEAR,DAYLIGHT,PEDESTRIAN,NOT DIVIDED,,STRAIGHT AND LEVEL,DRY,NO DEFECTS,ON SCENE,INJURY AND / OR TOW DUE TO CRASH,Y,,,$500 OR LESS,09/11/2019 04:45:00 PM,FAILING TO REDUCE SPEED TO AVOID CRASH,"OPERATING VEHICLE IN ERRATIC, RECKLESS, CARELESS, NEGLIGENT OR AGGRESSIVE MANNER",5500,S,LAKE PARK AVE,235.0,,,,,,,2,NONINCAPACITATING INJURY,1.0,0.0,0.0,1.0,0.0,2.0,0.0,16,4,9,41.7951059372,-87.5877094121,POINT (-87.587709412142 41.795105937194)
969ffd0868e98704603e4d9fb967e65dfc9e26655d1a6eb79eec88c96c23d5f33175b42de2003e073bec1e69cbc739dde60fa28fb3b1a1a246229435de4bd016,HZ213306,,04/04/2016 03:41:00 PM,30,TRAFFIC SIGNAL,FUNCTIONING PROPERLY,SNOW,DAYLIGHT,SIDESWIPE SAME DIRECTION,DIVIDED - W/MEDIAN (NOT RAISED),6.0,STRAIGHT AND LEVEL,SNOW OR SLUSH,NO DEFECTS,NOT ON SCENE (DESK REPORT),NO INJURY / DRIVE AWAY,,,,"OVER $1,500",04/04/2016 05:00:00 PM,IMPROPER LANE USAGE,IMPROPER OVERTAKING/PASSING,20,N,MICHIGAN AVE,112.0,,,,,,,2,NO INDICATION OF INJURY,0.0,0.0,0.0,0.0,0.0,2.0,0.0,15,2,4,41.8825402025,-87.6245309447,POINT (-87.624530944728 41.882540202458)
9e8317b3cad7b9da648487e650ef9b78d256795d1ebe5435bb39f6dc0be747fbf2162f148db6b488ccf81e732a227ce5a21897b7febd4c016d87dd3ee2adad15,JC277151,,05/24/2019 02:30:00 PM,30,NO CONTROLS,NO CONTROLS,CLEAR,DAYLIGHT,REAR END,DIVIDED - W/MEDIAN (NOT RAISED),,STRAIGHT AND LEVEL,DRY,NO DEFECTS,NOT ON SCENE (DESK REPORT),NO INJURY / DRIVE AWAY,,,,"OVER $1,500",05/24/2019 07:34:00 PM,FAILING TO REDUCE SPEED TO AVOID CRASH,DRIVING SKILLS/KNOWLEDGE/EXPERIENCE,1730,N,LAKE SHORE DR NB,1814.0,,,,,,,2,NO INDICATION OF INJURY,0.0,0.0,0.0,0.0,0.0,2.0,0.0,14,6,5,41.9140035431,-87.6271351535,POINT (-87.627135153453 41.914003543102)
c926fa5ff1066cebddb0a77d5771ac4d8b03537ac57dd13a0df95d796d74a67550f38a7d5d326a297030563389c94f4797f40a091dca23ae97371ea818459f91,JF512772,,12/15/2022 09:40:00 AM,30,STOP SIGN/FLASHER,FUNCTIONING PROPERLY,CLEAR,DAYLIGHT,ANGLE,NOT DIVIDED,,STRAIGHT AND LEVEL,DRY,NO DEFECTS,NOT ON SCENE (DESK REPORT),INJURY AND / OR TOW DUE TO CRASH,Y,,,"OVER $1,500",12/16/2022 01:30:00 PM,FAILING TO YIELD RIGHT-OF-WAY,NOT APPLICABLE,426,S,CLINTON ST,121.0,,,,,,,2,NO INDICATION OF INJURY,0.0,0.0,0.0,0.0,0.0,2.0,0.0,9,5,12,41.8759821462,-87.6411474704,POINT (-87.641147470376 41.875982146214)
46d1a01e5fd4aba9c464ab30d3a2f487b0c791603339a32f914694048701f4231a79c0f1f4c4513b3bac18ca2d24ac24bfe0b3f4bacee4ffeb92a6d6f93ecc7d,JC309651,,06/17/2019 05:50:00 AM,20,NO CONTROLS,FUNCTIONING PROPERLY,CLOUDY/OVERCAST,DAYLIGHT,SIDESWIPE SAME DIRECTION,ONE-WAY,,STRAIGHT AND LEVEL,DRY,NO DEFECTS,ON SCENE,NO INJURY / DRIVE AWAY,,,,"OVER $1,500",06/17/2019 06:05:00 AM,FAILING TO YIELD RIGHT-OF-WAY,UNABLE TO DETERMINE,2,W,TERMINAL ST,1652.0,,,,,,,2,NO INDICATION OF INJURY,0.0,0.0,0.0,0.0,0.0,2.0,0.0,5,2,6,,,
06b59b07a35f8cdf9be9279fe303711ab5dbe5cd750c6852368377e6effcd3463d3869a845a6f283b65bc62c12524521dcf331b640060630222df7a7a053637c,JB259306,,05/11/2018 10:52:00 AM,30,STOP SIGN/FLASHER,NO CONTROLS,CLOUDY/OVERCAST,DAYLIGHT,SIDESWIPE SAME DIRECTION,DIVIDED - W/MEDIAN (NOT RAISED),2.0,STRAIGHT AND LEVEL,DRY,NO DEFECTS,ON SCENE,NO INJURY / DRIVE AWAY,,,,"OVER $1,500",05/11/2018 10:56:00 AM,FAILING TO YIELD RIGHT-OF-WAY,FAILING TO REDUCE SPEED TO AVOID CRASH,1940,W,TAYLOR ST,1231.0,,,,,,,2,NO INDICATION OF INJURY,0.0,0.0,0.0,0.0,0.0,3.0,0.0,10,6,5,41.8692432218,-87.6752243173,POINT (-87.675224317261 41.86924322183)
ff06478db90cdeabbcc09917c64da171237d095a7a6ee9e492cf704bc6d876b8117279a221e73d3a32871ba6d65d7afdf99c23e6d31a2345658f88216a007dcb,JD424546,,11/07/2020 10:30:00 PM,30,NO CONTROLS,NO CONTROLS,CLEAR,"DARKNESS, LIGHTED ROAD",PARKED MOTOR VEHICLE,NOT DIVIDED,,STRAIGHT AND LEVEL,DRY,NO DEFECTS,ON SCENE,NO INJURY / DRIVE AWAY,,,,"OVER $1,500",11/07/2020 10:37:00 PM,NOT APPLICABLE,NOT APPLICABLE,2443,W,DEVON AVE,2413.0,,,,,,,2,NO INDICATION OF INJURY,0.0,0.0,0.0,0.0,0.0,3.0,0.0,22,7,11,41.9975934705,-87.6915837036,POINT (-87.691583703632 41.997593470468)
87e8d2e43f1a1e4da324979889a18aeb3d5f5288a79d93d4e18ddd8823c83dc8a9427142dba2a302edea95c3a0bea8413a2cdd22c8c464c91a99bac37e0fe1a6,JB344262,,07/10/2018 04:40:00 PM,0,NO CONTROLS,NO CONTROLS,CLEAR,DAYLIGHT,FIXED OBJECT,OTHER,,STRAIGHT AND LEVEL,DRY,NO DEFECTS,ON SCENE,NO INJURY / DRIVE AWAY,,Y,,"$501 - $1,500",07/10/2018 04:45:00 PM,FAILING TO YIELD RIGHT-OF-WAY,DRIVING SKILLS/KNOWLEDGE/EXPERIENCE,520,N,OGDEN AVE,1215.0,,,,,,,2,NO INDICATION OF INJURY,0.0,0.0,0.0,0.0,0.0,2.0,0.0,16,3,7,41.8917697782,-87.6586046142,POINT (-87.658604614249 41.891769778206)
ee53c467e5ab7fc79420aa226de8e2c86f504a80ac51b67b944f6fc77c4013f801109e80d823f71d0dde1241678d46f73be5124180015677ca7badac51da7bf8,JF361529,,08/18/2022 01:45:00 PM,30,STOP SIGN/FLASHER,FUNCTIONING PROPERLY,CLEAR,DAYLIGHT,PEDESTRIAN,NOT DIVIDED,,STRAIGHT AND LEVEL,DRY,NO DEFECTS,ON SCENE,INJURY AND / OR TOW DUE TO CRASH,,,,$500 OR LESS,08/18/2022 01:46:00 PM,FAILING TO YIELD RIGHT-OF-WAY,UNABLE TO DETERMINE,3900,W,CHICAGO AVE,1112.0,,,,,,,2,NONINCAPACITATING INJURY,1.0,0.0,0.0,1.0,0.0,1.0,0.0,13,5,8,41.895499511,-87.723699547,POINT (-87.723699546998 41.895499510995)
7fae2c0bb6a94480c5d3a1feec565b4d3ec26892679fafa65b5c88757abc15915f0201e5d6fdb5021eb506dfc288688d74b049e4de8962a260ff5a0e3b019343,JC202973,,03/20/2019 07:45:00 AM,30,NO CONTROLS,NO CONTROLS,CLEAR,DAYLIGHT,FIXED OBJECT,ONE-WAY,2.0,STRAIGHT AND LEVEL,UNKNOWN,"RUT, HOLES",NOT ON SCENE (DESK REPORT),NO INJURY / DRIVE AWAY,,,,$500 OR LESS,03/28/2019 03:00:00 PM,ROAD CONSTRUCTION/MAINTENANCE,ROAD CONSTRUCTION/MAINTENANCE,768,W,JACKSON BLVD,1232.0,,,,,,,1,NO INDICATION OF INJURY,0.0,0.0,0.0,0.0,0.0,1.0,0.0,7,4,3,41.8780635428,-87.6467166778,POINT (-87.646716677831 41.878063542781)