CRASH_RECORD_ID,RD_NO,CRASH_DATE_EST_I,CRASH_DATE,POSTED_SPEED_LIMIT,TRAFFIC_CONTROL_DEVICE,DEVICE_CONDITION,WEATHER_CONDITION,LIGHTING_CONDITION,FIRST_CRASH_TYPE,TRAFFICWAY_TYPE,LANE_CNT,ALIGNMENT,ROADWAY_SURFACE_COND,ROAD_DEFECT,REPORT_TYPE,CRASH_TYPE,INTERSECTION_RELATED_I,NOT_RIGHT_OF_WAY_I,HIT_AND_RUN_I,DAMAGE,DATE_POLICE_NOTIFIED,PRIM_CONTRIBUTORY_CAUSE,SEC_CONTRIBUTORY_CAUSE,STREET_NO,STREET_DIRECTION,STREET_NAME,BEAT_OF_OCCURRENCE,PHOTOS_TAKEN_I,STATEMENTS_TAKEN_I,DOORING_I,WORK_ZONE_I,WORK_ZONE_TYPE,WORKERS_PRESENT_I,NUM_UNITS,MOST_SEVERE_INJURY,INJURIES_TOTAL,INJURIES_FATAL,INJURIES_INCAPACITATING,INJURIES_NON_INCAPACITATING,INJURIES_REPORTED_NOT_EVIDENT,INJURIES_NO_INDICATION,INJURIES_UNKNOWN,CRASH_HOUR,CRASH_DAY_OF_WEEK,CRASH_MONTH,LATITUDE,LONGITUDE,LOCATION
f56667525636b72d3844281d2efd468c4aefeefcc1712f52678ab61d293716217f8dd52ac822f938753ac6457b8d8a0c938502667b1934a8bfda294c0fa0d52b,JG312362,,06/23/2023 08:15:00 AM,30,STOP SIGN/FLASHER,FUNCTIONING PROPERLY,CLEAR,DAYLIGHT,TURNING,T-INTERSECTION,,STRAIGHT AND LEVEL,DRY,NO DEFECTS,NOT ON SCENE (DESK REPORT),NO INJURY / DRIVE AWAY,Y,,Y,"OVER $1,500",06/23/2023 09:45:00 AM,DISREGARDING STOP SIGN,UNABLE TO DETERMINE,3500,W,PERSHING RD,911.0,,,,,,,2,NO INDICATION OF INJURY,0.0,0.0,0.0,0.0,0.0,2.0,0.0,8,6,6,41.8225962786,-87.7118640297,POINT (-87.71186402974 41.822596278556)
645c067662be8ec4a53f3e30812a12937eebac96db025110042d4e5d2d81b1584b83f2869578e82362db9cdf8d072055f92d0f9d24febd2c6990d39328d3bc12,JF525303,,12/28/2022 01:17:00 PM,30,TRAFFIC SIGNAL,FUNCTIONING PROPERLY,CLEAR,DAYLIGHT,REAR END,DIVIDED - W/MEDIAN (NOT RAISED),,STRAIGHT AND LEVEL,DRY,NO DEFECTS,NOT ON SCENE (DESK REPORT),NO INJURY / DRIVE AWAY,,,,"OVER $1,500",12/28/2022 02:55:00 PM,UNABLE TO DETERMINE,UNABLE TO DETERMINE,3425,W,111TH ST,2211.0,,,,,,,2,NO INDICATION OF INJURY,0.0,0.0,0.0,0.0,0.0,2.0,0.0,13,4,12,41.6913611765,-87.7068777671,POINT (-87.706877767051 41.691361176501)
9c7c977b5ae674dcda023b93e7e17ce41fd601b5a73328752307795b719a44a573d052f57f384621d5f23561cb0d72c2c9de4efa2abb4bef974ca666c2729658,JC185480,,03/14/2019 04:23:00 PM,30,NO CONTROLS,NO CONTROLS,CLEAR,DAYLIGHT,REAR END,DIVIDED - W/MEDIAN (NOT RAISED),2.0,STRAIGHT AND LEVEL,DRY,NO DEFECTS,NOT ON SCENE (DESK REPORT),NO INJURY / DRIVE AWAY,Y,,,"$501 - $1,500",03/14/2019 05:06:00 PM,UNABLE TO DETERMINE,NOT APPLICABLE,1599,E,64TH ST,314.0,,,,,,,2,NO INDICATION OF INJURY,0.0,0.0,0.0,0.0,0.0,2.0,0.0,16,5,3,41.7786589666,-87.5865006614,POINT (-87.58650066138 41.778658966596)
2cd3d99c48f194c6db4a36561e1cda86f96bbc5f05d258151e0677d7cfd930eb15d566c83be82428168a70727fd20e29cb2ca053a6237e89c1dd26e59f16756f,JC423342,,09/07/2019 07:47:00 AM,35,NO CONTROLS,NO CONTROLS,CLEAR,DAYLIGHT,PEDESTRIAN,T-INTERSECTION,,STRAIGHT AND LEVEL,DRY,NO DEFECTS,ON SCENE,INJURY AND / OR TOW DUE TO CRASH,Y,,,$500 OR LESS,09/07/2019 07:48:00 AM,UNABLE TO DETERMINE,UNABLE TO DETERMINE,3231,N,PULASKI RD,1732.0,,,,,,,2,NONINCAPACITATING INJURY,1.0,0.0,0.0,1.0,0.0,1.0,0.0,7,7,9,41.9400501635,-87.72706237,POINT (-87.727062369963 41.940050163546)
be481641c88060905b0f2b4229b7eb52eb3eae741fa786d7e8fa5fc15fd0ba39a06bcb76947ede55419722fd65e3821c1bc9d6ad5eb4c2bc741f2d523827169c,JF298511,,06/29/2022 11:35:00 AM,30,NO CONTROLS,FUNCTIONING PROPERLY,CLEAR,DAYLIGHT,SIDESWIPE SAME DIRECTION,DIVIDED - W/MEDIAN (NOT RAISED),,STRAIGHT AND LEVEL,DRY,NO DEFECTS,ON SCENE,NO INJURY / DRIVE AWAY,,,Y,$500 OR LESS,06/29/2022 11:35:00 AM,UNABLE TO DETERMINE,UNABLE TO DETERMINE,1612,W,95TH ST,2221.0,,,,,,,2,NO INDICATION OF INJURY,0.0,0.0,0.0,0.0,0.0,2.0,0.0,11,4,6,41.7213135219,-87.6633122707,POINT (-87.663312270671 41.721313521919)
dd34542e698c5eb8c66ad9f8327bc7ff1990c35f8f972bea025679727c97992c75a37490e5cfaedeadfa62cb0dd36da99f3fb35e1c521d35ea2d8698adf15316,JC258020,,05/10/2019 02:12:00 PM,30,NO CONTROLS,NO CONTROLS,CLEAR,DAYLIGHT,REAR END,NOT DIVIDED,,STRAIGHT AND LEVEL,DRY,NO DEFECTS,NOT ON SCENE (DESK REPORT),NO INJURY / DRIVE AWAY,,,Y,"OVER $1,500",05/10/2019 06:20:00 PM,FOLLOWING TOO CLOSELY,UNABLE TO DETERMINE,3931,W,CHICAGO AVE,1112.0,,,,,,,3,NO INDICATION OF INJURY,0.0,0.0,0.0,0.0,0.0,3.0,0.0,14,6,5,41.8952680771,-87.7248002323,POINT (-87.724800232269 41.895268077121)
a802b7200bf829c63f2ba58ad847d158ce269906a911d1b60cf2b6d59328c215e9f8a393963cf36ae03c70995d315f9c6d183aaa34c5885ecaba7b9d07050078,JA298933,,06/09/2017 07:15:00 AM,30,STOP SIGN/FLASHER,FUNCTIONING PROPERLY,CLEAR,DAYLIGHT,ANGLE,NOT DIVIDED,2.0,STRAIGHT AND LEVEL,DRY,NO DEFECTS,ON SCENE,INJURY AND / OR TOW DUE TO CRASH,Y,,,"$501 - $1,500",06/09/2017 07:30:00 AM,UNABLE TO DETERMINE,NOT APPLICABLE,300,E,61ST ST,311.0,,,,,,,2,NONINCAPACITATING INJURY,1.0,0.0,0.0,1.0,0.0,3.0,0.0,7,6,6,41.7839382764,-87.6188662443,POINT (-87.618866244268 41.783938276352)
511ffde61ffe0d0ce85b8b014a6f9a3f4f02a37d2d973f0bc3f7fb8fae184d70542ed05a6d43e223c0edef1f54f45b7a1a5a057f54e9962fb21089ce38faa703,JD177515,,03/07/2020 04:15:00 PM,30,NO CONTROLS,NO CONTROLS,CLEAR,DAYLIGHT,TURNING,DIVIDED - W/MEDIAN (NOT RAISED),,STRAIGHT AND LEVEL,DRY,NO DEFECTS,ON SCENE,NO INJURY / DRIVE AWAY,,,,"OVER $1,500",03/07/2020 04:20:00 PM,UNABLE TO DETERMINE,NOT APPLICABLE,5606,W,MONTROSE AVE,1622.0,,,,,,,2,NO INDICATION OF INJURY,0.0,0.0,0.0,0.0,0.0,2.0,0.0,16,7,3,41.960590978,-87.7675430437,POINT (-87.767543043678 41.960590977973)
74eedf2a117c48e36bdbf81fffbb467db053a971c233ed72c624f95251681f6aab8309562a46fb486893897bfd8ad3eb69c19aac1cddf81838532b5130c89ca8,JB232364,,04/21/2018 11:30:00 AM,25,NO CONTROLS,NO CONTROLS,CLOUDY/OVERCAST,DAYLIGHT,PARKED MOTOR VEHICLE,NOT DIVIDED,1.0,STRAIGHT AND LEVEL,DRY,NO DEFECTS,ON SCENE,NO INJURY / DRIVE AWAY,,,,"$501 - $1,500",04/21/2018 11:40:00 AM,UNABLE TO DETERMINE,UNABLE TO DETERMINE,5231,S,HARPER AVE,234.0,,,,,,,2,NO INDICATION OF INJURY,0.0,0.0,0.0,0.0,0.0,3.0,0.0,11,7,4,41.7999674476,-87.5889713199,POINT (-87.588971319939 41.799967447627)
51ee430aca0cbf3648011dbbecbeea7c1f85d977c5146c650e37b413f789d4168898add9127ef0fc46cf53bf828da868edec30d070d03e540c70be7b1d5d9a00,JE103489,,01/04/2021 08:57:00 PM,30,TRAFFIC SIGNAL,FUNCTIONING PROPERLY,CLEAR,"DARKNESS, LIGHTED ROAD",REAR END,NOT DIVIDED,,STRAIGHT AND LEVEL,WET,NO DEFECTS,ON SCENE,NO INJURY / DRIVE AWAY,,,Y,"$501 - $1,500",01/04/2021 09:00:00 PM,UNABLE TO DETERMINE,NOT APPLICABLE,602,E,87TH ST,632.0,,,,,,,2,NO INDICATION OF INJURY,0.0,0.0,0.0,0.0,0.0,7.0,0.0,20,2,1,41.736692565,-87.6095395838,POINT (-87.609539583818 41.736692565035)
dcb778e42d2fcfffd82b1db6eba30e8ba138d8321ac4e4e705ea26cfb4827fafe9c1bb3e97124b7d3f418458f6e64489153d3109e3653f8a1804fc485727df36,JF274198,,06/04/2022 09:15:00 PM,30,TRAFFIC SIGNAL,FUNCTIONING PROPERLY,UNKNOWN,"DARKNESS, LIGHTED ROAD",REAR END,NOT DIVIDED,,STRAIGHT AND LEVEL,UNKNOWN,UNKNOWN,NOT ON SCENE (DESK REPORT),INJURY AND / OR TOW DUE TO CRASH,,,Y,"$501 - $1,500",06/10/2022 09:00:00 AM,UNABLE TO DETERMINE,UNABLE TO DETERMINE,500,W,BELMONT AVE,1925.0,,,,,,,2,"REPORTED, NOT EVIDENT",1.0,0.0,0.0,0.0,1.0,1.0,0.0,21,7,6,41.9401915096,-87.6420437145,POINT (-87.64204371446 41.940191509645)
2b138e657966d94e5a7346d4f417e96a34468ec141c4b2fb6a63de808681e23fd2c497e730de7d7f6a7a339363b1a34673e6c1889a1d29a3a2027a1c7f4a0ae9,HZ259180,,05/10/2016 02:57:00 PM,25,NO CONTROLS,NO CONTROLS,CLEAR,DAYLIGHT,PARKED MOTOR VEHICLE,NOT DIVIDED,,STRAIGHT AND LEVEL,WET,UNKNOWN,NOT ON SCENE (DESK REPORT),NO INJURY / DRIVE AWAY,,,Y,"OVER $1,500",05/10/2016 06:05:00 PM,DRIVING SKILLS/KNOWLEDGE/EXPERIENCE,NOT APPLICABLE,4804,S,HAMLIN AVE,821.0,,,,,,,2,NO INDICATION OF INJURY,0.0,0.0,0.0,0.0,0.0,1.0,0.0,14,3,5,41.8059120873,-87.7187669625,POINT (-87.718766962497 41.805912087291)
f83989e78cbf0a9fdf7445bca88e5de0ff6216bc20eba78a0ccc635b574a65616a8bbd79c1a9b4abf9d9ac23cf0b217c3ad38b187213a6f142f352fb9aa3cf07,JD339094,,08/20/2020 04:00:00 AM,30,STOP SIGN/FLASHER,FUNCTIONING PROPERLY,CLEAR,DARKNESS,PARKED MOTOR VEHICLE,NOT DIVIDED,,STRAIGHT AND LEVEL,DRY,UNKNOWN,NOT ON SCENE (DESK REPORT),NO INJURY / DRIVE AWAY,,,Y,"OVER $1,500",08/20/2020 02:51:00 PM,UNABLE TO DETERMINE,UNABLE TO DETERMINE,4412,S,HERMITAGE AVE,924.0,,,,,,,2,NO INDICATION OF INJURY,0.0,0.0,0.0,0.0,0.0,1.0,0.0,4,5,8,41.8135940065,-87.6688949239,POINT (-87.668894923881 41.813594006455)
851b4c1cc9cfabed36c59052eaf24813859b50dbb7453d930557fdf74d3541063087f29f77d256c5a060c9cbaadc68c852c7679805c4e30df8c0c0d75708dd24,HZ459737,,10/03/2016 04:59:00 PM,30,NO CONTROLS,NO CONTROLS,CLEAR,DAYLIGHT,TURNING,NOT DIVIDED,4.0,STRAIGHT AND LEVEL,DRY,NO DEFECTS,ON SCENE,NO INJURY / DRIVE AWAY,,,,"OVER $1,500",10/03/2016 05:54:00 PM,IMPROPER LANE USAGE,NOT APPLICABLE,6730,S,SOUTH SHORE DR,331.0,,,,,,,2,NO INDICATION OF INJURY,0.0,0.0,0.0,0.0,0.0,4.0,0.0,16,2,10,41.772627187,-87.5667665396,POINT (-87.566766539599 41.772627186963)
ae97b7f51d7fe44694910dcf7538676d40723c5f462be30835df3805198c56cec5b4174e0b22f6ecc0ea30a200dc9dc816b06c8203bb8c4555da5642432b2ffb,JD173909,,03/04/2020 03:40:00 PM,30,NO CONTROLS,NO CONTROLS,CLEAR,DAYLIGHT,REAR END,DIVIDED - W/MEDIAN (NOT RAISED),,STRAIGHT AND LEVEL,DRY,NO DEFECTS,ON SCENE,NO INJURY / DRIVE AWAY,,,,"OVER $1,500",03/04/2020 03:46:00 PM,FOLLOWING TOO CLOSELY,FAILING TO REDUCE SPEED TO AVOID CRASH,2300,W,47TH ST,924.0,,,,,,,2,NO INDICATION OF INJURY,0.0,0.0,0.0,0.0,0.0,2.0,0.0,15,4,3,41.808542113,-87.6820838188,POINT (-87.682083818804 41.808542113012)
78ff19ba99f0bd79d35e566a2c3bcce4fdea1fed55298053f986c5f5fdb110418e9490dc535c5b3cfa1d0a10880190a1c9c4e6af397817bf6894ae4cdd79f588,JF101241,,01/02/2022 12:25:00 PM,15,NO CONTROLS,NO CONTROLS,CLEAR,DAYLIGHT,ANGLE,PARKING LOT,,STRAIGHT AND LEVEL,DRY,NO DEFECTS,NOT ON SCENE (DESK REPORT),NO INJURY / DRIVE AWAY,,,,"$501 - $1,500",01/02/2022 12:50:00 PM,IMPROPER BACKING,NOT APPLICABLE,2105,S,JEFFERSON ST,1235.0,,,,,,,2,NO INDICATION OF INJURY,0.0,0.0,0.0,0.0,0.0,2.0,0.0,12,1,1,41.8540710351,-87.6416003433,POINT (-87.641600343301 41.854071035063)
4b06f4bec9b8d1d25269ae5882c9fd236d41ecf5d8ffe8ec9169e7f5dd129a5a639fa2b1121d1a5e136685bec2f5bfadf9211025680a1bcb13920b053c256b3d,JC175540,,03/06/2019 12:30:00 PM,20,NO CONTROLS,NO CONTROLS,CLOUDY/OVERCAST,DAYLIGHT,PARKED MOTOR VEHICLE,ONE-WAY,,STRAIGHT AND LEVEL,DRY,NO DEFECTS,ON SCENE,NO INJURY / DRIVE AWAY,,,,"OVER $1,500",03/06/2019 12:40:00 PM,DRIVING SKILLS/KNOWLEDGE/EXPERIENCE,DRIVING SKILLS/KNOWLEDGE/EXPERIENCE,2633,N,SAWYER AVE,1412.0,,,,,,,2,NO INDICATION OF INJURY,0.0,0.0,0.0,0.0,0.0,1.0,0.0,12,4,3,41.9293724544,-87.709278073,POINT (-87.709278073005 41.929372454443)
a0d4ff1a12253cb82603cbba74f4e11fd5291d9c54780fa1274adecfda4a7ec8461c21cf15a12d117da3e21b06d25e452fd838ce1cb43c5d4a856f7a08b99c64,JD267571,,06/18/2020 12:20:00 AM,30,NO CONTROLS,NO CONTROLS,CLEAR,"DARKNESS, LIGHTED ROAD",ANGLE,DIVIDED - W/MEDIAN (NOT RAISED),,STRAIGHT AND LEVEL,DRY,NO DEFECTS,ON SCENE,INJURY AND / OR TOW DUE TO CRASH,Y,,,"OVER $1,500",06/18/2020 12:22:00 AM,FAILING TO YIELD RIGHT-OF-WAY,UNABLE TO DETERMINE,5632,W,WASHINGTON BLVD,1512.0,,,,,,,2,NONINCAPACITATING INJURY,1.0,0.0,0.0,1.0,0.0,2.0,0.0,0,5,6,41.8823305078,-87.7663311303,POINT (-87.766331130276 41.882330507828)
501aa567d3ea8c839bd4150fe16f10a0c020f862646a46fa19ed2600f57f6684bd8e0183aaca7470c6e1293d837e3f67dea40b2b06e9149d8259f76e50473ab3,JF315114,,07/11/2022 06:09:00 AM,30,NO CONTROLS,NO CONTROLS,CLEAR,DAYLIGHT,REAR END,UNKNOWN INTERSECTION TYPE,,STRAIGHT AND LEVEL,DRY,NO DEFECTS,NOT ON SCENE (DESK REPORT),NO INJURY / DRIVE AWAY,,,,"OVER $1,500",07/12/2022 05:00:00 PM,UNABLE TO DETERMINE,NOT APPLICABLE,1632,E,MIDWAY PLAISANCE,331.0,Y,,,,,,2,NO INDICATION OF INJURY,0.0,0.0,0.0,0.0,0.0,3.0,0.0,6,2,7,41.7863704168,-87.5854509578,POINT (-87.585450957797 41.786370416833)
d31f38dbf3f0591608fa4ceca3fe0badd2a86a7711f731ecb9de5e6df6e8367984c40375797f5749787faf0dcbeaa0ccd6514568e653972376439c27337c81ee,JF397662,,09/15/2022 09:09:00 PM,35,NO CONTROLS,NO CONTROLS,CLEAR,"DARKNESS, LIGHTED ROAD",FIXED OBJECT,DIVIDED - W/MEDIAN BARRIER,,STRAIGHT AND LEVEL,DRY,NO DEFECTS,ON SCENE,INJURY AND / OR TOW DUE TO CRASH,,,,"OVER $1,500",09/15/2022 09:22:00 PM,NOT APPLICABLE,NOT APPLICABLE,801,E,95TH ST,511.0,,,,,,,1,NONINCAPACITATING INJURY,1.0,0.0,0.0,1.0,0.0,0.0,0.0,21,5,9,41.7219344056,-87.6044495458,POINT (-87.60444954578 41.721934405565)
a34b387c1fbacc09d83210145b40d175e8c3804d9634502d8d97caf2d4f5b39b7ecc7eb7dc5261993f8c422cdcb37cd50a735149b91e1179d47e68dd19aee7fa,JD403417,,10/18/2020 12:00:00 AM,30,NO CONTROLS,NO CONTROLS,UNKNOWN,"DARKNESS, LIGHTED ROAD",PARKED MOTOR VEHICLE,NOT DIVIDED,,STRAIGHT AND LEVEL,WET,NO DEFECTS,ON SCENE,INJURY AND / OR TOW DUE TO CRASH,,,Y,"OVER $1,500",10/18/2020 03:07:00 PM,FAILING TO REDUCE SPEED TO AVOID CRASH,NOT APPLICABLE,615,W,44TH ST,925.0,,,,,,,2,NO INDICATION OF INJURY,0.0,0.0,0.0,0.0,0.0,1.0,0.0,0,1,10,41.8143139452,-87.6415713135,POINT (-87.641571313544 41.814313945237)
04a40019cb293f80359e5b68c54f67ac3379a980e96232382a5f88e51d81838db2d7b73e2309b738ec833c4db04c20aceb8ed1ca3fa0104377d97f359aad6a7f,JG320863,,06/29/2023 01:20:00 PM,30,TRAFFIC SIGNAL,FUNCTIONING PROPERLY,CLEAR,DAYLIGHT,ANGLE,FOUR WAY,,STRAIGHT AND LEVEL,DRY,NO DEFECTS,ON SCENE,INJURY AND / OR TOW DUE TO CRASH,Y,,,"OVER $1,500",06/29/2023 01:30:00 PM,DISREGARDING TRAFFIC SIGNALS,UNABLE TO DETERMINE,5500,S,ST LOUIS AVE,822.0,,,,,,,3,NO INDICATION OF INJURY,0.0,0.0,0.0,0.0,0.0,5.0,0.0,13,5,6,41.7933134483,-87.7110473044,POINT (-87.711047304354 41.793313448268)
5a0912875cfef49d19ba184bfd09fc14f4b3fc7590483baa9672c8d27701c100875a20ed34b4c21a3d13e98f214745828d5cd76eabb241142423dffd0333d89f,JC250764,Y,05/05/2019 01:45:00 PM,30,NO CONTROLS,NO CONTROLS,CLEAR,DAYLIGHT,REAR END,NOT DIVIDED,,STRAIGHT AND LEVEL,DRY,NO DEFECTS,ON SCENE,NO INJURY / DRIVE AWAY,,,,"OVER $1,500",05/05/2019 01:45:00 PM,FOLLOWING TOO CLOSELY,UNABLE TO DETERMINE,5200,S,PULASKI RD,815.0,,,,,,,3,NO INDICATION OF INJURY,0.0,0.0,0.0,0.0,0.0,6.0,0.0,13,1,5,41.798505044,-87.7234587371,POINT (-87.723458737142 41.798505044022)
6affdfd8e696f24407a79bf85b4ac178a0d49749ee8043a5b270f0f5635ecc83247d6c54427f910456979ea14f49704938b78d431b60c88c1467692b6fc9d691,JC286219,,05/31/2019 12:30:00 PM,10,NO CONTROLS,NO CONTROLS,CLEAR,DAYLIGHT,PARKED MOTOR VEHICLE,PARKING LOT,,STRAIGHT AND LEVEL,DRY,NO DEFECTS,ON SCENE,NO INJURY / DRIVE AWAY,,Y,,$500 OR LESS,05/31/2019 12:40:00 PM,IMPROPER BACKING,NOT APPLICABLE,1546,N,HOYNE AVE,1424.0,,,,,,,2,NO INDICATION OF INJURY,0.0,0.0,0.0,0.0,0.0,1.0,0.0,12,6,5,41.9095561648,-87.6800297326,POINT (-87.680029732553 41.909556164781)
63e5443b9f8ca78ada044df9cd54573188cba4bb2db38be72db35feb6feed938c155e2e3d02b6759ba06b6f12e755d72287e49235eccff1963a03ef2a9236c3b,JC480517,Y,10/21/2019 07:00:00 AM,30,UNKNOWN,UNKNOWN,UNKNOWN,UNKNOWN,FIXED OBJECT,NOT DIVIDED,,STRAIGHT AND LEVEL,UNKNOWN,NO DEFECTS,ON SCENE,INJURY AND / OR TOW DUE TO CRASH,,,,"OVER $1,500",10/21/2019 08:15:00 AM,UNABLE TO DETERMINE,UNABLE TO DETERMINE,2015,W,83RD ST,614.0,,,,,,,1,,,,,,,,,7,2,10,41.7428250613,-87.673610504,POINT (-87.673610504009 41.74282506128)
5cb85a31600f3456034571161d288bbb0f75c4d87a01b759a5e75acc2c00000111f472b47d711adcfc32d55a61b956d8f4b9ae4ea93422c9f3d6cd39a033589d,JD104016,,01/04/2020 11:50:00 AM,30,NO CONTROLS,NO CONTROLS,CLEAR,DAYLIGHT,FIXED OBJECT,NOT DIVIDED,,STRAIGHT AND LEVEL,DRY,NO DEFECTS,ON SCENE,INJURY AND / OR TOW DUE TO CRASH,,,,"OVER $1,500",01/04/2020 12:05:00 PM,UNABLE TO DETERMINE,UNABLE TO DETERMINE,1800,W,91ST ST,2221.0,,,,,,,1,NONINCAPACITATING INJURY,2.0,0.0,0.0,2.0,0.0,0.0,0.0,11,7,1,41.7285335318,-87.6679024485,POINT (-87.667902448528 41.728533531807)
41ece825cbdf83452687a3d6dc873111c4de5ad29fce94b626ae81d15ede1e4f87982ef11668bc25dd1e4b3b52bbcc993cefd4b00db265ba85c33809f488611e,JA447875,Y,09/23/2017 10:00:00 AM,30,NO CONTROLS,NO CONTROLS,CLEAR,DAYLIGHT,PARKED MOTOR VEHICLE,ONE-WAY,1.0,STRAIGHT AND LEVEL,DRY,NO DEFECTS,NOT ON SCENE (DESK REPORT),NO INJURY / DRIVE AWAY,,,,"OVER $1,500",09/26/2017 05:50:00 PM,UNABLE TO DETERMINE,NOT APPLICABLE,2533,W,HOMER ST,1434.0,,,,,,,2,NO INDICATION OF INJURY,0.0,0.0,0.0,0.0,0.0,1.0,0.0,10,7,9,41.9165266065,-87.6911668753,POINT (-87.691166875262 41.916526606488)
7a83fd67d2733b6102d1c615872d7ff7d56fa61caae46b171c1f76ece09ed05b2031f07dee58f9c1003a79ba31f35b82dee810e4acbb4dd317d1183005df5211,JG166988,,02/26/2023 06:10:00 PM,30,NO CONTROLS,NO CONTROLS,CLEAR,"DARKNESS, LIGHTED ROAD",PARKED MOTOR VEHICLE,ONE-WAY,,STRAIGHT AND LEVEL,DRY,NO DEFECTS,ON SCENE,INJURY AND / OR TOW DUE TO CRASH,,,,"OVER $1,500",02/26/2023 06:16:00 PM,UNABLE TO DETERMINE,UNABLE TO DETERMINE,822,N,ST LOUIS AVE,1121.0,,,,,,,2,NO INDICATION OF INJURY,0.0,0.0,0.0,0.0,0.0,2.0,0.0,18,1,2,41.8961941208,-87.7140451285,POINT (-87.714045128501 41.896194120769)
a3977c056f2f8f37752ba5defd8eee7f6a61e29afc68785d99c218f609124b813c100e5dfb696a32733142b7d352d6e97dc151b4a2218a9c61ad0e2d999a1b0a,JF230797,,05/05/2022 07:10:00 AM,30,NO CONTROLS,NO CONTROLS,CLEAR,DAYLIGHT,SIDESWIPE SAME DIRECTION,ONE-WAY,,STRAIGHT AND LEVEL,DRY,NO DEFECTS,NOT ON SCENE (DESK REPORT),NO INJURY / DRIVE AWAY,,,Y,"OVER $1,500",05/05/2022 07:40:00 AM,IMPROPER LANE USAGE,IMPROPER OVERTAKING/PASSING,400,S,DEARBORN ST,113.0,,,,,,,2,NO INDICATION OF INJURY,0.0,0.0,0.0,0.0,0.0,2.0,0.0,7,5,5,41.8768332074,-87.6294075903,POINT (-87.629407590326 41.876833207404)
11bf3c773dd78332d932187ee81e70522dd15b95f59a6b24601d9c8352359da4fde17669ad63fd3018bfac380b19c6e8b2e95a373107b9cddaffeea8d8105efd,JG421054,Y,09/12/2023 10:10:00 AM,25,NO CONTROLS,NO CONTROLS,CLEAR,DAYLIGHT,REAR END,DIVIDED - W/MEDIAN (NOT RAISED),,STRAIGHT AND LEVEL,DRY,NO DEFECTS,NOT ON SCENE (DESK REPORT),NO INJURY / DRIVE AWAY,,,,"$501 - $1,500",09/12/2023 10:20:00 AM,UNABLE TO DETERMINE,UNABLE TO DETERMINE,5400,N,LINCOLN AVE,2011.0,,,,,,,3,NO INDICATION OF INJURY,0.0,0.0,0.0,0.0,0.0,3.0,0.0,10,3,9,41.9795495131,-87.6928445094,POINT (-87.692844509402 41.979549513091)
983d7784b4a8304931a92aba83391fd1546c41b734acc44a3c5cd6e800ced060dfa2b80f3da254d7e02d8c85f5c4ca15abbf4d9551afee048ca20b526ac97658,JD182265,,03/11/2020 09:00:00 AM,20,NO CONTROLS,NO CONTROLS,CLEAR,DAYLIGHT,PARKED MOTOR VEHICLE,NOT DIVIDED,,STRAIGHT AND LEVEL,DRY,NO DEFECTS,NOT ON SCENE (DESK REPORT),NO INJURY / DRIVE AWAY,,,Y,"$501 - $1,500",03/11/2020 05:26:00 PM,UNABLE TO DETERMINE,NOT APPLICABLE,2409,S,OAKLEY AVE,1034.0,,,,,,,2,NO INDICATION OF INJURY,0.0,0.0,0.0,0.0,0.0,1.0,0.0,9,4,3,41.8481597228,-87.6829402825,POINT (-87.682940282547 41.848159722832)
2f0908ba85ee2070216515c3747d7eccca71aec43015a333d60d214ab560723f4a963063ecaa2be7a0e2feb741816471fd72ea3ad38d4e6d594c101960c246a9,JG333782,,07/08/2023 11:20:00 PM,30,TRAFFIC SIGNAL,FUNCTIONING PROPERLY,CLEAR,"DARKNESS, LIGHTED ROAD",TURNING,FOUR WAY,,STRAIGHT AND LEVEL,DRY,NO DEFECTS,,INJURY AND / OR TOW DUE TO CRASH,,,Y,"OVER $1,500",07/09/2023 10:15:00 AM,IMPROPER OVERTAKING/PASSING,FAILING TO YIELD RIGHT-OF-WAY,3600,N,KEDZIE AVE,1733.0,,,,,,,2,NO INDICATION OF INJURY,0.0,0.0,0.0,0.0,0.0,2.0,0.0,23,7,7,41.9467192597,-87.7079719507,POINT (-87.707971950739 41.946719259657)
a6ac77c598ead6664f7c8ab9215f8c80c696ae8bf43d465b622e0567385a06aa80746a7ab237e0110af511b3373e84f7f42dc028c2430c32961229234012f37e,JF217809,,04/23/2022 11:36:00 PM,30,NO CONTROLS,NO CONTROLS,CLEAR,"DARKNESS, LIGHTED ROAD",PARKED MOTOR VEHICLE,DIVIDED - W/MEDIAN (NOT RAISED),,STRAIGHT AND LEVEL,DRY,NO DEFECTS,ON SCENE,NO INJURY / DRIVE AWAY,,,Y,"OVER $1,500",04/23/2022 11:36:00 PM,UNDER THE INFLUENCE OF ALCOHOL/DRUGS (USE WHEN ARREST IS EFFECTED),UNDER THE INFLUENCE OF ALCOHOL/DRUGS (USE WHEN ARREST IS EFFECTED),4753,N,BROADWAY,1914.0,,,,,,,2,NO INDICATION OF INJURY,0.0,0.0,0.0,0.0,0.0,1.0,0.0,23,7,4,41.9687237106,-87.6594140875,POINT (-87.659414087496 41.968723710558)