CRASH_RECORD_ID,RD_NO,CRASH_DATE_EST_I,CRASH_DATE,POSTED_SPEED_LIMIT,TRAFFIC_CONTROL_DEVICE,DEVICE_CONDITION,WEATHER_CONDITION,LIGHTING_CONDITION,FIRST_CRASH_TYPE,TRAFFICWAY_TYPE,LANE_CNT,ALIGNMENT,ROADWAY_SURFACE_COND,ROAD_DEFECT,REPORT_TYPE,CRASH_TYPE,INTERSECTION_RELATED_I,NOT_RIGHT_OF_WAY_I,HIT_AND_RUN_I,DAMAGE,DATE_POLICE_NOTIFIED,PRIM_CONTRIBUTORY_CAUSE,SEC_CONTRIBUTORY_CAUSE,STREET_NO,STREET_DIRECTION,STREET_NAME,BEAT_OF_OCCURRENCE,PHOTOS_TAKEN_I,STATEMENTS_TAKEN_I,DOORING_I,WORK_ZONE_I,WORK_ZONE_TYPE,WORKERS_PRESENT_I,NUM_UNITS,MOST_SEVERE_INJURY,INJURIES_TOTAL,INJURIES_FATAL,INJURIES_INCAPACITATING,INJURIES_NON_INCAPACITATING,INJURIES_REPORTED_NOT_EVIDENT,INJURIES_NO_INDICATION,INJURIES_UNKNOWN,CRASH_HOUR,CRASH_DAY_OF_WEEK,CRASH_MONTH,LATITUDE,LONGITUDE,LOCATION
80dc930ca34bd6cd881d73704373f51c13dc4d17e2b807543cd5d7b2e6df7698a162f20c6204a9704fab3a71d5573d33cd52a97975143dc414819ada5ece730c,JC394430,,08/16/2019 02:20:00 AM,30,TRAFFIC SIGNAL,FUNCTIONING PROPERLY,CLEAR,"DARKNESS, LIGHTED ROAD",PEDALCYCLIST,DIVIDED - W/MEDIAN (NOT RAISED),,STRAIGHT AND LEVEL,DRY,NO DEFECTS,ON SCENE,INJURY AND / OR TOW DUE TO CRASH,Y,,,"OVER $1,500",08/16/2019 02:23:00 AM,DISREGARDING TRAFFIC SIGNALS,FAILING TO REDUCE SPEED TO AVOID CRASH,999,N,MICHIGAN AVE,1833.0,,,,,,,2,INCAPACITATING INJURY,1.0,0.0,1.0,0.0,0.0,1.0,0.0,2,6,8,41.9007588511,-87.6239842545,POINT (-87.623984254519 41.900758851116)
5d1299dd42c1f0952599e4e85ea4cd5baac3cc8fdeaefffb621b2418cdd9cd824f4f4ef32f8b1068c93266db625077a6e5edf02475bf4e7be65837382b419d66,HY144823,Y,02/08/2016 03:20:00 PM,30,NO CONTROLS,NO CONTROLS,CLEAR,DAYLIGHT,SIDESWIPE SAME DIRECTION,NOT DIVIDED,2.0,STRAIGHT AND LEVEL,DRY,NO DEFECTS,NOT ON SCENE (DESK REPORT),NO INJURY / DRIVE AWAY,,,,"OVER $1,500",02/08/2016 04:44:00 PM,IMPROPER OVERTAKING/PASSING,IMPROPER TURNING/NO SIGNAL,6000,W,TOUHY AVE,1621.0,,,,,,,2,NO INDICATION OF INJURY,0.0,0.0,0.0,0.0,0.0,2.0,0.0,15,2,2,42.0120919502,-87.7770276648,POINT (-87.777027664841 42.012091950198)
3ed5d093b6d6288898753639727c7ab582a0c5e153b9fa1732156def9a2c16b4dde95aefa567c7afa5f1d7029918bb11bdfa1057b3aecb26ae93443c7a7ffacd,JE256392,,06/06/2021 10:00:00 PM,30,NO CONTROLS,NO CONTROLS,CLEAR,"DARKNESS, LIGHTED ROAD",PARKED MOTOR VEHICLE,NOT DIVIDED,,STRAIGHT AND LEVEL,DRY,NO DEFECTS,ON SCENE,NO INJURY / DRIVE AWAY,,,,"$501 - $1,500",06/06/2021 10:16:00 PM,"OPERATING VEHICLE IN ERRATIC, RECKLESS, CARELESS, NEGLIGENT OR AGGRESSIVE MANNER",NOT APPLICABLE,3419,N,MELVINA AVE,1633.0,,,,,,,2,NO INDICATION OF INJURY,0.0,0.0,0.0,0.0,0.0,1.0,0.0,22,1,6,41.9426247423,-87.7810985763,POINT (-87.781098576264 41.942624742292)
0a837c5f924d80a6896c5d2f5b74a00722afed190b74ff75d98a42f7024b67ec03b56132200236c9c5849225041036e1595ab4da9a24b3d212282b87dc0a7310,JA311833,,06/17/2017 11:30:00 PM,30,NO CONTROLS,NO CONTROLS,CLEAR,"DARKNESS, LIGHTED ROAD",PARKED MOTOR VEHICLE,DIVIDED - W/MEDIAN (NOT RAISED),2.0,STRAIGHT AND LEVEL,DRY,NO DEFECTS,NOT ON SCENE (DESK REPORT),NO INJURY / DRIVE AWAY,,,Y,$500 OR LESS,06/18/2017 02:15:00 AM,UNABLE TO DETERMINE,UNABLE TO DETERMINE,1324,W,MORSE AVE,2431.0,,,,,,,2,NO INDICATION OF INJURY,0.0,0.0,0.0,0.0,0.0,1.0,0.0,23,7,6,42.0080397122,-87.6647388986,POINT (-87.664738898586 42.008039712226)
21cefc5b6b57d6c88b8cdbc0c41479cdb7df660e0f139f993f22a1b1bbc63e812afda79491f7d61b2cfe6b70471bf46e596416d524b805bb316628e1341c5738,JF337819,,07/30/2022 05:44:00 PM,30,NO CONTROLS,NO CONTROLS,CLEAR,DAYLIGHT,TURNING,NOT DIVIDED,,STRAIGHT AND LEVEL,DRY,UNKNOWN,ON SCENE,INJURY AND / OR TOW DUE TO CRASH,,,,"OVER $1,500",07/30/2022 05:45:00 PM,IMPROPER TURNING/NO SIGNAL,IMPROPER TURNING/NO SIGNAL,5313,N,AUSTIN AVE,1622.0,,,,,,,2,NO INDICATION OF INJURY,0.0,0.0,0.0,0.0,0.0,2.0,0.0,17,7,7,41.9778547108,-87.7779887751,POINT (-87.777988775111 41.977854710808)
e5de0e00a2fbf3eabe58991b321bb93d20571f5eb16262c781ab1a225dba9e51c53716ad45dcfed5d86d3ea6a8dc2b38884375ecaba96e36de50ef4b33c98bf4,HZ552008,,12/14/2016 07:35:00 AM,30,NO CONTROLS,NO CONTROLS,CLEAR,DAWN,REAR END,DIVIDED - W/MEDIAN (NOT RAISED),2.0,STRAIGHT AND LEVEL,ICE,NO DEFECTS,NOT ON SCENE (DESK REPORT),NO INJURY / DRIVE AWAY,,,,$500 OR LESS,12/14/2016 09:30:00 PM,FAILING TO REDUCE SPEED TO AVOID CRASH,EXCEEDING SAFE SPEED FOR CONDITIONS,550,E,83RD ST,631.0,,,,,,,2,NO INDICATION OF INJURY,0.0,0.0,0.0,0.0,0.0,2.0,0.0,7,4,12,41.7439950591,-87.6102754854,POINT (-87.610275485448 41.743995059059)
72c5ffe7ec59be7de667a66be5b9f97a43ed1d4a6e0e5c0fa364a3dfc11eb6ff9cbc910b06e24d94a85d1a12a8711730396915cfbd31742326bb17676a27c564,JG111208,,01/10/2023 03:45:00 PM,30,TRAFFIC SIGNAL,FUNCTIONING PROPERLY,CLEAR,DAYLIGHT,REAR END,FOUR WAY,,STRAIGHT AND LEVEL,DRY,NO DEFECTS,ON SCENE,NO INJURY / DRIVE AWAY,,,,"OVER $1,500",01/10/2023 03:50:00 PM,FAILING TO REDUCE SPEED TO AVOID CRASH,NOT APPLICABLE,6798,W,BELMONT AVE,1632.0,,,,,,,3,NO INDICATION OF INJURY,0.0,0.0,0.0,0.0,0.0,3.0,0.0,15,3,1,41.9382690733,-87.7956394558,POINT (-87.79563945579 41.938269073258)
4fd70882978ca97569b4e47aa55e5d0279b582c5622cc030f69b73ac4cf5a2bfcd9da7255093f90ae5d5f43b36a087a1e4ba7d283070ec3555cd58361438fc0b,JD421271,,11/04/2020 11:22:00 PM,30,STOP SIGN/FLASHER,FUNCTIONING PROPERLY,CLEAR,"DARKNESS, LIGHTED ROAD",ANGLE,NOT DIVIDED,,STRAIGHT AND LEVEL,DRY,NO DEFECTS,ON SCENE,INJURY AND / OR TOW DUE TO CRASH,,,,"OVER $1,500",11/04/2020 11:22:00 PM,DISREGARDING STOP SIGN,FAILING TO REDUCE SPEED TO AVOID CRASH,3532,E,100TH ST,432.0,,,,,,,2,"REPORTED, NOT EVIDENT",2.0,0.0,0.0,0.0,2.0,1.0,0.0,23,4,11,41.7139801628,-87.5376328154,POINT (-87.537632815422 41.713980162751)
89b1341e9356b86c5fc17001914e5a134046d235b691c71a6cc37192ce8d5d46784efe88cb857293ad458a1e7d01f33444479bbaf2197224e31b2033d4c68c0d,JB564130,,12/21/2018 02:30:00 PM,25,NO CONTROLS,NO CONTROLS,CLEAR,DAYLIGHT,PARKED MOTOR VEHICLE,ONE-WAY,,STRAIGHT AND LEVEL,DRY,NO DEFECTS,,NO INJURY / DRIVE AWAY,,,N,$500 OR LESS,12/22/2018 03:00:00 PM,UNABLE TO DETERMINE,NOT APPLICABLE,6312,W,GRACE ST,1633.0,,,,,,,2,NO INDICATION OF INJURY,0.0,0.0,0.0,0.0,0.0,1.0,0.0,14,6,12,41.9494272256,-87.7845388168,POINT (-87.784538816759 41.949427225569)
9977494d9391a77361e307e4f044b13332776692a2e45f613512ee16998ec48f943846f1526d488f85da84de38826e87728dcab58a247a48a04836da037dac2d,JB506021,,11/06/2018 08:00:00 AM,35,TRAFFIC SIGNAL,FUNCTIONING PROPERLY,CLEAR,DAYLIGHT,REAR END,NOT DIVIDED,2.0,STRAIGHT AND LEVEL,DRY,NO DEFECTS,NOT ON SCENE (DESK REPORT),NO INJURY / DRIVE AWAY,,,,"$501 - $1,500",11/06/2018 03:30:00 PM,UNABLE TO DETERMINE,UNABLE TO DETERMINE,500,S,KOSTNER AVE,1131.0,,,,,,,2,NO INDICATION OF INJURY,0.0,0.0,0.0,0.0,0.0,2.0,0.0,8,3,11,41.8742110549,-87.7353870892,POINT (-87.735387089165 41.874211054858)
65d87ce84dfb783c625507ae999179fb702214f54aa770a1869b4f3b996ff6f90b97fa45870052b3a173bcd082152247f94453e545d06896084727aabac621f9,JD179958,,03/09/2020 03:45:00 PM,30,NO CONTROLS,NO CONTROLS,RAIN,DAYLIGHT,REAR END,DIVIDED - W/MEDIAN (NOT RAISED),,STRAIGHT AND LEVEL,WET,NO DEFECTS,NOT ON SCENE (DESK REPORT),NO INJURY / DRIVE AWAY,,,,"OVER $1,500",03/09/2020 06:50:00 PM,UNABLE TO DETERMINE,UNABLE TO DETERMINE,4834,N,NAGLE AVE,1613.0,,,,,,,2,NO INDICATION OF INJURY,0.0,0.0,0.0,0.0,0.0,2.0,0.0,15,2,3,41.9694915624,-87.7881430907,POINT (-87.788143090713 41.969491562374)
3b7cef1b60f87a42472e1859b7c120fcf5cac5043c03152f07e02af64d5c4306c159424878468f8577e476a130b09307603b19d76beadb7e6b5074883e9b96f9,JC466137,,09/29/2019 08:00:00 PM,30,TRAFFIC SIGNAL,FUNCTIONING PROPERLY,CLEAR,"DARKNESS, LIGHTED ROAD",FIXED OBJECT,DIVIDED - W/MEDIAN (NOT RAISED),,STRAIGHT AND LEVEL,DRY,"RUT, HOLES",NOT ON SCENE (DESK REPORT),NO INJURY / DRIVE AWAY,Y,,,$500 OR LESS,10/09/2019 01:50:00 PM,UNABLE TO DETERMINE,UNABLE TO DETERMINE,2800,N,DAMEN AVE,1931.0,,,,,,,1,NO INDICATION OF INJURY,0.0,0.0,0.0,0.0,0.0,1.0,0.0,20,1,9,41.9323294941,-87.6782827193,POINT (-87.678282719314 41.932329494099)
7cbb0e671e7a23390c3e5728c85b0a2221c2835d93f8357ce59a57cdac674e58b1e0cdcdcbbb55d8a42881076b5526ac5be9c6be54cdf4ef182398b012121997,JG359359,Y,07/27/2023 04:00:00 PM,30,NO CONTROLS,NO CONTROLS,UNKNOWN,UNKNOWN,PARKED MOTOR VEHICLE,ONE-WAY,,STRAIGHT AND LEVEL,UNKNOWN,UNKNOWN,ON SCENE,NO INJURY / DRIVE AWAY,,,,"OVER $1,500",07/28/2023 11:14:00 AM,IMPROPER BACKING,NOT APPLICABLE,2601,N,MAJOR AVE,2514.0,,,,,,,2,NO INDICATION OF INJURY,0.0,0.0,0.0,0.0,0.0,1.0,0.0,16,5,7,41.9276874252,-87.768405317,POINT (-87.768405316991 41.92768742517)
fa1f086659a67ea6edc66a5de017847132aa643d326215b447d1d3ae2663e78b228cb412dbd897ed23b941fa597d960c7c3b08bc4e7badfc8bc7e393916912c1,JE313548,Y,07/25/2021 12:18:00 AM,25,NO CONTROLS,NO CONTROLS,CLEAR,"DARKNESS, LIGHTED ROAD",PARKED MOTOR VEHICLE,NOT DIVIDED,,STRAIGHT AND LEVEL,DRY,NO DEFECTS,,NO INJURY / DRIVE AWAY,,,Y,"OVER $1,500",07/25/2021 12:00:00 PM,UNABLE TO DETERMINE,NOT APPLICABLE,5907,W,BARRY AVE,2514.0,,,,,,,3,NO INDICATION OF INJURY,0.0,0.0,0.0,0.0,0.0,1.0,0.0,0,1,7,41.9365395191,-87.7740542008,POINT (-87.774054200804 41.936539519104)
ba6b5cd4100f4b49592410edd76ad1c44c426df1b30eb4454e315574336ad5d1b0c15c96d65071ce18b0734debb958af0e603651e124a465ce6adfaa53bf090a,JC432323,,09/13/2019 08:00:00 AM,30,NO CONTROLS,NO CONTROLS,CLEAR,DAYLIGHT,TURNING,NOT DIVIDED,,STRAIGHT AND LEVEL,DRY,NO DEFECTS,NOT ON SCENE (DESK REPORT),NO INJURY / DRIVE AWAY,Y,,,"$501 - $1,500",09/13/2019 08:00:00 PM,FAILING TO YIELD RIGHT-OF-WAY,"VISION OBSCURED (SIGNS, TREE LIMBS, BUILDINGS, ETC.)",5621,W,GRAND AVE,2515.0,,,,,,,2,NO INDICATION OF INJURY,0.0,0.0,0.0,0.0,0.0,2.0,0.0,8,6,9,41.9188189949,-87.766755281,POINT (-87.766755281034 41.918818994946)
bd354557735f643864cbabcf59324acd1e89431f4faa18a91aaedcb061f0276b070c6da5946c28c16d20274a3a26cf43ef2899dce859c8e7704d3b9ca23116e2,JG178680,,03/08/2023 04:25:00 PM,30,STOP SIGN/FLASHER,FUNCTIONING PROPERLY,CLEAR,DAYLIGHT,ANGLE,FOUR WAY,,STRAIGHT AND LEVEL,DRY,NO DEFECTS,NOT ON SCENE (DESK REPORT),NO INJURY / DRIVE AWAY,,,,"OVER $1,500",03/08/2023 05:15:00 PM,DRIVING SKILLS/KNOWLEDGE/EXPERIENCE,NOT APPLICABLE,6100,S,DREXEL AVE,313.0,,,,,,,2,NO INDICATION OF INJURY,0.0,0.0,0.0,0.0,0.0,2.0,0.0,16,4,3,41.7840363887,-87.6045317501,POINT (-87.604531750085 41.784036388716)
55d00d6fa588a7cfc4b83af9c9a32a0e32ef4579ef14199841dfce882690a1e8b5cffd405cf5d35d7cf9c1fd2fc8f1ce73fd74129b7d5476879e52f46f53d9f9,HZ424270,,09/07/2016 01:30:00 PM,30,TRAFFIC SIGNAL,FUNCTIONING PROPERLY,RAIN,DAYLIGHT,REAR END,DIVIDED - W/MEDIAN (NOT RAISED),2.0,STRAIGHT AND LEVEL,WET,NO DEFECTS,NOT ON SCENE (DESK REPORT),NO INJURY / DRIVE AWAY,Y,,,"OVER $1,500",09/07/2016 02:10:00 PM,WEATHER,NOT APPLICABLE,4531,W,AUGUSTA BLVD,1111.0,,,,,,,2,NO INDICATION OF INJURY,0.0,0.0,0.0,0.0,0.0,2.0,0.0,13,4,9,41.8986900934,-87.7397323188,POINT (-87.739732318789 41.89869009343)
ea9c63a9bfead179c2e30dd5f7fa5999b41a7b6f5f5d5edb8f759b008e5e00c12f81b52e376013ab20aaa5c159386c2c466da9784e0cf125fcfecefaa367249f,JC144830,,02/08/2019 01:00:00 PM,30,NO CONTROLS,NO CONTROLS,CLEAR,DAYLIGHT,SIDESWIPE SAME DIRECTION,NOT DIVIDED,,STRAIGHT AND LEVEL,DRY,NO DEFECTS,NOT ON SCENE (DESK REPORT),NO INJURY / DRIVE AWAY,,,Y,"$501 - $1,500",02/08/2019 01:24:00 PM,UNABLE TO DETERMINE,NOT APPLICABLE,2239,N,WESTERN AVE,1432.0,,,,,,,2,NO INDICATION OF INJURY,0.0,0.0,0.0,0.0,0.0,2.0,0.0,13,6,2,41.9228223244,-87.6874310794,POINT (-87.687431079372 41.922822324419)
5470dd861b611436e2e61776140dd6b0b7c203ea45924a29b93569fc397c561aefb7b3c01fee015a44f822dbe652907d8a7987fcb8bbed272f954db06977806c,JB166256,,02/26/2018 03:38:00 PM,30,TRAFFIC SIGNAL,FUNCTIONING PROPERLY,CLEAR,DAYLIGHT,SIDESWIPE SAME DIRECTION,NOT DIVIDED,2.0,STRAIGHT AND LEVEL,DRY,NO DEFECTS,NOT ON SCENE (DESK REPORT),NO INJURY / DRIVE AWAY,,,,"$501 - $1,500",02/26/2018 03:39:00 PM,IMPROPER OVERTAKING/PASSING,IMPROPER LANE USAGE,10301,S,MICHIGAN AVE,512.0,,,,,,,2,NO INDICATION OF INJURY,0.0,0.0,0.0,0.0,0.0,2.0,0.0,15,2,2,41.7071568616,-87.6200704781,POINT (-87.620070478051 41.707156861607)
3cd281bdca2ce77ed6d904fa638dfca192408761adb1acf1c03247b97b2c365dac2b9bba93ffb0566efc4630f6c986ab7ebdff4c5d1dd5c83765bb2bdb26a06e,JF100799,,01/01/2022 07:06:00 PM,30,UNKNOWN,UNKNOWN,SNOW,"DARKNESS, LIGHTED ROAD",TURNING,NOT DIVIDED,,STRAIGHT AND LEVEL,SNOW OR SLUSH,UNKNOWN,ON SCENE,NO INJURY / DRIVE AWAY,Y,,,"$501 - $1,500",01/01/2022 07:07:00 PM,IMPROPER TURNING/NO SIGNAL,WEATHER,199,W,110TH ST,513.0,Y,Y,,,,,2,NO INDICATION OF INJURY,0.0,0.0,0.0,0.0,0.0,2.0,0.0,19,7,1,41.6942399889,-87.6278240928,POINT (-87.627824092763 41.694239988938)
89f886dd14a829ae86ff6280309970d92b8d79fa6231a98be28059cc8fea7841941670d9c29e764309e272c06f49690432e4335e3b1d480a07ec6a4351e6a6df,JD275872,,06/25/2020 12:30:00 PM,55,NO CONTROLS,NO CONTROLS,CLEAR,DAYLIGHT,OTHER OBJECT,DIVIDED - W/MEDIAN BARRIER,,STRAIGHT AND LEVEL,DRY,UNKNOWN,NOT ON SCENE (DESK REPORT),NO INJURY / DRIVE AWAY,,,,$500 OR LESS,06/25/2020 02:20:00 PM,"EVASIVE ACTION DUE TO ANIMAL, OBJECT, NONMOTORIST",UNABLE TO DETERMINE,7111,S,DAN RYAN EXPY OB,731.0,,,,,,,1,NO INDICATION OF INJURY,0.0,0.0,0.0,0.0,0.0,1.0,0.0,12,5,6,41.7650857585,-87.6257911343,POINT (-87.625791134316 41.765085758484)
52fe7168862f75b20ca324b1a8d3f4aa3ed2ab7a0115d687382b1476129457857f2c2dce4ca8eceecc3aeeaccc2e115fd4053cf37064ee4df758d87e019439de,JD131080,,01/28/2020 01:35:00 AM,30,TRAFFIC SIGNAL,FUNCTIONING PROPERLY,CLEAR,"DARKNESS, LIGHTED ROAD",REAR END,DIVIDED - W/MEDIAN (NOT RAISED),,STRAIGHT AND LEVEL,DRY,NO DEFECTS,ON SCENE,NO INJURY / DRIVE AWAY,,,,"$501 - $1,500",01/28/2020 01:41:00 AM,FOLLOWING TOO CLOSELY,UNDER THE INFLUENCE OF ALCOHOL/DRUGS (USE WHEN ARREST IS EFFECTED),300,N,HALSTED ST,1214.0,,,,,,,2,NO INDICATION OF INJURY,0.0,0.0,0.0,0.0,0.0,2.0,0.0,1,3,1,41.8868245846,-87.6476535517,POINT (-87.647653551662 41.886824584631)
deda6a970563211c9482e31a576623512e3e59ab26b5f1158c25634e20d04fdd5ac8cc56cb819681d86fec8e962945e95de70319e1ea0338e405c58f8c93d95f,HZ540385,Y,12/05/2016 08:16:00 AM,20,STOP SIGN/FLASHER,NO CONTROLS,SNOW,DAYLIGHT,SIDESWIPE SAME DIRECTION,ONE-WAY,1.0,STRAIGHT AND LEVEL,SNOW OR SLUSH,NO DEFECTS,NOT ON SCENE (DESK REPORT),NO INJURY / DRIVE AWAY,,,,"OVER $1,500",12/05/2016 08:40:00 AM,UNABLE TO DETERMINE,UNABLE TO DETERMINE,566,N,WABASH AVE,1834.0,,,,,,,2,NO INDICATION OF INJURY,0.0,0.0,0.0,0.0,0.0,2.0,0.0,8,2,12,41.8924509051,-87.6268912541,POINT (-87.6268912541 41.892450905076)
be68058f87f9e6f7cf85644b26a60b6690e9d0d978e5548f902bf69a3cd77ace3dd6a6057eb31ea79798481e74a64b5e8508dbe66cd55cce1e13512b8a80a831,HZ474476,,10/12/2016 07:00:00 PM,35,NO CONTROLS,NO CONTROLS,RAIN,DARKNESS,REAR END,NOT DIVIDED,,STRAIGHT AND LEVEL,WET,NO DEFECTS,NOT ON SCENE (DESK REPORT),NO INJURY / DRIVE AWAY,Y,,,"OVER $1,500",10/14/2016 07:15:00 PM,FOLLOWING TOO CLOSELY,FOLLOWING TOO CLOSELY,6099,N,KIMBALL AVE,1711.0,,,,,,,2,NO INDICATION OF INJURY,0.0,0.0,0.0,0.0,0.0,2.0,0.0,19,4,10,41.9919580919,-87.7138882529,POINT (-87.713888252851 41.991958091888)
12db816a0a744bbf270507c84966135d314a8fcd59a5bb849815860914aa3d7e6e8b8c58d326b0420d7938644d5826f67c8966c10c07003addcda249e69b16a1,JD247952,,05/30/2020 11:30:00 PM,30,NO CONTROLS,NO CONTROLS,CLEAR,"DARKNESS, LIGHTED ROAD",PARKED MOTOR VEHICLE,NOT DIVIDED,,STRAIGHT AND LEVEL,DRY,NO DEFECTS,ON SCENE,NO INJURY / DRIVE AWAY,,,,"OVER $1,500",05/30/2020 11:35:00 PM,UNABLE TO DETERMINE,NOT APPLICABLE,1430,W,47TH ST,924.0,,,,,,,3,NO INDICATION OF INJURY,0.0,0.0,0.0,0.0,0.0,1.0,0.0,23,7,5,41.8087638834,-87.6612613834,POINT (-87.661261383423 41.808763883375)
dc8ab6392dbf2ecbb69b0ddc866f63c709b249980f7e7f5df3e268eea0614472e7d40c0abb4db56b8565f07b46bbfd204fdd3fefcace7c9f4d97680ff5f9c275,JD370684,,09/17/2020 06:20:00 PM,30,PEDESTRIAN CROSSING SIGN,NO CONTROLS,CLEAR,DUSK,PEDALCYCLIST,NOT DIVIDED,,STRAIGHT AND LEVEL,DRY,NO DEFECTS,ON SCENE,NO INJURY / DRIVE AWAY,Y,,,$500 OR LESS,09/17/2020 06:25:00 PM,UNABLE TO DETERMINE,UNABLE TO DETERMINE,3858,W,ADDISON ST,1732.0,,,,,,,2,NO INDICATION OF INJURY,0.0,0.0,0.0,0.0,0.0,2.0,0.0,18,5,9,41.9465154941,-87.7248999036,POINT (-87.724899903646 41.946515494109)
39e6209257113fd9ff6a525c890994e8c129e5677afbd32f188852991d91e4a6afdaa00a25417f5734c3ceec111bafc0cd85b844d9414701567e1e8a284ab899,JB176347,,03/06/2018 08:58:00 PM,25,UNKNOWN,UNKNOWN,RAIN,"DARKNESS, LIGHTED ROAD",PEDESTRIAN,NOT DIVIDED,2.0,STRAIGHT AND LEVEL,WET,UNKNOWN,ON SCENE,INJURY AND / OR TOW DUE TO CRASH,,,,$500 OR LESS,03/06/2018 09:14:00 PM,IMPROPER BACKING,DRIVING SKILLS/KNOWLEDGE/EXPERIENCE,2347,W,MARQUETTE RD,832.0,,,,,,,2,NONINCAPACITATING INJURY,1.0,0.0,0.0,1.0,0.0,2.0,0.0,20,3,3,41.7718737647,-87.6828224482,POINT (-87.682822448207 41.771873764702)
cfb000169a050065a47909b93dc791c2563e1b478fca942fb5ac7d537fb47d85d7c7af33109860f065c05f2f2f615d6de0d995a500bdad0d451e435dfbee0b9c,JB373196,,07/31/2018 03:30:00 PM,30,TRAFFIC SIGNAL,FUNCTIONING PROPERLY,CLEAR,DAYLIGHT,REAR END,DIVIDED - W/MEDIAN (NOT RAISED),2.0,STRAIGHT AND LEVEL,DRY,NO DEFECTS,ON SCENE,INJURY AND / OR TOW DUE TO CRASH,,,,"$501 - $1,500",07/31/2018 04:06:00 PM,FOLLOWING TOO CLOSELY,FAILING TO REDUCE SPEED TO AVOID CRASH,2424,S,STATE ST,131.0,,,,,,,2,NO INDICATION OF INJURY,0.0,0.0,0.0,0.0,0.0,2.0,0.0,15,3,7,41.8485128247,-87.6271268131,POINT (-87.627126813148 41.848512824676)
2f35e32253bfe10849908d3fb79048aec20731ed1469cf632a22464f885621631965d1f927df173e41380edcc9bb444afb7bee48a6f0d9877afbd428a60a06f6,JE339167,,08/16/2021 10:45:00 AM,30,STOP SIGN/FLASHER,FUNCTIONING PROPERLY,CLEAR,DAYLIGHT,TURNING,OTHER,,STRAIGHT AND LEVEL,DRY,NO DEFECTS,ON SCENE,NO INJURY / DRIVE AWAY,,,,"OVER $1,500",08/16/2021 11:00:00 AM,UNABLE TO DETERMINE,UNABLE TO DETERMINE,3100,S,ABERDEEN ST,913.0,,,,,,,2,NO INDICATION OF INJURY,0.0,0.0,0.0,0.0,0.0,2.0,0.0,10,2,8,41.8378996834,-87.653729815,POINT (-87.653729814961 41.837899683414)
e431a0e00a56fc5ee5fffad6127457a2561a8851557544c3baebb0875bdea93bf6e7c462b238d4d3bab2519310a3791cb1e86d2cb2d84a88dbdbc6f1e26bc039,JF360005,,08/16/2022 11:16:00 PM,30,NO CONTROLS,NO CONTROLS,CLEAR,DARKNESS,ANGLE,NOT DIVIDED,,STRAIGHT AND LEVEL,DRY,NO DEFECTS,NOT ON SCENE (DESK REPORT),NO INJURY / DRIVE AWAY,,,,"OVER $1,500",08/17/2022 11:52:00 AM,UNABLE TO DETERMINE,UNABLE TO DETERMINE,1357,W,103RD ST,2212.0,,,,,,,2,NO INDICATION OF INJURY,0.0,0.0,0.0,0.0,0.0,2.0,0.0,23,3,8,41.7066554944,-87.6572620088,POINT (-87.657262008777 41.706655494353)
e96075b42167432dfa503468fab8053ef9cdea35853b181b1f8e7c72259b9914b892a540979c98ff4169c6280d84f408aa204f0ae26ab3495931df5d1be6862c,JB499114,Y,10/31/2018 12:30:00 PM,15,NO CONTROLS,NO CONTROLS,OTHER,UNKNOWN,PARKED MOTOR VEHICLE,PARKING LOT,,STRAIGHT AND LEVEL,DRY,NO DEFECTS,NOT ON SCENE (DESK REPORT),NO INJURY / DRIVE AWAY,,,Y,"OVER $1,500",11/01/2018 01:16:00 PM,UNABLE TO DETERMINE,NOT APPLICABLE,401,N,WABASH AVE,1834.0,,,,,,,2,NO INDICATION OF INJURY,0.0,0.0,0.0,0.0,0.0,1.0,0.0,12,4,10,41.8892840135,-87.6265485479,POINT (-87.626548547941 41.889284013529)
4f6aa4c773dc636887f798a30d51efb74fc159e0ada6fac0cb607a92b598f59b5a79c3e2f6cce3ca963d82ff36e3e49e2a82617cb908a2c826d9b3a03e0c5328,JA212358,,04/04/2017 11:50:00 AM,30,NO CONTROLS,NO CONTROLS,CLEAR,DAYLIGHT,REAR END,NOT DIVIDED,2.0,STRAIGHT AND LEVEL,DRY,NO DEFECTS,NOT ON SCENE (DESK REPORT),NO INJURY / DRIVE AWAY,,,Y,"OVER $1,500",04/04/2017 04:15:00 PM,UNABLE TO DETERMINE,UNABLE TO DETERMINE,898,S,SACRAMENTO BLVD,1134.0,,,,,,,2,NO INDICATION OF INJURY,0.0,0.0,0.0,0.0,0.0,2.0,0.0,11,3,4,41.8701440086,-87.7010446794,POINT (-87.701044679379 41.870144008559)
14b1d8dda873d78f48e580fd3446083eef58e933382e74744a398278007543a88ca4138392c8460c9fb34ee2bbdbb02c8280b187f32e499b2b07b026c70bfdd6,JA484740,,10/24/2017 06:00:00 PM,30,NO CONTROLS,NO CONTROLS,RAIN,DARKNESS,REAR END,DIVIDED - W/MEDIAN (NOT RAISED),,STRAIGHT AND LEVEL,WET,NO DEFECTS,,NO INJURY / DRIVE AWAY,,,,"$501 - $1,500",10/24/2017 09:49:00 PM,FOLLOWING TOO CLOSELY,WEATHER,3401,W,DIVERSEY AVE,1412.0,,,,,,,2,NO INDICATION OF INJURY,0.0,0.0,0.0,0.0,0.0,3.0,0.0,18,3,10,41.9318685231,-87.7123702667,POINT (-87.712370266716 41.931868523058)