CRASH_RECORD_ID,RD_NO,CRASH_DATE_EST_I,CRASH_DATE,POSTED_SPEED_LIMIT,TRAFFIC_CONTROL_DEVICE,DEVICE_CONDITION,WEATHER_CONDITION,LIGHTING_CONDITION,FIRST_CRASH_TYPE,TRAFFICWAY_TYPE,LANE_CNT,ALIGNMENT,ROADWAY_SURFACE_COND,ROAD_DEFECT,REPORT_TYPE,CRASH_TYPE,INTERSECTION_RELATED_I,NOT_RIGHT_OF_WAY_I,HIT_AND_RUN_I,DAMAGE,DATE_POLICE_NOTIFIED,PRIM_CONTRIBUTORY_CAUSE,SEC_CONTRIBUTORY_CAUSE,STREET_NO,STREET_DIRECTION,STREET_NAME,BEAT_OF_OCCURRENCE,PHOTOS_TAKEN_I,STATEMENTS_TAKEN_I,DOORING_I,WORK_ZONE_I,WORK_ZONE_TYPE,WORKERS_PRESENT_I,NUM_UNITS,MOST_SEVERE_INJURY,INJURIES_TOTAL,INJURIES_FATAL,INJURIES_INCAPACITATING,INJURIES_NON_INCAPACITATING,INJURIES_REPORTED_NOT_EVIDENT,INJURIES_NO_INDICATION,INJURIES_UNKNOWN,CRASH_HOUR,CRASH_DAY_OF_WEEK,CRASH_MONTH,LATITUDE,LONGITUDE,LOCATION
ade18cf585b1a4034054a44ea0229baa618a068131d39577be31d828cec4880a8f1240d83a2029b6226b2734704c156cc958b563412dd3ee8f201ccdd7966a9d,JC467686,,10/10/2019 12:00:00 PM,30,NO CONTROLS,NO CONTROLS,CLEAR,DAYLIGHT,PARKED MOTOR VEHICLE,NOT DIVIDED,,STRAIGHT AND LEVEL,DRY,UNKNOWN,NOT ON SCENE (DESK REPORT),NO INJURY / DRIVE AWAY,,,,"OVER $1,500",10/10/2019 05:00:00 PM,UNABLE TO DETERMINE,UNABLE TO DETERMINE,1636,W,LUNT AVE,2423.0,,,,,,,2,NO INDICATION OF INJURY,0.0,0.0,0.0,0.0,0.0,1.0,0.0,12,5,10,42.0091344037,-87.6715900459,POINT (-87.671590045857 42.009134403654)
e11500b19513b961a227edb3bd7b8db0e39e2aca595e27a95aa8edeeb4592a1e9eab017a15e4d246ba0d5ce9d2242f8f396d8ef6c3d37fa50b1304153e00642c,JC313404,,06/19/2019 05:47:00 PM,25,NO CONTROLS,NO CONTROLS,CLEAR,DAYLIGHT,REAR END,DIVIDED - W/MEDIAN (NOT RAISED),,STRAIGHT AND LEVEL,DRY,NO DEFECTS,ON SCENE,INJURY AND / OR TOW DUE TO CRASH,,,,"OVER $1,500",06/19/2019 05:47:00 PM,PHYSICAL CONDITION OF DRIVER,UNABLE TO DETERMINE,7900,S,PRINCETON AVE,623.0,,,,,,,2,NONINCAPACITATING INJURY,2.0,0.0,0.0,2.0,0.0,0.0,0.0,17,4,6,41.7507306299,-87.6320226391,POINT (-87.632022639063 41.750730629947)
76aa6e7e6446c9f4ebf01ccd585bea618ce05c60c84568edf996a03c338f038311d0db799c8a16ace24f527ec520871f1ad77c9249aa3e4ea59ad79ad76f8e81,JC565085,,12/30/2019 10:15:00 AM,30,NO CONTROLS,NO CONTROLS,SNOW,DAYLIGHT,SIDESWIPE SAME DIRECTION,NOT DIVIDED,,STRAIGHT AND LEVEL,DRY,UNKNOWN,NOT ON SCENE (DESK REPORT),NO INJURY / DRIVE AWAY,,,,"OVER $1,500",12/30/2019 10:54:00 AM,UNABLE TO DETERMINE,UNABLE TO DETERMINE,9348,S,HARVARD AVE,634.0,,,,,,,2,NO INDICATION OF INJURY,0.0,0.0,0.0,0.0,0.0,2.0,0.0,10,2,12,41.724512858,-87.6313737501,POINT (-87.631373750091 41.724512858019)
92ed3952c4ae9f1f8c67e4d984873a1a837868c56077db0c310c6966d7f2fa7ee0eb1ddf5f387338be7287e2251cd990366d135b7688b86fcaf79d4e9dc1fd94,JE478536,,12/15/2021 02:40:00 PM,30,NO CONTROLS,NO CONTROLS,CLEAR,DAYLIGHT,ANGLE,NOT DIVIDED,,STRAIGHT AND LEVEL,DRY,NO DEFECTS,NOT ON SCENE (DESK REPORT),NO INJURY / DRIVE AWAY,,,,"$501 - $1,500",12/15/2021 03:30:00 PM,FAILING TO YIELD RIGHT-OF-WAY,NOT APPLICABLE,1323,W,IRVING PARK RD,1923.0,,,,,,,2,NO INDICATION OF INJURY,0.0,0.0,0.0,0.0,0.0,4.0,0.0,14,4,12,41.9542582535,-87.6632160411,POINT (-87.663216041056 41.954258253547)
58305bcd810b7cb2fab5d5affa27e4075b7b856b7f727a6893ba1feab97ac26612e3ed9ea4c39ff48ef63f0cb2bf3bcd080489bf24edf8fe4ced45c429ec84c9,JE272176,,06/19/2021 05:50:00 PM,30,STOP SIGN/FLASHER,NO CONTROLS,CLEAR,DAYLIGHT,REAR END,ONE-WAY,,STRAIGHT AND LEVEL,DRY,NO DEFECTS,ON SCENE,NO INJURY / DRIVE AWAY,Y,,,"$501 - $1,500",06/19/2021 05:50:00 PM,UNABLE TO DETERMINE,UNABLE TO DETERMINE,5300,W,WELLINGTON AVE,2514.0,,,,,,,2,NO INDICATION OF INJURY,0.0,0.0,0.0,0.0,0.0,2.0,0.0,17,7,6,41.9351292651,-87.7591206553,POINT (-87.759120655257 41.935129265106)
b431ec5fbd3a1d8f68703e22cc061ee641e5bc396e85de9e1997afc41c61232f1b3c4aaccbf7cc6e0007c6ab4f4107def7acd04942284c9ac2ac94f26c3ce969,JC246535,Y,05/02/2019 06:00:00 AM,30,NO CONTROLS,NO CONTROLS,RAIN,"DARKNESS, LIGHTED ROAD",PARKED MOTOR VEHICLE,NOT DIVIDED,,STRAIGHT AND LEVEL,WET,NO DEFECTS,NOT ON SCENE (DESK REPORT),NO INJURY / DRIVE AWAY,,,Y,"$501 - $1,500",05/02/2019 10:30:00 AM,UNABLE TO DETERMINE,NOT APPLICABLE,4920,N,KARLOV AVE,1712.0,,,,,,,2,NO INDICATION OF INJURY,0.0,0.0,0.0,0.0,0.0,1.0,0.0,6,5,5,41.9706862129,-87.7307110779,POINT (-87.730711077871 41.970686212919)
bcefd262215e7c760ed20f26c36713d075878dad94de0a0f274bd3d72fd88d4a077d0314d41babd24707aaa565f6d1eddc086c87c322059ee88b0b7dcccdf535,JC349828,,07/15/2019 01:50:00 PM,10,NO CONTROLS,NO CONTROLS,CLEAR,DAYLIGHT,OTHER OBJECT,PARKING LOT,,STRAIGHT AND LEVEL,DRY,NO DEFECTS,ON SCENE,NO INJURY / DRIVE AWAY,,Y,,"$501 - $1,500",07/15/2019 01:55:00 PM,UNABLE TO DETERMINE,UNABLE TO DETERMINE,2001,N,CANNON DR,1814.0,,,,,,,2,NO INDICATION OF INJURY,0.0,0.0,0.0,0.0,0.0,2.0,0.0,13,2,7,41.9184388724,-87.6305511209,POINT (-87.630551120929 41.918438872434)
01455c1f5068a24c9759a271d1510e7a5c4c0d19f06ba24e7f619f1e62b13f679928cc68e47d4d5c8888e2ae3d3201e0e1ae0001f554ad98e33bad0ee483c17a,JB385754,,08/07/2018 11:00:00 PM,30,NO CONTROLS,NO CONTROLS,CLEAR,"DARKNESS, LIGHTED ROAD",PARKED MOTOR VEHICLE,DIVIDED - W/MEDIAN (NOT RAISED),2.0,STRAIGHT AND LEVEL,DRY,NO DEFECTS,NOT ON SCENE (DESK REPORT),NO INJURY / DRIVE AWAY,,,Y,"OVER $1,500",08/09/2018 09:10:00 AM,UNABLE TO DETERMINE,NOT APPLICABLE,7503,S,INGLESIDE AVE,624.0,,,,,,,2,NO INDICATION OF INJURY,0.0,0.0,0.0,0.0,0.0,1.0,0.0,23,3,8,41.7584760328,-87.6015759066,POINT (-87.601575906629 41.758476032813)
24afa1d85f4d5d01fad3fc68ca523e2e117db0a72d49a6651b0460ce05a5dcab7d98af57bec252bf2d386d476067bc8dc156862113d08c7fa2970be41a4bca0b,JE298464,,07/12/2021 03:18:00 AM,30,STOP SIGN/FLASHER,FUNCTIONING PROPERLY,CLEAR,"DARKNESS, LIGHTED ROAD",ANGLE,FOUR WAY,,STRAIGHT AND LEVEL,DRY,NO DEFECTS,ON SCENE,INJURY AND / OR TOW DUE TO CRASH,Y,,,"OVER $1,500",07/12/2021 03:18:00 AM,DISREGARDING STOP SIGN,FAILING TO YIELD RIGHT-OF-WAY,1599,W,SUNNYSIDE AVE,1912.0,,,,,,,2,NO INDICATION OF INJURY,0.0,0.0,0.0,0.0,0.0,2.0,0.0,3,2,7,41.9633062715,-87.6692225454,POINT (-87.669222545402 41.963306271482)
372a87089530f3b9eba0363e73c44399a0f415e25b4feb51c48e69ae6746be1788e0174bf0428b366b4c8e25999906ba1819688279ad85dd358f23838525cb3f,JE225055,,05/09/2021 09:30:00 PM,20,NO CONTROLS,NO CONTROLS,CLEAR,"DARKNESS, LIGHTED ROAD",TURNING,NOT DIVIDED,,STRAIGHT AND LEVEL,DRY,NO DEFECTS,ON SCENE,INJURY AND / OR TOW DUE TO CRASH,,,,"OVER $1,500",05/09/2021 09:40:00 PM,NOT APPLICABLE,NOT APPLICABLE,12958,S,INDIANA AVE,532.0,,,,,,,2,INCAPACITATING INJURY,1.0,0.0,1.0,0.0,0.0,1.0,0.0,21,1,5,41.6591932714,-87.6185835799,POINT (-87.618583579943 41.659193271389)
f9c1b862d53ac582621fa6e3b1f3d3dc0ee19c29e9e93e3c01795ac65e47e03ce09c0832833a30285ea86a163657e538ce9ab7daffc27a6fa7e9e7a59a957c98,HZ379835,,08/05/2016 03:55:00 PM,30,NO CONTROLS,NO CONTROLS,CLEAR,DAYLIGHT,TURNING,DIVIDED - W/MEDIAN (NOT RAISED),4.0,STRAIGHT AND LEVEL,DRY,NO DEFECTS,NOT ON SCENE (DESK REPORT),NO INJURY / DRIVE AWAY,,,,"OVER $1,500",08/05/2016 07:10:00 PM,UNABLE TO DETERMINE,UNABLE TO DETERMINE,3441,N,CICERO AVE,1731.0,,,,,,,2,NO INDICATION OF INJURY,0.0,0.0,0.0,0.0,0.0,4.0,0.0,15,6,8,41.9436927373,-87.7468495861,POINT (-87.746849586119 41.9436927373)
2d08767b49a5d37841ae33f1456b1b13d11d91f9060ba283818749b34a82bf301c2a17360bc4d6b9222a975f33f8287ab1fd2846753c9cc619f4dd838788d594,JE356916,,08/31/2021 03:15:00 PM,30,NO CONTROLS,NO CONTROLS,CLEAR,DAYLIGHT,PEDALCYCLIST,NOT DIVIDED,,STRAIGHT AND LEVEL,DRY,UNKNOWN,,INJURY AND / OR TOW DUE TO CRASH,,,Y,"$501 - $1,500",08/31/2021 03:15:00 PM,"OPERATING VEHICLE IN ERRATIC, RECKLESS, CARELESS, NEGLIGENT OR AGGRESSIVE MANNER",UNABLE TO DETERMINE,4317,N,MILWAUKEE AVE,1624.0,,,,,,,2,INCAPACITATING INJURY,1.0,0.0,1.0,0.0,0.0,1.0,0.0,15,3,8,41.9593683332,-87.7532086757,POINT (-87.753208675699 41.959368333157)
6ff502c77747cc06cabc33776ea26378792f8d17fbfd73f60a265cfcecebde69034345bcb7acf903ccccecd70d5ef8596a8dda69cdd39fb422031ac441cd439b,JF209656,Y,04/11/2022 03:00:00 PM,25,TRAFFIC SIGNAL,FUNCTIONING PROPERLY,CLEAR,DAYLIGHT,SIDESWIPE SAME DIRECTION,DIVIDED - W/MEDIAN (NOT RAISED),,STRAIGHT AND LEVEL,DRY,NO DEFECTS,NOT ON SCENE (DESK REPORT),NO INJURY / DRIVE AWAY,,,,"$501 - $1,500",04/16/2022 11:40:00 AM,IMPROPER LANE USAGE,FAILING TO YIELD RIGHT-OF-WAY,8033,W,ADDISON ST,1631.0,,,,,,,2,NO INDICATION OF INJURY,0.0,0.0,0.0,0.0,0.0,2.0,0.0,15,2,4,41.9448849913,-87.8278936405,POINT (-87.827893640521 41.944884991317)
74ebd411a6f93cd25080f22736e5934590bd2d6139515a61e8000fdafd4f09a1bb68a7cfdcd7d71e29030301cc04750c657db10e5e5bd114040d387649a6d2dd,JE354933,,08/30/2021 06:49:00 AM,35,TRAFFIC SIGNAL,FUNCTIONING PROPERLY,CLEAR,DAYLIGHT,REAR END,DIVIDED - W/MEDIAN (NOT RAISED),,STRAIGHT AND LEVEL,DRY,UNKNOWN,ON SCENE,INJURY AND / OR TOW DUE TO CRASH,,,,"OVER $1,500",08/30/2021 07:01:00 AM,UNABLE TO DETERMINE,NOT APPLICABLE,3341,N,WESTERN AVE,1921.0,,,,,,,2,NO INDICATION OF INJURY,0.0,0.0,0.0,0.0,0.0,4.0,0.0,6,2,8,41.9425188714,-87.6878825462,POINT (-87.687882546192 41.942518871394)
b737be3cc5af1c15f57b152135a06783dfe83842c2c68fc3b5f16abb301cb74daaeea059426c702154f7de0189c38bfec93dbc6e4b5b3637d70e05f493ce625d,JD105202,,01/05/2020 02:48:00 PM,30,NO CONTROLS,NO CONTROLS,CLEAR,DAYLIGHT,TURNING,NOT DIVIDED,,STRAIGHT AND LEVEL,DRY,NO DEFECTS,ON SCENE,INJURY AND / OR TOW DUE TO CRASH,,,,"OVER $1,500",01/05/2020 02:51:00 PM,FAILING TO YIELD RIGHT-OF-WAY,NOT APPLICABLE,3100,W,27TH ST,1033.0,,,,,,,2,NO INDICATION OF INJURY,0.0,0.0,0.0,0.0,0.0,6.0,0.0,14,1,1,41.8428390591,-87.7025899196,POINT (-87.702589919574 41.842839059076)
9fc09844ffcb1881e33a7c7a1f1ad57ebcb004a33dbbe5e3e9bedae968158d8c5f0b97834ccd80fb0f993c48674d98f12756a77e21ce534985d846fb43b33477,JE305574,,07/16/2021 02:30:00 PM,20,UNKNOWN,UNKNOWN,UNKNOWN,DAYLIGHT,PARKED MOTOR VEHICLE,DIVIDED - W/MEDIAN (NOT RAISED),,STRAIGHT AND LEVEL,UNKNOWN,UNKNOWN,NOT ON SCENE (DESK REPORT),NO INJURY / DRIVE AWAY,,,Y,"OVER $1,500",07/18/2021 01:00:00 PM,UNABLE TO DETERMINE,UNABLE TO DETERMINE,605,W,120TH ST,523.0,,,,,,,2,NO INDICATION OF INJURY,0.0,0.0,0.0,0.0,0.0,1.0,0.0,14,6,7,41.6759346604,-87.637274675,POINT (-87.637274675046 41.675934660371)
dd165e1c6d612579817b9b7662ac5b5dc7b6f81b1446f5369578c47ab4fa292843057bc20a88c31083878832b211c35aff736fcd17b51e5a922e113d19b3d547,JF192452,,03/31/2022 12:32:00 PM,30,TRAFFIC SIGNAL,FUNCTIONING PROPERLY,SNOW,DAYLIGHT,TURNING,NOT DIVIDED,,STRAIGHT AND LEVEL,WET,UNKNOWN,NOT ON SCENE (DESK REPORT),NO INJURY / DRIVE AWAY,Y,,,"OVER $1,500",03/31/2022 12:33:00 PM,DISREGARDING TRAFFIC SIGNALS,NOT APPLICABLE,830,N,MILWAUKEE AVE,1213.0,,,,,,,2,NO INDICATION OF INJURY,0.0,0.0,0.0,0.0,0.0,2.0,0.0,12,5,3,41.896918237,-87.6566862418,POINT (-87.656686241843 41.896918237041)
49f852a651263b4ca34e59b9c4aef1c8277ead99108aa1d66218305a17c61ad3324d57d8a6689cb5e2f93c599c4b9ccdbaadee68fcf103d9c90a64b4db67243c,JG149203,,02/11/2023 06:20:00 PM,30,NO CONTROLS,NO CONTROLS,CLEAR,"DARKNESS, LIGHTED ROAD",PARKED MOTOR VEHICLE,NOT DIVIDED,,STRAIGHT AND LEVEL,DRY,UNKNOWN,ON SCENE,NO INJURY / DRIVE AWAY,,,,"OVER $1,500",02/11/2023 06:24:00 PM,DRIVING SKILLS/KNOWLEDGE/EXPERIENCE,NOT APPLICABLE,3339,S,HALSTED ST,915.0,,,,,,,2,NO INDICATION OF INJURY,0.0,0.0,0.0,0.0,0.0,3.0,0.0,18,7,2,41.8332232904,-87.6460170461,POINT (-87.646017046132 41.833223290353)
a2c5e2083e871cea51e0c0d12b29198e442d25312acf827bd383bde94896df37db0a1bfd1792afd322b9252657f358b60eca6bcd8e91f3c852e2b6b2972bd81b,JB223945,,04/14/2018 01:20:00 PM,30,STOP SIGN/FLASHER,FUNCTIONING PROPERLY,CLOUDY/OVERCAST,DAYLIGHT,ANGLE,NOT DIVIDED,1.0,STRAIGHT AND LEVEL,DRY,NO DEFECTS,NOT ON SCENE (DESK REPORT),NO INJURY / DRIVE AWAY,Y,,,"$501 - $1,500",04/14/2018 04:30:00 PM,DISREGARDING STOP SIGN,NOT APPLICABLE,7300,S,RHODES AVE,323.0,,,,,,,2,NO INDICATION OF INJURY,0.0,0.0,0.0,0.0,0.0,2.0,0.0,13,7,4,41.7620303492,-87.6116957464,POINT (-87.611695746397 41.762030349153)
89b049d2bd7da574646726659e622b267530f74e7a81b50c6a2ac5df014bf735a41515e3ba13c6b34143269aa6221551da766688e3d80a856a6e2e4d8399ec65,HZ123609,,01/21/2016 08:45:00 AM,30,NO CONTROLS,NO CONTROLS,CLEAR,DAYLIGHT,SIDESWIPE SAME DIRECTION,DIVIDED - W/MEDIAN BARRIER,1.0,STRAIGHT AND LEVEL,DRY,OTHER,NOT ON SCENE (DESK REPORT),NO INJURY / DRIVE AWAY,,,Y,"$501 - $1,500",01/21/2016 05:30:00 PM,ROAD CONSTRUCTION/MAINTENANCE,UNABLE TO DETERMINE,212,W,CERMAK RD,914.0,,,,,,,2,NO INDICATION OF INJURY,0.0,0.0,0.0,0.0,0.0,2.0,0.0,8,5,1,41.8529532997,-87.6326116422,POINT (-87.632611642206 41.852953299717)
2c7461b9c604ec3361633aa305495597f3d2a67cf84c10b04140079ac5a7c51cd2bf75b05e789430280ec20b7376bc7ece41db8a8f300b271b4778c7d3bf72bf,JE108224,,01/09/2021 06:13:00 PM,30,NO CONTROLS,NO CONTROLS,CLEAR,DARKNESS,PARKED MOTOR VEHICLE,NOT DIVIDED,,STRAIGHT AND LEVEL,DRY,NO DEFECTS,ON SCENE,NO INJURY / DRIVE AWAY,,,Y,"$501 - $1,500",01/09/2021 06:54:00 PM,UNABLE TO DETERMINE,NOT APPLICABLE,2226,W,51ST ST,931.0,,,,,,,2,NO INDICATION OF INJURY,0.0,0.0,0.0,0.0,0.0,1.0,0.0,18,7,1,41.8012654944,-87.6805783084,POINT (-87.680578308421 41.801265494426)
bcd61fefd86a84d4d5f880aa6113f034dbe831af7f2c34fa82fd290d99d1ce0bf30faa7e2da904796df55f0d6ed7b180225091fadc93911e9e511965e082fdb7,JG175534,Y,03/06/2023 12:01:00 AM,30,NO CONTROLS,NO CONTROLS,UNKNOWN,UNKNOWN,PARKED MOTOR VEHICLE,NOT DIVIDED,,STRAIGHT AND LEVEL,UNKNOWN,NO DEFECTS,ON SCENE,INJURY AND / OR TOW DUE TO CRASH,,,Y,"OVER $1,500",03/06/2023 07:30:00 AM,UNABLE TO DETERMINE,UNABLE TO DETERMINE,5918,W,WASHINGTON BLVD,1512.0,,,,,,,2,NO INDICATION OF INJURY,0.0,0.0,0.0,0.0,0.0,1.0,0.0,0,2,3,41.8822448236,-87.7727048199,POINT (-87.772704819914 41.882244823577)
fa23d9feceefbfceb63f08b8010412812b303c2fcc242e7ad9ef9c6fd5c142586ec718643df923b6056f3c39dac0139e09afc2976e1a2a728369497557d077cc,JB166369,,02/25/2018 01:30:00 PM,30,NO CONTROLS,NO CONTROLS,CLEAR,DAYLIGHT,PARKED MOTOR VEHICLE,PARKING LOT,1.0,STRAIGHT AND LEVEL,DRY,NO DEFECTS,NOT ON SCENE (DESK REPORT),NO INJURY / DRIVE AWAY,,,Y,"$501 - $1,500",02/26/2018 05:25:00 PM,UNABLE TO DETERMINE,NOT APPLICABLE,6020,N,CICERO AVE,1621.0,,,,,,,2,NO INDICATION OF INJURY,0.0,0.0,0.0,0.0,0.0,1.0,0.0,13,1,2,41.9904947718,-87.7484774142,POINT (-87.748477414229 41.99049477183)
be7cec5b41fa1d1056d1d9876f53400c1e63aad515ff84f43a45887e4c862ff118a0fc7ea3a797479eff88b3554e3d38143fb0432449314191995e8fea62edac,JB275073,,05/23/2018 12:05:00 PM,30,STOP SIGN/FLASHER,FUNCTIONING PROPERLY,CLEAR,DAYLIGHT,ANGLE,DIVIDED - W/MEDIAN (NOT RAISED),,STRAIGHT AND LEVEL,DRY,NO DEFECTS,ON SCENE,NO INJURY / DRIVE AWAY,Y,,Y,"OVER $1,500",05/23/2018 12:09:00 PM,DISREGARDING STOP SIGN,NOT APPLICABLE,4300,S,WELLS ST,925.0,,,,,,,2,NO INDICATION OF INJURY,0.0,0.0,0.0,0.0,0.0,3.0,0.0,12,4,5,41.8163617203,-87.6325126642,POINT (-87.632512664234 41.816361720314)
1ea408f4aaeb857ef0a56893e7cf15f5d9f980e2f8bbac2be7e5bd0c267961a6ce85f5e10f4aaad25e0511371f199b5539ca8f719faac78028820d99fccd3a8f,JD202474,Y,04/04/2020 03:00:00 PM,30,NO CONTROLS,NO CONTROLS,CLEAR,UNKNOWN,PARKED MOTOR VEHICLE,ONE-WAY,,STRAIGHT AND LEVEL,WET,NO DEFECTS,NOT ON SCENE (DESK REPORT),NO INJURY / DRIVE AWAY,,,Y,$500 OR LESS,04/05/2020 10:05:00 AM,UNABLE TO DETERMINE,UNABLE TO DETERMINE,1123,N,AVERS AVE,1112.0,,,,,,,2,NO INDICATION OF INJURY,0.0,0.0,0.0,0.0,0.0,1.0,0.0,15,7,4,41.9015944572,-87.7224635459,POINT (-87.722463545885 41.901594457157)
9227eb5317bfece8ab60756b5609a0f2afda33b6991237b8f3527d7040c61ff444e28876945069fac0029c8726e954f711d55251dcef9ced4698aeb2c6ae1b34,JD119832,,01/17/2020 05:00:00 PM,30,NO CONTROLS,NO CONTROLS,SNOW,"DARKNESS, LIGHTED ROAD",TURNING,ONE-WAY,,STRAIGHT AND LEVEL,SNOW OR SLUSH,UNKNOWN,NOT ON SCENE (DESK REPORT),NO INJURY / DRIVE AWAY,N,,,"$501 - $1,500",01/18/2020 12:15:00 AM,UNABLE TO DETERMINE,UNABLE TO DETERMINE,407,S,CONGRESS PLAZA DR,114.0,,,,,,,2,NO INDICATION OF INJURY,0.0,0.0,0.0,0.0,0.0,2.0,0.0,17,6,1,41.8769234157,-87.6239426531,POINT (-87.623942653099 41.876923415682)
0be10b032b4784130d576b9140f60e6343a898d355cac57286bf682b2039ed5f9626fbf7acb318188876b107374ba20a68a7968e13b8f8edb44f1e981a1bea1c,JG320581,,06/29/2023 12:05:00 AM,30,TRAFFIC SIGNAL,FUNCTIONING PROPERLY,CLEAR,"DARKNESS, LIGHTED ROAD",REAR END,NOT DIVIDED,,STRAIGHT AND LEVEL,DRY,NO DEFECTS,NOT ON SCENE (DESK REPORT),NO INJURY / DRIVE AWAY,N,,,"OVER $1,500",06/29/2023 09:30:00 AM,FOLLOWING TOO CLOSELY,NOT APPLICABLE,1800,S,DAMEN AVE,1234.0,,,,,,,2,NO INDICATION OF INJURY,0.0,0.0,0.0,0.0,0.0,2.0,0.0,0,5,6,41.8576146745,-87.6761400738,POINT (-87.676140073781 41.857614674497)
3c9b88e1e863a9337e3bc16fa3da6e7d30d66c3c4474b84d63cf04976f3c6322e3b37c958c6c68e40c63b438c80efa8c756bfce5bd68ff8829b5cd9c49c69f05,JF442532,,10/20/2022 11:00:00 PM,30,TRAFFIC SIGNAL,FUNCTIONING PROPERLY,CLEAR,"DARKNESS, LIGHTED ROAD",SIDESWIPE SAME DIRECTION,DIVIDED - W/MEDIAN (NOT RAISED),,STRAIGHT AND LEVEL,DRY,UNKNOWN,ON SCENE,INJURY AND / OR TOW DUE TO CRASH,,,Y,"OVER $1,500",10/20/2022 11:11:00 PM,IMPROPER OVERTAKING/PASSING,NOT APPLICABLE,3145,N,CICERO AVE,2521.0,,,,,,,2,NO INDICATION OF INJURY,0.0,0.0,0.0,0.0,0.0,2.0,0.0,23,5,10,41.93837078,-87.7467225446,POINT (-87.746722544604 41.938370779982)
68815ce5a31a38963bc38a4a7625cf5ff7a15a0f90e4d8971e2b2511efec71a405920c154dd88226e09758a8c8a4632efd1c9a678eb52b1dcce1a044c14e35b3,HZ426090,,09/08/2016 06:35:00 PM,30,STOP SIGN/FLASHER,FUNCTIONING PROPERLY,CLEAR,DAYLIGHT,TURNING,UNKNOWN,,STRAIGHT AND LEVEL,UNKNOWN,UNKNOWN,NOT ON SCENE (DESK REPORT),NO INJURY / DRIVE AWAY,,,,"$501 - $1,500",09/08/2016 07:45:00 PM,UNABLE TO DETERMINE,UNABLE TO DETERMINE,2222,N,NATCHEZ AVE,2512.0,,,,,,,2,NO INDICATION OF INJURY,0.0,0.0,0.0,0.0,0.0,3.0,0.0,18,5,9,41.9207305821,-87.7879497936,POINT (-87.787949793649 41.920730582059)
915b7b63b49a43589bc9ab5927e583254faad42b4a90e7cbfbed4df9cb7a5ffadd783bfd67127a02ba6e514fa40cb7cb58856ceacb71b9e6dc41fe0c3ef20b62,JF197282,,04/04/2022 06:07:00 PM,35,STOP SIGN/FLASHER,FUNCTIONING PROPERLY,CLEAR,DUSK,TURNING,FOUR WAY,,STRAIGHT AND LEVEL,DRY,NO DEFECTS,ON SCENE,INJURY AND / OR TOW DUE TO CRASH,Y,,Y,"OVER $1,500",04/04/2022 06:09:00 PM,IMPROPER TURNING/NO SIGNAL,NOT APPLICABLE,7900,S,BENNETT AVE,414.0,,,,,,,2,NONINCAPACITATING INJURY,1.0,0.0,0.0,1.0,0.0,1.0,0.0,18,2,4,41.751483138,-87.5785701173,POINT (-87.578570117306 41.751483138026)
ae21ab4774e35ff2795f9290b458d44b398216191c90159c15806d42f563d0f9f5cb9572e1997b40646fac46393078a6d9a87a6be86efb77615d7eea7a99b305,JF262608,,05/31/2022 04:00:00 PM,30,STOP SIGN/FLASHER,NO CONTROLS,CLEAR,DAYLIGHT,ANGLE,FOUR WAY,,STRAIGHT AND LEVEL,DRY,NO DEFECTS,ON SCENE,INJURY AND / OR TOW DUE TO CRASH,Y,,,"OVER $1,500",05/31/2022 04:15:00 PM,UNABLE TO DETERMINE,UNABLE TO DETERMINE,1329,S,WOOD ST,1233.0,,,,,,,2,NO INDICATION OF INJURY,0.0,0.0,0.0,0.0,0.0,2.0,0.0,16,3,5,41.8641513643,-87.6711294637,POINT (-87.671129463695 41.864151364272)
e20dcded4de9f49ed468ae97b7a57a57eec2a1e933f457587d11eefa70e56aa0b2e924cbac35f0bf9a72626a2b21ae89f8f58903e1092cb987500eab21017a5f,JC248893,,05/03/2019 10:15:00 AM,30,NO CONTROLS,NO CONTROLS,RAIN,DARKNESS,REAR END,DIVIDED - W/MEDIAN (NOT RAISED),,STRAIGHT AND LEVEL,WET,NO DEFECTS,NOT ON SCENE (DESK REPORT),NO INJURY / DRIVE AWAY,,,,$500 OR LESS,05/03/2019 10:20:00 AM,FOLLOWING TOO CLOSELY,NOT APPLICABLE,10,N,CICERO AVE,1533.0,,,,,,,2,NO INDICATION OF INJURY,0.0,0.0,0.0,0.0,0.0,3.0,0.0,10,6,5,41.8808246347,-87.745436675,POINT (-87.745436675043 41.880824634735)
7a7628dcd35878b5b4ae71289899a7f69b0157c6aa0ce49837860220dba2cb349f7e52e90486e3b93cf76cc615b9533a14dd09fa42a06e635aa3b16285d2841d,JG133049,,01/26/2023 09:20:00 AM,30,NO CONTROLS,NO CONTROLS,CLEAR,DAYLIGHT,PARKED MOTOR VEHICLE,NOT DIVIDED,,"CURVE, LEVEL",SNOW OR SLUSH,NO DEFECTS,NOT ON SCENE (DESK REPORT),NO INJURY / DRIVE AWAY,,,,"$501 - $1,500",01/28/2023 06:36:00 PM,WEATHER,ROAD CONSTRUCTION/MAINTENANCE,8170,S,KEATING AVE,834.0,,,,,,,2,NO INDICATION OF INJURY,0.0,0.0,0.0,0.0,0.0,1.0,0.0,9,5,1,41.7437692855,-87.7396052726,POINT (-87.739605272614 41.743769285466)