CRASH_RECORD_ID,RD_NO,CRASH_DATE_EST_I,CRASH_DATE,POSTED_SPEED_LIMIT,TRAFFIC_CONTROL_DEVICE,DEVICE_CONDITION,WEATHER_CONDITION,LIGHTING_CONDITION,FIRST_CRASH_TYPE,TRAFFICWAY_TYPE,LANE_CNT,ALIGNMENT,ROADWAY_SURFACE_COND,ROAD_DEFECT,REPORT_TYPE,CRASH_TYPE,INTERSECTION_RELATED_I,NOT_RIGHT_OF_WAY_I,HIT_AND_RUN_I,DAMAGE,DATE_POLICE_NOTIFIED,PRIM_CONTRIBUTORY_CAUSE,SEC_CONTRIBUTORY_CAUSE,STREET_NO,STREET_DIRECTION,STREET_NAME,BEAT_OF_OCCURRENCE,PHOTOS_TAKEN_I,STATEMENTS_TAKEN_I,DOORING_I,WORK_ZONE_I,WORK_ZONE_TYPE,WORKERS_PRESENT_I,NUM_UNITS,MOST_SEVERE_INJURY,INJURIES_TOTAL,INJURIES_FATAL,INJURIES_INCAPACITATING,INJURIES_NON_INCAPACITATING,INJURIES_REPORTED_NOT_EVIDENT,INJURIES_NO_INDICATION,INJURIES_UNKNOWN,CRASH_HOUR,CRASH_DAY_OF_WEEK,CRASH_MONTH,LATITUDE,LONGITUDE,LOCATION
a9e00ebfb8cff2ed660e94f9bf4f7f4689f9157bb799244aa96ea687fb9e8681a1e6bcfb47429a12ff1cf22e44f4ec30e560a079a7ad1037af888feee07e465a,JG276201,,05/26/2023 03:50:00 PM,30,STOP SIGN/FLASHER,FUNCTIONING PROPERLY,CLEAR,DAYLIGHT,REAR END,DIVIDED - W/MEDIAN (NOT RAISED),,STRAIGHT AND LEVEL,DRY,UNKNOWN,ON SCENE,NO INJURY / DRIVE AWAY,,,,"OVER $1,500",05/26/2023 03:58:00 PM,FOLLOWING TOO CLOSELY,FOLLOWING TOO CLOSELY,111,W,79TH ST,623.0,,,,,,,2,NO INDICATION OF INJURY,0.0,0.0,0.0,0.0,0.0,3.0,0.0,15,6,5,41.7507908415,-87.6275116064,POINT (-87.627511606352 41.750790841514)
0534516a8a58a6d0c54feb92ed609bfec3a1a76b5c167c2f13a90e1519bcd9f14c501b31018e590b1cee6ec7f440044fd6aae5f105b31103be2841a1221c587d,HZ365209,,07/26/2016 12:30:00 PM,30,NO CONTROLS,NO CONTROLS,CLEAR,DAYLIGHT,REAR END,NOT DIVIDED,4.0,STRAIGHT AND LEVEL,DRY,NO DEFECTS,NOT ON SCENE (DESK REPORT),NO INJURY / DRIVE AWAY,,,,"OVER $1,500",07/26/2016 01:00:00 PM,UNABLE TO DETERMINE,UNABLE TO DETERMINE,42,E,CHICAGO AVE,1833.0,,,,,,,2,NO INDICATION OF INJURY,0.0,0.0,0.0,0.0,0.0,2.0,0.0,12,3,7,41.8968086361,-87.6266199096,POINT (-87.626619909636 41.896808636148)
c1f83c28ceb31137d468981e8498650177c86318fbb86dbcdf5f05980cc105c964151a5e7e7cf17450696184329ea7866d54d6a7a5123ac1f0e467f7e31eea0d,,,10/24/2023 10:06:00 PM,30,TRAFFIC SIGNAL,FUNCTIONING PROPERLY,CLEAR,DARKNESS,TURNING,NOT DIVIDED,,STRAIGHT AND LEVEL,DRY,NO DEFECTS,ON SCENE,INJURY AND / OR TOW DUE TO CRASH,Y,Y,Y,"OVER $1,500",10/24/2023 10:08:00 PM,IMPROPER OVERTAKING/PASSING,UNABLE TO DETERMINE,1800,W,71ST ST,735.0,,,,,,,2,NO INDICATION OF INJURY,0.0,0.0,0.0,0.0,0.0,4.0,0.0,22,3,10,41.764965321,-87.6687397477,POINT (-87.66873974767 41.764965320977)
b2dbeeccfa57f7b45de37e463b600b5df22040eec163d6f8147332dbbccc7f91412b6dcd4011105b5cfcb2a351f55ff19ab6a4302479943044d34ff9c44c227e,JD196848,,03/28/2020 01:44:00 PM,20,NO CONTROLS,NO CONTROLS,RAIN,DAYLIGHT,TURNING,NOT DIVIDED,,STRAIGHT AND LEVEL,WET,NO DEFECTS,ON SCENE,INJURY AND / OR TOW DUE TO CRASH,,,,"OVER $1,500",03/28/2020 01:44:00 PM,FOLLOWING TOO CLOSELY,UNABLE TO DETERMINE,4800,W,47TH ST,814.0,,,,,,,2,NO INDICATION OF INJURY,0.0,0.0,0.0,0.0,0.0,2.0,0.0,13,7,3,41.8077270168,-87.7432293657,POINT (-87.743229365663 41.807727016772)
118abb8333aefce8b93a86f8c00d81ab3a2f3377f7273f1a674536743935f22557f3ae9fc7472382445cd218c179900c36a7ff04374e48dbc8d1c5c32cf9873a,JA541693,,12/08/2017 03:30:00 PM,25,NO CONTROLS,NO CONTROLS,CLEAR,DAYLIGHT,ANGLE,ONE-WAY,,STRAIGHT AND LEVEL,DRY,UNKNOWN,ON SCENE,NO INJURY / DRIVE AWAY,,,,"OVER $1,500",12/08/2017 04:20:00 PM,FAILING TO YIELD RIGHT-OF-WAY,NOT APPLICABLE,1145,S,MAYFIELD AVE,1513.0,,,,,,,2,NO INDICATION OF INJURY,0.0,0.0,0.0,0.0,0.0,2.0,0.0,15,6,12,41.8659866662,-87.7715418997,POINT (-87.771541899683 41.865986666237)
73f7d8e1f8ba315bd0e4ad05312629f66a0776d5d43739c079a2e4d728dafbd4264a410dcbe5c0d0290fdd349d684b066b03ed7a19040d4f0b9f40aaf908e913,JA207609,,03/31/2017 04:45:00 PM,30,NO CONTROLS,NO CONTROLS,CLEAR,DAYLIGHT,REAR END,DIVIDED - W/MEDIAN (NOT RAISED),4.0,STRAIGHT AND LEVEL,DRY,NO DEFECTS,NOT ON SCENE (DESK REPORT),NO INJURY / DRIVE AWAY,,,,"OVER $1,500",03/31/2017 05:15:00 PM,FOLLOWING TOO CLOSELY,FOLLOWING TOO CLOSELY,4529,W,ADDISON ST,1731.0,,,,,,,2,NO INDICATION OF INJURY,0.0,0.0,0.0,0.0,0.0,2.0,0.0,16,6,3,41.9460902678,-87.7408737437,POINT (-87.740873743681 41.946090267806)
5c2bf124377208c8068ef77afa3aa8de48283daffaa4843961e1be7e7fbfe9b1425541306d9b24bdb7af7bbdd4cb6d405646d0992445ee3a82b3b61e083f6b64,JC347192,,07/10/2019 04:00:00 PM,30,TRAFFIC SIGNAL,FUNCTIONING PROPERLY,CLEAR,DAYLIGHT,REAR END,OTHER,,STRAIGHT AND LEVEL,DRY,NO DEFECTS,NOT ON SCENE (DESK REPORT),NO INJURY / DRIVE AWAY,,,,"$501 - $1,500",07/13/2019 03:15:00 PM,FOLLOWING TOO CLOSELY,NOT APPLICABLE,4932,W,FOSTER AVE,1621.0,,,,,,,2,NO INDICATION OF INJURY,0.0,0.0,0.0,0.0,0.0,2.0,0.0,16,4,7,41.975394608,-87.7517465989,POINT (-87.75174659886 41.975394608046)
6db334c33123912b602c1616cee5f77dd3b6960287c936e0faf798296b94b5efce97abf9b60290183587fcb2222867785057496f2defdb3ab7eba945396bad36,HZ269914,,05/18/2016 04:49:00 PM,35,NO CONTROLS,NO CONTROLS,CLEAR,DAYLIGHT,SIDESWIPE SAME DIRECTION,NOT DIVIDED,2.0,STRAIGHT AND LEVEL,DRY,NO DEFECTS,NOT ON SCENE (DESK REPORT),NO INJURY / DRIVE AWAY,,,,"OVER $1,500",05/18/2016 06:10:00 PM,IMPROPER LANE USAGE,IMPROPER LANE USAGE,532,W,95TH ST,2223.0,,,,,,,2,NO INDICATION OF INJURY,0.0,0.0,0.0,0.0,0.0,4.0,0.0,16,4,5,41.7216507182,-87.6372172134,POINT (-87.637217213351 41.721650718156)
05bb8cd2c164b02a0364a8976ee2919d335e49d848ed55266b486d48ff460adb56ab2682f12d4af86c327d6d23636a1363bebe1d969fe98b28a300236731ec92,JE440602,,11/10/2021 01:00:00 PM,30,TRAFFIC SIGNAL,FUNCTIONING PROPERLY,CLEAR,DAYLIGHT,TURNING,FOUR WAY,,STRAIGHT AND LEVEL,DRY,NO DEFECTS,NOT ON SCENE (DESK REPORT),NO INJURY / DRIVE AWAY,,,,"OVER $1,500",11/10/2021 02:15:00 PM,UNABLE TO DETERMINE,UNABLE TO DETERMINE,800,W,98TH PL,2223.0,,,,,,,2,NO INDICATION OF INJURY,0.0,0.0,0.0,0.0,0.0,2.0,0.0,13,4,11,41.7152212361,-87.6431052708,POINT (-87.643105270846 41.715221236147)
ab9fc6228dae07e76efc074a6e3341be66c42c837757a51777d3493fdf58946afbc1dd7e8f62a4193271ef7455056f2bae2dc085df9f103ee2c72b6b18f23c82,HZ511480,,11/11/2016 02:10:00 PM,30,NO CONTROLS,NO CONTROLS,CLEAR,DAYLIGHT,PARKED MOTOR VEHICLE,DIVIDED - W/MEDIAN (NOT RAISED),2.0,STRAIGHT AND LEVEL,DRY,UNKNOWN,NOT ON SCENE (DESK REPORT),NO INJURY / DRIVE AWAY,,,Y,"$501 - $1,500",11/11/2016 03:30:00 PM,UNABLE TO DETERMINE,UNABLE TO DETERMINE,7748,S,WOOD ST,611.0,,,,,,,2,NO INDICATION OF INJURY,0.0,0.0,0.0,0.0,0.0,1.0,0.0,14,6,11,41.7524860971,-87.6684925712,POINT (-87.66849257118 41.752486097108)
6dbfacfbdf675ac7ef03d9bf85ec9724b6208aa33e213bb66f9bc90178e5552a35c1005808f289e3a216ea4226f613d0e5d70a110b63549c3dc92eb646488188,JB554507,,12/15/2018 01:30:00 PM,30,NO CONTROLS,NO CONTROLS,CLEAR,DAYLIGHT,PARKED MOTOR VEHICLE,NOT DIVIDED,2.0,STRAIGHT AND LEVEL,DRY,UNKNOWN,ON SCENE,NO INJURY / DRIVE AWAY,,,N,"OVER $1,500",12/15/2018 02:00:00 PM,NOT APPLICABLE,NOT APPLICABLE,8144,S,EAST END AVE,414.0,,,,,,,2,NO INDICATION OF INJURY,0.0,0.0,0.0,0.0,0.0,1.0,0.0,13,7,12,41.746458845,-87.5831082147,POINT (-87.58310821472 41.746458845034)
6507ca576d71cbf9909ce1e960431fd1c84f7d25636710e2e35f85a87d0279cc00ad759a2b224847075d3780eadb9c32793d03e58144d9fdf4bd1de578619f04,JD122966,N,01/21/2020 08:21:00 AM,30,NO CONTROLS,NO CONTROLS,CLEAR,DAYLIGHT,PARKED MOTOR VEHICLE,ONE-WAY,,STRAIGHT AND LEVEL,DRY,NO DEFECTS,ON SCENE,NO INJURY / DRIVE AWAY,,,Y,"$501 - $1,500",01/21/2020 08:53:00 AM,NOT APPLICABLE,NOT APPLICABLE,5559,W,WEST END AVE,1523.0,,,,,,,2,NO INDICATION OF INJURY,0.0,0.0,0.0,0.0,0.0,1.0,0.0,8,3,1,41.8841267652,-87.7649156043,POINT (-87.764915604269 41.884126765205)
bf21bbca26f5a29e3cbc526206dca84476e10a100596ab3f132fd654cc7edd613d72c8150e5f478e3c2492230caf503eff16923fdd02dfecb6cc84ad16e5b178,JF285595,,06/19/2022 08:30:00 AM,20,NO CONTROLS,NO CONTROLS,CLEAR,DAYLIGHT,PARKED MOTOR VEHICLE,PARKING LOT,,STRAIGHT AND LEVEL,DRY,NO DEFECTS,NOT ON SCENE (DESK REPORT),NO INJURY / DRIVE AWAY,,,Y,$500 OR LESS,06/19/2022 09:00:00 AM,IMPROPER BACKING,UNABLE TO DETERMINE,4023,S,ARCHER AVE,921.0,,,,,,,2,NO INDICATION OF INJURY,0.0,0.0,0.0,0.0,0.0,1.0,0.0,8,1,6,41.8205830407,-87.693426166,POINT (-87.693426165962 41.820583040659)
890f0dbb3c87d432610b63b52e257af3191dcaa6c1a7385c664d67b89bab5ed60b5e8dc5ed4bcaf2b2119a8afc07334a5c69929a89b1cf4ab77e27a03bd4ebe8,HY542840,,10/07/2015 11:09:00 AM,30,NO CONTROLS,NO CONTROLS,CLEAR,DAYLIGHT,PEDALCYCLIST,NOT DIVIDED,4.0,STRAIGHT AND LEVEL,DRY,UNKNOWN,NOT ON SCENE (DESK REPORT),INJURY AND / OR TOW DUE TO CRASH,,,Y,"$501 - $1,500",10/07/2015 11:25:00 AM,UNABLE TO DETERMINE,UNABLE TO DETERMINE,3150,N,MILWAUKEE AVE,2523.0,,,,,,,2,"REPORTED, NOT EVIDENT",1.0,0.0,0.0,0.0,1.0,1.0,0.0,11,4,10,41.9380774556,-87.7224132232,POINT (-87.722413223166 41.938077455618)
4804bae41bca94bccb83ac0b9782e919d23873b9ade82ef8f719e6d4ad0490bae2bfefb9668dae63bb79bed3d7585affbf52e8207ae76fdf3209b2d65d4a3c13,,,10/26/2023 03:00:00 PM,30,NO CONTROLS,NO CONTROLS,RAIN,DAYLIGHT,PEDALCYCLIST,DIVIDED - W/MEDIAN (NOT RAISED),,STRAIGHT AND LEVEL,WET,NO DEFECTS,NOT ON SCENE (DESK REPORT),INJURY AND / OR TOW DUE TO CRASH,,,Y,$500 OR LESS,10/27/2023 01:07:00 AM,IMPROPER LANE USAGE,NOT APPLICABLE,3502,S,WESTERN AVE,911.0,,,,,,,2,NONINCAPACITATING INJURY,1.0,0.0,0.0,1.0,0.0,1.0,0.0,15,5,10,41.8301304744,-87.6851760975,POINT (-87.685176097529 41.830130474359)
f8b45de4c7ab06d11e904052ff30734aae33019e39eeff84ea9dda887e560cc4707bd9013cbed59f7ff9987fbef5789180405ca6cb9e9e3659af8c231d8cb446,HZ457277,Y,10/01/2016 01:20:00 PM,30,STOP SIGN/FLASHER,FUNCTIONING PROPERLY,RAIN,DAYLIGHT,ANGLE,NOT DIVIDED,2.0,STRAIGHT AND LEVEL,WET,NO DEFECTS,NOT ON SCENE (DESK REPORT),NO INJURY / DRIVE AWAY,,,,"OVER $1,500",10/01/2016 05:01:00 PM,DISREGARDING STOP SIGN,UNABLE TO DETERMINE,4400,S,WABASH AVE,215.0,,,,,,,2,NO INDICATION OF INJURY,0.0,0.0,0.0,0.0,0.0,2.0,0.0,13,7,10,41.8146207913,-87.6247534009,POINT (-87.624753400923 41.814620791267)
892a8804a87ee64506a592f0fc0cac3ee87a7093873aff556b3786c8455266898639be1a9aaa86b753dd8c565d8b6b63f1edc9c0f6892e9eaf730a229d6bf528,JE481006,,12/17/2021 05:10:00 PM,30,NO CONTROLS,NO CONTROLS,CLEAR,"DARKNESS, LIGHTED ROAD",SIDESWIPE SAME DIRECTION,NOT DIVIDED,,STRAIGHT AND LEVEL,DRY,NO DEFECTS,NOT ON SCENE (DESK REPORT),NO INJURY / DRIVE AWAY,,,Y,"OVER $1,500",12/17/2021 06:15:00 PM,UNABLE TO DETERMINE,NOT APPLICABLE,6400,N,LEHIGH AVE,1621.0,,,,,,,2,NO INDICATION OF INJURY,0.0,0.0,0.0,0.0,0.0,2.0,0.0,17,6,12,41.9973470918,-87.7659239429,POINT (-87.765923942896 41.997347091757)
4f4309b9509696db61d313892cb524c4abf158d8a0d0d7f73f02ca90db03975d49ad95ec1cac1d2e80d7112a2321db0630324037382bfe542b1216b744fe43b6,HY355660,,07/25/2015 08:40:00 PM,30,NO CONTROLS,NO CONTROLS,CLEAR,DAYLIGHT,SIDESWIPE OPPOSITE DIRECTION,NOT DIVIDED,2.0,STRAIGHT AND LEVEL,DRY,NO DEFECTS,NOT ON SCENE (DESK REPORT),NO INJURY / DRIVE AWAY,,,,"OVER $1,500",07/25/2015 08:40:00 PM,UNABLE TO DETERMINE,NOT APPLICABLE,720,N,HAMLIN AVE,1112.0,,Y,,,,,2,NO INDICATION OF INJURY,0.0,0.0,0.0,0.0,0.0,2.0,0.0,20,7,7,41.8942588482,-87.7213004048,POINT (-87.72130040477 41.894258848176)
6530293c899e7537180395c734ce2d7a094c448a6567d5fce329e51a3f62b18e6dd8876093d0fcfc82efc9071031cab1bd2ec79d90ffcc78e1861d424fd2a379,JG132548,,01/28/2023 11:00:00 AM,30,TRAFFIC SIGNAL,FUNCTIONING PROPERLY,CLEAR,DAYLIGHT,TURNING,FOUR WAY,,STRAIGHT AND LEVEL,WET,UNKNOWN,ON SCENE,NO INJURY / DRIVE AWAY,Y,,,"OVER $1,500",01/28/2023 11:03:00 AM,FAILING TO YIELD RIGHT-OF-WAY,IMPROPER TURNING/NO SIGNAL,3500,S,MORGAN ST,915.0,,,,,,,2,NO INDICATION OF INJURY,0.0,0.0,0.0,0.0,0.0,2.0,0.0,11,7,1,41.8306327569,-87.6511140261,POINT (-87.651114026097 41.830632756899)
e74e98848a0e90bbc13ec8fb296284b0cae7cf1e41647d319707b2d64a825fb30f6e8b20b47337c593438276f968f91c298ad2a2b507c45058cdc3efeb9bd137,JB349246,,07/07/2018 01:45:00 PM,30,TRAFFIC SIGNAL,FUNCTIONING PROPERLY,CLEAR,DAYLIGHT,REAR END,NOT DIVIDED,,STRAIGHT AND LEVEL,DRY,NO DEFECTS,NOT ON SCENE (DESK REPORT),NO INJURY / DRIVE AWAY,Y,,,"OVER $1,500",07/14/2018 10:15:00 AM,DISTRACTION - FROM INSIDE VEHICLE,DISREGARDING TRAFFIC SIGNALS,8,W,OHIO ST,1832.0,,,,,,,2,NO INDICATION OF INJURY,0.0,0.0,0.0,0.0,0.0,2.0,0.0,13,7,7,41.8925742181,-87.6284255843,POINT (-87.628425584301 41.892574218075)
07a6100a221e549285ba89993d4b07c8e6b7bf7e78d49dcbf74a33c93ad2612137d114c26209ec998fd5f50f606bf10d72aabaa32169315df82f62ae6defcd74,JA387218,,08/11/2017 04:00:00 PM,30,NO CONTROLS,NO CONTROLS,CLEAR,DAYLIGHT,ANGLE,NOT DIVIDED,2.0,STRAIGHT AND LEVEL,DRY,NO DEFECTS,NOT ON SCENE (DESK REPORT),NO INJURY / DRIVE AWAY,,,,"$501 - $1,500",08/11/2017 06:13:00 PM,FAILING TO YIELD RIGHT-OF-WAY,FAILING TO REDUCE SPEED TO AVOID CRASH,2350,N,PULASKI RD,2525.0,,,,,,,2,NO INDICATION OF INJURY,0.0,0.0,0.0,0.0,0.0,2.0,0.0,16,6,8,41.9241569234,-87.726904925,POINT (-87.726904924983 41.924156923373)
3575fdb9d0ce77581aa5e9b2fe49456c9896e7fb14a43c567afc814ced44f3baaf44cd3f544c99f5acbd4d375a3370ac44a23acf4fb754c7cca421b6ce15aff8,JD124740,,01/22/2020 02:57:00 PM,30,TRAFFIC SIGNAL,FUNCTIONING PROPERLY,CLEAR,DAYLIGHT,TURNING,NOT DIVIDED,,STRAIGHT AND LEVEL,DRY,NO DEFECTS,ON SCENE,NO INJURY / DRIVE AWAY,,,Y,"OVER $1,500",01/22/2020 03:05:00 PM,IMPROPER TURNING/NO SIGNAL,IMPROPER LANE USAGE,199,N,STATE ST,111.0,,,,,,,2,NO INDICATION OF INJURY,0.0,0.0,0.0,0.0,0.0,2.0,0.0,14,4,1,41.885719361,-87.627792462,POINT (-87.627792461951 41.88571936101)
ab0e49eeca77d6195bfdddf1bbbc751f5de3496b94481a670f198c289a6e839f1c8758af87ca160ec1969b9497dcf516136636cd78df3507913739aeea724de2,JA304179,,06/12/2017 07:00:00 PM,30,TRAFFIC SIGNAL,FUNCTIONING PROPERLY,CLEAR,DAYLIGHT,REAR END,DIVIDED - W/MEDIAN (NOT RAISED),2.0,STRAIGHT AND LEVEL,DRY,NO DEFECTS,NOT ON SCENE (DESK REPORT),NO INJURY / DRIVE AWAY,,,,"OVER $1,500",06/12/2017 07:30:00 PM,UNABLE TO DETERMINE,FOLLOWING TOO CLOSELY,4700,S,WESTERN AVE,922.0,,,,,,,2,NO INDICATION OF INJURY,0.0,0.0,0.0,0.0,0.0,2.0,0.0,19,2,6,41.8083784079,-87.6845707169,POINT (-87.684570716896 41.808378407947)
45f5177a856d75314cb7903fd4541cbd21f4752a8c6c94a1d66f9389bc5630993556f429bfe1587a93d041a433bf9433901acccb2ea76c679dd63b51e91193e2,JG163227,,02/23/2023 02:45:00 PM,30,NO CONTROLS,NO CONTROLS,CLEAR,DAYLIGHT,REAR END,DIVIDED - W/MEDIAN BARRIER,,STRAIGHT AND LEVEL,DRY,NO DEFECTS,NOT ON SCENE (DESK REPORT),NO INJURY / DRIVE AWAY,,,,"OVER $1,500",02/23/2023 04:00:00 PM,UNABLE TO DETERMINE,NOT APPLICABLE,6059,N,LINCOLN AVE,1711.0,,,,,,,2,NO INDICATION OF INJURY,0.0,0.0,0.0,0.0,0.0,2.0,0.0,14,5,2,41.9919194724,-87.7096313344,POINT (-87.709631334403 41.991919472392)
25c3396a8913cf3354d52c4bded8f2a68ef7336078c273d1d9c224f5e9b45b9a2dd0a06616f5a35173685ef19e4d0299b5b7f4915fb979f87a8b1169b96bd653,JG164844,,02/24/2023 10:15:00 PM,30,TRAFFIC SIGNAL,FUNCTIONING PROPERLY,SNOW,"DARKNESS, LIGHTED ROAD",PARKED MOTOR VEHICLE,NOT DIVIDED,,STRAIGHT AND LEVEL,ICE,NO DEFECTS,ON SCENE,INJURY AND / OR TOW DUE TO CRASH,,,,"OVER $1,500",02/24/2023 10:16:00 PM,WEATHER,EQUIPMENT - VEHICLE CONDITION,5202,W,FULLERTON AVE,2515.0,,,,,,,2,NONINCAPACITATING INJURY,3.0,0.0,0.0,3.0,0.0,2.0,0.0,22,6,2,41.9242144387,-87.7562895477,POINT (-87.756289547749 41.92421443867)
331bc3e803be4465e7169427f834ad4ced07e28a2ed55fa02cb981e8edf0c5d0c90dd33f2f8aba661a48490a467e1662a0e9adfbb7a0d62b23dea2879b8e3aa2,JA540083,,12/07/2017 11:05:00 AM,30,TRAFFIC SIGNAL,FUNCTIONING PROPERLY,SNOW,DAYLIGHT,REAR END,DIVIDED - W/MEDIAN (NOT RAISED),,STRAIGHT AND LEVEL,WET,NO DEFECTS,NOT ON SCENE (DESK REPORT),NO INJURY / DRIVE AWAY,,,,$500 OR LESS,12/07/2017 11:20:00 AM,FOLLOWING TOO CLOSELY,UNABLE TO DETERMINE,3146,W,ADDISON ST,1733.0,,,,,,,2,NO INDICATION OF INJURY,0.0,0.0,0.0,0.0,0.0,2.0,0.0,11,5,12,41.9467462884,-87.7072872968,POINT (-87.707287296752 41.946746288367)
63c4a4d4ec62714efb999cb53decdc6ff4130da24979efbb29c2076cbf8dd0209c7fbe2052c4fe6f479f5db9bcb90c8782bfc8ee2d7cbd5f040738775b141d80,JD270960,,06/20/2020 11:30:00 PM,30,NO CONTROLS,NO CONTROLS,FREEZING RAIN/DRIZZLE,UNKNOWN,SIDESWIPE SAME DIRECTION,NOT DIVIDED,,STRAIGHT AND LEVEL,WET,UNKNOWN,NOT ON SCENE (DESK REPORT),NO INJURY / DRIVE AWAY,,,,"OVER $1,500",06/21/2020 12:01:00 AM,IMPROPER TURNING/NO SIGNAL,NOT APPLICABLE,2400,W,OGDEN AVE,1023.0,,,,,,,2,NO INDICATION OF INJURY,0.0,0.0,0.0,0.0,0.0,2.0,0.0,23,7,6,41.8648317102,-87.6861606727,POINT (-87.686160672742 41.864831710222)
9044ef3e6605a1242ba1cd1cda180cb75f6086a63b676fe6feb78c55f51b0b9f1114aea101a6365f23554e7198c55f2d64fbbe25c31946cc68530cbe3c3f6f8b,JD270632,,06/20/2020 04:30:00 PM,30,NO CONTROLS,NO CONTROLS,CLEAR,DAYLIGHT,ANGLE,NOT DIVIDED,,STRAIGHT AND LEVEL,DRY,NO DEFECTS,NOT ON SCENE (DESK REPORT),INJURY AND / OR TOW DUE TO CRASH,,,,"OVER $1,500",06/20/2020 05:45:00 PM,FAILING TO YIELD RIGHT-OF-WAY,FAILING TO REDUCE SPEED TO AVOID CRASH,1130,N,HAMLIN AVE,1112.0,,,,,,,2,NO INDICATION OF INJURY,0.0,0.0,0.0,0.0,0.0,2.0,0.0,16,7,6,41.9018264055,-87.7215498544,POINT (-87.721549854399 41.901826405468)
de71cdccc112558a9fd94cdea9417382583ecbef2a69eda0e59b32f98b68fdd20ed3243fc74430e8cda91a565bfa2a1a0778337f06974a2eb9d1ecd54824f7b8,JB111336,,01/10/2018 04:50:00 PM,30,TRAFFIC SIGNAL,FUNCTIONING PROPERLY,CLEAR,"DARKNESS, LIGHTED ROAD",REAR END,ONE-WAY,3.0,STRAIGHT AND LEVEL,DRY,UNKNOWN,NOT ON SCENE (DESK REPORT),NO INJURY / DRIVE AWAY,Y,,Y,"$501 - $1,500",01/10/2018 05:10:00 PM,FAILING TO REDUCE SPEED TO AVOID CRASH,UNABLE TO DETERMINE,931,N,RUSH ST,1833.0,,,,,,,2,NO INDICATION OF INJURY,0.0,0.0,0.0,0.0,0.0,4.0,0.0,16,4,1,41.900031749,-87.6270219256,POINT (-87.627021925579 41.900031749019)
cda6d49199dd5288d498d17893e692d05b2658f5f6beded464e13e5dbf16adf8cdb55c078266da84643685ef280de5763cdfbb6185b92459e188e4ef536bc101,JB183827,,03/13/2018 07:58:00 AM,20,NO CONTROLS,NO CONTROLS,CLEAR,DAYLIGHT,TURNING,NOT DIVIDED,4.0,STRAIGHT AND LEVEL,DRY,NO DEFECTS,ON SCENE,INJURY AND / OR TOW DUE TO CRASH,,,,"$501 - $1,500",03/13/2018 07:58:00 AM,FAILING TO YIELD RIGHT-OF-WAY,UNABLE TO DETERMINE,5431,W,GRAND AVE,2515.0,,,,,,,2,NONINCAPACITATING INJURY,2.0,0.0,0.0,2.0,0.0,0.0,0.0,7,3,3,41.9179551661,-87.7620650993,POINT (-87.762065099317 41.9179551661)
dfc8828b9bb4e0bd92980841c0fcdf3239fc8d6195136ce3aee7fd6bfa1f8c804f9cf8d8a3461f39f256d5abba90b4292e0f7b325992de679b4f106b13615afb,JE141561,,02/14/2021 01:00:00 PM,30,TRAFFIC SIGNAL,FUNCTIONING PROPERLY,CLEAR,DAYLIGHT,TURNING,FOUR WAY,,STRAIGHT AND LEVEL,DRY,NO DEFECTS,NOT ON SCENE (DESK REPORT),NO INJURY / DRIVE AWAY,Y,,Y,"OVER $1,500",02/14/2021 01:30:00 PM,UNABLE TO DETERMINE,UNABLE TO DETERMINE,7900,S,HALSTED ST,621.0,,,,,,,3,NO INDICATION OF INJURY,0.0,0.0,0.0,0.0,0.0,4.0,0.0,13,1,2,41.7505495594,-87.6441883678,POINT (-87.644188367841 41.750549559439)
cb97d126b8f93bb904c4bd53b4eb4e0532bfa56b2ae3867a52d883cdf6497b6401ca534c5255e830bbb5ec0be802b108fe50c0e620bdb76cab18e3aa3e0a8cec,JC194170,,03/21/2019 07:15:00 AM,30,NO CONTROLS,NO CONTROLS,CLEAR,DAYLIGHT,TURNING,DIVIDED - W/MEDIAN (NOT RAISED),,STRAIGHT AND LEVEL,DRY,NO DEFECTS,NOT ON SCENE (DESK REPORT),NO INJURY / DRIVE AWAY,,,,"OVER $1,500",03/21/2019 03:10:00 PM,IMPROPER BACKING,IMPROPER BACKING,1000,W,WILSON AVE,1914.0,,,,,,,2,NO INDICATION OF INJURY,0.0,0.0,0.0,0.0,0.0,2.0,0.0,7,5,3,41.9655391849,-87.6548598419,POINT (-87.654859841865 41.965539184933)
26b45f40a666b89a41c6c77cb1dd4d1cc94f56c1e31c86763655e011b626bc56880529db4b7acba5ef5cc73f1c3c10f26df37c9cf73694e0f4fbae943e310286,HZ237149,,04/23/2016 01:00:00 PM,30,TRAFFIC SIGNAL,FUNCTIONING PROPERLY,CLEAR,DAYLIGHT,TURNING,NOT DIVIDED,6.0,STRAIGHT AND LEVEL,DRY,NO DEFECTS,NOT ON SCENE (DESK REPORT),NO INJURY / DRIVE AWAY,Y,,,"OVER $1,500",04/23/2016 01:30:00 PM,UNABLE TO DETERMINE,UNABLE TO DETERMINE,301,N,COLUMBUS DR,114.0,,,,,,,2,NO INDICATION OF INJURY,0.0,0.0,0.0,0.0,0.0,4.0,0.0,13,7,4,41.8869761446,-87.6205545707,POINT (-87.620554570711 41.886976144557)