CRASH_RECORD_ID,RD_NO,CRASH_DATE_EST_I,CRASH_DATE,POSTED_SPEED_LIMIT,TRAFFIC_CONTROL_DEVICE,DEVICE_CONDITION,WEATHER_CONDITION,LIGHTING_CONDITION,FIRST_CRASH_TYPE,TRAFFICWAY_TYPE,LANE_CNT,ALIGNMENT,ROADWAY_SURFACE_COND,ROAD_DEFECT,REPORT_TYPE,CRASH_TYPE,INTERSECTION_RELATED_I,NOT_RIGHT_OF_WAY_I,HIT_AND_RUN_I,DAMAGE,DATE_POLICE_NOTIFIED,PRIM_CONTRIBUTORY_CAUSE,SEC_CONTRIBUTORY_CAUSE,STREET_NO,STREET_DIRECTION,STREET_NAME,BEAT_OF_OCCURRENCE,PHOTOS_TAKEN_I,STATEMENTS_TAKEN_I,DOORING_I,WORK_ZONE_I,WORK_ZONE_TYPE,WORKERS_PRESENT_I,NUM_UNITS,MOST_SEVERE_INJURY,INJURIES_TOTAL,INJURIES_FATAL,INJURIES_INCAPACITATING,INJURIES_NON_INCAPACITATING,INJURIES_REPORTED_NOT_EVIDENT,INJURIES_NO_INDICATION,INJURIES_UNKNOWN,CRASH_HOUR,CRASH_DAY_OF_WEEK,CRASH_MONTH,LATITUDE,LONGITUDE,LOCATION
e2346b085d9d2fb0b91bad25ac80e53e47b20b9b03e9adcecfe7ba790f51a4f83d6d6986a0cdf0e4f1549b88525c38dfe47f2726b77beed4dc15f5dfc5c128f9,JD180768,,03/10/2020 11:18:00 AM,30,NO CONTROLS,NO CONTROLS,CLEAR,DAYLIGHT,SIDESWIPE SAME DIRECTION,DIVIDED - W/MEDIAN (NOT RAISED),,STRAIGHT AND LEVEL,DRY,NO DEFECTS,NOT ON SCENE (DESK REPORT),NO INJURY / DRIVE AWAY,,,Y,"OVER $1,500",03/10/2020 01:50:00 PM,IMPROPER OVERTAKING/PASSING,UNABLE TO DETERMINE,321,W,87TH ST,634.0,,,,,,,2,NO INDICATION OF INJURY,0.0,0.0,0.0,0.0,0.0,2.0,0.0,11,3,3,41.7358683795,-87.632413342,POINT (-87.63241334197 41.735868379521)
20033281dc6355406c1916f159ed8d3f44040f25f9e63af611a0db7584827de75ae26b06028a39642cc38b9f4d34b3fb6231ac29e658f6d7a46fdadbbd286d9a,JC496761,,10/31/2019 09:18:00 AM,30,UNKNOWN,UNKNOWN,UNKNOWN,UNKNOWN,REAR END,UNKNOWN INTERSECTION TYPE,,STRAIGHT AND LEVEL,UNKNOWN,UNKNOWN,NOT ON SCENE (DESK REPORT),NO INJURY / DRIVE AWAY,,,,"$501 - $1,500",11/03/2019 09:22:00 AM,UNABLE TO DETERMINE,UNABLE TO DETERMINE,6000,S,DR MARTIN LUTHER KING JR DR,311.0,,,,,,,2,NO INDICATION OF INJURY,0.0,0.0,0.0,0.0,0.0,2.0,0.0,9,5,10,41.7856060971,-87.6159038766,POINT (-87.615903876604 41.785606097064)
bc69764bf571e9b464582f7a8ccb6f46681a3737c0469e901b44320bf63610e4b5b5fc50e8ceb040fd282a4e2281325fd736fbe4e3fa977f4ede69e3c051f152,JD388057,,10/04/2020 02:15:00 AM,40,NO CONTROLS,NO CONTROLS,RAIN,"DARKNESS, LIGHTED ROAD",REAR END,DIVIDED - W/MEDIAN BARRIER,,"CURVE, LEVEL",WET,NO DEFECTS,ON SCENE,INJURY AND / OR TOW DUE TO CRASH,,,Y,"OVER $1,500",10/04/2020 02:46:00 AM,FOLLOWING TOO CLOSELY,HAD BEEN DRINKING (USE WHEN ARREST IS NOT MADE),100,N,LAKE SHORE DR SB,114.0,,,,,,,2,NO INDICATION OF INJURY,0.0,0.0,0.0,0.0,0.0,2.0,0.0,2,1,10,41.8832658898,-87.6162695263,POINT (-87.616269526281 41.883265889838)
4e45db7b29060122b3715a92d2758e436133bb5951a4abf5305bf50bc462c7b0211536af09e44f6ad08386654366f9a2e8a0b6b1f9bc47d85e06e664dcf05c13,JB541437,,12/05/2018 04:25:00 PM,30,TRAFFIC SIGNAL,FUNCTIONING PROPERLY,CLEAR,"DARKNESS, LIGHTED ROAD",SIDESWIPE SAME DIRECTION,DIVIDED - W/MEDIAN BARRIER,4.0,STRAIGHT AND LEVEL,DRY,NO DEFECTS,ON SCENE,NO INJURY / DRIVE AWAY,,,Y,"$501 - $1,500",12/05/2018 04:33:00 PM,UNABLE TO DETERMINE,UNABLE TO DETERMINE,201,W,NORTH AVE,1821.0,,,,,,,2,NO INDICATION OF INJURY,0.0,0.0,0.0,0.0,0.0,2.0,0.0,16,4,12,41.9110516132,-87.634760256,POINT (-87.634760256025 41.911051613186)
87dfb25ad3587e1c69502388323106356e0ba8ef1491a184d6397960e0fc49b0b56933a3ed830ac824f0e6475d3cdd6fc7c178fa91a891d2b962f126f095eb7e,JE429585,,10/31/2021 12:00:00 AM,30,NO CONTROLS,NO CONTROLS,CLEAR,"DARKNESS, LIGHTED ROAD",PARKED MOTOR VEHICLE,PARKING LOT,,STRAIGHT AND LEVEL,DRY,NO DEFECTS,ON SCENE,NO INJURY / DRIVE AWAY,,Y,Y,"$501 - $1,500",10/31/2021 11:09:00 PM,IMPROPER BACKING,UNABLE TO DETERMINE,2401,E,79TH ST,422.0,,,,,,,2,NO INDICATION OF INJURY,0.0,0.0,0.0,0.0,0.0,1.0,0.0,0,1,10,41.7516189869,-87.5661692892,POINT (-87.566169289163 41.751618986868)
bc6b9e582239324377c2aa36281137368021a82ea95cda1fe8c38f963cb27fa8a25ddea01de0e5c813cf1a9ef48652ab3d668e5723cc844c26dc3ac1317fe304,JB571255,,12/29/2018 10:55:00 AM,25,TRAFFIC SIGNAL,FUNCTIONING PROPERLY,CLEAR,DAYLIGHT,SIDESWIPE OPPOSITE DIRECTION,UNKNOWN,,STRAIGHT AND LEVEL,DRY,UNKNOWN,NOT ON SCENE (DESK REPORT),NO INJURY / DRIVE AWAY,,,Y,$500 OR LESS,12/29/2018 11:42:00 AM,NOT APPLICABLE,NOT APPLICABLE,3201,W,DEVON AVE,2413.0,,,,,,,2,NO INDICATION OF INJURY,0.0,0.0,0.0,0.0,0.0,2.0,0.0,10,7,12,41.9972784744,-87.7094073572,POINT (-87.709407357178 41.997278474417)
4037d96577a010c8bf4505dde6664292977854852fb3d977e875cb78f62b4a661e0062e39b0651f19f0e3182f7fecad28630cd1c3d0995624699e5b98f094d13,JC109167,,01/08/2019 12:04:00 PM,30,TRAFFIC SIGNAL,FUNCTIONING PROPERLY,CLEAR,DAYLIGHT,SIDESWIPE SAME DIRECTION,NOT DIVIDED,2.0,STRAIGHT AND LEVEL,DRY,NO DEFECTS,NOT ON SCENE (DESK REPORT),NO INJURY / DRIVE AWAY,,,,"OVER $1,500",01/08/2019 12:18:00 PM,IMPROPER LANE USAGE,NOT APPLICABLE,98,W,ROOSEVELT RD,123.0,,,,,,,2,NO INDICATION OF INJURY,0.0,0.0,0.0,0.0,0.0,2.0,0.0,12,3,1,41.8674844605,-87.6303889077,POINT (-87.630388907726 41.867484460531)
f007debb0a59db531cc374efa69f7a274b056073f8f23da00afc6f382b7d424a54e886f471805848c23e773346f599090af212b66408ede336f4d64165306b01,JB358606,,07/21/2018 01:13:00 AM,30,TRAFFIC SIGNAL,FUNCTIONING PROPERLY,CLEAR,"DARKNESS, LIGHTED ROAD",ANGLE,ONE-WAY,2.0,STRAIGHT AND LEVEL,DRY,UNKNOWN,NOT ON SCENE (DESK REPORT),INJURY AND / OR TOW DUE TO CRASH,,,,"OVER $1,500",07/21/2018 01:30:00 AM,UNABLE TO DETERMINE,NOT APPLICABLE,300,W,WASHINGTON ST,122.0,,,,,,,2,NO INDICATION OF INJURY,0.0,0.0,0.0,0.0,0.0,3.0,0.0,1,7,7,41.8833149123,-87.6354160364,POINT (-87.635416036381 41.883314912259)
98132b398d9c3ffb6490ba59416d2bf95e3e64486f1a2f790242b3ed923fa2aabba951bac6e86d934499bb0856d81a22336d0698ab6a85a96b312339fee8e0dc,JF267756,,06/04/2022 05:45:00 PM,30,NO CONTROLS,NO CONTROLS,CLEAR,DAYLIGHT,PARKED MOTOR VEHICLE,NOT DIVIDED,,STRAIGHT AND LEVEL,DRY,NO DEFECTS,ON SCENE,INJURY AND / OR TOW DUE TO CRASH,,,,"OVER $1,500",06/04/2022 05:51:00 PM,EQUIPMENT - VEHICLE CONDITION,NOT APPLICABLE,540,W,35TH ST,915.0,,,,,,,2,"REPORTED, NOT EVIDENT",1.0,0.0,0.0,0.0,1.0,1.0,0.0,17,7,6,41.8309356324,-87.6404175996,POINT (-87.640417599583 41.830935632398)
001cf1c60bd498efc752418fc3ebe4730a187362aa5cffadaf42afb0d8171285fb489f9aec114376531bd636ec3d2b6a4460451858250651427aec7c307c5659,JD135145,,01/31/2020 01:50:00 PM,30,NO CONTROLS,NO CONTROLS,CLEAR,DAYLIGHT,REAR END,NOT DIVIDED,,STRAIGHT AND LEVEL,DRY,NO DEFECTS,NOT ON SCENE (DESK REPORT),NO INJURY / DRIVE AWAY,,,,"OVER $1,500",01/31/2020 02:10:00 PM,FOLLOWING TOO CLOSELY,NOT APPLICABLE,6200,W,FOSTER AVE,1622.0,,,,,,,2,NO INDICATION OF INJURY,0.0,0.0,0.0,0.0,0.0,2.0,0.0,13,6,1,41.9757696948,-87.7830649941,POINT (-87.783064994088 41.975769694762)
58af8e71187dedc7ef90b2a27bd5f4e528c31e20bb6048c0e014aaae8e170f7a2cf19b3096fdfe593b01af936159ff77352619e40e08faed664eba14f2cb0016,JF107246,,01/08/2022 11:26:00 PM,30,NO CONTROLS,NO CONTROLS,FREEZING RAIN/DRIZZLE,"DARKNESS, LIGHTED ROAD",ANGLE,ONE-WAY,,STRAIGHT AND LEVEL,SNOW OR SLUSH,NO DEFECTS,ON SCENE,NO INJURY / DRIVE AWAY,,,,"OVER $1,500",01/08/2022 11:27:00 PM,WEATHER,WEATHER,5712,W,THOMAS ST,1511.0,,,,,,,2,NO INDICATION OF INJURY,0.0,0.0,0.0,0.0,0.0,3.0,0.0,23,7,1,41.9003847353,-87.7686256254,POINT (-87.768625625381 41.900384735286)
3d95403d1801de872b90691d9ecbbe3a61b78ea68fd6767f59d906cbf85d78a911a64c90e0ae6d4ea63059a57c99a996fec4e2f6c5134b56642f7fcc73a4e9cc,HZ514947,,11/14/2016 12:35:00 PM,30,TRAFFIC SIGNAL,FUNCTIONING PROPERLY,CLEAR,DAYLIGHT,REAR END,NOT DIVIDED,,STRAIGHT AND LEVEL,DRY,NO DEFECTS,NOT ON SCENE (DESK REPORT),NO INJURY / DRIVE AWAY,,,,"$501 - $1,500",11/14/2016 01:20:00 PM,EQUIPMENT - VEHICLE CONDITION,FAILING TO REDUCE SPEED TO AVOID CRASH,4424,W,GRAND AVE,2533.0,,,,,,,2,NO INDICATION OF INJURY,0.0,0.0,0.0,0.0,0.0,4.0,0.0,12,2,11,41.9104732116,-87.7369867186,POINT (-87.736986718576 41.910473211614)
5a6573892968f3da377392adb3c82ba0709333ea47cabefe8316dbf4540eaf76cb78695441186e0d134dc5e817e7c708e0ebb3ba53f308b08188c5139721fbca,JC305796,,06/14/2019 09:45:00 AM,20,NO CONTROLS,NO CONTROLS,CLEAR,DAYLIGHT,FIXED OBJECT,DRIVEWAY,,STRAIGHT AND LEVEL,DRY,NO DEFECTS,ON SCENE,INJURY AND / OR TOW DUE TO CRASH,,,,"OVER $1,500",06/14/2019 09:47:00 AM,DRIVING SKILLS/KNOWLEDGE/EXPERIENCE,UNABLE TO DETERMINE,1816,N,SEDGWICK ST,1813.0,,,,,,,1,NONINCAPACITATING INJURY,1.0,0.0,0.0,1.0,0.0,0.0,0.0,9,6,6,41.9152450128,-87.6388685722,POINT (-87.638868572178 41.915245012762)
f2e0b63e757f0c4eca3b79627d3e593d4457a483308ad7184089df74283f48e8877f1a0b9301b1b0fabc3e98d6c7a179397e2d252877a8ffd83518e76bc4b0aa,JE320501,,07/31/2021 12:30:00 AM,45,NO CONTROLS,NO CONTROLS,CLEAR,"DARKNESS, LIGHTED ROAD",SIDESWIPE SAME DIRECTION,DIVIDED - W/MEDIAN BARRIER,,"CURVE, LEVEL",DRY,WORN SURFACE,ON SCENE,INJURY AND / OR TOW DUE TO CRASH,,,Y,"OVER $1,500",07/31/2021 12:35:00 AM,IMPROPER LANE USAGE,NOT APPLICABLE,4200,S,LAKE SHORE DR SB,214.0,,,,,,,2,NO INDICATION OF INJURY,0.0,0.0,0.0,0.0,0.0,2.0,0.0,0,7,7,41.8184973596,-87.5966206683,POINT (-87.596620668258 41.818497359646)
67e964ce3ae9697053eecbe4228ba3f88652e47f9242d377f5ecaa6324b8e10f468c2a5b90669f074919d038df7bc404f2bf732dcf031b2668e33f1543f61895,JD399938,Y,10/09/2020 07:15:00 AM,10,NO CONTROLS,NO CONTROLS,CLEAR,DAYLIGHT,PARKED MOTOR VEHICLE,PARKING LOT,,STRAIGHT AND LEVEL,DRY,NO DEFECTS,NOT ON SCENE (DESK REPORT),NO INJURY / DRIVE AWAY,,N,Y,"OVER $1,500",10/15/2020 07:49:00 AM,UNABLE TO DETERMINE,NOT APPLICABLE,4770,S,KEDZIE AVE,821.0,,,,,,,2,NO INDICATION OF INJURY,0.0,0.0,0.0,0.0,0.0,1.0,0.0,7,6,10,41.8062406588,-87.70406794,POINT (-87.70406794002 41.806240658754)
edbb29fcba88090911e94ecf90966574315a554c9baedd1b0cff4e7cda90236e21aa0bc112ab811890acdd12825bfc3b85d9518d0d1d4413f6c3535681e4aa67,JF166400,,03/07/2022 02:30:00 PM,20,NO CONTROLS,NO CONTROLS,CLEAR,DAWN,PARKED MOTOR VEHICLE,ONE-WAY,,STRAIGHT AND LEVEL,SNOW OR SLUSH,UNKNOWN,ON SCENE,NO INJURY / DRIVE AWAY,,,Y,"$501 - $1,500",03/07/2022 04:19:00 PM,UNABLE TO DETERMINE,UNABLE TO DETERMINE,1060,E,41ST ST,214.0,,,,,,,2,NO INDICATION OF INJURY,0.0,0.0,0.0,0.0,0.0,1.0,0.0,14,2,3,41.820357887,-87.6004360121,POINT (-87.600436012125 41.820357886979)
ab1a09fba467a2380d49436145faaeb5ad06efbac81917babb4ea56187d13b513bbeaa602682b433bb923bd977e55ffd92212d2b95b3017e06433660384faf03,JA371491,,07/27/2017 09:00:00 AM,10,NO CONTROLS,NO CONTROLS,UNKNOWN,DAYLIGHT,PARKED MOTOR VEHICLE,PARKING LOT,2.0,STRAIGHT AND LEVEL,UNKNOWN,UNKNOWN,NOT ON SCENE (DESK REPORT),NO INJURY / DRIVE AWAY,,Y,Y,"$501 - $1,500",07/31/2017 04:45:00 PM,UNABLE TO DETERMINE,UNABLE TO DETERMINE,232,W,87TH ST,622.0,,,,,,,2,NO INDICATION OF INJURY,0.0,0.0,0.0,0.0,0.0,1.0,0.0,9,5,7,41.7361549689,-87.6298451196,POINT (-87.629845119553 41.73615496893)
463adf77c2d7bbf06f7e2b811a45849b3bd1a926ae4d1cb3f7ab8c8682525912aa3139dca3bd915b1c11c8c9b9231d50f4f7475335e8deab886a267171cf218a,HZ531945,,11/28/2016 12:30:00 PM,30,NO CONTROLS,NO CONTROLS,RAIN,DAYLIGHT,SIDESWIPE SAME DIRECTION,NOT DIVIDED,,STRAIGHT AND LEVEL,WET,NO DEFECTS,NOT ON SCENE (DESK REPORT),NO INJURY / DRIVE AWAY,,,,"OVER $1,500",11/28/2016 01:20:00 PM,UNABLE TO DETERMINE,UNABLE TO DETERMINE,1599,W,NORTH AVE,1433.0,,,,,,,2,NO INDICATION OF INJURY,0.0,0.0,0.0,0.0,0.0,2.0,0.0,12,2,11,41.9105214318,-87.6676290011,POINT (-87.667629001071 41.910521431783)
8d918f5bd8c408dc3ff98ac1bfef751633e6d9ec3777a3eadf3a92b7a926ae7308a3441c0ade8f4775409e259d448253d95c198196f5f5fc2d64ad2199acf9b3,JG329095,,07/03/2023 09:15:00 AM,30,NO CONTROLS,NO CONTROLS,CLEAR,DAYLIGHT,SIDESWIPE SAME DIRECTION,NOT DIVIDED,,STRAIGHT AND LEVEL,DRY,NO DEFECTS,NOT ON SCENE (DESK REPORT),NO INJURY / DRIVE AWAY,,,Y,"$501 - $1,500",07/05/2023 06:10:00 PM,NOT APPLICABLE,NOT APPLICABLE,501,W,GARFIELD BLVD,711.0,,,,,,,2,NO INDICATION OF INJURY,0.0,0.0,0.0,0.0,0.0,4.0,0.0,9,2,7,41.7939655174,-87.6379627793,POINT (-87.637962779287 41.793965517427)
34862f7d9befc26d8a5787fdcf2555f56277e948cafa36e793ee247a1bebedddfea4cd4e97096b3228867d460bbe4c4fcf6013165b016e460f58cceebb395bb5,HZ461033,,10/04/2016 12:47:00 PM,30,NO CONTROLS,NO CONTROLS,CLEAR,DAYLIGHT,ANGLE,DIVIDED - W/MEDIAN (NOT RAISED),2.0,STRAIGHT AND LEVEL,DRY,NO DEFECTS,NOT ON SCENE (DESK REPORT),NO INJURY / DRIVE AWAY,,,,"$501 - $1,500",10/04/2016 04:00:00 PM,FAILING TO YIELD RIGHT-OF-WAY,NOT APPLICABLE,1607,N,NORTH PARK AVE,1814.0,,,,,,,2,NO INDICATION OF INJURY,0.0,0.0,0.0,0.0,0.0,2.0,0.0,12,3,10,41.9113392495,-87.6365211597,POINT (-87.636521159731 41.911339249489)
f0c3bf54e644f885c82d2ff05d282afeaa7701b194d15f3676f747821e1e38bbbd0c72de2b488e94c866206ee14f076cb45c4f4874f4c4c90536528cd414373f,JA426711,,09/11/2017 08:27:00 AM,20,NO CONTROLS,NO CONTROLS,CLEAR,DAYLIGHT,PARKED MOTOR VEHICLE,NOT DIVIDED,2.0,STRAIGHT AND LEVEL,DRY,NO DEFECTS,NOT ON SCENE (DESK REPORT),NO INJURY / DRIVE AWAY,,,,"OVER $1,500",09/11/2017 09:09:00 AM,UNABLE TO DETERMINE,NOT APPLICABLE,2833,W,HOLLYWOOD AVE,2011.0,,,,,,,2,NO INDICATION OF INJURY,0.0,0.0,0.0,0.0,0.0,3.0,0.0,8,2,9,41.98482324,-87.7004892947,POINT (-87.700489294712 41.98482324003)
ca2bbc060d33f50e9a0152f201f96d7ef721b42ace8b94cf8326fcf7fb19ab69f70d627464d1a0be9735b5cf9805242a56a263d7fc171564280441f49b760c52,JD150636,,02/13/2020 02:50:00 PM,10,NO CONTROLS,NO CONTROLS,CLEAR,DAYLIGHT,ANGLE,OTHER,,STRAIGHT AND LEVEL,SNOW OR SLUSH,NO DEFECTS,ON SCENE,NO INJURY / DRIVE AWAY,,,,"OVER $1,500",02/13/2020 02:50:00 PM,FAILING TO YIELD RIGHT-OF-WAY,IMPROPER OVERTAKING/PASSING,10000,W,OHARE ST,1651.0,,,,,,,2,NO INDICATION OF INJURY,0.0,0.0,0.0,0.0,0.0,2.0,0.0,14,5,2,41.976201139,-87.9053091251,POINT (-87.905309125103 41.976201139024)
69d695332f56390312240b587609b73b17058011c7310de3f4f7b04aafcaddd0423120edf2faf950d18e9a25fa38a00093c5aaf1294c7feda8b62e8917afd942,JD205313,,04/09/2020 10:07:00 AM,20,NO CONTROLS,NO CONTROLS,CLEAR,DAYLIGHT,PARKED MOTOR VEHICLE,PARKING LOT,,STRAIGHT AND LEVEL,DRY,NO DEFECTS,ON SCENE,INJURY AND / OR TOW DUE TO CRASH,,Y,,"$501 - $1,500",04/09/2020 10:07:00 AM,UNABLE TO DETERMINE,NOT APPLICABLE,33,E,114TH PL,531.0,,,,,,,2,"REPORTED, NOT EVIDENT",1.0,0.0,0.0,0.0,1.0,1.0,0.0,10,5,4,41.6861347178,-87.6216210537,POINT (-87.621621053707 41.686134717812)
3afc77b17a525d0b94c4c9b1f67df0dc71201db872c1999b9b91ab38340daf07fd79d2165e3d34c4c3f45970aa03a9c5591605a2ff4a98ddb9cc2d78457fd002,JD462546,,12/18/2020 11:47:00 AM,20,STOP SIGN/FLASHER,FUNCTIONING PROPERLY,CLOUDY/OVERCAST,DAYLIGHT,PARKED MOTOR VEHICLE,NOT DIVIDED,,STRAIGHT AND LEVEL,DRY,NO DEFECTS,ON SCENE,INJURY AND / OR TOW DUE TO CRASH,,,,"OVER $1,500",12/18/2020 11:47:00 AM,PHYSICAL CONDITION OF DRIVER,NOT APPLICABLE,5200,W,LE MOYNE ST,2532.0,,,,,,,2,INCAPACITATING INJURY,1.0,0.0,1.0,0.0,0.0,0.0,0.0,11,6,12,41.9077952167,-87.755967235,POINT (-87.755967235028 41.907795216667)
37075b67272e2a4d526660c26d09fc4b89b716b9101b90c29e84059f8161a1b908a60b467ffb3a11b59812edd66c6b59c26eb81d7a62290a40e60d14b7e6c140,JD413250,,10/28/2020 10:20:00 AM,20,NO CONTROLS,NO CONTROLS,CLEAR,DAYLIGHT,ANGLE,ONE-WAY,,STRAIGHT AND LEVEL,DRY,NO DEFECTS,ON SCENE,INJURY AND / OR TOW DUE TO CRASH,,,,"$501 - $1,500",10/28/2020 10:44:00 AM,DRIVING SKILLS/KNOWLEDGE/EXPERIENCE,DRIVING SKILLS/KNOWLEDGE/EXPERIENCE,6014,N,SACRAMENTO AVE,2413.0,,,,,,,2,NONINCAPACITATING INJURY,1.0,0.0,0.0,1.0,0.0,1.0,0.0,10,4,10,41.9908404479,-87.7044152954,POINT (-87.704415295374 41.9908404479)
163a2e271fe3002a4fdbe05a94be8b7195e749e15497cd90d0a84c4ffc80ce0838362b673271ab668ad6ea58f960aa5f5618c22065196f15ebae5ee0e64171fd,JF230039,,05/04/2022 02:47:00 PM,20,STOP SIGN/FLASHER,NO CONTROLS,CLEAR,DAYLIGHT,SIDESWIPE SAME DIRECTION,NOT DIVIDED,,STRAIGHT AND LEVEL,DRY,NO DEFECTS,ON SCENE,NO INJURY / DRIVE AWAY,,,Y,$500 OR LESS,05/04/2022 02:53:00 PM,DISREGARDING STOP SIGN,UNABLE TO DETERMINE,6408,S,LOOMIS BLVD,725.0,,,,,,,2,NO INDICATION OF INJURY,0.0,0.0,0.0,0.0,0.0,8.0,0.0,14,4,5,41.7774026903,-87.659448268,POINT (-87.659448267985 41.777402690349)
b8b602627d281105e3827de794ab33d2d4a365e4cda5afed285a02ca0d1bff65073718d63d1e220a10cfd6deaf2456683cd890544ea08e8d8065171e042405c7,JD290738,,07/08/2020 09:00:00 AM,30,NO CONTROLS,NO CONTROLS,CLEAR,DAYLIGHT,PARKED MOTOR VEHICLE,NOT DIVIDED,,STRAIGHT AND LEVEL,UNKNOWN,UNKNOWN,NOT ON SCENE (DESK REPORT),NO INJURY / DRIVE AWAY,,,Y,$500 OR LESS,07/08/2020 06:25:00 PM,UNABLE TO DETERMINE,UNABLE TO DETERMINE,5158,S,DR MARTIN LUTHER KING JR DR,231.0,,,,,,,2,NO INDICATION OF INJURY,0.0,0.0,0.0,0.0,0.0,1.0,0.0,9,4,7,41.8007541532,-87.6162764418,POINT (-87.616276441781 41.80075415322)
59b36f335bf9585020871d5731f9cdf0ebfb098ccaa1df0be2ce23207b39c02733d55b951a652e6d37cabffebf7ca4a3078a393cad6729dc9c053eb8cd01e57e,JF381761,,09/03/2022 02:17:00 PM,30,NO CONTROLS,NO CONTROLS,CLEAR,DAYLIGHT,SIDESWIPE SAME DIRECTION,NOT DIVIDED,,STRAIGHT AND LEVEL,DRY,NO DEFECTS,ON SCENE,NO INJURY / DRIVE AWAY,,,Y,"$501 - $1,500",09/03/2022 03:37:00 PM,UNABLE TO DETERMINE,UNABLE TO DETERMINE,1806,S,ASHLAND AVE,1234.0,,,,,,,2,NO INDICATION OF INJURY,0.0,0.0,0.0,0.0,0.0,2.0,0.0,14,7,9,41.8575579469,-87.6662830159,POINT (-87.666283015943 41.857557946885)
f8a2faa282b742b772b7487f212a4d7a1d061a5d5f6bc9392d40d58713585c7c5b7ffcc1fdd33c84d5317d8abcdbc46930f49024e802c524cdef2b48d21638db,JG390369,,08/20/2023 12:25:00 PM,25,STOP SIGN/FLASHER,FUNCTIONING PROPERLY,CLEAR,DAYLIGHT,TURNING,ONE-WAY,,STRAIGHT AND LEVEL,DRY,NO DEFECTS,ON SCENE,NO INJURY / DRIVE AWAY,N,,,"$501 - $1,500",08/20/2023 12:31:00 PM,IMPROPER LANE USAGE,"VISION OBSCURED (SIGNS, TREE LIMBS, BUILDINGS, ETC.)",3602,N,WHIPPLE ST,1733.0,,,,,,,2,NO INDICATION OF INJURY,0.0,0.0,0.0,0.0,0.0,2.0,0.0,12,1,8,41.9467951012,-87.7043043825,POINT (-87.704304382457 41.946795101223)
6b1dee4eafcc0c3bc93977c6bf7f1a5f588d5971d920c3cdeff055a794668d43bdc7e66496b13d2297575cbab7f6365d7576643f198333b27080e55d96010f10,JB322239,,06/25/2018 04:15:00 PM,30,STOP SIGN/FLASHER,FUNCTIONING PROPERLY,CLEAR,DAYLIGHT,REAR END,NOT DIVIDED,,STRAIGHT AND LEVEL,DRY,UNKNOWN,NOT ON SCENE (DESK REPORT),NO INJURY / DRIVE AWAY,,,,"OVER $1,500",06/25/2018 04:30:00 PM,FAILING TO REDUCE SPEED TO AVOID CRASH,UNABLE TO DETERMINE,5300,N,CLARK ST,2012.0,,,,,,,2,NO INDICATION OF INJURY,0.0,0.0,0.0,0.0,0.0,2.0,0.0,16,2,6,41.9780662833,-87.6684957471,POINT (-87.668495747108 41.978066283346)
c7ccb123864fd06b290767ef7be1d70dbf69f3e2baf7174176f05f7c6e00abf4dcd7e32a4ecb031a74ebce50e1d0c0066b1b509c4ab365f5849349758de00bcd,JA563084,,12/26/2017 08:20:00 AM,30,TRAFFIC SIGNAL,FUNCTIONING PROPERLY,CLEAR,DAYLIGHT,SIDESWIPE SAME DIRECTION,OTHER,,STRAIGHT AND LEVEL,DRY,NO DEFECTS,ON SCENE,NO INJURY / DRIVE AWAY,Y,,,"OVER $1,500",12/26/2017 08:33:00 AM,IMPROPER TURNING/NO SIGNAL,FAILING TO YIELD RIGHT-OF-WAY,5941,S,COTTAGE GROVE AVE,235.0,,,,,,,2,NO INDICATION OF INJURY,0.0,0.0,0.0,0.0,0.0,2.0,0.0,8,3,12,41.7865696826,-87.6059006148,POINT (-87.605900614804 41.786569682554)
dedf178f08c9f1d87e193de8da54587514f8b7024efc52059c55490bde6ae6ebd991ce03c42f45c59c29fb1fd5dce2392a8a5e7c26559f328f5ab56f4a5bd9d4,JF521197,,12/23/2022 09:00:00 PM,30,NO CONTROLS,NO CONTROLS,SNOW,"DARKNESS, LIGHTED ROAD",PARKED MOTOR VEHICLE,DIVIDED - W/MEDIAN (NOT RAISED),,STRAIGHT AND LEVEL,SNOW OR SLUSH,NO DEFECTS,NOT ON SCENE (DESK REPORT),NO INJURY / DRIVE AWAY,,,,"OVER $1,500",12/23/2022 11:20:00 PM,WEATHER,WEATHER,3652,W,26TH ST,1013.0,,,,,,,3,NO INDICATION OF INJURY,0.0,0.0,0.0,0.0,0.0,3.0,0.0,21,6,12,41.8444655355,-87.7168986893,POINT (-87.716898689297 41.844465535491)
3dae622b7e8681e02916626d317806c03582da31a4cae71131a6183d318108bb8c35d52bddd47a3c863cb38ebd8a3d26a4a74665245be80b20f92fc0dfa332cc,JC449010,,09/26/2019 12:30:00 PM,25,NO CONTROLS,NO CONTROLS,CLEAR,DAYLIGHT,REAR END,NOT DIVIDED,,STRAIGHT AND LEVEL,DRY,NO DEFECTS,NOT ON SCENE (DESK REPORT),NO INJURY / DRIVE AWAY,,,,"$501 - $1,500",09/26/2019 01:00:00 PM,UNABLE TO DETERMINE,UNABLE TO DETERMINE,1000,W,ROSEMONT AVE,2433.0,,,,,,,2,NO INDICATION OF INJURY,0.0,0.0,0.0,0.0,0.0,2.0,0.0,12,5,9,41.9965327543,-87.6556547586,POINT (-87.655654758648 41.996532754282)