CRASH_RECORD_ID,RD_NO,CRASH_DATE_EST_I,CRASH_DATE,POSTED_SPEED_LIMIT,TRAFFIC_CONTROL_DEVICE,DEVICE_CONDITION,WEATHER_CONDITION,LIGHTING_CONDITION,FIRST_CRASH_TYPE,TRAFFICWAY_TYPE,LANE_CNT,ALIGNMENT,ROADWAY_SURFACE_COND,ROAD_DEFECT,REPORT_TYPE,CRASH_TYPE,INTERSECTION_RELATED_I,NOT_RIGHT_OF_WAY_I,HIT_AND_RUN_I,DAMAGE,DATE_POLICE_NOTIFIED,PRIM_CONTRIBUTORY_CAUSE,SEC_CONTRIBUTORY_CAUSE,STREET_NO,STREET_DIRECTION,STREET_NAME,BEAT_OF_OCCURRENCE,PHOTOS_TAKEN_I,STATEMENTS_TAKEN_I,DOORING_I,WORK_ZONE_I,WORK_ZONE_TYPE,WORKERS_PRESENT_I,NUM_UNITS,MOST_SEVERE_INJURY,INJURIES_TOTAL,INJURIES_FATAL,INJURIES_INCAPACITATING,INJURIES_NON_INCAPACITATING,INJURIES_REPORTED_NOT_EVIDENT,INJURIES_NO_INDICATION,INJURIES_UNKNOWN,CRASH_HOUR,CRASH_DAY_OF_WEEK,CRASH_MONTH,LATITUDE,LONGITUDE,LOCATION
585019c3948e672fb718d33b746da7aa1a1bd665d5bdced78fa4fc02471498c75b7d0680b20aefbc9951703d4ba4bcf8aeda294f4749888a3f5b482f72ed099b,JF463560,,10/31/2022 09:00:00 PM,30,NO CONTROLS,NO CONTROLS,CLEAR,DARKNESS,PARKED MOTOR VEHICLE,ONE-WAY,,STRAIGHT AND LEVEL,DRY,NO DEFECTS,NOT ON SCENE (DESK REPORT),NO INJURY / DRIVE AWAY,,,Y,"OVER $1,500",11/05/2022 04:40:00 PM,UNABLE TO DETERMINE,UNABLE TO DETERMINE,1140,W,77TH ST,612.0,,,,,,,2,NO INDICATION OF INJURY,0.0,0.0,0.0,0.0,0.0,1.0,0.0,21,2,10,41.7542592087,-87.6530210259,POINT (-87.653021025871 41.754259208653)
96fbf0b3b4580194e4250f92990a9b3d2d3b0f86d9344ac282b4c62eb73a78ef7e9e02912556d2122e3835199debdad0a38aed803f3e5cb96f044aba22dd0d67,JE398996,,10/05/2021 02:02:00 PM,30,TRAFFIC SIGNAL,FUNCTIONING PROPERLY,CLEAR,DAYLIGHT,PEDESTRIAN,DIVIDED - W/MEDIAN (NOT RAISED),,STRAIGHT AND LEVEL,DRY,NO DEFECTS,ON SCENE,INJURY AND / OR TOW DUE TO CRASH,,,Y,$500 OR LESS,10/05/2021 02:02:00 PM,UNABLE TO DETERMINE,UNABLE TO DETERMINE,3610,N,CENTRAL AVE,1633.0,,,,,,,2,NONINCAPACITATING INJURY,1.0,0.0,0.0,1.0,0.0,4.0,0.0,14,3,10,41.9462131595,-87.7669149169,POINT (-87.766914916874 41.946213159463)
b454f665ae4a604911de2eee3541f5b2dd1ab6ba5d3ad5fa958f42c126ad0af761e441a728847bf4342af45ee3a5e14eda1d06ee1d1c6abd570223919451a1b4,JE454405,,11/23/2021 08:15:00 AM,25,NO CONTROLS,NO CONTROLS,CLEAR,DAYLIGHT,PARKED MOTOR VEHICLE,NOT DIVIDED,,STRAIGHT AND LEVEL,DRY,NO DEFECTS,NOT ON SCENE (DESK REPORT),NO INJURY / DRIVE AWAY,,,Y,"$501 - $1,500",11/23/2021 10:00:00 AM,UNABLE TO DETERMINE,UNABLE TO DETERMINE,3738,S,SACRAMENTO AVE,911.0,,,,,,,2,NO INDICATION OF INJURY,0.0,0.0,0.0,0.0,0.0,2.0,0.0,8,3,11,41.8250978475,-87.6997216488,POINT (-87.699721648814 41.825097847471)
693429b625edf8181c0b4f5a6c9c250cc190b41a65152ca8af6e43af0b9991a4cd38d5b00b2352fee39de8dcb89f089dbe8abeb7962bde3ec293974d350dfef5,JG387444,,08/18/2023 10:15:00 AM,30,NO CONTROLS,NO CONTROLS,CLEAR,DAYLIGHT,SIDESWIPE SAME DIRECTION,DIVIDED - W/MEDIAN (NOT RAISED),,STRAIGHT AND LEVEL,DRY,NO DEFECTS,NOT ON SCENE (DESK REPORT),NO INJURY / DRIVE AWAY,,,,"OVER $1,500",08/18/2023 10:45:00 AM,UNABLE TO DETERMINE,UNABLE TO DETERMINE,4659,N,KEDZIE AVE,1713.0,,,,,,,2,NO INDICATION OF INJURY,0.0,0.0,0.0,0.0,0.0,3.0,0.0,10,6,8,41.9662379989,-87.7082589905,POINT (-87.708258990514 41.966237998889)
e5c23f3bcfd5e6bcbee04d1c4a44df4eb2d45bcfe423f31926d9b0df3abcb47bdc447e59ea21e428b5c95b7588fa23a8ea8b8d0cb69777a96ae4cf98e3ad312c,JE451839,,11/20/2021 07:40:00 PM,30,NO CONTROLS,NO CONTROLS,CLEAR,DARKNESS,PARKED MOTOR VEHICLE,NOT DIVIDED,,STRAIGHT AND LEVEL,DRY,NO DEFECTS,ON SCENE,NO INJURY / DRIVE AWAY,,,,"$501 - $1,500",11/20/2021 07:52:00 PM,"OPERATING VEHICLE IN ERRATIC, RECKLESS, CARELESS, NEGLIGENT OR AGGRESSIVE MANNER",UNABLE TO DETERMINE,10453,S,STATE ST,512.0,,,,,,,2,NO INDICATION OF INJURY,0.0,0.0,0.0,0.0,0.0,1.0,0.0,19,7,11,41.7037855085,-87.6232778947,POINT (-87.623277894653 41.703785508541)
48ec76bdabd631de612b3c44d5261aa40ef70555c45a317a478782c7ff300db2b4184cc38e421095c1b99fd408b1be0036efa4b60b3a0715fc50bfa8436f01fc,JE423445,,10/26/2021 05:00:00 PM,30,TRAFFIC SIGNAL,FUNCTIONING PROPERLY,CLEAR,"DARKNESS, LIGHTED ROAD",TURNING,FOUR WAY,,STRAIGHT AND LEVEL,DRY,NO DEFECTS,NOT ON SCENE (DESK REPORT),NO INJURY / DRIVE AWAY,Y,,,"$501 - $1,500",10/26/2021 06:34:00 PM,IMPROPER TURNING/NO SIGNAL,IMPROPER TURNING/NO SIGNAL,6302,S,KEDZIE AVE,823.0,,,,,,,2,NO INDICATION OF INJURY,0.0,0.0,0.0,0.0,0.0,2.0,0.0,17,3,10,41.7788657404,-87.7032822812,POINT (-87.70328228117 41.778865740376)
aa283879dc61d1a4f6b069d61fba742a3b64c4f8632874573768f3481d220b444ed9fe0f757ebd4af02943c16529421ac7e77c4592683b6ec64c32b89b8e4a4d,JF524405,,12/27/2022 04:59:00 PM,30,TRAFFIC SIGNAL,FUNCTIONING PROPERLY,UNKNOWN,UNKNOWN,TURNING,NOT DIVIDED,,STRAIGHT ON GRADE,UNKNOWN,UNKNOWN,NOT ON SCENE (DESK REPORT),INJURY AND / OR TOW DUE TO CRASH,N,,N,"$501 - $1,500",12/27/2022 05:35:00 PM,UNABLE TO DETERMINE,NOT APPLICABLE,6507,S,CICERO AVE,833.0,,,,,,,2,"REPORTED, NOT EVIDENT",1.0,0.0,0.0,0.0,1.0,1.0,0.0,16,3,12,41.7745255895,-87.7420028979,POINT (-87.742002897874 41.774525589454)
88341b4aad627975ed898726c2b9842b7c84a4bb398f7d25ad3b302c18ef9e9cf3b82755e70de382681746772c5d29c365f962c6850dc31a69aa53ef704a80db,JE232507,,05/17/2021 12:31:00 AM,30,NO CONTROLS,NO CONTROLS,CLEAR,"DARKNESS, LIGHTED ROAD",REAR END,NOT DIVIDED,,STRAIGHT AND LEVEL,DRY,NO DEFECTS,ON SCENE,INJURY AND / OR TOW DUE TO CRASH,,,Y,"OVER $1,500",05/17/2021 12:31:00 AM,UNABLE TO DETERMINE,UNABLE TO DETERMINE,335,N,KEDZIE AVE,1222.0,,,,,,,2,NO INDICATION OF INJURY,0.0,0.0,0.0,0.0,0.0,2.0,0.0,0,2,5,41.8874684619,-87.7061657758,POINT (-87.706165775831 41.887468461899)
e18998ff2b663ce4488821933e8449b9b1179dbe103ca3a8ad4d1a519636a4028967b95b533c12176d9f476925285e7b4167d503a00469a0a5de0e32a86aa35f,JB542923,,12/06/2018 04:30:00 PM,15,NO CONTROLS,NO CONTROLS,CLEAR,DAYLIGHT,FIXED OBJECT,ALLEY,1.0,STRAIGHT AND LEVEL,WET,NO DEFECTS,ON SCENE,INJURY AND / OR TOW DUE TO CRASH,,,Y,"$501 - $1,500",12/06/2018 04:30:00 PM,UNABLE TO DETERMINE,NOT APPLICABLE,4910,S,WOLCOTT AVE,931.0,,,,,,,1,NO INDICATION OF INJURY,0.0,0.0,0.0,0.0,0.0,5.0,0.0,16,5,12,41.8044931108,-87.6723020335,POINT (-87.672302033468 41.804493110788)
ca2c404e8b9465dfd001cef19cf27a91e7865a9eb692a097f5513d14dd0664e8c6d7e0c75ecce7470eb16add8210ec7669f65f5910aa67505785d04ff2942c2f,JD214704,,04/22/2020 04:18:00 PM,30,NO CONTROLS,NO CONTROLS,RAIN,DAYLIGHT,REAR END,NOT DIVIDED,,STRAIGHT AND LEVEL,WET,NO DEFECTS,ON SCENE,INJURY AND / OR TOW DUE TO CRASH,,,Y,"$501 - $1,500",04/22/2020 04:18:00 PM,FOLLOWING TOO CLOSELY,NOT APPLICABLE,431,W,79TH ST,621.0,,,,,,,2,"REPORTED, NOT EVIDENT",1.0,0.0,0.0,0.0,1.0,2.0,0.0,16,4,4,41.7506539276,-87.6355749307,POINT (-87.635574930713 41.750653927622)
3df6637da6764001371ce45a2daa4f62b7bfccd63e3e42f2876cbce2c2b07fbe7deea87cf1125bb36a22dca9b77be8db6b91452e64e6e1727da8287f04e793f8,JF491693,,11/29/2022 11:22:00 AM,15,NO CONTROLS,NO CONTROLS,CLEAR,DAYLIGHT,PARKED MOTOR VEHICLE,PARKING LOT,,STRAIGHT AND LEVEL,DRY,UNKNOWN,ON SCENE,NO INJURY / DRIVE AWAY,,,,"OVER $1,500",11/29/2022 11:25:00 AM,UNABLE TO DETERMINE,UNABLE TO DETERMINE,13535,S,TORRENCE AVE,433.0,,,,,,,2,NO INDICATION OF INJURY,0.0,0.0,0.0,0.0,0.0,1.0,0.0,11,3,11,41.6490075385,-87.5591646271,POINT (-87.559164627093 41.649007538483)
02f53726b9f9371a1b0f8678b995eb2fb9677164d7d888e47a995bf22654ddd02f6cfd6727fce78a564aaced614fb37475c97a9735c8f11e3136999a1934b67e,JA371738,Y,07/31/2017 04:45:00 PM,35,NO CONTROLS,NO CONTROLS,CLEAR,DAYLIGHT,SIDESWIPE SAME DIRECTION,DIVIDED - W/MEDIAN (NOT RAISED),4.0,STRAIGHT AND LEVEL,UNKNOWN,UNKNOWN,NOT ON SCENE (DESK REPORT),NO INJURY / DRIVE AWAY,,,Y,"$501 - $1,500",07/31/2017 07:29:00 PM,UNABLE TO DETERMINE,UNABLE TO DETERMINE,4640,S,WESTERN AVE,922.0,,,,,,,2,NO INDICATION OF INJURY,0.0,0.0,0.0,0.0,0.0,2.0,0.0,16,2,7,41.8090454896,-87.6845949696,POINT (-87.684594969567 41.809045489563)
f8d64d4d0b62b96c4f79d27f6a6f36d0c9245c701d9a55a1914b3ca3fa2fcb6817ef1b79c366d55b6a87227420eb5cd50fda62d2b2ef106efb2a898dd4dba7bc,JC373016,,07/31/2019 07:20:00 PM,20,NO CONTROLS,NO CONTROLS,CLEAR,DAYLIGHT,OTHER OBJECT,OTHER,,STRAIGHT AND LEVEL,DRY,NO DEFECTS,ON SCENE,NO INJURY / DRIVE AWAY,,Y,N,"$501 - $1,500",07/31/2019 07:25:00 PM,DRIVING SKILLS/KNOWLEDGE/EXPERIENCE,NOT APPLICABLE,9808,S,CLYDE AVE,431.0,,,,,,,2,NO INDICATION OF INJURY,0.0,0.0,0.0,0.0,0.0,2.0,0.0,19,4,7,41.7167276924,-87.5723074765,POINT (-87.572307476527 41.716727692436)
a38b9355b013d745bae8b9c6b06e54426b0365a011eecbab6d009c1a5ac1a79e8d2cbfa6d4b9f410236234d1c11d50323d72936e5190bc859230308561238f6e,JF183521,,03/23/2022 09:10:00 AM,25,NO CONTROLS,NO CONTROLS,RAIN,DAYLIGHT,SIDESWIPE SAME DIRECTION,NOT DIVIDED,,STRAIGHT AND LEVEL,WET,NO DEFECTS,ON SCENE,NO INJURY / DRIVE AWAY,,,,"$501 - $1,500",03/23/2022 09:20:00 AM,UNABLE TO DETERMINE,UNABLE TO DETERMINE,1635,W,79TH ST,611.0,,,,,,,2,NO INDICATION OF INJURY,0.0,0.0,0.0,0.0,0.0,2.0,0.0,9,4,3,41.7502267791,-87.6647925131,POINT (-87.664792513137 41.750226779134)
cf186d078250d007fcfcd98bb898a54106cd58c500ce6d98b764fb5c540acb616f46121b5157e516eea203c8d4ffcab0af535dfbbcd2387dad8bce7076f023d6,JB172595,,03/03/2018 02:00:00 PM,30,NO CONTROLS,NO CONTROLS,CLEAR,"DARKNESS, LIGHTED ROAD",REAR END,NOT DIVIDED,2.0,STRAIGHT AND LEVEL,DRY,NO DEFECTS,NOT ON SCENE (DESK REPORT),NO INJURY / DRIVE AWAY,,,,"$501 - $1,500",03/03/2018 06:56:00 PM,FOLLOWING TOO CLOSELY,FAILING TO REDUCE SPEED TO AVOID CRASH,3135,N,HARLEM AVE,2511.0,,,,,,,2,NO INDICATION OF INJURY,0.0,0.0,0.0,0.0,0.0,3.0,0.0,14,7,3,41.9374465607,-87.806581812,POINT (-87.806581811972 41.937446560738)
2c28aed46ac8d547236401eba2d297ffdf6794e1a1df56438762136b8f3470fb51be6c9d6b2cb65831ed5b8f00fb4083db9512dc753d397ff443f041d9d7afd9,JF526334,,12/29/2022 10:00:00 AM,10,OTHER,NO CONTROLS,RAIN,UNKNOWN,OTHER OBJECT,PARKING LOT,,STRAIGHT AND LEVEL,UNKNOWN,UNKNOWN,NOT ON SCENE (DESK REPORT),NO INJURY / DRIVE AWAY,,Y,,"$501 - $1,500",12/29/2022 01:15:00 PM,UNABLE TO DETERMINE,NOT APPLICABLE,2301,S,PRAIRIE AVE,132.0,,,,,,,1,,,,,,,,,10,5,12,41.851124933,-87.6204714583,POINT (-87.620471458298 41.851124933029)
561c63ba1bbd3f0a8d021b45e78aaecfb12739465443929085df4a183c2b712f7d4985f3f1a39a08246e8be6786ab753aac23c7000c22d560b0e292beb23e065,JB248364,,05/03/2018 12:54:00 PM,25,NO CONTROLS,NO CONTROLS,CLEAR,DAYLIGHT,REAR END,ONE-WAY,1.0,STRAIGHT AND LEVEL,DRY,UNKNOWN,ON SCENE,NO INJURY / DRIVE AWAY,,,Y,"OVER $1,500",05/03/2018 01:20:00 PM,IMPROPER OVERTAKING/PASSING,FOLLOWING TOO CLOSELY,4620,N,KEDVALE AVE,1722.0,,,,,,,2,NO INDICATION OF INJURY,0.0,0.0,0.0,0.0,0.0,2.0,0.0,12,5,5,41.964670761,-87.7317220732,POINT (-87.731722073193 41.964670760987)
56f8129d85c3e83a6d4e383705760a9a31442a1f2191882dee582cf3bf600266fd5ebb1813bcf3050a343a3a4f0fb5d05b51d8cc3b6fd404a9af34c16ebd784f,JB255935,,05/08/2018 11:05:00 PM,30,TRAFFIC SIGNAL,FUNCTIONING PROPERLY,CLEAR,"DARKNESS, LIGHTED ROAD",REAR END,NOT DIVIDED,2.0,STRAIGHT AND LEVEL,DRY,NO DEFECTS,ON SCENE,NO INJURY / DRIVE AWAY,Y,,,$500 OR LESS,05/08/2018 11:07:00 PM,FAILING TO REDUCE SPEED TO AVOID CRASH,DISTRACTION - FROM INSIDE VEHICLE,5022,N,KIMBALL AVE,1712.0,,,,,,,2,NO INDICATION OF INJURY,0.0,0.0,0.0,0.0,0.0,2.0,0.0,23,3,5,41.972730751,-87.7136304133,POINT (-87.713630413264 41.972730751044)
da8dced5973b0725588e9a4961f3ee90116cc09cb565d770371c7284163d4efeb09deeabe778bcf2d54f80f10424362a4164d521007676391310839a68182846,JG209292,,04/03/2023 10:11:00 AM,20,NO CONTROLS,NO CONTROLS,CLEAR,DAYLIGHT,OTHER OBJECT,ALLEY,,STRAIGHT AND LEVEL,DRY,NO DEFECTS,ON SCENE,NO INJURY / DRIVE AWAY,,Y,Y,"OVER $1,500",04/03/2023 10:29:00 AM,IMPROPER TURNING/NO SIGNAL,UNABLE TO DETERMINE,4816,W,HIRSCH ST,2533.0,,,,,,,1,NO INDICATION OF INJURY,0.0,0.0,0.0,0.0,0.0,1.0,0.0,10,2,4,41.906092664,-87.7467169054,POINT (-87.746716905369 41.906092664011)
19a69aa76ce806bee8932d09deb34a3c22d85815a92dcc42ce302d0146fc10b4aabf9df0bd84ce03fe539b02aa46490519fd5fb4632bd8592cba5fd20820a0f4,JB407504,,08/24/2018 03:15:00 PM,30,NO CONTROLS,NO CONTROLS,CLEAR,DAYLIGHT,REAR END,NOT DIVIDED,4.0,STRAIGHT AND LEVEL,DRY,NO DEFECTS,NOT ON SCENE (DESK REPORT),NO INJURY / DRIVE AWAY,,,,$500 OR LESS,08/24/2018 11:42:00 PM,DISTRACTION - FROM INSIDE VEHICLE,DISTRACTION - FROM INSIDE VEHICLE,7500,S,STONY ISLAND AVE,411.0,,,,,,,2,NO INDICATION OF INJURY,0.0,0.0,0.0,0.0,0.0,2.0,0.0,15,6,8,41.7587154667,-87.5862809648,POINT (-87.586280964844 41.758715466706)
124f1441ad630f44de86b91c9671fe4f9e9e7dea56da5cf93d3580ffab8650603882b3d2e2c565f5c75856bcd046eb8c4fdfd1527c4e5a1202410e32bb9e5533,JF252300,,05/23/2022 09:03:00 AM,30,TRAFFIC SIGNAL,FUNCTIONING PROPERLY,CLEAR,DAYLIGHT,REAR END,DIVIDED - W/MEDIAN (NOT RAISED),,STRAIGHT AND LEVEL,DRY,NO DEFECTS,ON SCENE,INJURY AND / OR TOW DUE TO CRASH,Y,,,"OVER $1,500",05/23/2022 09:03:00 AM,NOT APPLICABLE,NOT APPLICABLE,7137,S,WESTERN AVE,832.0,,,,,,,3,NO INDICATION OF INJURY,0.0,0.0,0.0,0.0,0.0,3.0,0.0,9,2,5,41.7635936295,-87.6830645718,POINT (-87.68306457181 41.763593629471)
ffeb6bfb76b8f14429847a089f619a8790ace77259868edf9dc78b410b62bcaf63bf73fa48e3bafa0c74a0754e8adcb218eca4d8c2a02460dc2f67d7eed40361,JF167602,,03/08/2022 06:30:00 PM,30,TRAFFIC SIGNAL,FUNCTIONING PROPERLY,CLEAR,"DARKNESS, LIGHTED ROAD",REAR END,DIVIDED - W/MEDIAN (NOT RAISED),,STRAIGHT AND LEVEL,DRY,UNKNOWN,NOT ON SCENE (DESK REPORT),NO INJURY / DRIVE AWAY,,,,"OVER $1,500",03/08/2022 07:00:00 PM,UNABLE TO DETERMINE,UNABLE TO DETERMINE,6149,W,FULLERTON AVE,2512.0,,,,,,,2,NO INDICATION OF INJURY,0.0,0.0,0.0,0.0,0.0,2.0,0.0,18,3,3,41.9236490563,-87.7801204865,POINT (-87.780120486479 41.923649056336)
47f18d6de748eb30f86c9d6ff6acbb7d5b0bcd7b2dd2cc3e0ea3173439d34917d85d1f8a6c4dd90b346d5f0a31fcec8e6dddf86addfe9b225bee75fd24a6155a,JB156320,,02/18/2018 09:00:00 AM,40,TRAFFIC SIGNAL,FUNCTIONING PROPERLY,CLEAR,DAYLIGHT,REAR END,DIVIDED - W/MEDIAN (NOT RAISED),,CURVE ON GRADE,WET,NO DEFECTS,ON SCENE,INJURY AND / OR TOW DUE TO CRASH,,,,"OVER $1,500",02/18/2018 09:00:00 AM,DRIVING SKILLS/KNOWLEDGE/EXPERIENCE,DRIVING SKILLS/KNOWLEDGE/EXPERIENCE,100,S,LAKE SHORE DR SB,114.0,,,,,,,2,NO INDICATION OF INJURY,0.0,0.0,0.0,0.0,0.0,3.0,0.0,9,1,2,41.8808560477,-87.6176358918,POINT (-87.617635891755 41.880856047671)
3ef1763c01fddab4ffc44cfc095afd4994d9719ac38a25936a2e9c5658829aefd2fa90057738f8416d10194c77b2a0006962b5bbe6b8df589ada24fd9196fcea,JF128718,,01/30/2022 07:00:00 AM,20,NO CONTROLS,NO CONTROLS,CLEAR,DAYLIGHT,PARKED MOTOR VEHICLE,ONE-WAY,,STRAIGHT AND LEVEL,SNOW OR SLUSH,NO DEFECTS,NOT ON SCENE (DESK REPORT),NO INJURY / DRIVE AWAY,,,Y,"OVER $1,500",01/30/2022 01:30:00 PM,UNABLE TO DETERMINE,UNABLE TO DETERMINE,4754,N,AVERS AVE,1723.0,,,,,,,2,NO INDICATION OF INJURY,0.0,0.0,0.0,0.0,0.0,1.0,0.0,7,1,1,41.9681203999,-87.7245089462,POINT (-87.724508946154 41.968120399909)
0d0a490123da9672a2e791ab17537bda2076e10bd535da75167d6195f3c9754240cb210c9136540b0b46f533d5d5bb7c14fa3434cfbfd10df12cf4984716fabc,JB137824,,02/01/2018 05:07:00 PM,35,TRAFFIC SIGNAL,FUNCTIONING PROPERLY,CLEAR,DAYLIGHT,REAR END,NOT DIVIDED,4.0,STRAIGHT AND LEVEL,DRY,NO DEFECTS,ON SCENE,NO INJURY / DRIVE AWAY,Y,,,"OVER $1,500",02/01/2018 05:08:00 PM,UNABLE TO DETERMINE,UNABLE TO DETERMINE,2400,W,47TH ST,922.0,,,,,,,2,NO INDICATION OF INJURY,0.0,0.0,0.0,0.0,0.0,2.0,0.0,17,5,2,41.8085422443,-87.6845482018,POINT (-87.684548201832 41.808542244315)
f524aa03ead29bce32c3edaec1ac93827b521f437a4441a291586cb2124530f1b2226063c93967e4191c63b1eeed37d701ac5950a7674497c5de7f364d6ebf6a,JB214742,,04/06/2018 09:30:00 AM,30,NO CONTROLS,NO CONTROLS,CLEAR,"DARKNESS, LIGHTED ROAD",PARKED MOTOR VEHICLE,ONE-WAY,1.0,STRAIGHT AND LEVEL,DRY,NO DEFECTS,NOT ON SCENE (DESK REPORT),NO INJURY / DRIVE AWAY,,,Y,"OVER $1,500",04/07/2018 10:20:00 AM,UNABLE TO DETERMINE,NOT APPLICABLE,10217,S,MORGAN ST,2232.0,,,,,,,2,NO INDICATION OF INJURY,0.0,0.0,0.0,0.0,0.0,1.0,0.0,9,6,4,41.7081493672,-87.6475834027,POINT (-87.647583402673 41.708149367233)
26b37a56299ed685fc345c2526e6c5dc99e647c1f06b87c4fb3c52f1bd9f3e35cef4fbcb2f6c12db01a1904e415d5601d557d880e9a13f049e361e88ab4ff706,JG178382,,03/08/2023 07:40:00 AM,30,TRAFFIC SIGNAL,FUNCTIONING PROPERLY,CLEAR,DAYLIGHT,SIDESWIPE SAME DIRECTION,NOT DIVIDED,,STRAIGHT AND LEVEL,DRY,NO DEFECTS,NOT ON SCENE (DESK REPORT),NO INJURY / DRIVE AWAY,N,,Y,"OVER $1,500",03/08/2023 07:45:00 AM,DISREGARDING TRAFFIC SIGNALS,NOT APPLICABLE,5900,S,STATE ST,232.0,,,,,,,2,NO INDICATION OF INJURY,0.0,0.0,0.0,0.0,0.0,3.0,0.0,7,4,3,41.7872687485,-87.625657367,POINT (-87.625657367013 41.787268748515)
2455b493be5d566162ba18dc58c406eca76226a3db41ae27dd8b7aa85f7522d3930498950095269d3f9234b1b5f993cd446125ff77aef91bd79cd711d056a871,JF194849,,04/02/2022 02:30:00 PM,30,TRAFFIC SIGNAL,FUNCTIONING PROPERLY,RAIN,DAYLIGHT,SIDESWIPE SAME DIRECTION,NOT DIVIDED,,STRAIGHT AND LEVEL,WET,UNKNOWN,NOT ON SCENE (DESK REPORT),NO INJURY / DRIVE AWAY,,,,"OVER $1,500",04/02/2022 03:00:00 PM,UNABLE TO DETERMINE,NOT APPLICABLE,3602,N,HARLEM AVE,1631.0,,,,,,,2,NO INDICATION OF INJURY,0.0,0.0,0.0,0.0,0.0,2.0,0.0,14,7,4,41.9453953662,-87.8071565582,POINT (-87.807156558243 41.945395366227)
b73b244beb8a00cd6cec395f02673fbbcb7e9362c444e65ee661d59528e66cd5974466d48ad994f8d89e32ed4b8eaf2bc9e6a00cc3f1f740c95808e2c2c7434a,JG315090,,06/25/2023 08:00:00 AM,30,NO CONTROLS,NO CONTROLS,CLEAR,DAYLIGHT,OTHER NONCOLLISION,ONE-WAY,,STRAIGHT AND LEVEL,DRY,"RUT, HOLES",ON SCENE,NO INJURY / DRIVE AWAY,,,,$500 OR LESS,06/25/2023 08:30:00 AM,ROAD CONSTRUCTION/MAINTENANCE,UNABLE TO DETERMINE,7649,S,WOLCOTT AVE,611.0,,,,,,,2,NO INDICATION OF INJURY,0.0,0.0,0.0,0.0,0.0,1.0,0.0,8,1,6,41.7542808801,-87.670673048,POINT (-87.670673047956 41.754280880061)
56bc47f8606fc562c2353262af541f07fd9dbbe109d6c76d74c26218eba6910a847e587a4ed6e20e2bdfbeee6f43ed7128fc44edf0ef135e226b01d6938cce18,JD421377,,11/05/2020 04:41:00 AM,30,NO CONTROLS,NO CONTROLS,CLEAR,"DARKNESS, LIGHTED ROAD",TURNING,NOT DIVIDED,,STRAIGHT AND LEVEL,DRY,UNKNOWN,ON SCENE,INJURY AND / OR TOW DUE TO CRASH,,,,"OVER $1,500",11/05/2020 04:41:00 AM,FAILING TO YIELD RIGHT-OF-WAY,UNABLE TO DETERMINE,1554,W,71ST ST,734.0,,,,,,,2,NONINCAPACITATING INJURY,1.0,0.0,0.0,1.0,0.0,3.0,0.0,4,5,11,41.7650205553,-87.6635726704,POINT (-87.663572670438 41.765020555259)
e6145540499715b26811a7a266489d74e196e3d0cdfd8ae6afe6cc4c2c1956d50c121a7c53ab70262a6c1c5097b4ca993f5512b36f690a533028dcc5c286f7df,JF382831,,09/04/2022 12:30:00 AM,30,NO CONTROLS,NO CONTROLS,CLEAR,"DARKNESS, LIGHTED ROAD",PARKED MOTOR VEHICLE,ONE-WAY,,STRAIGHT AND LEVEL,DRY,NO DEFECTS,NOT ON SCENE (DESK REPORT),NO INJURY / DRIVE AWAY,,,Y,"OVER $1,500",09/04/2022 01:05:00 PM,UNABLE TO DETERMINE,NOT APPLICABLE,5840,S,ALBANY AVE,824.0,,,,,,,2,NO INDICATION OF INJURY,0.0,0.0,0.0,0.0,0.0,1.0,0.0,0,1,9,41.786883251,-87.7010744839,POINT (-87.7010744839 41.786883251012)
239cfa2ecb7340082999d40f57510456e7e0d52e9c242838f1c1f2ec77b21788f84fd957318301fbced96c6313d2b973d675a616ee9995b03345bcff9e738eff,JG356066,,07/25/2023 09:08:00 PM,15,TRAFFIC SIGNAL,FUNCTIONING PROPERLY,CLEAR,"DARKNESS, LIGHTED ROAD",TURNING,FOUR WAY,,STRAIGHT AND LEVEL,DRY,NO DEFECTS,ON SCENE,NO INJURY / DRIVE AWAY,,,,"OVER $1,500",07/25/2023 09:18:00 PM,FAILING TO YIELD RIGHT-OF-WAY,FAILING TO YIELD RIGHT-OF-WAY,3999,W,31ST ST,1031.0,,,,,,,2,NO INDICATION OF INJURY,0.0,0.0,0.0,0.0,0.0,2.0,0.0,21,3,7,41.8367733634,-87.7242868291,POINT (-87.724286829145 41.836773363352)
9bd981e08274bc98718d3702f93c42bbdb18643db9a6c02522dc03bafa6360761d7b29f25aaf256f42761f53891101021a4490c2d65bac85d200b74ecffb0daf,JB322266,,06/25/2018 04:20:00 PM,30,NO CONTROLS,NO CONTROLS,CLEAR,DAYLIGHT,SIDESWIPE SAME DIRECTION,ONE-WAY,,STRAIGHT AND LEVEL,DRY,NO DEFECTS,ON SCENE,NO INJURY / DRIVE AWAY,,,N,"OVER $1,500",06/25/2018 04:22:00 PM,FAILING TO YIELD RIGHT-OF-WAY,NOT APPLICABLE,926,N,LONG AVE,1524.0,,,,,,,2,NO INDICATION OF INJURY,0.0,0.0,0.0,0.0,0.0,2.0,0.0,16,2,6,41.8975207503,-87.760878012,POINT (-87.760878012039 41.897520750254)