CRASH_RECORD_ID,RD_NO,CRASH_DATE_EST_I,CRASH_DATE,POSTED_SPEED_LIMIT,TRAFFIC_CONTROL_DEVICE,DEVICE_CONDITION,WEATHER_CONDITION,LIGHTING_CONDITION,FIRST_CRASH_TYPE,TRAFFICWAY_TYPE,LANE_CNT,ALIGNMENT,ROADWAY_SURFACE_COND,ROAD_DEFECT,REPORT_TYPE,CRASH_TYPE,INTERSECTION_RELATED_I,NOT_RIGHT_OF_WAY_I,HIT_AND_RUN_I,DAMAGE,DATE_POLICE_NOTIFIED,PRIM_CONTRIBUTORY_CAUSE,SEC_CONTRIBUTORY_CAUSE,STREET_NO,STREET_DIRECTION,STREET_NAME,BEAT_OF_OCCURRENCE,PHOTOS_TAKEN_I,STATEMENTS_TAKEN_I,DOORING_I,WORK_ZONE_I,WORK_ZONE_TYPE,WORKERS_PRESENT_I,NUM_UNITS,MOST_SEVERE_INJURY,INJURIES_TOTAL,INJURIES_FATAL,INJURIES_INCAPACITATING,INJURIES_NON_INCAPACITATING,INJURIES_REPORTED_NOT_EVIDENT,INJURIES_NO_INDICATION,INJURIES_UNKNOWN,CRASH_HOUR,CRASH_DAY_OF_WEEK,CRASH_MONTH,LATITUDE,LONGITUDE,LOCATION
6db28088d943b68d76fc281bedb013618df3c30ce9a9a4b47958b5b5d16181e6d8a6217d2d65b8a5660cb2223c1c93f2bf24d526f0ba3c7e561e8c9952b4c8fb,JC460089,,10/04/2019 04:00:00 PM,30,NO CONTROLS,NO CONTROLS,CLEAR,DAYLIGHT,REAR END,NOT DIVIDED,,STRAIGHT AND LEVEL,DRY,NO DEFECTS,NOT ON SCENE (DESK REPORT),NO INJURY / DRIVE AWAY,,,,"$501 - $1,500",10/04/2019 05:00:00 PM,FOLLOWING TOO CLOSELY,FOLLOWING TOO CLOSELY,5624,S,WESTERN AVE,824.0,,,,,,,2,NO INDICATION OF INJURY,0.0,0.0,0.0,0.0,0.0,2.0,0.0,16,6,10,41.7916585722,-87.6841271754,POINT (-87.684127175414 41.791658572174)
51e195c49af4986e52ba2dd60c04a291c891e278a39283c35a01c893d390083825421fdcb1144e5ee0e79390e4408785d9cdbc5cd6ff09d74d65b854a7e12f96,JD350400,,08/30/2020 12:30:00 AM,30,STOP SIGN/FLASHER,FUNCTIONING PROPERLY,CLEAR,"DARKNESS, LIGHTED ROAD",ANGLE,NOT DIVIDED,,STRAIGHT AND LEVEL,DRY,NO DEFECTS,NOT ON SCENE (DESK REPORT),INJURY AND / OR TOW DUE TO CRASH,Y,,Y,"$501 - $1,500",08/30/2020 10:51:00 AM,UNABLE TO DETERMINE,UNABLE TO DETERMINE,7500,S,CHAMPLAIN AVE,624.0,,,,,,,3,NO INDICATION OF INJURY,0.0,0.0,0.0,0.0,0.0,2.0,0.0,0,1,8,41.7584239063,-87.609191977,POINT (-87.609191977027 41.758423906299)
98b7225ddee8f3942cf5b995fc29571e625df061fe9fc1ef21b75c06e7c27a318c051574cc450777864d6769842223f38232b5703c75c020c5d2d2982f15727f,HZ123584,Y,01/12/2016 08:00:00 PM,20,NO CONTROLS,NO CONTROLS,SNOW,DARKNESS,FIXED OBJECT,PARKING LOT,1.0,STRAIGHT AND LEVEL,ICE,NO DEFECTS,NOT ON SCENE (DESK REPORT),NO INJURY / DRIVE AWAY,,,,$500 OR LESS,01/21/2016 05:00:00 PM,NOT APPLICABLE,NOT APPLICABLE,5200,N,SHERIDAN RD,2023.0,,,,,,,1,NO INDICATION OF INJURY,0.0,0.0,0.0,0.0,0.0,1.0,0.0,20,3,1,41.9764927208,-87.6551336046,POINT (-87.655133604567 41.976492720778)
8b37f89d5cd6a9bdc3e81bfea3ddebe0794ec3ad155c275b5702b091c0541886fda49aa06f438135d3ce0c8dcff1c9894362c7f93cf3dc0129c6880707ba02d0,JG101690,,01/02/2023 12:35:00 PM,30,NO CONTROLS,NO CONTROLS,CLEAR,DAYLIGHT,TURNING,DIVIDED - W/MEDIAN (NOT RAISED),,STRAIGHT AND LEVEL,DRY,NO DEFECTS,ON SCENE,NO INJURY / DRIVE AWAY,,,,"$501 - $1,500",01/02/2023 12:49:00 PM,UNABLE TO DETERMINE,UNABLE TO DETERMINE,4950,S,PULASKI RD,815.0,,,,,,,2,NO INDICATION OF INJURY,0.0,0.0,0.0,0.0,0.0,2.0,0.0,12,2,1,41.8026445448,-87.7235810971,POINT (-87.723581097102 41.802644544771)
6a8216b595ca5f39ec35ee991b7868e1539f376ba30f324e95d4a6c8792f74b0260f667213170d2d1f521449b2f6b4c5dcf360ecf8544f41db0c5292fe8cabe5,JF350770,Y,08/09/2022 06:40:00 PM,30,TRAFFIC SIGNAL,FUNCTIONING PROPERLY,CLEAR,DAYLIGHT,REAR END,DIVIDED - W/MEDIAN (NOT RAISED),,STRAIGHT AND LEVEL,DRY,NO DEFECTS,ON SCENE,INJURY AND / OR TOW DUE TO CRASH,,,,"OVER $1,500",08/09/2022 07:04:00 PM,FOLLOWING TOO CLOSELY,DRIVING SKILLS/KNOWLEDGE/EXPERIENCE,4500,W,ADDISON ST,1731.0,,,,,,,3,NO INDICATION OF INJURY,0.0,0.0,0.0,0.0,0.0,3.0,0.0,18,3,8,41.9463301689,-87.739340663,POINT (-87.739340663045 41.946330168936)
932567d28eff245b39bb962ed635454ca76becc7f3d4045316d6146d926ed013770ce669492322ee95fb2861855fa39fd910efdf959918deb2c08b8ab041665e,JF470277,,11/11/2022 01:40:00 AM,30,NO CONTROLS,NO CONTROLS,CLEAR,"DARKNESS, LIGHTED ROAD",OTHER OBJECT,DIVIDED - W/MEDIAN BARRIER,,STRAIGHT AND LEVEL,DRY,UNKNOWN,ON SCENE,INJURY AND / OR TOW DUE TO CRASH,,,,"OVER $1,500",11/11/2022 01:47:00 AM,UNABLE TO DETERMINE,UNABLE TO DETERMINE,8630,S,ANTHONY AVE,412.0,,,,,,,1,NO INDICATION OF INJURY,0.0,0.0,0.0,0.0,0.0,1.0,0.0,1,6,11,41.7381192684,-87.570386063,POINT (-87.570386062974 41.738119268387)
197ebce07748f51d6d149eadfa5f53a38b75551bb25abfd6ab05e225d93e498f54f14b9a50d11cac6c145d82c7bf71c02a23eb6b1060b7a14ec9ef54d971e9e0,JC464581,,10/07/2019 09:30:00 PM,30,NO CONTROLS,NO CONTROLS,CLEAR,DARKNESS,ANGLE,PARKING LOT,,STRAIGHT AND LEVEL,DRY,NO DEFECTS,NOT ON SCENE (DESK REPORT),NO INJURY / DRIVE AWAY,,,,"OVER $1,500",10/08/2019 11:20:00 AM,FAILING TO YIELD RIGHT-OF-WAY,NOT APPLICABLE,1901,W,MADISON ST,1223.0,,,,,,,2,NO INDICATION OF INJURY,0.0,0.0,0.0,0.0,0.0,2.0,0.0,21,2,10,41.8812414568,-87.674282534,POINT (-87.674282533953 41.881241456803)
c19bc8ee4ce68f0d7008003a51887fd17f291f489005c27e0fb3cc2d070cfaa1af0d23f096fcbd30a7769b5ca56e344f5f3faf682816486f4ca25cc6fed326a0,JD342635,,08/21/2020 07:00:00 PM,30,TRAFFIC SIGNAL,FUNCTIONING PROPERLY,CLEAR,DAYLIGHT,REAR END,CENTER TURN LANE,,STRAIGHT AND LEVEL,DRY,NO DEFECTS,NOT ON SCENE (DESK REPORT),INJURY AND / OR TOW DUE TO CRASH,,,,"OVER $1,500",08/23/2020 05:00:00 PM,UNABLE TO DETERMINE,UNABLE TO DETERMINE,1600,E,103RD ST,431.0,,,,,,,2,"REPORTED, NOT EVIDENT",1.0,0.0,0.0,0.0,1.0,1.0,0.0,19,6,8,41.7078998865,-87.5848228888,POINT (-87.584822888781 41.707899886453)
c7859842b44d567cb8f335af4727497a8f53e979d0a503cf3bf8529c3da0cc731c45e5ea808e430aba3370fccc39bcfc61e0bb0078e6e871c9afc2185b27cfb3,JG370019,,08/05/2023 02:02:00 AM,0,NO CONTROLS,NO CONTROLS,CLEAR,"DARKNESS, LIGHTED ROAD",FIXED OBJECT,OTHER,,CURVE ON GRADE,DRY,WORN SURFACE,ON SCENE,INJURY AND / OR TOW DUE TO CRASH,,,,"$501 - $1,500",08/05/2023 02:04:00 AM,FAILING TO REDUCE SPEED TO AVOID CRASH,"OPERATING VEHICLE IN ERRATIC, RECKLESS, CARELESS, NEGLIGENT OR AGGRESSIVE MANNER",1765,N,DAMEN AVE,1434.0,,,,,,,1,INCAPACITATING INJURY,1.0,0.0,1.0,0.0,0.0,0.0,0.0,2,7,8,41.9141554985,-87.6773978789,POINT (-87.677397878937 41.914155498479)
98bcfc4304cf02e950c0bbed8c321e8f82b36413396ac462745fb2bdcd2d6e1d22f86fdb14e8ad74c75bdedac22aa1596d2e7747a0d30795689dfea63b41e526,JC189536,Y,03/17/2019 09:30:00 PM,30,NO CONTROLS,NO CONTROLS,CLEAR,"DARKNESS, LIGHTED ROAD",PARKED MOTOR VEHICLE,ONE-WAY,1.0,STRAIGHT AND LEVEL,DRY,NO DEFECTS,NOT ON SCENE (DESK REPORT),NO INJURY / DRIVE AWAY,,,Y,$500 OR LESS,03/17/2019 10:00:00 PM,UNABLE TO DETERMINE,UNABLE TO DETERMINE,2414,N,SPAULDING AVE,1413.0,,,,,,,2,NO INDICATION OF INJURY,0.0,0.0,0.0,0.0,0.0,1.0,0.0,21,1,3,41.9251617159,-87.7109200633,POINT (-87.71092006334 41.925161715928)
80f8fb612d6cb12c0bf464a9fc7735af8b3a55f96e42605239923077f7f99f998aff4cfca9b6e6205bf3f83a4d554b1960705a54da0f8c493469ffe74bfe77eb,HZ395509,,08/17/2016 08:35:00 AM,25,STOP SIGN/FLASHER,FUNCTIONING PROPERLY,CLEAR,DAYLIGHT,ANGLE,NOT DIVIDED,2.0,STRAIGHT AND LEVEL,DRY,NO DEFECTS,NOT ON SCENE (DESK REPORT),NO INJURY / DRIVE AWAY,Y,,,"OVER $1,500",08/17/2016 09:15:00 AM,FAILING TO YIELD RIGHT-OF-WAY,NOT APPLICABLE,4501,N,HERMITAGE AVE,1912.0,,,,,,,2,NO INDICATION OF INJURY,0.0,0.0,0.0,0.0,0.0,2.0,0.0,8,4,8,41.9634641195,-87.6723200028,POINT (-87.672320002849 41.963464119455)
8ab30b564708b79187eb10b61bbb03cf0edc5ecd83c6801200f812d4c7f74452a85e825edc8a5ff0fafbee63115449494333b2903089584d7ce356513faf2281,JD124261,,01/22/2020 08:55:00 AM,30,NO CONTROLS,NO CONTROLS,CLEAR,DAYLIGHT,TURNING,DIVIDED - W/MEDIAN (NOT RAISED),,STRAIGHT AND LEVEL,DRY,NO DEFECTS,ON SCENE,INJURY AND / OR TOW DUE TO CRASH,Y,,,"OVER $1,500",01/22/2020 08:56:00 AM,IMPROPER TURNING/NO SIGNAL,FAILING TO YIELD RIGHT-OF-WAY,1801,W,WEBSTER AVE,1432.0,,,,,,,2,NONINCAPACITATING INJURY,1.0,0.0,0.0,1.0,0.0,1.0,0.0,8,4,1,41.9213658618,-87.6729207811,POINT (-87.672920781098 41.921365861837)
4d52b4f83f43bbc6e804c0ba852ba3ca5775c1285c222e9743aa86b48dcdfa3c1deb8d1250d9331d2edd3c3e7c2d4247974cc229c89baeb1ff3f5e1ad4b3de1b,JE300860,Y,07/14/2021 09:40:00 AM,30,TRAFFIC SIGNAL,FUNCTIONING PROPERLY,CLEAR,DAYLIGHT,REAR END,FOUR WAY,,STRAIGHT AND LEVEL,DRY,NO DEFECTS,ON SCENE,NO INJURY / DRIVE AWAY,,,,$500 OR LESS,07/14/2021 09:45:00 AM,UNABLE TO DETERMINE,NOT APPLICABLE,2356,W,TOUHY AVE,2411.0,,,,,,,2,NO INDICATION OF INJURY,0.0,0.0,0.0,0.0,0.0,2.0,0.0,9,4,7,42.0123884571,-87.6898563309,POINT (-87.689856330851 42.012388457134)
d5e45a9de42114c59b4b28ae071dedc8d077f1b54049a2abb24a9a1bf6ada49a2175927e23dc808edc62b52513cdaf7b2964a1dcd535fed960a751119822060b,JC368431,,07/28/2019 01:20:00 PM,30,NO CONTROLS,NO CONTROLS,CLEAR,DAYLIGHT,PARKED MOTOR VEHICLE,DIVIDED - W/MEDIAN (NOT RAISED),,STRAIGHT AND LEVEL,DRY,NO DEFECTS,ON SCENE,NO INJURY / DRIVE AWAY,,,Y,"OVER $1,500",07/28/2019 03:45:00 PM,FOLLOWING TOO CLOSELY,NOT APPLICABLE,999,W,GRAND AVE,1214.0,,,,,,,3,NO INDICATION OF INJURY,0.0,0.0,0.0,0.0,0.0,1.0,0.0,13,1,7,41.8910238392,-87.6522412164,POINT (-87.652241216362 41.891023839185)
2b16e2c159764fa7b0c7bf793410cb17bd48868f28e0daa79428bd603b562bee24fabe81e6173e565fec3df341c246eb77fe115f6ad0d95f1dfe68f8ed3ea2f3,JE459269,N,11/28/2021 12:05:00 PM,35,UNKNOWN,FUNCTIONING PROPERLY,CLEAR,DAYLIGHT,ANGLE,NOT DIVIDED,,STRAIGHT AND LEVEL,DRY,NO DEFECTS,ON SCENE,INJURY AND / OR TOW DUE TO CRASH,Y,,,"OVER $1,500",11/28/2021 12:10:00 PM,UNABLE TO DETERMINE,UNABLE TO DETERMINE,3400,W,DIVISION ST,1422.0,,,,,,,4,NO INDICATION OF INJURY,0.0,0.0,0.0,0.0,0.0,3.0,0.0,12,1,11,41.9028961054,-87.7118064427,POINT (-87.711806442708 41.902896105393)
d47a522a9be17d0ea562af7dd6ceca6555645d8f7d03fc6eb6753de4390c2dbdc5656946eb1eb2222987cf3e0e5f443ee3a2970218f479c6cec4675ee770d754,JF192822,Y,03/31/2022 04:20:00 PM,15,NO CONTROLS,NO CONTROLS,CLEAR,DAYLIGHT,REAR END,PARKING LOT,,STRAIGHT AND LEVEL,DRY,NO DEFECTS,ON SCENE,NO INJURY / DRIVE AWAY,,Y,Y,"$501 - $1,500",03/31/2022 04:49:00 PM,FOLLOWING TOO CLOSELY,FOLLOWING TOO CLOSELY,5810,S,MARYLAND AVE,235.0,,N,,,,,2,NO INDICATION OF INJURY,0.0,0.0,0.0,0.0,0.0,2.0,0.0,16,5,3,41.7891526523,-87.6051087053,POINT (-87.60510870528 41.789152652265)
7a8ede92f34ef034f182498c6d4365a2acf9c9ea74f63821c25e79d000e988d539c076df34a031ac52b85094f65e5037a0089d8a213154ca08df905b893c6ee9,JC516447,,11/19/2019 01:35:00 PM,30,NO CONTROLS,NO CONTROLS,RAIN,DAYLIGHT,PARKED MOTOR VEHICLE,NOT DIVIDED,,STRAIGHT AND LEVEL,WET,NO DEFECTS,NOT ON SCENE (DESK REPORT),NO INJURY / DRIVE AWAY,,,Y,"OVER $1,500",11/19/2019 03:00:00 PM,UNABLE TO DETERMINE,NOT APPLICABLE,5300,W,HUTCHINSON ST,1624.0,,,,,,,2,NO INDICATION OF INJURY,0.0,0.0,0.0,0.0,0.0,1.0,0.0,13,3,11,41.9579409013,-87.7598884604,POINT (-87.759888460443 41.95794090132)
aee9b42089e3a75336a5ec950fa8995d3f1e3b53381c4fc756fbd9c3fd2a92cdf47f85d2433343a2ec57bcada3d7a14324f2d8483cb0c8688fbe7058e4987a76,JF382017,,09/03/2022 06:41:00 PM,30,NO CONTROLS,NO CONTROLS,CLEAR,DAYLIGHT,TURNING,NOT DIVIDED,,STRAIGHT AND LEVEL,WET,NO DEFECTS,ON SCENE,INJURY AND / OR TOW DUE TO CRASH,,,,"OVER $1,500",09/03/2022 06:46:00 PM,IMPROPER TURNING/NO SIGNAL,NOT APPLICABLE,1040,E,79TH ST,624.0,,,,,,,2,NONINCAPACITATING INJURY,2.0,0.0,0.0,2.0,0.0,2.0,0.0,18,7,9,41.7514651055,-87.598733281,POINT (-87.598733280964 41.751465105469)
d58ea956a6063e3c7b8bd6e92eff05a75d1ca371bf90958cb8609ab1f18151b27e4dc67f3a8037a1355e05e64c108575f31030a07c34422588f35b3de58e8fce,JB284898,,05/30/2018 08:00:00 AM,0,STOP SIGN/FLASHER,FUNCTIONING PROPERLY,CLEAR,DAYLIGHT,ANGLE,DIVIDED - W/MEDIAN (NOT RAISED),3.0,STRAIGHT AND LEVEL,DRY,NO DEFECTS,NOT ON SCENE (DESK REPORT),INJURY AND / OR TOW DUE TO CRASH,Y,,,"OVER $1,500",05/30/2018 08:00:00 AM,DISREGARDING STOP SIGN,NOT APPLICABLE,6599,S,KIMBARK AVE,321.0,,,,,,,3,NO INDICATION OF INJURY,0.0,0.0,0.0,0.0,0.0,4.0,0.0,8,4,5,41.7751583882,-87.5943818713,POINT (-87.594381871293 41.775158388165)
d98e1805e6aa611f9a038bdb8d9a0db69d33cc5363c68f7b66e3a90c61c57df7847cba56b949db01cdc868cb54f22369566ba763e97b58fa577e3da32490992b,JE219730,,05/04/2021 06:10:00 PM,15,NO CONTROLS,NO CONTROLS,CLEAR,DUSK,PARKED MOTOR VEHICLE,NOT DIVIDED,,STRAIGHT AND LEVEL,DRY,NO DEFECTS,NOT ON SCENE (DESK REPORT),NO INJURY / DRIVE AWAY,,,,"OVER $1,500",05/04/2021 06:15:00 PM,FAILING TO YIELD RIGHT-OF-WAY,NOT APPLICABLE,6300,S,ARTESIAN AVE,825.0,,,,,,,2,NO INDICATION OF INJURY,0.0,0.0,0.0,0.0,0.0,1.0,0.0,18,3,5,41.779147007,-87.6850066559,POINT (-87.685006655913 41.779147006983)
da65531b023a40b26799cb3a3a0623d5efae33f852beeb8787353e40f0ce7acc09fc3897e712a4e040535ef7b9f8cf4ceab520f46f1cf83102b4eaa5e6d8f604,JE348836,,08/24/2021 07:32:00 PM,15,NO CONTROLS,NO CONTROLS,RAIN,DARKNESS,HEAD ON,ALLEY,,STRAIGHT AND LEVEL,WET,NO DEFECTS,ON SCENE,INJURY AND / OR TOW DUE TO CRASH,,,Y,"OVER $1,500",08/24/2021 07:45:00 PM,FAILING TO YIELD RIGHT-OF-WAY,NOT APPLICABLE,1854,S,WASHTENAW AVE,1023.0,,,,,,,2,NO INDICATION OF INJURY,0.0,0.0,0.0,0.0,0.0,2.0,0.0,19,3,8,41.855963398,-87.6932745584,POINT (-87.693274558422 41.855963397994)
884a325cfb9c6b3fd3faad516ce497332d910523b6dc216e5066137da946f35e3d1146e4f2301519ccfa90dd2f1c19bbee016480e1a18acec711035a6438fe47,JF408994,,09/23/2022 05:00:00 PM,30,NO CONTROLS,NO CONTROLS,CLEAR,DAYLIGHT,REAR TO FRONT,NOT DIVIDED,,STRAIGHT AND LEVEL,DRY,NO DEFECTS,ON SCENE,NO INJURY / DRIVE AWAY,,,Y,"OVER $1,500",09/24/2022 02:35:00 PM,IMPROPER BACKING,UNABLE TO DETERMINE,724,W,111TH ST,2233.0,,,,,,,2,NO INDICATION OF INJURY,0.0,0.0,0.0,0.0,0.0,2.0,0.0,17,6,9,41.6924800841,-87.6410246405,POINT (-87.641024640499 41.692480084128)
bf3a9d31ba57915c57363c894c66ccee2dbf63bffa68838f1a64361a6c72d64e50f0aa13890c67465c92ee8619ee7ae82ef33e2184b81c7697e4e25f9c1a8227,JF326170,,07/21/2022 02:49:00 PM,30,TRAFFIC SIGNAL,FUNCTIONING PROPERLY,CLEAR,DAYLIGHT,SIDESWIPE SAME DIRECTION,FOUR WAY,,STRAIGHT AND LEVEL,DRY,NO DEFECTS,ON SCENE,NO INJURY / DRIVE AWAY,,,,"$501 - $1,500",07/21/2022 02:49:00 PM,UNABLE TO DETERMINE,UNABLE TO DETERMINE,798,W,DIVERSEY PKWY,1934.0,,,,,,,2,NO INDICATION OF INJURY,0.0,0.0,0.0,0.0,0.0,2.0,0.0,14,5,7,41.9328312254,-87.6489491745,POINT (-87.648949174491 41.932831225404)
d612037ae4a9429effee81eb9e285f8a481d7ac8ab77348ea181979ea43ec7d3f515393c34a6a05b482034fa3a4adf74dd33d337ea0e28e0cb50f4d9d544fa81,JE288093,,07/03/2021 03:00:00 AM,30,NO CONTROLS,NO CONTROLS,CLEAR,"DARKNESS, LIGHTED ROAD",PARKED MOTOR VEHICLE,NOT DIVIDED,,STRAIGHT AND LEVEL,DRY,NO DEFECTS,ON SCENE,INJURY AND / OR TOW DUE TO CRASH,,,,"OVER $1,500",07/03/2021 03:11:00 AM,UNABLE TO DETERMINE,FAILING TO REDUCE SPEED TO AVOID CRASH,8335,S,DR MARTIN LUTHER KING JR DR,632.0,,,,,,,4,NO INDICATION OF INJURY,0.0,0.0,0.0,0.0,0.0,1.0,0.0,3,7,7,41.742759069,-87.614550415,POINT (-87.614550415002 41.742759069005)
d163c1d1beb9ec88572c670e39faa20d000b9b3197a3fff49f9a5686f0372d708319d6f0e8f41e223eef3d42341ac312d54df0165027f89cabadc4416d7a7f39,JE471813,,12/09/2021 05:24:00 PM,30,STOP SIGN/FLASHER,FUNCTIONING PROPERLY,CLEAR,UNKNOWN,ANGLE,T-INTERSECTION,,STRAIGHT AND LEVEL,DRY,NO DEFECTS,ON SCENE,INJURY AND / OR TOW DUE TO CRASH,,,Y,"OVER $1,500",12/09/2021 06:24:00 PM,UNABLE TO DETERMINE,NOT APPLICABLE,5100,N,CENTRAL PARK AVE,1712.0,,,,,,,2,NO INDICATION OF INJURY,0.0,0.0,0.0,0.0,0.0,2.0,0.0,17,5,12,41.9739042718,-87.7185543596,POINT (-87.718554359616 41.9739042718)
4659ee00dc3fc2ce4dbf5c2ca77b86416519d6d15184c0e610378462cf8bc96b9e0580f2f1fa0cd7e07fac96c84cc5c9f467e8d2ccf5a30a776be07ddb7c14f8,JG304175,,06/17/2023 12:45:00 AM,30,NO CONTROLS,NO CONTROLS,CLEAR,"DARKNESS, LIGHTED ROAD",SIDESWIPE SAME DIRECTION,NOT DIVIDED,,STRAIGHT AND LEVEL,DRY,NO DEFECTS,ON SCENE,NO INJURY / DRIVE AWAY,,,,"$501 - $1,500",06/17/2023 12:46:00 AM,FAILING TO YIELD RIGHT-OF-WAY,FAILING TO YIELD RIGHT-OF-WAY,2124,W,DIVISION ST,1424.0,,,,,,,2,NO INDICATION OF INJURY,0.0,0.0,0.0,0.0,0.0,2.0,0.0,0,7,6,41.9032394335,-87.6807339148,POINT (-87.680733914835 41.903239433515)
c15afdee27d4973824b13d45a0a45b04bd410fba1b1d3ab6d6192bfcc380c0616619d2ec7c5329dccdd308db3f11d40daf7e92e4a3b520f2749a30060d30c701,JF290568,,06/23/2022 01:41:00 AM,30,TRAFFIC SIGNAL,UNKNOWN,CLEAR,"DARKNESS, LIGHTED ROAD",TURNING,FOUR WAY,,STRAIGHT AND LEVEL,DRY,NO DEFECTS,ON SCENE,INJURY AND / OR TOW DUE TO CRASH,Y,,,"OVER $1,500",06/23/2022 01:41:00 AM,UNABLE TO DETERMINE,IMPROPER TURNING/NO SIGNAL,7900,S,ASHLAND AVE,611.0,,,,,,,2,NONINCAPACITATING INJURY,1.0,0.0,0.0,1.0,0.0,1.0,0.0,1,5,6,41.7502622404,-87.6635801171,POINT (-87.663580117092 41.750262240415)
b8ca9096b385a1fc830db4427d10c2f5f7ce5d402e6cc751435d5c7706ae4a00546e6461534f2d1ee9afb88d19795e0c4d65031fce02290ba022905742c0d384,JE487531,,12/24/2021 06:00:00 AM,30,OTHER REG. SIGN,FUNCTIONING PROPERLY,CLEAR,"DARKNESS, LIGHTED ROAD",PARKED MOTOR VEHICLE,DIVIDED - W/MEDIAN (NOT RAISED),,STRAIGHT AND LEVEL,WET,NO DEFECTS,ON SCENE,INJURY AND / OR TOW DUE TO CRASH,,,,"OVER $1,500",12/24/2021 06:31:00 AM,PHYSICAL CONDITION OF DRIVER,PHYSICAL CONDITION OF DRIVER,1753,N,OAK PARK AVE,2513.0,,,,,,,3,INCAPACITATING INJURY,1.0,0.0,1.0,0.0,0.0,0.0,0.0,6,6,12,41.9124027404,-87.7947474115,POINT (-87.794747411535 41.912402740436)
c0d7b7717b19abc5ebccb8f1a4a302f06bc070c013f95407733145744d48accd9a2849a1ec4fdf661c176817f5d85bbbb2f1053b884d15353b3a6d4294428bf5,JG155618,,02/17/2023 06:12:00 AM,30,TRAFFIC SIGNAL,WORN REFLECTIVE MATERIAL,SNOW,DAYLIGHT,TURNING,T-INTERSECTION,,STRAIGHT AND LEVEL,SNOW OR SLUSH,NO DEFECTS,,INJURY AND / OR TOW DUE TO CRASH,Y,,,"OVER $1,500",02/17/2023 07:10:00 AM,UNABLE TO DETERMINE,UNABLE TO DETERMINE,200,W,GARFIELD BLVD,225.0,,,,,,,2,NO INDICATION OF INJURY,0.0,0.0,0.0,0.0,0.0,2.0,0.0,6,6,2,41.7946703847,-87.6305474761,POINT (-87.630547476056 41.794670384689)
c8a230fc21ff79781f8540bc1f5f5aa27bef6d0bbf3a3475ff36f4a80646d35c2dea64d6e2b894871d27582f7945e21d8d3f3de1267cf7aa51abeaa277870550,JC156737,,02/18/2019 10:45:00 AM,30,NO CONTROLS,NO CONTROLS,SNOW,DAYLIGHT,SIDESWIPE SAME DIRECTION,CENTER TURN LANE,4.0,STRAIGHT AND LEVEL,SNOW OR SLUSH,NO DEFECTS,ON SCENE,NO INJURY / DRIVE AWAY,,,,"$501 - $1,500",02/18/2019 11:09:00 AM,IMPROPER OVERTAKING/PASSING,UNABLE TO DETERMINE,2298,W,IRVING PARK RD,1911.0,,,,,,,2,NO INDICATION OF INJURY,0.0,0.0,0.0,0.0,0.0,2.0,0.0,10,2,2,41.9541593675,-87.6859840496,POINT (-87.68598404956 41.954159367462)
965323a76210e958e09c4d8988db04c2ab970106a4a5d6c463e87533f6cd3e0f8a7e7f1dde952f96d35d82010e06cb70f41a77eae658ba603c9a4774f7911f57,JA325157,,06/25/2017 06:00:00 PM,30,STOP SIGN/FLASHER,NO CONTROLS,CLEAR,DAYLIGHT,HEAD ON,ONE-WAY,1.0,STRAIGHT AND LEVEL,DRY,NO DEFECTS,NOT ON SCENE (DESK REPORT),NO INJURY / DRIVE AWAY,,,,"OVER $1,500",06/27/2017 06:10:00 PM,IMPROPER BACKING,NOT APPLICABLE,5300,S,LONG AVE,814.0,,,,,,,2,NO INDICATION OF INJURY,0.0,0.0,0.0,0.0,0.0,6.0,0.0,18,1,6,41.7964263954,-87.7576687694,POINT (-87.757668769409 41.796426395435)
00e428691f040ff3f2bbf4612480d2fb2857ac00b76137fedcccfabae39ec64e7894d7d8326f4d4e357db50da1e43eb7877de2d314a39e7a236be30b4a8705a6,JF144459,,02/14/2022 06:30:00 PM,30,NO CONTROLS,NO CONTROLS,CLEAR,DAYLIGHT,REAR END,NOT DIVIDED,,STRAIGHT AND LEVEL,DRY,NO DEFECTS,NOT ON SCENE (DESK REPORT),NO INJURY / DRIVE AWAY,,,Y,"OVER $1,500",02/14/2022 06:45:00 PM,UNABLE TO DETERMINE,NOT APPLICABLE,5200,N,NORTHWEST HWY,1623.0,,,,,,,2,NO INDICATION OF INJURY,0.0,0.0,0.0,0.0,0.0,2.0,0.0,18,2,2,41.9751537189,-87.7686203602,POINT (-87.76862036015 41.975153718867)
804ff21367f22b6f2dca251b9e6189b7d75ffbc488bdca790c43cb7686b5c0381d3f000c7d7bccd07db33d85d468dccdece06a63b8333c5c0b5c95b0066cfb26,JD209903,,04/15/2020 11:50:00 PM,30,NO CONTROLS,NO CONTROLS,CLEAR,"DARKNESS, LIGHTED ROAD",REAR END,NOT DIVIDED,,STRAIGHT AND LEVEL,DRY,NO DEFECTS,ON SCENE,NO INJURY / DRIVE AWAY,Y,,Y,"OVER $1,500",04/16/2020 12:01:00 AM,FOLLOWING TOO CLOSELY,UNABLE TO DETERMINE,6915,W,63RD ST,812.0,,,,,,,2,NO INDICATION OF INJURY,0.0,0.0,0.0,0.0,0.0,2.0,0.0,23,4,4,41.7773384497,-87.7941595866,POINT (-87.794159586552 41.777338449664)