CRASH_RECORD_ID,RD_NO,CRASH_DATE_EST_I,CRASH_DATE,POSTED_SPEED_LIMIT,TRAFFIC_CONTROL_DEVICE,DEVICE_CONDITION,WEATHER_CONDITION,LIGHTING_CONDITION,FIRST_CRASH_TYPE,TRAFFICWAY_TYPE,LANE_CNT,ALIGNMENT,ROADWAY_SURFACE_COND,ROAD_DEFECT,REPORT_TYPE,CRASH_TYPE,INTERSECTION_RELATED_I,NOT_RIGHT_OF_WAY_I,HIT_AND_RUN_I,DAMAGE,DATE_POLICE_NOTIFIED,PRIM_CONTRIBUTORY_CAUSE,SEC_CONTRIBUTORY_CAUSE,STREET_NO,STREET_DIRECTION,STREET_NAME,BEAT_OF_OCCURRENCE,PHOTOS_TAKEN_I,STATEMENTS_TAKEN_I,DOORING_I,WORK_ZONE_I,WORK_ZONE_TYPE,WORKERS_PRESENT_I,NUM_UNITS,MOST_SEVERE_INJURY,INJURIES_TOTAL,INJURIES_FATAL,INJURIES_INCAPACITATING,INJURIES_NON_INCAPACITATING,INJURIES_REPORTED_NOT_EVIDENT,INJURIES_NO_INDICATION,INJURIES_UNKNOWN,CRASH_HOUR,CRASH_DAY_OF_WEEK,CRASH_MONTH,LATITUDE,LONGITUDE,LOCATION
9fabec035cd91b50f9ad90b84972f9b46597d802fced1295d7826d9b57c989a8943f2c677fa552c4e3d1894b7d7a7825185b1eceffe63778aa6d7e290fbb902c,JG357459,,07/26/2023 09:30:00 PM,30,TRAFFIC SIGNAL,FUNCTIONING PROPERLY,CLEAR,"DARKNESS, LIGHTED ROAD",REAR END,NOT DIVIDED,,STRAIGHT AND LEVEL,DRY,NO DEFECTS,NOT ON SCENE (DESK REPORT),NO INJURY / DRIVE AWAY,,,Y,$500 OR LESS,07/26/2023 09:35:00 PM,UNABLE TO DETERMINE,NOT APPLICABLE,4800,N,PULASKI RD,1712.0,,,,,,,2,NO INDICATION OF INJURY,0.0,0.0,0.0,0.0,0.0,2.0,0.0,21,4,7,41.9682625951,-87.7281753158,POINT (-87.72817531576 41.968262595101)
0d6e3ece500c8d45d6c88133f22004e5bcf4dc100ad55699cc782251b1fc83e13ced6edfee224b9629411e905a8565cf731ff7efe916cabeca5b51ba19ac4fcb,JD336877,,08/18/2020 02:00:00 PM,30,STOP SIGN/FLASHER,FUNCTIONING PROPERLY,CLEAR,DAYLIGHT,PARKED MOTOR VEHICLE,ONE-WAY,,STRAIGHT AND LEVEL,DRY,NO DEFECTS,NOT ON SCENE (DESK REPORT),INJURY AND / OR TOW DUE TO CRASH,,,Y,"OVER $1,500",08/18/2020 04:00:00 PM,UNABLE TO DETERMINE,NOT APPLICABLE,3532,W,60TH PL,823.0,,,,,,,2,NO INDICATION OF INJURY,0.0,0.0,0.0,0.0,0.0,1.0,0.0,14,3,8,41.7834962676,-87.7118657597,POINT (-87.711865759749 41.783496267588)
c557f3f4bd9b23f0affcc50b6b8dcf5b51943f37e007ce90b32fffc885124c0559edbeddf69385de41493933e8b26fc03ad357e258fdca677e4a593e8f82ff56,JC225098,,04/15/2019 10:05:00 AM,20,LANE USE MARKING,FUNCTIONING PROPERLY,CLEAR,DAYLIGHT,REAR END,ONE-WAY,3.0,STRAIGHT AND LEVEL,DRY,NO DEFECTS,ON SCENE,NO INJURY / DRIVE AWAY,,,,"$501 - $1,500",04/15/2019 10:09:00 AM,FOLLOWING TOO CLOSELY,DRIVING SKILLS/KNOWLEDGE/EXPERIENCE,1,W,TERMINAL ST,1651.0,,,,,,,2,NO INDICATION OF INJURY,0.0,0.0,0.0,0.0,0.0,3.0,0.0,10,2,4,,,
d1d806632e5b7fe6a1f9319e30f4efa159b3ab13f64fd1886a5547b139099009987191b2e7820b30ac8e22f03680bb3bfee43cf107bbd7b4f71bc393e7468368,JG195093,,03/22/2023 09:00:00 AM,30,NO CONTROLS,NO CONTROLS,CLEAR,DAYLIGHT,SIDESWIPE SAME DIRECTION,NOT DIVIDED,,STRAIGHT AND LEVEL,DRY,NO DEFECTS,NOT ON SCENE (DESK REPORT),NO INJURY / DRIVE AWAY,,,,$500 OR LESS,03/22/2023 04:23:00 PM,FOLLOWING TOO CLOSELY,NOT APPLICABLE,3925,W,MONTROSE AVE,1723.0,,,,,,,2,NO INDICATION OF INJURY,0.0,0.0,0.0,0.0,0.0,2.0,0.0,9,4,3,41.9608550365,-87.7264557998,POINT (-87.726455799829 41.960855036517)
3289e64f30d3a7bb7d7d02dad46690d5cfb18cfc92909b0c4d8f3448d944011b8123568b8bac73eccabbd06bed7908bc96b51fb0afa063d574edb9018a13d590,JG233350,,04/22/2023 01:40:00 PM,30,UNKNOWN,UNKNOWN,UNKNOWN,UNKNOWN,REAR END,NOT DIVIDED,,STRAIGHT AND LEVEL,UNKNOWN,UNKNOWN,NOT ON SCENE (DESK REPORT),NO INJURY / DRIVE AWAY,,,,$500 OR LESS,04/22/2023 02:30:00 PM,UNABLE TO DETERMINE,UNABLE TO DETERMINE,6014,N,CLARK ST,2433.0,,,,,,,2,NO INDICATION OF INJURY,0.0,0.0,0.0,0.0,0.0,2.0,0.0,13,7,4,41.9912470245,-87.6701869078,POINT (-87.670186907839 41.991247024548)
98f7bcf0cf92279eae9476fac06e22e77b949c18a0be3fd294572a0fb4fa8f83fd1af46fa197da91864da030f3c0f2ce528be42a0bd0b4303b4556a4424870f1,JD151888,,02/14/2020 03:40:00 PM,30,NO CONTROLS,NO CONTROLS,SNOW,DAYLIGHT,TURNING,DIVIDED - W/MEDIAN BARRIER,,"CURVE, LEVEL",SNOW OR SLUSH,NO DEFECTS,NOT ON SCENE (DESK REPORT),NO INJURY / DRIVE AWAY,,,,"OVER $1,500",02/14/2020 05:00:00 PM,FAILING TO YIELD RIGHT-OF-WAY,UNABLE TO DETERMINE,4710,S,WESTERN AVE,922.0,,,,,,,2,NO INDICATION OF INJURY,0.0,0.0,0.0,0.0,0.0,2.0,0.0,15,6,2,41.808041333,-87.6845605119,POINT (-87.684560511949 41.808041332965)
414658351e1bc0683a4bf772e3e04d88d215b69fcb6d31dddf2c40bf8151ad35a66abf7ac22681cda1c85cc07f2c92662666aee62b78af3d48d57df0952debd1,JF227694,,05/02/2022 01:15:00 PM,30,NO CONTROLS,NO CONTROLS,CLEAR,DAYLIGHT,ANGLE,NOT DIVIDED,,STRAIGHT AND LEVEL,UNKNOWN,UNKNOWN,NOT ON SCENE (DESK REPORT),NO INJURY / DRIVE AWAY,,,,"OVER $1,500",05/02/2022 01:20:00 PM,FAILING TO YIELD RIGHT-OF-WAY,UNABLE TO DETERMINE,6953,W,HIGGINS AVE,1613.0,,,,,,,2,NO INDICATION OF INJURY,0.0,0.0,0.0,0.0,0.0,2.0,0.0,13,2,5,41.979871435,-87.8017622271,POINT (-87.801762227063 41.979871434961)
7410cc257c70abd5938740ffb911fbcc77e1758b23d8fc2d6591a331600b5a753962a585726df90908d17c8259a3fbbebfc5b4e5422f4c82f5d1b02544af72a3,JD219174,,04/28/2020 03:00:00 PM,30,NO CONTROLS,NO CONTROLS,CLEAR,DAYLIGHT,PARKED MOTOR VEHICLE,DIVIDED - W/MEDIAN (NOT RAISED),,STRAIGHT AND LEVEL,DRY,UNKNOWN,NOT ON SCENE (DESK REPORT),NO INJURY / DRIVE AWAY,,,,"OVER $1,500",04/28/2020 03:15:00 PM,IMPROPER BACKING,NOT APPLICABLE,5102,W,DIVISION ST,2533.0,,,,,,,2,NO INDICATION OF INJURY,0.0,0.0,0.0,0.0,0.0,1.0,0.0,15,3,4,41.9023826488,-87.753462024,POINT (-87.75346202399 41.902382648839)
df5336cd047e89a7ed47631c0a9ce627af371c2a313cd6764fbe58f0e7fe9529d7854943ec6f9354355c1e0e6dd3dac9c5549917a37701ebd45d88261c3e4dec,JC502452,,11/07/2019 06:30:00 PM,45,NO CONTROLS,NO CONTROLS,CLEAR,"DARKNESS, LIGHTED ROAD",REAR END,DIVIDED - W/MEDIAN BARRIER,,STRAIGHT AND LEVEL,DRY,NO DEFECTS,NOT ON SCENE (DESK REPORT),INJURY AND / OR TOW DUE TO CRASH,,,,"OVER $1,500",11/07/2019 07:55:00 PM,FOLLOWING TOO CLOSELY,DISTRACTION - FROM INSIDE VEHICLE,1410,S,MUSEUM CAMPUS DR,132.0,,,,,,,2,"REPORTED, NOT EVIDENT",1.0,0.0,0.0,0.0,1.0,1.0,0.0,18,5,11,41.862628294,-87.6150310941,POINT (-87.615031094113 41.862628294038)
dcf5d30596409103516cf2435e591dd20ca28f4653ba556edeed1bf91242d8888f411d26d0b17a7e2d89c511f342f22eb25912617639ae0195a6c5f12f80d860,JE472948,,12/10/2021 05:25:00 PM,30,TRAFFIC SIGNAL,FUNCTIONING PROPERLY,RAIN,"DARKNESS, LIGHTED ROAD",REAR END,DIVIDED - W/MEDIAN (NOT RAISED),,STRAIGHT AND LEVEL,WET,NO DEFECTS,ON SCENE,NO INJURY / DRIVE AWAY,,,,"$501 - $1,500",12/10/2021 05:26:00 PM,FOLLOWING TOO CLOSELY,WEATHER,211,S,ASHLAND AVE,1231.0,,,,,,,3,NO INDICATION OF INJURY,0.0,0.0,0.0,0.0,0.0,3.0,0.0,17,6,12,41.8785350485,-87.6665869609,POINT (-87.666586960899 41.878535048494)
13d767bc44ed5453f66dcd1a77bfff056b9c8d7f1d10465ef20cadce63667b20852f159a47addcfb091991e34ac87de91455ac364c3e0c8500975968479e610e,HY390090,Y,08/19/2015 12:45:00 PM,10,NO CONTROLS,NO CONTROLS,CLEAR,DAYLIGHT,PARKED MOTOR VEHICLE,PARKING LOT,0.0,STRAIGHT AND LEVEL,DRY,NO DEFECTS,NOT ON SCENE (DESK REPORT),NO INJURY / DRIVE AWAY,,,Y,"OVER $1,500",08/20/2015 11:45:00 AM,UNABLE TO DETERMINE,NOT APPLICABLE,8025,S,CRANDON AVE,414.0,,,,,,,2,NO INDICATION OF INJURY,0.0,0.0,0.0,0.0,0.0,1.0,0.0,12,4,8,41.7491143039,-87.5684797228,POINT (-87.568479722831 41.749114303925)
463eff01f2fc2330769d5a7ee81949ecfe131cdea544da3e6afd6de4f8474e9380d36b1924c5eb73161bb75a40e0854c873977235f09be49b0efb18df39c4a7e,JB493388,,10/28/2018 12:10:00 AM,30,NO CONTROLS,NO CONTROLS,CLEAR,"DARKNESS, LIGHTED ROAD",SIDESWIPE SAME DIRECTION,ONE-WAY,4.0,STRAIGHT AND LEVEL,DRY,NO DEFECTS,NOT ON SCENE (DESK REPORT),NO INJURY / DRIVE AWAY,,,,"OVER $1,500",10/28/2018 09:35:00 AM,FAILING TO YIELD RIGHT-OF-WAY,FAILING TO YIELD RIGHT-OF-WAY,530,N,STREETER DR,1834.0,,,,,,,2,NO INDICATION OF INJURY,0.0,0.0,0.0,0.0,0.0,2.0,0.0,0,1,10,41.8920001816,-87.6117262631,POINT (-87.611726263137 41.892000181581)
774417d4f2d0f57e2f10053445fa9dd7021487c83fffee2e9cf7d065bc7faf984602febc6c6f14b8211928b03ab6b5c7df63a80cd8e8dbe715eb1ff70e03eaf6,JC460609,,10/05/2019 02:20:00 AM,30,NO CONTROLS,NO CONTROLS,CLEAR,"DARKNESS, LIGHTED ROAD",PARKED MOTOR VEHICLE,NOT DIVIDED,,STRAIGHT AND LEVEL,DRY,NO DEFECTS,ON SCENE,NO INJURY / DRIVE AWAY,,,Y,"OVER $1,500",10/05/2019 02:25:00 AM,UNABLE TO DETERMINE,UNABLE TO DETERMINE,3954,S,CALIFORNIA AVE,921.0,,,,,,,4,NO INDICATION OF INJURY,0.0,0.0,0.0,0.0,0.0,1.0,0.0,2,7,10,41.8212660928,-87.6947560215,POINT (-87.694756021503 41.821266092761)
6b6241c7023dae35fbc341d5bbabb550ed6dbea9b739046b027ec56b3d2402fcc5b70cbc6534abf21ab145fcfd77dc3ea87461036c6ebb87b6190332c554fa5b,JG389110,,08/19/2023 01:56:00 PM,30,NO CONTROLS,NO CONTROLS,CLEAR,DAYLIGHT,PARKED MOTOR VEHICLE,NOT DIVIDED,,STRAIGHT AND LEVEL,DRY,UNKNOWN,ON SCENE,NO INJURY / DRIVE AWAY,,,Y,"OVER $1,500",08/19/2023 01:59:00 PM,FOLLOWING TOO CLOSELY,UNABLE TO DETERMINE,2909,S,WALLACE ST,914.0,,,,,,,2,NO INDICATION OF INJURY,0.0,0.0,0.0,0.0,0.0,2.0,0.0,13,7,8,41.8414346094,-87.6413441023,POINT (-87.641344102305 41.841434609368)
81d37becdf9310bfe4af7902b8c304c5ae433a72f32c3c0ef932e9ba2a39a40ff7ce6b42449cea1eea3ad2b02178a8395433b2b266471a6d2707f5a60db98993,JG387183,Y,08/17/2023 10:15:00 PM,30,NO CONTROLS,NO CONTROLS,CLEAR,DARKNESS,PARKED MOTOR VEHICLE,PARKING LOT,,STRAIGHT AND LEVEL,DRY,NO DEFECTS,NOT ON SCENE (DESK REPORT),NO INJURY / DRIVE AWAY,,,Y,"OVER $1,500",08/18/2023 04:50:00 AM,UNABLE TO DETERMINE,UNABLE TO DETERMINE,4622,S,WOOD ST,924.0,,,,,,,2,NO INDICATION OF INJURY,0.0,0.0,0.0,0.0,0.0,1.0,0.0,22,5,8,41.8096637031,-87.6700079612,POINT (-87.670007961212 41.809663703064)
3f59a9a8fa3b14bec089d2c56f7e43cf22040fabda1dbaed062ba30817fb74fcb06eea98dc50c3fc0793a31fa1464815eaa52adf6e150faed979f442001ca641,JD120892,,01/19/2020 01:43:00 AM,30,NO CONTROLS,NO CONTROLS,CLEAR,"DARKNESS, LIGHTED ROAD",ANGLE,NOT DIVIDED,,STRAIGHT AND LEVEL,DRY,NO DEFECTS,NOT ON SCENE (DESK REPORT),NO INJURY / DRIVE AWAY,,,,"OVER $1,500",01/19/2020 02:15:00 AM,FAILING TO YIELD RIGHT-OF-WAY,UNABLE TO DETERMINE,842,W,LAWRENCE AVE,2024.0,,,,,,,2,NO INDICATION OF INJURY,0.0,0.0,0.0,0.0,0.0,2.0,0.0,1,1,1,41.9692380207,-87.6518481048,POINT (-87.651848104762 41.969238020707)
b27ca224eef719f30cd6c85a771ef29baa453a1589525ae2f0725e9b90bb57e400e8e2f3f3705a53af794b5cd4b9a27c5129378e4bbae1e5d47daa0d4cb625d9,JA488018,,10/27/2017 10:00:00 AM,30,NO CONTROLS,NO CONTROLS,CLEAR,DAYLIGHT,ANGLE,NOT DIVIDED,,STRAIGHT AND LEVEL,DRY,NO DEFECTS,NOT ON SCENE (DESK REPORT),NO INJURY / DRIVE AWAY,,Y,,"OVER $1,500",10/27/2017 12:25:00 PM,UNABLE TO DETERMINE,UNABLE TO DETERMINE,1730,N,CLARK ST,1814.0,,,,,,,2,NO INDICATION OF INJURY,0.0,0.0,0.0,0.0,0.0,3.0,0.0,10,6,10,41.9138642987,-87.6334413152,POINT (-87.633441315152 41.913864298738)
0f4a801fc991bf9e574cbf29267e9c20180093a14feb90c0a6bc662d26923835b221dd927fa35b6b88b65d276f3dd5ca01ebd33b175273a43d278f39ba92c486,JF113266,,01/15/2022 12:04:00 AM,30,NO CONTROLS,NO CONTROLS,SNOW,DARKNESS,PARKED MOTOR VEHICLE,DIVIDED - W/MEDIAN (NOT RAISED),,STRAIGHT AND LEVEL,SNOW OR SLUSH,NO DEFECTS,ON SCENE,NO INJURY / DRIVE AWAY,,,Y,"OVER $1,500",01/15/2022 12:06:00 AM,UNABLE TO DETERMINE,UNABLE TO DETERMINE,5621,S,INDIANA AVE,231.0,,,,,,,2,NO INDICATION OF INJURY,0.0,0.0,0.0,0.0,0.0,1.0,0.0,0,7,1,41.7922660492,-87.620636066,POINT (-87.620636066009 41.792266049216)
42911fb9fa13d326b676a4e9e5995e6ef6e074a171de523aa871ba5eb608d11245c86394510f25aed9274a5034b1e8e0423b5a960cd3b8268c254e179eff5c38,JA506473,,11/10/2017 12:40:00 PM,30,TRAFFIC SIGNAL,FUNCTIONING PROPERLY,SNOW,DAYLIGHT,REAR END,DIVIDED - W/MEDIAN (NOT RAISED),2.0,STRAIGHT AND LEVEL,WET,NO DEFECTS,NOT ON SCENE (DESK REPORT),NO INJURY / DRIVE AWAY,Y,,,"OVER $1,500",11/10/2017 12:50:00 PM,FOLLOWING TOO CLOSELY,NOT APPLICABLE,1159,W,TAYLOR ST,1232.0,,,,,,,2,NO INDICATION OF INJURY,0.0,0.0,0.0,0.0,0.0,3.0,0.0,12,6,11,41.8693084081,-87.6565921645,POINT (-87.656592164505 41.869308408079)
1476cd2643b7285679e43e006bb13ca5c89022d0d6568d6c932e900d5eb455a7047db8a8d7a68daa7fc992092aed1ffae28a93679aba58c919443ddfdadaa854,JD278220,,06/27/2020 01:55:00 PM,35,TRAFFIC SIGNAL,FUNCTIONING PROPERLY,CLEAR,DAYLIGHT,TURNING,UNKNOWN,,STRAIGHT AND LEVEL,DRY,UNKNOWN,NOT ON SCENE (DESK REPORT),INJURY AND / OR TOW DUE TO CRASH,,,Y,"OVER $1,500",06/27/2020 05:12:00 PM,FAILING TO YIELD RIGHT-OF-WAY,IMPROPER OVERTAKING/PASSING,739,S,CICERO AVE,1131.0,,,,,,,2,"REPORTED, NOT EVIDENT",1.0,0.0,0.0,0.0,1.0,1.0,0.0,13,7,6,41.8711484774,-87.7447783586,POINT (-87.744778358623 41.871148477362)
0f1780ef3796d09ad1cee4df9eef904c01479535caf46ee12711279e008c9c058e6ede343d4d609b42c1f9fbc323dcf023a51813ca5ff5ce38e5c66139297faf,JD304096,,07/20/2020 03:45:00 PM,35,NO CONTROLS,NO CONTROLS,CLEAR,DAYLIGHT,ANGLE,NOT DIVIDED,,STRAIGHT AND LEVEL,DRY,NO DEFECTS,ON SCENE,NO INJURY / DRIVE AWAY,,,Y,$500 OR LESS,07/20/2020 03:59:00 PM,FAILING TO YIELD RIGHT-OF-WAY,FAILING TO REDUCE SPEED TO AVOID CRASH,730,W,123RD ST,523.0,,,,,,,2,NO INDICATION OF INJURY,0.0,0.0,0.0,0.0,0.0,4.0,0.0,15,2,7,41.6706618981,-87.6404073398,POINT (-87.640407339792 41.670661898105)
372c4b177491167c09ebc2fc0f10d7a78c7e74d6ae32015b7f2a0561d1e260bc6cbe68734d9ce030f77455ff061ed46b663abf6464f7e1ba7602396dae93e955,JD127456,,01/24/2020 06:00:00 PM,20,NO CONTROLS,NO CONTROLS,RAIN,"DARKNESS, LIGHTED ROAD",PARKED MOTOR VEHICLE,DIVIDED - W/MEDIAN (NOT RAISED),,STRAIGHT AND LEVEL,WET,UNKNOWN,NOT ON SCENE (DESK REPORT),NO INJURY / DRIVE AWAY,,,,"OVER $1,500",01/24/2020 08:00:00 PM,UNABLE TO DETERMINE,UNABLE TO DETERMINE,6238,N,BROADWAY,2433.0,,,,,,,2,NO INDICATION OF INJURY,0.0,0.0,0.0,0.0,0.0,1.0,0.0,18,6,1,41.9956796006,-87.6605864288,POINT (-87.660586428761 41.995679600637)
1648b840b1e91d41409e85bfba4c0c5555e85b11a071294b3ad0acd6f29fcfcfdbd0cf366b6c8b4017ce36518d4f626d60ffe5d0e64cb91db575d8c3d36d916d,JF270354,Y,06/06/2022 10:00:00 PM,30,STOP SIGN/FLASHER,FUNCTIONING PROPERLY,RAIN,"DARKNESS, LIGHTED ROAD",PARKED MOTOR VEHICLE,FOUR WAY,,STRAIGHT ON GRADE,WET,NO DEFECTS,NOT ON SCENE (DESK REPORT),INJURY AND / OR TOW DUE TO CRASH,,,Y,"$501 - $1,500",06/06/2022 10:46:00 PM,UNABLE TO DETERMINE,UNABLE TO DETERMINE,3601,S,MAPLEWOOD AVE,911.0,,,,,,,2,NO INDICATION OF INJURY,0.0,0.0,0.0,0.0,0.0,1.0,0.0,22,2,6,41.8283058364,-87.6885165212,POINT (-87.688516521167 41.828305836388)
6d078cf92481e49dd21fa6fb48c5c4d8167b062275294d47373172f2bc2039e86f362ad5915fa93cfbbf7b26adcb3f48d5ed6aef7ccaaf684956fd94aa08b711,JB135480,,01/30/2018 02:45:00 PM,30,NO CONTROLS,NO CONTROLS,CLEAR,DAYLIGHT,ANGLE,ONE-WAY,1.0,STRAIGHT AND LEVEL,DRY,NO DEFECTS,ON SCENE,INJURY AND / OR TOW DUE TO CRASH,Y,,,"OVER $1,500",01/30/2018 02:50:00 PM,EQUIPMENT - VEHICLE CONDITION,NOT APPLICABLE,7901,S,LA SALLE ST,623.0,,,,,,,4,NONINCAPACITATING INJURY,1.0,0.0,0.0,1.0,0.0,3.0,0.0,14,3,1,41.7507987213,-87.6280963051,POINT (-87.628096305148 41.750798721343)
d3e620193fc4acd17c9021782fe60d2d5ac9d9f4cd374e85d2cb629844fb88e4ed9fc019fc2482f7f482d78e74b1ae2660740b529c4107d12edb3b2574d19758,JG341308,,07/14/2023 08:05:00 PM,30,TRAFFIC SIGNAL,NO CONTROLS,CLEAR,DUSK,REAR END,NOT DIVIDED,,STRAIGHT AND LEVEL,DRY,NO DEFECTS,NOT ON SCENE (DESK REPORT),NO INJURY / DRIVE AWAY,,,,"$501 - $1,500",07/14/2023 08:25:00 PM,UNABLE TO DETERMINE,NOT APPLICABLE,11500,S,CENTRAL PARK AVE,2211.0,,,,,,,2,NO INDICATION OF INJURY,0.0,0.0,0.0,0.0,0.0,2.0,0.0,20,6,7,41.6840627292,-87.7104340085,POINT (-87.710434008518 41.684062729212)
e0ef91dedd4a3b5c0e3460eeff1fdb08739fcde44a44f9b545c4ecbdb34d38465fc978e94fe154821fe3e3e1b9759e3ee08c25e77e559ed165c44086aa8cc0d2,JC335679,,07/04/2019 07:00:00 PM,35,NO CONTROLS,NO CONTROLS,CLEAR,DAYLIGHT,SIDESWIPE SAME DIRECTION,NOT DIVIDED,,STRAIGHT AND LEVEL,DRY,NO DEFECTS,NOT ON SCENE (DESK REPORT),NO INJURY / DRIVE AWAY,,,,"OVER $1,500",07/05/2019 11:03:00 AM,DRIVING SKILLS/KNOWLEDGE/EXPERIENCE,UNABLE TO DETERMINE,100,E,WACKER DR,114.0,,,,,,,2,NO INDICATION OF INJURY,0.0,0.0,0.0,0.0,0.0,4.0,0.0,19,5,7,41.888403032,-87.6243964228,POINT (-87.624396422774 41.888403031993)
31336d7cddaf29ba7ca51d5016ce9e24ccfdd5d40defc0474399ba3bbe26ee9c509847e0a1da90dc286b1efccf3162876b23d2921d7e0fffb4327f524a169fab,JC182358,N,03/12/2019 07:00:00 AM,30,NO CONTROLS,NO CONTROLS,UNKNOWN,UNKNOWN,FIXED OBJECT,ALLEY,1.0,STRAIGHT AND LEVEL,UNKNOWN,NO DEFECTS,ON SCENE,NO INJURY / DRIVE AWAY,,Y,Y,"$501 - $1,500",03/12/2019 07:57:00 AM,UNABLE TO DETERMINE,UNABLE TO DETERMINE,4982,N,KOLMAR AVE,1712.0,,,,,,,1,NO INDICATION OF INJURY,0.0,0.0,0.0,0.0,0.0,1.0,0.0,7,3,3,41.9715364615,-87.7437778335,POINT (-87.743777833479 41.971536461485)
6c55cdd197410978bb722711e41f92164af67e9d49f66c361677ad094ad00a5c43e329df5fb95bdec7ec6f81f80b6b23bbafafbac4ec4e9888953bc95d7b68df,JF303193,,07/02/2022 05:00:00 PM,30,STOP SIGN/FLASHER,FUNCTIONING PROPERLY,CLEAR,"DARKNESS, LIGHTED ROAD",TURNING,FOUR WAY,,STRAIGHT AND LEVEL,DRY,NO DEFECTS,NOT ON SCENE (DESK REPORT),NO INJURY / DRIVE AWAY,Y,,,"OVER $1,500",07/02/2022 11:00:00 PM,IMPROPER TURNING/NO SIGNAL,FAILING TO YIELD RIGHT-OF-WAY,600,N,LAMON AVE,1532.0,,,,,,,2,NO INDICATION OF INJURY,0.0,0.0,0.0,0.0,0.0,2.0,0.0,17,7,7,41.8914002945,-87.7482822851,POINT (-87.748282285112 41.891400294488)
d5e72314f9d3e6460fa9718bde6bb9f92db2be2e74e22a00cef032db77302398337052f83632879fcfbe265f11bc30422497955b82d1a3d245c9cd899d1fbc51,JD230746,,05/12/2020 06:57:00 PM,30,TRAFFIC SIGNAL,FUNCTIONING PROPERLY,CLEAR,DAYLIGHT,PEDESTRIAN,NOT DIVIDED,,STRAIGHT AND LEVEL,DRY,NO DEFECTS,ON SCENE,INJURY AND / OR TOW DUE TO CRASH,Y,,,"OVER $1,500",05/12/2020 06:58:00 PM,UNABLE TO DETERMINE,NOT APPLICABLE,500,S,PULASKI RD,1132.0,,,,,,,2,NONINCAPACITATING INJURY,1.0,0.0,0.0,1.0,0.0,1.0,0.0,18,3,5,41.8743420452,-87.725589998,POINT (-87.725589998037 41.874342045195)
958e3903871c3a56babbaaa6cd9bbe4b2b9f4456c7123c562d1662411fdcb80b5f8f2969eba57b28c340579262a3ed86634ea7136909b51a111f2301549f51b6,JE132439,,02/04/2021 01:50:00 PM,30,NO CONTROLS,NO CONTROLS,SNOW,DAYLIGHT,ANGLE,ONE-WAY,,STRAIGHT AND LEVEL,SNOW OR SLUSH,NO DEFECTS,ON SCENE,INJURY AND / OR TOW DUE TO CRASH,,,,"OVER $1,500",02/04/2021 03:08:00 PM,UNABLE TO DETERMINE,UNABLE TO DETERMINE,1650,W,ADAMS ST,1224.0,,,,,,,2,NO INDICATION OF INJURY,0.0,0.0,0.0,0.0,0.0,2.0,0.0,13,5,2,41.8789727803,-87.6687996953,POINT (-87.668799695319 41.878972780266)
3e4827bd8c01e60f97ad2b50381febca219382ff3eeaaeb79119790bd6ce9df98f130fa76840db09c4ba3635b29afec2b1281c04bb504c2754b5b5f67aa00573,JF141142,,02/11/2022 12:45:00 PM,40,NO CONTROLS,NO CONTROLS,CLEAR,DAYLIGHT,REAR END,DIVIDED - W/MEDIAN BARRIER,,STRAIGHT ON GRADE,DRY,NO DEFECTS,ON SCENE,NO INJURY / DRIVE AWAY,,,Y,"OVER $1,500",02/11/2022 12:45:00 PM,FOLLOWING TOO CLOSELY,NOT APPLICABLE,2300,N,LAKE SHORE DR SB,1814.0,,,,,,,2,NO INDICATION OF INJURY,0.0,0.0,0.0,0.0,0.0,2.0,0.0,12,6,2,41.9237977916,-87.6307772666,POINT (-87.630777266631 41.923797791573)
ac0d3c1a50d089231451862647db7cd2fffd3ba56d84316d5f536c083f777d467acaca9d8d73f2f771290d508e13fb2058efc5d232939c7310088370f8668ec0,JF513063,,12/16/2022 04:40:00 PM,30,NO CONTROLS,NO CONTROLS,SNOW,"DARKNESS, LIGHTED ROAD",FIXED OBJECT,DIVIDED - W/MEDIAN (NOT RAISED),,STRAIGHT AND LEVEL,WET,NO DEFECTS,ON SCENE,INJURY AND / OR TOW DUE TO CRASH,,Y,,"OVER $1,500",12/16/2022 04:49:00 PM,"EVASIVE ACTION DUE TO ANIMAL, OBJECT, NONMOTORIST",UNABLE TO DETERMINE,3927,N,HARLEM AVE,1632.0,,,,,,,1,NONINCAPACITATING INJURY,1.0,0.0,0.0,1.0,0.0,0.0,0.0,16,6,12,41.9516056696,-87.8070790498,POINT (-87.807079049836 41.951605669573)
7af16a6b2753e2a9163344098f65dd02d951221a4d07a510b578a05c9495eebefe67fffdeadf6583ea569164f493132f8bfb5709167b06985f800a5640cabb67,JF494059,,12/01/2022 10:50:00 AM,30,TRAFFIC SIGNAL,FUNCTIONING PROPERLY,CLEAR,DAYLIGHT,ANGLE,DIVIDED - W/MEDIAN BARRIER,,STRAIGHT AND LEVEL,DRY,NO DEFECTS,ON SCENE,INJURY AND / OR TOW DUE TO CRASH,Y,,,"OVER $1,500",12/01/2022 10:50:00 AM,DISREGARDING TRAFFIC SIGNALS,DISREGARDING TRAFFIC SIGNALS,5453,S,ASHLAND AVE,934.0,,,,,,,2,NO INDICATION OF INJURY,0.0,0.0,0.0,0.0,0.0,3.0,0.0,10,5,12,41.7942871991,-87.664444945,POINT (-87.664444945038 41.79428719911)