CRASH_RECORD_ID,RD_NO,CRASH_DATE_EST_I,CRASH_DATE,POSTED_SPEED_LIMIT,TRAFFIC_CONTROL_DEVICE,DEVICE_CONDITION,WEATHER_CONDITION,LIGHTING_CONDITION,FIRST_CRASH_TYPE,TRAFFICWAY_TYPE,LANE_CNT,ALIGNMENT,ROADWAY_SURFACE_COND,ROAD_DEFECT,REPORT_TYPE,CRASH_TYPE,INTERSECTION_RELATED_I,NOT_RIGHT_OF_WAY_I,HIT_AND_RUN_I,DAMAGE,DATE_POLICE_NOTIFIED,PRIM_CONTRIBUTORY_CAUSE,SEC_CONTRIBUTORY_CAUSE,STREET_NO,STREET_DIRECTION,STREET_NAME,BEAT_OF_OCCURRENCE,PHOTOS_TAKEN_I,STATEMENTS_TAKEN_I,DOORING_I,WORK_ZONE_I,WORK_ZONE_TYPE,WORKERS_PRESENT_I,NUM_UNITS,MOST_SEVERE_INJURY,INJURIES_TOTAL,INJURIES_FATAL,INJURIES_INCAPACITATING,INJURIES_NON_INCAPACITATING,INJURIES_REPORTED_NOT_EVIDENT,INJURIES_NO_INDICATION,INJURIES_UNKNOWN,CRASH_HOUR,CRASH_DAY_OF_WEEK,CRASH_MONTH,LATITUDE,LONGITUDE,LOCATION
234e9d3eee389b0689a6a9c25ed73cf11e92b92c97d836acaf338d30116c0b64864f273309bb63415ad08c2b1de131ed922c9e01d6c3f86c38e602769304169c,JG444880,,09/30/2023 11:50:00 AM,30,TRAFFIC SIGNAL,FUNCTIONING PROPERLY,CLEAR,DAYLIGHT,REAR END,NOT DIVIDED,,STRAIGHT AND LEVEL,DRY,NO DEFECTS,ON SCENE,INJURY AND / OR TOW DUE TO CRASH,,,,"OVER $1,500",09/30/2023 11:55:00 AM,FAILING TO REDUCE SPEED TO AVOID CRASH,DRIVING SKILLS/KNOWLEDGE/EXPERIENCE,5451,S,WESTERN AVE,932.0,,,,,,,2,"REPORTED, NOT EVIDENT",1.0,0.0,0.0,0.0,1.0,1.0,0.0,11,7,9,41.7939466314,-87.6838966456,POINT (-87.68389664564 41.793946631416)
709e11f728c3c5edeec27ce1f01242b68af9edcb15f773fd89356fa3a5124ba09589f9e00695a8897e960af4c81ebd98dd79af23904fa00e42764f6623e1c273,JA525502,,11/26/2017 05:11:00 AM,30,TRAFFIC SIGNAL,FUNCTIONING PROPERLY,CLEAR,"DARKNESS, LIGHTED ROAD",TURNING,NOT DIVIDED,4.0,STRAIGHT AND LEVEL,DRY,NO DEFECTS,ON SCENE,INJURY AND / OR TOW DUE TO CRASH,Y,,,"OVER $1,500",11/26/2017 05:18:00 AM,UNABLE TO DETERMINE,UNABLE TO DETERMINE,100,W,CERMAK RD,131.0,,,,,,,2,"REPORTED, NOT EVIDENT",2.0,0.0,0.0,0.0,2.0,0.0,0.0,5,1,11,41.8529912193,-87.629386933,POINT (-87.629386933044 41.852991219253)
3b500370b946e8afcf7d1ecf8a1e83e605922c0c83b78aa406b6a8d4dde13e4900fe9c7e075bf1177735040b33623af60cb3547926d5e05c3eafd65159101476,JB207728,,04/01/2018 05:06:00 PM,30,NO CONTROLS,NO CONTROLS,CLEAR,DAYLIGHT,PARKED MOTOR VEHICLE,NOT DIVIDED,2.0,STRAIGHT AND LEVEL,DRY,NO DEFECTS,ON SCENE,INJURY AND / OR TOW DUE TO CRASH,,,,"OVER $1,500",04/01/2018 05:10:00 PM,UNABLE TO DETERMINE,NOT APPLICABLE,5115,N,KIMBALL AVE,1713.0,,,,,,,3,NO INDICATION OF INJURY,0.0,0.0,0.0,0.0,0.0,1.0,0.0,17,1,4,41.9743991364,-87.713384337,POINT (-87.713384337015 41.974399136379)
dbfd33dc7a6f03cb8bdb44d62b2f4218c184a2fa48e7ff7cf2663b2e1c67e421cd483003aef2ada04dbcff46854c2bd08325bd9793beec09091eab4bdc0436b9,JF281400,,06/15/2022 11:30:00 PM,30,TRAFFIC SIGNAL,FUNCTIONING IMPROPERLY,CLEAR,"DARKNESS, LIGHTED ROAD",REAR END,FOUR WAY,,STRAIGHT AND LEVEL,DRY,UNKNOWN,NOT ON SCENE (DESK REPORT),NO INJURY / DRIVE AWAY,N,,Y,"OVER $1,500",06/16/2022 12:20:00 AM,DISREGARDING TRAFFIC SIGNALS,UNABLE TO DETERMINE,1782,S,DAMEN AVE,1234.0,,,,,,,2,NO INDICATION OF INJURY,0.0,0.0,0.0,0.0,0.0,2.0,0.0,23,4,6,41.8577059089,-87.67614266,POINT (-87.676142659962 41.857705908887)
2bfad7d9d7d9a1bc9d11235b1d6939a2853f87ec4e57a5a163a98dfcd27e4a639b308b8f6e68d40d2c6c4ae78b3127a12c968a473a69f2014f7c7bc1ea235018,JB567776,,12/26/2018 01:16:00 PM,10,NO CONTROLS,NO CONTROLS,CLEAR,DAYLIGHT,ANGLE,PARKING LOT,,STRAIGHT AND LEVEL,DRY,NO DEFECTS,ON SCENE,NO INJURY / DRIVE AWAY,,,,"$501 - $1,500",12/26/2018 01:16:00 PM,UNABLE TO DETERMINE,NOT APPLICABLE,3033,S,HALSTED ST,914.0,,,,,,,2,NO INDICATION OF INJURY,0.0,0.0,0.0,0.0,0.0,2.0,0.0,13,4,12,41.8388723304,-87.6461509665,POINT (-87.646150966469 41.838872330415)
e55dc3edf1249d35421346feae0ddd53bbfd1dbcacb87f81716993d42b2931e7f104674f550090206fe6b78d98b530a20e79b7291eb6c11f12b921ea02fd03bf,JA491681,Y,10/27/2017 05:30:00 PM,25,NO CONTROLS,NO CONTROLS,CLEAR,DARKNESS,REAR END,NOT DIVIDED,1.0,STRAIGHT AND LEVEL,DRY,NO DEFECTS,NOT ON SCENE (DESK REPORT),NO INJURY / DRIVE AWAY,,,,"OVER $1,500",10/30/2017 11:45:00 AM,UNABLE TO DETERMINE,UNABLE TO DETERMINE,2418,N,OAK PARK AVE,2512.0,,,,,,,2,NO INDICATION OF INJURY,0.0,0.0,0.0,0.0,0.0,2.0,0.0,17,6,10,41.924195089,-87.7954083001,POINT (-87.795408300129 41.924195088954)
b0b782df7b9333f7b844f6d14ff3306c4e098e557ccf2c20c6229d80f3f0c2ce7d86ea463ed20c70c57ed47025dee7dcb4ca945273e4791b64e723f2440dea97,JE127365,,01/30/2021 09:19:00 AM,45,TRAFFIC SIGNAL,FUNCTIONING PROPERLY,CLEAR,DAYLIGHT,ANGLE,FOUR WAY,,STRAIGHT AND LEVEL,DRY,NO DEFECTS,ON SCENE,INJURY AND / OR TOW DUE TO CRASH,Y,,,"OVER $1,500",01/30/2021 09:22:00 AM,DISREGARDING TRAFFIC SIGNALS,NOT APPLICABLE,1332,S,LAKE SHORE DR E,132.0,,,,,,,2,NONINCAPACITATING INJURY,1.0,0.0,0.0,1.0,0.0,4.0,0.0,9,7,1,41.8650074212,-87.6191422216,POINT (-87.619142221624 41.865007421246)
6cb5250f12166269f7b1d1084c2b91b72f5e462e7d389098fe732621e095ba8a31ef22f7e123edd2a5d426f169ec334d7dcefe9adc0b453fb6c1bfeb27eb4337,JD280472,Y,06/29/2020 06:45:00 PM,35,NO CONTROLS,NO CONTROLS,RAIN,DAYLIGHT,PARKED MOTOR VEHICLE,DIVIDED - W/MEDIAN BARRIER,,STRAIGHT AND LEVEL,WET,NO DEFECTS,ON SCENE,NO INJURY / DRIVE AWAY,,,Y,"OVER $1,500",06/29/2020 06:50:00 PM,UNABLE TO DETERMINE,UNABLE TO DETERMINE,1440,S,INDIANA AVE,132.0,,,,,,,2,NO INDICATION OF INJURY,0.0,0.0,0.0,0.0,0.0,1.0,0.0,18,2,6,41.8629791047,-87.6225950315,POINT (-87.622595031474 41.862979104724)
8ec70e1cdd91df5fc42b20ad59f1d129a15fb1d2913aa194663ceed116954d440ea91f01256e664a7940ad7b94b2fc7b29815588a4b4d65960e41b6a793a85fd,JB245092,,05/01/2018 10:20:00 AM,30,TRAFFIC SIGNAL,FUNCTIONING PROPERLY,CLEAR,DAYLIGHT,SIDESWIPE SAME DIRECTION,NOT DIVIDED,,STRAIGHT AND LEVEL,DRY,NO DEFECTS,ON SCENE,NO INJURY / DRIVE AWAY,N,,,"OVER $1,500",05/01/2018 10:30:00 AM,FOLLOWING TOO CLOSELY,NOT APPLICABLE,1650,N,CLARK ST,1814.0,,,,,,,2,NO INDICATION OF INJURY,0.0,0.0,0.0,0.0,0.0,2.0,0.0,10,3,5,41.9125888864,-87.6326578413,POINT (-87.632657841269 41.912588886425)
bf32a9896f87753a207498c7930acf3ec3dfe1b2777275b23d291dc4784b2c82dbc2817bcbc96c50b558efbdb318f75eb429aeff277eb5a49a1711f574ede037,JD290656,Y,07/07/2020 06:30:00 AM,15,UNKNOWN,UNKNOWN,CLEAR,"DARKNESS, LIGHTED ROAD",PARKED MOTOR VEHICLE,PARKING LOT,,STRAIGHT AND LEVEL,UNKNOWN,UNKNOWN,NOT ON SCENE (DESK REPORT),NO INJURY / DRIVE AWAY,,Y,Y,$500 OR LESS,07/08/2020 05:00:00 PM,UNABLE TO DETERMINE,NOT APPLICABLE,5060,W,VAN BUREN ST,1533.0,,,,,,,2,NO INDICATION OF INJURY,0.0,0.0,0.0,0.0,0.0,1.0,0.0,6,3,7,41.874998277,-87.7517022819,POINT (-87.751702281856 41.874998277016)
a6b067e940e43bb411c4b01b53d3f5ccf12f3a8290df6b957a295a88908384eee51f085b007288b12a2cf5c5455fa98f686f85bb80593159ad75ad2712c599d9,JF448861,,10/25/2022 01:08:00 PM,30,TRAFFIC SIGNAL,FUNCTIONING PROPERLY,RAIN,DAYLIGHT,REAR END,NOT DIVIDED,,STRAIGHT AND LEVEL,WET,NO DEFECTS,NOT ON SCENE (DESK REPORT),NO INJURY / DRIVE AWAY,,,Y,"OVER $1,500",10/25/2022 02:10:00 PM,FOLLOWING TOO CLOSELY,UNABLE TO DETERMINE,3904,S,WALLACE ST,925.0,,,,,,,2,NO INDICATION OF INJURY,0.0,0.0,0.0,0.0,0.0,2.0,0.0,13,3,10,41.8233213683,-87.6412058924,POINT (-87.64120589238 41.823321368265)
b9b8e35866547f51664e423e08f2faf9d2f6a6825e20dad14234e742e7b5a53d8879d9aaf4cd5262b8431d0e2c6fc03d802ce25bab0a9611a6556d36c6c8f537,JE185163,,03/30/2021 04:08:00 PM,30,NO CONTROLS,NO CONTROLS,CLEAR,DAYLIGHT,PARKED MOTOR VEHICLE,ONE-WAY,,STRAIGHT AND LEVEL,DRY,NO DEFECTS,NOT ON SCENE (DESK REPORT),NO INJURY / DRIVE AWAY,,,,"OVER $1,500",03/31/2021 11:30:00 AM,FAILING TO YIELD RIGHT-OF-WAY,FAILING TO YIELD RIGHT-OF-WAY,2432,W,63RD ST,825.0,,,,,,,2,NO INDICATION OF INJURY,0.0,0.0,0.0,0.0,0.0,1.0,0.0,16,3,3,41.7793493631,-87.6849272891,POINT (-87.684927289078 41.779349363084)
808c80601f03bee72208e4d482196ffcde909ad2998003001d3baa14e11d6c6eb028293a5311cfd0b90e5c56a85906000704b2d71b4ddf2a8070284690e36d49,JE104757,Y,01/06/2021 09:00:00 AM,10,UNKNOWN,UNKNOWN,CLEAR,DAYLIGHT,TURNING,DIVIDED - W/MEDIAN (NOT RAISED),,STRAIGHT AND LEVEL,WET,UNKNOWN,ON SCENE,INJURY AND / OR TOW DUE TO CRASH,Y,,,"$501 - $1,500",01/06/2021 09:36:00 AM,UNABLE TO DETERMINE,UNABLE TO DETERMINE,800,E,79TH ST,624.0,,,,,,,2,NONINCAPACITATING INJURY,2.0,0.0,0.0,1.0,1.0,0.0,0.0,9,4,1,41.7513967014,-87.6051546581,POINT (-87.605154658072 41.751396701356)
16bd49bcc9a5a19b54aaca01b83af1c31b6d2cb1e62345131f5ad8f49653cc83dba384253e279661a3b6c5a228c77e5c76d603fe3782fdf6b780dfdbdc3b255b,JG260136,,05/14/2023 10:45:00 AM,25,NO CONTROLS,NO CONTROLS,CLOUDY/OVERCAST,DAYLIGHT,SIDESWIPE SAME DIRECTION,NOT DIVIDED,,STRAIGHT AND LEVEL,DRY,NO DEFECTS,NOT ON SCENE (DESK REPORT),NO INJURY / DRIVE AWAY,,,,"OVER $1,500",05/14/2023 10:55:00 AM,IMPROPER LANE USAGE,UNABLE TO DETERMINE,1222,N,CLYBOURN AVE,1821.0,,,,,,,2,NO INDICATION OF INJURY,0.0,0.0,0.0,0.0,0.0,3.0,0.0,10,1,5,41.9042347297,-87.6404261564,POINT (-87.640426156418 41.904234729692)
8d035cc50345a3ed650a013bb07012593b9de5e4921305335c585b4e969580dd7e7e0cb1db055a609fab4c012bbe25a8dfe837898bfab52eef6da40d32f88768,JB194051,,03/16/2018 12:00:00 AM,30,NO CONTROLS,NO CONTROLS,CLEAR,DARKNESS,PARKED MOTOR VEHICLE,ONE-WAY,,STRAIGHT AND LEVEL,DRY,NO DEFECTS,,NO INJURY / DRIVE AWAY,,,Y,"OVER $1,500",03/21/2018 11:30:00 AM,FAILING TO REDUCE SPEED TO AVOID CRASH,UNABLE TO DETERMINE,7954,S,LAFLIN ST,612.0,,,,,,,2,NO INDICATION OF INJURY,0.0,0.0,0.0,0.0,0.0,1.0,0.0,0,6,3,41.7487449533,-87.6611189066,POINT (-87.661118906566 41.748744953338)
656be97d8e96c1acff658f5b0ae9223f5959c591606c11ea07ea933172cbc5370b355822860b51360a690e64a46c6b8b1422730827a1b38dfc81024c6c37985e,JA529998,,11/29/2017 04:24:00 PM,30,NO CONTROLS,NO CONTROLS,CLEAR,DAYLIGHT,PARKED MOTOR VEHICLE,ONE-WAY,,STRAIGHT AND LEVEL,DRY,NO DEFECTS,ON SCENE,NO INJURY / DRIVE AWAY,,,,"OVER $1,500",11/29/2017 04:24:00 PM,UNABLE TO DETERMINE,UNABLE TO DETERMINE,3315,W,15TH ST,1021.0,,,,,,,2,NO INDICATION OF INJURY,0.0,0.0,0.0,0.0,0.0,1.0,0.0,16,4,11,41.8607753298,-87.7086465176,POINT (-87.708646517627 41.860775329801)
6520d19c610e7a8de36ea6672fb1e493e5120313fb217cb23d5ca8cc480aed2f4934a6d99edd815403892b87eb5c2b2c6ca3f784ce638263fcf6617f0777082c,JA524325,,11/25/2017 02:40:00 AM,30,STOP SIGN/FLASHER,FUNCTIONING PROPERLY,CLEAR,"DARKNESS, LIGHTED ROAD",FIXED OBJECT,NOT DIVIDED,2.0,STRAIGHT AND LEVEL,DRY,NO DEFECTS,ON SCENE,NO INJURY / DRIVE AWAY,Y,,,$500 OR LESS,11/25/2017 02:40:00 AM,FAILING TO REDUCE SPEED TO AVOID CRASH,NOT APPLICABLE,8200,S,GREEN ST,613.0,,,,,,,1,NO INDICATION OF INJURY,0.0,0.0,0.0,0.0,0.0,1.0,0.0,2,7,11,41.7450648923,-87.645241848,POINT (-87.645241847951 41.745064892343)
efaaf65f11e4f31f789d80c489b566c0f3cf8f15e3dd0a74dbeec0beda8f7ffc7197fa8e1fe90b2f815dd327c86895defde96098e8f782f6d80cffcf328f7813,JC442229,,09/21/2019 04:23:00 AM,35,NO CONTROLS,NO CONTROLS,CLEAR,"DARKNESS, LIGHTED ROAD",PARKED MOTOR VEHICLE,NOT DIVIDED,,STRAIGHT AND LEVEL,DRY,NO DEFECTS,ON SCENE,INJURY AND / OR TOW DUE TO CRASH,,,,"OVER $1,500",09/21/2019 04:33:00 AM,FAILING TO REDUCE SPEED TO AVOID CRASH,UNABLE TO DETERMINE,3249,W,55TH ST,822.0,,,,,,,2,NO INDICATION OF INJURY,0.0,0.0,0.0,0.0,0.0,1.0,0.0,4,7,9,41.7933748749,-87.7055173504,POINT (-87.705517350362 41.793374874864)
e9c5b0004773e3e5147da1661abdf9fb25c0873b0eedaca22905a02e4b8103783c3dda6d7c448014cddad756774adeb59306b3196a0eb1836b0df35200e036da,JB552671,,12/14/2018 08:40:00 AM,35,TRAFFIC SIGNAL,FUNCTIONING PROPERLY,CLOUDY/OVERCAST,DAYLIGHT,ANGLE,NOT DIVIDED,2.0,STRAIGHT AND LEVEL,WET,NO DEFECTS,ON SCENE,INJURY AND / OR TOW DUE TO CRASH,Y,,,"OVER $1,500",12/14/2018 08:45:00 AM,DISREGARDING TRAFFIC SIGNALS,FAILING TO YIELD RIGHT-OF-WAY,2000,E,67TH ST,331.0,Y,Y,,,,,4,INCAPACITATING INJURY,2.0,0.0,1.0,1.0,0.0,3.0,0.0,8,6,12,41.7735658508,-87.5764281769,POINT (-87.576428176891 41.773565850805)
5149f746c9c02c1acb2ba8884b0eca0bb1ef74ef14de308a9065755ed8a586bac04074a4f8a0aa9b51d791b50940f5a6377a4198e1f17745e778d60af6053f2e,JA272812,,05/21/2017 05:25:00 AM,30,TRAFFIC SIGNAL,FUNCTIONING PROPERLY,RAIN,DAWN,FIXED OBJECT,NOT DIVIDED,2.0,STRAIGHT ON GRADE,WET,NO DEFECTS,NOT ON SCENE (DESK REPORT),NO INJURY / DRIVE AWAY,,,,$500 OR LESS,05/21/2017 06:23:00 AM,WEATHER,UNABLE TO DETERMINE,1600,W,LAKE ST,1215.0,,,,,,,1,NO INDICATION OF INJURY,0.0,0.0,0.0,0.0,0.0,1.0,0.0,5,1,5,41.8854349861,-87.6670880553,POINT (-87.667088055261 41.885434986143)
4f3753820953bb95854d7adaaf9fb771c7e8cb50ca3f059b48c9d121610c0e9079770480454526566b9b3e18d511ebaac6b136099faea85b82fb512610af7f5c,JC342645,,07/10/2019 12:20:00 PM,30,NO CONTROLS,NO CONTROLS,CLEAR,DAYLIGHT,TURNING,NOT DIVIDED,,STRAIGHT ON GRADE,DRY,NO DEFECTS,NOT ON SCENE (DESK REPORT),NO INJURY / DRIVE AWAY,Y,,,"OVER $1,500",07/10/2019 12:30:00 PM,FAILING TO YIELD RIGHT-OF-WAY,NOT APPLICABLE,6200,S,KEDZIE AVE,823.0,,,,,,,2,NO INDICATION OF INJURY,0.0,0.0,0.0,0.0,0.0,3.0,0.0,12,4,7,41.7807478543,-87.7033329372,POINT (-87.703332937155 41.78074785433)
4a24801b19e499aa44a50196208169f497a52b82f20a9f9343321397d725937a99a75449858170fb13011aa118ea9a98b10fe888e7770e498d885927f8bc5bf1,JG179466,,03/09/2023 12:31:00 PM,30,STOP SIGN/FLASHER,FUNCTIONING PROPERLY,CLEAR,DAYLIGHT,ANGLE,T-INTERSECTION,,STRAIGHT AND LEVEL,DRY,NO DEFECTS,ON SCENE,INJURY AND / OR TOW DUE TO CRASH,Y,,,"OVER $1,500",03/09/2023 12:32:00 PM,DRIVING SKILLS/KNOWLEDGE/EXPERIENCE,NOT APPLICABLE,3698,N,HARLEM AVE,1631.0,,,,,,,2,NO INDICATION OF INJURY,0.0,0.0,0.0,0.0,0.0,2.0,0.0,12,5,3,41.946704847,-87.8072030008,POINT (-87.807203000809 41.946704846975)
7c4978a515e3c8775b35328a1a0360f2ce802f0f136722f97244a5c452e6adfb90b528755ba04135c5010fd8396f869e4b98d38e7237cc344cba74b0fc119404,HZ561966,,12/22/2016 03:00:00 PM,30,TRAFFIC SIGNAL,FUNCTIONING IMPROPERLY,CLEAR,DAYLIGHT,REAR END,DIVIDED - W/MEDIAN (NOT RAISED),,STRAIGHT AND LEVEL,DRY,NO DEFECTS,NOT ON SCENE (DESK REPORT),NO INJURY / DRIVE AWAY,,,Y,"OVER $1,500",12/22/2016 08:30:00 PM,FOLLOWING TOO CLOSELY,WEATHER,6900,S,DAMEN AVE,735.0,,,,,,,2,NO INDICATION OF INJURY,0.0,0.0,0.0,0.0,0.0,2.0,0.0,15,5,12,41.7683929797,-87.6737700561,POINT (-87.673770056146 41.768392979654)
6778ff0a2c6f22ee5472e6a3dddb8ca0ddd461ee73b86ff858ed5e0754d5181ac3373b4ff05512ad372054db660cce40be20e87d33c4b435cdc3c8621014fe44,JD293775,,07/08/2020 06:00:00 PM,30,NO CONTROLS,NO CONTROLS,CLEAR,DAYLIGHT,PARKED MOTOR VEHICLE,NOT DIVIDED,,STRAIGHT AND LEVEL,DRY,NO DEFECTS,NOT ON SCENE (DESK REPORT),NO INJURY / DRIVE AWAY,,,Y,"OVER $1,500",07/11/2020 11:52:00 AM,UNABLE TO DETERMINE,UNABLE TO DETERMINE,2918,W,FIFTH AVE,1124.0,,,,,,,2,NO INDICATION OF INJURY,0.0,0.0,0.0,0.0,0.0,1.0,0.0,18,4,7,41.8802894238,-87.6995369017,POINT (-87.699536901722 41.880289423837)
ab1ff548d0dea82fc0a7ecfb05036ecd11ee1bbb1434b8bd8635c4bf8153232931e9afc140d6795bc72daf5769312814f74f2a23ef5b2c3cf7a4f47af288b356,JF241391,,05/13/2022 10:07:00 PM,30,NO CONTROLS,NO CONTROLS,CLEAR,DUSK,REAR END,NOT DIVIDED,,STRAIGHT AND LEVEL,DRY,NO DEFECTS,ON SCENE,INJURY AND / OR TOW DUE TO CRASH,,,,"OVER $1,500",05/13/2022 10:30:00 PM,UNABLE TO DETERMINE,FAILING TO REDUCE SPEED TO AVOID CRASH,3647,W,ARMITAGE AVE,2535.0,,,,,,,2,NO INDICATION OF INJURY,0.0,0.0,0.0,0.0,0.0,2.0,0.0,22,6,5,41.9171496967,-87.7186829455,POINT (-87.718682945525 41.917149696669)
cf0365ccb71c67d7e9c3ab141326518ac13bf975c36b89c4e488987c4dbb798737fd28341f0ae19c1dad681f814cf9e607e819c3dcc3de54d6f79c9480392e9b,JB292269,,05/20/2018 01:00:00 AM,35,NO CONTROLS,NO CONTROLS,CLEAR,"DARKNESS, LIGHTED ROAD",OTHER NONCOLLISION,NOT DIVIDED,1.0,"CURVE, LEVEL",DRY,OTHER,NOT ON SCENE (DESK REPORT),NO INJURY / DRIVE AWAY,,,,"OVER $1,500",06/04/2018 10:50:00 AM,UNABLE TO DETERMINE,UNABLE TO DETERMINE,1029,W,SHERIDAN RD,2433.0,,,,,,,1,NO INDICATION OF INJURY,0.0,0.0,0.0,0.0,0.0,1.0,0.0,1,1,5,41.9981199465,-87.6568946799,POINT (-87.656894679874 41.998119946547)
781595355d1f2301d24264530a9c1d5dcfd657c360854e787ff45d978788f9dc0313fdac352198398b3558f6f78bfcfa4dd1b4109cdb51a5632f26c811be0d18,JF188162,,03/27/2022 12:08:00 PM,35,TRAFFIC SIGNAL,FUNCTIONING PROPERLY,CLEAR,DAYLIGHT,SIDESWIPE SAME DIRECTION,NOT DIVIDED,,STRAIGHT AND LEVEL,DRY,NO DEFECTS,ON SCENE,NO INJURY / DRIVE AWAY,,,Y,"OVER $1,500",03/27/2022 12:17:00 PM,IMPROPER LANE USAGE,NOT APPLICABLE,1900,S,ASHLAND AVE,1234.0,,,,,,,2,NO INDICATION OF INJURY,0.0,0.0,0.0,0.0,0.0,2.0,0.0,12,1,3,41.8559248428,-87.6662398305,POINT (-87.666239830496 41.855924842836)
0f0fefec0b1cdede9cc9a8bc39614ec8c947c99870978b8dfa17f54c5bf262c7507662045d88fbaa1989600ef9db101199ddfa3405de83a833fe1a0ae40b82e6,JC542790,,12/11/2019 10:26:00 AM,30,NO CONTROLS,NO CONTROLS,CLEAR,DAYLIGHT,SIDESWIPE SAME DIRECTION,DIVIDED - W/MEDIAN (NOT RAISED),,STRAIGHT AND LEVEL,DRY,NO DEFECTS,ON SCENE,NO INJURY / DRIVE AWAY,,,,"OVER $1,500",12/11/2019 10:26:00 AM,UNABLE TO DETERMINE,UNABLE TO DETERMINE,5842,W,BRYN MAWR AVE,1622.0,,,,,,,2,NO INDICATION OF INJURY,0.0,0.0,0.0,0.0,0.0,2.0,0.0,10,4,12,41.9830261951,-87.7749027347,POINT (-87.77490273471 41.983026195059)
49c0057500e21ff5baceefe26ac86e6cedc6c0d6f0cb28adf75aa1e3b9c46c9a8daf151c36a7333766a18f9e2dbd1d4997ee66423ae9711a190e27e7bc3dbdce,JF496071,,12/02/2022 09:45:00 PM,30,NO CONTROLS,NO CONTROLS,CLEAR,"DARKNESS, LIGHTED ROAD",REAR TO SIDE,PARKING LOT,,STRAIGHT AND LEVEL,DRY,NO DEFECTS,NOT ON SCENE (DESK REPORT),NO INJURY / DRIVE AWAY,,Y,,"OVER $1,500",12/02/2022 10:30:00 PM,IMPROPER BACKING,IMPROPER BACKING,2400,N,CANNON DR,1935.0,,,,,,,2,NO INDICATION OF INJURY,0.0,0.0,0.0,0.0,0.0,6.0,0.0,21,6,12,41.9258069317,-87.6338196492,POINT (-87.633819649202 41.925806931737)
887257dbfaf5173d24b9a49c5adfe1bf8acd3c101794826c7125ae267eee2842a228988088abcfff5b5afaba07b9449a268b75a92a025de110713ae8735e6c60,JA143350,,02/06/2017 09:00:00 AM,30,STOP SIGN/FLASHER,FUNCTIONING PROPERLY,CLEAR,DAYLIGHT,ANGLE,DIVIDED - W/MEDIAN (NOT RAISED),2.0,STRAIGHT AND LEVEL,DRY,NO DEFECTS,NOT ON SCENE (DESK REPORT),NO INJURY / DRIVE AWAY,,,,"$501 - $1,500",02/06/2017 09:25:00 AM,DRIVING SKILLS/KNOWLEDGE/EXPERIENCE,UNABLE TO DETERMINE,3800,W,MARQUETTE RD,833.0,,,,,,,2,NO INDICATION OF INJURY,0.0,0.0,0.0,0.0,0.0,2.0,0.0,9,2,2,41.7715577567,-87.7177986964,POINT (-87.717798696372 41.771557756749)
124d3cda8942e62934ec5564284be2e538d1e34ccf75a065d94d9bb510848fea93705f4f4cd47dbcf01cecca67c43f4c95d37c70cc85962192be5bbc1290ec6d,JD176446,,03/06/2020 04:40:00 PM,25,NO CONTROLS,NO CONTROLS,CLEAR,DAYLIGHT,SIDESWIPE SAME DIRECTION,NOT DIVIDED,,STRAIGHT AND LEVEL,DRY,NO DEFECTS,ON SCENE,NO INJURY / DRIVE AWAY,N,,,"$501 - $1,500",03/06/2020 04:53:00 PM,UNABLE TO DETERMINE,UNABLE TO DETERMINE,2750,S,ARCHER AVE,913.0,,,,,,,2,NO INDICATION OF INJURY,0.0,0.0,0.0,0.0,0.0,4.0,0.0,16,6,3,41.8438526885,-87.6536568857,POINT (-87.653656885654 41.843852688496)
bf683fe0d3b03a9144fedaad987e8e391608985f2158ce51926184b5ba76494170acf058357af36d0a48ba045b7122a5dad6e34a03f51e8cca03787d1f1510f4,JF263431,,06/01/2022 09:40:00 AM,30,TRAFFIC SIGNAL,FUNCTIONING PROPERLY,CLEAR,DAYLIGHT,SIDESWIPE SAME DIRECTION,NOT DIVIDED,,STRAIGHT AND LEVEL,DRY,WORN SURFACE,ON SCENE,NO INJURY / DRIVE AWAY,,,,"OVER $1,500",06/01/2022 09:43:00 AM,DISTRACTION - FROM OUTSIDE VEHICLE,NOT APPLICABLE,1229,W,79TH ST,612.0,,,,,,,2,NO INDICATION OF INJURY,0.0,0.0,0.0,0.0,0.0,4.0,0.0,9,4,6,41.75037128,-87.6548889062,POINT (-87.654888906164 41.75037128002)
79dc00a5c123a18b1d68a41e56dd53b4341b935806e112397429dc79885e68309c2739e0683c0cf72a5661d2d64beeeb891d54ea39cd448517aa628d93c4e214,JB517297,,11/15/2018 04:15:00 PM,35,NO CONTROLS,NO CONTROLS,SNOW,DAYLIGHT,REAR END,DIVIDED - W/MEDIAN BARRIER,4.0,STRAIGHT AND LEVEL,WET,NO DEFECTS,NOT ON SCENE (DESK REPORT),NO INJURY / DRIVE AWAY,,,,"$501 - $1,500",11/15/2018 06:15:00 PM,FOLLOWING TOO CLOSELY,NOT APPLICABLE,1400,E,47TH DR,222.0,,,,,,,2,NO INDICATION OF INJURY,0.0,0.0,0.0,0.0,0.0,2.0,0.0,16,5,11,41.8097954827,-87.5923738666,POINT (-87.592373866633 41.809795482717)
66061e446fd72c7ec0c6d05b01723dfcf30e8a936d7cb4e1d4080eedfddbad38ed51b3cc3398a02c9ea50fae38b19f1bf32ac6fa7535785e32151fe74904b4fc,HZ114044,,01/13/2016 12:15:00 PM,30,TRAFFIC SIGNAL,FUNCTIONING PROPERLY,CLEAR,DAYLIGHT,SIDESWIPE SAME DIRECTION,NOT DIVIDED,4.0,STRAIGHT AND LEVEL,ICE,NO DEFECTS,NOT ON SCENE (DESK REPORT),NO INJURY / DRIVE AWAY,,,,$500 OR LESS,01/13/2016 12:40:00 PM,UNABLE TO DETERMINE,NOT APPLICABLE,7900,S,COTTAGE GROVE AVE,624.0,,,,,,,2,NO INDICATION OF INJURY,0.0,0.0,0.0,0.0,0.0,2.0,0.0,12,4,1,41.7511943382,-87.6053673263,POINT (-87.60536732633 41.751194338222)