CRASH_RECORD_ID,RD_NO,CRASH_DATE_EST_I,CRASH_DATE,POSTED_SPEED_LIMIT,TRAFFIC_CONTROL_DEVICE,DEVICE_CONDITION,WEATHER_CONDITION,LIGHTING_CONDITION,FIRST_CRASH_TYPE,TRAFFICWAY_TYPE,LANE_CNT,ALIGNMENT,ROADWAY_SURFACE_COND,ROAD_DEFECT,REPORT_TYPE,CRASH_TYPE,INTERSECTION_RELATED_I,NOT_RIGHT_OF_WAY_I,HIT_AND_RUN_I,DAMAGE,DATE_POLICE_NOTIFIED,PRIM_CONTRIBUTORY_CAUSE,SEC_CONTRIBUTORY_CAUSE,STREET_NO,STREET_DIRECTION,STREET_NAME,BEAT_OF_OCCURRENCE,PHOTOS_TAKEN_I,STATEMENTS_TAKEN_I,DOORING_I,WORK_ZONE_I,WORK_ZONE_TYPE,WORKERS_PRESENT_I,NUM_UNITS,MOST_SEVERE_INJURY,INJURIES_TOTAL,INJURIES_FATAL,INJURIES_INCAPACITATING,INJURIES_NON_INCAPACITATING,INJURIES_REPORTED_NOT_EVIDENT,INJURIES_NO_INDICATION,INJURIES_UNKNOWN,CRASH_HOUR,CRASH_DAY_OF_WEEK,CRASH_MONTH,LATITUDE,LONGITUDE,LOCATION
a4d317439a914139fb1ed721ae4a9121ce1a0bb351f1af49d2b5cdf1ee603c223061d306e9fe5ac789b86acbe181a06b228a251f4545a1014f7682c7ad1f2e2d,JC382678,,08/06/2019 02:00:00 PM,10,NO CONTROLS,NO CONTROLS,UNKNOWN,DAYLIGHT,PARKED MOTOR VEHICLE,PARKING LOT,,STRAIGHT AND LEVEL,UNKNOWN,UNKNOWN,NOT ON SCENE (DESK REPORT),NO INJURY / DRIVE AWAY,,Y,Y,"OVER $1,500",08/07/2019 03:15:00 PM,UNABLE TO DETERMINE,UNABLE TO DETERMINE,7900,S,DOBSON AVE,624.0,,,,,,,2,NO INDICATION OF INJURY,0.0,0.0,0.0,0.0,0.0,1.0,0.0,14,3,8,41.7512576624,-87.5992670818,POINT (-87.599267081833 41.75125766243)
36d5500c9ed08aadef6f41ce3ee4cc9375c52b51975d044caf9e59d1d60beb50e816dd60c9b7756f4a886f0169af52c97cd3b3792b4475d838e0749f5cb43f03,JF447343,,10/24/2022 09:48:00 AM,15,NO CONTROLS,NO CONTROLS,CLEAR,DAYLIGHT,FIXED OBJECT,PARKING LOT,,STRAIGHT AND LEVEL,DRY,NO DEFECTS,NOT ON SCENE (DESK REPORT),NO INJURY / DRIVE AWAY,,,N,"$501 - $1,500",10/24/2022 01:14:00 PM,UNABLE TO DETERMINE,UNABLE TO DETERMINE,1040,W,95TH ST,2223.0,,,,,,,3,NO INDICATION OF INJURY,0.0,0.0,0.0,0.0,0.0,2.0,0.0,9,2,10,41.7214892448,-87.649696606,POINT (-87.649696606023 41.72148924475)
39ed0508476b72243fda7d506991f172e575a748a5c4ca4413dcbed49c229f618d13a0e5b4e3b36c80e54abd10ab5d93052a37b76dff3d77a8d9da4c0d60698c,JD112950,,01/12/2020 12:30:00 AM,30,NO CONTROLS,NO CONTROLS,SNOW,"DARKNESS, LIGHTED ROAD",PARKED MOTOR VEHICLE,NOT DIVIDED,,STRAIGHT AND LEVEL,SNOW OR SLUSH,UNKNOWN,ON SCENE,NO INJURY / DRIVE AWAY,,,Y,"OVER $1,500",01/12/2020 10:42:00 AM,UNABLE TO DETERMINE,UNABLE TO DETERMINE,6949,W,WELLINGTON AVE,2511.0,,,,,,,2,NO INDICATION OF INJURY,0.0,0.0,0.0,0.0,0.0,1.0,0.0,0,1,1,41.9343529323,-87.7999975405,POINT (-87.799997540489 41.934352932316)
56c8f02cba2ef9244a1f693385f40759c452a403e72cf49f90ce4bf12a73e48c2b2fb6ddc90d28069567eb803d1e88c8f54d89e0e801d1b29b33c928cdf35bfc,JA327061,,06/29/2017 07:25:00 AM,30,TRAFFIC SIGNAL,FUNCTIONING PROPERLY,CLEAR,DAYLIGHT,REAR END,ONE-WAY,2.0,STRAIGHT AND LEVEL,DRY,NO DEFECTS,NOT ON SCENE (DESK REPORT),NO INJURY / DRIVE AWAY,,,Y,"OVER $1,500",06/29/2017 07:40:00 AM,FOLLOWING TOO CLOSELY,UNABLE TO DETERMINE,801,W,98TH PL,2223.0,,,,,,,2,NO INDICATION OF INJURY,0.0,0.0,0.0,0.0,0.0,2.0,0.0,7,5,6,41.7150017936,-87.6430966025,POINT (-87.6430966025 41.715001793557)
253a5b9d53774aeea59196e733acf212582a6360ac42623e9f7ddee3e8d9bd2704cc6685aeaa9057d31c77edb820e847ac5af87b6d4fb0912f655b38c3c6d836,JE428538,,10/31/2021 02:15:00 AM,30,TRAFFIC SIGNAL,FUNCTIONING PROPERLY,CLEAR,"DARKNESS, LIGHTED ROAD",REAR END,NOT DIVIDED,,STRAIGHT AND LEVEL,DRY,UNKNOWN,ON SCENE,NO INJURY / DRIVE AWAY,,,,"OVER $1,500",10/31/2021 02:15:00 AM,FAILING TO REDUCE SPEED TO AVOID CRASH,UNABLE TO DETERMINE,4803,W,MADISON ST,1533.0,,,,,,,2,NO INDICATION OF INJURY,0.0,0.0,0.0,0.0,0.0,4.0,0.0,2,1,10,41.8803858044,-87.7454707432,POINT (-87.745470743241 41.880385804378)
435a251566de351ed095daa3cdd73372b473488852a38e6207226f56f604b7f6e3416fa2ee9715b45b0bc2fdaebba219889bace1d6d7a5f28cbcadf24a397058,JG403873,,08/30/2023 01:00:00 PM,25,NO CONTROLS,NO CONTROLS,CLEAR,DAYLIGHT,OTHER OBJECT,OTHER,,STRAIGHT AND LEVEL,DRY,NO DEFECTS,ON SCENE,NO INJURY / DRIVE AWAY,,,,"$501 - $1,500",08/30/2023 01:10:00 PM,NOT APPLICABLE,NOT APPLICABLE,2846,E,89TH ST,423.0,,,,,,,1,NO INDICATION OF INJURY,0.0,0.0,0.0,0.0,0.0,1.0,0.0,13,4,8,41.7337954955,-87.5550120218,POINT (-87.55501202181 41.733795495497)
31ff9258fa763b8482a7036c239eac8acd76e9e5bf0593420d27ede8a5f50d2513f4977c8af422cf05abee622b7cc2bc3426ac887b7b6e5342e64cb5348e3f53,JF319404,,07/16/2022 06:00:00 AM,30,NO CONTROLS,NO CONTROLS,CLEAR,DAYLIGHT,OVERTURNED,OTHER,,STRAIGHT AND LEVEL,DRY,NO DEFECTS,ON SCENE,INJURY AND / OR TOW DUE TO CRASH,,Y,,"OVER $1,500",07/16/2022 07:00:00 AM,UNABLE TO DETERMINE,NOT APPLICABLE,5800,S,COLUMBIA DR,331.0,,,,,,,1,NO INDICATION OF INJURY,0.0,0.0,0.0,0.0,0.0,1.0,0.0,6,7,7,41.7898142635,-87.5805944625,POINT (-87.580594462535 41.78981426352)
7059b900c4a33a8c3e5a2ce682a161b20823a2dba1c748b1431f69bde7a0f9e789904d4464656932f9ceafa75466e8b399627e51acd85d30fbaff2ebf8e52c49,JC320881,,06/25/2019 08:25:00 AM,10,NO CONTROLS,NO CONTROLS,CLEAR,DAYLIGHT,PARKED MOTOR VEHICLE,PARKING LOT,,STRAIGHT AND LEVEL,DRY,NO DEFECTS,ON SCENE,NO INJURY / DRIVE AWAY,,,,"OVER $1,500",06/25/2019 08:28:00 AM,NOT APPLICABLE,NOT APPLICABLE,4320,W,FIFTH AVE,1131.0,,,,,,,2,NO INDICATION OF INJURY,0.0,0.0,0.0,0.0,0.0,1.0,0.0,8,3,6,41.8708492241,-87.7335541358,POINT (-87.733554135762 41.870849224089)
db796404031c4ba97c838c011a190e273b1cffcdd57e3c1952720cb84d135b36ee67be9754f0c68156578489ec5e252f735b7a8980fb6fc84061ddccf75f526b,JA335592,,07/05/2017 01:30:00 PM,30,NO CONTROLS,NO CONTROLS,CLEAR,DAYLIGHT,REAR END,DIVIDED - W/MEDIAN (NOT RAISED),4.0,STRAIGHT AND LEVEL,DRY,UNKNOWN,NOT ON SCENE (DESK REPORT),NO INJURY / DRIVE AWAY,,,,"OVER $1,500",07/05/2017 03:10:00 PM,FOLLOWING TOO CLOSELY,FOLLOWING TOO CLOSELY,8601,S,CICERO AVE,834.0,,,,,,,2,NO INDICATION OF INJURY,0.0,0.0,0.0,0.0,0.0,2.0,0.0,13,4,7,41.736289227,-87.7407819374,POINT (-87.740781937374 41.736289227025)
ad5e11f593f5cea84dff83c24fa6d34a0746e967a6a9ac49ef4951d18a0524debf66dfafc024e2b8ad8104e590460b536d4870413df40d7aa2c94f8853efc6b2,JG472195,,10/21/2023 12:30:00 AM,30,NO CONTROLS,NO CONTROLS,CLEAR,DARKNESS,OTHER OBJECT,ONE-WAY,,STRAIGHT AND LEVEL,DRY,NO DEFECTS,ON SCENE,NO INJURY / DRIVE AWAY,,,,"$501 - $1,500",10/21/2023 12:30:00 AM,UNDER THE INFLUENCE OF ALCOHOL/DRUGS (USE WHEN ARREST IS EFFECTED),NOT APPLICABLE,3100,N,MENARD AVE,2514.0,,,,,,,1,NO INDICATION OF INJURY,0.0,0.0,0.0,0.0,0.0,1.0,0.0,0,7,10,41.9367749263,-87.7714440379,POINT (-87.771444037869 41.936774926294)
bcbaf2cf6e607f3423de4c30246ef29ceb45272ed1850c7b966afec24a7563c4b0a4493f547ab5f064450743f7112c3983c33a459eae0553ff0057169366d3c7,JF209474,,04/16/2022 05:30:00 AM,35,TRAFFIC SIGNAL,FUNCTIONING PROPERLY,CLEAR,DAWN,TURNING,NOT DIVIDED,,STRAIGHT AND LEVEL,DRY,NO DEFECTS,ON SCENE,INJURY AND / OR TOW DUE TO CRASH,Y,,Y,"OVER $1,500",04/16/2022 05:35:00 AM,UNABLE TO DETERMINE,NOT APPLICABLE,6172,N,SHERIDAN RD,2433.0,,,,,,,2,NO INDICATION OF INJURY,0.0,0.0,0.0,0.0,0.0,2.0,0.0,5,7,4,41.9943777972,-87.6556658818,POINT (-87.655665881829 41.994377797169)
9212e63910a875b795a0c6bb692bdf4e33710223179477b0c154c1b2c07c977ba7249b629bb83c3bbe29fbe464977997df31d445ef49dc3ff6e7ddac82b2283f,HZ525114,,11/22/2016 10:15:00 AM,30,TRAFFIC SIGNAL,FUNCTIONING PROPERLY,CLEAR,DAYLIGHT,REAR END,NOT DIVIDED,2.0,STRAIGHT AND LEVEL,DRY,UNKNOWN,NOT ON SCENE (DESK REPORT),NO INJURY / DRIVE AWAY,,,,$500 OR LESS,11/22/2016 11:02:00 AM,DISTRACTION - FROM INSIDE VEHICLE,DISTRACTION - FROM INSIDE VEHICLE,7100,S,WENTWORTH AVE,731.0,Y,,,,,,2,NO INDICATION OF INJURY,0.0,0.0,0.0,0.0,0.0,3.0,0.0,10,3,11,41.7653413584,-87.6299145749,POINT (-87.629914574932 41.7653413584)
94da2c32c486f92aed2cde883329e82f6d503e461b5400f49131850b71a4dd7b749b437dedb405daa41b4ce23918376eb1e9b8e9aeb8b8559536dc042519a672,JB423768,,09/05/2018 05:20:00 PM,30,TRAFFIC SIGNAL,FUNCTIONING PROPERLY,CLEAR,DUSK,SIDESWIPE SAME DIRECTION,NOT DIVIDED,2.0,STRAIGHT AND LEVEL,UNKNOWN,UNKNOWN,NOT ON SCENE (DESK REPORT),NO INJURY / DRIVE AWAY,Y,,,"OVER $1,500",09/05/2018 07:00:00 PM,UNABLE TO DETERMINE,UNABLE TO DETERMINE,8700,S,LAFAYETTE AVE,634.0,,,,,,,2,NO INDICATION OF INJURY,0.0,0.0,0.0,0.0,0.0,2.0,0.0,17,4,9,41.7361651101,-87.625587569,POINT (-87.625587568999 41.736165110086)
04e2f7c9a38b7fb91ca835a65f06ceb63efa928b839fd5ffefac4c5dd10e5ef1a67ad82d099d06f75451af55af2930d719d8a1893b6aaf390bbe849080bead93,JG410860,,08/30/2023 01:50:00 PM,30,NO CONTROLS,NO CONTROLS,CLEAR,DAYLIGHT,REAR END,DIVIDED - W/MEDIAN BARRIER,,STRAIGHT AND LEVEL,DRY,NO DEFECTS,NOT ON SCENE (DESK REPORT),NO INJURY / DRIVE AWAY,,,,"OVER $1,500",09/04/2023 04:25:00 PM,FOLLOWING TOO CLOSELY,NOT APPLICABLE,501,S,LAKE SHORE DR SB,114.0,,,,,,,2,NO INDICATION OF INJURY,0.0,0.0,0.0,0.0,0.0,3.0,0.0,13,4,8,41.8757615077,-87.6169920862,POINT (-87.616992086175 41.875761507651)
c4b772a372902d80251bdc8560de12c74f4d39e0b808aca314d4639d85249456744b21c4c73246ae87ce51c4f0c29f79e8624a1878fef543e02aa802ea49aa28,JF415613,,09/29/2022 11:15:00 AM,30,NO CONTROLS,NO CONTROLS,CLEAR,DAYLIGHT,REAR END,NOT DIVIDED,,STRAIGHT AND LEVEL,DRY,NO DEFECTS,NOT ON SCENE (DESK REPORT),NO INJURY / DRIVE AWAY,,,,"OVER $1,500",09/29/2022 05:51:00 PM,NOT APPLICABLE,NOT APPLICABLE,301,S,LAKE SHORE DR SB,114.0,,,,,,,2,NO INDICATION OF INJURY,0.0,0.0,0.0,0.0,0.0,2.0,0.0,11,5,9,41.8783170107,-87.6170521254,POINT (-87.617052125371 41.878317010667)
5313328c2ef8fb461351d39e4127b5f342f649b8f83249865540c2a1c58c74bca6cadfbfa526b11ccf0ace90528c047d2ef8ca5d96d6185c3bc57587fb3bd030,JF194816,,04/02/2022 02:00:00 PM,30,STOP SIGN/FLASHER,FUNCTIONING PROPERLY,RAIN,DAYLIGHT,TURNING,DIVIDED - W/MEDIAN (NOT RAISED),,STRAIGHT AND LEVEL,WET,NO DEFECTS,NOT ON SCENE (DESK REPORT),NO INJURY / DRIVE AWAY,,,,"OVER $1,500",04/02/2022 02:30:00 PM,UNABLE TO DETERMINE,UNABLE TO DETERMINE,2928,N,CALIFORNIA AVE,1411.0,,,,,,,2,NO INDICATION OF INJURY,0.0,0.0,0.0,0.0,0.0,2.0,0.0,14,7,4,41.9348491998,-87.6978467184,POINT (-87.697846718372 41.934849199839)
dd38352d1aeef0351648819d773316acdd080f4793f1b4931d926523e0763ca89c1c0c993b27d9052257f3927233585c1f4297b471c01a344b59b3714a656f3c,JE207179,,04/22/2021 08:33:00 PM,30,TRAFFIC SIGNAL,FUNCTIONING PROPERLY,CLEAR,"DARKNESS, LIGHTED ROAD",TURNING,FOUR WAY,,STRAIGHT AND LEVEL,DRY,NO DEFECTS,ON SCENE,NO INJURY / DRIVE AWAY,Y,,,"OVER $1,500",04/22/2021 08:37:00 PM,DISREGARDING TRAFFIC SIGNALS,NOT APPLICABLE,4000,W,MONTROSE AVE,1722.0,,,,,,,2,NO INDICATION OF INJURY,0.0,0.0,0.0,0.0,0.0,2.0,0.0,20,5,4,41.9610558037,-87.727891206,POINT (-87.727891205983 41.961055803708)
c34c4ab9c7799533c5a7b674d9235734965fd98db30c9a0ade5e257015fa6bddc64fd7450a4d28f83efe0729d3b824a4ec6fa81b4c4e840effe574da651c4386,JA352447,,07/17/2017 10:45:00 PM,30,NO CONTROLS,NO CONTROLS,CLEAR,"DARKNESS, LIGHTED ROAD",PARKED MOTOR VEHICLE,ONE-WAY,1.0,STRAIGHT AND LEVEL,DRY,NO DEFECTS,ON SCENE,NO INJURY / DRIVE AWAY,,,,"$501 - $1,500",07/17/2017 10:45:00 PM,NOT APPLICABLE,NOT APPLICABLE,3212,W,WALNUT ST,1123.0,,,Y,,,,2,NO INDICATION OF INJURY,0.0,0.0,0.0,0.0,0.0,4.0,0.0,22,2,7,41.8854990772,-87.7067794218,POINT (-87.706779421833 41.88549907723)
59d4c93ed63b30cafc26db8eb2bd73853d3fb582240b6739c18234217352ca879d7c2c548e9afe45be21ae4a0ad76ad4a7918a9a7f26d0070bc8e7476aa840ac,JE212875,,04/28/2021 01:00:00 PM,30,TRAFFIC SIGNAL,FUNCTIONING PROPERLY,CLOUDY/OVERCAST,DAYLIGHT,TURNING,DIVIDED - W/MEDIAN (NOT RAISED),,STRAIGHT AND LEVEL,DRY,NO DEFECTS,ON SCENE,INJURY AND / OR TOW DUE TO CRASH,Y,,,"OVER $1,500",04/28/2021 01:05:00 PM,UNABLE TO DETERMINE,UNABLE TO DETERMINE,6530,W,IRVING PARK RD,1632.0,,,,,,,2,NO INDICATION OF INJURY,0.0,0.0,0.0,0.0,0.0,2.0,0.0,13,4,4,41.9529640201,-87.7902052305,POINT (-87.790205230461 41.952964020113)
8255c412f261e0136fd04de2da15ae7dbdd80402a96c4181d44fb5ec37c6ed0410fdca7412c704c749db4d7a38cc8972fc5c55aba57a3b439d585b974bef85d7,JF433210,,10/13/2022 02:00:00 PM,30,TRAFFIC SIGNAL,FUNCTIONING PROPERLY,CLEAR,DAYLIGHT,SIDESWIPE SAME DIRECTION,FOUR WAY,,STRAIGHT AND LEVEL,DRY,NO DEFECTS,NOT ON SCENE (DESK REPORT),NO INJURY / DRIVE AWAY,,,,"OVER $1,500",10/13/2022 03:24:00 PM,IMPROPER OVERTAKING/PASSING,NOT APPLICABLE,6700,S,ST LAWRENCE AVE,321.0,,,,,,,2,NO INDICATION OF INJURY,0.0,0.0,0.0,0.0,0.0,3.0,0.0,14,5,10,41.7729591024,-87.6107682923,POINT (-87.610768292292 41.772959102392)
fdb8c97b804d57910dcf4a6dc838315c6bf9f8ce082568a5dcb0a39ef1d779fc65b546da343b9734a1d29fdf9d720f99fcaf9a65f036d171533b8056ef5228e8,JE292937,,07/07/2021 03:04:00 AM,30,TRAFFIC SIGNAL,FUNCTIONING PROPERLY,CLEAR,"DARKNESS, LIGHTED ROAD",TURNING,FOUR WAY,,STRAIGHT AND LEVEL,DRY,NO DEFECTS,ON SCENE,INJURY AND / OR TOW DUE TO CRASH,,,Y,"OVER $1,500",07/07/2021 03:12:00 AM,DRIVING ON WRONG SIDE/WRONG WAY,IMPROPER LANE USAGE,2200,S,PULASKI RD,1013.0,,,,,,,2,NONINCAPACITATING INJURY,1.0,0.0,0.0,1.0,0.0,1.0,0.0,3,4,7,41.8515214423,-87.7249047867,POINT (-87.72490478675 41.851521442331)
6c022513ae818ff48ee841f1a81eb8179f2023eb8448e1c2a2faf12858de2fdfc67ffdd1151f74990d3c4d3f9a4e26a5ad492a5c8bd574185e0d4d48769a378c,HY509052,,11/20/2015 10:50:00 AM,30,NO CONTROLS,NO CONTROLS,CLEAR,DAYLIGHT,PARKED MOTOR VEHICLE,ONE-WAY,2.0,STRAIGHT AND LEVEL,DRY,NO DEFECTS,NOT ON SCENE (DESK REPORT),NO INJURY / DRIVE AWAY,,,,$500 OR LESS,11/20/2015 06:05:00 PM,DISTRACTION - FROM INSIDE VEHICLE,UNABLE TO DETERMINE,3127,W,DOUGLAS BLVD,1022.0,,,,,,,2,NO INDICATION OF INJURY,0.0,0.0,0.0,0.0,0.0,1.0,0.0,10,6,11,41.8624173339,-87.7041495126,POINT (-87.704149512611 41.862417333926)
1c1f4ac74ef119dc431cc13c65296e2efa1949652602d4b79b2bcf73410fea15aca624fc803cb5bff0d38aef9d071c5147e1fed460b0f7ef96350fd72a156450,HY517752,,11/23/2015 05:30:00 PM,30,TRAFFIC SIGNAL,FUNCTIONING PROPERLY,CLEAR,"DARKNESS, LIGHTED ROAD",FIXED OBJECT,NOT DIVIDED,2.0,STRAIGHT AND LEVEL,WET,OTHER,NOT ON SCENE (DESK REPORT),NO INJURY / DRIVE AWAY,,,,$500 OR LESS,11/28/2015 04:50:00 PM,ROAD CONSTRUCTION/MAINTENANCE,UNABLE TO DETERMINE,800,W,35TH ST,913.0,,,,Y,MAINTENANCE,,1,NO INDICATION OF INJURY,0.0,0.0,0.0,0.0,0.0,1.0,0.0,17,2,11,41.8308591972,-87.6461889219,POINT (-87.646188921916 41.830859197227)
a5a7e6c933cc31fad5627b94eca2fcc936d401127fe11311650b0b3761199e894989077a8ae87b33a1b3af6bb108fe8a4665ff5d2ed35596e01682a159ef19a4,JD151238,,02/14/2020 08:41:00 AM,30,STOP SIGN/FLASHER,FUNCTIONING PROPERLY,SNOW,DAYLIGHT,ANGLE,FOUR WAY,,STRAIGHT AND LEVEL,ICE,NO DEFECTS,,NO INJURY / DRIVE AWAY,Y,,,"OVER $1,500",02/14/2020 08:49:00 AM,DISREGARDING STOP SIGN,NOT APPLICABLE,2101,W,HARRISON ST,1225.0,,,,,,,2,NO INDICATION OF INJURY,0.0,0.0,0.0,0.0,0.0,2.0,0.0,8,6,2,41.8738926237,-87.6790204056,POINT (-87.679020405633 41.873892623675)
00483d0fa176503fa1cfeae02a21d262cd985f5ebb930ceb05f899b8a85c8b93a71d5df6f9a6b4159049421e36d1f25c922b22783301fe0032b88fe294574d39,JB572844,,12/30/2018 04:05:00 PM,30,NO CONTROLS,NO CONTROLS,CLEAR,DAYLIGHT,PARKED MOTOR VEHICLE,DIVIDED - W/MEDIAN (NOT RAISED),6.0,STRAIGHT AND LEVEL,DRY,NO DEFECTS,ON SCENE,INJURY AND / OR TOW DUE TO CRASH,,,Y,"OVER $1,500",12/30/2018 04:09:00 PM,IMPROPER BACKING,UNABLE TO DETERMINE,5925,S,PULASKI RD,822.0,,,,,,,2,NO INDICATION OF INJURY,0.0,0.0,0.0,0.0,0.0,1.0,0.0,16,1,12,41.7850764903,-87.7227906487,POINT (-87.722790648656 41.78507649032)
b6a6d4efb15003308e7f9b40a9e2d5ebca126b9f4e10f07f29907cfa635b64c097ba7e48cc2a818787f5eb7d3582bb694e608b6c5243a351585954292ec3e308,JC478619,,10/19/2019 02:55:00 PM,30,TRAFFIC SIGNAL,FUNCTIONING PROPERLY,CLEAR,DAYLIGHT,REAR END,DIVIDED - W/MEDIAN (NOT RAISED),,STRAIGHT AND LEVEL,DRY,NO DEFECTS,ON SCENE,NO INJURY / DRIVE AWAY,,,,"OVER $1,500",10/19/2019 02:57:00 PM,UNABLE TO DETERMINE,UNABLE TO DETERMINE,2910,W,OGDEN AVE,1022.0,,Y,,,,,2,NO INDICATION OF INJURY,0.0,0.0,0.0,0.0,0.0,6.0,0.0,14,7,10,41.8602834928,-87.6990275565,POINT (-87.699027556469 41.860283492762)
877a70a7445e0f1605a92ad729d1d92d295bf5295a78e1a7b0044bc2beb26aaab2f575322a2bd0c962a5edd5ec6ecaf4f00edf0ee68c4df31ea18ab6821774ac,JB112919,,01/11/2018 07:25:00 PM,30,TRAFFIC SIGNAL,FUNCTIONING PROPERLY,CLEAR,"DARKNESS, LIGHTED ROAD",REAR END,NOT DIVIDED,,STRAIGHT AND LEVEL,WET,NO DEFECTS,ON SCENE,NO INJURY / DRIVE AWAY,,,,"$501 - $1,500",01/11/2018 07:33:00 PM,FOLLOWING TOO CLOSELY,UNABLE TO DETERMINE,2600,W,63RD ST,825.0,,,,,,,3,NO INDICATION OF INJURY,0.0,0.0,0.0,0.0,0.0,3.0,0.0,19,5,1,41.7792969745,-87.6885860471,POINT (-87.688586047146 41.7792969745)
a06be25b8e23d12271fcb799f693a23ff2853e62f89d338c11d035cd43b8dc25599a620dc145526e89a6c4c246cb5961b8b311bf135093f66e65245c62bd7dde,JG442920,,09/27/2023 08:10:00 PM,30,UNKNOWN,UNKNOWN,CLEAR,"DARKNESS, LIGHTED ROAD",REAR END,FOUR WAY,,STRAIGHT AND LEVEL,DRY,NO DEFECTS,NOT ON SCENE (DESK REPORT),NO INJURY / DRIVE AWAY,,,Y,"OVER $1,500",09/28/2023 08:00:00 PM,FOLLOWING TOO CLOSELY,FOLLOWING TOO CLOSELY,7508,S,LAFAYETTE AVE,623.0,,,,,,,2,NO INDICATION OF INJURY,0.0,0.0,0.0,0.0,0.0,2.0,0.0,20,4,9,41.7578454213,-87.6265109473,POINT (-87.626510947252 41.7578454213)
357359e31cb530ee5ad440e60b6bf824dcdb6f0807cb03459b34442d8170dc76f86b0869a110191c6f2d494e0cfee36212b1b67de91e76428ce1080b576571a3,JD391461,,10/07/2020 10:10:00 AM,30,NO CONTROLS,NO CONTROLS,CLEAR,DAYLIGHT,TURNING,DIVIDED - W/MEDIAN (NOT RAISED),,STRAIGHT AND LEVEL,DRY,NO DEFECTS,ON SCENE,INJURY AND / OR TOW DUE TO CRASH,,,,"OVER $1,500",10/07/2020 10:25:00 AM,UNABLE TO DETERMINE,NOT APPLICABLE,628,W,18TH ST,1235.0,,,,,,,2,NO INDICATION OF INJURY,0.0,0.0,0.0,0.0,0.0,2.0,0.0,10,4,10,41.8577124624,-87.64300134,POINT (-87.643001339964 41.857712462412)
9e113ae8850dc0097533b64ed1cccc6c44dfdf96576dd8f7fe1f33ca3e04d86aa958e097b94ecfd38b7999993e1be9a0321f84bd07a570d0483bbfaded9b7822,JE359347,,08/16/2021 05:25:00 PM,30,NO CONTROLS,NO CONTROLS,CLEAR,DAYLIGHT,SIDESWIPE OPPOSITE DIRECTION,NOT DIVIDED,,STRAIGHT AND LEVEL,DRY,NO DEFECTS,ON SCENE,INJURY AND / OR TOW DUE TO CRASH,,,,"OVER $1,500",08/16/2021 05:28:00 PM,IMPROPER LANE USAGE,NOT APPLICABLE,10310,S,VINCENNES AVE,2212.0,,,,,,,2,NO INDICATION OF INJURY,0.0,0.0,0.0,0.0,0.0,3.0,0.0,17,2,8,41.7064391375,-87.6563005195,POINT (-87.656300519453 41.70643913746)
3bef3d0caaed1cf639b580c4fa52342cce0f9eb53065e40c74c99135e91b78c6ec34ec8a9edf3a736f56da6401ea43726f3a74196d7aebdfe57e154b4198d36d,JD172388,,03/02/2020 05:00:00 PM,30,TRAFFIC SIGNAL,FUNCTIONING PROPERLY,CLEAR,DAYLIGHT,REAR END,NOT DIVIDED,,STRAIGHT AND LEVEL,DRY,NO DEFECTS,NOT ON SCENE (DESK REPORT),NO INJURY / DRIVE AWAY,,,,"$501 - $1,500",03/03/2020 12:04:00 PM,FOLLOWING TOO CLOSELY,NOT APPLICABLE,1856,N,PULASKI RD,2534.0,,,,,,,2,NO INDICATION OF INJURY,0.0,0.0,0.0,0.0,0.0,2.0,0.0,17,2,3,41.9152536816,-87.7266510051,POINT (-87.726651005093 41.915253681641)
fd438efdc61972cb0ac7b27ffa4568df01873fc04b7d03c1329d73dcace986397fd215f42a157f64bb3e81d8eaae6e6679c81f8726570030b050dfc3c4568636,JB363267,,07/24/2018 01:20:00 PM,30,NO CONTROLS,NO CONTROLS,CLEAR,DAYLIGHT,SIDESWIPE SAME DIRECTION,NOT DIVIDED,,STRAIGHT AND LEVEL,DRY,NO DEFECTS,ON SCENE,NO INJURY / DRIVE AWAY,,,,"OVER $1,500",07/24/2018 01:22:00 PM,DRIVING SKILLS/KNOWLEDGE/EXPERIENCE,NOT APPLICABLE,3548,W,ARTHINGTON ST,1133.0,,,,,,,2,NO INDICATION OF INJURY,0.0,0.0,0.0,0.0,0.0,3.0,0.0,13,3,7,41.870061053,-87.7150361978,POINT (-87.715036197762 41.87006105302)
ebd436392ccd0eb6cb492eacbdd504ee76dcfc18556eb455b76d37b3a70bb4020dd22128fb8d8de5b3392a340694bf6187a0dcc7803c2974b9896cb9df4a9cfe,JE285718,,07/01/2021 09:08:00 AM,30,STOP SIGN/FLASHER,FUNCTIONING PROPERLY,CLEAR,DAYLIGHT,TURNING,FOUR WAY,,STRAIGHT AND LEVEL,DRY,NO DEFECTS,ON SCENE,INJURY AND / OR TOW DUE TO CRASH,Y,,,"OVER $1,500",07/01/2021 09:09:00 AM,UNABLE TO DETERMINE,NOT APPLICABLE,2900,W,WASHINGTON BLVD,1222.0,,,,,,,2,NO INDICATION OF INJURY,0.0,0.0,0.0,0.0,0.0,4.0,0.0,9,5,7,41.8829800862,-87.6989174881,POINT (-87.698917488098 41.882980086167)