CRASH_RECORD_ID,RD_NO,CRASH_DATE_EST_I,CRASH_DATE,POSTED_SPEED_LIMIT,TRAFFIC_CONTROL_DEVICE,DEVICE_CONDITION,WEATHER_CONDITION,LIGHTING_CONDITION,FIRST_CRASH_TYPE,TRAFFICWAY_TYPE,LANE_CNT,ALIGNMENT,ROADWAY_SURFACE_COND,ROAD_DEFECT,REPORT_TYPE,CRASH_TYPE,INTERSECTION_RELATED_I,NOT_RIGHT_OF_WAY_I,HIT_AND_RUN_I,DAMAGE,DATE_POLICE_NOTIFIED,PRIM_CONTRIBUTORY_CAUSE,SEC_CONTRIBUTORY_CAUSE,STREET_NO,STREET_DIRECTION,STREET_NAME,BEAT_OF_OCCURRENCE,PHOTOS_TAKEN_I,STATEMENTS_TAKEN_I,DOORING_I,WORK_ZONE_I,WORK_ZONE_TYPE,WORKERS_PRESENT_I,NUM_UNITS,MOST_SEVERE_INJURY,INJURIES_TOTAL,INJURIES_FATAL,INJURIES_INCAPACITATING,INJURIES_NON_INCAPACITATING,INJURIES_REPORTED_NOT_EVIDENT,INJURIES_NO_INDICATION,INJURIES_UNKNOWN,CRASH_HOUR,CRASH_DAY_OF_WEEK,CRASH_MONTH,LATITUDE,LONGITUDE,LOCATION
7eb18709137a757a909bf1684f395e814c890e059164d407a22e48a87f6ca02b8b97ac3d679013554974c9e26f074675a2a591ec8059ccbd125d6557c70aaa15,JA263617,,05/14/2017 05:10:00 PM,15,NO CONTROLS,NO CONTROLS,CLEAR,DAYLIGHT,ANGLE,PARKING LOT,0.0,STRAIGHT AND LEVEL,DRY,NO DEFECTS,NOT ON SCENE (DESK REPORT),NO INJURY / DRIVE AWAY,,,,"$501 - $1,500",05/14/2017 05:57:00 PM,DISREGARDING STOP SIGN,DISTRACTION - FROM INSIDE VEHICLE,2532,N,NARRAGANSETT AVE,2512.0,,,,,,,2,NO INDICATION OF INJURY,0.0,0.0,0.0,0.0,0.0,2.0,0.0,17,1,5,41.9265995467,-87.7857054935,POINT (-87.785705493531 41.926599546739)
f57559fcdb8be813ed4e8400fb02eb38b3905d653304ff6e19a7c8e5dd7a5fa5e76a1c5adb63f06425a05c67ffa289ab9f8975b028dd057fdec3484112c69927,JG310200,,06/21/2023 04:41:00 PM,30,NO CONTROLS,NO CONTROLS,CLEAR,DAYLIGHT,PARKED MOTOR VEHICLE,ONE-WAY,,STRAIGHT AND LEVEL,DRY,NO DEFECTS,ON SCENE,INJURY AND / OR TOW DUE TO CRASH,,Y,,"OVER $1,500",06/21/2023 04:44:00 PM,EQUIPMENT - VEHICLE CONDITION,UNABLE TO DETERMINE,2126,N,MELVINA AVE,2512.0,,,,,,,2,NO INDICATION OF INJURY,0.0,0.0,0.0,0.0,0.0,1.0,0.0,16,4,6,41.9186780783,-87.7805601752,POINT (-87.780560175206 41.918678078322)
086f09d3e24c833dd292906f8948d5f4bb3b3abd048724e1cee3000e55d632a2d07579630ca2eb69dacd94b8e0f7a063c3b38f077da5fda1f8163521d9280c8f,JA179917,,03/08/2017 04:20:00 PM,30,STOP SIGN/FLASHER,FUNCTIONING PROPERLY,CLEAR,DAYLIGHT,SIDESWIPE SAME DIRECTION,DIVIDED - W/MEDIAN BARRIER,4.0,STRAIGHT AND LEVEL,DRY,NO DEFECTS,NOT ON SCENE (DESK REPORT),NO INJURY / DRIVE AWAY,,,,"$501 - $1,500",03/08/2017 04:45:00 PM,IMPROPER LANE USAGE,NOT APPLICABLE,801,N,LAKE SHORE DR,1833.0,,,,,,,2,NO INDICATION OF INJURY,0.0,0.0,0.0,0.0,0.0,2.0,0.0,16,4,3,41.8969293689,-87.6169470389,POINT (-87.616947038944 41.89692936893)
55817956385aa6e01b27bcc8f58270e7fac1a2b8c9914f917d54317474cbdf780fcdbdb2a76a7186d21adab937229d8afefb070613ed305f9f868b9dd1d90baa,JF181970,,03/21/2022 08:14:00 PM,15,NO CONTROLS,NO CONTROLS,CLEAR,"DARKNESS, LIGHTED ROAD",REAR END,PARKING LOT,,STRAIGHT AND LEVEL,DRY,NO DEFECTS,,NO INJURY / DRIVE AWAY,,Y,,"OVER $1,500",03/21/2022 09:10:00 PM,UNABLE TO DETERMINE,UNABLE TO DETERMINE,6448,S,KEDZIE AVE,823.0,,,,,,,2,NO INDICATION OF INJURY,0.0,0.0,0.0,0.0,0.0,5.0,0.0,20,2,3,41.7756391494,-87.7032068591,POINT (-87.703206859061 41.775639149418)
c06142f395e3dbcafe20da8202da31c8ad78540b4c18d3f4b2e1e5bc40824070274f6c2c04755c099f17733f824910425b7e58ff5939b6ff59aa4a29b3f639b1,JD239104,,05/22/2020 05:08:00 AM,30,NO CONTROLS,NO CONTROLS,CLEAR,DAWN,REAR END,DIVIDED - W/MEDIAN (NOT RAISED),,STRAIGHT AND LEVEL,DRY,NO DEFECTS,ON SCENE,NO INJURY / DRIVE AWAY,,,,$500 OR LESS,05/22/2020 05:08:00 AM,FAILING TO REDUCE SPEED TO AVOID CRASH,NOT APPLICABLE,1258,W,87TH ST,613.0,,,,,,,2,NO INDICATION OF INJURY,0.0,0.0,0.0,0.0,0.0,2.0,0.0,5,6,5,41.7360089459,-87.6557126074,POINT (-87.655712607381 41.736008945869)
3eaaa243f0192f99022d1d247753efb3bda4e6ddff49539da54f54632bea42afc1b6d70ba6586ff54606430f660c56831dab72f8430c913f9e3e355a437f26ab,JD264054,,06/14/2020 04:30:00 PM,25,TRAFFIC SIGNAL,FUNCTIONING PROPERLY,CLEAR,DAYLIGHT,REAR END,FOUR WAY,,STRAIGHT AND LEVEL,DRY,NO DEFECTS,ON SCENE,NO INJURY / DRIVE AWAY,,N,,$500 OR LESS,06/14/2020 04:32:00 PM,FAILING TO REDUCE SPEED TO AVOID CRASH,UNABLE TO DETERMINE,3001,W,DIVISION ST,1211.0,,,,,,,2,NO INDICATION OF INJURY,0.0,0.0,0.0,0.0,0.0,3.0,0.0,16,1,6,41.9027699739,-87.701838675,POINT (-87.701838675016 41.902769973859)
9a2fb3f63271dc7e199b9757a1beaaa7a50c4d53be160dc13eb8799d06bc383d152891d3695ba28ad05e521b552a2219fdc0b52d169e252b3c4e248f908cc2fa,JC433429,,09/14/2019 05:38:00 PM,30,STOP SIGN/FLASHER,FUNCTIONING PROPERLY,CLEAR,DAYLIGHT,TURNING,DIVIDED - W/MEDIAN (NOT RAISED),,STRAIGHT AND LEVEL,DRY,NO DEFECTS,NOT ON SCENE (DESK REPORT),NO INJURY / DRIVE AWAY,Y,,,"$501 - $1,500",09/14/2019 06:05:00 PM,FAILING TO YIELD RIGHT-OF-WAY,UNABLE TO DETERMINE,3940,W,MONTROSE AVE,1723.0,,,,,,,2,NO INDICATION OF INJURY,0.0,0.0,0.0,0.0,0.0,4.0,0.0,17,7,9,41.96106644,-87.7270614571,POINT (-87.727061457072 41.961066439962)
c6fbbd11b7edd075fdd0d1006a9b180cfc171fb0d20dfec81a8f6190bb1db41217c81a39b6479bf8d9968e89a268f5c090aebda22cbdadf58748334b2f7cf54b,HZ303901,,06/12/2016 04:10:00 AM,30,NO CONTROLS,NO CONTROLS,CLEAR,DARKNESS,TURNING,ONE-WAY,2.0,STRAIGHT AND LEVEL,DRY,NO DEFECTS,NOT ON SCENE (DESK REPORT),NO INJURY / DRIVE AWAY,N,,,"OVER $1,500",06/12/2016 05:20:00 AM,IMPROPER TURNING/NO SIGNAL,FAILING TO YIELD RIGHT-OF-WAY,225,E,SUPERIOR ST,1834.0,,,,,,,2,NO INDICATION OF INJURY,0.0,0.0,0.0,0.0,0.0,2.0,0.0,4,1,6,41.8956626708,-87.6217496614,POINT (-87.621749661398 41.895662670784)
caed028fb2bf225a27c346d87d048d311664dcd4f81ebe7eb38b61dc7863bdbad4a78eaee9c5a1901b519a980041054fea5bc4e4ec647a880e229e7e6d22b8c3,JD145484,,02/09/2020 08:00:00 AM,25,NO CONTROLS,NO CONTROLS,CLOUDY/OVERCAST,DAYLIGHT,PARKED MOTOR VEHICLE,ONE-WAY,,STRAIGHT AND LEVEL,DRY,NO DEFECTS,NOT ON SCENE (DESK REPORT),NO INJURY / DRIVE AWAY,,,Y,$500 OR LESS,02/09/2020 09:50:00 AM,FAILING TO YIELD RIGHT-OF-WAY,NOT APPLICABLE,4300,S,WOOD ST,924.0,,,,,,,2,NO INDICATION OF INJURY,0.0,0.0,0.0,0.0,0.0,1.0,0.0,8,1,2,41.8157375181,-87.6701605267,POINT (-87.670160526713 41.815737518138)
1d20f83dd1c77b3e510510b4288dea62fc12c0643427c5cbda2ec8f693a57e73499585ac7964f443b5ece1f06c499af7f6690ae4228bf440b8f6aca49bd75b01,JC381688,,08/06/2019 04:45:00 PM,30,TRAFFIC SIGNAL,FUNCTIONING PROPERLY,CLEAR,DAYLIGHT,REAR END,NOT DIVIDED,,STRAIGHT AND LEVEL,DRY,NO DEFECTS,NOT ON SCENE (DESK REPORT),NO INJURY / DRIVE AWAY,Y,,,"$501 - $1,500",08/06/2019 08:35:00 PM,FOLLOWING TOO CLOSELY,FAILING TO REDUCE SPEED TO AVOID CRASH,3503,S,WESTERN AVE,911.0,,,,,,,2,NO INDICATION OF INJURY,0.0,0.0,0.0,0.0,0.0,2.0,0.0,16,3,8,41.8301357572,-87.6848826521,POINT (-87.684882652124 41.830135757247)
baa27ff2d871132c1227f8da4ca750794634342d23693a3de975f51a6224747c1aef46ec7678407cd96be9ae551d16b5b4adca5f07c4e064c7723e576d34c792,JC145841,Y,02/09/2019 06:30:00 AM,30,NO CONTROLS,NO CONTROLS,UNKNOWN,UNKNOWN,PARKED MOTOR VEHICLE,ONE-WAY,1.0,STRAIGHT AND LEVEL,UNKNOWN,UNKNOWN,NOT ON SCENE (DESK REPORT),NO INJURY / DRIVE AWAY,,,Y,"$501 - $1,500",02/09/2019 10:35:00 AM,UNABLE TO DETERMINE,NOT APPLICABLE,2738,W,60TH ST,824.0,,,,,,,2,NO INDICATION OF INJURY,0.0,0.0,0.0,0.0,0.0,1.0,0.0,6,7,2,41.7847080501,-87.6926411297,POINT (-87.692641129749 41.784708050059)
51f5bc23025f4a84d0e470ac8ac4e6ffff1e0f37dbf9823c790cdbfdb5aa17a85cebea2bf7183971348ffbff167c7ad7119b2ef41d9b08c5ca37ac337fb728c1,JE271110,,06/18/2021 08:55:00 PM,30,TRAFFIC SIGNAL,FUNCTIONING PROPERLY,CLEAR,"DARKNESS, LIGHTED ROAD",TURNING,NOT DIVIDED,,STRAIGHT AND LEVEL,DRY,NO DEFECTS,ON SCENE,INJURY AND / OR TOW DUE TO CRASH,,,,"OVER $1,500",06/18/2021 09:02:00 PM,UNABLE TO DETERMINE,NOT APPLICABLE,6172,N,SHERIDAN RD,2433.0,,,,,,,2,"REPORTED, NOT EVIDENT",1.0,0.0,0.0,0.0,1.0,2.0,0.0,20,6,6,41.9943777972,-87.6556658818,POINT (-87.655665881829 41.994377797169)
b7336e761ee9e8436e9fa27405bba9f61dbcaf8c1454cd461e93d3a9a2d8a3d823c125e6df818b73889cf1101d7e4a3e41e08f988e09cb95c69b5843bf2b0b11,JA554989,,12/19/2017 07:05:00 AM,40,NO CONTROLS,NO CONTROLS,CLEAR,DAYLIGHT,REAR END,DIVIDED - W/MEDIAN BARRIER,8.0,STRAIGHT AND LEVEL,DRY,NO DEFECTS,NOT ON SCENE (DESK REPORT),NO INJURY / DRIVE AWAY,,,,"$501 - $1,500",12/19/2017 08:30:00 AM,UNABLE TO DETERMINE,NOT APPLICABLE,1350,N,LAKE SHORE DR SB,1824.0,,,,,,,2,NO INDICATION OF INJURY,0.0,0.0,0.0,0.0,0.0,2.0,0.0,7,3,12,41.9072940664,-87.6255937002,POINT (-87.625593700235 41.907294066421)
fedfbb4b29b8e74e9120e78696cfea663f47fb6cccfe000ba8e8f5683e17f1846141b4e62d280386fa0a8a8ba1c86235f5e679580f40afcd87aadaf6a2980e5e,JC140949,,01/31/2019 12:45:00 PM,30,NO CONTROLS,NO CONTROLS,CLEAR,DAYLIGHT,PARKED MOTOR VEHICLE,NOT DIVIDED,2.0,STRAIGHT AND LEVEL,DRY,NO DEFECTS,NOT ON SCENE (DESK REPORT),NO INJURY / DRIVE AWAY,,,,$500 OR LESS,02/05/2019 11:20:00 AM,IMPROPER OVERTAKING/PASSING,NOT APPLICABLE,2914,W,55TH ST,923.0,,,,,,,2,NO INDICATION OF INJURY,0.0,0.0,0.0,0.0,0.0,2.0,0.0,12,5,1,41.7937459154,-87.6969457056,POINT (-87.696945705554 41.793745915449)
5f3313b1936e6c0fa43d150701cd54be68afbe7cd9455573916f66ac7d24346f457616741470e3f5c0f62560045c2103572c675651e86c1e1d417b45df3a1428,JC239298,Y,04/26/2019 12:05:00 PM,30,TRAFFIC SIGNAL,FUNCTIONING PROPERLY,CLEAR,DAYLIGHT,REAR END,DIVIDED - W/MEDIAN (NOT RAISED),,STRAIGHT AND LEVEL,DRY,NO DEFECTS,ON SCENE,INJURY AND / OR TOW DUE TO CRASH,,,,$500 OR LESS,04/26/2019 01:52:00 PM,UNABLE TO DETERMINE,UNABLE TO DETERMINE,300,S,CENTRAL AVE,1513.0,,,,,,,2,NONINCAPACITATING INJURY,1.0,0.0,0.0,1.0,0.0,2.0,0.0,12,6,4,41.8764901137,-87.7648701012,POINT (-87.764870101157 41.876490113701)
c799cccbf04de087d2db573432c78e7d88e6ecf3602e3bc5bf2beb0d6a6b4dbe01403b3df3341600ee41e859065a3a558068c7d11629aab96301fe9dd79ed93d,JF409542,,09/25/2022 12:30:00 AM,30,NO CONTROLS,NO CONTROLS,RAIN,"DARKNESS, LIGHTED ROAD",REAR END,DIVIDED - W/MEDIAN BARRIER,,STRAIGHT AND LEVEL,WET,NO DEFECTS,ON SCENE,NO INJURY / DRIVE AWAY,,,,"OVER $1,500",09/25/2022 01:10:00 AM,FOLLOWING TOO CLOSELY,UNABLE TO DETERMINE,8942,S,STONY ISLAND AVE,413.0,,,,,,,2,NO INDICATION OF INJURY,0.0,0.0,0.0,0.0,0.0,4.0,0.0,0,1,9,41.7319922539,-87.5856879961,POINT (-87.585687996108 41.731992253881)
86a33abacf4d586ab803ae07c10d9f4b28dc087b579fd22fe984c0a874b3e6259f3ce1b4ed11eaddd12a04d2b3364a7d70f61dff761a2cdc64194a73e43fc01f,JB180946,,03/09/2018 03:40:00 PM,25,NO CONTROLS,NO CONTROLS,CLEAR,DAYLIGHT,REAR END,DIVIDED - W/MEDIAN (NOT RAISED),4.0,STRAIGHT AND LEVEL,DRY,NO DEFECTS,NOT ON SCENE (DESK REPORT),NO INJURY / DRIVE AWAY,,,,"$501 - $1,500",03/10/2018 03:56:00 PM,UNABLE TO DETERMINE,UNABLE TO DETERMINE,5400,S,CENTRAL AVE,811.0,,,,,,,2,NO INDICATION OF INJURY,0.0,0.0,0.0,0.0,0.0,2.0,0.0,15,6,3,41.7944467383,-87.7625078745,POINT (-87.762507874456 41.794446738302)
e11d1832b2340a0694f8f430db36f2ebafdc1203d7ee49f46e2dce6c2bc413b649a11d5303c6e6a8b3e4af666280818a1f02a46a9de7d768e2bb0483796590ea,JF461700,,11/04/2022 08:30:00 AM,30,TRAFFIC SIGNAL,FUNCTIONING PROPERLY,CLEAR,DAYLIGHT,SIDESWIPE SAME DIRECTION,NOT DIVIDED,,STRAIGHT AND LEVEL,DRY,NO DEFECTS,NOT ON SCENE (DESK REPORT),NO INJURY / DRIVE AWAY,,,,$500 OR LESS,11/04/2022 09:00:00 AM,UNABLE TO DETERMINE,UNABLE TO DETERMINE,200,N,MICHIGAN AVE,111.0,,,,,,,2,NO INDICATION OF INJURY,0.0,0.0,0.0,0.0,0.0,2.0,0.0,8,6,11,41.8858015463,-87.6246597711,POINT (-87.624659771063 41.885801546318)
345488e9ce33a6a7f0bf0dce9a603b1f9c64de873943d1f646dac44fb5426339e33a8896575b85e9260d2f34ff005705b9fb026a395a5aeae6aeb2e1e86f9cb4,JD410041,,10/24/2020 08:36:00 PM,10,STOP SIGN/FLASHER,FUNCTIONING PROPERLY,CLEAR,"DARKNESS, LIGHTED ROAD",HEAD ON,NOT DIVIDED,,STRAIGHT AND LEVEL,DRY,NO DEFECTS,NOT ON SCENE (DESK REPORT),NO INJURY / DRIVE AWAY,,,,"OVER $1,500",10/24/2020 09:40:00 PM,UNABLE TO DETERMINE,UNABLE TO DETERMINE,6500,S,ALBANY AVE,831.0,,,,,,,2,NO INDICATION OF INJURY,0.0,0.0,0.0,0.0,0.0,2.0,0.0,20,7,10,41.7752651618,-87.7007488278,POINT (-87.700748827801 41.775265161825)
fecac10b2465d5169ed449bb564d4ba69ee353b942c65b30ac80ac33c48ac04eea6b347463fc6ff3854bbbce55dcf86d54514b4dab4019616fac52816db611ba,JC386538,,08/10/2019 09:30:00 AM,30,TRAFFIC SIGNAL,FUNCTIONING PROPERLY,CLEAR,DAYLIGHT,TURNING,NOT DIVIDED,,STRAIGHT AND LEVEL,DRY,NO DEFECTS,ON SCENE,INJURY AND / OR TOW DUE TO CRASH,,,,"OVER $1,500",08/10/2019 09:35:00 AM,UNABLE TO DETERMINE,UNABLE TO DETERMINE,4805,W,DIVERSEY AVE,2521.0,,,,,,,2,NONINCAPACITATING INJURY,3.0,0.0,0.0,3.0,0.0,2.0,0.0,9,7,8,41.9314201843,-87.7468682305,POINT (-87.74686823052 41.931420184347)
8b693865fd54f4e7cea9b058d2aff12b7a7b41ad39ea277c4e7837148c0131afec5cb25fa7d65b1d99019854d2339da76ec868d7c4d3290449bd47fcc4d9e94d,JB295794,,05/28/2018 09:00:00 AM,10,NO CONTROLS,NO CONTROLS,CLEAR,DAYLIGHT,PARKED MOTOR VEHICLE,PARKING LOT,,STRAIGHT AND LEVEL,DRY,NO DEFECTS,NOT ON SCENE (DESK REPORT),NO INJURY / DRIVE AWAY,,,Y,"OVER $1,500",06/06/2018 05:40:00 PM,NOT APPLICABLE,NOT APPLICABLE,9361,S,COTTAGE GROVE AVE,633.0,,,,,,,2,NO INDICATION OF INJURY,0.0,0.0,0.0,0.0,0.0,2.0,0.0,9,2,5,41.7238602893,-87.6043647208,POINT (-87.604364720842 41.72386028931)
94cc323c4537a2cbed4155dd34757a8123f679f45aac2dd92564de2eb01e69f982defc5f7081743c45fe175d0ad727d110b1ed9056fcacb3945c168f381742d8,JG184452,,03/13/2023 06:31:00 PM,30,NO CONTROLS,NO CONTROLS,CLEAR,DAYLIGHT,PARKED MOTOR VEHICLE,NOT DIVIDED,,STRAIGHT AND LEVEL,WET,NO DEFECTS,ON SCENE,INJURY AND / OR TOW DUE TO CRASH,,,,"OVER $1,500",03/13/2023 06:31:00 PM,UNABLE TO DETERMINE,UNABLE TO DETERMINE,5345,S,WOODLAWN AVE,234.0,,,,,,,4,NO INDICATION OF INJURY,0.0,0.0,0.0,0.0,0.0,1.0,0.0,18,2,3,41.7980619516,-87.5964638217,POINT (-87.596463821741 41.798061951587)
d962921dec88f87e1c62ba9234c57bbdc69d4c26f5e177c5613a856c89853f35eaf48af1274d0e22321ed53e1afbb8a389c25e1c7e0736f18b33b3e039c3a592,JD290099,,07/08/2020 09:10:00 AM,30,NO CONTROLS,NO CONTROLS,CLEAR,DAYLIGHT,TURNING,NOT DIVIDED,,STRAIGHT AND LEVEL,DRY,NO DEFECTS,ON SCENE,NO INJURY / DRIVE AWAY,,,,$500 OR LESS,07/08/2020 09:18:00 AM,UNABLE TO DETERMINE,NOT APPLICABLE,632,W,79TH ST,621.0,,,,,,,2,NO INDICATION OF INJURY,0.0,0.0,0.0,0.0,0.0,2.0,0.0,9,4,7,41.7508051311,-87.6404413687,POINT (-87.640441368666 41.75080513114)
02324670c5db7dd64273f38a59bfa84e7855a20f94262ab00dfece6294c6e50a9b905bac96ab726aa714d8eea5f606d77456aa94c3c8aaaa68a3e9c90f523acf,JA507820,,11/11/2017 11:50:00 AM,30,STOP SIGN/FLASHER,UNKNOWN,UNKNOWN,DAYLIGHT,ANGLE,DIVIDED - W/MEDIAN (NOT RAISED),2.0,STRAIGHT AND LEVEL,UNKNOWN,UNKNOWN,NOT ON SCENE (DESK REPORT),NO INJURY / DRIVE AWAY,,,Y,"OVER $1,500",11/11/2017 01:00:00 PM,"OPERATING VEHICLE IN ERRATIC, RECKLESS, CARELESS, NEGLIGENT OR AGGRESSIVE MANNER",NOT APPLICABLE,6501,W,GRAND AVE,2512.0,,,,,,,2,NO INDICATION OF INJURY,0.0,0.0,0.0,0.0,0.0,2.0,0.0,11,7,11,41.9231797453,-87.787985085,POINT (-87.787985084968 41.923179745322)
05e30c3b8b19617e893a1289ca0f56ec7532cb4aff37efa68954a14ab1abff340fc5037d298018ad160078590ac03a92de6830f330490d3e4c8bf7a69455930b,JE196584,,04/11/2021 06:00:00 PM,30,TRAFFIC SIGNAL,FUNCTIONING PROPERLY,CLEAR,DAYLIGHT,SIDESWIPE SAME DIRECTION,NOT DIVIDED,,STRAIGHT AND LEVEL,DRY,NO DEFECTS,NOT ON SCENE (DESK REPORT),NO INJURY / DRIVE AWAY,Y,,Y,"$501 - $1,500",04/11/2021 08:00:00 PM,IMPROPER LANE USAGE,IMPROPER LANE USAGE,6500,S,STATE ST,312.0,,,,,,,2,NO INDICATION OF INJURY,0.0,0.0,0.0,0.0,0.0,2.0,0.0,18,1,4,41.7763625867,-87.6253689406,POINT (-87.625368940615 41.776362586673)
b19dd482958aa94a7cc4a8775a0dbdee094b23bc959cc346472c4fda9876dddd2349fca7ee5c21c77f56ca6e49d98ecf48f015ad1fc301cc33f1a03b8cc5fb43,JB376018,,08/02/2018 02:30:00 PM,30,TRAFFIC SIGNAL,FUNCTIONING PROPERLY,CLEAR,DAYLIGHT,REAR END,NOT DIVIDED,,STRAIGHT AND LEVEL,DRY,NO DEFECTS,NOT ON SCENE (DESK REPORT),NO INJURY / DRIVE AWAY,Y,,Y,$500 OR LESS,08/02/2018 03:03:00 PM,UNABLE TO DETERMINE,UNABLE TO DETERMINE,799,N,ORLEANS ST,1831.0,,,,,,,2,NO INDICATION OF INJURY,0.0,0.0,0.0,0.0,0.0,2.0,0.0,14,5,8,41.8965031108,-87.6370235709,POINT (-87.637023570947 41.896503110759)
76245984594a2a363b64450e71cfd0ce4771cbb4792b7467a2bb20cce340ba5b11b776768d771ef0e106c083776f3ea6ba2e0b56db1c5803f6342da6a3b625d7,JF444135,,10/22/2022 03:00:00 AM,35,NO CONTROLS,NO CONTROLS,CLEAR,"DARKNESS, LIGHTED ROAD",PARKED MOTOR VEHICLE,NOT DIVIDED,,STRAIGHT AND LEVEL,DRY,NO DEFECTS,ON SCENE,INJURY AND / OR TOW DUE TO CRASH,,,,"OVER $1,500",10/22/2022 03:09:00 AM,UNABLE TO DETERMINE,NOT APPLICABLE,6414,S,WOODLAWN AVE,314.0,,,,,,,3,NO INDICATION OF INJURY,0.0,0.0,0.0,0.0,0.0,1.0,0.0,3,7,10,41.7782193247,-87.5962950795,POINT (-87.596295079452 41.778219324724)
f74a652ccf59ace0deb803c5db9c7716e66e1635307b97dd4c091d51907644eb35b1abf954289dd26b9846c357a543da45ddcc1860ea563ca30ce06002bd806f,JA494566,Y,11/01/2017 02:15:00 PM,30,NO CONTROLS,NO CONTROLS,CLEAR,DAYLIGHT,REAR END,NOT DIVIDED,,STRAIGHT AND LEVEL,DRY,NO DEFECTS,NOT ON SCENE (DESK REPORT),NO INJURY / DRIVE AWAY,,,,"$501 - $1,500",11/01/2017 02:58:00 PM,FOLLOWING TOO CLOSELY,NOT APPLICABLE,7348,N,CLARK ST,2424.0,,,,,,,2,NO INDICATION OF INJURY,0.0,0.0,0.0,0.0,0.0,2.0,0.0,14,4,11,42.0151784323,-87.6752093054,POINT (-87.675209305373 42.015178432322)
63d5b26c90583bf0ad971f42419aadb05a176aed784e600eaa0a19c007eae92eb71d045b5e9a341645cf9778ffbd25e58233559a1962b17f3d57ab95a8a3f2c7,JB368038,,07/27/2018 05:00:00 PM,0,NO CONTROLS,NO CONTROLS,CLEAR,DAYLIGHT,PARKED MOTOR VEHICLE,PARKING LOT,,STRAIGHT AND LEVEL,DRY,NO DEFECTS,NOT ON SCENE (DESK REPORT),NO INJURY / DRIVE AWAY,,,Y,"OVER $1,500",07/27/2018 06:25:00 PM,UNABLE TO DETERMINE,UNABLE TO DETERMINE,2520,N,NARRAGANSETT AVE,2512.0,,,,,,,2,NO INDICATION OF INJURY,0.0,0.0,0.0,0.0,0.0,1.0,0.0,17,6,7,41.9262969563,-87.785694824,POINT (-87.785694823992 41.926296956326)
b9455d3bd2c515d8038325444a297879c302143004104c26b14677d730eb51a6f34f142cf0a8fca16c78eeea671288963f2a3d3df7eb69aa94e019200e4b6132,JG403750,,08/28/2023 04:00:00 PM,30,NO CONTROLS,NO CONTROLS,CLEAR,DAYLIGHT,REAR END,ONE-WAY,,STRAIGHT AND LEVEL,DRY,NO DEFECTS,NOT ON SCENE (DESK REPORT),NO INJURY / DRIVE AWAY,,,,"$501 - $1,500",08/30/2023 11:50:00 AM,FOLLOWING TOO CLOSELY,IMPROPER OVERTAKING/PASSING,6807,S,TALMAN AVE,831.0,,,,,,,2,NO INDICATION OF INJURY,0.0,0.0,0.0,0.0,0.0,2.0,0.0,16,2,8,41.7697961331,-87.6893468939,POINT (-87.689346893893 41.769796133106)
2cf2ed55ccbaae218430beb3a1b28fa1c639b65b4e6e178f6dfe177988395e0ff80cb0e807583452854c657d2fffd28e249d151b8744755c5bbf9fec9b54c860,JG130902,,01/26/2023 10:10:00 PM,30,TRAFFIC SIGNAL,FUNCTIONING PROPERLY,CLEAR,"DARKNESS, LIGHTED ROAD",REAR END,"FIVE POINT, OR MORE",,STRAIGHT AND LEVEL,WET,NO DEFECTS,,NO INJURY / DRIVE AWAY,Y,,N,"$501 - $1,500",01/26/2023 10:13:00 PM,UNABLE TO DETERMINE,UNABLE TO DETERMINE,2402,N,LINCOLN AVE,1932.0,,,,,,,2,NO INDICATION OF INJURY,0.0,0.0,0.0,0.0,0.0,2.0,0.0,22,5,1,41.9254775372,-87.6490105634,POINT (-87.649010563447 41.92547753718)
96537f425eac4b7a98ec507ee65ff3d259479be3d280219513328aad95271a3e13cd116f62f5ee69d6577ed0168828ffac7ec4724c8b3634e89cbfd731a56c67,JG337329,,07/11/2023 10:11:00 PM,30,NO CONTROLS,NO CONTROLS,CLEAR,"DARKNESS, LIGHTED ROAD",PARKED MOTOR VEHICLE,ONE-WAY,,STRAIGHT AND LEVEL,WET,NO DEFECTS,ON SCENE,NO INJURY / DRIVE AWAY,,,,"OVER $1,500",07/11/2023 10:13:00 PM,UNABLE TO DETERMINE,UNABLE TO DETERMINE,8330,S,HOUSTON AVE,424.0,,,,,,,2,NO INDICATION OF INJURY,0.0,0.0,0.0,0.0,0.0,1.0,0.0,22,3,7,41.7436396188,-87.5504457442,POINT (-87.550445744223 41.74363961881)
e384c185cc3a621d853449e987560039de57c45a42cc3c5096db9ebaffce9e782cdf774b5bc92e943674fd7db06d7c92698a1f8f0529e8d5759f555e2a02f223,HZ126005,,01/23/2016 02:15:00 PM,30,NO CONTROLS,NO CONTROLS,CLEAR,DAYLIGHT,REAR END,DIVIDED - W/MEDIAN (NOT RAISED),2.0,STRAIGHT AND LEVEL,DRY,UNKNOWN,NOT ON SCENE (DESK REPORT),NO INJURY / DRIVE AWAY,,,,"$501 - $1,500",01/23/2016 03:39:00 PM,FOLLOWING TOO CLOSELY,DRIVING SKILLS/KNOWLEDGE/EXPERIENCE,340,E,103RD ST,511.0,Y,,,,,,2,NO INDICATION OF INJURY,0.0,0.0,0.0,0.0,0.0,2.0,0.0,14,7,1,41.7074101184,-87.6145922373,POINT (-87.614592237284 41.707410118428)