CRASH_RECORD_ID,RD_NO,CRASH_DATE_EST_I,CRASH_DATE,POSTED_SPEED_LIMIT,TRAFFIC_CONTROL_DEVICE,DEVICE_CONDITION,WEATHER_CONDITION,LIGHTING_CONDITION,FIRST_CRASH_TYPE,TRAFFICWAY_TYPE,LANE_CNT,ALIGNMENT,ROADWAY_SURFACE_COND,ROAD_DEFECT,REPORT_TYPE,CRASH_TYPE,INTERSECTION_RELATED_I,NOT_RIGHT_OF_WAY_I,HIT_AND_RUN_I,DAMAGE,DATE_POLICE_NOTIFIED,PRIM_CONTRIBUTORY_CAUSE,SEC_CONTRIBUTORY_CAUSE,STREET_NO,STREET_DIRECTION,STREET_NAME,BEAT_OF_OCCURRENCE,PHOTOS_TAKEN_I,STATEMENTS_TAKEN_I,DOORING_I,WORK_ZONE_I,WORK_ZONE_TYPE,WORKERS_PRESENT_I,NUM_UNITS,MOST_SEVERE_INJURY,INJURIES_TOTAL,INJURIES_FATAL,INJURIES_INCAPACITATING,INJURIES_NON_INCAPACITATING,INJURIES_REPORTED_NOT_EVIDENT,INJURIES_NO_INDICATION,INJURIES_UNKNOWN,CRASH_HOUR,CRASH_DAY_OF_WEEK,CRASH_MONTH,LATITUDE,LONGITUDE,LOCATION
1411656c93f7a812cb44e35cb402435604c15878d9e6d5f01adcb28e28c05fb9e39689d0b4a7923431697e85b80dd1c0b22227d572794ec6a5d6efa21b4d918f,JG189397,Y,03/16/2023 06:52:00 PM,25,STOP SIGN/FLASHER,FUNCTIONING PROPERLY,UNKNOWN,UNKNOWN,PARKED MOTOR VEHICLE,ONE-WAY,,STRAIGHT AND LEVEL,UNKNOWN,UNKNOWN,NOT ON SCENE (DESK REPORT),NO INJURY / DRIVE AWAY,,,Y,"OVER $1,500",03/17/2023 07:15:00 PM,UNABLE TO DETERMINE,UNABLE TO DETERMINE,6151,N,OAKLEY AVE,2413.0,,,,,,,2,NO INDICATION OF INJURY,0.0,0.0,0.0,0.0,0.0,1.0,0.0,18,5,3,41.9938201773,-87.6871572454,POINT (-87.687157245358 41.993820177266)
adacc7aec1616d2f8b2bb4c457bb9a3a641c415140b7a51be3fa67f02e0e066e4d58868779bba57575cd0df853f854b47e9dce69824ce51a1af189b3ec117dc7,JB411900,,08/28/2018 08:40:00 AM,30,TRAFFIC SIGNAL,FUNCTIONING PROPERLY,RAIN,DAYLIGHT,REAR END,NOT DIVIDED,4.0,STRAIGHT AND LEVEL,WET,NO DEFECTS,NOT ON SCENE (DESK REPORT),INJURY AND / OR TOW DUE TO CRASH,,,,"OVER $1,500",08/28/2018 09:15:00 AM,FOLLOWING TOO CLOSELY,FAILING TO REDUCE SPEED TO AVOID CRASH,5577,W,MONTROSE AVE,1624.0,,,,,,,2,"REPORTED, NOT EVIDENT",1.0,0.0,0.0,0.0,1.0,1.0,0.0,8,3,8,41.9603759481,-87.7671174494,POINT (-87.767117449403 41.960375948082)
07df76d4422be04d2b1663295563318a63afb6b5b117f0c17a6af6fb71ebdde649852b458f565003aad858d412fc45f6d392602ecc22a8abe14b742ba55e470b,JG445270,,09/30/2023 03:30:00 PM,30,TRAFFIC SIGNAL,FUNCTIONING PROPERLY,CLEAR,DAYLIGHT,PEDALCYCLIST,FOUR WAY,,STRAIGHT AND LEVEL,DRY,UNKNOWN,NOT ON SCENE (DESK REPORT),NO INJURY / DRIVE AWAY,Y,,,$500 OR LESS,09/30/2023 04:00:00 PM,NOT APPLICABLE,NOT APPLICABLE,3400,W,ADDISON ST,1732.0,,,,,,,2,NO INDICATION OF INJURY,0.0,0.0,0.0,0.0,0.0,2.0,0.0,15,7,9,41.9466752452,-87.7127785774,POINT (-87.712778577395 41.946675245157)
9aefdf3f8fd1809acc59477ea755f6ff7735dd2821275b508310d7f55565d3e2b2bac56b56b3cd39f98dd6c49458290b76909e7d59609e5a51c579b20d353c0b,JG357187,,07/26/2023 05:40:00 PM,30,TRAFFIC SIGNAL,FUNCTIONING PROPERLY,CLEAR,DAYLIGHT,TURNING,NOT DIVIDED,,STRAIGHT AND LEVEL,DRY,NO DEFECTS,ON SCENE,INJURY AND / OR TOW DUE TO CRASH,,,,"OVER $1,500",07/26/2023 05:45:00 PM,FAILING TO YIELD RIGHT-OF-WAY,NOT APPLICABLE,5830,S,ARCHER AVE,814.0,,,,,,,2,NO INDICATION OF INJURY,0.0,0.0,0.0,0.0,0.0,2.0,0.0,17,4,7,41.7962190623,-87.7598417388,POINT (-87.759841738795 41.796219062278)
a56d2f99fffe1f5b5d078c297132b84151b4eef1601a5f7eb55a234e4729143307286a9e2363870c69f463d19acca6db9a00285bb9ee25349687ddce50428ea3,JG457440,,10/09/2023 09:00:00 PM,30,TRAFFIC SIGNAL,FUNCTIONING PROPERLY,CLEAR,"DARKNESS, LIGHTED ROAD",REAR END,NOT DIVIDED,,STRAIGHT AND LEVEL,DRY,NO DEFECTS,ON SCENE,INJURY AND / OR TOW DUE TO CRASH,,,,$500 OR LESS,10/09/2023 09:01:00 PM,FOLLOWING TOO CLOSELY,NOT APPLICABLE,602,N,CENTRAL AVE,1511.0,,,,,,,2,"REPORTED, NOT EVIDENT",1.0,0.0,0.0,0.0,1.0,1.0,0.0,21,2,10,41.8912416908,-87.7654008048,POINT (-87.765400804778 41.891241690844)
71204fedec166d652c4fae7ccbf5513c5d14eba1b2035e521b247c7d30a125b920534003a1979e263ac210e091e29df481c10cf1053a76b063b6618f6f6ab8c3,JE320719,,07/31/2021 06:35:00 AM,30,TRAFFIC SIGNAL,FUNCTIONING PROPERLY,CLEAR,DAYLIGHT,TURNING,NOT DIVIDED,,STRAIGHT AND LEVEL,DRY,UNKNOWN,ON SCENE,NO INJURY / DRIVE AWAY,Y,,,"$501 - $1,500",07/31/2021 06:37:00 AM,DISREGARDING TRAFFIC SIGNALS,NOT APPLICABLE,2800,N,CENTRAL AVE,2514.0,,,,,,,2,NO INDICATION OF INJURY,0.0,0.0,0.0,0.0,0.0,3.0,0.0,6,7,7,41.9313655524,-87.7663965288,POINT (-87.766396528792 41.931365552363)
fd63529295d449d7620986263d28c0bd082a672e834bbe7ee5cab2e738d7785e37ac70b072d19470e880518dce7e28ed986ce400ee70237b458da441b5b19e00,JC335731,,07/05/2019 10:25:00 AM,30,NO CONTROLS,NO CONTROLS,CLEAR,DAYLIGHT,SIDESWIPE SAME DIRECTION,ONE-WAY,,STRAIGHT AND LEVEL,DRY,NO DEFECTS,NOT ON SCENE (DESK REPORT),NO INJURY / DRIVE AWAY,,,,"$501 - $1,500",07/05/2019 11:46:00 AM,IMPROPER OVERTAKING/PASSING,NOT APPLICABLE,238,E,ONTARIO ST,1834.0,,,,,,,2,NO INDICATION OF INJURY,0.0,0.0,0.0,0.0,0.0,2.0,0.0,10,6,7,41.8934872466,-87.6216926935,POINT (-87.621692693523 41.893487246606)
ac702cedf148c3c087965c2561f67a49b96c6331eba70a0ab0ffe9de01c823da42d85b596195fc4a05dec9cb26b64f9d05c27ca58dd27564a7e9941a6a28ab37,JB143435,,02/06/2018 01:00:00 PM,30,TRAFFIC SIGNAL,UNKNOWN,CLEAR,DAYLIGHT,REAR END,NOT DIVIDED,2.0,STRAIGHT AND LEVEL,WET,UNKNOWN,NOT ON SCENE (DESK REPORT),NO INJURY / DRIVE AWAY,,,,"OVER $1,500",02/06/2018 05:26:00 PM,UNABLE TO DETERMINE,UNABLE TO DETERMINE,10300,S,WESTERN AVE,2211.0,,,,,,,2,NO INDICATION OF INJURY,0.0,0.0,0.0,0.0,0.0,2.0,0.0,13,3,2,41.7062823319,-87.6817635946,POINT (-87.68176359458 41.706282331898)
9d9014eff3aebb2f17eb50de1719635150e2ea84cf40e0b3caae5dd0cf459781c888fd3501d00ccd62a24317d03bcaebde24733534dbe1368e5fa79d949702ca,JE410266,,10/15/2021 06:32:00 AM,30,NO CONTROLS,NO CONTROLS,CLEAR,DAYLIGHT,SIDESWIPE SAME DIRECTION,ONE-WAY,,STRAIGHT AND LEVEL,DRY,NO DEFECTS,NOT ON SCENE (DESK REPORT),NO INJURY / DRIVE AWAY,,,Y,"$501 - $1,500",10/15/2021 07:30:00 AM,IMPROPER OVERTAKING/PASSING,IMPROPER OVERTAKING/PASSING,9424,S,JUSTINE ST,2221.0,,,,,,,2,NO INDICATION OF INJURY,0.0,0.0,0.0,0.0,0.0,2.0,0.0,6,6,10,41.7222564509,-87.6616317292,POINT (-87.661631729174 41.722256450927)
05d89d73e05c46d5a4363f795179e1fdfeeb40f94b755d27677d79ad0aa2154786391cc3c629191a4154f2b343d4dcd22c087d544ec39f6727256badc604e634,JD119911,N,01/18/2020 03:45:00 AM,30,TRAFFIC SIGNAL,FUNCTIONING PROPERLY,SNOW,"DARKNESS, LIGHTED ROAD",SIDESWIPE OPPOSITE DIRECTION,NOT DIVIDED,,STRAIGHT AND LEVEL,SNOW OR SLUSH,NO DEFECTS,NOT ON SCENE (DESK REPORT),INJURY AND / OR TOW DUE TO CRASH,Y,,,"OVER $1,500",01/18/2020 03:45:00 AM,DISREGARDING TRAFFIC SIGNALS,FAILING TO YIELD RIGHT-OF-WAY,3440,N,MILWAUKEE AVE,1731.0,,,,,,,2,NO INDICATION OF INJURY,0.0,0.0,0.0,0.0,0.0,2.0,0.0,3,7,1,41.9437316483,-87.7316857129,POINT (-87.73168571286 41.943731648286)
eecd46ef2a4a244c778bcfbee78967cc8d31069f22485dd0b4e46c7ab2c8ac6f8241f868478fb0a296d20fc1b90d203cbdb4dd77c0018a10fb525ff464a04a22,JB375198,,08/01/2018 06:29:00 PM,30,STOP SIGN/FLASHER,UNKNOWN,UNKNOWN,UNKNOWN,TURNING,UNKNOWN,,STRAIGHT AND LEVEL,UNKNOWN,UNKNOWN,NOT ON SCENE (DESK REPORT),NO INJURY / DRIVE AWAY,,,,"OVER $1,500",08/01/2018 10:20:00 PM,DISREGARDING STOP SIGN,IMPROPER TURNING/NO SIGNAL,401,S,KEDZIE AVE,1134.0,,,,,,,2,NO INDICATION OF INJURY,0.0,0.0,0.0,0.0,0.0,2.0,0.0,18,4,8,41.8758609575,-87.7058237063,POINT (-87.705823706311 41.875860957527)
16f62f0d0e172c63c8e3cd57506b79fa73f304d5d27c35630930e9a4dfc834d249396820bc44a8a65ca2fad770914147198a72d157c5d35625b3a65f96836230,JE378211,,09/15/2021 09:30:00 PM,30,TRAFFIC SIGNAL,FUNCTIONING PROPERLY,CLEAR,"DARKNESS, LIGHTED ROAD",REAR END,NOT DIVIDED,,STRAIGHT AND LEVEL,DRY,NO DEFECTS,NOT ON SCENE (DESK REPORT),NO INJURY / DRIVE AWAY,Y,,,"$501 - $1,500",09/18/2021 10:15:00 AM,FOLLOWING TOO CLOSELY,FOLLOWING TOO CLOSELY,1616,E,87TH ST,412.0,,,,,,,2,NO INDICATION OF INJURY,0.0,0.0,0.0,0.0,0.0,2.0,0.0,21,4,9,41.7370398311,-87.5844769119,POINT (-87.584476911926 41.737039831058)
207cac6291121eff3038b6cd39c8d8c9c622ecdbcd4a6e23861cf0c141ee36d2f15d49136dd657c2d218da844c323716f0dd3d6d95d66e5f69e3852469cd8010,HZ252731,,05/05/2016 06:25:00 PM,30,NO CONTROLS,NO CONTROLS,CLEAR,DAYLIGHT,REAR END,DIVIDED - W/MEDIAN (NOT RAISED),,STRAIGHT AND LEVEL,DRY,NO DEFECTS,NOT ON SCENE (DESK REPORT),NO INJURY / DRIVE AWAY,N,,,"$501 - $1,500",05/05/2016 06:48:00 PM,FOLLOWING TOO CLOSELY,CELL PHONE USE OTHER THAN TEXTING,6007,N,SHERIDAN RD,2433.0,,,,,,,2,NO INDICATION OF INJURY,0.0,0.0,0.0,0.0,0.0,2.0,0.0,18,5,5,41.9912479631,-87.6552734509,POINT (-87.655273450903 41.991247963093)
1ac61e7d2de78ba5059d7ea30da5cef7a9274fb038bb35f8cc248e86d3172f1216b5a9ca9152ce4a35485ba686d50c996ff8532e6a35087fb6ea20c18e9a2630,HZ520548,,11/18/2016 01:10:00 PM,30,NO CONTROLS,NO CONTROLS,RAIN,DAYLIGHT,REAR END,NOT DIVIDED,2.0,STRAIGHT AND LEVEL,WET,NO DEFECTS,NOT ON SCENE (DESK REPORT),NO INJURY / DRIVE AWAY,,,,"$501 - $1,500",11/18/2016 03:30:00 PM,UNABLE TO DETERMINE,UNABLE TO DETERMINE,806,S,DAMEN AVE,1225.0,,,,,,,2,NO INDICATION OF INJURY,0.0,0.0,0.0,0.0,0.0,2.0,0.0,13,6,11,41.8712549538,-87.6765241678,POINT (-87.676524167782 41.871254953833)
78e8db63b33e9ee8901ad756e3f4419da9d1a42eca960d5756eebefe1d39023be972d3ee945d147abced15d81d74ba85a81084117457f87800f8a46d84dce23a,JE398372,,10/04/2021 10:50:00 PM,30,TRAFFIC SIGNAL,FUNCTIONING PROPERLY,CLEAR,"DARKNESS, LIGHTED ROAD",PARKED MOTOR VEHICLE,DIVIDED - W/MEDIAN BARRIER,,STRAIGHT AND LEVEL,DRY,NO DEFECTS,ON SCENE,INJURY AND / OR TOW DUE TO CRASH,,,Y,"OVER $1,500",10/04/2021 10:52:00 PM,PHYSICAL CONDITION OF DRIVER,NOT APPLICABLE,4001,N,ASHLAND AVE,1912.0,Y,Y,,,,,3,FATAL,1.0,1.0,0.0,0.0,0.0,1.0,0.0,22,2,10,41.9543851408,-87.6689051237,POINT (-87.668905123656 41.954385140848)
c59a5f0198d1fefb058cf9fa43017cbaa99cc9a8676c3ad4ea93d29ffa6e8e38afb7caa4430ddf87a2d715849471303b7f44760ae7934a8cfa864b9722255971,JB239321,,04/26/2018 06:40:00 PM,30,NO CONTROLS,NO CONTROLS,CLEAR,DAYLIGHT,REAR END,NOT DIVIDED,4.0,STRAIGHT AND LEVEL,DRY,NO DEFECTS,NOT ON SCENE (DESK REPORT),NO INJURY / DRIVE AWAY,Y,,,"$501 - $1,500",04/26/2018 08:10:00 PM,FOLLOWING TOO CLOSELY,FAILING TO REDUCE SPEED TO AVOID CRASH,5140,W,DIVERSEY AVE,2521.0,,,,,,,2,NO INDICATION OF INJURY,0.0,0.0,0.0,0.0,0.0,2.0,0.0,18,5,4,41.931520623,-87.7556129921,POINT (-87.755612992086 41.931520622962)
3fa9471af6039d7c5f4def229cbfeba5fb8bddd98a7e252dc1a04f3f5ab7a5bac184ab6e410df5687417560b6573d2e39ba2808ef0afc4c72b03e740d3e06bd4,HY437469,,09/25/2015 03:27:00 AM,30,NO CONTROLS,NO CONTROLS,CLEAR,"DARKNESS, LIGHTED ROAD",REAR END,OTHER,,STRAIGHT AND LEVEL,OTHER,NO DEFECTS,NOT ON SCENE (DESK REPORT),NO INJURY / DRIVE AWAY,,,,$500 OR LESS,09/25/2015 09:30:00 AM,UNABLE TO DETERMINE,UNABLE TO DETERMINE,4244,S,WENTWORTH AVE,925.0,,,,,,,2,NO INDICATION OF INJURY,0.0,0.0,0.0,0.0,0.0,2.0,0.0,3,6,9,41.8169342782,-87.6313584632,POINT (-87.631358463152 41.816934278225)
32acb84929cd32545ba22588ae0c8b58d17f93021ce11be389ac77fda74ae1776df9cd19092d400c39eb356b91845867af84cef372d58a2cffb060c378a2eff3,JF500740,,12/06/2022 05:20:00 PM,30,NO CONTROLS,NO CONTROLS,CLEAR,DARKNESS,PARKED MOTOR VEHICLE,NOT DIVIDED,,STRAIGHT AND LEVEL,UNKNOWN,UNKNOWN,NOT ON SCENE (DESK REPORT),NO INJURY / DRIVE AWAY,,,,"$501 - $1,500",12/06/2022 07:58:00 PM,IMPROPER OVERTAKING/PASSING,UNABLE TO DETERMINE,920,W,BELMONT AVE,1924.0,,,,,,,2,NO INDICATION OF INJURY,0.0,0.0,0.0,0.0,0.0,3.0,0.0,17,3,12,41.9400469097,-87.652393356,POINT (-87.652393356017 41.940046909662)
884d767d8a94f91733111ad9c845e01dc3c4a28341925c6a265d1779251a851ee8d405d35e078098b2db45452bc4a2bd057300d45dbfbdc2657c15ea4f4eab81,JD412046,,10/26/2020 10:00:00 PM,30,NO CONTROLS,NO CONTROLS,CLEAR,"DARKNESS, LIGHTED ROAD",HEAD ON,NOT DIVIDED,,STRAIGHT AND LEVEL,DRY,NO DEFECTS,ON SCENE,NO INJURY / DRIVE AWAY,,,Y,"OVER $1,500",10/26/2020 10:54:00 PM,UNABLE TO DETERMINE,UNABLE TO DETERMINE,7600,S,HALSTED ST,621.0,,,,,,,2,NO INDICATION OF INJURY,0.0,0.0,0.0,0.0,0.0,2.0,0.0,22,2,10,41.7559957905,-87.6443282389,POINT (-87.644328238864 41.755995790481)
61190dcc85510b578a7679a8a5874a3b8ac3614fa3e6067156b4bd7ad68126ce9fd2de47395b8fa760c2bad524e46a78db114a956149e1bf85531033cdb95200,JG351883,,07/22/2023 05:25:00 PM,30,NO CONTROLS,NO CONTROLS,CLEAR,DAYLIGHT,SIDESWIPE SAME DIRECTION,NOT DIVIDED,,STRAIGHT AND LEVEL,DRY,NO DEFECTS,NOT ON SCENE (DESK REPORT),NO INJURY / DRIVE AWAY,,,Y,"$501 - $1,500",07/22/2023 05:45:00 PM,UNABLE TO DETERMINE,UNABLE TO DETERMINE,644,N,SACRAMENTO BLVD,1221.0,,,,,,,2,NO INDICATION OF INJURY,0.0,0.0,0.0,0.0,0.0,2.0,0.0,17,7,7,41.8932580944,-87.702277965,POINT (-87.702277965033 41.893258094408)
eeed11dfba2dfd8136413355d11f966b8e9d099fb95253f882b4ef40a10d33cb74f7f6439cada055738249e06ba79ef18a8de2e84f1f2bc5beffcd9b9c2f7891,JE328243,,08/06/2021 08:00:00 AM,30,NO CONTROLS,NO CONTROLS,CLEAR,DAYLIGHT,PARKED MOTOR VEHICLE,PARKING LOT,,STRAIGHT AND LEVEL,DRY,NO DEFECTS,NOT ON SCENE (DESK REPORT),NO INJURY / DRIVE AWAY,,,Y,"$501 - $1,500",08/06/2021 12:41:00 PM,UNABLE TO DETERMINE,UNABLE TO DETERMINE,5434,W,CONGRESS PKWY,1522.0,,,,,,,2,NO INDICATION OF INJURY,0.0,0.0,0.0,0.0,0.0,1.0,0.0,8,6,8,41.8739807748,-87.7608967641,POINT (-87.760896764135 41.873980774803)
17b3ba53708cfd1f5e45b11a9d28c532c95026ce6a4c0907b4766e9584b71568cd6ebc27fc96163e1d82e60a237cf042a59f6a3c7d0afd8a5da6fd19d428842e,JE293846,,07/07/2021 07:00:00 PM,0,NO CONTROLS,NO CONTROLS,CLEAR,DAYLIGHT,PARKED MOTOR VEHICLE,OTHER,,STRAIGHT AND LEVEL,DRY,UNKNOWN,NOT ON SCENE (DESK REPORT),NO INJURY / DRIVE AWAY,,Y,,"OVER $1,500",07/07/2021 07:05:00 PM,UNABLE TO DETERMINE,UNABLE TO DETERMINE,1900,N,AUSTIN AVE,2513.0,,,,,,,2,NO INDICATION OF INJURY,0.0,0.0,0.0,0.0,0.0,1.0,0.0,19,4,7,41.9148204267,-87.7755596697,POINT (-87.775559669684 41.914820426706)
73d2068cc173d91c9fbf2b3664c416b7087ac97c6c0c1620e38c7cf38f4f350001d4c3e4883f362f9b899bacafdf240d5a74c52675b9c8d5acdc13bb2822ae1a,HZ253559,,05/05/2016 02:30:00 PM,15,NO CONTROLS,NO CONTROLS,CLEAR,DAYLIGHT,ANGLE,PARKING LOT,0.0,STRAIGHT AND LEVEL,DRY,NO DEFECTS,NOT ON SCENE (DESK REPORT),NO INJURY / DRIVE AWAY,,,,"$501 - $1,500",05/06/2016 12:46:00 PM,IMPROPER BACKING,UNABLE TO DETERMINE,9500,S,DR MARTIN LUTHER KING JR DR,511.0,Y,,,,,,2,NO INDICATION OF INJURY,0.0,0.0,0.0,0.0,0.0,2.0,0.0,14,5,5,41.7217992199,-87.614287076,POINT (-87.614287075979 41.721799219894)
66428577058048b8df890943b36b807ed0978dfe9013dc2af5546aca4cdfe79eb1e6810bdde54477804153896745c8aeca9576aa8a951cda31eb03c2b0bc42c3,HZ550713,,12/13/2016 07:58:00 PM,30,STOP SIGN/FLASHER,FUNCTIONING PROPERLY,SNOW,DARKNESS,ANGLE,NOT DIVIDED,2.0,STRAIGHT AND LEVEL,SNOW OR SLUSH,NO DEFECTS,NOT ON SCENE (DESK REPORT),NO INJURY / DRIVE AWAY,Y,,,"$501 - $1,500",12/13/2016 08:30:00 PM,UNABLE TO DETERMINE,UNABLE TO DETERMINE,4223,W,CERMAK RD,1013.0,,,,,,,2,NO INDICATION OF INJURY,0.0,0.0,0.0,0.0,0.0,3.0,0.0,19,3,12,41.8513537968,-87.7305846952,POINT (-87.730584695176 41.851353796755)
2bf39f579a189798d7674c8bd5f29fcabd920f0ca9ea33435427a0cc9b5546a2ecee01da50a8d6577eb1ee54f13e392fe93831f4ced9de84c2dcfbc313211e14,HZ517636,,11/16/2016 01:45:00 PM,55,NO CONTROLS,NO CONTROLS,CLEAR,DAYLIGHT,SIDESWIPE SAME DIRECTION,DIVIDED - W/MEDIAN (NOT RAISED),6.0,STRAIGHT AND LEVEL,DRY,NO DEFECTS,NOT ON SCENE (DESK REPORT),NO INJURY / DRIVE AWAY,,,Y,"$501 - $1,500",11/16/2016 02:35:00 PM,IMPROPER OVERTAKING/PASSING,NOT APPLICABLE,659,S,LAKE SHORE DR SB,114.0,,,,,,,2,NO INDICATION OF INJURY,0.0,0.0,0.0,0.0,0.0,3.0,0.0,13,4,11,41.873324106,-87.6169363726,POINT (-87.616936372647 41.873324106032)
6daeb70471b5ef9de134deda696c7cf1fdca49e9d3c3fb3bea4f627db4da8ec39a0aedc9e8c97d8c8a7838342aadc312ef7b35adf701fbd0c4a438a9db244bdb,JB554436,,12/15/2018 11:45:00 AM,30,NO CONTROLS,NO CONTROLS,CLEAR,DAYLIGHT,PARKED MOTOR VEHICLE,DIVIDED - W/MEDIAN (NOT RAISED),,STRAIGHT AND LEVEL,DRY,NO DEFECTS,NOT ON SCENE (DESK REPORT),NO INJURY / DRIVE AWAY,,,,$500 OR LESS,12/15/2018 01:06:00 PM,UNABLE TO DETERMINE,NOT APPLICABLE,6951,N,SHERIDAN RD,2431.0,,,,,,,2,NO INDICATION OF INJURY,0.0,0.0,0.0,0.0,0.0,3.0,0.0,11,7,12,42.0082457904,-87.661628089,POINT (-87.66162808904 42.008245790403)
2553ff463d1323bf96a45fc5491dbe3e49a7f22ef0fde4ad5b9bcdd6fe99c1fa47ec19fb68a5e0af9bb57f068f8d8676ea88e13407982dc657c0b10e88f6ba80,HZ556032,,12/17/2016 10:00:00 PM,30,NO CONTROLS,NO CONTROLS,SNOW,"DARKNESS, LIGHTED ROAD",REAR END,NOT DIVIDED,2.0,STRAIGHT AND LEVEL,SNOW OR SLUSH,NO DEFECTS,NOT ON SCENE (DESK REPORT),NO INJURY / DRIVE AWAY,,,,"$501 - $1,500",12/18/2016 01:21:00 PM,FOLLOWING TOO CLOSELY,WEATHER,1550,E,HYDE PARK BLVD,222.0,,,,,,,2,NO INDICATION OF INJURY,0.0,0.0,0.0,0.0,0.0,2.0,0.0,22,7,12,41.8025916337,-87.5873121607,POINT (-87.587312160684 41.802591633735)
34fbf64015bb3d8fe8eaa2308d86282ba84406819834ea2edc1bff502c7438d7059b6dd65b10b44ad363b19910cd2d4c3883c0295ec9bb7c8bbae3b568913e66,JC143638,,02/07/2019 12:30:00 PM,0,TRAFFIC SIGNAL,FUNCTIONING PROPERLY,RAIN,DAYLIGHT,REAR END,DIVIDED - W/MEDIAN (NOT RAISED),4.0,STRAIGHT AND LEVEL,WET,NO DEFECTS,NOT ON SCENE (DESK REPORT),NO INJURY / DRIVE AWAY,,,Y,"OVER $1,500",02/07/2019 02:00:00 PM,FOLLOWING TOO CLOSELY,UNABLE TO DETERMINE,9,E,63RD ST,312.0,,,,,,,2,NO INDICATION OF INJURY,0.0,0.0,0.0,0.0,0.0,2.0,0.0,12,5,2,41.7799461275,-87.6249964949,POINT (-87.624996494891 41.779946127522)
08e151b82cbd66ff6f134c607de4838a6745453f990fa47ac5e832dab2c2ee7633a8535f946f6ac92216d1093d52dd6b6357f54c32a1403afe35df4989019b87,JA476857,,10/19/2017 07:16:00 AM,30,NO CONTROLS,NO CONTROLS,CLEAR,DAYLIGHT,OTHER OBJECT,PARKING LOT,,STRAIGHT AND LEVEL,DRY,NO DEFECTS,ON SCENE,NO INJURY / DRIVE AWAY,,Y,,"OVER $1,500",10/19/2017 07:16:00 AM,DRIVING SKILLS/KNOWLEDGE/EXPERIENCE,NOT APPLICABLE,3610,N,WESTERN AVE,1921.0,,,,,,,1,NO INDICATION OF INJURY,0.0,0.0,0.0,0.0,0.0,4.0,0.0,7,5,10,41.9471006865,-87.6884137194,POINT (-87.688413719427 41.947100686508)
5be8dc5d19481a56e8e6d477e44e334893bf1ba62c1af659cd2bae9f140ae10437ea060d52b17df4d0c36986bafd8125bdd5bf169702c310ddeda61274ab31e7,JG123389,,01/20/2023 04:47:00 PM,30,NO CONTROLS,NO CONTROLS,CLEAR,DAYLIGHT,TURNING,DIVIDED - W/MEDIAN (NOT RAISED),,STRAIGHT AND LEVEL,DRY,NO DEFECTS,ON SCENE,NO INJURY / DRIVE AWAY,,,,"$501 - $1,500",01/20/2023 04:49:00 PM,IMPROPER LANE USAGE,NOT APPLICABLE,5521,S,KEDZIE AVE,824.0,,,,,,,2,NO INDICATION OF INJURY,0.0,0.0,0.0,0.0,0.0,6.0,0.0,16,6,1,41.7928616696,-87.7033892581,POINT (-87.703389258136 41.792861669618)
0d53db923739e127d753254bb0e7bb9aa152080c9a0829771f3abc7566abd2e5c7c041c17222dc347a92338b96e4016f5762c90d124fb3833f28a270a0a51140,JD275976,,06/25/2020 03:49:00 PM,30,TRAFFIC SIGNAL,FUNCTIONING PROPERLY,CLEAR,DAYLIGHT,TURNING,NOT DIVIDED,,STRAIGHT AND LEVEL,DRY,NO DEFECTS,ON SCENE,INJURY AND / OR TOW DUE TO CRASH,Y,,Y,"OVER $1,500",06/25/2020 03:50:00 PM,IMPROPER OVERTAKING/PASSING,UNABLE TO DETERMINE,400,E,31ST ST,133.0,,,,,,,2,NO INDICATION OF INJURY,0.0,0.0,0.0,0.0,0.0,2.0,0.0,15,5,6,41.8385340181,-87.6170461135,POINT (-87.617046113457 41.838534018119)
a7c3149ab73b8152dc2b5ab06d6093f65400c116d76d1fabf23f25d29dd2e736c9fead5dbe97f88ad3c70c2244e18d30fa0fc41e64619d7227e6725c49b2011d,JA234188,N,04/21/2017 10:02:00 PM,30,TRAFFIC SIGNAL,FUNCTIONING PROPERLY,CLEAR,"DARKNESS, LIGHTED ROAD",ANGLE,DIVIDED - W/MEDIAN BARRIER,4.0,STRAIGHT AND LEVEL,DRY,NO DEFECTS,ON SCENE,INJURY AND / OR TOW DUE TO CRASH,Y,,,"OVER $1,500",04/21/2017 10:05:00 PM,EXCEEDING AUTHORIZED SPEED LIMIT,UNABLE TO DETERMINE,2400,W,ADDISON ST,1921.0,,,,,,,3,NONINCAPACITATING INJURY,3.0,0.0,0.0,3.0,0.0,2.0,0.0,22,6,4,41.946839991,-87.6883201925,POINT (-87.68832019253 41.946839991005)
bfdc118e8786537778542dbe54984bffb979aa82940779967c32cb23fa8acd515946ac4bc8074c24fc6294bf955eb51d0931ee39e63d38272909f0cc1f91eb4f,JC467734,,10/10/2019 04:42:00 PM,30,UNKNOWN,UNKNOWN,UNKNOWN,UNKNOWN,SIDESWIPE SAME DIRECTION,NOT DIVIDED,,STRAIGHT AND LEVEL,UNKNOWN,UNKNOWN,NOT ON SCENE (DESK REPORT),NO INJURY / DRIVE AWAY,,,Y,"$501 - $1,500",10/10/2019 05:35:00 PM,UNABLE TO DETERMINE,NOT APPLICABLE,925,W,ARMITAGE AVE,1813.0,,,,,,,2,NO INDICATION OF INJURY,0.0,0.0,0.0,0.0,0.0,5.0,0.0,16,5,10,41.9180158574,-87.6520040945,POINT (-87.652004094512 41.918015857414)