CRASH_RECORD_ID,RD_NO,CRASH_DATE_EST_I,CRASH_DATE,POSTED_SPEED_LIMIT,TRAFFIC_CONTROL_DEVICE,DEVICE_CONDITION,WEATHER_CONDITION,LIGHTING_CONDITION,FIRST_CRASH_TYPE,TRAFFICWAY_TYPE,LANE_CNT,ALIGNMENT,ROADWAY_SURFACE_COND,ROAD_DEFECT,REPORT_TYPE,CRASH_TYPE,INTERSECTION_RELATED_I,NOT_RIGHT_OF_WAY_I,HIT_AND_RUN_I,DAMAGE,DATE_POLICE_NOTIFIED,PRIM_CONTRIBUTORY_CAUSE,SEC_CONTRIBUTORY_CAUSE,STREET_NO,STREET_DIRECTION,STREET_NAME,BEAT_OF_OCCURRENCE,PHOTOS_TAKEN_I,STATEMENTS_TAKEN_I,DOORING_I,WORK_ZONE_I,WORK_ZONE_TYPE,WORKERS_PRESENT_I,NUM_UNITS,MOST_SEVERE_INJURY,INJURIES_TOTAL,INJURIES_FATAL,INJURIES_INCAPACITATING,INJURIES_NON_INCAPACITATING,INJURIES_REPORTED_NOT_EVIDENT,INJURIES_NO_INDICATION,INJURIES_UNKNOWN,CRASH_HOUR,CRASH_DAY_OF_WEEK,CRASH_MONTH,LATITUDE,LONGITUDE,LOCATION
7cb4d0cbf7ea7edbfbb3a9150c86867afbc5bf184edcf1114c8d33bc7916a5af2ee158c8d94e042512dac91591a09cd09e6d7b5e287dc3f2d93146958f86e3b3,JF490585,,11/28/2022 01:00:00 PM,30,TRAFFIC SIGNAL,FUNCTIONING PROPERLY,CLEAR,DAYLIGHT,REAR END,FOUR WAY,,STRAIGHT AND LEVEL,DRY,NO DEFECTS,NOT ON SCENE (DESK REPORT),NO INJURY / DRIVE AWAY,Y,,,"OVER $1,500",11/28/2022 01:49:00 PM,FOLLOWING TOO CLOSELY,NOT APPLICABLE,200,N,LARAMIE AVE,1523.0,,,,,,,2,NO INDICATION OF INJURY,0.0,0.0,0.0,0.0,0.0,2.0,0.0,13,2,11,41.8843827575,-87.7553594629,POINT (-87.755359462944 41.884382757514)
2643b025f3e047c3847363effdd83768b42af1ecb2e47f76e64f0b53e26a16d3bd6fda4a499301bc7e09d8ddff74c3e3cfbe00b8ea778a9cb777f8c8857e3550,JC312592,N,06/19/2019 08:45:00 AM,35,TRAFFIC SIGNAL,FUNCTIONING PROPERLY,CLEAR,DAWN,TURNING,T-INTERSECTION,,STRAIGHT AND LEVEL,WET,NO DEFECTS,ON SCENE,INJURY AND / OR TOW DUE TO CRASH,Y,,,"OVER $1,500",06/19/2019 09:00:00 AM,UNABLE TO DETERMINE,UNABLE TO DETERMINE,2550,W,FOSTER AVE,2011.0,,,,,,,2,INCAPACITATING INJURY,2.0,0.0,1.0,0.0,1.0,1.0,0.0,8,4,6,41.9759648101,-87.6939927359,POINT (-87.693992735921 41.975964810071)
a1ae95ff5076f33eb0b9bc3836b53a09a3532817ad701e56eefb9667060cf3f3e7011e1e5be504619062964953329eb2290ea15e9f9008ba1f914e7739e0440e,JF223287,,04/28/2022 03:30:00 PM,30,NO CONTROLS,NO CONTROLS,CLEAR,DAYLIGHT,SIDESWIPE SAME DIRECTION,NOT DIVIDED,,STRAIGHT AND LEVEL,DRY,NO DEFECTS,NOT ON SCENE (DESK REPORT),NO INJURY / DRIVE AWAY,,,,"$501 - $1,500",04/28/2022 04:30:00 PM,NOT APPLICABLE,UNABLE TO DETERMINE,4000,W,IRVING PARK RD,1722.0,,,,,,,2,NO INDICATION OF INJURY,0.0,0.0,0.0,0.0,0.0,2.0,0.0,15,5,4,41.9537568745,-87.7276985131,POINT (-87.727698513129 41.953756874475)
d2ebf89e95c6131d3c119ae92f6ca02f8cc4f12e9b904e03c2420571dcc0349474daa84edd7c262877fc9a3a1ab75b117bfe7dfcd5c47ca9ca46c7389115d879,HZ393187,,08/13/2016 06:45:00 PM,30,NO CONTROLS,NO CONTROLS,CLEAR,DAYLIGHT,REAR END,NOT DIVIDED,2.0,STRAIGHT AND LEVEL,DRY,NO DEFECTS,NOT ON SCENE (DESK REPORT),NO INJURY / DRIVE AWAY,,,,"OVER $1,500",08/15/2016 04:00:00 PM,UNABLE TO DETERMINE,UNABLE TO DETERMINE,1982,N,CLYBOURN AVE,1811.0,,,,,,,2,NO INDICATION OF INJURY,0.0,0.0,0.0,0.0,0.0,2.0,0.0,18,7,8,41.917167001,-87.6584532264,POINT (-87.65845322644 41.917167000959)
416eda6f558eaaf7d3d5865d1f0210d5fbeac76477f5379ca8e238512c484fa27cc9d3e2eef192a2d2650b2fd2098b161ec72c941a86afd7e4ab58f3f79f45ea,JA103713,,01/04/2017 09:28:00 AM,0,NO CONTROLS,NO CONTROLS,CLEAR,DAYLIGHT,REAR END,DIVIDED - W/MEDIAN (NOT RAISED),2.0,STRAIGHT AND LEVEL,DRY,NO DEFECTS,NOT ON SCENE (DESK REPORT),NO INJURY / DRIVE AWAY,,,,"OVER $1,500",01/04/2017 10:00:00 AM,UNABLE TO DETERMINE,UNABLE TO DETERMINE,680,N,MC CLURG CT,1834.0,,,,,,,2,NO INDICATION OF INJURY,0.0,0.0,0.0,0.0,0.0,2.0,0.0,9,4,1,41.895007426,-87.6179371106,POINT (-87.617937110581 41.89500742604)
50aae68aeae94716ef54af9228b0d937dc519b6744e8cd4bce69ba5d1de5308fa890bd2424483f1370aaa5063d2086a8f9518dbe749a5061ddeee954ad61fa7c,HZ503221,,11/05/2016 07:39:00 AM,20,NO CONTROLS,NO CONTROLS,CLEAR,DAYLIGHT,SIDESWIPE SAME DIRECTION,NOT DIVIDED,2.0,STRAIGHT AND LEVEL,UNKNOWN,UNKNOWN,NOT ON SCENE (DESK REPORT),NO INJURY / DRIVE AWAY,,,,$500 OR LESS,11/05/2016 07:55:00 AM,UNABLE TO DETERMINE,UNABLE TO DETERMINE,1207,W,PRATT BLVD,2432.0,,,,,,,2,NO INDICATION OF INJURY,0.0,0.0,0.0,0.0,0.0,2.0,0.0,7,7,11,42.005425228,-87.6612833496,POINT (-87.661283349576 42.005425227986)
4199b3d269975f5e189446198a980ed3264896b29bf5ea7cea44ea91acd4361c247d3665cf4d53c8f2ab12fc913165f83d41bbd5ae741bf3422ee8bfccf04b11,JF319896,,07/16/2022 03:58:00 PM,30,TRAFFIC SIGNAL,FUNCTIONING PROPERLY,CLEAR,DAYLIGHT,TURNING,DIVIDED - W/MEDIAN (NOT RAISED),,STRAIGHT AND LEVEL,DRY,NO DEFECTS,NOT ON SCENE (DESK REPORT),NO INJURY / DRIVE AWAY,,,,"OVER $1,500",07/16/2022 04:56:00 PM,UNABLE TO DETERMINE,UNABLE TO DETERMINE,3958,N,PULASKI RD,1732.0,,,,,,,2,NO INDICATION OF INJURY,0.0,0.0,0.0,0.0,0.0,3.0,0.0,15,7,7,41.9535993173,-87.7277629541,POINT (-87.727762954083 41.953599317324)
c719ad24421186a46a31e0fc563deccb52361aa63f278a635c15802e9207a12da4fcc3471864d2f79332af0f666c0a69960a731b81adf95b49cd4e0ce710038f,JD365572,,09/13/2020 04:00:00 AM,30,NO CONTROLS,NO CONTROLS,RAIN,"DARKNESS, LIGHTED ROAD",PARKED MOTOR VEHICLE,DIVIDED - W/MEDIAN (NOT RAISED),,STRAIGHT AND LEVEL,WET,NO DEFECTS,ON SCENE,INJURY AND / OR TOW DUE TO CRASH,,,Y,"OVER $1,500",09/13/2020 04:06:00 AM,UNABLE TO DETERMINE,UNABLE TO DETERMINE,208,N,CENTRAL PARK AVE,1123.0,,,,,,,4,NO INDICATION OF INJURY,0.0,0.0,0.0,0.0,0.0,1.0,0.0,4,1,9,41.8852375434,-87.7161742193,POINT (-87.716174219328 41.885237543449)
b72a89dd817de113ff1c435fc4ce81138fceb62fd66d95b2178f33fae13e54874e577db12355537c659d678234c41a56311cf72be6a377e5dfdb484caffc5192,JE279557,,06/25/2021 07:25:00 PM,30,NO CONTROLS,NO CONTROLS,CLEAR,DUSK,REAR END,NOT DIVIDED,,STRAIGHT AND LEVEL,DRY,NO DEFECTS,NOT ON SCENE (DESK REPORT),NO INJURY / DRIVE AWAY,,,,"$501 - $1,500",06/25/2021 09:10:00 PM,FAILING TO REDUCE SPEED TO AVOID CRASH,UNABLE TO DETERMINE,1032,W,59TH ST,712.0,,,,,,,2,NO INDICATION OF INJURY,0.0,0.0,0.0,0.0,0.0,2.0,0.0,19,6,6,41.7870468383,-87.6511107198,POINT (-87.651110719764 41.787046838309)
0f5703210f7cd2c99d607ce02c1cfef4badea5cd5bb1a9898d7108103cd1d8644abf103f6ecfcd61764e6b9df21a5bddabd1e9a04faa0abd5f9f305151e7515b,JF484350,,11/22/2022 07:30:00 PM,25,NO CONTROLS,NO CONTROLS,CLEAR,"DARKNESS, LIGHTED ROAD",PARKED MOTOR VEHICLE,NOT DIVIDED,,STRAIGHT AND LEVEL,DRY,UNKNOWN,ON SCENE,INJURY AND / OR TOW DUE TO CRASH,,,,"OVER $1,500",11/22/2022 07:35:00 PM,EQUIPMENT - VEHICLE CONDITION,NOT APPLICABLE,6627,S,ABERDEEN ST,724.0,,,,,,,2,NO INDICATION OF INJURY,0.0,0.0,0.0,0.0,0.0,2.0,0.0,19,3,11,41.7733649022,-87.6517621778,POINT (-87.651762177759 41.773364902212)
f5ed15b18d7baaf3355cb15699b90284d56ef9ef6fa50aaaa7be8ff822f5032379e3d2b433097771fb20e7467a08cf4224f629253cf876a1a4d7902af2d81cd9,JC533320,,12/03/2019 03:40:00 PM,35,TRAFFIC SIGNAL,UNKNOWN,CLEAR,"DARKNESS, LIGHTED ROAD",TURNING,FOUR WAY,,STRAIGHT AND LEVEL,DRY,NO DEFECTS,NOT ON SCENE (DESK REPORT),NO INJURY / DRIVE AWAY,,,Y,"OVER $1,500",12/03/2019 06:00:00 PM,UNABLE TO DETERMINE,NOT APPLICABLE,4399,W,41ST ST,815.0,,,,,,,2,NO INDICATION OF INJURY,0.0,0.0,0.0,0.0,0.0,2.0,0.0,15,3,12,41.818204004,-87.7323648392,POINT (-87.732364839232 41.818204003984)
2c008b33d61307537c3a4d7981c004f2655cc9f4da44c2839cf5142e08f3fc9b5a4bb667734d9ba70a823bb41d815c86822cc9109cda6750e80f3f8901bae167,JG339205,,07/13/2023 11:20:00 AM,35,NO CONTROLS,NO CONTROLS,CLEAR,DAYLIGHT,SIDESWIPE SAME DIRECTION,NOT DIVIDED,,STRAIGHT AND LEVEL,DRY,NO DEFECTS,NOT ON SCENE (DESK REPORT),NO INJURY / DRIVE AWAY,,,,"OVER $1,500",07/13/2023 12:00:00 PM,UNABLE TO DETERMINE,NOT APPLICABLE,1616,N,WELLS ST,1814.0,,,,,,,2,NO INDICATION OF INJURY,0.0,0.0,0.0,0.0,0.0,2.0,0.0,11,5,7,41.9116737368,-87.6348736227,POINT (-87.634873622743 41.911673736847)
8e10302fe1fd3a561e8e39dc8083bf08f98403ce3a7eb5fdfd236f6d5325b0c585d8ae353396dec6b82b3cf0504dc13113b389302426d3f0b5c8ff3b50f16cac,JB234386,,04/23/2018 08:01:00 AM,30,TRAFFIC SIGNAL,FUNCTIONING PROPERLY,CLEAR,DAYLIGHT,ANGLE,NOT DIVIDED,4.0,STRAIGHT AND LEVEL,DRY,NO DEFECTS,NOT ON SCENE (DESK REPORT),NO INJURY / DRIVE AWAY,,,,"$501 - $1,500",04/23/2018 09:15:00 AM,UNABLE TO DETERMINE,UNABLE TO DETERMINE,2800,W,47TH ST,922.0,,,,,,,2,NO INDICATION OF INJURY,0.0,0.0,0.0,0.0,0.0,2.0,0.0,8,2,4,41.8083895872,-87.6942693207,POINT (-87.694269320714 41.808389587198)
182eb4813dff19b7faab9b970158b4dcf46e09d8e2aab1ef6126316f8e7c24e116b38b38cd2b3ffe12708a91bb062ecbee4aead346129a230863ae954861977f,JE287623,,07/02/2021 09:35:00 AM,20,NO CONTROLS,NO CONTROLS,CLEAR,DAYLIGHT,PARKED MOTOR VEHICLE,ONE-WAY,,STRAIGHT AND LEVEL,DRY,NO DEFECTS,,NO INJURY / DRIVE AWAY,,,Y,"OVER $1,500",07/02/2021 05:52:00 PM,NOT APPLICABLE,NOT APPLICABLE,3815,N,SACRAMENTO AVE,1733.0,,,,,,,2,NO INDICATION OF INJURY,0.0,0.0,0.0,0.0,0.0,1.0,0.0,9,6,7,41.9507944922,-87.7028937547,POINT (-87.702893754676 41.950794492219)
c98b64682683b6a7e14794014b3fe41624e348dfe1962781da9bb2c63e4f482670604461fe8fc42d9afb387a6c514da6447171a6f461141c28b6b8e200bffc45,JG161332,,02/21/2023 10:15:00 PM,30,TRAFFIC SIGNAL,FUNCTIONING PROPERLY,CLEAR,"DARKNESS, LIGHTED ROAD",REAR END,NOT DIVIDED,,STRAIGHT AND LEVEL,DRY,UNKNOWN,NOT ON SCENE (DESK REPORT),NO INJURY / DRIVE AWAY,,,,"$501 - $1,500",02/21/2023 11:00:00 PM,FOLLOWING TOO CLOSELY,FOLLOWING TOO CLOSELY,6308,N,CENTRAL AVE,1621.0,,,,,,,2,NO INDICATION OF INJURY,0.0,0.0,0.0,0.0,0.0,2.0,0.0,22,3,2,41.996371597,-87.7642770382,POINT (-87.764277038221 41.996371597022)
8add372df121c3ef21aa8a1f82ee29f8e74ab7ae686ca9d4075a99707461913bd07a2be483964a0ba5f6ddafe1d118fd5608c246fbebf5bf735bb71b2c3df53d,JB245462,,05/01/2018 02:40:00 PM,15,NO CONTROLS,NO CONTROLS,CLEAR,DAYLIGHT,PEDESTRIAN,OTHER,1.0,STRAIGHT AND LEVEL,DRY,NO DEFECTS,ON SCENE,INJURY AND / OR TOW DUE TO CRASH,,,Y,$500 OR LESS,05/01/2018 02:45:00 PM,IMPROPER BACKING,UNABLE TO DETERMINE,9901,S,DR MARTIN LUTHER KING JR DR,511.0,,,,,,,2,"REPORTED, NOT EVIDENT",1.0,0.0,0.0,0.0,1.0,1.0,0.0,14,3,5,41.7145740319,-87.6138305262,POINT (-87.613830526229 41.714574031879)
d9937335eecaf0674047194583fc4bc52f094223fabcc7625f954f0d4da558851707ce18383b40b4dc2c3255bdf53c754268990f116dd5940170157475ea2f26,JA439682,,09/20/2017 06:30:00 PM,30,NO CONTROLS,NO CONTROLS,CLEAR,DAYLIGHT,REAR END,ONE-WAY,,STRAIGHT AND LEVEL,DRY,NO DEFECTS,NOT ON SCENE (DESK REPORT),NO INJURY / DRIVE AWAY,,,,"OVER $1,500",09/20/2017 07:00:00 PM,UNABLE TO DETERMINE,NOT APPLICABLE,2548,N,KEDZIE BLVD,1413.0,,,,,,,2,NO INDICATION OF INJURY,0.0,0.0,0.0,0.0,0.0,2.0,0.0,18,4,9,41.9279235985,-87.70772439,POINT (-87.707724390015 41.927923598547)
f310cf13f408eeb0eaf33a66435231cf6fd54ef3c00af065e2fdbba1b7f73e0a72c3c983ff1f9962e0ac089422e6fe128eb585d7e48e4bbe2e8bc59d719c7db0,JE144947,,02/18/2021 02:54:00 PM,30,NO CONTROLS,NO CONTROLS,SNOW,DAYLIGHT,PARKED MOTOR VEHICLE,NOT DIVIDED,,STRAIGHT AND LEVEL,ICE,UNKNOWN,NOT ON SCENE (DESK REPORT),NO INJURY / DRIVE AWAY,,,,"$501 - $1,500",02/18/2021 02:56:00 PM,WEATHER,WEATHER,1970,S,SPRINGFIELD AVE,1014.0,,,,,,,2,NO INDICATION OF INJURY,0.0,0.0,0.0,0.0,0.0,2.0,0.0,14,5,2,41.8534184135,-87.7224456255,POINT (-87.722445625459 41.853418413507)
656d39106ac84945263eaab6f7bc06dff448b829fdb7bc203d80fa289c81316b249a6a481a8ba2ee09140d96aace4731da7c140faa40e2e3162fc2d201ba7e9c,JA525096,,11/25/2017 07:00:00 PM,45,NO CONTROLS,NO CONTROLS,CLEAR,"DARKNESS, LIGHTED ROAD",REAR END,DIVIDED - W/MEDIAN (NOT RAISED),8.0,STRAIGHT AND LEVEL,DRY,NO DEFECTS,NOT ON SCENE (DESK REPORT),NO INJURY / DRIVE AWAY,,,,"$501 - $1,500",11/25/2017 07:00:00 PM,FOLLOWING TOO CLOSELY,NOT APPLICABLE,1600,S,LAKE SHORE DR E,132.0,,,,,,,2,NO INDICATION OF INJURY,0.0,0.0,0.0,0.0,0.0,4.0,0.0,19,7,11,41.8602572412,-87.6177106332,POINT (-87.617710633167 41.860257241153)
42d4cbdf979cd64bd9043cca52d00819dad3d7cbe04a3f214953cb57bf4a14b44855ce3082e2adf514200dea57f0f7ae2a630376483b4798e13d3b06c3bff178,JE137578,Y,02/09/2021 07:15:00 PM,30,NO CONTROLS,NO CONTROLS,CLEAR,DARKNESS,PARKED MOTOR VEHICLE,DIVIDED - W/MEDIAN (NOT RAISED),,STRAIGHT AND LEVEL,UNKNOWN,NO DEFECTS,NOT ON SCENE (DESK REPORT),NO INJURY / DRIVE AWAY,,,Y,"$501 - $1,500",02/10/2021 07:15:00 AM,UNABLE TO DETERMINE,UNABLE TO DETERMINE,539,N,ASHLAND AVE,1215.0,,,,,,,2,NO INDICATION OF INJURY,0.0,0.0,0.0,0.0,0.0,1.0,0.0,19,3,2,41.89220782,-87.6670313177,POINT (-87.667031317696 41.892207819975)
b39acbf8a5c89edeb67a2291833cbb3bbdadc68ddd7ab99df1e6bdef768b8fb548d2989aee3aa3ddc0495a269bb0e2502a818eb6a498696fa730cd1f1fd9845a,JE311588,,07/23/2021 04:43:00 PM,40,TRAFFIC SIGNAL,FUNCTIONING PROPERLY,RAIN,DAYLIGHT,TURNING,DIVIDED - W/MEDIAN (NOT RAISED),,STRAIGHT AND LEVEL,WET,NO DEFECTS,ON SCENE,NO INJURY / DRIVE AWAY,Y,,,"OVER $1,500",07/23/2021 04:43:00 PM,FAILING TO YIELD RIGHT-OF-WAY,NOT APPLICABLE,4000,N,CUMBERLAND AVE,1614.0,,,,,,,2,NO INDICATION OF INJURY,0.0,0.0,0.0,0.0,0.0,3.0,0.0,16,6,7,41.9521425871,-87.8368142669,POINT (-87.836814266937 41.952142587107)
8a926a8f2ea7fe5fa5c30b5d061b8da3443e5897a2729d92843a0e8f253ebcc98097fe8ded7f155df67fd08330d9398604667906201ae445773dfc44ef92a551,JD134932,,01/31/2020 10:30:00 AM,30,NO CONTROLS,NO CONTROLS,CLEAR,DAYLIGHT,ANGLE,OTHER,,STRAIGHT ON HILLCREST,DRY,NO DEFECTS,NOT ON SCENE (DESK REPORT),NO INJURY / DRIVE AWAY,,,,"OVER $1,500",01/31/2020 11:00:00 AM,FAILING TO YIELD RIGHT-OF-WAY,UNABLE TO DETERMINE,1801,W,TAYLOR ST,1231.0,,,,,,,2,NO INDICATION OF INJURY,0.0,0.0,0.0,0.0,0.0,2.0,0.0,10,6,1,41.8690832526,-87.6715316916,POINT (-87.671531691578 41.869083252589)
cb28ec1c4823cd15742c1769b00bf5dcc3b434c259a4c235fb07c33469acc3cc509806b4daeca0c8121afcd06033287726235e08ee257b0c6a490ddd74982c52,JC201562,,03/26/2019 10:30:00 AM,30,NO CONTROLS,NO CONTROLS,CLEAR,DAYLIGHT,PARKED MOTOR VEHICLE,DIVIDED - W/MEDIAN (NOT RAISED),2.0,STRAIGHT AND LEVEL,DRY,UNKNOWN,NOT ON SCENE (DESK REPORT),NO INJURY / DRIVE AWAY,,,Y,"$501 - $1,500",03/27/2019 01:35:00 PM,DRIVING SKILLS/KNOWLEDGE/EXPERIENCE,UNABLE TO DETERMINE,8614,S,COMMERCIAL AVE,423.0,,,,,,,2,NO INDICATION OF INJURY,0.0,0.0,0.0,0.0,0.0,1.0,0.0,10,3,3,41.7387117513,-87.55160133,POINT (-87.551601329987 41.738711751256)
f4e331f499b8799822adf1e5103773b698927bd0dca97eb97110030e6b3709424fcc92739b1183e44ec65fecb6aad22362da47f9721809179acca9d170ff9a71,JD118379,,01/16/2019 07:25:00 PM,30,TRAFFIC SIGNAL,FUNCTIONING PROPERLY,CLEAR,"DARKNESS, LIGHTED ROAD",REAR END,DIVIDED - W/MEDIAN BARRIER,,STRAIGHT ON GRADE,UNKNOWN,UNKNOWN,ON SCENE,INJURY AND / OR TOW DUE TO CRASH,Y,,,"OVER $1,500",01/16/2020 07:26:00 PM,IMPROPER BACKING,NOT APPLICABLE,112,E,WACKER DR,114.0,,Y,,,,,2,"REPORTED, NOT EVIDENT",1.0,0.0,0.0,0.0,1.0,2.0,0.0,19,4,1,41.888399178,-87.623954282,POINT (-87.623954281953 41.888399177959)
97ba88ce168f68210becb664da9a42136036a944ce7a90eb99e36208c1e21c9b82a8e2a33764df8b0b9fc8bdd2b1e1c8af2b2cfff4fb90c79112481b62d07091,JB143963,,02/07/2018 08:15:00 AM,30,NO CONTROLS,NO CONTROLS,SNOW,DAYLIGHT,PARKED MOTOR VEHICLE,NOT DIVIDED,,STRAIGHT AND LEVEL,SNOW OR SLUSH,NO DEFECTS,NOT ON SCENE (DESK REPORT),NO INJURY / DRIVE AWAY,,,Y,"$501 - $1,500",02/07/2018 09:42:00 AM,UNABLE TO DETERMINE,UNABLE TO DETERMINE,4621,S,GREENWOOD AVE,222.0,,,,,,,2,NO INDICATION OF INJURY,0.0,0.0,0.0,0.0,0.0,1.0,0.0,8,4,2,41.8107811888,-87.599144352,POINT (-87.599144351976 41.810781188778)
87ca1a0c18db8cd5b072cc09f3329a4e5fe7ca653ca8b4ec8d713fd2f406c51a6f835f1971d8cef42dd4dee47911ced9a0f57a835a824360b7373a576588c84c,JB451814,,09/26/2018 02:35:00 PM,30,TRAFFIC SIGNAL,FUNCTIONING PROPERLY,CLEAR,DAYLIGHT,HEAD ON,CENTER TURN LANE,2.0,STRAIGHT AND LEVEL,DRY,NO DEFECTS,NOT ON SCENE (DESK REPORT),NO INJURY / DRIVE AWAY,,,Y,"$501 - $1,500",09/26/2018 02:43:00 PM,IMPROPER OVERTAKING/PASSING,DRIVING ON WRONG SIDE/WRONG WAY,3607,W,CHICAGO AVE,1112.0,,Y,,,,,2,NO INDICATION OF INJURY,0.0,0.0,0.0,0.0,0.0,3.0,0.0,14,4,9,41.8953477277,-87.7166474393,POINT (-87.71664743927 41.895347727736)
fe98ea718d0e9ec626e60025db3e054370677880761dd9afdd125379d7f81e2479801f1cd190a39d3a4b47212fa074ca8ad0273d5e16d34850053593a1467497,JG172427,,03/02/2023 02:40:00 PM,30,UNKNOWN,UNKNOWN,CLEAR,DAYLIGHT,TURNING,ONE-WAY,,STRAIGHT AND LEVEL,DRY,NO DEFECTS,NOT ON SCENE (DESK REPORT),NO INJURY / DRIVE AWAY,,,Y,"OVER $1,500",03/03/2023 11:32:00 AM,UNABLE TO DETERMINE,UNABLE TO DETERMINE,5900,S,KOLMAR AVE,813.0,,,,,,,2,NO INDICATION OF INJURY,0.0,0.0,0.0,0.0,0.0,2.0,0.0,14,5,3,41.7857039669,-87.7365606398,POINT (-87.736560639814 41.785703966917)
c796c9a7cc43e0fc82973b5cd3a627510b959308d8dc1919e63373c19e79aa62b55a1232e4e11e3dc67353bd87405a41af90e13cfa8b82c0fd42cd69313dc9b4,JD201530,Y,04/03/2020 10:20:00 PM,5,NO CONTROLS,NO CONTROLS,CLEAR,"DARKNESS, LIGHTED ROAD",FIXED OBJECT,PARKING LOT,,STRAIGHT AND LEVEL,DRY,UNKNOWN,ON SCENE,NO INJURY / DRIVE AWAY,,Y,Y,"$501 - $1,500",04/03/2020 10:20:00 PM,"OPERATING VEHICLE IN ERRATIC, RECKLESS, CARELESS, NEGLIGENT OR AGGRESSIVE MANNER","OPERATING VEHICLE IN ERRATIC, RECKLESS, CARELESS, NEGLIGENT OR AGGRESSIVE MANNER",3611,N,HARLEM AVE,1632.0,,,,,,,1,NO INDICATION OF INJURY,0.0,0.0,0.0,0.0,0.0,2.0,0.0,22,6,4,41.9456290217,-87.8068713529,POINT (-87.806871352852 41.945629021718)
099dd37887b4d623fbf8594c3df23bbd595f04cd957e7e4b40b33819492685dbe3fc6a181f2bed6a1de77aa58da2c944fb4449c254de803321dc4099afc5e1d7,JE164196,,03/09/2021 06:00:00 PM,35,NO CONTROLS,NO CONTROLS,CLEAR,"DARKNESS, LIGHTED ROAD",PARKED MOTOR VEHICLE,NOT DIVIDED,,STRAIGHT AND LEVEL,DRY,NO DEFECTS,ON SCENE,NO INJURY / DRIVE AWAY,,,Y,"OVER $1,500",03/09/2021 07:00:00 PM,UNABLE TO DETERMINE,UNABLE TO DETERMINE,1220,W,69TH ST,724.0,,,,,,,2,NO INDICATION OF INJURY,0.0,0.0,0.0,0.0,0.0,1.0,0.0,18,3,3,41.7687890586,-87.6551155575,POINT (-87.655115557461 41.768789058585)
120ac6a24f59fb7f0cc856d48752cc2b26d2ee640c76b5e9b53d4913744764f5762a4c747ccc609c6f84c6ce5319b76cc9afc2198e820b65014d11a087f6fde8,JD168789,,02/29/2020 05:00:00 AM,30,NO CONTROLS,NO CONTROLS,CLEAR,DAWN,PARKED MOTOR VEHICLE,DIVIDED - W/MEDIAN (NOT RAISED),,STRAIGHT AND LEVEL,DRY,NO DEFECTS,ON SCENE,INJURY AND / OR TOW DUE TO CRASH,,,,"OVER $1,500",02/29/2020 05:59:00 AM,UNABLE TO DETERMINE,UNABLE TO DETERMINE,4249,W,59TH ST,813.0,,,,,,,4,NO INDICATION OF INJURY,0.0,0.0,0.0,0.0,0.0,1.0,0.0,5,7,2,41.7857559442,-87.7298124114,POINT (-87.729812411423 41.785755944233)
4c3cf0dc80e4be9dfb835c4fcac2ea1635722c0a87b317215179e8bdd5fec9f1e54b60d7ba2a13366e8294cc704c836b3930d460842e2bbfc39c06d750b6cb45,JF459122,,11/02/2022 10:40:00 AM,10,NO CONTROLS,NO CONTROLS,CLEAR,DAYLIGHT,PEDESTRIAN,PARKING LOT,,STRAIGHT AND LEVEL,DRY,NO DEFECTS,ON SCENE,NO INJURY / DRIVE AWAY,,,,"OVER $1,500",11/02/2022 11:12:00 AM,UNABLE TO DETERMINE,UNABLE TO DETERMINE,5939,S,WESTERN AVE,825.0,,,,,,,2,NO INDICATION OF INJURY,0.0,0.0,0.0,0.0,0.0,2.0,0.0,10,4,11,41.785418131,-87.6836591183,POINT (-87.683659118318 41.785418131037)
a4d5610da94a3a4733373ef3b393537720bea173b9c63edb1da8b308f7b7d69b6a15b2705f1b60f26caeecf5c0da73548645f67f937e03d020a846e06b6aaf50,JF329650,,07/24/2022 12:00:00 PM,30,TRAFFIC SIGNAL,FUNCTIONING PROPERLY,CLEAR,DAYLIGHT,TURNING,ONE-WAY,,STRAIGHT AND LEVEL,DRY,NO DEFECTS,NOT ON SCENE (DESK REPORT),NO INJURY / DRIVE AWAY,,,,"OVER $1,500",07/24/2022 12:15:00 PM,IMPROPER LANE USAGE,UNABLE TO DETERMINE,600,W,MONROE ST,121.0,,,,,,,2,NO INDICATION OF INJURY,0.0,0.0,0.0,0.0,0.0,2.0,0.0,12,1,7,41.880656908,-87.6426931652,POINT (-87.642693165206 41.880656908012)
babcb48ad23c4a35c528e9962a9ea0b166ddcc658c63443c5b3cdbe2eb52771021a74f26f6f2ab981f744af9e87393b8d95444fa7d8dbeef17336faa590c5578,JG406802,,09/01/2023 10:10:00 AM,15,OTHER,OTHER,CLEAR,DAYLIGHT,SIDESWIPE SAME DIRECTION,PARKING LOT,,STRAIGHT AND LEVEL,DRY,NO DEFECTS,NOT ON SCENE (DESK REPORT),NO INJURY / DRIVE AWAY,,,,"OVER $1,500",09/01/2023 01:30:00 PM,UNABLE TO DETERMINE,UNABLE TO DETERMINE,500,N,KINGSBURY ST,1831.0,,,N,,,,2,NO INDICATION OF INJURY,0.0,0.0,0.0,0.0,0.0,2.0,0.0,10,6,9,41.8906843024,-87.6393952834,POINT (-87.63939528337 41.890684302388)