CRASH_RECORD_ID,RD_NO,CRASH_DATE_EST_I,CRASH_DATE,POSTED_SPEED_LIMIT,TRAFFIC_CONTROL_DEVICE,DEVICE_CONDITION,WEATHER_CONDITION,LIGHTING_CONDITION,FIRST_CRASH_TYPE,TRAFFICWAY_TYPE,LANE_CNT,ALIGNMENT,ROADWAY_SURFACE_COND,ROAD_DEFECT,REPORT_TYPE,CRASH_TYPE,INTERSECTION_RELATED_I,NOT_RIGHT_OF_WAY_I,HIT_AND_RUN_I,DAMAGE,DATE_POLICE_NOTIFIED,PRIM_CONTRIBUTORY_CAUSE,SEC_CONTRIBUTORY_CAUSE,STREET_NO,STREET_DIRECTION,STREET_NAME,BEAT_OF_OCCURRENCE,PHOTOS_TAKEN_I,STATEMENTS_TAKEN_I,DOORING_I,WORK_ZONE_I,WORK_ZONE_TYPE,WORKERS_PRESENT_I,NUM_UNITS,MOST_SEVERE_INJURY,INJURIES_TOTAL,INJURIES_FATAL,INJURIES_INCAPACITATING,INJURIES_NON_INCAPACITATING,INJURIES_REPORTED_NOT_EVIDENT,INJURIES_NO_INDICATION,INJURIES_UNKNOWN,CRASH_HOUR,CRASH_DAY_OF_WEEK,CRASH_MONTH,LATITUDE,LONGITUDE,LOCATION
50041227357bb137161efabb2c6840014c5015b6621a9e56c46ff217110f1305fa8b312f757d1fd99aabc69d72284001b0d5a8157970ed48736b241bdedcdf13,HZ415203,,08/31/2016 09:00:00 AM,30,NO CONTROLS,NO CONTROLS,CLEAR,DAYLIGHT,PEDALCYCLIST,NOT DIVIDED,,STRAIGHT AND LEVEL,DRY,NO DEFECTS,NOT ON SCENE (DESK REPORT),NO INJURY / DRIVE AWAY,,,,$500 OR LESS,08/31/2016 06:00:00 PM,IMPROPER TURNING/NO SIGNAL,NOT APPLICABLE,748,N,MILWAUKEE AVE,1214.0,,,,,,,2,NO INDICATION OF INJURY,0.0,0.0,0.0,0.0,0.0,2.0,0.0,9,4,8,41.8953885864,-87.654317022,POINT (-87.65431702195 41.895388586368)
0cd1caeef0a5dcf3eff8a12b8848ed18350b432a35fa800a241fb0d11ba65965d1807245c9fba2281451d5053b9f9d29318d7b2ca3f0653a6106e6a16eb638ea,JC255591,Y,05/04/2019 09:30:00 PM,30,STOP SIGN/FLASHER,FUNCTIONING PROPERLY,CLEAR,DARKNESS,REAR END,FOUR WAY,,STRAIGHT AND LEVEL,DRY,NO DEFECTS,NOT ON SCENE (DESK REPORT),NO INJURY / DRIVE AWAY,Y,,,"OVER $1,500",05/08/2019 11:15:00 PM,UNABLE TO DETERMINE,NOT APPLICABLE,3900,W,MADISON ST,1122.0,,,,,,,2,NO INDICATION OF INJURY,0.0,0.0,0.0,0.0,0.0,2.0,0.0,21,7,5,41.8808651559,-87.7233759678,POINT (-87.723375967751 41.880865155904)
20087a0e084e2d5339058bec08c1ddd0ea52eb639755959962892b9f04f4c49df3b3080c23fbeaec2303f1e30bcf3515037c5319426cbfaf413626ea8935e0bc,JF394503,,09/12/2022 02:00:00 PM,30,NO CONTROLS,NO CONTROLS,CLEAR,DAYLIGHT,PARKED MOTOR VEHICLE,ONE-WAY,,STRAIGHT AND LEVEL,DRY,NO DEFECTS,NOT ON SCENE (DESK REPORT),NO INJURY / DRIVE AWAY,,,,$500 OR LESS,09/13/2022 02:30:00 PM,FOLLOWING TOO CLOSELY,FOLLOWING TOO CLOSELY,1025,W,VERNON PARK PL,1232.0,,,,,,,2,NO INDICATION OF INJURY,0.0,0.0,0.0,0.0,0.0,1.0,0.0,14,2,9,41.8729417664,-87.6521873162,POINT (-87.652187316228 41.872941766438)
445f00b13b3953dfd1587cde162bc34da137378d22c4dddd7ce57df177b492cb6aed7d8a85d31a7da9e7ebde16990b8d983ff310779498e633fe0dcabaa8735c,HY449377,,10/04/2015 01:56:00 PM,30,NO CONTROLS,NO CONTROLS,CLEAR,DAYLIGHT,TURNING,DIVIDED - W/MEDIAN BARRIER,4.0,STRAIGHT AND LEVEL,DRY,NO DEFECTS,NOT ON SCENE (DESK REPORT),NO INJURY / DRIVE AWAY,,,,"OVER $1,500",10/04/2015 04:15:00 PM,IMPROPER TURNING/NO SIGNAL,FAILING TO YIELD RIGHT-OF-WAY,6929,S,STONY ISLAND AVE,332.0,,,,,,,2,NO INDICATION OF INJURY,0.0,0.0,0.0,0.0,0.0,4.0,0.0,13,1,10,41.7689339216,-87.5858470235,POINT (-87.585847023499 41.768933921641)
ff5567570b6c5c257bd5bc814e758ff0eafeb10cdf49ea41acd3280aeb5ed6432751776c072cc0e8e1ccfe56e1a48ff94cb6baefbb84be08947897df03a806dc,JC342736,,07/10/2019 08:45:00 AM,20,NO CONTROLS,NO CONTROLS,CLEAR,DAYLIGHT,SIDESWIPE SAME DIRECTION,ONE-WAY,,STRAIGHT AND LEVEL,DRY,NO DEFECTS,NOT ON SCENE (DESK REPORT),NO INJURY / DRIVE AWAY,,,,"$501 - $1,500",07/10/2019 01:00:00 PM,DRIVING SKILLS/KNOWLEDGE/EXPERIENCE,UNABLE TO DETERMINE,4416,S,WHIPPLE ST,922.0,,,,,,,2,NO INDICATION OF INJURY,0.0,0.0,0.0,0.0,0.0,2.0,0.0,8,4,7,41.8130889064,-87.7006224855,POINT (-87.700622485505 41.813088906386)
3db93321e8e92abe5d0ea5cfaa4b846bac152b3a9ddff58c4dce0ef0cf56964f619a8ff703f9d52891d83d5b24dae60c11891e00b29e999dbd47117148835ac7,JB342058,,07/09/2018 10:30:00 AM,0,NO CONTROLS,NO CONTROLS,CLEAR,DAYLIGHT,TURNING,DIVIDED - W/MEDIAN (NOT RAISED),4.0,STRAIGHT AND LEVEL,DRY,NO DEFECTS,ON SCENE,INJURY AND / OR TOW DUE TO CRASH,,,,"OVER $1,500",07/09/2018 11:32:00 AM,FAILING TO YIELD RIGHT-OF-WAY,NOT APPLICABLE,4101,W,FULLERTON AVE,2525.0,,,,,,,2,NONINCAPACITATING INJURY,1.0,0.0,0.0,1.0,0.0,3.0,0.0,10,2,7,41.924347529,-87.7292797537,POINT (-87.729279753723 41.924347528955)
4e0383610a05e1a96203df7b461b4ebd7ed2e7368206544f61ac254f779025e47fead122558d884486d2e8181fe391f3346d85eddf45dcfe34cd9818d2d823a3,,,11/02/2023 04:30:00 PM,30,NO CONTROLS,NO CONTROLS,CLEAR,DAYLIGHT,REAR END,DIVIDED - W/MEDIAN (NOT RAISED),,STRAIGHT AND LEVEL,DRY,NO DEFECTS,NOT ON SCENE (DESK REPORT),NO INJURY / DRIVE AWAY,,,Y,"OVER $1,500",11/02/2023 06:00:00 PM,UNABLE TO DETERMINE,UNABLE TO DETERMINE,5555,W,NORTH AVE,2532.0,,,,,,,2,NO INDICATION OF INJURY,0.0,0.0,0.0,0.0,0.0,3.0,0.0,16,5,11,41.9092745667,-87.765187785,POINT (-87.765187784962 41.909274566712)
11d0f57416da450e7520ac5f68b42f6eddebdbb2d21475fdeea7280de88967f5d1a47aaf5c10f3240ed7a140863da51569b13e06d140f1f923feddf0ead82abc,JB539070,,11/30/2018 08:00:00 PM,30,NO CONTROLS,NO CONTROLS,CLEAR,"DARKNESS, LIGHTED ROAD",TURNING,DIVIDED - W/MEDIAN (NOT RAISED),,STRAIGHT AND LEVEL,DRY,NO DEFECTS,NOT ON SCENE (DESK REPORT),NO INJURY / DRIVE AWAY,Y,,,"$501 - $1,500",12/03/2018 08:40:00 PM,UNABLE TO DETERMINE,UNABLE TO DETERMINE,1433,W,ADDISON ST,1922.0,,,,,,,2,NO INDICATION OF INJURY,0.0,0.0,0.0,0.0,0.0,2.0,0.0,20,6,11,41.9469378928,-87.6652875891,POINT (-87.665287589142 41.946937892831)
735285863ecda74313947e2fb8be3da83177ddfb8bf143cc4b4c4c6946119ff8971f144e75fd4b475b3e74cd40ccbbcb8e6ba0725aca0d7ef303c4e4af8e8f04,JC145496,,02/08/2019 09:20:00 PM,30,NO CONTROLS,NO CONTROLS,CLEAR,"DARKNESS, LIGHTED ROAD",PARKED MOTOR VEHICLE,NOT DIVIDED,4.0,STRAIGHT AND LEVEL,DRY,NO DEFECTS,NOT ON SCENE (DESK REPORT),NO INJURY / DRIVE AWAY,,,Y,"OVER $1,500",02/08/2019 11:20:00 PM,UNABLE TO DETERMINE,UNABLE TO DETERMINE,5611,S,PULASKI RD,822.0,,,,,,,2,NO INDICATION OF INJURY,0.0,0.0,0.0,0.0,0.0,1.0,0.0,21,6,2,41.7910125573,-87.7229530243,POINT (-87.722953024254 41.791012557326)
8670e8cd7d36e5aea29d5a232cf99ed78fc7a8ef4987f71867ac0894bf0b1096419864afc753d3a22c34b55431ad39429e5c09b72bca3494149886d24d37a9b5,JD395955,,10/11/2020 01:17:00 PM,30,TRAFFIC SIGNAL,FUNCTIONING PROPERLY,CLEAR,DAYLIGHT,PEDESTRIAN,T-INTERSECTION,,STRAIGHT AND LEVEL,DRY,NO DEFECTS,,INJURY AND / OR TOW DUE TO CRASH,Y,,Y,$500 OR LESS,10/11/2020 01:20:00 PM,FAILING TO YIELD RIGHT-OF-WAY,DISREGARDING TRAFFIC SIGNALS,1745,N,SHEFFIELD AVE,1813.0,,,,,,,2,NONINCAPACITATING INJURY,1.0,0.0,0.0,1.0,0.0,1.0,0.0,13,1,10,41.9131951556,-87.6530446923,POINT (-87.653044692303 41.913195155596)
074cacfa9ca9d6a890652b27b206835349a6bbcc9bd03199ff5aef2279102be53dd7182a6facf700f9734f7200185f3570fade3125711e475028a682aaaff540,JF341103,,08/02/2022 09:10:00 AM,30,NO CONTROLS,NO CONTROLS,CLEAR,DAYLIGHT,TURNING,ONE-WAY,,STRAIGHT AND LEVEL,DRY,NO DEFECTS,ON SCENE,INJURY AND / OR TOW DUE TO CRASH,Y,,,"OVER $1,500",08/02/2022 09:27:00 AM,FAILING TO YIELD RIGHT-OF-WAY,FAILING TO REDUCE SPEED TO AVOID CRASH,5520,W,HURON ST,1524.0,,,,,,,2,"REPORTED, NOT EVIDENT",3.0,0.0,0.0,0.0,3.0,2.0,0.0,9,3,8,41.8930412304,-87.7644064532,POINT (-87.764406453228 41.893041230401)
d8127a068b9680f06916fa2b08256ad9eca348950aa1c4676fc29e9dfaff6ff3090cfb9e65c0d4ed01eb518efcd07f8f54f6c249d670f610bacbd76a299c6505,JB167624,,02/27/2018 04:50:00 PM,30,NO CONTROLS,NO CONTROLS,CLEAR,DAYLIGHT,REAR END,NOT DIVIDED,2.0,STRAIGHT AND LEVEL,DRY,UNKNOWN,NOT ON SCENE (DESK REPORT),NO INJURY / DRIVE AWAY,,,,"$501 - $1,500",02/27/2018 05:15:00 PM,UNABLE TO DETERMINE,UNABLE TO DETERMINE,3564,E,100TH ST,432.0,,,,,,,2,NO INDICATION OF INJURY,0.0,0.0,0.0,0.0,0.0,2.0,0.0,16,3,2,41.7139908865,-87.5365528886,POINT (-87.536552888597 41.713990886526)
53a037d394df6d3e2f077d5d5e8810d48786f16b22a6b6440452c80eee8acc1ba9106098a895a55cc9e9c41ecff66ec0203e07f0388299369e3e4ecd2c365b91,JG179865,,03/09/2023 06:09:00 PM,30,NO CONTROLS,NO CONTROLS,RAIN,"DARKNESS, LIGHTED ROAD",PEDESTRIAN,NOT DIVIDED,,STRAIGHT AND LEVEL,WET,NO DEFECTS,ON SCENE,INJURY AND / OR TOW DUE TO CRASH,,,,"OVER $1,500",03/09/2023 06:11:00 PM,FAILING TO YIELD RIGHT-OF-WAY,NOT APPLICABLE,1907,W,MADISON ST,1223.0,,,,,,,2,"REPORTED, NOT EVIDENT",1.0,0.0,0.0,0.0,1.0,2.0,0.0,18,5,3,41.8812375903,-87.6745330344,POINT (-87.674533034406 41.881237590317)
bd45847b3061e9ec8f5d11e5d81e45bf92623004b35a926c6e5d84891ad9fcb6672c992ecae4389385c7557ecbdd0fbefae2beb6ccdf3b89313696a2c37e10d4,JG107292,,01/07/2023 04:00:00 AM,30,STOP SIGN/FLASHER,FUNCTIONING PROPERLY,CLEAR,"DARKNESS, LIGHTED ROAD",TURNING,NOT DIVIDED,,STRAIGHT AND LEVEL,DRY,UNKNOWN,NOT ON SCENE (DESK REPORT),NO INJURY / DRIVE AWAY,,,Y,"OVER $1,500",01/07/2023 04:08:00 AM,UNABLE TO DETERMINE,NOT APPLICABLE,2350,W,118TH ST,2212.0,,,,,,,2,NO INDICATION OF INJURY,0.0,0.0,0.0,0.0,0.0,2.0,0.0,4,7,1,41.6790452794,-87.6806718264,POINT (-87.680671826389 41.679045279364)
12b3eb7721b8f1c1fe984a306d9e0c07e911743ae0500d9bf16ac7964e34127685c8869e7401f18b6d321c18a31245f0f395f7186213983af17a69d5e458eb75,JF215222,,04/21/2022 05:32:00 PM,30,NO CONTROLS,NO CONTROLS,CLEAR,DAYLIGHT,REAR TO SIDE,PARKING LOT,,STRAIGHT AND LEVEL,DRY,NO DEFECTS,NOT ON SCENE (DESK REPORT),NO INJURY / DRIVE AWAY,,,,"OVER $1,500",04/21/2022 06:45:00 PM,UNABLE TO DETERMINE,UNABLE TO DETERMINE,810,E,111TH ST,513.0,,,,,,,2,NO INDICATION OF INJURY,0.0,0.0,0.0,0.0,0.0,2.0,0.0,17,5,4,41.6929857291,-87.6019944787,POINT (-87.601994478749 41.692985729088)
56dd2a3babc0943e3c01199707378d4bef6cd74637d11ae1c4454ab88bff2d7b1bec6c1f36a7adcc36affba03b4c9f122d4c5956c1f411f92a3dd3f5522df14b,JC516613,,11/19/2019 04:30:00 PM,30,TRAFFIC SIGNAL,FUNCTIONING PROPERLY,CLEAR,"DARKNESS, LIGHTED ROAD",SIDESWIPE SAME DIRECTION,NOT DIVIDED,,STRAIGHT AND LEVEL,WET,NO DEFECTS,ON SCENE,NO INJURY / DRIVE AWAY,,,Y,$500 OR LESS,11/19/2019 04:40:00 PM,IMPROPER OVERTAKING/PASSING,NOT APPLICABLE,500,N,PULASKI RD,1111.0,,,,,,,2,NO INDICATION OF INJURY,0.0,0.0,0.0,0.0,0.0,2.0,0.0,16,3,11,41.8899502253,-87.7260752039,POINT (-87.726075203915 41.889950225343)
00ed2cf71ed54b1b3b07f407367295fb8edcc370f65b64ba6208a72dddf525b32b251146e1e3cc4b58b4c45f5a332a741a986266056ae85dffa019ce77b5ff5d,JB395538,,08/16/2018 07:20:00 AM,30,TRAFFIC SIGNAL,FUNCTIONING PROPERLY,CLEAR,DAYLIGHT,SIDESWIPE SAME DIRECTION,DIVIDED - W/MEDIAN (NOT RAISED),4.0,STRAIGHT AND LEVEL,DRY,NO DEFECTS,NOT ON SCENE (DESK REPORT),NO INJURY / DRIVE AWAY,,,,"$501 - $1,500",08/16/2018 07:45:00 AM,UNABLE TO DETERMINE,UNABLE TO DETERMINE,2411,W,FULLERTON AVE,1431.0,,,,,,,2,NO INDICATION OF INJURY,0.0,0.0,0.0,0.0,0.0,2.0,0.0,7,5,8,41.9247872578,-87.6880955986,POINT (-87.688095598637 41.924787257806)
5c79dcaf2959fa1f8a9b736285cd3f1a76b4ef97c46a467a2ea14e220ab8e7ac540c7c3e2fcfbf07de711f21a7ec2d0ef2be156c1bea602161322f4e5eaba70e,JC297788,,06/08/2019 01:00:00 PM,30,NO CONTROLS,NO CONTROLS,CLEAR,DAYLIGHT,OTHER OBJECT,NOT DIVIDED,,STRAIGHT AND LEVEL,DRY,"RUT, HOLES",NOT ON SCENE (DESK REPORT),NO INJURY / DRIVE AWAY,,,,"OVER $1,500",06/08/2019 04:04:00 PM,NOT APPLICABLE,NOT APPLICABLE,3000,W,MARQUETTE RD,831.0,,,,,,,1,NO INDICATION OF INJURY,0.0,0.0,0.0,0.0,0.0,2.0,0.0,13,7,6,41.7718537002,-87.6981578935,POINT (-87.698157893495 41.771853700154)
5c946ececa0612f49a9706e6207e0c108c925938529c3dae4a07a2c1e8e87a0181b9f39e8c4682b068713832df179cea3f901d3396e772fb2977cd8726fc9830,HY497847,,11/11/2015 03:10:00 PM,0,NO CONTROLS,NO CONTROLS,CLEAR,DAYLIGHT,REAR END,PARKING LOT,,STRAIGHT AND LEVEL,DRY,NO DEFECTS,NOT ON SCENE (DESK REPORT),NO INJURY / DRIVE AWAY,,,,"OVER $1,500",11/11/2015 03:47:00 PM,UNABLE TO DETERMINE,UNABLE TO DETERMINE,1300,S,CLINTON ST,124.0,,,,,,,2,NO INDICATION OF INJURY,0.0,0.0,0.0,0.0,0.0,4.0,0.0,15,4,11,41.8655346778,-87.6408133123,POINT (-87.64081331229 41.865534677771)
f80fc086ec25bd83ce8d9edb8c8b3fe591783a37d341a25fc91a25395ccd340ab191106e65c43bb3305e89b64c6f3b6dc0f97daae4e6790dc1b9614061e3f69d,HZ492340,,10/28/2016 09:59:00 AM,30,TRAFFIC SIGNAL,FUNCTIONING PROPERLY,CLEAR,DAYLIGHT,SIDESWIPE SAME DIRECTION,DIVIDED - W/MEDIAN BARRIER,4.0,STRAIGHT AND LEVEL,DRY,NO DEFECTS,NOT ON SCENE (DESK REPORT),NO INJURY / DRIVE AWAY,,,,"OVER $1,500",10/28/2016 10:20:00 AM,IMPROPER OVERTAKING/PASSING,IMPROPER OVERTAKING/PASSING,20,N,WACKER DR,122.0,,,,,,,2,NO INDICATION OF INJURY,0.0,0.0,0.0,0.0,0.0,2.0,0.0,9,6,10,41.8824109065,-87.6371747105,POINT (-87.637174710464 41.882410906485)
85218a2f3d323a3f951a6f43c344b242efcb42709982d9fe028b1d9bd1b07a29aedcc9afc5c5c9e3f9c52f319e21e7c07764cd7056c04eb70999922fcd5535b3,JC234018,,04/22/2019 03:25:00 PM,30,NO CONTROLS,NO CONTROLS,CLEAR,DAYLIGHT,TURNING,DIVIDED - W/MEDIAN (NOT RAISED),2.0,STRAIGHT AND LEVEL,DRY,NO DEFECTS,ON SCENE,INJURY AND / OR TOW DUE TO CRASH,Y,,,"OVER $1,500",04/22/2019 03:30:00 PM,FAILING TO YIELD RIGHT-OF-WAY,NOT APPLICABLE,3500,W,111TH ST,2211.0,,,,,,,2,NONINCAPACITATING INJURY,2.0,0.0,0.0,2.0,0.0,2.0,0.0,15,2,4,41.6915534516,-87.7082158734,POINT (-87.708215873354 41.691553451581)
cd498978183a96f2bc602be37c7f7f78f26a30e068b1f3d9abc99ee893a24a81f24412223cfeb5456244a4e634543db553e1f3f370cb266ce3b8a1afab862b0f,JC363421,,07/25/2019 12:05:00 AM,30,NO CONTROLS,NO CONTROLS,CLEAR,"DARKNESS, LIGHTED ROAD",REAR END,DIVIDED - W/MEDIAN (NOT RAISED),,STRAIGHT AND LEVEL,DRY,NO DEFECTS,ON SCENE,NO INJURY / DRIVE AWAY,,,,"$501 - $1,500",07/25/2019 12:10:00 AM,FOLLOWING TOO CLOSELY,NOT APPLICABLE,3117,S,DAMEN AVE,912.0,,,,,,,2,NO INDICATION OF INJURY,0.0,0.0,0.0,0.0,0.0,2.0,0.0,0,5,7,41.837261172,-87.6752951855,POINT (-87.67529518554 41.837261172007)
226181582a7be8ebe1e846c3d268f0c084cac69dc1f5e3302e57f0df7279357a6d355f6eba8f29e779f3ed713327f179c2c44dabb4af818c10cd2ce1cc256875,JC459275,,10/03/2019 11:50:00 PM,30,TRAFFIC SIGNAL,FUNCTIONING PROPERLY,CLEAR,"DARKNESS, LIGHTED ROAD",REAR END,DIVIDED - W/MEDIAN BARRIER,,STRAIGHT AND LEVEL,DRY,NO DEFECTS,ON SCENE,INJURY AND / OR TOW DUE TO CRASH,,,,"$501 - $1,500",10/03/2019 11:58:00 PM,FOLLOWING TOO CLOSELY,IMPROPER OVERTAKING/PASSING,12001,S,HALSTED ST,523.0,,,,,,,2,NO INDICATION OF INJURY,0.0,0.0,0.0,0.0,0.0,4.0,0.0,23,5,10,41.675902066,-87.6416980463,POINT (-87.641698046282 41.675902066048)
d9352eeb8f11f280ee81bec2f1393b22f9c47ce8fd71d07373e509502a7a858d16bd6e647e40705e6d236ed1da17075e336d03bce3b8e105d4eb277cb142ae9e,JD460729,,12/16/2020 01:00:00 PM,30,NO CONTROLS,NO CONTROLS,CLEAR,DAYLIGHT,PARKED MOTOR VEHICLE,DIVIDED - W/MEDIAN BARRIER,,STRAIGHT AND LEVEL,DRY,NO DEFECTS,NOT ON SCENE (DESK REPORT),NO INJURY / DRIVE AWAY,,,Y,"$501 - $1,500",12/16/2020 01:30:00 PM,UNABLE TO DETERMINE,NOT APPLICABLE,1300,W,CULLERTON ST,1235.0,,,,,,,2,NO INDICATION OF INJURY,0.0,0.0,0.0,0.0,0.0,1.0,0.0,13,4,12,41.8553004363,-87.6589246848,POINT (-87.65892468481 41.855300436346)
cd688d3a66bf6dae75591c072d69c54f133e2093c47e9f100fd027361eaf2a8860756d7909a5c2136c1d13edda76e62da1b796e5bb896132faac190f28fe0803,JC211476,,04/04/2019 01:38:00 PM,30,STOP SIGN/FLASHER,FUNCTIONING PROPERLY,RAIN,DAYLIGHT,ANGLE,DIVIDED - W/MEDIAN (NOT RAISED),2.0,STRAIGHT AND LEVEL,WET,NO DEFECTS,ON SCENE,INJURY AND / OR TOW DUE TO CRASH,Y,,Y,"OVER $1,500",04/04/2019 01:49:00 PM,UNABLE TO DETERMINE,UNABLE TO DETERMINE,600,N,HAMLIN AVE,1122.0,,,,,,,2,NONINCAPACITATING INJURY,1.0,0.0,0.0,1.0,0.0,2.0,0.0,13,5,4,41.8918350059,-87.7212302092,POINT (-87.72123020919 41.89183500592)
a861b5dcc4ab1f82812a12c27a647adaff5133f076bd79b1133cf048e63095da825270fc3e3843d7e39649d35eb9d4a8a0b647a5b5676eb0ab43802d90e06f63,JG409783,,09/03/2023 06:50:00 PM,25,STOP SIGN/FLASHER,FUNCTIONING PROPERLY,CLEAR,DAYLIGHT,OTHER OBJECT,NOT DIVIDED,,STRAIGHT AND LEVEL,DRY,UNKNOWN,ON SCENE,NO INJURY / DRIVE AWAY,,Y,Y,"OVER $1,500",09/03/2023 06:56:00 PM,UNABLE TO DETERMINE,NOT APPLICABLE,3300,N,OAK PARK AVE,1632.0,,,,,,,1,NO INDICATION OF INJURY,0.0,0.0,0.0,0.0,0.0,1.0,0.0,18,1,9,41.9400696913,-87.7959199644,POINT (-87.795919964422 41.940069691315)
7ecf2fc8e2cc681fa82dfa8c51d4d674890f46e02a55d078bc3218be3f30fd50f1e1930a2f26191bbb1db6ddb6c159ae15bcf88629a9b8cacdb5b2c73a88a1b6,JE406426,,10/11/2021 02:30:00 PM,30,NO CONTROLS,NO CONTROLS,RAIN,DAYLIGHT,TURNING,NOT DIVIDED,,STRAIGHT AND LEVEL,WET,NO DEFECTS,NOT ON SCENE (DESK REPORT),NO INJURY / DRIVE AWAY,Y,,,"$501 - $1,500",10/11/2021 07:50:00 PM,IMPROPER TURNING/NO SIGNAL,FAILING TO REDUCE SPEED TO AVOID CRASH,2828,N,PULASKI RD,2523.0,,,,,,,2,NO INDICATION OF INJURY,0.0,0.0,0.0,0.0,0.0,4.0,0.0,14,2,10,41.932604222,-87.727148226,POINT (-87.727148226037 41.932604221966)
29551ad5a85a6fb0717c9f4bccaed339da05521039994ce1f16b0a0ca8753127c2740edc4c251121570eccb223e737d6a539098a2f7092e9ff5471988750ae2a,JC383677,,08/07/2019 04:30:00 PM,35,TRAFFIC SIGNAL,FUNCTIONING PROPERLY,CLEAR,DAYLIGHT,TURNING,ONE-WAY,,STRAIGHT AND LEVEL,DRY,NO DEFECTS,NOT ON SCENE (DESK REPORT),NO INJURY / DRIVE AWAY,,,Y,"OVER $1,500",08/08/2019 10:35:00 AM,FAILING TO REDUCE SPEED TO AVOID CRASH,DRIVING SKILLS/KNOWLEDGE/EXPERIENCE,150,W,ONTARIO ST,1832.0,,,,,,,2,NO INDICATION OF INJURY,0.0,0.0,0.0,0.0,0.0,2.0,0.0,16,4,8,41.8933102867,-87.6331554413,POINT (-87.633155441256 41.893310286749)
b7dfbf7dc79d3c5b0b149e82f5c878f3ab188e948bb39e66d0ded0140759cd0459cf922ab0ca41806daa56a0a683c593b3f4be9be8fe4c4c37537e7939a820cf,JA466956,,10/10/2017 01:49:00 PM,30,NO CONTROLS,NO CONTROLS,CLOUDY/OVERCAST,DAYLIGHT,ANGLE,NOT DIVIDED,4.0,STRAIGHT AND LEVEL,DRY,NO DEFECTS,NOT ON SCENE (DESK REPORT),NO INJURY / DRIVE AWAY,,,,"OVER $1,500",10/11/2017 11:02:00 AM,UNABLE TO DETERMINE,UNABLE TO DETERMINE,989,W,TAYLOR ST,1232.0,,,,,,,2,NO INDICATION OF INJURY,0.0,0.0,0.0,0.0,0.0,2.0,0.0,13,3,10,41.8694052267,-87.6510155828,POINT (-87.651015582831 41.869405226749)
5ed76a9741d09e1fca6ca59c57791e8e4760569c4ec4fcf48b9c46a8560770e85d88351301c184792073ba6a3b1d829f1bf1ccb0d29cd0ca8b6c070e1f6190a8,JA191219,Y,03/18/2017 07:14:00 AM,30,NO CONTROLS,NO CONTROLS,UNKNOWN,UNKNOWN,FIXED OBJECT,NOT DIVIDED,4.0,STRAIGHT AND LEVEL,UNKNOWN,UNKNOWN,,INJURY AND / OR TOW DUE TO CRASH,Y,,Y,"OVER $1,500",03/18/2017 07:14:00 AM,UNABLE TO DETERMINE,NOT APPLICABLE,618,N,CICERO AVE,1532.0,,,,,,,1,NO INDICATION OF INJURY,0.0,0.0,0.0,0.0,0.0,1.0,0.0,7,7,3,41.8919758916,-87.7458473706,POINT (-87.745847370613 41.891975891594)
cc0c3c91f8dea8a1f2aa4e487bbed42bef45bca8c67ccdf7360471c2786b25bafb588e413777a3e209719b3efcc08da3fcb41a944251ecde3f32d0635617d9dc,JG358392,,07/19/2023 03:58:00 PM,20,TRAFFIC SIGNAL,FUNCTIONING PROPERLY,CLEAR,DAYLIGHT,REAR END,NOT DIVIDED,,STRAIGHT AND LEVEL,DRY,NO DEFECTS,NOT ON SCENE (DESK REPORT),NO INJURY / DRIVE AWAY,,,Y,"OVER $1,500",07/27/2023 04:19:00 PM,FOLLOWING TOO CLOSELY,FOLLOWING TOO CLOSELY,311,N,MORGAN ST,1214.0,,,,,,,2,NO INDICATION OF INJURY,0.0,0.0,0.0,0.0,0.0,2.0,0.0,15,4,7,41.8871219139,-87.6520357596,POINT (-87.652035759622 41.887121913924)
6a72ae67d4d2de93821d153a504a63c3bd3d566bb9c552ed3df90e57389610e43d0c3ea2b67aaa62d1764816087a12a163fe6484cecd7a64c175cf85dad00870,JA156247,,02/16/2017 04:40:00 PM,30,NO CONTROLS,NO CONTROLS,CLEAR,DAYLIGHT,SIDESWIPE SAME DIRECTION,NOT DIVIDED,4.0,STRAIGHT AND LEVEL,DRY,NO DEFECTS,NOT ON SCENE (DESK REPORT),NO INJURY / DRIVE AWAY,,,,"$501 - $1,500",02/16/2017 05:50:00 PM,FAILING TO YIELD RIGHT-OF-WAY,NOT APPLICABLE,1523,N,PULASKI RD,2535.0,,,,,,,2,NO INDICATION OF INJURY,0.0,0.0,0.0,0.0,0.0,2.0,0.0,16,5,2,41.9088169034,-87.726333971,POINT (-87.726333971005 41.908816903427)
7614da19aa7d68116cc4d4225b179a6db7336ff182d2b3b91ba6be7449aa24dfaa3f42ef9e9c74e99496aadaa1409f7454f35f43b3bf1206452fbe5a546593f0,JF523979,,12/27/2022 11:45:00 AM,30,TRAFFIC SIGNAL,FUNCTIONING PROPERLY,CLEAR,DAYLIGHT,TURNING,NOT DIVIDED,,STRAIGHT AND LEVEL,WET,NO DEFECTS,NOT ON SCENE (DESK REPORT),NO INJURY / DRIVE AWAY,,,,"$501 - $1,500",12/27/2022 12:15:00 PM,IMPROPER TURNING/NO SIGNAL,FAILING TO YIELD RIGHT-OF-WAY,9900,S,VINCENNES AVE,2213.0,Y,,,,,,2,NO INDICATION OF INJURY,0.0,0.0,0.0,0.0,0.0,2.0,0.0,11,3,12,41.7139794991,-87.6535123131,POINT (-87.653512313106 41.713979499108)