CRASH_RECORD_ID,RD_NO,CRASH_DATE_EST_I,CRASH_DATE,POSTED_SPEED_LIMIT,TRAFFIC_CONTROL_DEVICE,DEVICE_CONDITION,WEATHER_CONDITION,LIGHTING_CONDITION,FIRST_CRASH_TYPE,TRAFFICWAY_TYPE,LANE_CNT,ALIGNMENT,ROADWAY_SURFACE_COND,ROAD_DEFECT,REPORT_TYPE,CRASH_TYPE,INTERSECTION_RELATED_I,NOT_RIGHT_OF_WAY_I,HIT_AND_RUN_I,DAMAGE,DATE_POLICE_NOTIFIED,PRIM_CONTRIBUTORY_CAUSE,SEC_CONTRIBUTORY_CAUSE,STREET_NO,STREET_DIRECTION,STREET_NAME,BEAT_OF_OCCURRENCE,PHOTOS_TAKEN_I,STATEMENTS_TAKEN_I,DOORING_I,WORK_ZONE_I,WORK_ZONE_TYPE,WORKERS_PRESENT_I,NUM_UNITS,MOST_SEVERE_INJURY,INJURIES_TOTAL,INJURIES_FATAL,INJURIES_INCAPACITATING,INJURIES_NON_INCAPACITATING,INJURIES_REPORTED_NOT_EVIDENT,INJURIES_NO_INDICATION,INJURIES_UNKNOWN,CRASH_HOUR,CRASH_DAY_OF_WEEK,CRASH_MONTH,LATITUDE,LONGITUDE,LOCATION
f9f97e943534101fe31813fdcc575fe13da6e0922ccff86eb28900466a8b2ab5468a80695550a767921cde168ceabd56ec5585354b09a16684a3e62d6d54b1b0,JG326415,,07/03/2023 06:41:00 PM,25,TRAFFIC SIGNAL,UNKNOWN,CLEAR,DAYLIGHT,REAR END,FOUR WAY,,STRAIGHT AND LEVEL,DRY,UNKNOWN,ON SCENE,INJURY AND / OR TOW DUE TO CRASH,Y,,,"OVER $1,500",07/03/2023 06:41:00 PM,FOLLOWING TOO CLOSELY,FAILING TO REDUCE SPEED TO AVOID CRASH,1150,W,VAN BUREN ST,1232.0,,,,,,,2,NONINCAPACITATING INJURY,1.0,0.0,0.0,1.0,0.0,1.0,0.0,18,2,7,41.8766395839,-87.656408572,POINT (-87.656408572009 41.876639583944)
1fc47337076aa67aeadca5d2ef52214aeace3c06f70d718468c7481b5af4fa77cd177518e05f3d61949e9d04ecf0396ca8232ea6833c712bdd55d88bc5a4255c,JC179183,,03/09/2019 10:40:00 AM,10,NO CONTROLS,NO CONTROLS,CLEAR,DAYLIGHT,PARKED MOTOR VEHICLE,NOT DIVIDED,,STRAIGHT AND LEVEL,UNKNOWN,NO DEFECTS,NOT ON SCENE (DESK REPORT),NO INJURY / DRIVE AWAY,,,Y,"OVER $1,500",03/10/2019 10:40:00 AM,UNABLE TO DETERMINE,UNABLE TO DETERMINE,1824,W,107TH ST,2212.0,,,,,,,2,NO INDICATION OF INJURY,0.0,0.0,0.0,0.0,0.0,1.0,0.0,10,7,3,41.6993966174,-87.6678729569,POINT (-87.667872956899 41.69939661744)
e90022c24503d51f1931bb625f8e0d8e83afd710e8193924aca954ed3e6101e1cee62cd5abc83eb6815ed4ebcdafcc93b264d06c19020acd3bf75bc5484abdff,JG346132,,07/17/2023 02:16:00 PM,10,NO CONTROLS,NO CONTROLS,CLEAR,DAYLIGHT,REAR TO FRONT,PARKING LOT,,STRAIGHT AND LEVEL,DRY,NO DEFECTS,NOT ON SCENE (DESK REPORT),NO INJURY / DRIVE AWAY,,,,$500 OR LESS,07/18/2023 02:00:00 PM,UNABLE TO DETERMINE,UNABLE TO DETERMINE,10900,S,DOTY AVE W,513.0,,,,,,,2,NO INDICATION OF INJURY,0.0,0.0,0.0,0.0,0.0,2.0,0.0,14,2,7,41.696313684,-87.5966322439,POINT (-87.596632243933 41.696313683973)
26392cb40da81c5fcc22c7f40f76acde473ea10fb55a56fb84d87fa77e291acdb0c05845e1afd6aec0c47ad39b6d93962f5d1917dc24baa28ae376350db1fc1c,JC563602,,12/28/2019 10:45:00 PM,30,NO CONTROLS,NO CONTROLS,RAIN,"DARKNESS, LIGHTED ROAD",PARKED MOTOR VEHICLE,NOT DIVIDED,,STRAIGHT AND LEVEL,WET,NO DEFECTS,ON SCENE,INJURY AND / OR TOW DUE TO CRASH,,,,"$501 - $1,500",12/28/2019 10:52:00 PM,FAILING TO REDUCE SPEED TO AVOID CRASH,UNABLE TO DETERMINE,816,N,KOSTNER AVE,1111.0,,,,,,,2,"REPORTED, NOT EVIDENT",1.0,0.0,0.0,0.0,1.0,0.0,0.0,22,7,12,41.8957562353,-87.7361083348,POINT (-87.736108334802 41.895756235341)
a86dbc5e406b2f0ffb6cd306db71243d001eddddbd0fb13cc5020303a4df68bbcbac5546f407e36efab4ac7482cce9c66892fdbd19e778b2700104058ce4e5d3,JE112290,,01/12/2021 11:30:00 AM,30,STOP SIGN/FLASHER,FUNCTIONING PROPERLY,CLEAR,DAYLIGHT,ANGLE,NOT DIVIDED,,STRAIGHT AND LEVEL,DRY,NO DEFECTS,NOT ON SCENE (DESK REPORT),NO INJURY / DRIVE AWAY,Y,,,"$501 - $1,500",01/14/2021 09:00:00 AM,UNABLE TO DETERMINE,UNABLE TO DETERMINE,8000,S,STONY ISLAND AVE,411.0,,,,,,,2,NO INDICATION OF INJURY,0.0,0.0,0.0,0.0,0.0,2.0,0.0,11,3,1,41.7496995768,-87.5859572415,POINT (-87.585957241503 41.749699576791)
9aec6954e4b9cbaa422aee499cb6b9ba70cd71d6238154479661a1e97a0600f4280608d4ebb152026036e53735f1c293913d17b858e96c2f8746eac4edbad0e3,JF381789,,09/03/2022 01:05:00 PM,35,TRAFFIC SIGNAL,FUNCTIONING PROPERLY,CLEAR,DAYLIGHT,TURNING,DIVIDED - W/MEDIAN (NOT RAISED),,STRAIGHT AND LEVEL,DRY,NO DEFECTS,ON SCENE,NO INJURY / DRIVE AWAY,,,Y,"$501 - $1,500",09/03/2022 03:47:00 PM,IMPROPER TURNING/NO SIGNAL,UNABLE TO DETERMINE,3901,W,55TH ST,822.0,,,,,,,2,NO INDICATION OF INJURY,0.0,0.0,0.0,0.0,0.0,2.0,0.0,13,7,9,41.7931285904,-87.7207747635,POINT (-87.720774763498 41.793128590365)
378db8fa1ff3dd794a5430c01c9fefec63c939dfe9295f75029a731af3ac6d687a6353c8914a8c7c83093f8354668969e8876c957d9ddaeeef4f3850b608431f,JC283390,,05/28/2019 09:30:00 PM,30,TRAFFIC SIGNAL,FUNCTIONING PROPERLY,CLEAR,"DARKNESS, LIGHTED ROAD",REAR END,NOT DIVIDED,,STRAIGHT AND LEVEL,DRY,NO DEFECTS,NOT ON SCENE (DESK REPORT),NO INJURY / DRIVE AWAY,,,,"OVER $1,500",05/29/2019 02:30:00 PM,UNABLE TO DETERMINE,UNABLE TO DETERMINE,5101,W,MONTROSE AVE,1624.0,,,,,,,2,NO INDICATION OF INJURY,0.0,0.0,0.0,0.0,0.0,2.0,0.0,21,3,5,41.9605209151,-87.7546200582,POINT (-87.75462005816 41.960520915127)
a6c46c7c7008691dbd7d5312bc9ce324393fe12de1e8a9f11b78a96349fa420d7672c02db72eb103bd05b46ff8d321820203a9413082eb22742dbc10b7c619cc,JB218620,,04/10/2018 04:04:00 PM,30,TRAFFIC SIGNAL,FUNCTIONING PROPERLY,CLEAR,DAYLIGHT,TURNING,NOT DIVIDED,2.0,STRAIGHT AND LEVEL,DRY,NO DEFECTS,NOT ON SCENE (DESK REPORT),NO INJURY / DRIVE AWAY,,,,"$501 - $1,500",04/10/2018 05:20:00 PM,UNABLE TO DETERMINE,UNABLE TO DETERMINE,7900,S,SOUTH CHICAGO AVE,411.0,,,,,,,2,NO INDICATION OF INJURY,0.0,0.0,0.0,0.0,0.0,2.0,0.0,16,3,4,41.7513397046,-87.5856322657,POINT (-87.585632265652 41.751339704589)
89e4c8b9a5fbab7c61f2735e065b872203bdfdf64f75464d37c2261f6d448d39b22e63ffed06ab36c2438675d9ff172f44677a8dd18df423535acf6a9dba978c,JB272637,,05/21/2018 03:25:00 PM,30,NO CONTROLS,NO CONTROLS,RAIN,DAYLIGHT,REAR END,NOT DIVIDED,2.0,STRAIGHT AND LEVEL,WET,UNKNOWN,NOT ON SCENE (DESK REPORT),NO INJURY / DRIVE AWAY,,,,"$501 - $1,500",05/21/2018 03:55:00 PM,UNABLE TO DETERMINE,UNABLE TO DETERMINE,2347,N,CENTRAL AVE,2515.0,,,,,,,2,NO INDICATION OF INJURY,0.0,0.0,0.0,0.0,0.0,2.0,0.0,15,2,5,41.9235537486,-87.7658276937,POINT (-87.765827693712 41.923553748585)
bd63d36fdbeeeb898d2ee1cf9c525bab13950b0a6071c8da0ee78d3eb402341817153e5a90df0635e5888f8f75e46c3730f65acc80b7a8f2601448fe68dce8f8,HY493399,,11/07/2015 06:00:00 PM,25,TRAFFIC SIGNAL,FUNCTIONING PROPERLY,CLEAR,"DARKNESS, LIGHTED ROAD",REAR END,DIVIDED - W/MEDIAN (NOT RAISED),2.0,STRAIGHT AND LEVEL,DRY,NO DEFECTS,NOT ON SCENE (DESK REPORT),NO INJURY / DRIVE AWAY,Y,,,$500 OR LESS,11/07/2015 08:30:00 PM,FAILING TO YIELD RIGHT-OF-WAY,DRIVING SKILLS/KNOWLEDGE/EXPERIENCE,600,S,MICHIGAN AVE,123.0,,,,,,,2,NO INDICATION OF INJURY,0.0,0.0,0.0,0.0,0.0,2.0,0.0,18,7,11,41.8743716154,-87.6243795278,POINT (-87.624379527782 41.874371615359)
b80e3788d40931b7ca10eb4433a8ef75ae07cb48be714139b001014e80d365032d1bcf9f9be58daf053d86f4c3b4d08a09d105f13a2f0463f086a2a0cadb4785,JB467234,,10/08/2018 11:42:00 AM,30,UNKNOWN,UNKNOWN,UNKNOWN,UNKNOWN,ANGLE,PARKING LOT,,STRAIGHT AND LEVEL,UNKNOWN,UNKNOWN,NOT ON SCENE (DESK REPORT),NO INJURY / DRIVE AWAY,,,,"OVER $1,500",10/08/2018 01:20:00 PM,UNABLE TO DETERMINE,NOT APPLICABLE,6312,N,NAGLE AVE,1611.0,,,,,,,2,NO INDICATION OF INJURY,0.0,0.0,0.0,0.0,0.0,4.0,0.0,11,2,10,41.9959852861,-87.7876371171,POINT (-87.787637117071 41.995985286062)
f408ade5c07545a08d074f8a30cdf0b0ef1eb74e59d703ded95adb39da5b305bc8b267a072984ae0121871352402c727e3774b3480aeb531256fcc148c5208f9,JA227807,,04/17/2017 07:30:00 AM,30,STOP SIGN/FLASHER,FUNCTIONING PROPERLY,CLEAR,DAYLIGHT,REAR END,NOT DIVIDED,5.0,STRAIGHT AND LEVEL,DRY,NO DEFECTS,NOT ON SCENE (DESK REPORT),NO INJURY / DRIVE AWAY,,,,"$501 - $1,500",04/17/2017 09:00:00 AM,FAILING TO REDUCE SPEED TO AVOID CRASH,FOLLOWING TOO CLOSELY,7198,W,GUNNISON ST,1613.0,,,,,,,2,NO INDICATION OF INJURY,0.0,0.0,0.0,0.0,0.0,2.0,0.0,7,2,4,41.9683799285,-87.807101534,POINT (-87.807101533981 41.968379928457)
784252582115b527bb304bd0cd2cdb9c54df064e8e2a8f1ad9be9ac2a2d863790caf03ecc0493b8d4a3c2af9a89567f8fb1b54c51f76d033ff35366f84deef54,JA187592,,03/15/2017 04:50:00 AM,20,NO CONTROLS,NO CONTROLS,CLEAR,DARKNESS,ANGLE,ONE-WAY,1.0,STRAIGHT AND LEVEL,DRY,NO DEFECTS,NOT ON SCENE (DESK REPORT),NO INJURY / DRIVE AWAY,,,,"OVER $1,500",03/15/2017 09:16:00 AM,UNABLE TO DETERMINE,UNABLE TO DETERMINE,4098,W,WASHINGTON BLVD,1114.0,,,,,,,2,NO INDICATION OF INJURY,0.0,0.0,0.0,0.0,0.0,3.0,0.0,4,4,3,41.8821259616,-87.7280377082,POINT (-87.728037708195 41.882125961598)
88fc1478084919d11ba66b0e91da44a45e9fd8d47bb283755dcad27e5b377dbd2331358d5581d950001bfcc83e4e55f78b6378759926c2a56e258d91463e8866,JG186610,,03/13/2023 05:15:00 PM,30,NO CONTROLS,NO CONTROLS,UNKNOWN,UNKNOWN,PARKED MOTOR VEHICLE,PARKING LOT,,STRAIGHT AND LEVEL,UNKNOWN,UNKNOWN,NOT ON SCENE (DESK REPORT),NO INJURY / DRIVE AWAY,,,Y,"$501 - $1,500",03/15/2023 02:05:00 PM,UNABLE TO DETERMINE,NOT APPLICABLE,6403,N,SHERIDAN RD,2432.0,,,,,,,2,NO INDICATION OF INJURY,0.0,0.0,0.0,0.0,0.0,1.0,0.0,17,2,3,41.9983677393,-87.6597695209,POINT (-87.659769520926 41.998367739333)
e57b1d8977c9de04364cf9986e5269eff8bafb99714b2bdf8c87da5ce30fbcfbd2fd27b723a6deca57c23ea0fe479abc4126cf8ea829c329c98a548185afabd8,JB324019,,06/26/2018 06:55:00 PM,30,NO CONTROLS,NO CONTROLS,RAIN,"DARKNESS, LIGHTED ROAD",TURNING,NOT DIVIDED,2.0,STRAIGHT AND LEVEL,WET,NO DEFECTS,ON SCENE,INJURY AND / OR TOW DUE TO CRASH,Y,,,"OVER $1,500",06/26/2018 07:10:00 PM,IMPROPER LANE USAGE,"OPERATING VEHICLE IN ERRATIC, RECKLESS, CARELESS, NEGLIGENT OR AGGRESSIVE MANNER",2331,W,71ST ST,832.0,,,,,,,2,NONINCAPACITATING INJURY,2.0,0.0,0.0,1.0,1.0,1.0,0.0,18,3,6,41.7646123095,-87.6818591216,POINT (-87.681859121617 41.764612309496)
7fa892b58180876ee4c64d64a51d94a23cb23de85d3c7bae9595ef9024112e1df98f4d4c46d9050719dd288886637fe4b07b4219d0a1008299207a6ed640e8d4,JD261132,,06/11/2020 05:19:00 PM,30,NO CONTROLS,NO CONTROLS,CLEAR,DAYLIGHT,SIDESWIPE SAME DIRECTION,DIVIDED - W/MEDIAN (NOT RAISED),,STRAIGHT AND LEVEL,DRY,NO DEFECTS,NOT ON SCENE (DESK REPORT),NO INJURY / DRIVE AWAY,,,,"$501 - $1,500",06/11/2020 05:57:00 PM,IMPROPER OVERTAKING/PASSING,UNABLE TO DETERMINE,9100,S,ASHLAND AVE,2221.0,,,,,,,2,NO INDICATION OF INJURY,0.0,0.0,0.0,0.0,0.0,2.0,0.0,17,5,6,41.728389214,-87.6629956527,POINT (-87.662995652744 41.728389213977)
b4cfe7f64b2af32271d03be9e06b8752db3cfa545cd420752fadea521b9051cd40258ab97bd2a53131902caa4476415fddc5b48e4de9ac6ea9d1928f7027ec23,JC550716,,12/17/2019 07:09:00 PM,30,STOP SIGN/FLASHER,FUNCTIONING PROPERLY,CLEAR,"DARKNESS, LIGHTED ROAD",ANGLE,DIVIDED - W/MEDIAN (NOT RAISED),,STRAIGHT AND LEVEL,DRY,NO DEFECTS,ON SCENE,INJURY AND / OR TOW DUE TO CRASH,Y,,,"OVER $1,500",12/17/2019 07:09:00 PM,DISREGARDING STOP SIGN,FAILING TO YIELD RIGHT-OF-WAY,8000,S,ASHLAND AVE,611.0,,,,,,,2,NO INDICATION OF INJURY,0.0,0.0,0.0,0.0,0.0,2.0,0.0,19,3,12,41.7484348028,-87.6635335749,POINT (-87.663533574894 41.748434802843)
ea139d25c6d5c836c2f8507f6331691deeac33cad8b44a6cbc46a76519455db1572bf0963dbf7a2640e8d9f9fc1bc2176584f5da64615f6a2a084493d2a32284,JA548852,,12/14/2017 07:55:00 AM,30,TRAFFIC SIGNAL,FUNCTIONING PROPERLY,CLEAR,DAYLIGHT,REAR END,DIVIDED - W/MEDIAN (NOT RAISED),,STRAIGHT AND LEVEL,DRY,NO DEFECTS,NOT ON SCENE (DESK REPORT),NO INJURY / DRIVE AWAY,,,,"$501 - $1,500",12/14/2017 12:10:00 PM,UNABLE TO DETERMINE,NOT APPLICABLE,2437,W,GRAND AVE,1221.0,,,,,,,2,NO INDICATION OF INJURY,0.0,0.0,0.0,0.0,0.0,2.0,0.0,7,5,12,41.8907407711,-87.6879695372,POINT (-87.687969537206 41.890740771146)
182e4a01464c6245d0bb9d1dff4079f0d41ae6c6ac84970571a39e4d0e7c89ffc2d2b3d758a97291f2e5c4a67da4f8b3f0c58e45adcbec04cd25097712614aa3,JD415087,,10/30/2020 05:50:00 AM,20,NO CONTROLS,NO CONTROLS,CLEAR,"DARKNESS, LIGHTED ROAD",PARKED MOTOR VEHICLE,OTHER,,STRAIGHT AND LEVEL,DRY,NO DEFECTS,ON SCENE,INJURY AND / OR TOW DUE TO CRASH,,,,"OVER $1,500",10/30/2020 05:50:00 AM,FAILING TO REDUCE SPEED TO AVOID CRASH,IMPROPER LANE USAGE,1656,N,TRIPP AVE,2534.0,,,,,,,2,NO INDICATION OF INJURY,0.0,0.0,0.0,0.0,0.0,1.0,0.0,5,6,10,41.9114758257,-87.7326387918,POINT (-87.732638791754 41.911475825686)
d9b7eb12dad564141d1b64a80ce078ca4ce98361ff49d6e50df97326f62e7b2e84bb0c41b68329f9c8e60677f3a2ace5e4fadc22962df073650a7e9259925e54,JG330393,,07/06/2023 05:14:00 PM,30,NO CONTROLS,NO CONTROLS,CLEAR,DAYLIGHT,PARKED MOTOR VEHICLE,DIVIDED - W/MEDIAN (NOT RAISED),,STRAIGHT AND LEVEL,DRY,UNKNOWN,ON SCENE,NO INJURY / DRIVE AWAY,,,Y,$500 OR LESS,07/06/2023 05:33:00 PM,UNABLE TO DETERMINE,UNABLE TO DETERMINE,321,N,CENTRAL AVE,1523.0,,,,,,,2,NO INDICATION OF INJURY,0.0,0.0,0.0,0.0,0.0,3.0,0.0,17,5,7,41.8863842787,-87.7649341333,POINT (-87.76493413332 41.886384278721)
645a216b5ba7a829c0cc0e8821b3ee1c6493afc3e2b9fae7975bbe13f6bb386df125083db1a407196eff7ca796d32ddfa87bbecd1547ba906e1b58fb09497294,HZ463932,,10/05/2016 04:40:00 PM,30,TRAFFIC SIGNAL,FUNCTIONING PROPERLY,FOG/SMOKE/HAZE,DUSK,REAR END,NOT DIVIDED,,STRAIGHT AND LEVEL,DRY,NO DEFECTS,NOT ON SCENE (DESK REPORT),NO INJURY / DRIVE AWAY,,,Y,$500 OR LESS,10/06/2016 06:09:00 PM,UNABLE TO DETERMINE,UNABLE TO DETERMINE,2352,S,BLUE ISLAND AVE,1034.0,,,,,,,2,NO INDICATION OF INJURY,0.0,0.0,0.0,0.0,0.0,2.0,0.0,16,4,10,41.8496159647,-87.6732668742,POINT (-87.673266874226 41.849615964712)
0afcf072cdca969403b9552362f03e2d6519e2cc90a81bbd47adb4e6ed61b0983d952b95bfd7b2493ec410c82c1a6e0a21bfd7db23d5bc69551918e0d119e51b,JD208336,,04/13/2020 02:15:00 PM,35,STOP SIGN/FLASHER,FUNCTIONING PROPERLY,CLEAR,DAYLIGHT,REAR END,UNKNOWN,,STRAIGHT AND LEVEL,DRY,UNKNOWN,NOT ON SCENE (DESK REPORT),NO INJURY / DRIVE AWAY,,,,"$501 - $1,500",04/13/2020 05:06:00 PM,FOLLOWING TOO CLOSELY,FOLLOWING TOO CLOSELY,3130,S,ST LOUIS AVE,1032.0,,,,,,,2,NO INDICATION OF INJURY,0.0,0.0,0.0,0.0,0.0,2.0,0.0,14,2,4,41.8363722138,-87.7122230881,POINT (-87.71222308814 41.836372213764)
637e779a83b3d83a433894bb08bd1628a3254a6a23378dfc4d02ff1bbd1e5e8d0dcdbf27523b5894775f0d712b773d0de91bfbc5f9264eed042820f46a0ccdab,JG141408,,02/05/2023 11:15:00 AM,30,NO CONTROLS,NO CONTROLS,CLEAR,DAYLIGHT,REAR END,NOT DIVIDED,,STRAIGHT AND LEVEL,DRY,NO DEFECTS,ON SCENE,NO INJURY / DRIVE AWAY,,,Y,"OVER $1,500",02/05/2023 11:30:00 AM,FOLLOWING TOO CLOSELY,NOT APPLICABLE,2401,W,63RD ST,825.0,,,,,,,2,NO INDICATION OF INJURY,0.0,0.0,0.0,0.0,0.0,2.0,0.0,11,1,2,41.7791152972,-87.6837240039,POINT (-87.68372400386 41.779115297212)
49a3ec0bcbff930de6562abd9c27adfade85d84b3f5a37b747bc64ecf326cc40da5ef04bfe5596802ad831e61e509bb91fc21317f0557d6e5d6a2ed9dcc5588e,JA239398,,04/25/2017 11:05:00 PM,30,TRAFFIC SIGNAL,FUNCTIONING PROPERLY,CLEAR,"DARKNESS, LIGHTED ROAD",REAR END,DIVIDED - W/MEDIAN (NOT RAISED),4.0,STRAIGHT AND LEVEL,DRY,NO DEFECTS,NOT ON SCENE (DESK REPORT),NO INJURY / DRIVE AWAY,,,,$500 OR LESS,04/26/2017 01:00:00 AM,DISTRACTION - FROM INSIDE VEHICLE,NOT APPLICABLE,9500,S,VINCENNES AVE,2213.0,,,,,,,2,NO INDICATION OF INJURY,0.0,0.0,0.0,0.0,0.0,2.0,0.0,23,3,4,41.721345885,-87.6507963336,POINT (-87.650796333578 41.721345885031)
fb08bdd106c77232026eb441543d39ed17fbcfe19008a5ab56a91d3b92db0b084a9762284e684f87ce72a601d78c18e8d17d9b65686c1800f51cb1ba9dbd12c4,JF121514,,01/23/2022 05:30:00 AM,30,STOP SIGN/FLASHER,FUNCTIONING PROPERLY,SNOW,"DARKNESS, LIGHTED ROAD",ANGLE,FOUR WAY,,STRAIGHT AND LEVEL,SNOW OR SLUSH,NO DEFECTS,ON SCENE,NO INJURY / DRIVE AWAY,,,Y,"OVER $1,500",01/23/2022 05:43:00 AM,UNABLE TO DETERMINE,NOT APPLICABLE,5901,S,HARLEM AVE,811.0,,,,,,,2,NO INDICATION OF INJURY,0.0,0.0,0.0,0.0,0.0,4.0,0.0,5,1,1,41.7846441726,-87.8010676006,POINT (-87.801067600606 41.784644172562)
57c45cf3592783bf926098c0d7fbe0a75a5a406a6597b144b20655bb8f420e0198b07a2b11bc2ddfe9adf9fad4aeab368570bf8db700e0b2281592c5c6a5689a,JB167149,,02/25/2018 11:00:00 AM,25,NO CONTROLS,UNKNOWN,UNKNOWN,UNKNOWN,PARKED MOTOR VEHICLE,ONE-WAY,,STRAIGHT AND LEVEL,UNKNOWN,UNKNOWN,NOT ON SCENE (DESK REPORT),NO INJURY / DRIVE AWAY,,,Y,"OVER $1,500",02/27/2018 11:26:00 AM,UNABLE TO DETERMINE,UNABLE TO DETERMINE,2200,N,CLARK ST,1812.0,,,,,,,2,NO INDICATION OF INJURY,0.0,0.0,0.0,0.0,0.0,1.0,0.0,11,1,2,41.921998432,-87.6384579419,POINT (-87.638457941942 41.921998431987)
ea4b3fbbeeb7954cb88bbf4c1b5611cc76c540d31e95b666e803121a6fd75270fd1f5ed98bee03038e84bae6f5eb568fc07aa723e218c5189b8b49420d7b2815,JE222896,,05/07/2021 03:00:00 PM,30,STOP SIGN/FLASHER,UNKNOWN,CLEAR,DAYLIGHT,REAR END,FOUR WAY,,STRAIGHT AND LEVEL,DRY,UNKNOWN,NOT ON SCENE (DESK REPORT),NO INJURY / DRIVE AWAY,,,Y,"OVER $1,500",05/07/2021 08:42:00 PM,UNABLE TO DETERMINE,UNABLE TO DETERMINE,1200,W,111TH ST,2234.0,,,,,,,2,NO INDICATION OF INJURY,0.0,0.0,0.0,0.0,0.0,2.0,0.0,15,6,5,41.6923471258,-87.6522323351,POINT (-87.652232335145 41.692347125764)
ee6ba88aa13a5eb6d3554d8e2e6e5c58ce517a519a2cae4fcd453c7aa587568cb96d69dd185833c3315abaa9ab8dfc515341c7b9d94bc1485197921df01cced6,JF241453,,05/13/2022 11:50:00 PM,30,NO CONTROLS,NO CONTROLS,CLEAR,"DARKNESS, LIGHTED ROAD",PARKED MOTOR VEHICLE,NOT DIVIDED,,STRAIGHT AND LEVEL,DRY,NO DEFECTS,NOT ON SCENE (DESK REPORT),NO INJURY / DRIVE AWAY,,,Y,"$501 - $1,500",05/14/2022 12:02:00 AM,DRIVING SKILLS/KNOWLEDGE/EXPERIENCE,UNABLE TO DETERMINE,5664,W,WASHINGTON BLVD,1512.0,,,,,,,2,NO INDICATION OF INJURY,0.0,0.0,0.0,0.0,0.0,4.0,0.0,23,6,5,41.8823136275,-87.7674672094,POINT (-87.767467209381 41.882313627524)
a838b8257f5fc20ec1674c058de4aaf1c746e5c359f10f053be39e5a4136deb08444c34477c481f5da60fd64b720fe237ccf0e4846f93610bf9710904e8f7dc0,JE163588,,03/09/2021 10:13:00 AM,30,STOP SIGN/FLASHER,FUNCTIONING PROPERLY,CLEAR,DAYLIGHT,REAR END,ONE-WAY,,STRAIGHT ON GRADE,DRY,NO DEFECTS,NOT ON SCENE (DESK REPORT),NO INJURY / DRIVE AWAY,,,Y,"$501 - $1,500",03/09/2021 10:21:00 AM,FOLLOWING TOO CLOSELY,UNABLE TO DETERMINE,6258,S,CENTRAL PARK AVE,823.0,,,,,,,2,NO INDICATION OF INJURY,0.0,0.0,0.0,0.0,0.0,2.0,0.0,10,3,3,41.7788646093,-87.713324823,POINT (-87.713324822989 41.77886460926)
703eac7c21a7226b5b697abbd9392d5f34c6707f7fb8b3788b9d5dc65d26655dcda16464a11841e0f703e8a9f1070a06af7ea41e6c4187730a7246d8092046d0,JG245251,,05/02/2023 08:15:00 AM,30,NO CONTROLS,NO CONTROLS,CLEAR,UNKNOWN,PARKED MOTOR VEHICLE,PARKING LOT,,STRAIGHT AND LEVEL,UNKNOWN,UNKNOWN,ON SCENE,NO INJURY / DRIVE AWAY,,,,"OVER $1,500",05/02/2023 12:38:00 PM,UNABLE TO DETERMINE,NOT APPLICABLE,1255,S,MICHIGAN AVE,132.0,,,,,,,2,NO INDICATION OF INJURY,0.0,0.0,0.0,0.0,0.0,1.0,0.0,8,3,5,41.8659752788,-87.6239706385,POINT (-87.623970638451 41.865975278841)
0c5943980e1426b96b6c105ac9ed220c57b6e1acffb81e07737a6e1b4307fc36725fac6de3cd51b9ab31773d4a6d8a956a1738ebbad1347a398aa7d7f7c3a87f,JD410221,,10/25/2020 01:25:00 AM,25,STOP SIGN/FLASHER,FUNCTIONING PROPERLY,CLEAR,"DARKNESS, LIGHTED ROAD",PARKED MOTOR VEHICLE,ONE-WAY,,STRAIGHT AND LEVEL,DRY,NO DEFECTS,ON SCENE,NO INJURY / DRIVE AWAY,,,,"OVER $1,500",10/25/2020 01:31:00 AM,"OPERATING VEHICLE IN ERRATIC, RECKLESS, CARELESS, NEGLIGENT OR AGGRESSIVE MANNER","OPERATING VEHICLE IN ERRATIC, RECKLESS, CARELESS, NEGLIGENT OR AGGRESSIVE MANNER",9351,S,WALLACE ST,2223.0,,,,,,,2,NO INDICATION OF INJURY,0.0,0.0,0.0,0.0,0.0,1.0,0.0,1,1,10,41.7236708618,-87.6382707296,POINT (-87.638270729556 41.723670861844)
40a248d980a88327ed3e94259dc71af7aa95d02729a84690287cc9054fce0aaf1346ce724d18714d9d8f3cd14d65c65f7f89465d5a6e435b59ab3838f4ea959c,JE260899,,06/09/2021 11:58:00 AM,30,TRAFFIC SIGNAL,FUNCTIONING PROPERLY,CLEAR,DARKNESS,SIDESWIPE SAME DIRECTION,NOT DIVIDED,,STRAIGHT AND LEVEL,DRY,UNKNOWN,NOT ON SCENE (DESK REPORT),NO INJURY / DRIVE AWAY,,,,"$501 - $1,500",06/10/2021 02:30:00 PM,UNABLE TO DETERMINE,UNABLE TO DETERMINE,2,W,87TH ST,632.0,,,,,,,2,NO INDICATION OF INJURY,0.0,0.0,0.0,0.0,0.0,2.0,0.0,11,4,6,41.7364086677,-87.6241855927,POINT (-87.624185592692 41.736408667652)
b3ae1e124f5d61e33a902098865f9baa23e0e9d6938a6e6283ee607d2f66048fbe5d8b1419e486503e3c12c04038ceb714d1bd5b78645d608821622504903eed,JB409912,,08/26/2018 05:00:00 PM,30,NO CONTROLS,NO CONTROLS,CLEAR,DAYLIGHT,PARKED MOTOR VEHICLE,PARKING LOT,,STRAIGHT AND LEVEL,DRY,NO DEFECTS,NOT ON SCENE (DESK REPORT),NO INJURY / DRIVE AWAY,,Y,,"OVER $1,500",08/26/2018 07:30:00 PM,DRIVING SKILLS/KNOWLEDGE/EXPERIENCE,NOT APPLICABLE,6850,W,BELMONT AVE,1632.0,,,,,,,2,NO INDICATION OF INJURY,0.0,0.0,0.0,0.0,0.0,1.0,0.0,17,1,8,41.938237376,-87.7977603483,POINT (-87.797760348252 41.938237375991)