CRASH_RECORD_ID,RD_NO,CRASH_DATE_EST_I,CRASH_DATE,POSTED_SPEED_LIMIT,TRAFFIC_CONTROL_DEVICE,DEVICE_CONDITION,WEATHER_CONDITION,LIGHTING_CONDITION,FIRST_CRASH_TYPE,TRAFFICWAY_TYPE,LANE_CNT,ALIGNMENT,ROADWAY_SURFACE_COND,ROAD_DEFECT,REPORT_TYPE,CRASH_TYPE,INTERSECTION_RELATED_I,NOT_RIGHT_OF_WAY_I,HIT_AND_RUN_I,DAMAGE,DATE_POLICE_NOTIFIED,PRIM_CONTRIBUTORY_CAUSE,SEC_CONTRIBUTORY_CAUSE,STREET_NO,STREET_DIRECTION,STREET_NAME,BEAT_OF_OCCURRENCE,PHOTOS_TAKEN_I,STATEMENTS_TAKEN_I,DOORING_I,WORK_ZONE_I,WORK_ZONE_TYPE,WORKERS_PRESENT_I,NUM_UNITS,MOST_SEVERE_INJURY,INJURIES_TOTAL,INJURIES_FATAL,INJURIES_INCAPACITATING,INJURIES_NON_INCAPACITATING,INJURIES_REPORTED_NOT_EVIDENT,INJURIES_NO_INDICATION,INJURIES_UNKNOWN,CRASH_HOUR,CRASH_DAY_OF_WEEK,CRASH_MONTH,LATITUDE,LONGITUDE,LOCATION
2770d00ff696691baa36f4c2e2d900ee744e1a8fe8d75673b9b02232bfd533e68888667dda10429f55e0c5cbabdddde50c3dad1ba44dc792e0cbe9f661ff0f59,JB451190,,09/26/2018 05:37:00 AM,30,NO CONTROLS,NO CONTROLS,CLEAR,"DARKNESS, LIGHTED ROAD",PARKED MOTOR VEHICLE,NOT DIVIDED,2.0,STRAIGHT AND LEVEL,DRY,NO DEFECTS,ON SCENE,NO INJURY / DRIVE AWAY,,,,"$501 - $1,500",09/26/2018 05:40:00 AM,NOT APPLICABLE,NOT APPLICABLE,799,N,ORLEANS ST,1831.0,,,,,,,3,NO INDICATION OF INJURY,0.0,0.0,0.0,0.0,0.0,1.0,0.0,5,4,9,41.8965031108,-87.6370235709,POINT (-87.637023570947 41.896503110759)
e065a572162ba450ed444acf8f7d64184a2e48e40e6fbf0467ed63948822c432ad3de9927666d31cbaf4d3149089dfbf7a1709d822bed119d0e79691a9f75812,HZ420447,,09/04/2016 03:30:00 PM,35,TRAFFIC SIGNAL,FUNCTIONING PROPERLY,CLEAR,DAYLIGHT,REAR END,DIVIDED - W/MEDIAN BARRIER,8.0,STRAIGHT AND LEVEL,DRY,NO DEFECTS,NOT ON SCENE (DESK REPORT),NO INJURY / DRIVE AWAY,,,,"OVER $1,500",09/04/2016 04:45:00 PM,FOLLOWING TOO CLOSELY,UNABLE TO DETERMINE,500,S,LAKE SHORE DR NB,114.0,,,,,,,3,NO INDICATION OF INJURY,0.0,0.0,0.0,0.0,0.0,4.0,0.0,15,1,9,41.8757562552,-87.6175156798,POINT (-87.617515679751 41.875756255241)
716c5a6861eec1e0411ce572db6928f39ad5ec9cbc5b60316380da34a6584cfe6c94d5fc528a6dd2db918f51af583412e9aa0e7727a83310916cc3387b3bb7d7,JF121119,,01/22/2022 05:19:00 PM,30,NO CONTROLS,NO CONTROLS,CLEAR,"DARKNESS, LIGHTED ROAD",REAR END,NOT DIVIDED,,STRAIGHT AND LEVEL,DRY,NO DEFECTS,NOT ON SCENE (DESK REPORT),NO INJURY / DRIVE AWAY,,,,"$501 - $1,500",01/22/2022 06:00:00 PM,NOT APPLICABLE,NOT APPLICABLE,3511,N,HARLEM AVE,1632.0,,,,,,,2,NO INDICATION OF INJURY,0.0,0.0,0.0,0.0,0.0,3.0,0.0,17,7,1,41.9438216284,-87.806809579,POINT (-87.80680957897 41.943821628352)
a5a02eb9bf21b17a94c019431d61b115b8575e8472d6c4b7a93071e37203dbe857be349df34c7fa94e26dafd65c43d223e3194edf70671dc09f95742f46c9df7,JD162018,,02/23/2020 12:00:00 PM,30,STOP SIGN/FLASHER,FUNCTIONING PROPERLY,CLEAR,DAYLIGHT,REAR TO FRONT,FOUR WAY,,STRAIGHT AND LEVEL,DRY,NO DEFECTS,ON SCENE,NO INJURY / DRIVE AWAY,,,,"OVER $1,500",02/23/2020 12:11:00 PM,IMPROPER BACKING,NOT APPLICABLE,5300,W,MONROE ST,1522.0,,,,,,,2,NO INDICATION OF INJURY,0.0,0.0,0.0,0.0,0.0,2.0,0.0,12,1,2,41.8794523289,-87.7577588327,POINT (-87.757758832715 41.879452328919)
3e3cc8f21d309a61ef3a9c323cc79286fedabd1432dd6bccb5b906ef0dd5abf2f5548dd8e703af2fffde34f355312d0dfd68555cda490613fc5f403e55cd7d58,JA151285,,02/05/2017 05:30:00 PM,30,NO CONTROLS,NO CONTROLS,CLEAR,DUSK,SIDESWIPE SAME DIRECTION,NOT DIVIDED,1.0,STRAIGHT AND LEVEL,DRY,NO DEFECTS,NOT ON SCENE (DESK REPORT),NO INJURY / DRIVE AWAY,,,,$500 OR LESS,02/12/2017 06:14:00 PM,FAILING TO YIELD RIGHT-OF-WAY,NOT APPLICABLE,1819,N,HARLEM AVE,2513.0,,,,,,,2,NO INDICATION OF INJURY,0.0,0.0,0.0,0.0,0.0,2.0,0.0,17,1,2,41.9131372731,-87.8057628322,POINT (-87.805762832213 41.913137273141)
98d7fc74e87f83c7c91a7eb2efd1f97a0b24a6e0f8fea1df7bac4457d0503206331ca752bd73e61e8c19f37551b053ea82abee8795ff7a19939031a0cdc5bd63,JF435910,,10/15/2022 12:36:00 PM,30,NO CONTROLS,NO CONTROLS,CLEAR,DAYLIGHT,PARKED MOTOR VEHICLE,PARKING LOT,,STRAIGHT AND LEVEL,DRY,UNKNOWN,ON SCENE,NO INJURY / DRIVE AWAY,,,Y,"$501 - $1,500",10/15/2022 12:40:00 PM,UNABLE TO DETERMINE,UNABLE TO DETERMINE,7453,S,STATE ST,323.0,,,,,,,2,NO INDICATION OF INJURY,0.0,0.0,0.0,0.0,0.0,2.0,0.0,12,7,10,41.7584326728,-87.6246179957,POINT (-87.624617995736 41.758432672754)
a2dfb5bf2ef750f98d4466936b65d84eebf4e28f24087493165f673f89890f70b01078acd6938c87ae60714bc00ed1b46f7b88c166018eed7cdfada709f3a4f1,JF480712,Y,11/19/2022 03:30:00 PM,45,NO CONTROLS,NO CONTROLS,CLEAR,DAYLIGHT,FIXED OBJECT,OTHER,,STRAIGHT AND LEVEL,SNOW OR SLUSH,NO DEFECTS,ON SCENE,INJURY AND / OR TOW DUE TO CRASH,N,,,"OVER $1,500",11/19/2022 03:56:00 PM,FAILING TO REDUCE SPEED TO AVOID CRASH,NOT APPLICABLE,3459,S,LAKE SHORE DR SB,211.0,,Y,,,,,1,"REPORTED, NOT EVIDENT",1.0,0.0,0.0,0.0,1.0,1.0,0.0,15,7,11,41.831375098,-87.605773635,POINT (-87.605773635017 41.831375097982)
4fe6eb7d59f3ba76a8edcbe92bd8f766930958fcd3c3845e901a502fffa63d362ba107f7a00f6f2bd029d05513a35dad4785b14baa978c89803272e453eadef1,JD243330,,05/26/2020 12:00:00 PM,15,NO CONTROLS,NO CONTROLS,CLEAR,DAYLIGHT,FIXED OBJECT,PARKING LOT,,STRAIGHT AND LEVEL,DRY,NO DEFECTS,ON SCENE,INJURY AND / OR TOW DUE TO CRASH,,Y,,"OVER $1,500",05/26/2020 12:05:00 PM,DRIVING SKILLS/KNOWLEDGE/EXPERIENCE,UNABLE TO DETERMINE,1236,E,53RD ST,234.0,,,,,,,1,"REPORTED, NOT EVIDENT",1.0,0.0,0.0,0.0,1.0,0.0,0.0,12,3,5,41.7995820118,-87.5951089434,POINT (-87.595108943428 41.799582011779)
5447f783a7925c6bc0408ebe4b27f973667c56992a6494c5c5fc4551d0ae3db22796451af24283fec8c0d6007de62438f9513ca105382af320d21318de1ddf5c,JG170981,,03/02/2023 06:28:00 AM,30,TRAFFIC SIGNAL,FUNCTIONING PROPERLY,CLEAR,DAWN,REAR END,FOUR WAY,,STRAIGHT AND LEVEL,DRY,NO DEFECTS,ON SCENE,NO INJURY / DRIVE AWAY,Y,,,$500 OR LESS,03/02/2023 06:46:00 AM,UNABLE TO DETERMINE,UNABLE TO DETERMINE,4004,W,47TH ST,815.0,,,,,,,2,NO INDICATION OF INJURY,0.0,0.0,0.0,0.0,0.0,2.0,0.0,6,5,3,41.8079912831,-87.7238348893,POINT (-87.723834889293 41.807991283113)
5c61b78d5561c11943e85e027bb807498064a24b1ec12c5b49ec7f0b8433746613ae09e855156468a655db6d2db6d8dd19d835c5636098a10ba43705032541f5,JE269275,,06/17/2021 12:20:00 PM,30,NO CONTROLS,NO CONTROLS,CLEAR,DAYLIGHT,FIXED OBJECT,DRIVEWAY,,STRAIGHT AND LEVEL,DRY,NO DEFECTS,ON SCENE,NO INJURY / DRIVE AWAY,,,,"OVER $1,500",06/17/2021 12:24:00 PM,DRIVING SKILLS/KNOWLEDGE/EXPERIENCE,UNABLE TO DETERMINE,2179,N,STAVE ST,1431.0,,,,,,,1,NO INDICATION OF INJURY,0.0,0.0,0.0,0.0,0.0,1.0,0.0,12,5,6,41.9208877571,-87.6965561876,POINT (-87.696556187587 41.920887757068)
7f741e0bde80f8f425a9489c2a62a4bf31227df99eb0c36132546fd6ec7e7ef6680d27801505cf5448756d93447a59c9027d3c1a05fbb9ec886643afc1f4deb2,JC494515,,10/29/2019 06:00:00 AM,30,TRAFFIC SIGNAL,FUNCTIONING PROPERLY,RAIN,"DARKNESS, LIGHTED ROAD",TURNING,NOT DIVIDED,,STRAIGHT AND LEVEL,WET,NO DEFECTS,NOT ON SCENE (DESK REPORT),NO INJURY / DRIVE AWAY,,,Y,"OVER $1,500",11/01/2019 12:05:00 PM,IMPROPER TURNING/NO SIGNAL,FAILING TO YIELD RIGHT-OF-WAY,1535,W,DIVISION ST,1213.0,,,,,,,2,NO INDICATION OF INJURY,0.0,0.0,0.0,0.0,0.0,2.0,0.0,6,3,10,41.903248153,-87.6665338117,POINT (-87.666533811725 41.903248153043)
11c299a2265ece06949bd8735375799c2b2a6803df72171fee659f617899bafa98a21f1441f6ad7bc1be096e8d7016672ff124ac7dfe286f4192fa698ad57cf4,JB413666,,08/29/2018 11:55:00 AM,30,NO CONTROLS,NO CONTROLS,RAIN,DAYLIGHT,SIDESWIPE SAME DIRECTION,DIVIDED - W/MEDIAN (NOT RAISED),6.0,STRAIGHT AND LEVEL,WET,NO DEFECTS,ON SCENE,NO INJURY / DRIVE AWAY,,,,"$501 - $1,500",08/29/2018 12:00:00 PM,IMPROPER OVERTAKING/PASSING,IMPROPER LANE USAGE,915,S,MICHIGAN AVE,114.0,,,,,,,2,NO INDICATION OF INJURY,0.0,0.0,0.0,0.0,0.0,2.0,0.0,11,4,8,41.8701308718,-87.623980975,POINT (-87.623980975018 41.870130871781)
65a9209cc4ffe8f4fe40d81dedf12bbed0b9ea73f349d171f1a4306f165eaf51fb3a4301df5bc4d086186d2bef3aafa8bdb012491189158144753cc8c85b4d5f,JD239874,,05/22/2020 09:48:00 PM,35,NO CONTROLS,NO CONTROLS,CLEAR,"DARKNESS, LIGHTED ROAD",REAR END,ONE-WAY,,STRAIGHT AND LEVEL,DRY,NO DEFECTS,ON SCENE,INJURY AND / OR TOW DUE TO CRASH,,,N,"OVER $1,500",05/22/2020 09:48:00 PM,"OPERATING VEHICLE IN ERRATIC, RECKLESS, CARELESS, NEGLIGENT OR AGGRESSIVE MANNER",FAILING TO REDUCE SPEED TO AVOID CRASH,6629,S,CORNELL DR,331.0,,,,,,,3,"REPORTED, NOT EVIDENT",1.0,0.0,0.0,0.0,1.0,2.0,0.0,21,6,5,41.7742183798,-87.5851039183,POINT (-87.585103918285 41.774218379817)
6b830908767f515bd6856c9670d3234598b955d792f02a7117bc9578b357b7dbb20a90830b4aa339202a9553233e849c63209937b048ae1593ad04b80c300308,JC495853,,11/02/2019 10:24:00 AM,30,OTHER,OTHER,CLEAR,DAYLIGHT,FIXED OBJECT,DRIVEWAY,,STRAIGHT AND LEVEL,DRY,NO DEFECTS,NOT ON SCENE (DESK REPORT),NO INJURY / DRIVE AWAY,,Y,Y,"OVER $1,500",11/02/2019 10:39:00 AM,UNABLE TO DETERMINE,UNABLE TO DETERMINE,517,N,CICERO AVE,1111.0,,,,,,,1,NO INDICATION OF INJURY,0.0,0.0,0.0,0.0,0.0,1.0,0.0,10,7,11,41.8901634805,-87.7454920367,POINT (-87.74549203667 41.890163480452)
aecbc7e9786c1a577bf02daf4d25fac8440ae29f9f735419e536ea7ad2abe1b03e895a2670dedc65612944e44b1616af7daf5a37758e5af95d74f3cef6908839,JD125469,,01/23/2020 07:50:00 AM,30,NO CONTROLS,NO CONTROLS,CLEAR,DAYLIGHT,REAR END,ONE-WAY,,STRAIGHT AND LEVEL,WET,NO DEFECTS,NOT ON SCENE (DESK REPORT),NO INJURY / DRIVE AWAY,,,,"OVER $1,500",01/23/2020 09:00:00 AM,FAILING TO YIELD RIGHT-OF-WAY,NOT APPLICABLE,3115,S,MICHIGAN AVE,211.0,,,,,,,2,NO INDICATION OF INJURY,0.0,0.0,0.0,0.0,0.0,2.0,0.0,7,5,1,41.8378420469,-87.623286203,POINT (-87.623286202982 41.837842046948)
0b2005ed9de941c7d780d24288efaff8d1b1d4f9f475cada48882524429ff943537f5ae463e9881335d2350937d5250d6fe175e081d53a8170824b403b84c0fc,JB446706,,09/21/2018 07:00:00 PM,30,NO CONTROLS,NO CONTROLS,CLEAR,DUSK,SIDESWIPE OPPOSITE DIRECTION,ONE-WAY,1.0,STRAIGHT AND LEVEL,DRY,NO DEFECTS,NOT ON SCENE (DESK REPORT),NO INJURY / DRIVE AWAY,,,,"$501 - $1,500",09/22/2018 06:30:00 PM,IMPROPER LANE USAGE,NOT APPLICABLE,2912,N,LUNA AVE,2514.0,,,,,,,2,NO INDICATION OF INJURY,0.0,0.0,0.0,0.0,0.0,2.0,0.0,19,6,9,41.9335459288,-87.7652429312,POINT (-87.765242931168 41.933545928783)
407a8f9fa4e29f8e96c4c3e7d0f10e7ba474dcab24aa885e8a9f9a4400f1d5a7db5f9d417954ce82852aae8590286290efbffc1327ac5fc151d827672f2e8d63,JD235057,,05/17/2020 03:00:00 PM,25,NO CONTROLS,NO CONTROLS,RAIN,DAYLIGHT,PARKED MOTOR VEHICLE,ONE-WAY,,STRAIGHT AND LEVEL,WET,NO DEFECTS,ON SCENE,NO INJURY / DRIVE AWAY,,,,"$501 - $1,500",05/17/2020 03:35:00 PM,DRIVING SKILLS/KNOWLEDGE/EXPERIENCE,NOT APPLICABLE,3754,W,24TH ST,1013.0,,,,,,,2,NO INDICATION OF INJURY,0.0,0.0,0.0,0.0,0.0,1.0,0.0,15,1,5,41.8480957907,-87.7195477303,POINT (-87.719547730287 41.848095790669)
79b6403ea33dbaa9e61fac068e9b677cd23d98447af12cc3293480a9d14405de81e294eaa2f8b2354742938651bb4614e430ecaf8757a1555ae240b75d9beca5,JF196987,,04/01/2022 03:00:00 PM,30,UNKNOWN,UNKNOWN,UNKNOWN,DAYLIGHT,TURNING,DIVIDED - W/MEDIAN (NOT RAISED),,STRAIGHT AND LEVEL,UNKNOWN,UNKNOWN,NOT ON SCENE (DESK REPORT),NO INJURY / DRIVE AWAY,,,,"OVER $1,500",04/04/2022 02:45:00 PM,UNABLE TO DETERMINE,UNABLE TO DETERMINE,2639,N,KEDZIE AVE,1411.0,,,,,,,2,NO INDICATION OF INJURY,0.0,0.0,0.0,0.0,0.0,2.0,0.0,15,6,4,41.929585357,-87.7072234495,POINT (-87.707223449479 41.929585357019)
dc2b7ba4e5f66aee8e271bfd5633ab93664c1ea56e65673a12cb33f9cb070bc28b41f09ee156347d7331f77e98b90b0163ee981a72ce1bcf588e0a3ff9a19f10,JE108037,,01/09/2021 01:00:00 PM,30,NO CONTROLS,NO CONTROLS,CLEAR,DAYLIGHT,PARKED MOTOR VEHICLE,ONE-WAY,,STRAIGHT AND LEVEL,DRY,NO DEFECTS,NOT ON SCENE (DESK REPORT),NO INJURY / DRIVE AWAY,,,Y,"$501 - $1,500",01/09/2021 04:44:00 PM,NOT APPLICABLE,NOT APPLICABLE,1505,N,MAYFIELD AVE,2531.0,,,,,,,2,NO INDICATION OF INJURY,0.0,0.0,0.0,0.0,0.0,1.0,0.0,13,7,1,41.9076770397,-87.7729767688,POINT (-87.772976768846 41.907677039728)
a19b0f140673e3a3d071f9241a105220562de8b37226ec3a92cefbcecccd3bbf4640d17f0350e0dd7f0f66ab09389745daeb33da9a276f2a00255d3ff5f081ff,JD330897,,08/13/2020 11:30:00 AM,10,NO CONTROLS,NO CONTROLS,CLEAR,DAYLIGHT,PARKED MOTOR VEHICLE,PARKING LOT,,STRAIGHT AND LEVEL,DRY,NO DEFECTS,NOT ON SCENE (DESK REPORT),NO INJURY / DRIVE AWAY,,Y,Y,"OVER $1,500",08/13/2020 12:45:00 PM,UNABLE TO DETERMINE,NOT APPLICABLE,443,E,34TH ST,211.0,,,,,,,2,NO INDICATION OF INJURY,0.0,0.0,0.0,0.0,0.0,1.0,0.0,11,5,8,41.8330447382,-87.6146113644,POINT (-87.614611364432 41.833044738179)
5b1994b7448dd2af10ef92f4affca4decf3ee9b282fabc698b9b9ecb340b6e065c643554d4c0c16a27e53c3dafaa364d187dbceca071e2baf441e7baed3d9bb2,JF209118,,04/15/2022 05:15:00 PM,30,TRAFFIC SIGNAL,FUNCTIONING PROPERLY,CLEAR,DAYLIGHT,SIDESWIPE SAME DIRECTION,DIVIDED - W/MEDIAN (NOT RAISED),,STRAIGHT AND LEVEL,WET,NO DEFECTS,NOT ON SCENE (DESK REPORT),INJURY AND / OR TOW DUE TO CRASH,,,,"OVER $1,500",04/15/2022 06:32:00 PM,IMPROPER LANE USAGE,NOT APPLICABLE,815,W,103RD ST,2232.0,,,,,,,2,"REPORTED, NOT EVIDENT",1.0,0.0,0.0,0.0,1.0,1.0,0.0,17,6,4,41.7068002412,-87.6434763507,POINT (-87.643476350746 41.706800241213)
2c3758e86d9c534594cfa5a7b671c477c40311f58657f2c7cf223c2aa3fd8b9122766654b37939e7b14c12b866e9e2e84b00333c744d13694b58c15a953e42ef,,,11/06/2023 04:35:00 PM,30,NO CONTROLS,NO CONTROLS,CLEAR,DAYLIGHT,REAR END,UNKNOWN,,STRAIGHT AND LEVEL,DRY,NO DEFECTS,NOT ON SCENE (DESK REPORT),NO INJURY / DRIVE AWAY,,,Y,"$501 - $1,500",11/06/2023 07:15:00 PM,UNABLE TO DETERMINE,NOT APPLICABLE,13500,S,TORRENCE AVE,434.0,,,,,,,2,NO INDICATION OF INJURY,0.0,0.0,0.0,0.0,0.0,2.0,0.0,16,2,11,41.6500198528,-87.559454784,POINT (-87.559454784034 41.650019852761)
ec467ca72ff081329fec07a427ad054127b39da60751afe2ba73579fd4468056c00e0ee559e7d11b50b43dd15ef33418a8e1c824b56adc6f0f1d862f659fca26,JF350928,,08/09/2022 07:05:00 PM,30,NO CONTROLS,NO CONTROLS,CLEAR,"DARKNESS, LIGHTED ROAD",PARKED MOTOR VEHICLE,ONE-WAY,,STRAIGHT AND LEVEL,DRY,NO DEFECTS,NOT ON SCENE (DESK REPORT),NO INJURY / DRIVE AWAY,,,,"OVER $1,500",08/09/2022 09:00:00 PM,UNABLE TO DETERMINE,UNABLE TO DETERMINE,2748,W,14TH ST,1023.0,,,,,,,2,NO INDICATION OF INJURY,0.0,0.0,0.0,0.0,0.0,1.0,0.0,19,3,8,41.8626938554,-87.6952945032,POINT (-87.695294503175 41.862693855411)
326db1e3304771fb9c01bc766d25b66543387555b7f0733eecb181cc35b70e4cee4ea541799743dbe6058ca0792f61319b5e556a4c3273e0abef7d7cb7263d89,JA243504,,04/29/2017 12:10:00 AM,35,NO CONTROLS,NO CONTROLS,CLEAR,"DARKNESS, LIGHTED ROAD",PARKED MOTOR VEHICLE,NOT DIVIDED,,STRAIGHT AND LEVEL,DRY,NO DEFECTS,NOT ON SCENE (DESK REPORT),NO INJURY / DRIVE AWAY,,,Y,"$501 - $1,500",04/29/2017 01:04:00 AM,UNABLE TO DETERMINE,UNABLE TO DETERMINE,1540,W,BLACKHAWK ST,1433.0,,,,,,,2,NO INDICATION OF INJURY,0.0,0.0,0.0,0.0,0.0,1.0,0.0,0,7,4,41.9071112498,-87.666741412,POINT (-87.666741411986 41.90711124976)
971cc0677d1b1618ac9b4b3b59ff0236900f57971307ade4303cc2bdfdf18cd7a4779ad61608442005f47ac6ae4c182920ec27f11844c8c8b14e093742234746,JB252733,,05/06/2018 06:22:00 PM,30,TRAFFIC SIGNAL,FUNCTIONING PROPERLY,CLEAR,DAYLIGHT,PEDESTRIAN,NOT DIVIDED,,STRAIGHT AND LEVEL,DRY,NO DEFECTS,ON SCENE,NO INJURY / DRIVE AWAY,Y,,,$500 OR LESS,05/06/2018 06:30:00 PM,DISTRACTION - FROM OUTSIDE VEHICLE,NOT APPLICABLE,128,E,HURON ST,1834.0,,,,,,,2,NO INDICATION OF INJURY,0.0,0.0,0.0,0.0,0.0,2.0,0.0,18,1,5,41.8950506549,-87.6243149181,POINT (-87.624314918132 41.895050654947)
39422fb6fdb67fe9bf8fcc61147e183600aa0cb3f541ed59046ebbb3cc79b8adc5bea281151ef9977a5af1934fdd0926f4569a9f791a71948bb2db8420da0d24,JA548572,,12/14/2017 08:05:00 AM,30,STOP SIGN/FLASHER,NO CONTROLS,CLEAR,DAYLIGHT,REAR END,NOT DIVIDED,4.0,STRAIGHT AND LEVEL,DRY,NO DEFECTS,ON SCENE,NO INJURY / DRIVE AWAY,,,Y,"$501 - $1,500",12/14/2017 08:16:00 AM,UNABLE TO DETERMINE,UNABLE TO DETERMINE,2650,S,KOSTNER AVE,1031.0,,,,,,,2,NO INDICATION OF INJURY,0.0,0.0,0.0,0.0,0.0,2.0,0.0,8,5,12,41.8427361275,-87.7343870294,POINT (-87.734387029404 41.842736127461)
b29c6013eea41f3512025422fd08f4e44199fe27751f52ca9eec9d6e82bd2e0da31ef6d81262905c61888044ee4aaa1563f1f8f9ede16d0e8867f2228acbbfb4,JD378025,,09/24/2020 05:15:00 PM,30,NO CONTROLS,NO CONTROLS,CLEAR,DAYLIGHT,PEDALCYCLIST,NOT DIVIDED,,STRAIGHT AND LEVEL,DRY,NO DEFECTS,NOT ON SCENE (DESK REPORT),INJURY AND / OR TOW DUE TO CRASH,,,Y,$500 OR LESS,09/24/2020 05:45:00 PM,IMPROPER OVERTAKING/PASSING,FAILING TO REDUCE SPEED TO AVOID CRASH,1324,W,WEBSTER AVE,1811.0,,,,,,,2,"REPORTED, NOT EVIDENT",1.0,0.0,0.0,0.0,1.0,1.0,0.0,17,5,9,41.9217410948,-87.6618514152,POINT (-87.661851415176 41.921741094819)
f094c7505669d3fd98d2ce00b11fe1c4387263593fed4f2664f851a0d73d1676faabb0db88f17847092ccb4f940010c24cb8833f415f114001268c32afac0626,JE214644,,04/30/2021 07:30:00 AM,30,STOP SIGN/FLASHER,FUNCTIONING PROPERLY,CLEAR,DAYLIGHT,REAR END,ONE-WAY,,STRAIGHT AND LEVEL,DRY,NO DEFECTS,ON SCENE,NO INJURY / DRIVE AWAY,,,,$500 OR LESS,04/30/2021 07:35:00 AM,FOLLOWING TOO CLOSELY,FAILING TO REDUCE SPEED TO AVOID CRASH,2801,N,NEW ENGLAND AVE,2511.0,,,,,,,2,NO INDICATION OF INJURY,0.0,0.0,0.0,0.0,0.0,5.0,0.0,7,6,4,41.9309459776,-87.7977708396,POINT (-87.797770839609 41.930945977611)
61d68d4ee5902570540a45289c731adaea35fea04d7ec49dd0ef5a615c99b7ebcb9ee13f89e6d7d99cec9c48b16f8c771fb5d35d9d544f6d9599f279b567d7df,JC525653,Y,11/26/2019 06:07:00 PM,30,NO CONTROLS,NO CONTROLS,RAIN,DAYLIGHT,SIDESWIPE SAME DIRECTION,ONE-WAY,,STRAIGHT AND LEVEL,WET,NO DEFECTS,NOT ON SCENE (DESK REPORT),NO INJURY / DRIVE AWAY,,,,"$501 - $1,500",11/26/2019 06:44:00 PM,FOLLOWING TOO CLOSELY,NOT APPLICABLE,1515,W,BRYN MAWR AVE,2013.0,,,,,,,2,NO INDICATION OF INJURY,0.0,0.0,0.0,0.0,0.0,2.0,0.0,18,3,11,41.9833899407,-87.6681211324,POINT (-87.668121132356 41.983389940735)
b9696b1fae131e6158867a1395258d2d33f7da65d939d06684b5f8ebadecc7b27e33cf64483d0b258c84907b8de2fd739845e45cbb1cdedab6f57046c37fe870,JB350775,,07/15/2018 11:34:00 AM,30,NO CONTROLS,NO CONTROLS,CLEAR,DAYLIGHT,PARKED MOTOR VEHICLE,NOT DIVIDED,2.0,STRAIGHT AND LEVEL,DRY,NO DEFECTS,NOT ON SCENE (DESK REPORT),NO INJURY / DRIVE AWAY,,,,"OVER $1,500",07/15/2018 02:00:00 PM,UNABLE TO DETERMINE,NOT APPLICABLE,2430,N,MARSHFIELD AVE,1931.0,,,,,,,2,NO INDICATION OF INJURY,0.0,0.0,0.0,0.0,0.0,2.0,0.0,11,1,7,41.9262743739,-87.6695525635,POINT (-87.669552563493 41.926274373905)
0e7bbe7af242a82c3895a70f1913e1c5d0be564d4d3a8a850fbff7de21ec188f51d00a91c129536544240074f269afba540b7810dff6bdc1d52109b96dbd4dbe,JG240418,,04/28/2023 10:32:00 AM,30,TRAFFIC SIGNAL,FUNCTIONING PROPERLY,CLEAR,DAYLIGHT,SIDESWIPE SAME DIRECTION,DIVIDED - W/MEDIAN (NOT RAISED),,STRAIGHT AND LEVEL,DRY,NO DEFECTS,ON SCENE,INJURY AND / OR TOW DUE TO CRASH,Y,,,"OVER $1,500",04/28/2023 10:44:00 AM,IMPROPER OVERTAKING/PASSING,UNABLE TO DETERMINE,9500,S,COMMERCIAL AVE,431.0,,,,,,,3,NO INDICATION OF INJURY,0.0,0.0,0.0,0.0,0.0,3.0,0.0,10,6,4,41.7226729025,-87.5512219798,POINT (-87.551221979784 41.722672902536)
8b0ecdd9c87861d84ea4f7a57baf5ee11985c9d455e8bbfff1306edf251cf1fb60532b7f01e81dc55f8139ce41736c0c61a3f2a8c77ffd1e2d04fb3ea6cf641a,JD180953,Y,03/09/2020 09:00:00 PM,30,NO CONTROLS,NO CONTROLS,UNKNOWN,UNKNOWN,PARKED MOTOR VEHICLE,NOT DIVIDED,,STRAIGHT AND LEVEL,UNKNOWN,UNKNOWN,NOT ON SCENE (DESK REPORT),NO INJURY / DRIVE AWAY,,,Y,"OVER $1,500",03/10/2020 04:15:00 PM,UNABLE TO DETERMINE,NOT APPLICABLE,708,W,28TH ST,914.0,,,,,,,2,NO INDICATION OF INJURY,0.0,0.0,0.0,0.0,0.0,1.0,0.0,21,2,3,41.8436425334,-87.6443833637,POINT (-87.644383363661 41.843642533417)
bf67e00e4a34c5a2da786f2567d0e232b9d3ad8cb719fe29ae4a9384e6b2752ab5b48b607fff86e319807257d2cedf98defca2775082b442c9e25aca404205ac,JE445959,,11/15/2021 12:18:00 PM,30,STOP SIGN/FLASHER,NO CONTROLS,SNOW,DAYLIGHT,ANGLE,FOUR WAY,,STRAIGHT AND LEVEL,WET,UNKNOWN,ON SCENE,INJURY AND / OR TOW DUE TO CRASH,Y,,,"OVER $1,500",11/15/2021 12:37:00 PM,UNABLE TO DETERMINE,UNABLE TO DETERMINE,3200,N,HOYNE AVE,1921.0,,,,,,,2,NO INDICATION OF INJURY,0.0,0.0,0.0,0.0,0.0,2.0,0.0,12,2,11,41.939587461,-87.6809280325,POINT (-87.680928032481 41.939587460998)