CRASH_RECORD_ID,RD_NO,CRASH_DATE_EST_I,CRASH_DATE,POSTED_SPEED_LIMIT,TRAFFIC_CONTROL_DEVICE,DEVICE_CONDITION,WEATHER_CONDITION,LIGHTING_CONDITION,FIRST_CRASH_TYPE,TRAFFICWAY_TYPE,LANE_CNT,ALIGNMENT,ROADWAY_SURFACE_COND,ROAD_DEFECT,REPORT_TYPE,CRASH_TYPE,INTERSECTION_RELATED_I,NOT_RIGHT_OF_WAY_I,HIT_AND_RUN_I,DAMAGE,DATE_POLICE_NOTIFIED,PRIM_CONTRIBUTORY_CAUSE,SEC_CONTRIBUTORY_CAUSE,STREET_NO,STREET_DIRECTION,STREET_NAME,BEAT_OF_OCCURRENCE,PHOTOS_TAKEN_I,STATEMENTS_TAKEN_I,DOORING_I,WORK_ZONE_I,WORK_ZONE_TYPE,WORKERS_PRESENT_I,NUM_UNITS,MOST_SEVERE_INJURY,INJURIES_TOTAL,INJURIES_FATAL,INJURIES_INCAPACITATING,INJURIES_NON_INCAPACITATING,INJURIES_REPORTED_NOT_EVIDENT,INJURIES_NO_INDICATION,INJURIES_UNKNOWN,CRASH_HOUR,CRASH_DAY_OF_WEEK,CRASH_MONTH,LATITUDE,LONGITUDE,LOCATION
7ea32fc8918ece664ca5d24323bb56df740b3f520fca6c965c368ddb2b98307549666424b6dbd3880518ae85b8ab88ace3d47e6a5cb34fce039e9e69613afb13,JF258477,,05/28/2022 05:18:00 AM,30,NO CONTROLS,NO CONTROLS,CLEAR,DAYLIGHT,FIXED OBJECT,NOT DIVIDED,,STRAIGHT AND LEVEL,DRY,UNKNOWN,ON SCENE,INJURY AND / OR TOW DUE TO CRASH,,,,"OVER $1,500",05/28/2022 05:18:00 AM,UNABLE TO DETERMINE,UNABLE TO DETERMINE,8903,S,SOUTH CHICAGO AVE,423.0,,,,,,,1,NO INDICATION OF INJURY,0.0,0.0,0.0,0.0,0.0,1.0,0.0,5,7,5,41.733646449,-87.5605530338,POINT (-87.560553033776 41.733646449027)
510f1f754000454f343c343fad990b9428b29b75d4ab352f4c50a1ced4936a5cff1875f0c07ee71cf0708224e912c5eb25f5294f90dc3a3b35b24a2733b24bd2,JD150019,,02/13/2020 08:05:00 AM,25,NO CONTROLS,NO CONTROLS,SNOW,DAYLIGHT,SIDESWIPE SAME DIRECTION,NOT DIVIDED,,STRAIGHT AND LEVEL,SNOW OR SLUSH,NO DEFECTS,ON SCENE,NO INJURY / DRIVE AWAY,,,,"OVER $1,500",02/13/2020 08:08:00 AM,FAILING TO YIELD RIGHT-OF-WAY,NOT APPLICABLE,5123,N,SPRINGFIELD AVE,1712.0,,,,,,,2,NO INDICATION OF INJURY,0.0,0.0,0.0,0.0,0.0,4.0,0.0,8,5,2,41.9744507337,-87.7256213486,POINT (-87.725621348626 41.974450733671)
acddb04ee7e90761bc695cff8f027dc6b6ad962b29ff42faea1ce4da3f72ed6327078974795f908de3529c1df5c11efcb38a853941e1d8f67e519eb242751b87,JE233254,,05/17/2021 12:30:00 PM,30,TRAFFIC SIGNAL,FUNCTIONING PROPERLY,CLEAR,DAYLIGHT,SIDESWIPE SAME DIRECTION,NOT DIVIDED,,STRAIGHT AND LEVEL,DRY,NO DEFECTS,NOT ON SCENE (DESK REPORT),NO INJURY / DRIVE AWAY,Y,,,"$501 - $1,500",05/17/2021 05:00:00 PM,IMPROPER LANE USAGE,IMPROPER LANE USAGE,100,E,CERMAK RD,132.0,,,,,,,2,NO INDICATION OF INJURY,0.0,0.0,0.0,0.0,0.0,2.0,0.0,12,2,5,41.8529760301,-87.6237748695,POINT (-87.623774869532 41.852976030122)
1ee514cc38d6d2c96b1671ab2179503fd0391d4fd53ba16523a368c793f888c25ec850fcfea5aa6a720acd2f68475210712c492278e1bb83441cb921395b3eee,JC286640,,05/31/2019 04:50:00 PM,30,TRAFFIC SIGNAL,FUNCTIONING PROPERLY,CLEAR,DAYLIGHT,TURNING,NOT DIVIDED,,STRAIGHT AND LEVEL,DRY,NO DEFECTS,NOT ON SCENE (DESK REPORT),NO INJURY / DRIVE AWAY,,,Y,"$501 - $1,500",05/31/2019 05:37:00 PM,IMPROPER TURNING/NO SIGNAL,UNABLE TO DETERMINE,3000,W,CHICAGO AVE,1211.0,,,,,,,2,NO INDICATION OF INJURY,0.0,0.0,0.0,0.0,0.0,2.0,0.0,16,6,5,41.8957045249,-87.7022185235,POINT (-87.702218523538 41.895704524946)
ab8edf1a6ab2ae7e4f1f980b52034a5aafc9dc8968558f0e997af3ae3c032d579cb62e9d5e8bcfed0070d5cf9fb98b65a5ec25a89a4b1a58393ce027a322afac,JC516779,,11/19/2019 06:00:00 PM,30,TRAFFIC SIGNAL,FUNCTIONING PROPERLY,RAIN,"DARKNESS, LIGHTED ROAD",REAR END,DIVIDED - W/MEDIAN BARRIER,,STRAIGHT AND LEVEL,WET,NO DEFECTS,NOT ON SCENE (DESK REPORT),NO INJURY / DRIVE AWAY,,,,"OVER $1,500",11/19/2019 06:39:00 PM,FOLLOWING TOO CLOSELY,UNABLE TO DETERMINE,1200,S,INDIANA AVE,132.0,,,,,,,2,NO INDICATION OF INJURY,0.0,0.0,0.0,0.0,0.0,2.0,0.0,18,3,11,41.8673978764,-87.6227005116,POINT (-87.622700511583 41.867397876393)
ef4c1b5514ade22583efd86cfdd1555c384450ac68540cab353d1828809a3dae96227dcda1408edcc380ccf415239054cd1c80ef573d25fe91372e2a43ec1196,JC306788,,06/14/2019 01:45:00 PM,15,NO CONTROLS,NO CONTROLS,CLEAR,DAYLIGHT,PEDESTRIAN,PARKING LOT,,STRAIGHT AND LEVEL,DRY,NO DEFECTS,,INJURY AND / OR TOW DUE TO CRASH,,Y,Y,"OVER $1,500",06/14/2019 09:30:00 PM,DRIVING SKILLS/KNOWLEDGE/EXPERIENCE,NOT APPLICABLE,1130,S,CANAL ST,124.0,,,,,,,2,"REPORTED, NOT EVIDENT",1.0,0.0,0.0,0.0,1.0,1.0,0.0,13,6,6,41.868082661,-87.6393654159,POINT (-87.639365415895 41.868082660987)
d3cb4219ccbb7076e2a31c2fe9bdab7bb30f722475d894975a0eaed07c8e04e2930dd355f7059849d176fa007301ef84555fb765d1d5c1a4b205bf94524f6ac8,JB436484,,09/15/2018 11:55:00 AM,30,TRAFFIC SIGNAL,FUNCTIONING PROPERLY,CLEAR,DAYLIGHT,TURNING,NOT DIVIDED,2.0,STRAIGHT AND LEVEL,DRY,NO DEFECTS,NOT ON SCENE (DESK REPORT),NO INJURY / DRIVE AWAY,,,,"$501 - $1,500",09/15/2018 12:10:00 PM,UNABLE TO DETERMINE,UNABLE TO DETERMINE,5602,N,CLARK ST,2012.0,,,,,,,2,NO INDICATION OF INJURY,0.0,0.0,0.0,0.0,0.0,2.0,0.0,11,7,9,41.9835818893,-87.6689263098,POINT (-87.668926309841 41.983581889285)
0d69033d4255d1a37e7c9137693da92db0ee245304074038ce36663cb52684640513e1c49449c9257f5f7b489b2c3a4ab8410c0272d3e740718a881c18f430c1,HZ493523,,10/28/2016 11:00:00 PM,30,NO CONTROLS,NO CONTROLS,CLEAR,UNKNOWN,PARKED MOTOR VEHICLE,NOT DIVIDED,2.0,STRAIGHT AND LEVEL,DRY,UNKNOWN,NOT ON SCENE (DESK REPORT),NO INJURY / DRIVE AWAY,,,,$500 OR LESS,10/29/2016 03:00:00 AM,IMPROPER OVERTAKING/PASSING,NOT APPLICABLE,2853,N,LAKEWOOD AVE,1932.0,,,,,,,2,NO INDICATION OF INJURY,0.0,0.0,0.0,0.0,0.0,3.0,0.0,23,6,10,41.9340997095,-87.6610382273,POINT (-87.661038227297 41.934099709536)
ad05c325eb964c3fd70f499bdc7118692110552a9b13f5c833c53b3f16c3a43ce7a5df52eea9e49f7519cf6656dd33bdd8abda3e9f7a19fd3c39460ed48907c6,JC264306,,05/15/2019 03:40:00 PM,30,NO CONTROLS,NO CONTROLS,CLEAR,DAYLIGHT,REAR END,ALLEY,,STRAIGHT AND LEVEL,DRY,NO DEFECTS,NOT ON SCENE (DESK REPORT),NO INJURY / DRIVE AWAY,,,,"$501 - $1,500",05/15/2019 04:17:00 PM,IMPROPER BACKING,UNABLE TO DETERMINE,2832,W,24TH BLVD,1033.0,,,,,,,2,NO INDICATION OF INJURY,0.0,0.0,0.0,0.0,0.0,2.0,0.0,15,4,5,41.8479783377,-87.6966315995,POINT (-87.696631599516 41.847978337657)
92f3d4be41f6e0da310c2118dc4c313cbcc4b205fab5cdc431fe6ae0fa99abf88e33cd33da58616f4c45cd670a5c07c9029154013b810b3f372bdb21bbdd859d,HZ372607,,07/28/2016 05:45:00 PM,30,NO CONTROLS,NO CONTROLS,RAIN,DAYLIGHT,REAR END,DIVIDED - W/MEDIAN (NOT RAISED),2.0,STRAIGHT AND LEVEL,WET,NO DEFECTS,NOT ON SCENE (DESK REPORT),NO INJURY / DRIVE AWAY,,,,"OVER $1,500",07/31/2016 04:25:00 PM,WEATHER,NOT APPLICABLE,6691,W,DEVON AVE,1611.0,,,,,,,2,NO INDICATION OF INJURY,0.0,0.0,0.0,0.0,0.0,2.0,0.0,17,5,7,41.9972020525,-87.7954603284,POINT (-87.795460328411 41.997202052488)
d3fc78c9983b28065cd9a42c5bf6d54b4aa342ededdd3b1bb02f84a172e6729ee1a4065278f308945f235726ecc6d574ce24da795549df9ba9d5d281d1205124,JF427354,,10/08/2022 10:27:00 PM,30,TRAFFIC SIGNAL,FUNCTIONING PROPERLY,CLEAR,"DARKNESS, LIGHTED ROAD",ANGLE,NOT DIVIDED,,STRAIGHT AND LEVEL,DRY,NO DEFECTS,ON SCENE,INJURY AND / OR TOW DUE TO CRASH,Y,,,"OVER $1,500",10/08/2022 10:27:00 PM,FAILING TO YIELD RIGHT-OF-WAY,DISREGARDING OTHER TRAFFIC SIGNS,1200,E,MARQUETTE RD,321.0,,Y,,,,,2,NONINCAPACITATING INJURY,3.0,0.0,0.0,3.0,0.0,2.0,0.0,22,7,10,41.7751656863,-87.5959997655,POINT (-87.595999765505 41.775165686276)
5ef17ccb74fa7462e93ca68246a8caf10acfab2955d79db2bb732186c07491de66225d81176ca3ac558a01753a352a406a813fa1650904b50cbb7689121f7151,JF111645,,01/13/2022 01:05:00 PM,30,NO CONTROLS,NO CONTROLS,CLEAR,DAYLIGHT,PARKED MOTOR VEHICLE,NOT DIVIDED,,STRAIGHT AND LEVEL,DRY,NO DEFECTS,NOT ON SCENE (DESK REPORT),NO INJURY / DRIVE AWAY,,,Y,"$501 - $1,500",01/13/2022 02:53:00 PM,UNABLE TO DETERMINE,UNABLE TO DETERMINE,1259,N,ASHLAND AVE,1433.0,,,,,,,2,NO INDICATION OF INJURY,0.0,0.0,0.0,0.0,0.0,1.0,0.0,13,5,1,41.9049426422,-87.6673910038,POINT (-87.667391003756 41.90494264219)
ce22f7fd3e77b17c8089c407253bade5a271dff3efc2f53ad10e5edf9277526679de7fb9392ec56066e87090bfa9851dc11eb265811692b498102e0ae10fad90,JA499402,,11/05/2017 01:47:00 AM,30,NO CONTROLS,NO CONTROLS,RAIN,"DARKNESS, LIGHTED ROAD",PARKED MOTOR VEHICLE,NOT DIVIDED,1.0,STRAIGHT AND LEVEL,WET,NO DEFECTS,ON SCENE,INJURY AND / OR TOW DUE TO CRASH,,,Y,"OVER $1,500",11/05/2017 01:47:00 AM,FAILING TO REDUCE SPEED TO AVOID CRASH,WEATHER,10643,S,DR MARTIN LUTHER KING JR DR,512.0,,,,,,,4,NO INDICATION OF INJURY,0.0,0.0,0.0,0.0,0.0,1.0,0.0,1,1,11,41.7005574098,-87.6134389094,POINT (-87.613438909446 41.70055740983)
154c2a22aeeb28fbdf83ab5b8ea6f1b3c18f5d4a8a4f9afcfee6c97e61fe5a9ff7aac054f17d621bfbe518f1cf9f6ee3e436ff5a879bfc0ca9880f1960708721,JF471073,,11/11/2022 02:34:00 PM,25,NO CONTROLS,NO CONTROLS,CLEAR,DAYLIGHT,SIDESWIPE SAME DIRECTION,NOT DIVIDED,,STRAIGHT AND LEVEL,DRY,NO DEFECTS,ON SCENE,NO INJURY / DRIVE AWAY,,,,"OVER $1,500",11/11/2022 03:49:00 PM,UNABLE TO DETERMINE,UNABLE TO DETERMINE,1017,N,CICERO AVE,1111.0,,,,,,,2,NO INDICATION OF INJURY,0.0,0.0,0.0,0.0,0.0,2.0,0.0,14,6,11,41.8992011757,-87.7457560593,POINT (-87.745756059324 41.899201175699)
b6dc298151edd6ee3c6e9e7262200f7413e6c58dd9c7ccd35d281a0628c1a320bdd888471b8b28f74d3db3adcc34cc32ac66819c61c5c575457cd61a8eaea447,JG200144,,03/26/2023 08:05:00 PM,30,STOP SIGN/FLASHER,FUNCTIONING PROPERLY,RAIN,DARKNESS,TURNING,Y-INTERSECTION,,STRAIGHT AND LEVEL,WET,NO DEFECTS,ON SCENE,INJURY AND / OR TOW DUE TO CRASH,Y,,,"OVER $1,500",03/26/2023 08:05:00 PM,IMPROPER TURNING/NO SIGNAL,UNDER THE INFLUENCE OF ALCOHOL/DRUGS (USE WHEN ARREST IS EFFECTED),2149,N,STAVE ST,1431.0,,,,,,,2,NO INDICATION OF INJURY,0.0,0.0,0.0,0.0,0.0,2.0,0.0,20,1,3,41.9203466427,-87.6956695998,POINT (-87.695669599799 41.920346642651)
649da10736795ce64862d6997b2a12433ec095a284c172c508f96ea342254c2b231e269aec762b6c2830e194cb23766c77aa25eeca2e97b9e74c3d89e2e98999,JD404517,,10/19/2020 04:52:00 PM,30,NO CONTROLS,NO CONTROLS,RAIN,"DARKNESS, LIGHTED ROAD",SIDESWIPE SAME DIRECTION,DIVIDED - W/MEDIAN BARRIER,,STRAIGHT AND LEVEL,WET,NO DEFECTS,ON SCENE,INJURY AND / OR TOW DUE TO CRASH,,,,"OVER $1,500",10/19/2020 05:00:00 PM,UNABLE TO DETERMINE,UNABLE TO DETERMINE,4000,N,WESTERN AVE,1911.0,,,,,,,2,NO INDICATION OF INJURY,0.0,0.0,0.0,0.0,0.0,2.0,0.0,16,2,10,41.9540567135,-87.688614472,POINT (-87.688614471985 41.954056713542)
f84f7ee161afc849350629afd15c097b54128facc17a0c3f38ea5af1e3cca8d80a8879827be893f04deddcd907184217293074fa97f717d781e4f2f5c6da9f89,JA463968,,10/09/2017 01:37:00 AM,30,TRAFFIC SIGNAL,FUNCTIONING PROPERLY,CLEAR,DARKNESS,ANGLE,DIVIDED - W/MEDIAN (NOT RAISED),3.0,STRAIGHT AND LEVEL,DRY,NO DEFECTS,ON SCENE,INJURY AND / OR TOW DUE TO CRASH,Y,,Y,"OVER $1,500",10/09/2017 01:43:00 AM,NOT APPLICABLE,NOT APPLICABLE,204,W,GARFIELD BLVD,225.0,,,,,,,4,"REPORTED, NOT EVIDENT",2.0,0.0,0.0,0.0,2.0,2.0,0.0,1,2,10,41.7946561367,-87.6307608635,POINT (-87.630760863536 41.794656136694)
6478ef0fe7c83298ef1720ac606084f3362c9f257d1b44dd3c0872eadb741a9602455d1f97f0d470e5442cd7f5ee5de1b3fe7047ef26b9666a6da98fc287ee12,JC365166,,07/26/2019 10:30:00 AM,30,TRAFFIC SIGNAL,FUNCTIONING PROPERLY,CLEAR,DAYLIGHT,SIDESWIPE SAME DIRECTION,RAMP,,STRAIGHT AND LEVEL,DRY,NO DEFECTS,NOT ON SCENE (DESK REPORT),NO INJURY / DRIVE AWAY,,,,"OVER $1,500",07/26/2019 10:45:00 AM,IMPROPER OVERTAKING/PASSING,UNABLE TO DETERMINE,11100,S,MARSHFIELD AVE,2234.0,,,,,,,2,NO INDICATION OF INJURY,0.0,0.0,0.0,0.0,0.0,2.0,0.0,10,6,7,41.6920731982,-87.661003058,POINT (-87.661003057986 41.692073198171)
ec50c74d888791f8f16bb9e4f1a5be44a5838cbc3a218da93da42924bc3ee3f4081ef8ddc4742d818aa0d2a71f1071364127bcf7d92c76ff53116f9665313b9c,JE213199,,04/28/2021 05:29:00 PM,30,NO CONTROLS,NO CONTROLS,RAIN,DAYLIGHT,ANGLE,NOT DIVIDED,,STRAIGHT AND LEVEL,WET,NO DEFECTS,ON SCENE,INJURY AND / OR TOW DUE TO CRASH,Y,,,"$501 - $1,500",04/28/2021 05:29:00 PM,FAILING TO YIELD RIGHT-OF-WAY,NOT APPLICABLE,5000,S,MICHIGAN AVE,224.0,,,,,,,3,"REPORTED, NOT EVIDENT",2.0,0.0,0.0,0.0,2.0,0.0,0.0,17,4,4,41.8037268016,-87.6228384284,POINT (-87.622838428379 41.803726801644)
535e1fbf426192b170652c5dfe51b51257a8002f34e11c7da4f306dd829a1472e221fabe879fa8a95157787d64e1ea3472ef2d42ec9852ee825bf3bcc9635c88,,,11/04/2023 08:15:00 AM,30,NO CONTROLS,NO CONTROLS,CLEAR,DAYLIGHT,REAR END,PARKING LOT,,STRAIGHT AND LEVEL,DRY,NO DEFECTS,NOT ON SCENE (DESK REPORT),NO INJURY / DRIVE AWAY,,,,"$501 - $1,500",11/04/2023 01:26:00 PM,IMPROPER BACKING,NOT APPLICABLE,5615,S,HARLEM AVE,811.0,,,,,,,2,NO INDICATION OF INJURY,0.0,0.0,0.0,0.0,0.0,2.0,0.0,8,7,11,41.7896473265,-87.8012858227,POINT (-87.801285822745 41.789647326498)
1bb77923ca6c9ee1f6489d35e0b13dd3fb09c4df659b9389d8eeb2a8e25c3f20eb45cb668a836d86a509b4e9925489d69ea81345b30e8e06376022202a077e67,JB118765,,01/17/2018 05:45:00 AM,30,TRAFFIC SIGNAL,FUNCTIONING IMPROPERLY,CLEAR,"DARKNESS, LIGHTED ROAD",REAR END,DIVIDED - W/MEDIAN BARRIER,3.0,STRAIGHT AND LEVEL,ICE,NO DEFECTS,ON SCENE,NO INJURY / DRIVE AWAY,Y,,,"OVER $1,500",01/17/2018 05:49:00 AM,WEATHER,FAILING TO REDUCE SPEED TO AVOID CRASH,5701,S,LAKE SHORE DR,331.0,,,,,,,2,NO INDICATION OF INJURY,0.0,0.0,0.0,0.0,0.0,2.0,0.0,5,4,1,41.7914978534,-87.5798733416,POINT (-87.579873341626 41.791497853446)
83a4ff38c02597835f8d2026e08abb844e87f8a06a8477568a12a42c175e2adbf98a43b4271d1bdb007f0d1d43c7b564a8230a9bce8f25f78e82808209c0cc20,HZ123614,,01/21/2016 05:00:00 PM,30,NO CONTROLS,NO CONTROLS,CLEAR,DARKNESS,PARKED MOTOR VEHICLE,PARKING LOT,,STRAIGHT AND LEVEL,SNOW OR SLUSH,NO DEFECTS,NOT ON SCENE (DESK REPORT),NO INJURY / DRIVE AWAY,,,,"OVER $1,500",01/21/2016 05:40:00 PM,IMPROPER BACKING,"OPERATING VEHICLE IN ERRATIC, RECKLESS, CARELESS, NEGLIGENT OR AGGRESSIVE MANNER",4700,S,HOYNE AVE,931.0,,,,,,,2,NO INDICATION OF INJURY,0.0,0.0,0.0,0.0,0.0,2.0,0.0,17,5,1,41.8084072791,-87.6772629762,POINT (-87.677262976184 41.808407279119)
e9ee51d7eaca6de1bd5891ea3fa537f794a21471e28a0a12062b45b091b6522c9a07172af4a8d0cb661c96f7111d7803f5ee6b138842dfec283d300f0cebc7f5,JB272802,,05/21/2018 04:17:00 PM,25,TRAFFIC SIGNAL,FUNCTIONING PROPERLY,RAIN,DAYLIGHT,REAR END,NOT DIVIDED,2.0,STRAIGHT AND LEVEL,WET,NO DEFECTS,,NO INJURY / DRIVE AWAY,,,,"$501 - $1,500",05/21/2018 05:15:00 PM,FOLLOWING TOO CLOSELY,UNABLE TO DETERMINE,800,E,95TH ST,633.0,,,,,,,2,NO INDICATION OF INJURY,0.0,0.0,0.0,0.0,0.0,4.0,0.0,16,2,5,41.7221539388,-87.6044477356,POINT (-87.604447735644 41.722153938772)
6651569635bad05228729d4a3b0728b440ebe86b7914f1883c9e01d0d831584fe6b0c448ef4ae36219f688997798ea8e46bcfe9064c3e80c013730ce19df8f85,JD318692,,08/02/2020 05:20:00 PM,30,NO CONTROLS,NO CONTROLS,RAIN,DAYLIGHT,REAR END,DIVIDED - W/MEDIAN (NOT RAISED),,STRAIGHT AND LEVEL,WET,NO DEFECTS,NOT ON SCENE (DESK REPORT),INJURY AND / OR TOW DUE TO CRASH,,,Y,"$501 - $1,500",08/02/2020 06:10:00 PM,UNABLE TO DETERMINE,NOT APPLICABLE,301,N,LARAMIE AVE,1532.0,,,,,,,2,"REPORTED, NOT EVIDENT",1.0,0.0,0.0,0.0,1.0,2.0,0.0,17,1,8,41.8857196063,-87.7551153771,POINT (-87.755115377118 41.885719606292)
9b441906fe689351db66cc852fed87b0c64c4a948571c4b0b21a4806515bf3dde3eadabb3eea7a06494c977c4c45b5a3e3ca90592f5c330bb4dbae14ebb421b8,JC157862,,02/19/2019 09:00:00 AM,30,NO CONTROLS,NO CONTROLS,CLEAR,DAYLIGHT,PARKED MOTOR VEHICLE,ONE-WAY,,STRAIGHT AND LEVEL,SNOW OR SLUSH,NO DEFECTS,NOT ON SCENE (DESK REPORT),NO INJURY / DRIVE AWAY,,,,"OVER $1,500",02/19/2019 09:33:00 AM,NOT APPLICABLE,NOT APPLICABLE,6347,N,HERMITAGE AVE,2433.0,,,,,,,2,NO INDICATION OF INJURY,0.0,0.0,0.0,0.0,0.0,2.0,0.0,9,3,2,41.9969910161,-87.6733329239,POINT (-87.673332923899 41.99699101615)
dd6325e03c5f7db384f243dde6f19973aae2760ea92117499f8b311d0bf7f4dfa2a2beeebe449977fe8397f2517dcf3a26ef0aef9403676f76585f9b80f6303a,JG328193,,07/05/2023 06:30:00 AM,30,NO CONTROLS,NO CONTROLS,CLEAR,DAYLIGHT,REAR END,NOT DIVIDED,,STRAIGHT AND LEVEL,DRY,NO DEFECTS,NOT ON SCENE (DESK REPORT),NO INJURY / DRIVE AWAY,,,,"OVER $1,500",07/05/2023 06:50:00 AM,UNABLE TO DETERMINE,NOT APPLICABLE,5353,N,ELSTON AVE,1621.0,,,,,,,2,NO INDICATION OF INJURY,0.0,0.0,0.0,0.0,0.0,2.0,0.0,6,4,7,41.9787102644,-87.757153772,POINT (-87.757153772042 41.978710264377)
93d1c903155081b7cb5040fe60498a11707c07dc559e0aac1f7c13d38dcaa38ffc67246db53d60c41815ea73b79cdd2b72b6985bb72f3158fe698b953383ffb7,JF121406,Y,01/21/2022 09:30:00 PM,30,NO CONTROLS,UNKNOWN,UNKNOWN,UNKNOWN,PARKED MOTOR VEHICLE,ONE-WAY,,STRAIGHT AND LEVEL,UNKNOWN,UNKNOWN,ON SCENE,NO INJURY / DRIVE AWAY,,,Y,"OVER $1,500",01/23/2022 12:40:00 AM,UNABLE TO DETERMINE,NOT APPLICABLE,6454,N,MOZART ST,2412.0,,,,,,,2,NO INDICATION OF INJURY,0.0,0.0,0.0,0.0,0.0,1.0,0.0,21,6,1,41.999156518,-87.7010574278,POINT (-87.701057427833 41.999156518004)
3036d4ae4d44bc605f7cc4c8da0b0e614a9babbfa8204ca9eede809f4a21287b41bb3cd3e01aca4ac2a068c4de9b32b080daefaeab933057d64b549887c8ac44,JG371699,,08/06/2023 01:08:00 PM,30,TRAFFIC SIGNAL,FUNCTIONING PROPERLY,CLOUDY/OVERCAST,DAYLIGHT,SIDESWIPE SAME DIRECTION,FOUR WAY,,STRAIGHT AND LEVEL,UNKNOWN,UNKNOWN,,INJURY AND / OR TOW DUE TO CRASH,Y,,,"OVER $1,500",08/06/2023 01:08:00 PM,IMPROPER OVERTAKING/PASSING,NOT APPLICABLE,4400,W,LAKE ST,1113.0,,,,,,,2,NONINCAPACITATING INJURY,1.0,0.0,0.0,1.0,0.0,4.0,0.0,13,1,8,41.8861404114,-87.7357597022,POINT (-87.735759702159 41.886140411405)
8bb94e3296a93367f5b61925fa53bf5cbe6e8ab565b148b071d258ab2cfb70a34dfb1a815465d69e36850a6932acf0cb5b0882d17ace13a4ab78bc2d9a69ca54,JB561672,,12/20/2018 04:55:00 PM,30,TRAFFIC SIGNAL,FUNCTIONING PROPERLY,CLEAR,"DARKNESS, LIGHTED ROAD",SIDESWIPE SAME DIRECTION,OTHER,4.0,STRAIGHT AND LEVEL,DRY,NO DEFECTS,,NO INJURY / DRIVE AWAY,,,Y,"$501 - $1,500",12/20/2018 08:00:00 PM,IMPROPER LANE USAGE,DRIVING SKILLS/KNOWLEDGE/EXPERIENCE,7900,S,PULASKI RD,834.0,,,,,,,2,NO INDICATION OF INJURY,0.0,0.0,0.0,0.0,0.0,3.0,0.0,16,5,12,41.7493390001,-87.7220520909,POINT (-87.722052090915 41.749339000082)
d20d526c758f5ced2d671bd6cf22ca259cc4a4506f4c248ef21b54e2d4acd38adf0450ebb04cc26d4747385bad1d7fb527ce348e8c7e329bab09a1288ff7c33b,JE427690,Y,10/30/2021 10:00:00 AM,20,NO CONTROLS,NO CONTROLS,RAIN,"DARKNESS, LIGHTED ROAD",PARKED MOTOR VEHICLE,ONE-WAY,,STRAIGHT AND LEVEL,WET,NO DEFECTS,ON SCENE,NO INJURY / DRIVE AWAY,,,Y,"OVER $1,500",10/30/2021 10:20:00 AM,IMPROPER OVERTAKING/PASSING,NOT APPLICABLE,4401,S,KARLOV AVE,815.0,,,,,,,2,NO INDICATION OF INJURY,0.0,0.0,0.0,0.0,0.0,1.0,0.0,10,7,10,41.8132448047,-87.7260873883,POINT (-87.726087388264 41.813244804708)
c8d8aa540b5d2dfdfd4fd588cec9fea11227854199a21bc1d84fef700283af7f20f96632b1f732892311aad3caa259d738bdd0f166d431263c1077336b9b24df,HZ201832,,03/25/2016 04:00:00 PM,30,NO CONTROLS,NO CONTROLS,CLEAR,DAYLIGHT,OTHER OBJECT,NOT DIVIDED,4.0,STRAIGHT AND LEVEL,DRY,"RUT, HOLES",NOT ON SCENE (DESK REPORT),NO INJURY / DRIVE AWAY,,,,"$501 - $1,500",03/26/2016 12:38:00 PM,UNABLE TO DETERMINE,NOT APPLICABLE,9500,S,COTTAGE GROVE AVE,511.0,,,,,,,1,NO INDICATION OF INJURY,0.0,0.0,0.0,0.0,0.0,1.0,0.0,16,6,3,41.7219704652,-87.6033480401,POINT (-87.603348040077 41.721970465227)
b37f888ae9b3d6666ddbc1f331c7a9775c05fddf6b42f84ff48c0ac01221c13c0c9bcefea316842bdbf5154becf5a49234688193c66732f0ae0ac6d7e6886767,JG318716,,06/27/2023 02:00:00 PM,30,NO CONTROLS,NO CONTROLS,CLEAR,DAYLIGHT,PARKED MOTOR VEHICLE,ONE-WAY,,STRAIGHT AND LEVEL,DRY,NO DEFECTS,NOT ON SCENE (DESK REPORT),NO INJURY / DRIVE AWAY,,,Y,"$501 - $1,500",06/27/2023 08:00:00 PM,IMPROPER BACKING,IMPROPER BACKING,318,S,DEARBORN ST,113.0,,,,,,,2,NO INDICATION OF INJURY,0.0,0.0,0.0,0.0,0.0,1.0,0.0,14,3,6,41.8776901946,-87.6294313416,POINT (-87.629431341645 41.877690194585)
5e500071979d7ec1a479058e79ddf03e14d8f3f8eeae6bbf25a72b2c84aa77a8042eded9302e15d8575ea5acb2addaba86113f3581e0372407f6b04bb709cd77,JE346820,,08/21/2021 02:00:00 PM,30,NO CONTROLS,NO CONTROLS,CLEAR,DAYLIGHT,REAR END,NOT DIVIDED,,STRAIGHT AND LEVEL,DRY,NO DEFECTS,NOT ON SCENE (DESK REPORT),INJURY AND / OR TOW DUE TO CRASH,,,Y,"OVER $1,500",08/23/2021 07:47:00 AM,FAILING TO YIELD RIGHT-OF-WAY,NOT APPLICABLE,1500,W,NORTH AVE,1433.0,,,,Y,UNKNOWN,,2,NONINCAPACITATING INJURY,1.0,0.0,0.0,1.0,0.0,1.0,0.0,14,7,8,41.9107741396,-87.6652177693,POINT (-87.665217769273 41.910774139618)