CRASH_RECORD_ID,RD_NO,CRASH_DATE_EST_I,CRASH_DATE,POSTED_SPEED_LIMIT,TRAFFIC_CONTROL_DEVICE,DEVICE_CONDITION,WEATHER_CONDITION,LIGHTING_CONDITION,FIRST_CRASH_TYPE,TRAFFICWAY_TYPE,LANE_CNT,ALIGNMENT,ROADWAY_SURFACE_COND,ROAD_DEFECT,REPORT_TYPE,CRASH_TYPE,INTERSECTION_RELATED_I,NOT_RIGHT_OF_WAY_I,HIT_AND_RUN_I,DAMAGE,DATE_POLICE_NOTIFIED,PRIM_CONTRIBUTORY_CAUSE,SEC_CONTRIBUTORY_CAUSE,STREET_NO,STREET_DIRECTION,STREET_NAME,BEAT_OF_OCCURRENCE,PHOTOS_TAKEN_I,STATEMENTS_TAKEN_I,DOORING_I,WORK_ZONE_I,WORK_ZONE_TYPE,WORKERS_PRESENT_I,NUM_UNITS,MOST_SEVERE_INJURY,INJURIES_TOTAL,INJURIES_FATAL,INJURIES_INCAPACITATING,INJURIES_NON_INCAPACITATING,INJURIES_REPORTED_NOT_EVIDENT,INJURIES_NO_INDICATION,INJURIES_UNKNOWN,CRASH_HOUR,CRASH_DAY_OF_WEEK,CRASH_MONTH,LATITUDE,LONGITUDE,LOCATION
b3a69bb2f5600044ebeb13e62527cfa90230f19193080e010efb81efd4ade0f76177f161ee0dd3cbc48fa6f21a809dac93ffbd4be567e0f6b99dda8f28289503,JF362185,,08/19/2022 06:59:00 AM,30,NO CONTROLS,OTHER,CLEAR,DAYLIGHT,REAR END,DIVIDED - W/MEDIAN (NOT RAISED),,STRAIGHT AND LEVEL,DRY,UNKNOWN,ON SCENE,NO INJURY / DRIVE AWAY,N,,,$500 OR LESS,08/19/2022 06:59:00 AM,DISREGARDING YIELD SIGN,FAILING TO REDUCE SPEED TO AVOID CRASH,1918,S,ASHLAND AVE,1234.0,,,,Y,UNKNOWN,,2,NO INDICATION OF INJURY,0.0,0.0,0.0,0.0,0.0,2.0,0.0,6,6,8,41.8553612116,-87.6662268149,POINT (-87.666226814912 41.855361211593)
85593b321e1cc534e1d5b50fb4ec11a3cc963e3d7ef8c079dcd8fc4ed265a423bd430cd33b785bc092808aee8fa88e04a7fc97b6a54d2fb879425f127dda592f,JB240443,,04/27/2018 03:45:00 PM,5,NO CONTROLS,NO CONTROLS,CLEAR,DAYLIGHT,ANGLE,PARKING LOT,,STRAIGHT AND LEVEL,DRY,NO DEFECTS,NOT ON SCENE (DESK REPORT),NO INJURY / DRIVE AWAY,,,,"OVER $1,500",04/27/2018 05:10:00 PM,IMPROPER BACKING,UNABLE TO DETERMINE,1320,E,47TH ST,222.0,,,,,,,2,NO INDICATION OF INJURY,0.0,0.0,0.0,0.0,0.0,3.0,0.0,15,6,4,41.809781151,-87.594212812,POINT (-87.594212812011 41.809781151018)
048a58ee7e780caf54b69f771eb56d122063b8aecd598bd1214a7b0c40ec954dfe6abb16932625180eecc754b95bf3100121aa8452c419a463442d7db989d38c,JC466413,,10/10/2019 04:09:00 PM,35,TRAFFIC SIGNAL,UNKNOWN,RAIN,DAYLIGHT,TURNING,DIVIDED - W/MEDIAN (NOT RAISED),,STRAIGHT AND LEVEL,WET,UNKNOWN,ON SCENE,INJURY AND / OR TOW DUE TO CRASH,,,Y,"OVER $1,500",10/10/2019 04:10:00 PM,FAILING TO REDUCE SPEED TO AVOID CRASH,NOT APPLICABLE,7100,S,DAMEN AVE,735.0,,,,,,,2,"REPORTED, NOT EVIDENT",1.0,0.0,0.0,0.0,1.0,1.0,0.0,16,5,10,41.7647131874,-87.6736784893,POINT (-87.673678489303 41.764713187398)
331b11e784489bd597730b48eab59abdd6ddcf1e61e081c4b12056e6df342d0bd54b286826eed7c44ccdfd589e311b41c7b20431800ad52f82d9a9e10038f061,JE212885,,04/28/2021 12:00:00 PM,30,STOP SIGN/FLASHER,FUNCTIONING PROPERLY,CLOUDY/OVERCAST,DAYLIGHT,TURNING,FOUR WAY,,STRAIGHT AND LEVEL,DRY,NO DEFECTS,,NO INJURY / DRIVE AWAY,Y,,,"OVER $1,500",04/28/2021 01:15:00 PM,IMPROPER TURNING/NO SIGNAL,DRIVING SKILLS/KNOWLEDGE/EXPERIENCE,601,W,FULLERTON PKWY,1812.0,,,,,,,2,NO INDICATION OF INJURY,0.0,0.0,0.0,0.0,0.0,2.0,0.0,12,4,4,41.9254206277,-87.6440448645,POINT (-87.644044864517 41.925420627701)
99ea85f3fc7530674ded0e116c3b3cd7fe516026f10cce41df6d235775699ebc7d1a9bc6ca658124adb16e1601f4a166f4f8b25fb8516928f0631b7621c87b5d,JD426297,,11/09/2020 01:20:00 PM,30,NO CONTROLS,NO CONTROLS,CLEAR,DAYLIGHT,ANGLE,OTHER,,STRAIGHT AND LEVEL,DRY,NO DEFECTS,NOT ON SCENE (DESK REPORT),NO INJURY / DRIVE AWAY,,,N,"$501 - $1,500",11/09/2020 04:58:00 PM,UNABLE TO DETERMINE,NOT APPLICABLE,8300,S,STONY ISLAND AVE,412.0,,,,,,,2,NO INDICATION OF INJURY,0.0,0.0,0.0,0.0,0.0,2.0,0.0,13,2,11,41.744151639,-87.585945067,POINT (-87.585945066953 41.744151639042)
f402613a7c8868cd39cbdf3b55210c92b95305ed0c09fb663a2983846043089f89ebda6756b0466aaa5f3490d16a8f4052f91a76dbb19e6b086761bc84fe97f3,JC237954,,04/25/2019 02:30:00 PM,30,NO CONTROLS,NO CONTROLS,CLEAR,DAYLIGHT,PARKED MOTOR VEHICLE,DIVIDED - W/MEDIAN (NOT RAISED),,STRAIGHT AND LEVEL,DRY,NO DEFECTS,NOT ON SCENE (DESK REPORT),NO INJURY / DRIVE AWAY,,,,"OVER $1,500",04/25/2019 03:00:00 PM,UNABLE TO DETERMINE,UNABLE TO DETERMINE,2626,W,DEVON AVE,2412.0,,,,,,,2,NO INDICATION OF INJURY,0.0,0.0,0.0,0.0,0.0,4.0,0.0,14,5,4,41.9977359091,-87.6959288805,POINT (-87.695928880488 41.997735909101)
304f48aa2a6a1e054c6cdcb21217cd351eb844c257e6f54eacbff1e55454f3d887e77328ba15afb28d1f631079a9e2d6a7e8c1e1ccff79af76095a9c2a9ffd6f,JC161926,,02/22/2019 02:50:00 PM,30,TRAFFIC SIGNAL,FUNCTIONING PROPERLY,CLEAR,DAYLIGHT,TURNING,NOT DIVIDED,2.0,STRAIGHT AND LEVEL,DRY,NO DEFECTS,ON SCENE,NO INJURY / DRIVE AWAY,Y,,Y,"$501 - $1,500",02/22/2019 02:50:00 PM,IMPROPER TURNING/NO SIGNAL,NOT APPLICABLE,3558,W,DOUGLAS BLVD,1021.0,,,,,,,2,NO INDICATION OF INJURY,0.0,0.0,0.0,0.0,0.0,4.0,0.0,14,6,2,41.8629649399,-87.7151977279,POINT (-87.715197727856 41.862964939872)
65b5e54f17d938b76c1e8c6c1c6701ef3f17bc0c2eb9df99ce95e1858de2ded5d0feed5bcb9eed368a3505a41cde6f0e699e6fff2656e86696f122e6684eb3f7,JB563749,Y,12/13/2018 03:00:00 PM,30,NO CONTROLS,NO CONTROLS,CLEAR,DAYLIGHT,PARKED MOTOR VEHICLE,ONE-WAY,3.0,STRAIGHT AND LEVEL,DRY,NO DEFECTS,NOT ON SCENE (DESK REPORT),NO INJURY / DRIVE AWAY,,,Y,"OVER $1,500",12/22/2018 12:20:00 PM,UNABLE TO DETERMINE,UNABLE TO DETERMINE,216,W,ONTARIO ST,1831.0,,,,,,,2,NO INDICATION OF INJURY,0.0,0.0,0.0,0.0,0.0,1.0,0.0,15,5,12,41.8932870258,-87.6348654415,POINT (-87.634865441513 41.893287025842)
4c2698ee8f3793e8dd4102c51ad554956de494c9569ccd4f82b0b86624bbe89e8443dfd95d6953c89d67378635f71fa418f9a8c07997dfcb72ea1458e697a309,JB563342,,12/22/2018 01:20:00 AM,30,NO CONTROLS,NO CONTROLS,CLEAR,"DARKNESS, LIGHTED ROAD",PARKED MOTOR VEHICLE,NOT DIVIDED,2.0,STRAIGHT AND LEVEL,DRY,NO DEFECTS,ON SCENE,NO INJURY / DRIVE AWAY,,,Y,"OVER $1,500",12/22/2018 01:23:00 AM,UNABLE TO DETERMINE,NOT APPLICABLE,7139,S,RIDGEWAY AVE,833.0,,,,,,,2,NO INDICATION OF INJURY,0.0,0.0,0.0,0.0,0.0,1.0,0.0,1,7,12,41.7630204289,-87.7160860728,POINT (-87.716086072843 41.763020428893)
236c65aceb38865b3526c1c630d37f3d7527705fbc10123ea761d9a59881fe7e5ff84444e0552dc06fe6a070ca1affd13b1d45e3a51401b40368b537b1e42f77,JA191543,,03/18/2017 11:35:00 AM,30,NO CONTROLS,NO CONTROLS,CLEAR,DAYLIGHT,SIDESWIPE SAME DIRECTION,NOT DIVIDED,2.0,STRAIGHT AND LEVEL,DRY,NO DEFECTS,NOT ON SCENE (DESK REPORT),NO INJURY / DRIVE AWAY,,,,"OVER $1,500",03/18/2017 01:45:00 PM,UNABLE TO DETERMINE,UNABLE TO DETERMINE,7640,S,COTTAGE GROVE AVE,624.0,,,,,,,2,NO INDICATION OF INJURY,0.0,0.0,0.0,0.0,0.0,2.0,0.0,11,7,3,41.755532105,-87.6054610299,POINT (-87.60546102994 41.755532105011)
b9b708810b2d81b0dc066d59efa605bbf75c1219a3071af6871ca2ee8dda09e5fe855a8f5de723834390012a188bdfb3c393f863d0387b1a750143fe5ccb217c,JC408933,,08/27/2019 08:25:00 AM,20,NO CONTROLS,NO CONTROLS,CLEAR,DAYLIGHT,PARKED MOTOR VEHICLE,PARKING LOT,,STRAIGHT AND LEVEL,DRY,NO DEFECTS,ON SCENE,NO INJURY / DRIVE AWAY,,,,"OVER $1,500",08/27/2019 08:28:00 AM,FOLLOWING TOO CLOSELY,DRIVING SKILLS/KNOWLEDGE/EXPERIENCE,10000,W,OHARE ST,1651.0,,,,,,,2,NO INDICATION OF INJURY,0.0,0.0,0.0,0.0,0.0,1.0,0.0,8,3,8,41.976201139,-87.9053091251,POINT (-87.905309125103 41.976201139024)
3ee522bcc54fed1b6dc2f76d2edf58ec0bc9f22cabf704e94d7fd2a180ab18e22dd2cada3267765c99132d517d942f106ebfafb82c834ab91bfcd459fe22fd10,JF432174,,10/11/2022 02:00:00 AM,30,NO CONTROLS,NO CONTROLS,UNKNOWN,DARKNESS,PARKED MOTOR VEHICLE,ONE-WAY,,STRAIGHT AND LEVEL,UNKNOWN,UNKNOWN,NOT ON SCENE (DESK REPORT),NO INJURY / DRIVE AWAY,,,Y,"OVER $1,500",10/12/2022 05:55:00 PM,UNABLE TO DETERMINE,NOT APPLICABLE,5537,W,GIDDINGS ST,1623.0,,,,,,,2,NO INDICATION OF INJURY,0.0,0.0,0.0,0.0,0.0,1.0,0.0,2,3,10,41.9663149861,-87.7665035859,POINT (-87.766503585862 41.966314986135)
295bc3c89e3f4956750a25f4d7e5cf48821c8c1269ccf5ff59c5b94eb5c0b29f5479b72a98ca58d9547a8d77d1706fa880353ce17b195c43ba6ddac0b8737f8b,JA292117,,06/04/2017 02:30:00 AM,30,NO CONTROLS,NO CONTROLS,CLEAR,"DARKNESS, LIGHTED ROAD",PARKED MOTOR VEHICLE,NOT DIVIDED,2.0,STRAIGHT AND LEVEL,DRY,NO DEFECTS,,NO INJURY / DRIVE AWAY,,,Y,"OVER $1,500",06/04/2017 12:35:00 PM,UNABLE TO DETERMINE,UNABLE TO DETERMINE,4147,W,WASHINGTON BLVD,1115.0,,,,,,,2,NO INDICATION OF INJURY,0.0,0.0,0.0,0.0,0.0,1.0,0.0,2,1,6,41.8818827429,-87.7300326325,POINT (-87.73003263255 41.881882742861)
3916439bf89f705033f2b0e47c800bff7b73faace013992eaf90c4659511146e792072e3f96ade549a7212fc586b686880005086ff88fe563a296359b90fed65,JB283406,,05/17/2018 10:10:00 AM,30,NO CONTROLS,NO CONTROLS,CLEAR,DAYLIGHT,PARKED MOTOR VEHICLE,ONE-WAY,1.0,STRAIGHT AND LEVEL,WET,NO DEFECTS,NOT ON SCENE (DESK REPORT),NO INJURY / DRIVE AWAY,,,,"OVER $1,500",05/29/2018 10:10:00 AM,UNABLE TO DETERMINE,UNABLE TO DETERMINE,2860,N,PARKSIDE AVE,2514.0,,,,,,,2,NO INDICATION OF INJURY,0.0,0.0,0.0,0.0,0.0,2.0,0.0,10,5,5,41.9329918671,-87.7676677059,POINT (-87.767667705922 41.93299186713)
a16fbe7b7bb14dd910fc1f4302fdcd4d46923c14a45464505135f7c7d08598ac0a718cca0abc25f783d1d34541803d0ddff9e7abdaf3b4916887762de93486c2,JD415916,,10/30/2020 08:11:00 PM,30,NO CONTROLS,NO CONTROLS,CLEAR,"DARKNESS, LIGHTED ROAD",ANGLE,NOT DIVIDED,,STRAIGHT AND LEVEL,DRY,NO DEFECTS,ON SCENE,INJURY AND / OR TOW DUE TO CRASH,Y,,,"OVER $1,500",10/30/2020 08:11:00 PM,FAILING TO YIELD RIGHT-OF-WAY,UNABLE TO DETERMINE,5125,W,MADISON ST,1533.0,,,,,,,2,NONINCAPACITATING INJURY,1.0,0.0,0.0,1.0,0.0,4.0,0.0,20,6,10,41.8802803457,-87.7536257556,POINT (-87.753625755636 41.880280345718)
70ded89d4ddd6e74a0f44977cab81d00a43d30f3067b73a83a298c71d0a37668ec84a5f14e2c563870f03bae876e13815eb08fc7a19a6a56031500824608d55e,HZ565987,,12/26/2016 09:30:00 PM,30,TRAFFIC SIGNAL,FUNCTIONING PROPERLY,CLEAR,"DARKNESS, LIGHTED ROAD",REAR END,DIVIDED - W/MEDIAN (NOT RAISED),4.0,STRAIGHT AND LEVEL,DRY,UNKNOWN,NOT ON SCENE (DESK REPORT),NO INJURY / DRIVE AWAY,,,,"$501 - $1,500",12/26/2016 10:15:00 PM,FOLLOWING TOO CLOSELY,FAILING TO REDUCE SPEED TO AVOID CRASH,6199,W,63RD ST,812.0,,,,,,,2,NO INDICATION OF INJURY,0.0,0.0,0.0,0.0,0.0,2.0,0.0,21,2,12,41.7776592123,-87.7763155206,POINT (-87.77631552059 41.777659212308)
c43c7d7c751503f9dbe2388b40d0ab2c1103d37ed63b304bb823ae73477b596de886b059f80bfe13deed30112bc16ea11bfb5e99356ab42d3d05cfc34fa4f4b5,HZ373900,,08/01/2016 02:31:00 PM,30,TRAFFIC SIGNAL,FUNCTIONING PROPERLY,CLEAR,DAYLIGHT,REAR END,NOT DIVIDED,,STRAIGHT AND LEVEL,DRY,NO DEFECTS,NOT ON SCENE (DESK REPORT),NO INJURY / DRIVE AWAY,,,,"OVER $1,500",08/01/2016 04:02:00 PM,FOLLOWING TOO CLOSELY,NOT APPLICABLE,300,E,LOWER RANDOLPH ST,114.0,,,,,,,2,NO INDICATION OF INJURY,0.0,0.0,0.0,0.0,0.0,2.0,0.0,14,2,8,41.8845295656,-87.6205273202,POINT (-87.620527320212 41.884529565628)
1c1561c4e83c2734ed6dabea5a738a7acee3eca854fdbe524bda02eb1f7c2d4810e7b8736d340c3e183d81532e08088c62b771260fea89449bd46c479b4402cc,JD430299,,11/13/2020 02:25:00 PM,35,NO CONTROLS,NO CONTROLS,CLEAR,DAYLIGHT,REAR END,NOT DIVIDED,,STRAIGHT AND LEVEL,DRY,NO DEFECTS,ON SCENE,INJURY AND / OR TOW DUE TO CRASH,,,,"OVER $1,500",11/13/2020 02:42:00 PM,"DISTRACTION - OTHER ELECTRONIC DEVICE (NAVIGATION DEVICE, DVD PLAYER, ETC.)",FOLLOWING TOO CLOSELY,6102,N,NAGLE AVE,1611.0,,,,,,,2,NO INDICATION OF INJURY,0.0,0.0,0.0,0.0,0.0,2.0,0.0,14,6,11,41.9916468311,-87.787719451,POINT (-87.787719451005 41.991646831067)
5fb69800a538fed360267557d90bd7c7cc0589bf088b4b7d6340c3f47a34212eb86175e4ef339d2bab79b4391dbdbb3379cc08f65b2ecb3ff9d497bd60c0ef09,JE222737,,05/07/2021 03:30:00 PM,45,NO CONTROLS,NO CONTROLS,CLEAR,DAYLIGHT,SIDESWIPE SAME DIRECTION,DIVIDED - W/MEDIAN BARRIER,,STRAIGHT AND LEVEL,DRY,NO DEFECTS,ON SCENE,NO INJURY / DRIVE AWAY,,,Y,"$501 - $1,500",05/07/2021 03:33:00 PM,"OPERATING VEHICLE IN ERRATIC, RECKLESS, CARELESS, NEGLIGENT OR AGGRESSIVE MANNER",DISREGARDING ROAD MARKINGS,4300,S,LAKE SHORE DR SB,222.0,,,,,,,2,NO INDICATION OF INJURY,0.0,0.0,0.0,0.0,0.0,2.0,0.0,15,6,5,41.8168090688,-87.5953279272,POINT (-87.595327927215 41.816809068809)
31bcdc91f6bfc9f376271d4e86ce5c1f2ee005d36e904047d5f843b57454a38bd5315d3b0dc32c8f3c6d99285b09f6b5d71a23b586b9a604e38e9ed66bfeba32,JC214607,,04/06/2019 11:25:00 PM,30,UNKNOWN,UNKNOWN,UNKNOWN,"DARKNESS, LIGHTED ROAD",ANGLE,NOT DIVIDED,4.0,STRAIGHT AND LEVEL,DRY,UNKNOWN,ON SCENE,INJURY AND / OR TOW DUE TO CRASH,Y,,,"OVER $1,500",04/06/2019 11:45:00 PM,FAILING TO YIELD RIGHT-OF-WAY,UNABLE TO DETERMINE,11301,S,HALSTED ST,2233.0,,,,,,,2,INCAPACITATING INJURY,5.0,0.0,2.0,2.0,1.0,0.0,0.0,23,7,4,41.6886322412,-87.6421160497,POINT (-87.642116049727 41.688632241177)
fbbc59839b1ef9612c21d89eaef0646be453219c93f9ef1b34971dd770574e7229548d731f41a3d747fa3f90bfde55271a7644f80bb888c9d6e0f0ebee53b0a7,JE288221,,07/02/2021 02:15:00 PM,30,TRAFFIC SIGNAL,FUNCTIONING PROPERLY,CLEAR,DAYLIGHT,REAR END,DIVIDED - W/MEDIAN (NOT RAISED),,STRAIGHT AND LEVEL,DRY,NO DEFECTS,NOT ON SCENE (DESK REPORT),NO INJURY / DRIVE AWAY,,,,"$501 - $1,500",07/03/2021 08:45:00 AM,FAILING TO REDUCE SPEED TO AVOID CRASH,UNABLE TO DETERMINE,4000,N,OAK PARK AVE,1632.0,,,,,,,2,NO INDICATION OF INJURY,0.0,0.0,0.0,0.0,0.0,2.0,0.0,14,6,7,41.9528466114,-87.7964235045,POINT (-87.796423504516 41.952846611384)
710810d8e58ecebd31197088cb8ff8da2ca85de1734abf237d4f3078d1f44838143d884270b6466de9e11ca09b071e9fdcb559748bf984889fc44bffd2583cb5,JF265368,,06/02/2022 05:30:00 PM,25,NO CONTROLS,NO CONTROLS,CLEAR,DAYLIGHT,TURNING,NOT DIVIDED,,STRAIGHT AND LEVEL,DRY,NO DEFECTS,,NO INJURY / DRIVE AWAY,,,,"$501 - $1,500",06/02/2022 06:30:00 PM,IMPROPER TURNING/NO SIGNAL,IMPROPER TURNING/NO SIGNAL,5901,S,DAMEN AVE,714.0,,,,,,,2,NO INDICATION OF INJURY,0.0,0.0,0.0,0.0,0.0,2.0,0.0,17,5,6,41.7865394737,-87.6739499292,POINT (-87.673949929222 41.786539473747)
8fe0c7c564533e73f3c6150ec72ee242e439c18341c2da4c405a456ffb6900b6ed01d8f8af5d2d0b3a86f7b6eb6713f95432975bdb5cf0b8d3486e2bbecb3e85,JF399100,,09/16/2022 11:15:00 PM,30,NO CONTROLS,NO CONTROLS,CLEAR,"DARKNESS, LIGHTED ROAD",REAR TO SIDE,NOT DIVIDED,,STRAIGHT AND LEVEL,DRY,NO DEFECTS,ON SCENE,NO INJURY / DRIVE AWAY,,,,"OVER $1,500",09/16/2022 11:50:00 PM,IMPROPER BACKING,NOT APPLICABLE,500,W,KINZIE ST,1214.0,,,,,,,2,NO INDICATION OF INJURY,0.0,0.0,0.0,0.0,0.0,2.0,0.0,23,6,9,41.8891577891,-87.6399859877,POINT (-87.639985987671 41.88915778909)
00de504058995d300621ed05756eadd07d1fd888a9f2ab739fbd28ef3246f3e74cbf920849601b3176d7844ebb2567ca0b33b6cb5ccda974b2df29398307aae0,JB472746,,10/12/2018 12:28:00 PM,30,NO CONTROLS,NO CONTROLS,CLEAR,DAYLIGHT,REAR END,NOT DIVIDED,,STRAIGHT AND LEVEL,DRY,NO DEFECTS,NOT ON SCENE (DESK REPORT),NO INJURY / DRIVE AWAY,,,,"$501 - $1,500",10/12/2018 01:20:00 PM,UNABLE TO DETERMINE,NOT APPLICABLE,2211,W,TAYLOR ST,1225.0,,,,,,,2,NO INDICATION OF INJURY,0.0,0.0,0.0,0.0,0.0,3.0,0.0,12,6,10,41.8689275607,-87.6818324211,POINT (-87.68183242113 41.868927560665)
d123b47db46421c0cf5c1be49eab52ba0e69cc2f59e71f4dd8c60b13bb4e24d31b047c2a2b62d21dfbc04ec502e19ae6d1c07943f911665c8cac04f94a1adc30,JB416109,,08/29/2018 08:15:00 PM,30,TRAFFIC SIGNAL,FUNCTIONING IMPROPERLY,CLEAR,"DARKNESS, LIGHTED ROAD",ANGLE,OTHER,0.0,STRAIGHT AND LEVEL,DRY,NO DEFECTS,NOT ON SCENE (DESK REPORT),NO INJURY / DRIVE AWAY,Y,,,"OVER $1,500",08/31/2018 08:45:00 AM,FAILING TO YIELD RIGHT-OF-WAY,FAILING TO YIELD RIGHT-OF-WAY,1000,N,WELLS ST,1823.0,,,,,,,2,NO INDICATION OF INJURY,0.0,0.0,0.0,0.0,0.0,2.0,0.0,20,4,8,41.9005782255,-87.6345023728,POINT (-87.634502372759 41.900578225469)
a3927bb9b3a83aa3b3f4fe8a93dbeb802a247fb59a6a4e1f7076e5c2070ad74961f9c37468573abf110a110ba0951fcaf419a0a7a5d803443bb0afbdcba55c9f,JD281036,,06/29/2020 06:30:00 PM,35,TRAFFIC SIGNAL,UNKNOWN,CLEAR,DAYLIGHT,REAR TO FRONT,NOT DIVIDED,,STRAIGHT AND LEVEL,DRY,UNKNOWN,NOT ON SCENE (DESK REPORT),NO INJURY / DRIVE AWAY,,,Y,"OVER $1,500",06/30/2020 11:00:00 AM,IMPROPER BACKING,NOT APPLICABLE,6650,S,STEWART AVE,722.0,,,,,,,2,NO INDICATION OF INJURY,0.0,0.0,0.0,0.0,0.0,2.0,0.0,18,2,6,41.7729290904,-87.6350086465,POINT (-87.635008646541 41.772929090375)
0c1ba261b3473279d8137aec25f59a04e5ea547032eabbdd67b37d74b235f4ad87934fdb05c05e255488fcb223379c25b8cfffaef38f1b2088264bc7273dccfe,JD321141,,08/04/2020 11:29:00 PM,30,TRAFFIC SIGNAL,UNKNOWN,CLEAR,"DARKNESS, LIGHTED ROAD",ANGLE,FOUR WAY,,STRAIGHT AND LEVEL,UNKNOWN,UNKNOWN,,INJURY AND / OR TOW DUE TO CRASH,Y,,,"OVER $1,500",08/04/2020 11:29:00 PM,FAILING TO YIELD RIGHT-OF-WAY,FAILING TO REDUCE SPEED TO AVOID CRASH,1400,E,75TH ST,324.0,,Y,,,,,2,NONINCAPACITATING INJURY,4.0,0.0,0.0,1.0,3.0,0.0,0.0,23,3,8,41.7588341313,-87.5907408626,POINT (-87.590740862609 41.758834131343)
cc71f251464765716a0274cc83ddf554f1afb89fd54ef4d805cfac79c3eb292c76b905d7717df17f9ac16d08fde400b298e6e4c01ed5522fa9471defbd01b322,JF227423,,05/01/2022 01:30:00 PM,30,NO CONTROLS,NO CONTROLS,CLEAR,DAYLIGHT,ANGLE,NOT DIVIDED,,STRAIGHT AND LEVEL,DRY,NO DEFECTS,NOT ON SCENE (DESK REPORT),NO INJURY / DRIVE AWAY,,,Y,"$501 - $1,500",05/02/2022 11:11:00 AM,FAILING TO YIELD RIGHT-OF-WAY,UNABLE TO DETERMINE,4700,S,CALUMET AVE,224.0,,,,,,,2,NO INDICATION OF INJURY,0.0,0.0,0.0,0.0,0.0,2.0,0.0,13,1,5,41.8092652577,-87.6182976161,POINT (-87.618297616052 41.809265257683)
94224e01c4c882cac9c24470455cd3439f33dea7b48f827356a87503eb7e7d48dede2fff9e5558c16655f0ed65a8d971d6f351641088c8e86a48208e58ce01d5,JB212407,,04/05/2018 12:45:00 PM,30,TRAFFIC SIGNAL,FUNCTIONING PROPERLY,CLEAR,DAYLIGHT,TURNING,NOT DIVIDED,4.0,STRAIGHT AND LEVEL,DRY,NO DEFECTS,ON SCENE,INJURY AND / OR TOW DUE TO CRASH,Y,,,"OVER $1,500",04/05/2018 12:46:00 PM,FAILING TO YIELD RIGHT-OF-WAY,UNABLE TO DETERMINE,665,E,103RD ST,512.0,,,,,,,3,"REPORTED, NOT EVIDENT",1.0,0.0,0.0,0.0,1.0,2.0,0.0,12,5,4,41.7073231349,-87.6065398079,POINT (-87.60653980791 41.707323134893)
b82273759ce09eb147f1df1138fbe321d5c653441c1f7201cacc1d23cd4d7fcb9a8ca853ac9b0f866698366e4180472f89742eb967eacb1918657f2be305022a,JB328206,,06/29/2018 06:25:00 PM,30,STOP SIGN/FLASHER,FUNCTIONING PROPERLY,CLEAR,DAYLIGHT,REAR END,NOT DIVIDED,4.0,STRAIGHT AND LEVEL,DRY,NO DEFECTS,ON SCENE,INJURY AND / OR TOW DUE TO CRASH,Y,,,"OVER $1,500",06/29/2018 06:26:00 PM,UNABLE TO DETERMINE,UNABLE TO DETERMINE,7301,W,DEVON AVE,1612.0,,,,,,,3,NO INDICATION OF INJURY,0.0,0.0,0.0,0.0,0.0,3.0,0.0,18,6,6,41.9970145861,-87.8104134816,POINT (-87.810413481578 41.997014586114)
95ddaa0318e6699b57759e5f2cfb5189cc0ab76354c7aeb3307b68e49fe5d0319c4ffb1535a0501e6b7aca153ae80719bf7029a699cb959e474ad3093db73fd7,JE391855,,09/29/2021 03:30:00 PM,30,STOP SIGN/FLASHER,FUNCTIONING PROPERLY,CLEAR,DAYLIGHT,REAR END,NOT DIVIDED,,STRAIGHT AND LEVEL,DRY,NO DEFECTS,NOT ON SCENE (DESK REPORT),NO INJURY / DRIVE AWAY,,,,"OVER $1,500",09/29/2021 04:30:00 PM,DISTRACTION - FROM INSIDE VEHICLE,NOT APPLICABLE,1001,W,76TH ST,612.0,,,,,,,2,NO INDICATION OF INJURY,0.0,0.0,0.0,0.0,0.0,2.0,0.0,15,4,9,41.7559196391,-87.64909018,POINT (-87.649090179956 41.755919639143)
f0137f7d49ae881d011c9b112714be4950fd3f8f9acb9f6636f0db6f8256c2aa2f85d6b5129521e40e0fc2440d05318619fb236261d75a9a60870f75a86bff4d,JF415393,,09/28/2022 06:30:00 PM,30,UNKNOWN,UNKNOWN,UNKNOWN,UNKNOWN,SIDESWIPE SAME DIRECTION,NOT DIVIDED,,STRAIGHT AND LEVEL,UNKNOWN,UNKNOWN,NOT ON SCENE (DESK REPORT),NO INJURY / DRIVE AWAY,,,,"OVER $1,500",09/29/2022 03:20:00 PM,UNABLE TO DETERMINE,UNABLE TO DETERMINE,5252,N,LONG AVE,1623.0,,,,,,,2,NO INDICATION OF INJURY,0.0,0.0,0.0,0.0,0.0,2.0,0.0,18,4,9,41.9764766582,-87.7636732899,POINT (-87.763673289878 41.976476658216)
1ba6eeb34c322553d6112d0b3ceff4ea7bf021e16ed083c2bf710ca490411fcf74635ca30f9a161b08b2220e5d0f2dbd671b173eaf06f54151f4dfee3a01e906,JE384560,,09/17/2021 06:15:00 PM,30,NO CONTROLS,NO CONTROLS,UNKNOWN,UNKNOWN,ANGLE,NOT DIVIDED,,STRAIGHT AND LEVEL,DRY,NO DEFECTS,NOT ON SCENE (DESK REPORT),NO INJURY / DRIVE AWAY,,,Y,"OVER $1,500",09/23/2021 03:30:00 PM,UNABLE TO DETERMINE,UNABLE TO DETERMINE,122,E,75TH ST,323.0,,,,,,,2,NO INDICATION OF INJURY,0.0,0.0,0.0,0.0,0.0,2.0,0.0,18,6,9,41.7584203181,-87.6205213971,POINT (-87.620521397106 41.758420318129)