CRASH_RECORD_ID,RD_NO,CRASH_DATE_EST_I,CRASH_DATE,POSTED_SPEED_LIMIT,TRAFFIC_CONTROL_DEVICE,DEVICE_CONDITION,WEATHER_CONDITION,LIGHTING_CONDITION,FIRST_CRASH_TYPE,TRAFFICWAY_TYPE,LANE_CNT,ALIGNMENT,ROADWAY_SURFACE_COND,ROAD_DEFECT,REPORT_TYPE,CRASH_TYPE,INTERSECTION_RELATED_I,NOT_RIGHT_OF_WAY_I,HIT_AND_RUN_I,DAMAGE,DATE_POLICE_NOTIFIED,PRIM_CONTRIBUTORY_CAUSE,SEC_CONTRIBUTORY_CAUSE,STREET_NO,STREET_DIRECTION,STREET_NAME,BEAT_OF_OCCURRENCE,PHOTOS_TAKEN_I,STATEMENTS_TAKEN_I,DOORING_I,WORK_ZONE_I,WORK_ZONE_TYPE,WORKERS_PRESENT_I,NUM_UNITS,MOST_SEVERE_INJURY,INJURIES_TOTAL,INJURIES_FATAL,INJURIES_INCAPACITATING,INJURIES_NON_INCAPACITATING,INJURIES_REPORTED_NOT_EVIDENT,INJURIES_NO_INDICATION,INJURIES_UNKNOWN,CRASH_HOUR,CRASH_DAY_OF_WEEK,CRASH_MONTH,LATITUDE,LONGITUDE,LOCATION
ed97c76ace5b0f560b58cb3e859947b6219d0ae15283aa8f8ae6e49c3c57c8860e0b8fae81f99320fd0d4aa93d5ea87ea68c3d624a5f771ac0a1dad8453ca5a7,JC197083,,03/23/2019 07:30:00 PM,30,NO CONTROLS,NO CONTROLS,CLEAR,"DARKNESS, LIGHTED ROAD",PARKED MOTOR VEHICLE,DIVIDED - W/MEDIAN (NOT RAISED),2.0,STRAIGHT AND LEVEL,DRY,NO DEFECTS,ON SCENE,INJURY AND / OR TOW DUE TO CRASH,,,Y,"OVER $1,500",03/23/2019 07:30:00 PM,UNABLE TO DETERMINE,UNABLE TO DETERMINE,802,E,47TH ST,221.0,,Y,,,,,4,NO INDICATION OF INJURY,0.0,0.0,0.0,0.0,0.0,1.0,0.0,19,7,3,41.8096454497,-87.606379843,POINT (-87.606379843029 41.809645449655)
7aaf86591dc70ddf8e444e68683e6743904df1f6bbfb95189194b1dcba3a997b6b06fa9d2554e85bec97ac9f16ced769f5c8d5119be153fd3a0fb37b005b8518,HY466657,,10/17/2015 04:00:00 PM,20,NO CONTROLS,NO CONTROLS,CLEAR,DAYLIGHT,SIDESWIPE SAME DIRECTION,ONE-WAY,1.0,STRAIGHT AND LEVEL,DRY,NO DEFECTS,NOT ON SCENE (DESK REPORT),NO INJURY / DRIVE AWAY,,,,"$501 - $1,500",10/18/2015 11:20:00 AM,FAILING TO YIELD RIGHT-OF-WAY,NOT APPLICABLE,5221,N,LAKEWOOD AVE,2013.0,,,,,,,2,NO INDICATION OF INJURY,0.0,0.0,0.0,0.0,0.0,2.0,0.0,16,7,10,41.9769447268,-87.6622170167,POINT (-87.662217016688 41.976944726759)
9928054ad3cecdd8c030be97ced690cfc78930065796c720ecb6d3b56fd4b043bd6aacf64721502cd3d82361294442f110cce642060ec47ae6b7a0dbe6d0ecf7,JE271903,,06/19/2021 12:20:00 PM,30,NO CONTROLS,NO CONTROLS,CLEAR,DAYLIGHT,TURNING,PARKING LOT,,STRAIGHT AND LEVEL,DRY,NO DEFECTS,ON SCENE,NO INJURY / DRIVE AWAY,,Y,Y,"$501 - $1,500",06/19/2021 12:40:00 PM,UNABLE TO DETERMINE,UNABLE TO DETERMINE,4302,S,ASHLAND AVE,924.0,,,,,,,2,NO INDICATION OF INJURY,0.0,0.0,0.0,0.0,0.0,2.0,0.0,12,7,6,41.815722227,-87.6652916404,POINT (-87.665291640366 41.81572222702)
53311a51b078d82c9c54c562f78f5651af52066d8412aebfa7560ef2cce4560ecca05eead35c0dfa852d7fa7d2d010e35b10dbf2d89378cdc127a1390915ceb8,JA186794,,03/14/2017 07:40:00 AM,30,NO CONTROLS,NO CONTROLS,SNOW,DAYLIGHT,REAR END,NOT DIVIDED,,STRAIGHT AND LEVEL,SNOW OR SLUSH,NO DEFECTS,NOT ON SCENE (DESK REPORT),NO INJURY / DRIVE AWAY,,,,"$501 - $1,500",03/14/2017 02:15:00 PM,FOLLOWING TOO CLOSELY,UNABLE TO DETERMINE,8200,S,KEDZIE AVE,834.0,,,,,,,2,NO INDICATION OF INJURY,0.0,0.0,0.0,0.0,0.0,2.0,0.0,7,3,3,41.7442309734,-87.7023856851,POINT (-87.702385685116 41.744230973357)
7c6726d1d676d6772dfd5410ff32401832d5bbb3433ea0dab0722bcd3fc7e66ef3bbe40c0dffedb41e3f4402055788be0d8397d417c13e3c38db13a63ab9d1d5,JB463641,,10/05/2018 12:50:00 PM,30,TRAFFIC SIGNAL,FUNCTIONING PROPERLY,CLOUDY/OVERCAST,DAYLIGHT,TURNING,OTHER,,STRAIGHT AND LEVEL,WET,NO DEFECTS,,NO INJURY / DRIVE AWAY,,,Y,"OVER $1,500",10/05/2018 02:14:00 PM,DISREGARDING TRAFFIC SIGNALS,"OPERATING VEHICLE IN ERRATIC, RECKLESS, CARELESS, NEGLIGENT OR AGGRESSIVE MANNER",28,W,69TH ST,722.0,,,,,,,2,NO INDICATION OF INJURY,0.0,0.0,0.0,0.0,0.0,3.0,0.0,12,6,10,41.769290963,-87.6260317251,POINT (-87.626031725068 41.769290963031)
a36d2c0e17561faec97409fae4b7abdd234c461b90d2f95d682b9454ba8dfefb32ae63ec482c6ac4529555f4308cbad92ed1875305eb4960181680f6803176db,JG449637,,09/30/2023 04:50:00 PM,30,TRAFFIC SIGNAL,FUNCTIONING PROPERLY,CLEAR,DUSK,TURNING,FOUR WAY,,STRAIGHT AND LEVEL,DRY,NO DEFECTS,,INJURY AND / OR TOW DUE TO CRASH,Y,,,"OVER $1,500",09/30/2023 04:51:00 PM,IMPROPER TURNING/NO SIGNAL,NOT APPLICABLE,7901,S,YATES BLVD,422.0,,,,,,,2,NONINCAPACITATING INJURY,1.0,0.0,0.0,1.0,0.0,1.0,0.0,16,7,9,41.7516381735,-87.5660849641,POINT (-87.566084964085 41.751638173496)
8f648a6bb294b69ed9164b4559ff9c9d910ecb791eb3215e6afaa9dc0bebbf3e793a9861704252dfcd59be159e7457f097de2e062c96318e5aa727ac64ae8a6e,JE127626,,01/30/2021 12:55:00 PM,30,NO CONTROLS,NO CONTROLS,CLEAR,DAYLIGHT,SIDESWIPE SAME DIRECTION,NOT DIVIDED,,STRAIGHT AND LEVEL,DRY,NO DEFECTS,NOT ON SCENE (DESK REPORT),NO INJURY / DRIVE AWAY,,,,"OVER $1,500",01/30/2021 01:45:00 PM,FAILING TO YIELD RIGHT-OF-WAY,NOT APPLICABLE,1017,W,WINONA ST,2024.0,,,,,,,2,NO INDICATION OF INJURY,0.0,0.0,0.0,0.0,0.0,2.0,0.0,12,7,1,41.9751599732,-87.6557223869,POINT (-87.655722386864 41.975159973173)
612a8c9ce94617a5d6722945c043b29bf07b0d55eec95fc3177883c6771559688379135c5ad266b1c233e1a3e5cdaa3761a96df0526ab599419e9dc458dd996a,JD333117,,08/15/2020 08:00:00 AM,30,NO CONTROLS,NO CONTROLS,CLEAR,DAYLIGHT,PARKED MOTOR VEHICLE,DIVIDED - W/MEDIAN (NOT RAISED),,STRAIGHT AND LEVEL,DRY,NO DEFECTS,ON SCENE,INJURY AND / OR TOW DUE TO CRASH,,,,"OVER $1,500",08/15/2020 08:00:00 AM,IMPROPER OVERTAKING/PASSING,NOT APPLICABLE,2940,S,STATE ST,133.0,,,,,,,2,NO INDICATION OF INJURY,0.0,0.0,0.0,0.0,0.0,1.0,0.0,8,7,8,41.8407185527,-87.6269902007,POINT (-87.626990200715 41.84071855265)
95b2737a115433320fda0fb9bb4b42b22103fcccd59993ca3216ff926a6cfa390c04a0967d4fcd49aa810ee01aec443032f5e1ab7f58f5f1f91495a9ab615af1,JG430861,,09/19/2023 03:40:00 PM,30,STOP SIGN/FLASHER,FUNCTIONING PROPERLY,RAIN,DAYLIGHT,ANGLE,T-INTERSECTION,,STRAIGHT AND LEVEL,WET,NO DEFECTS,NOT ON SCENE (DESK REPORT),NO INJURY / DRIVE AWAY,,,,"$501 - $1,500",09/19/2023 05:00:00 PM,UNABLE TO DETERMINE,UNABLE TO DETERMINE,491,W,87TH ST,2223.0,,,,,,,2,NO INDICATION OF INJURY,0.0,0.0,0.0,0.0,0.0,2.0,0.0,15,3,9,41.7359401977,-87.6362547759,POINT (-87.63625477588 41.735940197669)
019b2f5a82128720bbb289841101f34ca6befb64515eb7842364006b2fed21f58e6dedb04bff5b27e2df5902b4c5856e6fa57ad0d5920535bda56a1cdc6f97c8,JG378861,,08/11/2023 05:28:00 PM,30,TRAFFIC SIGNAL,FUNCTIONING PROPERLY,CLEAR,DAYLIGHT,TURNING,NOT DIVIDED,,STRAIGHT AND LEVEL,DRY,NO DEFECTS,ON SCENE,INJURY AND / OR TOW DUE TO CRASH,,,,"OVER $1,500",08/11/2023 05:32:00 PM,FAILING TO YIELD RIGHT-OF-WAY,FAILING TO YIELD RIGHT-OF-WAY,3547,W,NORTH AVE,1422.0,,,,,,,2,NO INDICATION OF INJURY,0.0,0.0,0.0,0.0,0.0,4.0,0.0,17,6,8,41.909889403,-87.7162916451,POINT (-87.716291645127 41.909889402967)
c6722f58c7c8e70e010ff174ac8fb7889547788d379c57b64962e3c5858e92744ec1d5c4effc1769360db27e96162ead07a9d54ded46521199a80a1656cf9b7f,JA496239,,11/02/2017 07:45:00 AM,30,TRAFFIC SIGNAL,FUNCTIONING PROPERLY,CLEAR,DAYLIGHT,REAR END,NOT DIVIDED,2.0,STRAIGHT AND LEVEL,DRY,NO DEFECTS,NOT ON SCENE (DESK REPORT),NO INJURY / DRIVE AWAY,Y,,,"OVER $1,500",11/02/2017 05:37:00 PM,FOLLOWING TOO CLOSELY,NOT APPLICABLE,4000,N,CUMBERLAND AVE,1614.0,,,,,,,2,NO INDICATION OF INJURY,0.0,0.0,0.0,0.0,0.0,4.0,0.0,7,5,11,41.9521425871,-87.8368142669,POINT (-87.836814266937 41.952142587107)
5b6550fa9c0e2bc1aae50a7fbd5781ada581b8e415c37f3bb2d2d1ae061330012400df970335fe0df87632685d274a88c8aeab404c9fa16051204a535e7ce442,JB184928,,03/13/2018 09:30:00 PM,30,NO CONTROLS,NO CONTROLS,CLEAR,"DARKNESS, LIGHTED ROAD",PARKED MOTOR VEHICLE,NOT DIVIDED,2.0,STRAIGHT AND LEVEL,DRY,UNKNOWN,ON SCENE,INJURY AND / OR TOW DUE TO CRASH,,,,"OVER $1,500",03/13/2018 10:18:00 PM,"EVASIVE ACTION DUE TO ANIMAL, OBJECT, NONMOTORIST",NOT APPLICABLE,8601,S,VINCENNES AVE,622.0,,,,,,,2,NONINCAPACITATING INJURY,1.0,0.0,0.0,1.0,0.0,0.0,0.0,21,3,3,41.7383508606,-87.6415272534,POINT (-87.641527253375 41.738350860644)
8673607e1ff0c02eedf6e646ae8737bb853eb9d7d8eaf9958f8bb08dad513f1e850501bc98c5c0de110f8a21a20960d1b7d6c5e6dad2a8c9fe03f616e66b5239,JA402000,Y,08/12/2017 01:00:00 AM,15,NO CONTROLS,NO CONTROLS,CLEAR,"DARKNESS, LIGHTED ROAD",PARKED MOTOR VEHICLE,ONE-WAY,1.0,STRAIGHT AND LEVEL,DRY,NO DEFECTS,NOT ON SCENE (DESK REPORT),NO INJURY / DRIVE AWAY,,,,"$501 - $1,500",08/22/2017 06:00:00 PM,IMPROPER BACKING,UNABLE TO DETERMINE,4334,N,BERNARD ST,1723.0,,,,,,,2,NO INDICATION OF INJURY,0.0,0.0,0.0,0.0,0.0,1.0,0.0,1,7,8,41.9603431035,-87.7144873435,POINT (-87.714487343547 41.960343103489)
836761820c86ce00a661bd1032d0cd7eef853447b3e8b04dabc623fd1666eada85466a08c93ab1481fec090d405f703580201e69d0b72587469acd29237c593c,JG464074,,10/15/2023 03:07:00 AM,30,TRAFFIC SIGNAL,FUNCTIONING PROPERLY,RAIN,"DARKNESS, LIGHTED ROAD",REAR END,NOT DIVIDED,,STRAIGHT AND LEVEL,WET,UNKNOWN,ON SCENE,NO INJURY / DRIVE AWAY,Y,,Y,"OVER $1,500",10/15/2023 03:07:00 AM,UNABLE TO DETERMINE,UNABLE TO DETERMINE,4499,W,MADISON ST,1113.0,,,,,,,2,NO INDICATION OF INJURY,0.0,0.0,0.0,0.0,0.0,2.0,0.0,3,1,10,41.8804745495,-87.7378025079,POINT (-87.737802507879 41.880474549538)
61090bfbb87c1f24adddf29239e111cf1a1c0a7b4800e043d0276d42e30371556db44534eab0eada852756e31bf00894725d4f94e8c84f4c07ab8dc818f7a011,JE162777,,03/08/2021 12:40:00 PM,30,OTHER WARNING SIGN,FUNCTIONING PROPERLY,CLEAR,DAYLIGHT,FIXED OBJECT,DIVIDED - W/MEDIAN (NOT RAISED),,STRAIGHT AND LEVEL,DRY,NO DEFECTS,ON SCENE,NO INJURY / DRIVE AWAY,,,,"OVER $1,500",03/08/2021 12:41:00 PM,DISREGARDING OTHER TRAFFIC SIGNS,DRIVING SKILLS/KNOWLEDGE/EXPERIENCE,3502,S,MAPLEWOOD AVE,911.0,,,,,,,1,NO INDICATION OF INJURY,0.0,0.0,0.0,0.0,0.0,1.0,0.0,12,2,3,41.8300610229,-87.6888613719,POINT (-87.688861371856 41.830061022893)
e96d174de77e8edcbbdc5dc244d6b7e2bb7db08096b84675d3caaab269f7c32f07a8a942b124d283416db4a0692498ebae9214be59c1881c2384c2720816cfa6,JE167720,,03/12/2021 01:15:00 PM,30,STOP SIGN/FLASHER,FUNCTIONING PROPERLY,CLEAR,DAYLIGHT,TURNING,NOT DIVIDED,,STRAIGHT AND LEVEL,DRY,NO DEFECTS,NOT ON SCENE (DESK REPORT),NO INJURY / DRIVE AWAY,N,,Y,"$501 - $1,500",03/13/2021 10:30:00 AM,UNABLE TO DETERMINE,UNABLE TO DETERMINE,1000,W,WILLOW ST,1811.0,,,,,,,2,NO INDICATION OF INJURY,0.0,0.0,0.0,0.0,0.0,2.0,0.0,13,6,3,41.9137845653,-87.6535038696,POINT (-87.65350386964 41.913784565288)
136059d1cfb816d3abbc5f262d20ca560e57fee01a96cd02babc15d6e5e7aece8789bcfcb62655f5ac4ab00e7a616df44bc4361dcca1219602956ebfaf2233ee,JE315015,,07/26/2021 03:31:00 PM,20,STOP SIGN/FLASHER,FUNCTIONING PROPERLY,CLEAR,DAYLIGHT,PARKED MOTOR VEHICLE,NOT DIVIDED,,STRAIGHT AND LEVEL,DRY,NO DEFECTS,ON SCENE,INJURY AND / OR TOW DUE TO CRASH,Y,,,"OVER $1,500",07/26/2021 03:55:00 PM,DRIVING SKILLS/KNOWLEDGE/EXPERIENCE,DRIVING SKILLS/KNOWLEDGE/EXPERIENCE,1923,W,WABANSIA AVE,1434.0,,,,,,,2,NO INDICATION OF INJURY,0.0,0.0,0.0,0.0,0.0,1.0,0.0,15,2,7,41.9122199773,-87.6760569414,POINT (-87.676056941359 41.912219977301)
138cfee2522ca002412156ec4c0c46af942f1e36153e3b8d63e26ef828665428e71b877804b7132ba0336e5cfa9555f34268e922c5c29bc4ab5a05db6b51a0bb,JB291492,,06/03/2018 05:50:00 PM,30,UNKNOWN,UNKNOWN,CLEAR,DAYLIGHT,TURNING,DIVIDED - W/MEDIAN BARRIER,0.0,STRAIGHT AND LEVEL,DRY,NO DEFECTS,ON SCENE,NO INJURY / DRIVE AWAY,,,Y,"OVER $1,500",06/03/2018 05:54:00 PM,IMPROPER TURNING/NO SIGNAL,NOT APPLICABLE,5201,S,LAKE PARK AVE,234.0,,,,,,,2,NO INDICATION OF INJURY,0.0,0.0,0.0,0.0,0.0,2.0,0.0,17,1,6,41.8009688495,-87.5873456048,POINT (-87.587345604846 41.800968849518)
893f497b020cd1a85d85414be85e2a5b52839979b6e5782a51832c0e778d49514e0325e71022b03e96e88ca15638dec1be81519af75f7cb1c7b1faf153e9cbf1,JE403050,,10/08/2021 04:00:00 PM,30,NO CONTROLS,NO CONTROLS,RAIN,DAWN,ANGLE,OTHER,,STRAIGHT AND LEVEL,DRY,NO DEFECTS,NOT ON SCENE (DESK REPORT),NO INJURY / DRIVE AWAY,Y,,,"$501 - $1,500",10/08/2021 06:00:00 PM,UNABLE TO DETERMINE,NOT APPLICABLE,6150,N,BROADWAY,2433.0,,,,,,,2,NO INDICATION OF INJURY,0.0,0.0,0.0,0.0,0.0,2.0,0.0,16,6,10,41.9937340373,-87.6605292879,POINT (-87.660529287875 41.993734037258)
b78dfc3d6834afc1341bd28911c288bd59932c4aa9eceefa65b9f052f5770545bf5a41dfc45aad820f37d093aee792a8db28544b6f33482298c3f6489aa68d9c,JE469081,,12/07/2021 11:50:00 AM,30,NO CONTROLS,NO CONTROLS,CLEAR,DAYLIGHT,REAR END,NOT DIVIDED,,STRAIGHT AND LEVEL,DRY,NO DEFECTS,NOT ON SCENE (DESK REPORT),NO INJURY / DRIVE AWAY,,,,"OVER $1,500",12/07/2021 12:40:00 PM,FOLLOWING TOO CLOSELY,FOLLOWING TOO CLOSELY,5901,S,HARLEM AVE,811.0,,,,,,,2,NO INDICATION OF INJURY,0.0,0.0,0.0,0.0,0.0,2.0,0.0,11,3,12,41.7846441726,-87.8010676006,POINT (-87.801067600606 41.784644172562)
6210f8d860dcee32342fb8fc15b97a8dca0ab701e1fa7eb77da762a7484b9d1e71a14f53217e666591c52b8dab11544f508260ff83b43e6d1677306b68bd1586,JF189131,,03/28/2022 11:31:00 AM,35,STOP SIGN/FLASHER,NO CONTROLS,CLEAR,DAYLIGHT,TURNING,NOT DIVIDED,,STRAIGHT AND LEVEL,DRY,NO DEFECTS,ON SCENE,NO INJURY / DRIVE AWAY,,,,"OVER $1,500",03/28/2022 11:31:00 AM,IMPROPER TURNING/NO SIGNAL,PHYSICAL CONDITION OF DRIVER,6325,S,CENTRAL AVE,813.0,,Y,,,,,2,NO INDICATION OF INJURY,0.0,0.0,0.0,0.0,0.0,2.0,0.0,11,2,3,41.7772012953,-87.7615417476,POINT (-87.761541747647 41.777201295285)
660dfa6c4b7daf43c23a5b0ab67b32616a60f343ac122a245b0bd4451952ed4a60c67a1c80666d4e2edd0da5a1a28a6562ac94d92f880cbd8ce5a71c544788a0,JC480153,,10/20/2019 08:48:00 PM,20,NO CONTROLS,NO CONTROLS,CLEAR,"DARKNESS, LIGHTED ROAD",ANGLE,OTHER,,CURVE ON GRADE,DRY,NO DEFECTS,ON SCENE,INJURY AND / OR TOW DUE TO CRASH,,,,"OVER $1,500",10/20/2019 08:52:00 PM,IMPROPER LANE USAGE,NOT APPLICABLE,5,W,TERMINAL ST,1655.0,,,,,,,2,NO INDICATION OF INJURY,0.0,0.0,0.0,0.0,0.0,2.0,0.0,20,1,10,,,
3eb0a20d07c24b606850f67fff06a52075eba1c2064b969bb89d0d1eeefc058b9711ff5b665b5b245428153e92b795d9d560906ddf42967311593904cdf45577,JD301910,,07/17/2020 11:30:00 PM,30,NO CONTROLS,NO CONTROLS,CLEAR,"DARKNESS, LIGHTED ROAD",PARKED MOTOR VEHICLE,ONE-WAY,,STRAIGHT AND LEVEL,DRY,NO DEFECTS,NOT ON SCENE (DESK REPORT),NO INJURY / DRIVE AWAY,,,,"OVER $1,500",07/18/2020 05:00:00 PM,UNABLE TO DETERMINE,NOT APPLICABLE,4410,N,PAULINA ST,1912.0,,,,,,,2,NO INDICATION OF INJURY,0.0,0.0,0.0,0.0,0.0,1.0,0.0,23,6,7,41.9619418545,-87.6709950058,POINT (-87.670995005804 41.961941854534)
90f5e9e575e05f152503123ee7da8d90dbe6908271d711c9b6fd3b04dbfac6acadebfa7174ed54723fbfc2a5ba3b6e9dd6a8aca4809a6c1326114116fea9b0fa,JA422211,,09/07/2017 08:41:00 AM,30,TRAFFIC SIGNAL,FUNCTIONING PROPERLY,CLEAR,DAYLIGHT,PARKED MOTOR VEHICLE,NOT DIVIDED,,STRAIGHT AND LEVEL,DRY,UNKNOWN,NOT ON SCENE (DESK REPORT),NO INJURY / DRIVE AWAY,,,,$500 OR LESS,09/07/2017 01:09:00 PM,IMPROPER TURNING/NO SIGNAL,IMPROPER TURNING/NO SIGNAL,220,S,HAMLIN BLVD,1122.0,,,,,,,2,NO INDICATION OF INJURY,0.0,0.0,0.0,0.0,0.0,3.0,0.0,8,5,9,41.8773270914,-87.7207802649,POINT (-87.720780264945 41.87732709143)
26074c24619603e5cee2229e94cb4b71ece0ec010636e2026164d11bd57d8ef74bf00c529d49a5102d32c5541d053c7532fe27fe60bbe5ab52216b0913b48abb,JA370175,,07/30/2017 06:41:00 PM,30,STOP SIGN/FLASHER,FUNCTIONING PROPERLY,CLEAR,DAYLIGHT,ANGLE,NOT DIVIDED,4.0,STRAIGHT AND LEVEL,DRY,NO DEFECTS,ON SCENE,INJURY AND / OR TOW DUE TO CRASH,Y,,,"OVER $1,500",07/30/2017 06:41:00 PM,FAILING TO YIELD RIGHT-OF-WAY,NOT APPLICABLE,3601,S,WESTERN BLVD,912.0,,,,,,,2,NONINCAPACITATING INJURY,1.0,0.0,0.0,1.0,0.0,1.0,0.0,18,1,7,41.8284074621,-87.6842571095,POINT (-87.684257109515 41.828407462065)
91359e3e42ee70b1b0015d1dd5d6b3898c66cb591bf4f7034afdb90a398d80830a26e3682d1306491878d9c84d87e954556f47b3d184dc7c020ebda6fbad8ec2,JE104273,,01/03/2021 10:05:00 PM,30,RR CROSSING SIGN,FUNCTIONING PROPERLY,CLEAR,DAYLIGHT,REAR END,NOT DIVIDED,,STRAIGHT AND LEVEL,DRY,NO DEFECTS,NOT ON SCENE (DESK REPORT),NO INJURY / DRIVE AWAY,,,,"$501 - $1,500",01/05/2021 05:30:00 PM,UNABLE TO DETERMINE,NOT APPLICABLE,3977,W,COLUMBUS AVE,834.0,,,,,,,2,NO INDICATION OF INJURY,0.0,0.0,0.0,0.0,0.0,2.0,0.0,22,1,1,41.7358522362,-87.720945711,POINT (-87.720945711007 41.73585223622)
895a84628238ae99f721b2ed1245983a89cc19c776ed09326f9f7e01afd2f8c608561349960ebeb62b3acb4f58a75a4570bf07eb2a7edfccabb26cb2656109d2,JB275671,,05/22/2018 06:35:00 PM,30,NO CONTROLS,NO CONTROLS,CLEAR,DAYLIGHT,ANGLE,NOT DIVIDED,,STRAIGHT AND LEVEL,DRY,NO DEFECTS,NOT ON SCENE (DESK REPORT),NO INJURY / DRIVE AWAY,,,,$500 OR LESS,05/23/2018 06:50:00 PM,DRIVING SKILLS/KNOWLEDGE/EXPERIENCE,NOT APPLICABLE,5900,S,CALIFORNIA AVE,824.0,,,,,,,2,NO INDICATION OF INJURY,0.0,0.0,0.0,0.0,0.0,2.0,0.0,18,3,5,41.7863136113,-87.6937391848,POINT (-87.693739184818 41.786313611306)
677586209865746c0360939114f9712c8b4b182ae1c89e53895fbda104fdf256fad18eab1b826b29127f6c936bbf020d54f680fc979966209a3a757764f552c6,JB415545,,08/30/2018 04:35:00 PM,30,TRAFFIC SIGNAL,FUNCTIONING PROPERLY,CLEAR,DAYLIGHT,TURNING,NOT DIVIDED,4.0,STRAIGHT AND LEVEL,DRY,NO DEFECTS,NOT ON SCENE (DESK REPORT),NO INJURY / DRIVE AWAY,Y,,Y,"OVER $1,500",08/30/2018 07:06:00 PM,IMPROPER TURNING/NO SIGNAL,NOT APPLICABLE,299,E,ONTARIO ST,1834.0,,,,,,,2,NO INDICATION OF INJURY,0.0,0.0,0.0,0.0,0.0,2.0,0.0,16,5,8,41.8932936766,-87.6203928947,POINT (-87.620392894691 41.893293676585)
f2ebe8d4372df3876887d1293a873872278f643184a4c73276bc25ab60425e68b4c886204beeb242fe9470d6e756c2b8714587c671945d60cbddf4899811698f,JC405301,,08/24/2019 11:55:00 AM,20,STOP SIGN/FLASHER,FUNCTIONING PROPERLY,CLEAR,DAYLIGHT,PARKED MOTOR VEHICLE,NOT DIVIDED,,STRAIGHT AND LEVEL,DRY,NO DEFECTS,ON SCENE,INJURY AND / OR TOW DUE TO CRASH,Y,,Y,"OVER $1,500",08/24/2019 12:18:00 PM,UNABLE TO DETERMINE,UNABLE TO DETERMINE,2100,S,WOOD ST,1234.0,,,,,,,2,NO INDICATION OF INJURY,0.0,0.0,0.0,0.0,0.0,1.0,0.0,11,7,8,41.8540228955,-87.6711369192,POINT (-87.671136919249 41.85402289553)
dbcff9ea52b80443075a2c6a0e4c53c852093eca28f806b32874d96767fcafff37d1ef53130c0a87995c8983974555d1c7eff943d0bbe60687f2ab79388af3e6,JG275065,,05/25/2023 06:26:00 PM,30,NO CONTROLS,NO CONTROLS,CLEAR,DAYLIGHT,ANGLE,NOT DIVIDED,,STRAIGHT AND LEVEL,DRY,NO DEFECTS,ON SCENE,INJURY AND / OR TOW DUE TO CRASH,,,Y,"OVER $1,500",05/25/2023 06:27:00 PM,FAILING TO YIELD RIGHT-OF-WAY,FAILING TO REDUCE SPEED TO AVOID CRASH,2305,W,47TH ST,931.0,,,,,,,2,NONINCAPACITATING INJURY,2.0,0.0,0.0,2.0,0.0,1.0,0.0,18,5,5,41.808320647,-87.682240771,POINT (-87.68224077098 41.808320646996)
f1dfc4b9a27398b9e46d8efc082d3bd51ac1430f28177c5fd8b7d0795474c14d589ee117993f19f98bd5f89491f0750353004a53cd282ce8bd77ef354de2fb37,JC133311,,01/29/2019 09:00:00 AM,25,STOP SIGN/FLASHER,FUNCTIONING PROPERLY,SNOW,DAYLIGHT,FIXED OBJECT,NOT DIVIDED,,STRAIGHT AND LEVEL,ICE,NO DEFECTS,ON SCENE,NO INJURY / DRIVE AWAY,Y,,,$500 OR LESS,01/29/2019 09:02:00 AM,WEATHER,NOT APPLICABLE,7122,W,STRONG ST,1613.0,,,,,,,1,NO INDICATION OF INJURY,0.0,0.0,0.0,0.0,0.0,1.0,0.0,9,3,1,41.9701950144,-87.8058547108,POINT (-87.805854710845 41.970195014377)
26e99818c079fe6d436b1f48343307ae03a68f44db57ee7d87240d3bc766cf4596616c31e68e10a0609a40739cacfedf2debbae526359c28d212274751b9da3e,HY463367,,10/15/2015 05:38:00 PM,30,OTHER,OTHER,CLEAR,DAYLIGHT,SIDESWIPE SAME DIRECTION,DIVIDED - W/MEDIAN BARRIER,3.0,STRAIGHT AND LEVEL,DRY,NO DEFECTS,NOT ON SCENE (DESK REPORT),NO INJURY / DRIVE AWAY,,,,"$501 - $1,500",10/15/2015 06:22:00 PM,IMPROPER OVERTAKING/PASSING,NOT APPLICABLE,150,W,WACKER DR,122.0,,,,,,,2,NO INDICATION OF INJURY,0.0,0.0,0.0,0.0,0.0,3.0,0.0,17,5,10,41.8870391498,-87.6325580563,POINT (-87.632558056254 41.887039149781)
d0937fb7f51829be73d15b8ce4c888e5d37c35f42a4aac2fbb1ee800fa546a05ef2aecf6c577c859565333384f31349a4dbaa8779365d0b180f143c504a121dc,JC177011,,03/07/2019 03:20:00 PM,30,NO CONTROLS,NO CONTROLS,CLEAR,DAYLIGHT,REAR END,ONE-WAY,1.0,STRAIGHT AND LEVEL,DRY,NO DEFECTS,NOT ON SCENE (DESK REPORT),NO INJURY / DRIVE AWAY,,,,"OVER $1,500",03/07/2019 04:41:00 PM,IMPROPER BACKING,NOT APPLICABLE,2241,N,KEYSTONE AVE,2525.0,,N,,,,,2,NO INDICATION OF INJURY,0.0,0.0,0.0,0.0,0.0,2.0,0.0,15,5,3,41.9220396434,-87.7277737014,POINT (-87.727773701417 41.922039643424)