CRASH_RECORD_ID,RD_NO,CRASH_DATE_EST_I,CRASH_DATE,POSTED_SPEED_LIMIT,TRAFFIC_CONTROL_DEVICE,DEVICE_CONDITION,WEATHER_CONDITION,LIGHTING_CONDITION,FIRST_CRASH_TYPE,TRAFFICWAY_TYPE,LANE_CNT,ALIGNMENT,ROADWAY_SURFACE_COND,ROAD_DEFECT,REPORT_TYPE,CRASH_TYPE,INTERSECTION_RELATED_I,NOT_RIGHT_OF_WAY_I,HIT_AND_RUN_I,DAMAGE,DATE_POLICE_NOTIFIED,PRIM_CONTRIBUTORY_CAUSE,SEC_CONTRIBUTORY_CAUSE,STREET_NO,STREET_DIRECTION,STREET_NAME,BEAT_OF_OCCURRENCE,PHOTOS_TAKEN_I,STATEMENTS_TAKEN_I,DOORING_I,WORK_ZONE_I,WORK_ZONE_TYPE,WORKERS_PRESENT_I,NUM_UNITS,MOST_SEVERE_INJURY,INJURIES_TOTAL,INJURIES_FATAL,INJURIES_INCAPACITATING,INJURIES_NON_INCAPACITATING,INJURIES_REPORTED_NOT_EVIDENT,INJURIES_NO_INDICATION,INJURIES_UNKNOWN,CRASH_HOUR,CRASH_DAY_OF_WEEK,CRASH_MONTH,LATITUDE,LONGITUDE,LOCATION
eb51963fc8c3ab0be7512ca21ad452323f07da3565f2225483ce6314d64215eb20c6f64089be9aa00a4e07a168d1e2ffab7c2c323841f36b819d322a9aca0ce9,JB431296,,09/11/2018 03:00:00 PM,30,TRAFFIC SIGNAL,FUNCTIONING PROPERLY,CLEAR,DAYLIGHT,TURNING,NOT DIVIDED,,STRAIGHT AND LEVEL,DRY,NO DEFECTS,ON SCENE,INJURY AND / OR TOW DUE TO CRASH,Y,,,"OVER $1,500",09/11/2018 03:35:00 PM,DISREGARDING OTHER TRAFFIC SIGNS,NOT APPLICABLE,1900,N,ASHLAND AVE,1433.0,,,,,,,2,NONINCAPACITATING INJURY,1.0,0.0,0.0,1.0,0.0,4.0,0.0,15,3,9,41.916147281,-87.6679473535,POINT (-87.667947353504 41.916147280953)
2419a866c38e8bebf2367f68fc5386e187995cd3c051b862b86433141d81603284aca5cbd4c03c1f65fecdfb7c2fea9c91fc137264a2620cf6657befb0005e39,JF121323,,01/22/2022 11:00:00 PM,30,NO CONTROLS,NO CONTROLS,SNOW,"DARKNESS, LIGHTED ROAD",PARKED MOTOR VEHICLE,NOT DIVIDED,,STRAIGHT AND LEVEL,SNOW OR SLUSH,NO DEFECTS,NOT ON SCENE (DESK REPORT),INJURY AND / OR TOW DUE TO CRASH,,,Y,"OVER $1,500",01/22/2022 11:30:00 PM,UNABLE TO DETERMINE,NOT APPLICABLE,3508,W,FULLERTON AVE,1413.0,,,,,,,2,NO INDICATION OF INJURY,0.0,0.0,0.0,0.0,0.0,1.0,0.0,23,7,1,41.9247379238,-87.7149695104,POINT (-87.714969510409 41.924737923766)
562e5fa61ec84b3eb7fc2ec7d9cd99c0b37bd446a09ce6b4325dfb74bfd71208569ae2c907b5536f4b454211d9c10c3d3574de89051dc9f62f6ef33d3a8b9580,JF367972,,08/23/2022 04:25:00 PM,30,NO CONTROLS,UNKNOWN,UNKNOWN,DAYLIGHT,HEAD ON,DIVIDED - W/MEDIAN (NOT RAISED),,STRAIGHT AND LEVEL,UNKNOWN,UNKNOWN,NOT ON SCENE (DESK REPORT),INJURY AND / OR TOW DUE TO CRASH,,,Y,"OVER $1,500",08/23/2022 09:30:00 PM,UNABLE TO DETERMINE,UNABLE TO DETERMINE,10,S,CICERO AVE,1533.0,,,,,,,2,NO INDICATION OF INJURY,0.0,0.0,0.0,0.0,0.0,3.0,0.0,16,3,8,41.8801463618,-87.7454125989,POINT (-87.745412598883 41.880146361751)
27c647c88797010890f1fcfa6d3181f30d40ab6f83ceaed828fdbc8a6c78706054ebfbb8248143bfe14aacf8cce627499dd16d3468f771ec8c13e7e6799e166e,JA559297,,12/20/2017 02:20:00 PM,30,NO CONTROLS,NO CONTROLS,CLEAR,DAYLIGHT,SIDESWIPE SAME DIRECTION,ONE-WAY,1.0,STRAIGHT AND LEVEL,DRY,NO DEFECTS,NOT ON SCENE (DESK REPORT),NO INJURY / DRIVE AWAY,,,,"OVER $1,500",12/22/2017 12:50:00 PM,FAILING TO YIELD RIGHT-OF-WAY,UNABLE TO DETERMINE,500,W,MADISON ST,121.0,,,,,,,2,NO INDICATION OF INJURY,0.0,0.0,0.0,0.0,0.0,2.0,0.0,14,4,12,41.8819943382,-87.6397586849,POINT (-87.639758684881 41.881994338205)
03885ca2dabf06e21cd5de46d83da634d15fe9ef59d0ca641f44f6a199847788d59449cb9fad6e2a722f3489bd8c5cee5569caaa37de781df4889f40591d8488,JE402910,,10/08/2021 01:18:00 PM,35,TRAFFIC SIGNAL,UNKNOWN,CLEAR,DAYLIGHT,ANGLE,FOUR WAY,,STRAIGHT AND LEVEL,UNKNOWN,UNKNOWN,,INJURY AND / OR TOW DUE TO CRASH,Y,,,"OVER $1,500",10/08/2021 01:18:00 PM,DISREGARDING TRAFFIC SIGNALS,UNABLE TO DETERMINE,3400,W,LAKE ST,1123.0,,,,,,,2,INCAPACITATING INJURY,3.0,0.0,3.0,0.0,0.0,0.0,0.0,13,6,10,41.8847536764,-87.7112297886,POINT (-87.711229788593 41.884753676395)
8d774d06786e3a2cd17df20312ae3a24aa4025b8acce0a7bfd28a44d7f06d04915388884a1c681c8ba59cb2d1ee69087c7c43c9618b83c60c73f80fdc90cc4e4,JD267456,,06/17/2020 08:05:00 PM,30,TRAFFIC SIGNAL,FUNCTIONING PROPERLY,CLEAR,"DARKNESS, LIGHTED ROAD",REAR END,NOT DIVIDED,,STRAIGHT AND LEVEL,DRY,NO DEFECTS,NOT ON SCENE (DESK REPORT),NO INJURY / DRIVE AWAY,,,,"OVER $1,500",06/17/2020 09:53:00 PM,UNABLE TO DETERMINE,UNABLE TO DETERMINE,1800,W,DIVISION ST,1424.0,,,,,,,2,NO INDICATION OF INJURY,0.0,0.0,0.0,0.0,0.0,2.0,0.0,20,4,6,41.9033756192,-87.6724295832,POINT (-87.672429583224 41.903375619156)
f43212ee2f367a2b43c4a8d4d97f2aac3f0a1f44a4363a5183b1001c7f0e16400238fd27421ae64a240cd8398f2adfdc6f0ec881c30953f6f596b86625466085,JG263665,Y,05/16/2023 05:10:00 PM,30,NO CONTROLS,FUNCTIONING PROPERLY,CLEAR,DAYLIGHT,SIDESWIPE SAME DIRECTION,DIVIDED - W/MEDIAN BARRIER,,STRAIGHT AND LEVEL,DRY,NO DEFECTS,NOT ON SCENE (DESK REPORT),NO INJURY / DRIVE AWAY,,,,"OVER $1,500",05/17/2023 07:05:00 AM,IMPROPER LANE USAGE,NOT APPLICABLE,10,S,COLUMBUS DR,114.0,,,,,,,2,NO INDICATION OF INJURY,0.0,0.0,0.0,0.0,0.0,2.0,0.0,17,3,5,41.8818727306,-87.6209020002,POINT (-87.620902000222 41.881872730553)
ac65156a02972a91ad8ea0719fe7801cc724bf0c68411f7b8b37f051eb3091b9bac1fb4f0e2ed8b65ab7e644a80f8f7c46b32f182919a6785e2c32c2d72958a2,JG417774,,09/09/2023 04:34:00 PM,30,TRAFFIC SIGNAL,FUNCTIONING PROPERLY,CLEAR,DAYLIGHT,REAR END,NOT DIVIDED,,STRAIGHT AND LEVEL,DRY,NO DEFECTS,ON SCENE,NO INJURY / DRIVE AWAY,,,Y,"OVER $1,500",09/09/2023 04:46:00 PM,FOLLOWING TOO CLOSELY,FOLLOWING TOO CLOSELY,200,E,87TH ST,632.0,,,,,,,2,NO INDICATION OF INJURY,0.0,0.0,0.0,0.0,0.0,2.0,0.0,16,7,9,41.736541701,-87.6192962472,POINT (-87.619296247246 41.736541700958)
8f425ecc6afffed45995d9bc50ac968b2c9ab6ef635490e0def9f9c956301bdbb6da5fbc6253cb3ccc2021dc02e1d760c9e1b18dd54ce322836dee27c3b472b1,JF331220,,07/25/2022 04:50:00 PM,30,OTHER,FUNCTIONING PROPERLY,CLEAR,DAYLIGHT,SIDESWIPE SAME DIRECTION,NOT DIVIDED,,STRAIGHT AND LEVEL,DRY,NO DEFECTS,ON SCENE,NO INJURY / DRIVE AWAY,Y,,,"$501 - $1,500",07/25/2022 04:53:00 PM,UNABLE TO DETERMINE,UNABLE TO DETERMINE,350,E,35TH ST,211.0,,,,,,,2,NO INDICATION OF INJURY,0.0,0.0,0.0,0.0,0.0,3.0,0.0,16,2,7,41.8312120277,-87.6173526211,POINT (-87.617352621061 41.831212027727)
f9ef0437af6dbdc26c63e7bd6541de5de297adbeee3ad6fd05255327001bc19ce78e9bf2efbebe4d9116a85d2096496096d157562dc44a5b14f1798016271a02,JD328969,,08/11/2020 07:00:00 PM,30,NO CONTROLS,NO CONTROLS,CLEAR,DUSK,ANGLE,NOT DIVIDED,,STRAIGHT AND LEVEL,DRY,NO DEFECTS,ON SCENE,INJURY AND / OR TOW DUE TO CRASH,Y,,,"OVER $1,500",08/11/2020 07:02:00 PM,UNABLE TO DETERMINE,NOT APPLICABLE,448,E,71ST ST,322.0,,,,,,,2,NO INDICATION OF INJURY,0.0,0.0,0.0,0.0,0.0,2.0,0.0,19,3,8,41.7658540442,-87.6133280802,POINT (-87.613328080222 41.765854044197)
3f39236ecd9f779f99c8eecb3abca2f00544836b486fef242d37f84030102799d31c85e69ae3ca0d897ca63feaee6a7452b126d04cd71ee92c5e8c3573df903c,HY427623,,09/17/2015 09:15:00 AM,35,TRAFFIC SIGNAL,FUNCTIONING PROPERLY,RAIN,"DARKNESS, LIGHTED ROAD",REAR END,NOT DIVIDED,2.0,STRAIGHT AND LEVEL,WET,NO DEFECTS,NOT ON SCENE (DESK REPORT),NO INJURY / DRIVE AWAY,N,,,"OVER $1,500",09/17/2015 09:40:00 AM,NOT APPLICABLE,EQUIPMENT - VEHICLE CONDITION,3415,W,BRYN MAWR AVE,1712.0,,,,,,,2,NO INDICATION OF INJURY,0.0,0.0,0.0,0.0,0.0,2.0,0.0,9,5,9,41.9828890641,-87.7143457411,POINT (-87.714345741077 41.982889064085)
b4e33d3f11122f6fc8aef517c2061b7c246449d3183e6234049d678e729706d94f566453c9fdc58a303c705f7219306c4be1ec3b2fbc2964321669c0d03d5a44,JE152940,Y,02/26/2021 01:00:00 PM,30,NO CONTROLS,NO CONTROLS,CLEAR,DAYLIGHT,HEAD ON,ALLEY,,STRAIGHT AND LEVEL,DRY,NO DEFECTS,ON SCENE,INJURY AND / OR TOW DUE TO CRASH,,,,"OVER $1,500",02/26/2021 01:11:00 PM,FAILING TO REDUCE SPEED TO AVOID CRASH,FAILING TO REDUCE SPEED TO AVOID CRASH,824,S,INDEPENDENCE BLVD,1133.0,,,,,,,2,NO INDICATION OF INJURY,0.0,0.0,0.0,0.0,0.0,2.0,0.0,13,6,2,41.8699119364,-87.7203877945,POINT (-87.720387794453 41.8699119364)
744fbb4abf908e83fbf2e7505dc947e4df115f403a9ac99b03007d77e1b297e93d808d54bf6b8466b892f8240dcf58edcbbc8306b0dba228b86b8e618844dc2e,JC318607,,06/23/2019 03:30:00 PM,30,NO CONTROLS,NO CONTROLS,CLEAR,DAYLIGHT,TURNING,NOT DIVIDED,,STRAIGHT AND LEVEL,DRY,NO DEFECTS,NOT ON SCENE (DESK REPORT),INJURY AND / OR TOW DUE TO CRASH,,,,"OVER $1,500",06/23/2019 04:45:00 PM,UNABLE TO DETERMINE,NOT APPLICABLE,3701,W,NORTH AVE,2535.0,,,,,,,2,NO INDICATION OF INJURY,0.0,0.0,0.0,0.0,0.0,2.0,0.0,15,1,6,41.9098538783,-87.7192787817,POINT (-87.719278781663 41.90985387831)
fc4d56e7c060e11913618c4e909578fee15c5a078ca48d6e8965a770de459ead6357a2a3aa46002e2c9305dbb1f0a08e13521ae42135ecb35738dd85bbb7bf44,JC522177,,11/23/2019 10:35:00 PM,30,TRAFFIC SIGNAL,FUNCTIONING PROPERLY,CLEAR,"DARKNESS, LIGHTED ROAD",TURNING,NOT DIVIDED,,STRAIGHT AND LEVEL,DRY,UNKNOWN,ON SCENE,INJURY AND / OR TOW DUE TO CRASH,Y,,,"OVER $1,500",11/23/2019 10:37:00 PM,FAILING TO YIELD RIGHT-OF-WAY,NOT APPLICABLE,2801,W,BELMONT AVE,1411.0,,,,,,,2,NO INDICATION OF INJURY,0.0,0.0,0.0,0.0,0.0,2.0,0.0,22,7,11,,,
361e69ac2c1e68e87561f9c33b26b455fd2fe54d337598723bcf801aa8e1303831e0d43a6c36840032478df806fd55d911af37f742292d90564404d0245e10e1,JG358321,Y,07/27/2023 02:30:00 PM,30,NO CONTROLS,NO CONTROLS,CLEAR,DAYLIGHT,ANGLE,ALLEY,,STRAIGHT AND LEVEL,DRY,NO DEFECTS,ON SCENE,INJURY AND / OR TOW DUE TO CRASH,,,Y,"OVER $1,500",07/27/2023 02:50:00 PM,IMPROPER OVERTAKING/PASSING,FAILING TO YIELD RIGHT-OF-WAY,2341,W,ROSEMONT AVE,2413.0,,,,,,,2,NO INDICATION OF INJURY,0.0,0.0,0.0,0.0,0.0,3.0,0.0,14,5,7,41.9958166471,-87.6890023798,POINT (-87.689002379823 41.995816647124)
7323280f89e3459c4390bc96b67f6a16836eaec5e4133e125be6ad9cb46733fafcf3b0a6225895a317ea8846cd44e17240944e42cfa1f88d55bd5a58cf053441,JF346070,,08/05/2022 11:37:00 PM,30,UNKNOWN,UNKNOWN,CLEAR,"DARKNESS, LIGHTED ROAD",REAR END,UNKNOWN INTERSECTION TYPE,,STRAIGHT AND LEVEL,DRY,UNKNOWN,NOT ON SCENE (DESK REPORT),NO INJURY / DRIVE AWAY,,,,"OVER $1,500",08/06/2022 12:00:00 AM,UNABLE TO DETERMINE,NOT APPLICABLE,8300,S,VINCENNES AVE,622.0,,,,,,,2,NO INDICATION OF INJURY,0.0,0.0,0.0,0.0,0.0,2.0,0.0,23,6,8,41.7435045576,-87.6366627981,POINT (-87.636662798126 41.743504557606)
fc24c4953ce2e47d61ad02fac4cd9896e69971fc849da4b139516a5b1507a45c8424fd215077ef95ed9ca8664bf840d65ce76e0a6268979525210edf6ad1a89a,JG164928,,02/25/2023 12:05:00 AM,30,NO CONTROLS,NO CONTROLS,SNOW,"DARKNESS, LIGHTED ROAD",PARKED MOTOR VEHICLE,NOT DIVIDED,,STRAIGHT AND LEVEL,ICE,UNKNOWN,ON SCENE,NO INJURY / DRIVE AWAY,,,,$500 OR LESS,02/25/2023 12:27:00 AM,WEATHER,WEATHER,3145,N,CENTRAL PARK AVE,1412.0,,,,,,,2,NO INDICATION OF INJURY,0.0,0.0,0.0,0.0,0.0,1.0,0.0,0,7,2,41.9387321639,-87.7172329289,POINT (-87.717232928885 41.938732163914)
fccd6be7fa785b21da56fc7a32fb9cfa91a8f38646c87834f89866762d02d3e66e5a99e519ee5143cc079fc56fbe6f0dffcd890bfbb2eff259ad6844475e8f00,JE204514,,04/20/2021 07:40:00 AM,25,NO CONTROLS,NO CONTROLS,CLEAR,DAYLIGHT,PARKED MOTOR VEHICLE,NOT DIVIDED,,STRAIGHT AND LEVEL,DRY,NO DEFECTS,ON SCENE,NO INJURY / DRIVE AWAY,,,,"OVER $1,500",04/20/2021 07:40:00 AM,UNABLE TO DETERMINE,NOT APPLICABLE,3824,N,OAKLEY AVE,1921.0,,,,,,,2,NO INDICATION OF INJURY,0.0,0.0,0.0,0.0,0.0,2.0,0.0,7,3,4,41.9511809422,-87.6861036566,POINT (-87.686103656561 41.95118094222)
2fba9b80af9abb6433170c2ed7e6032191dafb8ccc4a1c71f54c7890801d88e51653606062a1463e0eb7cf92f5ba035248f11e28670804cdf5fe8a9c8554bd97,JE492734,,12/29/2021 06:00:00 AM,40,TRAFFIC SIGNAL,FUNCTIONING PROPERLY,UNKNOWN,"DARKNESS, LIGHTED ROAD",REAR END,NOT DIVIDED,,STRAIGHT AND LEVEL,UNKNOWN,UNKNOWN,NOT ON SCENE (DESK REPORT),NO INJURY / DRIVE AWAY,,,Y,"$501 - $1,500",12/30/2021 10:15:00 AM,FOLLOWING TOO CLOSELY,NOT APPLICABLE,300,S,LAKE SHORE DR SB,114.0,,,,,,,2,NO INDICATION OF INJURY,0.0,0.0,0.0,0.0,0.0,2.0,0.0,6,4,12,41.8783101346,-87.6175759034,POINT (-87.617575903416 41.878310134581)
c2d61617d2767c86c6b35c306b6c4423af7ad376844f39e04541a857c275a58601c18f595bd3dcdb8cc9121840ec517e3bcfbe120b72f45fe64190ff078c8243,JB344752,,07/11/2018 08:00:00 AM,35,NO CONTROLS,NO CONTROLS,CLEAR,DAYLIGHT,REAR END,NOT DIVIDED,4.0,STRAIGHT AND LEVEL,DRY,NO DEFECTS,NOT ON SCENE (DESK REPORT),NO INJURY / DRIVE AWAY,,,,"OVER $1,500",07/11/2018 08:05:00 AM,ROAD CONSTRUCTION/MAINTENANCE,UNABLE TO DETERMINE,2800,W,COLUMBUS AVE,835.0,,,,,,,2,NO INDICATION OF INJURY,0.0,0.0,0.0,0.0,0.0,2.0,0.0,8,4,7,41.7548210815,-87.6930064659,POINT (-87.693006465881 41.75482108151)
7637c52b1a0ef85b8b304cd4f71e987c80f7521b5c54a53c46495d126cce49c239640dfe93e7e00b704c6c035066f5df68be6cb0c013d68d1f924b9c7706d65a,JC193803,,03/21/2019 09:50:00 AM,30,NO CONTROLS,OTHER,RAIN,DAYLIGHT,REAR END,DIVIDED - W/MEDIAN (NOT RAISED),4.0,STRAIGHT AND LEVEL,WET,NO DEFECTS,ON SCENE,INJURY AND / OR TOW DUE TO CRASH,,,,"$501 - $1,500",03/21/2019 09:53:00 AM,FOLLOWING TOO CLOSELY,WEATHER,4105,W,CHICAGO AVE,1111.0,,,,,,,2,NONINCAPACITATING INJURY,1.0,0.0,0.0,1.0,0.0,2.0,0.0,9,5,3,41.8952090639,-87.7287912772,POINT (-87.728791277168 41.895209063885)
fcf5ef38a5ee333609544edb8d785e84372d4bf5b34f618e812982f260515f74afc9161127683d1f1ce5b845aa34e8b59276fe9644b5e47501c4435f4b5ed60a,JG295958,,06/10/2023 02:10:00 PM,30,NO CONTROLS,NO CONTROLS,CLEAR,DAYLIGHT,PARKED MOTOR VEHICLE,DIVIDED - W/MEDIAN (NOT RAISED),,STRAIGHT AND LEVEL,DRY,NO DEFECTS,NOT ON SCENE (DESK REPORT),NO INJURY / DRIVE AWAY,,,Y,"$501 - $1,500",06/10/2023 05:33:00 PM,FOLLOWING TOO CLOSELY,UNABLE TO DETERMINE,400,N,WELLS ST,1831.0,,,,,,,2,NO INDICATION OF INJURY,0.0,0.0,0.0,0.0,0.0,1.0,0.0,14,7,6,41.8891980218,-87.6341572967,POINT (-87.634157296675 41.889198021771)
58b7321f48029ddcbf10cc1ed4a923836b125b50fc6677cb208713de807db188527f55d9c312c53958b25ae23d0452287085cea5ae338d342e48bd25043b0573,JD114040,,01/13/2020 11:50:00 AM,20,NO CONTROLS,NO CONTROLS,CLEAR,DAYLIGHT,TURNING,PARKING LOT,,STRAIGHT AND LEVEL,DRY,NO DEFECTS,NOT ON SCENE (DESK REPORT),NO INJURY / DRIVE AWAY,,Y,,"OVER $1,500",01/13/2020 12:09:00 PM,FAILING TO YIELD RIGHT-OF-WAY,FAILING TO YIELD RIGHT-OF-WAY,8600,W,BRYN MAWR AVE,1614.0,,,,,,,2,NO INDICATION OF INJURY,0.0,0.0,0.0,0.0,0.0,2.0,0.0,11,2,1,41.9811345454,-87.8416384229,POINT (-87.841638422924 41.981134545431)
afef5871ea69c5b665df21dd1e9dc21e5eacaeef0fb6a843877b5747e973c6c365facb009f579066ebbb2f5868feb47c3226b28982f52e45cf2bf7e1bfd22916,JD110862,,01/10/2020 11:52:00 AM,30,STOP SIGN/FLASHER,FUNCTIONING PROPERLY,CLOUDY/OVERCAST,DAYLIGHT,ANGLE,DIVIDED - W/MEDIAN (NOT RAISED),,STRAIGHT AND LEVEL,DRY,NO DEFECTS,ON SCENE,INJURY AND / OR TOW DUE TO CRASH,Y,,,"OVER $1,500",01/10/2020 11:52:00 AM,FAILING TO YIELD RIGHT-OF-WAY,NOT APPLICABLE,3229,W,MONTROSE AVE,1724.0,,,,,,,2,NONINCAPACITATING INJURY,1.0,0.0,0.0,1.0,0.0,2.0,0.0,11,6,1,41.9610654925,-87.7094095846,POINT (-87.709409584628 41.96106549247)
7b65f91b90480841f3f8a09893881ce270e33b73a83dc91e030bbaf9a7f737f5f757275d1bba23cc498767c99b8998ea7356492d68d75a1e18033df339715737,JB545383,,12/08/2018 05:25:00 PM,30,NO CONTROLS,NO CONTROLS,CLEAR,DUSK,REAR END,DIVIDED - W/MEDIAN (NOT RAISED),,STRAIGHT AND LEVEL,DRY,NO DEFECTS,ON SCENE,INJURY AND / OR TOW DUE TO CRASH,,,,"OVER $1,500",12/08/2018 05:26:00 PM,FAILING TO REDUCE SPEED TO AVOID CRASH,NOT APPLICABLE,1957,W,ADDISON ST,1922.0,,Y,,,,,3,NO INDICATION OF INJURY,0.0,0.0,0.0,0.0,0.0,3.0,0.0,17,7,12,41.9467573683,-87.6783537065,POINT (-87.678353706509 41.946757368344)
9c7488839750a963b256f7fc06fa42bcb61dc4c3690c537afc7c7cda028185a7011d79ab7067b0a1e2e6acdeef3a70715feaced2e80d17773c68aefe220798d9,JG126116,,01/23/2023 06:00:00 AM,30,NO CONTROLS,NO CONTROLS,CLEAR,"DARKNESS, LIGHTED ROAD",SIDESWIPE SAME DIRECTION,NOT DIVIDED,,STRAIGHT AND LEVEL,UNKNOWN,UNKNOWN,NOT ON SCENE (DESK REPORT),NO INJURY / DRIVE AWAY,,,,$500 OR LESS,01/23/2023 06:20:00 AM,UNABLE TO DETERMINE,NOT APPLICABLE,2731,W,31ST ST,1034.0,Y,,,,,,2,NO INDICATION OF INJURY,0.0,0.0,0.0,0.0,0.0,3.0,0.0,6,2,1,41.8373181197,-87.693770897,POINT (-87.693770896995 41.837318119667)
359966a0b0d9313009509514cb09cfd202eb8f01363cde6e1cbf9c8fe490bf6738ba5186b74f5829f1f111b441d2c419b1d297e5695a1441a2bf95320560954b,JE458661,,11/27/2021 07:17:00 PM,25,NO CONTROLS,NO CONTROLS,CLEAR,DARKNESS,PARKED MOTOR VEHICLE,NOT DIVIDED,,STRAIGHT AND LEVEL,DRY,NO DEFECTS,ON SCENE,INJURY AND / OR TOW DUE TO CRASH,,,Y,"OVER $1,500",11/27/2021 07:19:00 PM,UNABLE TO DETERMINE,UNABLE TO DETERMINE,727,E,79TH ST,624.0,,,,,,,2,NONINCAPACITATING INJURY,5.0,0.0,0.0,5.0,0.0,1.0,0.0,19,7,11,41.7511518738,-87.6065044087,POINT (-87.606504408678 41.751151873787)
b3b74375b6cd8f40255cbb4646de0238c012e8bf3805dfb181879bddc91d5625af0857d712133ccd483e17940922676a9369d70cb1d66e1a325cb72ed364764c,HZ381415,,08/06/2016 09:30:00 PM,30,NO CONTROLS,NO CONTROLS,CLEAR,"DARKNESS, LIGHTED ROAD",SIDESWIPE SAME DIRECTION,NOT DIVIDED,2.0,STRAIGHT AND LEVEL,WET,NO DEFECTS,NOT ON SCENE (DESK REPORT),NO INJURY / DRIVE AWAY,,,Y,"OVER $1,500",08/06/2016 11:00:00 PM,"OPERATING VEHICLE IN ERRATIC, RECKLESS, CARELESS, NEGLIGENT OR AGGRESSIVE MANNER",IMPROPER LANE USAGE,406,E,71ST ST,322.0,,,,,,,2,NO INDICATION OF INJURY,0.0,0.0,0.0,0.0,0.0,3.0,0.0,21,7,8,41.7658279748,-87.6149528093,POINT (-87.61495280926 41.765827974798)
7c1f5c081f99a77ca45673609337400bd74358f8ac2697851419b8b8a62f09409396d6aea26e282bc560c14aff1354f53e1f3df049f9f40c03a3f4cdde529a60,JE447287,,11/16/2021 03:20:00 PM,30,NO CONTROLS,NO CONTROLS,CLEAR,DAYLIGHT,REAR END,NOT DIVIDED,,STRAIGHT AND LEVEL,DRY,NO DEFECTS,NOT ON SCENE (DESK REPORT),NO INJURY / DRIVE AWAY,,,Y,$500 OR LESS,11/16/2021 04:00:00 PM,FOLLOWING TOO CLOSELY,NOT APPLICABLE,2459,N,KOSTNER AVE,2524.0,,,,,,,2,NO INDICATION OF INJURY,0.0,0.0,0.0,0.0,0.0,2.0,0.0,15,3,11,41.9261528795,-87.7365058774,POINT (-87.736505877405 41.926152879485)
7d10abe82ff218c85943c877a1184aae33d49315b44bcbaeafe21952d9167ceafcc6d4437613710f7c5c5a9e0c248d7b9aa58fc434fe4618173c83f12cbb1719,JG461095,,10/12/2023 04:30:00 PM,35,NO CONTROLS,NO CONTROLS,CLEAR,DAYLIGHT,TURNING,NOT DIVIDED,,STRAIGHT AND LEVEL,DRY,NO DEFECTS,NOT ON SCENE (DESK REPORT),NO INJURY / DRIVE AWAY,,,Y,"OVER $1,500",10/12/2023 05:10:00 PM,IMPROPER OVERTAKING/PASSING,NOT APPLICABLE,8610,S,KEDZIE AVE,834.0,,,,,,,2,NO INDICATION OF INJURY,0.0,0.0,0.0,0.0,0.0,2.0,0.0,16,5,10,41.7365771136,-87.702193735,POINT (-87.702193734956 41.736577113616)
9da796f279144f752ae38333a67a923b5e7f314dfd43fcedfe129b3086caef73688d038a70304c7fe4078ed312d554118fc96942d20b67c485241e54637dac84,JB464361,,10/06/2018 01:30:00 AM,25,NO CONTROLS,NO CONTROLS,RAIN,"DARKNESS, LIGHTED ROAD",ANGLE,ONE-WAY,1.0,STRAIGHT AND LEVEL,WET,UNKNOWN,ON SCENE,NO INJURY / DRIVE AWAY,,,Y,"OVER $1,500",10/06/2018 01:31:00 AM,UNDER THE INFLUENCE OF ALCOHOL/DRUGS (USE WHEN ARREST IS EFFECTED),UNABLE TO DETERMINE,2309,N,LOWELL AVE,2522.0,,,,,,,2,NO INDICATION OF INJURY,0.0,0.0,0.0,0.0,0.0,4.0,0.0,1,7,10,41.9228717372,-87.7351457569,POINT (-87.735145756925 41.922871737178)
f827c0abe406b65b1f841d7dfc8be01e549a0d362916ea5d2057601c0184032135dce4a21603b94463ef280d18469a547543db61b4da00841efe07e847141c04,JE143357,,02/16/2021 06:50:00 PM,30,NO CONTROLS,NO CONTROLS,SNOW,"DARKNESS, LIGHTED ROAD",SIDESWIPE OPPOSITE DIRECTION,OTHER,,STRAIGHT AND LEVEL,DRY,NO DEFECTS,NOT ON SCENE (DESK REPORT),NO INJURY / DRIVE AWAY,,,,"OVER $1,500",02/16/2021 07:55:00 PM,UNABLE TO DETERMINE,NOT APPLICABLE,3537,W,58TH PL,822.0,,,,,,,2,NO INDICATION OF INJURY,0.0,0.0,0.0,0.0,0.0,2.0,0.0,18,3,2,41.7869089393,-87.7122461383,POINT (-87.712246138289 41.786908939338)
d7e8ef7d84ae01950dfeb0184ec054fbce0a422cfaeaaa3a3ca1b23ef6eeb66b322a3af85318f1649623a7afdb019692c351efb0c6bd5a9a6c9a8adcea3a6bfa,JC544684,,12/12/2019 01:28:00 PM,30,TRAFFIC SIGNAL,UNKNOWN,CLEAR,DAYLIGHT,SIDESWIPE SAME DIRECTION,NOT DIVIDED,,STRAIGHT AND LEVEL,DRY,NO DEFECTS,NOT ON SCENE (DESK REPORT),NO INJURY / DRIVE AWAY,,,,$500 OR LESS,12/12/2019 08:23:00 PM,UNABLE TO DETERMINE,UNABLE TO DETERMINE,1301,S,WESTERN AVE,1233.0,,,,,,,2,NO INDICATION OF INJURY,0.0,0.0,0.0,0.0,0.0,2.0,0.0,13,5,12,41.8647450693,-87.6858404547,POINT (-87.685840454681 41.864745069282)
42af55a8d1d4810769cd75036ab2c01a3820f1b2c100091139b71ce9a7808b6776f3743fda982d8c1d9d87f3ed881497505768191ba0f62bbb2a2d95393ecea9,JA420020,,09/05/2017 05:00:00 PM,20,STOP SIGN/FLASHER,FUNCTIONING PROPERLY,CLEAR,DAYLIGHT,ANGLE,NOT DIVIDED,3.0,STRAIGHT AND LEVEL,DRY,NO DEFECTS,ON SCENE,INJURY AND / OR TOW DUE TO CRASH,Y,,,"OVER $1,500",09/05/2017 05:17:00 PM,DISREGARDING STOP SIGN,UNABLE TO DETERMINE,10800,S,AVENUE H,432.0,,,,,,,2,NO INDICATION OF INJURY,0.0,0.0,0.0,0.0,0.0,3.0,0.0,17,3,9,41.6989969842,-87.5330115985,POINT (-87.533011598537 41.698996984161)