CRASH_RECORD_ID,RD_NO,CRASH_DATE_EST_I,CRASH_DATE,POSTED_SPEED_LIMIT,TRAFFIC_CONTROL_DEVICE,DEVICE_CONDITION,WEATHER_CONDITION,LIGHTING_CONDITION,FIRST_CRASH_TYPE,TRAFFICWAY_TYPE,LANE_CNT,ALIGNMENT,ROADWAY_SURFACE_COND,ROAD_DEFECT,REPORT_TYPE,CRASH_TYPE,INTERSECTION_RELATED_I,NOT_RIGHT_OF_WAY_I,HIT_AND_RUN_I,DAMAGE,DATE_POLICE_NOTIFIED,PRIM_CONTRIBUTORY_CAUSE,SEC_CONTRIBUTORY_CAUSE,STREET_NO,STREET_DIRECTION,STREET_NAME,BEAT_OF_OCCURRENCE,PHOTOS_TAKEN_I,STATEMENTS_TAKEN_I,DOORING_I,WORK_ZONE_I,WORK_ZONE_TYPE,WORKERS_PRESENT_I,NUM_UNITS,MOST_SEVERE_INJURY,INJURIES_TOTAL,INJURIES_FATAL,INJURIES_INCAPACITATING,INJURIES_NON_INCAPACITATING,INJURIES_REPORTED_NOT_EVIDENT,INJURIES_NO_INDICATION,INJURIES_UNKNOWN,CRASH_HOUR,CRASH_DAY_OF_WEEK,CRASH_MONTH,LATITUDE,LONGITUDE,LOCATION
f0e9690b3b7dfac9f3d248bb6148ee8ab4ac9c978a6e66bdd16b48b07cc611da3c394fe8d97bcd640cbbf9f5b2c48c070c86bcedb6b96358ba23644320dcaf28,JF372373,,08/27/2022 11:19:00 AM,30,NO CONTROLS,NO CONTROLS,CLEAR,DAYLIGHT,REAR TO FRONT,PARKING LOT,,STRAIGHT AND LEVEL,DRY,NO DEFECTS,ON SCENE,NO INJURY / DRIVE AWAY,,,N,$500 OR LESS,08/27/2022 11:58:00 AM,DRIVING SKILLS/KNOWLEDGE/EXPERIENCE,DRIVING SKILLS/KNOWLEDGE/EXPERIENCE,42,S,GREEN ST,1232.0,,,,,,,2,NO INDICATION OF INJURY,0.0,0.0,0.0,0.0,0.0,2.0,0.0,11,7,8,41.8805342037,-87.6486406316,POINT (-87.648640631554 41.880534203716)
6317f6c6323ce1ae0e96807e7341c806d57ab86fac93e2b56944159e59a6d94c57435743bbd39628dacb9fe19943392092bb19ec215e61622907cd8a0c714a12,JC463089,,10/03/2019 03:30:00 PM,20,NO CONTROLS,NO CONTROLS,UNKNOWN,DAYLIGHT,PARKED MOTOR VEHICLE,UNKNOWN,,STRAIGHT AND LEVEL,UNKNOWN,UNKNOWN,NOT ON SCENE (DESK REPORT),NO INJURY / DRIVE AWAY,,,,"OVER $1,500",10/07/2019 10:30:00 AM,UNABLE TO DETERMINE,UNABLE TO DETERMINE,1433,W,FARGO AVE,2422.0,,,,,,,2,NO INDICATION OF INJURY,0.0,0.0,0.0,0.0,0.0,1.0,0.0,15,5,10,42.0170324381,-87.6667536262,POINT (-87.666753626214 42.017032438076)
24e6c947e483bb60db55a4f9307c1062edc9757f3582d679ee08d4474dd77042bd96eb5607872ffcc3ccb376531cf8b59cc62fdd98751fa53f1e6f46c6f712d8,JD300767,,07/17/2020 03:30:00 PM,30,NO CONTROLS,NO CONTROLS,CLEAR,DAYLIGHT,REAR END,NOT DIVIDED,,STRAIGHT AND LEVEL,DRY,NO DEFECTS,NOT ON SCENE (DESK REPORT),NO INJURY / DRIVE AWAY,,,Y,"$501 - $1,500",07/17/2020 05:00:00 PM,UNABLE TO DETERMINE,NOT APPLICABLE,4501,W,16TH ST,1012.0,,,,,,,2,NO INDICATION OF INJURY,0.0,0.0,0.0,0.0,0.0,5.0,0.0,15,6,7,41.8585824752,-87.737236849,POINT (-87.737236848952 41.858582475242)
fd724afe5be33f1668c4482fc9bf49b108d85aaea5e3e2a27c09c342e17ab41c5af352f59c71685542fa0eee76356fa38d4e4afb55de8a55e282aa41307eeca2,JA547770,,12/13/2017 02:36:00 PM,25,NO CONTROLS,NO CONTROLS,CLEAR,DAYLIGHT,PARKED MOTOR VEHICLE,NOT DIVIDED,,STRAIGHT AND LEVEL,WET,NO DEFECTS,ON SCENE,NO INJURY / DRIVE AWAY,,,,$500 OR LESS,12/13/2017 03:11:00 PM,NOT APPLICABLE,NOT APPLICABLE,5617,N,NEWARK AVE,1612.0,,,,,,,2,NO INDICATION OF INJURY,0.0,0.0,0.0,0.0,0.0,2.0,0.0,14,4,12,41.9834400589,-87.7948930956,POINT (-87.794893095606 41.983440058915)
587c20fe54a81650ae8ff633bedaddcb037201e0ec52cd07498571b425331e1945900fcf576fa2817595baba93e8fcf7fcd53f14472e877a49526f77231674f2,JE153585,,02/26/2021 11:54:00 PM,30,NO CONTROLS,NO CONTROLS,RAIN,"DARKNESS, LIGHTED ROAD",FIXED OBJECT,NOT DIVIDED,,STRAIGHT AND LEVEL,WET,NO DEFECTS,ON SCENE,NO INJURY / DRIVE AWAY,,Y,Y,"OVER $1,500",02/26/2021 11:54:00 PM,UNABLE TO DETERMINE,UNABLE TO DETERMINE,6736,W,BELMONT AVE,1632.0,,,,,,,1,NO INDICATION OF INJURY,0.0,0.0,0.0,0.0,0.0,1.0,0.0,23,6,2,41.9382828359,-87.7947743966,POINT (-87.794774396554 41.938282835917)
cc032097815482b0083f61ac149285eda6d65453fb5df81f5bcb3f3fd9a09b50ee180911aa90105d45a9ef74d388832a5036b37104431b06052a93532335ec88,JA280240,,05/26/2017 04:17:00 PM,30,NO CONTROLS,NO CONTROLS,RAIN,DAYLIGHT,REAR END,NOT DIVIDED,2.0,STRAIGHT AND LEVEL,WET,NO DEFECTS,NOT ON SCENE (DESK REPORT),NO INJURY / DRIVE AWAY,,,Y,"OVER $1,500",05/26/2017 04:57:00 PM,UNABLE TO DETERMINE,UNABLE TO DETERMINE,2713,W,AUGUSTA BLVD,1211.0,,,,,,,2,NO INDICATION OF INJURY,0.0,0.0,0.0,0.0,0.0,2.0,0.0,16,6,5,41.8991844982,-87.6949420164,POINT (-87.694942016357 41.899184498203)
fa93e909672c5a7365f9a0df089132a009ca103e4831fc12fa1b464e91c89dd4bbf48e07ffd9131389efe2a11d28933a9e878082eee6a54970a431dbeea7ddcb,JC360313,,07/22/2019 08:10:00 PM,35,NO CONTROLS,NO CONTROLS,CLEAR,DAYLIGHT,REAR END,NOT DIVIDED,,STRAIGHT AND LEVEL,DRY,NO DEFECTS,NOT ON SCENE (DESK REPORT),NO INJURY / DRIVE AWAY,,,,"$501 - $1,500",07/22/2019 08:45:00 PM,UNABLE TO DETERMINE,UNABLE TO DETERMINE,1809,S,WESTERN AVE,1234.0,,,,,,,2,NO INDICATION OF INJURY,0.0,0.0,0.0,0.0,0.0,2.0,0.0,20,2,7,41.8572627432,-87.6856445668,POINT (-87.685644566763 41.857262743237)
da589481d326de9f79c455a6ca00cae89fc5d50d89de5673a8119109ab57ca4c9344e5f2c80d9a090c1840b5c2f47fddb8c663aad261a5d6f28f170797cbd1a0,JE389371,,09/27/2021 04:40:00 PM,35,TRAFFIC SIGNAL,FUNCTIONING PROPERLY,CLEAR,DAYLIGHT,REAR END,DIVIDED - W/MEDIAN (NOT RAISED),,STRAIGHT AND LEVEL,DRY,NO DEFECTS,ON SCENE,INJURY AND / OR TOW DUE TO CRASH,,,,"OVER $1,500",09/27/2021 04:45:00 PM,FOLLOWING TOO CLOSELY,UNABLE TO DETERMINE,6299,S,HARLEM AVE,812.0,,,,,,,3,NO INDICATION OF INJURY,0.0,0.0,0.0,0.0,0.0,3.0,0.0,16,2,9,41.777390097,-87.8007596963,POINT (-87.800759696279 41.777390096996)
7a346a62b19c323d132cdb5e36a4a0aa5c292e16526a8dddd087012441f2d108362cdbae7cd9d939234e24640af7a529b94ab9f32e34c378c33df7ca46073b40,HZ449093,,09/25/2016 01:15:00 PM,30,STOP SIGN/FLASHER,FUNCTIONING PROPERLY,CLEAR,DAYLIGHT,ANGLE,DIVIDED - W/MEDIAN (NOT RAISED),2.0,STRAIGHT AND LEVEL,DRY,NO DEFECTS,ON SCENE,INJURY AND / OR TOW DUE TO CRASH,Y,,,"OVER $1,500",09/25/2016 01:20:00 PM,FAILING TO YIELD RIGHT-OF-WAY,DISREGARDING STOP SIGN,5900,S,WINCHESTER AVE,714.0,,,,,,,2,INCAPACITATING INJURY,2.0,0.0,1.0,0.0,1.0,0.0,0.0,13,1,9,41.786548383,-87.6730323738,POINT (-87.673032373809 41.786548383004)
d7429d4d3e5fe964dbe7f6a838398f3ace87e700c0ce82e24bb8d049425eac4a65b86e3b3d1e5963555dea1e6644449e2e98fce78906e615311252ae64c08ad8,JD380347,,09/26/2020 05:45:00 PM,30,STOP SIGN/FLASHER,FUNCTIONING PROPERLY,CLEAR,DAYLIGHT,TURNING,FOUR WAY,,STRAIGHT AND LEVEL,DRY,NO DEFECTS,NOT ON SCENE (DESK REPORT),NO INJURY / DRIVE AWAY,Y,,Y,"$501 - $1,500",09/26/2020 06:30:00 PM,IMPROPER TURNING/NO SIGNAL,NOT APPLICABLE,5100,W,DIVISION ST,2533.0,,,,,,,2,NO INDICATION OF INJURY,0.0,0.0,0.0,0.0,0.0,2.0,0.0,17,7,9,41.9023835317,-87.7533884428,POINT (-87.753388442787 41.902383531749)
ad62f0245bda2bac6e1fda6b56648eb43f6bc53f0b090fb0be9581c63ba0d7b2c4a3b420bc5aee08b4b8596974dd208d57fca219baab6cdc4bc6f024d4aa0fb7,HZ184605,,03/11/2016 08:00:00 PM,15,NO CONTROLS,NO CONTROLS,CLEAR,"DARKNESS, LIGHTED ROAD",PARKED MOTOR VEHICLE,PARKING LOT,1.0,STRAIGHT AND LEVEL,DRY,NO DEFECTS,NOT ON SCENE (DESK REPORT),NO INJURY / DRIVE AWAY,,,,"$501 - $1,500",03/12/2016 03:30:00 PM,DRIVING SKILLS/KNOWLEDGE/EXPERIENCE,UNABLE TO DETERMINE,40,S,HALSTED ST,1232.0,,,,,,,2,NO INDICATION OF INJURY,0.0,0.0,0.0,0.0,0.0,1.0,0.0,20,6,3,41.8805542454,-87.6474704057,POINT (-87.647470405718 41.880554245414)
7876322ebdb90776ab037166a065f39d54c32e04b6cf68e3ee214c425bc376e084ced493f5e19375a0c3f15bbeca0b28213477cbaf00a5587ef163ef3f29caf6,JB517815,,11/16/2018 06:30:00 AM,30,NO CONTROLS,NO CONTROLS,CLEAR,DARKNESS,FIXED OBJECT,PARKING LOT,1.0,STRAIGHT AND LEVEL,DRY,NO DEFECTS,ON SCENE,NO INJURY / DRIVE AWAY,,,,"$501 - $1,500",11/16/2018 08:00:00 AM,IMPROPER BACKING,NOT APPLICABLE,351,E,LOWER RANDOLPH ST,114.0,,,,,,,1,NO INDICATION OF INJURY,0.0,0.0,0.0,0.0,0.0,1.0,0.0,6,6,11,41.8843038008,-87.6186269795,POINT (-87.618626979472 41.884303800846)
ffb4cc89dfa68b2ae1797443115b731bf34185f66c267c38309af0d2371ddb5267a5d440de70d7f10104a0b2228ddef8da84047f6a1f145517ea377d1f0b02bb,JB364231,,07/24/2018 06:00:00 AM,30,TRAFFIC SIGNAL,UNKNOWN,CLEAR,DAWN,REAR END,DIVIDED - W/MEDIAN (NOT RAISED),2.0,STRAIGHT AND LEVEL,DRY,NO DEFECTS,NOT ON SCENE (DESK REPORT),NO INJURY / DRIVE AWAY,Y,,,$500 OR LESS,07/25/2018 08:20:00 AM,UNABLE TO DETERMINE,UNABLE TO DETERMINE,3201,W,FRANKLIN BLVD,1123.0,,,,,,,2,NO INDICATION OF INJURY,0.0,0.0,0.0,0.0,0.0,2.0,0.0,6,3,7,41.8899591607,-87.7065100768,POINT (-87.706510076836 41.889959160694)
727263e5131e21dc828687ddf9fb1a623db576d0d8470c784609cad0850c8fb53501fedfdc31392b5bb8b41862d3e0d0bcef05ccd6412d1a8c2406259b878e5e,JF286363,,06/19/2022 09:04:00 PM,30,NO CONTROLS,NO CONTROLS,CLEAR,"DARKNESS, LIGHTED ROAD",PEDESTRIAN,UNKNOWN INTERSECTION TYPE,,STRAIGHT AND LEVEL,DRY,NO DEFECTS,ON SCENE,INJURY AND / OR TOW DUE TO CRASH,Y,,,$500 OR LESS,06/19/2022 09:04:00 PM,DRIVING SKILLS/KNOWLEDGE/EXPERIENCE,UNABLE TO DETERMINE,3800,S,WASHTENAW AVE,911.0,,,,,,,2,"REPORTED, NOT EVIDENT",1.0,0.0,0.0,0.0,1.0,2.0,0.0,21,1,6,41.8246130907,-87.6923550534,POINT (-87.69235505336 41.82461309074)
30965ee38c65e48b741cc0074c3699211e88f56ed2b181d5cbcb2734deec7901cccaf3bcde0fd94c4d36125b31ae47c60cd97f5aeaed6426fbb07a176f1f43a1,JD440313,,11/24/2020 09:06:00 AM,30,TRAFFIC SIGNAL,FUNCTIONING PROPERLY,RAIN,DAYLIGHT,REAR END,DIVIDED - W/MEDIAN BARRIER,,STRAIGHT AND LEVEL,WET,NO DEFECTS,ON SCENE,NO INJURY / DRIVE AWAY,,,Y,"$501 - $1,500",11/24/2020 09:07:00 AM,UNABLE TO DETERMINE,UNABLE TO DETERMINE,6452,S,ASHLAND AVE,725.0,,,,,,,2,NO INDICATION OF INJURY,0.0,0.0,0.0,0.0,0.0,3.0,0.0,9,3,11,41.7760917201,-87.6642764583,POINT (-87.664276458259 41.776091720092)
bbde01bc320e22df69fc8907924830ef8ffe4dab5862b71804e292e56e18593c03ad7c54b97b58e6e49341aaf4e5edf48316fee5b398db4d104ffbb06b5b3481,JA225050,,04/14/2017 07:45:00 PM,30,TRAFFIC SIGNAL,NO CONTROLS,RAIN,"DARKNESS, LIGHTED ROAD",TURNING,NOT DIVIDED,4.0,STRAIGHT AND LEVEL,WET,NO DEFECTS,NOT ON SCENE (DESK REPORT),NO INJURY / DRIVE AWAY,Y,,,"OVER $1,500",04/14/2017 08:37:00 PM,DISREGARDING TRAFFIC SIGNALS,NOT APPLICABLE,335,N,CICERO AVE,1113.0,,,,,,,2,NO INDICATION OF INJURY,0.0,0.0,0.0,0.0,0.0,2.0,0.0,19,6,4,41.8865944691,-87.7453504399,POINT (-87.745350439932 41.886594469117)
39cc240e8fc56500174afc6e69408d72d50bf7d9191fc5944fde3346198ceff5a4b657706339f6ccba1f9bd3317ea4ccea4800ac41f7e58cd2593f5e141a717a,JC209858,,04/03/2019 08:15:00 AM,30,NO CONTROLS,NO CONTROLS,CLEAR,DAYLIGHT,TURNING,NOT DIVIDED,2.0,STRAIGHT AND LEVEL,DRY,NO DEFECTS,NOT ON SCENE (DESK REPORT),NO INJURY / DRIVE AWAY,Y,,,"OVER $1,500",04/03/2019 09:00:00 AM,DISTRACTION - FROM OUTSIDE VEHICLE,NOT APPLICABLE,1549,N,NORTH PARK AVE,1821.0,,,,,,,2,NO INDICATION OF INJURY,0.0,0.0,0.0,0.0,0.0,3.0,0.0,8,4,4,41.9107802919,-87.6365049209,POINT (-87.636504920866 41.910780291916)
e1b3b38d4772fc4395250f211fad46b636190d685709bdf0ae0407fb89c2315a7240961fc2c825384bca0f599c8a0619cc079c7059b439bbf1f3a12018dfdc73,JE217840,,05/03/2021 04:00:00 AM,35,OTHER,FUNCTIONING PROPERLY,RAIN,"DARKNESS, LIGHTED ROAD",OTHER OBJECT,ONE-WAY,,STRAIGHT AND LEVEL,WET,OTHER,ON SCENE,INJURY AND / OR TOW DUE TO CRASH,,,,"OVER $1,500",05/03/2021 04:12:00 AM,ROAD CONSTRUCTION/MAINTENANCE,NOT APPLICABLE,4820,N,MASON AVE,1622.0,,,,Y,CONSTRUCTION,,1,NO INDICATION OF INJURY,0.0,0.0,0.0,0.0,0.0,1.0,0.0,4,2,5,41.9682791012,-87.7772641567,POINT (-87.777264156651 41.968279101227)
81a1a5e5ef7884bcfa63b54da4c4af78af721973912b4f1b668e23994f0f697d39b12d36bc7fbcaa42e974bc75250936d8de5b8d1f7a7483beae92be5d79c478,JF502358,,12/08/2022 07:25:00 AM,5,NO CONTROLS,NO CONTROLS,CLEAR,DUSK,TURNING,PARKING LOT,,STRAIGHT AND LEVEL,DRY,NO DEFECTS,ON SCENE,NO INJURY / DRIVE AWAY,,Y,,"$501 - $1,500",12/08/2022 07:30:00 AM,IMPROPER OVERTAKING/PASSING,NOT APPLICABLE,600,W,OHARE ST,1654.0,,,,,,,2,NO INDICATION OF INJURY,0.0,0.0,0.0,0.0,0.0,2.0,0.0,7,5,12,,,
4ede0f3a340b146d99df07fca607862c6ae19daa92e033c98c458a67e98971eb2e966542a9a3cc758308096942fa55c688a2d2506bb8d9d884976bcb0a46d00b,JD347963,,08/28/2020 10:06:00 AM,30,NO CONTROLS,NO CONTROLS,CLEAR,DAYLIGHT,SIDESWIPE SAME DIRECTION,DIVIDED - W/MEDIAN (NOT RAISED),,STRAIGHT AND LEVEL,DRY,NO DEFECTS,ON SCENE,NO INJURY / DRIVE AWAY,,,,"$501 - $1,500",08/28/2020 10:30:00 AM,FAILING TO YIELD RIGHT-OF-WAY,NOT APPLICABLE,5617,W,BELMONT AVE,2514.0,,,,,,,2,NO INDICATION OF INJURY,0.0,0.0,0.0,0.0,0.0,3.0,0.0,10,6,8,41.9384572072,-87.7671814667,POINT (-87.767181466694 41.938457207242)
9cc25fb4bc10ee83c016eda928ce62435b6eb87233f94d380dbdee3f64e087761ab92a45cea4dc531b56d7dfa53cee6b2055b8007551a942a08628c7a07c9293,JE219304,,04/23/2021 12:40:00 PM,45,NO CONTROLS,NO CONTROLS,CLEAR,DAYLIGHT,FIXED OBJECT,DIVIDED - W/MEDIAN BARRIER,,STRAIGHT AND LEVEL,DRY,"RUT, HOLES",NOT ON SCENE (DESK REPORT),NO INJURY / DRIVE AWAY,,,,"OVER $1,500",05/04/2021 12:40:00 PM,NOT APPLICABLE,NOT APPLICABLE,4600,N,LAKE SHORE DR NB,1914.0,,,,,,,1,NO INDICATION OF INJURY,0.0,0.0,0.0,0.0,0.0,1.0,0.0,12,6,4,41.9657184879,-87.6474766551,POINT (-87.647476655051 41.965718487888)
f29034fa21537ef88242bec39843d9401720b1fa9ce4af81bd0eff4e179622e246f43655955d7a933355d77ca399611823afd7959179e8376c877daaa2a3c82b,JG356604,,07/26/2023 09:42:00 AM,10,NO CONTROLS,NO CONTROLS,RAIN,DAWN,FIXED OBJECT,T-INTERSECTION,,STRAIGHT ON GRADE,WET,UNKNOWN,ON SCENE,NO INJURY / DRIVE AWAY,,Y,,$500 OR LESS,07/26/2023 10:09:00 AM,UNABLE TO DETERMINE,UNABLE TO DETERMINE,1301,W,SCHUBERT AVE,1932.0,,,,,,,2,NO INDICATION OF INJURY,0.0,0.0,0.0,0.0,0.0,2.0,0.0,9,4,7,41.9305907302,-87.6611456095,POINT (-87.661145609541 41.930590730164)
0f9ab6c2201cff25f0842c122c21a84e2b5eeaa29a36e02f194a819594f3481349cbdb5b1d62888f51d13e561bbab8a00776bbc7dfb093503b90a51774607051,JE171411,,03/13/2021 11:00:00 PM,20,TRAFFIC SIGNAL,FUNCTIONING PROPERLY,CLEAR,"DARKNESS, LIGHTED ROAD",SIDESWIPE SAME DIRECTION,DIVIDED - W/MEDIAN (NOT RAISED),,STRAIGHT AND LEVEL,DRY,NO DEFECTS,NOT ON SCENE (DESK REPORT),NO INJURY / DRIVE AWAY,,,,"OVER $1,500",03/17/2021 12:35:00 PM,UNABLE TO DETERMINE,NOT APPLICABLE,1146,S,CENTRAL AVE,1513.0,,,,,,,2,NO INDICATION OF INJURY,0.0,0.0,0.0,0.0,0.0,2.0,0.0,23,7,3,41.865939763,-87.7644750326,POINT (-87.764475032608 41.865939763007)
b42ba2c2298d82bd1b150a238c83e5c4629deedf40ad01622266bc5c75d88c7f6212014ba0e248f788d22928069856617c3c282431a1ee3f7620567cb3074072,JG171379,Y,03/01/2023 10:00:00 PM,25,NO CONTROLS,NO CONTROLS,CLEAR,DARKNESS,PARKED MOTOR VEHICLE,NOT DIVIDED,,STRAIGHT AND LEVEL,DRY,NO DEFECTS,ON SCENE,NO INJURY / DRIVE AWAY,,,Y,"$501 - $1,500",03/02/2023 01:00:00 PM,NOT APPLICABLE,NOT APPLICABLE,745,S,KOLMAR AVE,1131.0,,,,,,,2,NO INDICATION OF INJURY,0.0,0.0,0.0,0.0,0.0,1.0,0.0,22,4,3,41.8711344442,-87.7388215817,POINT (-87.738821581697 41.871134444185)
121c5ddc7e61286f512e9d88a65c212d0234fe73965d67928b5ed6bd6c9021b9d4aa242399151259fdd3fa0105c8b54b4c0e43176e94cad715d2955a9e8b217b,JA550515,,12/15/2017 04:20:00 PM,30,TRAFFIC SIGNAL,FUNCTIONING PROPERLY,CLEAR,"DARKNESS, LIGHTED ROAD",PEDESTRIAN,ONE-WAY,,STRAIGHT AND LEVEL,DRY,NO DEFECTS,ON SCENE,INJURY AND / OR TOW DUE TO CRASH,Y,,,$500 OR LESS,12/15/2017 04:27:00 PM,UNABLE TO DETERMINE,NOT APPLICABLE,151,W,ONTARIO ST,1832.0,,,,,,,2,"REPORTED, NOT EVIDENT",1.0,0.0,0.0,0.0,1.0,1.0,0.0,16,6,12,41.8930907731,-87.633151674,POINT (-87.633151673993 41.893090773148)
415bb483f7103c272af28c32f46566313a30cf44258c29c3725ac466aea681a9c668bd4276efb4a66fb0fef9d884fad1cb375f03b437a0b41388b87d234208bc,JD261679,,06/12/2020 09:22:00 AM,20,NO CONTROLS,NO CONTROLS,CLEAR,DAYLIGHT,TURNING,OTHER,,STRAIGHT AND LEVEL,DRY,NO DEFECTS,ON SCENE,INJURY AND / OR TOW DUE TO CRASH,,,,"$501 - $1,500",06/12/2020 09:22:00 AM,NOT APPLICABLE,NOT APPLICABLE,4806,W,RICE ST,1531.0,,,,,,,3,NONINCAPACITATING INJURY,1.0,0.0,0.0,1.0,0.0,2.0,0.0,9,6,6,41.8960575256,-87.7461831277,POINT (-87.746183127709 41.896057525584)
269af62f1206f45930baf7f50e1ce9b24b324703d5722e12a22ab4538d353715ee27b7b10b363563865cbe6af068b87d8b89bc9298f26d9669abc25172b011b9,JC107129,,01/06/2019 11:50:00 AM,30,OTHER REG. SIGN,FUNCTIONING PROPERLY,CLEAR,DAYLIGHT,TURNING,DIVIDED - W/MEDIAN BARRIER,,STRAIGHT AND LEVEL,UNKNOWN,UNKNOWN,NOT ON SCENE (DESK REPORT),INJURY AND / OR TOW DUE TO CRASH,,,,"OVER $1,500",01/06/2019 05:30:00 PM,IMPROPER TURNING/NO SIGNAL,DISREGARDING OTHER TRAFFIC SIGNS,1418,N,ASHLAND AVE,1433.0,,,,,,,2,NONINCAPACITATING INJURY,1.0,0.0,0.0,1.0,0.0,1.0,0.0,11,1,1,41.9075733851,-87.6677516692,POINT (-87.667751669244 41.907573385145)
0296960df4c1a22bfe9cb3077a870b670bf5651d73a86d0c14b12022f25029afcd95d180ca983b2339acf91835f8044c847ae4e876bc2c4c875d9db501a78f39,JF203563,,04/10/2022 01:20:00 PM,35,UNKNOWN,UNKNOWN,UNKNOWN,UNKNOWN,REAR END,UNKNOWN,,STRAIGHT AND LEVEL,UNKNOWN,UNKNOWN,NOT ON SCENE (DESK REPORT),NO INJURY / DRIVE AWAY,,,,"OVER $1,500",04/10/2022 02:00:00 PM,UNABLE TO DETERMINE,UNABLE TO DETERMINE,3484,W,87TH ST,834.0,,,,,,,2,NO INDICATION OF INJURY,0.0,0.0,0.0,0.0,0.0,3.0,0.0,13,1,4,41.7351924288,-87.7092237326,POINT (-87.70922373262 41.735192428806)
65892c662c33e9e6f66b0c3e582eedbd56f7514f6c52fd3a3e5be9462e2786d834e4e157b1404a6609d9a80641f8d8ac05cab4ef7b04d151dac367e6814b63a6,JE205904,,04/12/2021 03:45:00 PM,30,TRAFFIC SIGNAL,FUNCTIONING PROPERLY,CLEAR,DAYLIGHT,TURNING,DIVIDED - W/MEDIAN (NOT RAISED),,STRAIGHT AND LEVEL,DRY,NO DEFECTS,ON SCENE,NO INJURY / DRIVE AWAY,Y,,,"OVER $1,500",04/12/2021 03:48:00 PM,NOT APPLICABLE,NOT APPLICABLE,2800,N,KOSTNER AVE,2523.0,,,,,,,2,NO INDICATION OF INJURY,0.0,0.0,0.0,0.0,0.0,3.0,0.0,15,2,4,41.9317547843,-87.7369598236,POINT (-87.736959823602 41.931754784266)
1e35c040ec2e5cd523b4bb392471bb6edbb305b8d15e0d9f2bbeda3e17738dfabf5a9c81497704a70e145e74523394aafc8ba6bfc88962a6180baa593d199725,JA390980,,08/14/2017 04:30:00 PM,25,TRAFFIC SIGNAL,FUNCTIONING IMPROPERLY,CLEAR,DAYLIGHT,REAR END,DIVIDED - W/MEDIAN (NOT RAISED),2.0,STRAIGHT AND LEVEL,DRY,NO DEFECTS,NOT ON SCENE (DESK REPORT),NO INJURY / DRIVE AWAY,,,,"$501 - $1,500",08/14/2017 05:01:00 PM,UNABLE TO DETERMINE,UNABLE TO DETERMINE,4030,W,47TH ST,815.0,,,,,,,2,NO INDICATION OF INJURY,0.0,0.0,0.0,0.0,0.0,5.0,0.0,16,2,8,41.8079644293,-87.7247474324,POINT (-87.724747432405 41.807964429274)
54439a2a86dbfa8638d4106aa42ebe3f2af8c52fb437b57661357efae2fe75d2f6f1e4df4cf222a600c407f1d3c91aed226f714014f630e155e50d6822e6827f,JA542701,,12/09/2017 06:00:00 AM,20,NO CONTROLS,NO CONTROLS,SNOW,DAYLIGHT,PARKED MOTOR VEHICLE,ONE-WAY,,STRAIGHT AND LEVEL,SNOW OR SLUSH,NO DEFECTS,NOT ON SCENE (DESK REPORT),NO INJURY / DRIVE AWAY,,,Y,"OVER $1,500",12/09/2017 11:34:00 AM,UNABLE TO DETERMINE,NOT APPLICABLE,3859,W,GRENSHAW ST,1133.0,,,,,,,2,NO INDICATION OF INJURY,0.0,0.0,0.0,0.0,0.0,1.0,0.0,6,7,12,41.8670025118,-87.7224777168,POINT (-87.722477716775 41.867002511793)
a70a00297a5cb6ae2f814981725f4e773d6c136d5be43e1d16ff393f9520fbb8c431cabfca9e0ca868b3d50251cb78582007438c104ef82a36cb4a1e2efd99b6,JB368935,,07/23/2018 07:30:00 AM,30,NO CONTROLS,NO CONTROLS,UNKNOWN,DAYLIGHT,PARKED MOTOR VEHICLE,ONE-WAY,,STRAIGHT AND LEVEL,UNKNOWN,UNKNOWN,NOT ON SCENE (DESK REPORT),NO INJURY / DRIVE AWAY,,,Y,"OVER $1,500",07/28/2018 12:30:00 PM,UNABLE TO DETERMINE,UNABLE TO DETERMINE,3211,W,POTOMAC AVE,1422.0,,,,,,,2,NO INDICATION OF INJURY,0.0,0.0,0.0,0.0,0.0,1.0,0.0,7,2,7,41.9045503973,-87.7073474916,POINT (-87.707347491552 41.90455039732)
2f2824f300dd5e71ba8e378daa244df6e7975c2937f4624e0a2f6754c621351d2842e8e38c23aeed2c74b349fb4bbd4484ce17af6476b0a0847dac6450477110,JA454858,,10/02/2017 07:00:00 AM,25,NO CONTROLS,NO CONTROLS,CLEAR,DAYLIGHT,PEDESTRIAN,NOT DIVIDED,4.0,STRAIGHT AND LEVEL,SNOW OR SLUSH,UNKNOWN,NOT ON SCENE (DESK REPORT),INJURY AND / OR TOW DUE TO CRASH,,,,$500 OR LESS,10/02/2017 08:00:00 AM,UNABLE TO DETERMINE,NOT APPLICABLE,2520,S,ARCHER AVE,913.0,,,,,,,2,NONINCAPACITATING INJURY,1.0,0.0,0.0,1.0,0.0,1.0,0.0,7,2,10,41.8468086314,-87.6475907486,POINT (-87.647590748591 41.846808631424)