CRASH_RECORD_ID,RD_NO,CRASH_DATE_EST_I,CRASH_DATE,POSTED_SPEED_LIMIT,TRAFFIC_CONTROL_DEVICE,DEVICE_CONDITION,WEATHER_CONDITION,LIGHTING_CONDITION,FIRST_CRASH_TYPE,TRAFFICWAY_TYPE,LANE_CNT,ALIGNMENT,ROADWAY_SURFACE_COND,ROAD_DEFECT,REPORT_TYPE,CRASH_TYPE,INTERSECTION_RELATED_I,NOT_RIGHT_OF_WAY_I,HIT_AND_RUN_I,DAMAGE,DATE_POLICE_NOTIFIED,PRIM_CONTRIBUTORY_CAUSE,SEC_CONTRIBUTORY_CAUSE,STREET_NO,STREET_DIRECTION,STREET_NAME,BEAT_OF_OCCURRENCE,PHOTOS_TAKEN_I,STATEMENTS_TAKEN_I,DOORING_I,WORK_ZONE_I,WORK_ZONE_TYPE,WORKERS_PRESENT_I,NUM_UNITS,MOST_SEVERE_INJURY,INJURIES_TOTAL,INJURIES_FATAL,INJURIES_INCAPACITATING,INJURIES_NON_INCAPACITATING,INJURIES_REPORTED_NOT_EVIDENT,INJURIES_NO_INDICATION,INJURIES_UNKNOWN,CRASH_HOUR,CRASH_DAY_OF_WEEK,CRASH_MONTH,LATITUDE,LONGITUDE,LOCATION
650d13edd9cd9afb545512d2f402b41002c3dc7037a0d80a8d55a67715cceae44f79047d883259cad4961768b30485f8a8651bdc4f662f00a374f7b6da98ab2d,JB219339,,04/11/2018 09:15:00 AM,30,TRAFFIC SIGNAL,NOT FUNCTIONING,CLEAR,DAYLIGHT,REAR END,NOT DIVIDED,,STRAIGHT AND LEVEL,DRY,NO DEFECTS,ON SCENE,INJURY AND / OR TOW DUE TO CRASH,Y,,N,"OVER $1,500",04/11/2018 09:15:00 AM,FAILING TO REDUCE SPEED TO AVOID CRASH,NOT APPLICABLE,9500,S,STONY ISLAND AVE,511.0,,,,,,,2,"REPORTED, NOT EVIDENT",2.0,0.0,0.0,0.0,2.0,1.0,0.0,9,4,4,41.722257273,-87.5852755651,POINT (-87.585275565077 41.722257273006)
9bf30d34286addb8063e74685e19937770f80316991ca96184acd6a8d25de78aabdf70bc1d2889cd8bc2a9b8b41cd07199a36cb19566cd0db7c0c598562456b0,JG450073,,10/04/2023 07:03:00 AM,30,STOP SIGN/FLASHER,UNKNOWN,CLEAR,DAYLIGHT,PEDESTRIAN,T-INTERSECTION,,STRAIGHT AND LEVEL,DRY,NO DEFECTS,,INJURY AND / OR TOW DUE TO CRASH,,,Y,$500 OR LESS,10/04/2023 07:33:00 AM,DISREGARDING STOP SIGN,FAILING TO YIELD RIGHT-OF-WAY,3700,W,CONGRESS PKWY,1133.0,,,,,,,2,NONINCAPACITATING INJURY,1.0,0.0,0.0,1.0,0.0,1.0,0.0,7,4,10,41.874594835,-87.7181362872,POINT (-87.71813628716 41.874594835016)
acdb5c973fe7853b55a591833dbaeade0e1f4131b45961ef743d85b32172e9348127d80000168258a0bee8432b231063e6d61d83b6e6578ac2a47c7b07ca5e27,JE342767,,08/19/2021 02:50:00 PM,30,STOP SIGN/FLASHER,FUNCTIONING PROPERLY,CLEAR,DAYLIGHT,ANGLE,NOT DIVIDED,,STRAIGHT AND LEVEL,DRY,NO DEFECTS,ON SCENE,INJURY AND / OR TOW DUE TO CRASH,Y,,,"OVER $1,500",08/19/2021 02:54:00 PM,FAILING TO YIELD RIGHT-OF-WAY,NOT APPLICABLE,4031,W,63RD ST,813.0,,Y,,,,,2,"REPORTED, NOT EVIDENT",1.0,0.0,0.0,0.0,1.0,1.0,0.0,14,5,8,41.7785316306,-87.7239203013,POINT (-87.723920301301 41.778531630628)
b2e458ba640eb9f37e39b54ea285db48548e1e1c678319b4ed2e9d635f9d0ce2487bebc14e1353bcc8c98f1f83fb36abd806f30c9735bcc57d574c88f52349b3,JF133588,,02/04/2022 12:35:00 PM,30,STOP SIGN/FLASHER,NO CONTROLS,SNOW,DAYLIGHT,PARKED MOTOR VEHICLE,ONE-WAY,,STRAIGHT AND LEVEL,SNOW OR SLUSH,UNKNOWN,ON SCENE,NO INJURY / DRIVE AWAY,,,,"$501 - $1,500",02/04/2022 12:36:00 PM,WEATHER,UNABLE TO DETERMINE,737,E,50TH ST,223.0,,Y,,,,,2,NO INDICATION OF INJURY,0.0,0.0,0.0,0.0,0.0,1.0,0.0,12,6,2,41.8039537743,-87.6073445343,POINT (-87.607344534285 41.803953774275)
6e8f3e3e88bb232623441340228189d50327f1b373f6d9acbedf0d12ce1fe65663c8831332ae3b325674ad702ac60c946a0620f259d6eb9b06a45a03557408aa,JC384319,,08/06/2019 05:20:00 PM,30,TRAFFIC SIGNAL,FUNCTIONING PROPERLY,CLEAR,DAYLIGHT,PEDALCYCLIST,DIVIDED - W/MEDIAN (NOT RAISED),,STRAIGHT AND LEVEL,DRY,NO DEFECTS,NOT ON SCENE (DESK REPORT),INJURY AND / OR TOW DUE TO CRASH,,,Y,$500 OR LESS,08/08/2019 05:25:00 PM,IMPROPER LANE USAGE,NOT APPLICABLE,2779,N,DAMEN AVE,1931.0,,,,,,,2,INCAPACITATING INJURY,1.0,0.0,1.0,0.0,0.0,1.0,0.0,17,3,8,41.9318467528,-87.6779878625,POINT (-87.677987862503 41.931846752777)
1afe9b275ff533f562c6b9405fb4aa3f958246d8a6f92a6b736a8767789e8296891e9fd8aaacd2be0aafa383c640fe824b7770d1a623cc057a00d6699f2f1aea,HZ420209,,09/03/2016 10:45:00 PM,30,NO CONTROLS,NO CONTROLS,CLEAR,"DARKNESS, LIGHTED ROAD",SIDESWIPE SAME DIRECTION,DIVIDED - W/MEDIAN (NOT RAISED),4.0,STRAIGHT AND LEVEL,DRY,NO DEFECTS,NOT ON SCENE (DESK REPORT),NO INJURY / DRIVE AWAY,,,,"$501 - $1,500",09/04/2016 01:25:00 PM,UNABLE TO DETERMINE,NOT APPLICABLE,1228,W,DIVISION ST,1433.0,,,,,,,2,NO INDICATION OF INJURY,0.0,0.0,0.0,0.0,0.0,2.0,0.0,22,7,9,41.9036073779,-87.6583139395,POINT (-87.658313939486 41.903607377943)
4e3ad634213f9cd55dbbb4df8d2b3400f8345d58d5db093bd33c358838309ea451c1993d06009cbe7cfbb320b2aa14455d74538f2ecada7137fcefe620c44da6,JE433927,,11/04/2021 03:50:00 PM,30,TRAFFIC SIGNAL,FUNCTIONING PROPERLY,CLEAR,DAYLIGHT,TURNING,CENTER TURN LANE,,STRAIGHT AND LEVEL,DRY,NO DEFECTS,ON SCENE,NO INJURY / DRIVE AWAY,,,,"OVER $1,500",11/04/2021 03:51:00 PM,IMPROPER TURNING/NO SIGNAL,NOT APPLICABLE,3320,W,FULLERTON AVE,1413.0,,,,,,,2,NO INDICATION OF INJURY,0.0,0.0,0.0,0.0,0.0,6.0,0.0,15,5,11,41.9247774193,-87.7116935355,POINT (-87.71169353548 41.924777419322)
dbb693c51f1133f82ae6a7fc55d44a6cfc656352483a61aed7e3975300cdc926963673e83c04d08241c254cb5171a3be017868549a83a2afb0afb93f44ba7b14,JD474987,,12/31/2020 09:00:00 PM,30,NO CONTROLS,UNKNOWN,UNKNOWN,DARKNESS,SIDESWIPE SAME DIRECTION,NOT DIVIDED,,STRAIGHT AND LEVEL,UNKNOWN,UNKNOWN,NOT ON SCENE (DESK REPORT),NO INJURY / DRIVE AWAY,,,,"$501 - $1,500",12/31/2020 10:50:00 PM,IMPROPER OVERTAKING/PASSING,NOT APPLICABLE,3642,W,87TH ST,834.0,,,,,,,2,NO INDICATION OF INJURY,0.0,0.0,0.0,0.0,0.0,2.0,0.0,21,5,12,41.7351029501,-87.713727751,POINT (-87.713727750975 41.735102950079)
b12416e7e5897ba661790734ce1fd500b27f5ff541c3d1579c39d6761bf1e803561da7ff8c3fff0bb634a5e620669338ccfe35bb219145e36885caf1c5e13322,JB375089,,08/01/2018 08:30:00 PM,40,NO CONTROLS,NO CONTROLS,CLEAR,DAYLIGHT,REAR END,DIVIDED - W/MEDIAN BARRIER,8.0,STRAIGHT AND LEVEL,DRY,NO DEFECTS,ON SCENE,INJURY AND / OR TOW DUE TO CRASH,,,,"OVER $1,500",08/01/2018 08:32:00 PM,FOLLOWING TOO CLOSELY,UNABLE TO DETERMINE,601,N,LAKE SHORE DR NB,1834.0,,,,,,,2,"REPORTED, NOT EVIDENT",3.0,0.0,0.0,0.0,3.0,4.0,0.0,20,4,8,41.8927051473,-87.6138309343,POINT (-87.613830934311 41.892705147328)
fd03b70198a31701682cb4d08bf5fb9956ad1650ba5bc03ae1f560ee6fbd16a74137fe58f2ee313004c9d379459f9d282e45f4a9747f61749c49890e7237ec0a,JD376651,,09/23/2020 07:30:00 AM,30,NO CONTROLS,NO CONTROLS,CLEAR,DAYLIGHT,TURNING,DIVIDED - W/MEDIAN (NOT RAISED),,STRAIGHT AND LEVEL,DRY,NO DEFECTS,,NO INJURY / DRIVE AWAY,,,,"OVER $1,500",09/23/2020 01:43:00 PM,FAILING TO YIELD RIGHT-OF-WAY,DRIVING SKILLS/KNOWLEDGE/EXPERIENCE,4700,S,CICERO AVE,814.0,,,,,,,2,NO INDICATION OF INJURY,0.0,0.0,0.0,0.0,0.0,2.0,0.0,7,4,9,41.8075303729,-87.7432968212,POINT (-87.743296821242 41.807530372894)
c90e503c15746b5973c09492a04942fe19af6b3b4781e1244b7583527a8f925c329d157f7593ad2632cd6e36c3e33773ffb20e13c0b7be5f2138ce1324d67844,JD438345,,11/22/2020 01:02:00 AM,30,STOP SIGN/FLASHER,FUNCTIONING PROPERLY,CLEAR,"DARKNESS, LIGHTED ROAD",ANGLE,NOT DIVIDED,,STRAIGHT AND LEVEL,DRY,NO DEFECTS,ON SCENE,INJURY AND / OR TOW DUE TO CRASH,Y,,,"OVER $1,500",11/22/2020 01:02:00 AM,FAILING TO YIELD RIGHT-OF-WAY,NOT APPLICABLE,301,N,AUSTIN BLVD,1512.0,,,,,,,2,NONINCAPACITATING INJURY,1.0,0.0,0.0,1.0,0.0,2.0,0.0,1,1,11,41.8856536682,-87.774688353,POINT (-87.774688353019 41.885653668244)
f13e632bcd2b5304a1d29d0eab6a1e7f009b906a166f6de61f2102db2d498fed923759e63ce56ab33c4eef7950571149e5a5636d0a5dcd1dee410890d5040b49,JF483525,,11/22/2022 07:05:00 AM,30,TRAFFIC SIGNAL,FUNCTIONING PROPERLY,CLEAR,DAYLIGHT,REAR END,NOT DIVIDED,,STRAIGHT AND LEVEL,DRY,NO DEFECTS,NOT ON SCENE (DESK REPORT),NO INJURY / DRIVE AWAY,,,,"$501 - $1,500",11/22/2022 07:20:00 AM,UNABLE TO DETERMINE,UNABLE TO DETERMINE,2500,S,PULASKI RD,1013.0,,,,,,,2,NO INDICATION OF INJURY,0.0,0.0,0.0,0.0,0.0,2.0,0.0,7,3,11,41.846037569,-87.7247613705,POINT (-87.724761370522 41.846037568964)
9cc8940be03b32c04181fec37e60f2de63cefbfb307296c5185d17d261a7ccfaa2275c1a85f11ca68fefcdcf54a230b2d0d2d389bd03434cfe3ca7f742d1e0e7,JE163899,,03/09/2021 02:15:00 PM,30,NO CONTROLS,NO CONTROLS,CLEAR,DAYLIGHT,TURNING,NOT DIVIDED,,STRAIGHT AND LEVEL,DRY,NO DEFECTS,NOT ON SCENE (DESK REPORT),NO INJURY / DRIVE AWAY,,,Y,"OVER $1,500",03/09/2021 03:00:00 PM,FAILING TO YIELD RIGHT-OF-WAY,FAILING TO YIELD RIGHT-OF-WAY,2554,E,95TH ST,423.0,,,,,,,2,NO INDICATION OF INJURY,0.0,0.0,0.0,0.0,0.0,2.0,0.0,14,3,3,41.7227477589,-87.5613536842,POINT (-87.56135368424 41.722747758897)
4778883413e3b450e98b0cbbf2b64d7aec35b6922f9e82131a1025c734c9d1fbab8211baa2e77bb46821e0c63fc61ebcee57f82369c61e4ee6e3701d9c88bef2,JF154100,,02/23/2022 08:55:00 PM,30,NO CONTROLS,NO CONTROLS,SNOW,"DARKNESS, LIGHTED ROAD",OTHER OBJECT,DIVIDED - W/MEDIAN (NOT RAISED),,STRAIGHT AND LEVEL,WET,UNKNOWN,ON SCENE,INJURY AND / OR TOW DUE TO CRASH,,,,"OVER $1,500",02/23/2022 08:59:00 PM,UNABLE TO DETERMINE,NOT APPLICABLE,4808,W,55TH ST,814.0,,,,,,,1,NO INDICATION OF INJURY,0.0,0.0,0.0,0.0,0.0,1.0,0.0,20,4,2,41.7931272163,-87.7432293575,POINT (-87.7432293575 41.793127216337)
77ec974e14bcb53647be5173cacc4e7fac34929d0ec29c4d25ecd83333897eb896d86c279ce7120e14db2cd596b3439974a66b297390c4bf4a6a7405bfc2fa3c,JB179248,,03/09/2018 09:00:00 AM,30,NO CONTROLS,NO CONTROLS,CLEAR,DAYLIGHT,PEDESTRIAN,NOT DIVIDED,,STRAIGHT AND LEVEL,DRY,NO DEFECTS,ON SCENE,INJURY AND / OR TOW DUE TO CRASH,,,,$500 OR LESS,03/09/2018 10:20:00 AM,UNABLE TO DETERMINE,NOT APPLICABLE,1750,W,HARRISON ST,1231.0,,,,,,,2,NONINCAPACITATING INJURY,1.0,0.0,0.0,1.0,0.0,1.0,0.0,9,6,3,41.8742368452,-87.6710960791,POINT (-87.671096079111 41.874236845206)
6fbf2347d884921794da364ef036a498d6e3e490c78ecce925e6804b4ebe53d3038562adc8ff2b59794430a75fbf3aa04cb88874270dea048076c890008c16d9,JD320968,,08/04/2020 07:00:00 PM,15,NO CONTROLS,NO CONTROLS,CLEAR,DAYLIGHT,PARKED MOTOR VEHICLE,DIVIDED - W/MEDIAN (NOT RAISED),,STRAIGHT AND LEVEL,DRY,NO DEFECTS,ON SCENE,INJURY AND / OR TOW DUE TO CRASH,,,,"OVER $1,500",08/04/2020 07:02:00 PM,"EVASIVE ACTION DUE TO ANIMAL, OBJECT, NONMOTORIST",NOT APPLICABLE,4921,S,ST LAWRENCE AVE,223.0,,,,,,,4,NO INDICATION OF INJURY,0.0,0.0,0.0,0.0,0.0,1.0,0.0,19,3,8,41.8051682646,-87.6112096236,POINT (-87.611209623597 41.805168264555)
5aaf07e585f623c1ad8d4f5e2853742662b72bd4ce1dce9122f3e53463dcc4a8d73e6fe7e2e3d81ee63f9637e2225bcb7d42881c710adb012e3353a5664ac395,JF413258,,09/27/2022 08:50:00 PM,30,UNKNOWN,UNKNOWN,CLEAR,"DARKNESS, LIGHTED ROAD",SIDESWIPE SAME DIRECTION,NOT DIVIDED,,STRAIGHT AND LEVEL,DRY,NO DEFECTS,ON SCENE,INJURY AND / OR TOW DUE TO CRASH,,,,"OVER $1,500",09/27/2022 10:50:00 PM,IMPROPER OVERTAKING/PASSING,NOT APPLICABLE,6038,S,KEDZIE AVE,823.0,,,,,,,3,NO INDICATION OF INJURY,0.0,0.0,0.0,0.0,0.0,3.0,0.0,20,3,9,41.7832608768,-87.7034045255,POINT (-87.703404525527 41.783260876786)
f4c08bff3ba8157077cd24fb52657be5e52eaba5a6001f901a0a0d595d2429611aba29c86ff7d2a7942d893da0efc35d7e118a959948b564ed8a4cd3b092e673,JE175984,Y,03/22/2021 09:15:00 AM,30,NO CONTROLS,NO CONTROLS,CLEAR,DAYLIGHT,REAR END,DIVIDED - W/MEDIAN (NOT RAISED),,STRAIGHT AND LEVEL,DRY,NO DEFECTS,NOT ON SCENE (DESK REPORT),NO INJURY / DRIVE AWAY,,,,"OVER $1,500",03/22/2021 09:45:00 AM,FOLLOWING TOO CLOSELY,FOLLOWING TOO CLOSELY,5666,N,RIDGE AVE,2013.0,,,,,,,2,NO INDICATION OF INJURY,0.0,0.0,0.0,0.0,0.0,2.0,0.0,9,2,3,41.9848722744,-87.662338936,POINT (-87.662338936044 41.984872274414)
c29068750eb19ceff98d46c7e744051b4f3cb11980680c42d52072f74c963ebfd95eb6b79f45588bd78c99659ee7b6a6d234a262ad98b712f63b03e77904e92a,HZ503812,,11/05/2016 01:15:00 PM,20,NO CONTROLS,NO CONTROLS,CLEAR,DAYLIGHT,TURNING,PARKING LOT,,STRAIGHT AND LEVEL,DRY,UNKNOWN,NOT ON SCENE (DESK REPORT),NO INJURY / DRIVE AWAY,,,,"OVER $1,500",11/05/2016 04:30:00 PM,DRIVING SKILLS/KNOWLEDGE/EXPERIENCE,NOT APPLICABLE,7333,S,CICERO AVE,833.0,,,,,,,2,NO INDICATION OF INJURY,0.0,0.0,0.0,0.0,0.0,2.0,0.0,13,7,11,41.7596263057,-87.7415794026,POINT (-87.741579402644 41.75962630571)
30496494a6b87bb8555ad1e37d701e5c5f7a94099335e53c8d31e7426ee7233fac70020f77e5e7edecfb6c87cf8372af3f95b0cb34132a80f75e3b599c180c41,JE218782,,05/03/2021 08:44:00 PM,30,TRAFFIC SIGNAL,UNKNOWN,RAIN,"DARKNESS, LIGHTED ROAD",REAR TO FRONT,DIVIDED - W/MEDIAN (NOT RAISED),,STRAIGHT AND LEVEL,WET,UNKNOWN,ON SCENE,NO INJURY / DRIVE AWAY,,,,$500 OR LESS,05/03/2021 08:45:00 PM,IMPROPER BACKING,NOT APPLICABLE,7199,W,FOSTER AVE,1613.0,,,,,,,2,NO INDICATION OF INJURY,0.0,0.0,0.0,0.0,0.0,2.0,0.0,20,2,5,41.9753846094,-87.8069489832,POINT (-87.806948983161 41.975384609397)
e2f7465128a28da4272f01f420cc3b6da0d8a09c1b75c4a170989271d9fbc154aed2cb6b7cf8308851e444611ec9f40bafaeb893ba981ad1a417bb9f5a7a8fe6,JC185897,Y,03/14/2019 09:00:00 PM,30,NO CONTROLS,NO CONTROLS,OTHER,"DARKNESS, LIGHTED ROAD",SIDESWIPE SAME DIRECTION,DIVIDED - W/MEDIAN BARRIER,,STRAIGHT AND LEVEL,DRY,NO DEFECTS,ON SCENE,NO INJURY / DRIVE AWAY,,,Y,$500 OR LESS,03/14/2019 11:02:00 PM,IMPROPER OVERTAKING/PASSING,UNABLE TO DETERMINE,199,N,LOWER WACKER DR,122.0,,,,,,,2,NO INDICATION OF INJURY,0.0,0.0,0.0,0.0,0.0,4.0,0.0,21,5,3,41.8856962714,-87.6366422278,POINT (-87.636642227753 41.885696271437)
7f0d7652b6c4ad9a819b4320c8504b4e0e3a0cb7213856a7b65e8b73c91ea2361d7ab972953fc7326c286b5081f8694fd73dd1b243773544134d6085f018a8b5,JE184648,,03/30/2021 06:35:00 PM,15,NO CONTROLS,NO CONTROLS,RAIN,DAYLIGHT,PARKED MOTOR VEHICLE,ONE-WAY,,STRAIGHT AND LEVEL,WET,NO DEFECTS,ON SCENE,INJURY AND / OR TOW DUE TO CRASH,,,Y,"OVER $1,500",03/30/2021 06:38:00 PM,UNABLE TO DETERMINE,UNABLE TO DETERMINE,11206,S,CAMPBELL AVE,2212.0,,,,,,,2,NO INDICATION OF INJURY,0.0,0.0,0.0,0.0,0.0,1.0,0.0,18,3,3,41.6895475472,-87.6837269038,POINT (-87.68372690377 41.68954754715)
b46be8890a06c3a922024fd50f295cce617b3dd8f3a75b62eb38b5ff38d6ba1b36d88d0b08f5eaad9cb05325b46579f84fc4f07270bb8cfcf4d7fdbac3481870,JB463772,,10/05/2018 02:15:00 PM,30,NO CONTROLS,NO CONTROLS,CLOUDY/OVERCAST,DAYLIGHT,TURNING,NOT DIVIDED,2.0,STRAIGHT AND LEVEL,DRY,NO DEFECTS,NOT ON SCENE (DESK REPORT),NO INJURY / DRIVE AWAY,,,Y,"OVER $1,500",10/05/2018 03:00:00 PM,UNABLE TO DETERMINE,UNABLE TO DETERMINE,1301,S,HOMAN AVE,1021.0,,,,,,,2,NO INDICATION OF INJURY,0.0,0.0,0.0,0.0,0.0,2.0,0.0,14,6,10,41.864502567,-87.7103433744,POINT (-87.710343374369 41.864502567033)
fbe12168ca9181141efddf223d5aa0e076a231b60aa7a15227514d20e70b769802e5d7e9729ffc4fb61e2e9eca1da9c4b32ebddb625bb40f8e9575c76755abd6,JD148116,,02/11/2020 03:45:00 PM,30,TRAFFIC SIGNAL,FUNCTIONING PROPERLY,CLEAR,DAYLIGHT,REAR END,NOT DIVIDED,,STRAIGHT AND LEVEL,DRY,NO DEFECTS,NOT ON SCENE (DESK REPORT),NO INJURY / DRIVE AWAY,,,,"OVER $1,500",02/11/2020 03:57:00 PM,FOLLOWING TOO CLOSELY,ROAD ENGINEERING/SURFACE/MARKING DEFECTS,11500,S,COTTAGE GROVE AVE,532.0,,,,,,,2,NO INDICATION OF INJURY,0.0,0.0,0.0,0.0,0.0,2.0,0.0,15,3,2,41.6853992105,-87.6112474733,POINT (-87.611247473326 41.685399210486)
3610950b2fef97ada6dfe94a3c3baafc7d3ef81657bedc9dee2e3593cf49cb9d604cf2b6a974cd976a98fc92a394dd59e756d45f1e60ea7c97e1d8109adba8a2,JD465039,,12/21/2020 07:00:00 AM,25,STOP SIGN/FLASHER,FUNCTIONING PROPERLY,CLEAR,DAYLIGHT,ANGLE,FOUR WAY,,STRAIGHT AND LEVEL,DRY,NO DEFECTS,ON SCENE,INJURY AND / OR TOW DUE TO CRASH,Y,,,"OVER $1,500",12/21/2020 07:05:00 AM,DISREGARDING STOP SIGN,NOT APPLICABLE,10500,S,EWING AVE,432.0,,,,,,,2,NO INDICATION OF INJURY,0.0,0.0,0.0,0.0,0.0,2.0,0.0,7,2,12,41.7044728249,-87.5354310059,POINT (-87.535431005906 41.704472824897)
90a6310e6b5ec248f2956267b03ec2b6251df20293de6508e6f406cd71237334210a19b0f69807ffe7fd932ac9b190eff4af2f17aad0e065a3215a87ae87fb52,JC294441,,06/06/2019 08:50:00 AM,30,TRAFFIC SIGNAL,FUNCTIONING PROPERLY,CLEAR,DAYLIGHT,REAR END,NOT DIVIDED,,STRAIGHT AND LEVEL,DRY,NO DEFECTS,NOT ON SCENE (DESK REPORT),NO INJURY / DRIVE AWAY,,,,"$501 - $1,500",06/06/2019 10:43:00 AM,UNABLE TO DETERMINE,NOT APPLICABLE,5549,N,HARLEM AVE,1613.0,,,,,,,2,NO INDICATION OF INJURY,0.0,0.0,0.0,0.0,0.0,2.0,0.0,8,5,6,41.9821875473,-87.8067942034,POINT (-87.806794203442 41.982187547283)
5d34d6e584a358294f6f2c05171ddc659b0d7292166e72d5cbdff7ae8a6f3b6359b7a415179f505e3a808bd8e4012f31b6e8ef54ae878df71fef7223afb8fd74,JE446237,,11/09/2021 10:40:00 AM,30,STOP SIGN/FLASHER,FUNCTIONING PROPERLY,CLEAR,DAYLIGHT,SIDESWIPE SAME DIRECTION,ONE-WAY,,STRAIGHT AND LEVEL,UNKNOWN,UNKNOWN,NOT ON SCENE (DESK REPORT),NO INJURY / DRIVE AWAY,,,Y,"$501 - $1,500",11/15/2021 04:30:00 PM,UNABLE TO DETERMINE,UNABLE TO DETERMINE,2401,S,INDIANA AVE,132.0,,,,,,,2,NO INDICATION OF INJURY,0.0,0.0,0.0,0.0,0.0,2.0,0.0,10,3,11,41.8492657117,-87.6220461406,POINT (-87.62204614062 41.849265711706)
9c453a1fd540c40bc1e6efe9d8b9c16ff9094b307e9f3b1a7b529166ad8ea85e0505712f51eee51e95924ac8fdecd8ca50284f9eb8636ce810a42ec67907b818,JD456946,,12/12/2020 10:30:00 AM,30,NO CONTROLS,NO CONTROLS,RAIN,DAYLIGHT,REAR END,NOT DIVIDED,,STRAIGHT AND LEVEL,WET,NO DEFECTS,NOT ON SCENE (DESK REPORT),NO INJURY / DRIVE AWAY,,,,"OVER $1,500",12/12/2020 10:39:00 AM,FOLLOWING TOO CLOSELY,FAILING TO YIELD RIGHT-OF-WAY,5,S,CICERO AVE,1113.0,,,,,,,2,NO INDICATION OF INJURY,0.0,0.0,0.0,0.0,0.0,2.0,0.0,10,7,12,41.8803124576,-87.7451237536,POINT (-87.745123753564 41.880312457563)
f89a04865e7bf6da03a6058e469cde11004e707b561686e3049780c43451e02bfbed81958cf58a716a7f5a34dff42bf22f2d4e93583d7953533b324306842a3e,JC443365,,09/21/2019 11:20:00 PM,30,NO CONTROLS,NO CONTROLS,RAIN,"DARKNESS, LIGHTED ROAD",PARKED MOTOR VEHICLE,DIVIDED - W/MEDIAN (NOT RAISED),,STRAIGHT AND LEVEL,WET,NO DEFECTS,ON SCENE,INJURY AND / OR TOW DUE TO CRASH,,,,"OVER $1,500",09/21/2019 11:32:00 PM,WEATHER,UNABLE TO DETERMINE,5339,S,LAWNDALE AVE,822.0,,,,,,,3,NO INDICATION OF INJURY,0.0,0.0,0.0,0.0,0.0,1.0,0.0,23,7,9,41.7958218382,-87.7157324786,POINT (-87.715732478556 41.795821838207)
f47f3d56fff5a0e3b9ab77f35b8e56af2b5368eae0e594b82bb58f90632e66e20eb9850d2c1f6bcaeb71d07c18c72e9dce8e3891327cbb32cb4bea1c2c84e362,JG207531,,04/01/2023 06:15:00 PM,30,TRAFFIC SIGNAL,UNKNOWN,CLEAR,DAWN,TURNING,FOUR WAY,,STRAIGHT AND LEVEL,DRY,UNKNOWN,ON SCENE,NO INJURY / DRIVE AWAY,Y,,Y,"$501 - $1,500",04/01/2023 06:17:00 PM,IMPROPER OVERTAKING/PASSING,IMPROPER LANE USAGE,3600,W,LEXINGTON ST,1133.0,,,,,,,2,NO INDICATION OF INJURY,0.0,0.0,0.0,0.0,0.0,3.0,0.0,18,7,4,41.8718492589,-87.7157098286,POINT (-87.715709828623 41.871849258907)
e6662941ddbdc2e30790797adf8ecbfba94b9fba0a7466d39207c7935e25621dca21adf24d4c7fbc660ab89dda5eac040f0f2642346667f4e78006378372866c,JB115858,,01/14/2018 11:15:00 AM,30,NO CONTROLS,NO CONTROLS,CLEAR,DAYLIGHT,REAR END,NOT DIVIDED,2.0,STRAIGHT AND LEVEL,DRY,NO DEFECTS,NOT ON SCENE (DESK REPORT),NO INJURY / DRIVE AWAY,,,,"OVER $1,500",01/14/2018 11:45:00 AM,FOLLOWING TOO CLOSELY,FAILING TO REDUCE SPEED TO AVOID CRASH,498,E,MARQUETTE RD,312.0,,,,,,,2,NO INDICATION OF INJURY,0.0,0.0,0.0,0.0,0.0,2.0,0.0,11,1,1,41.773121202,-87.613108656,POINT (-87.61310865596 41.773121202033)
072fd2f9ef036f8ca8d5f1d5ec9ecb5e504db2c2367dcff429e1a662777f75091cc1463481b4620cfe12738a157c094402c659cfd58ed9d4fe667f2f309eacb5,HZ311367,,06/17/2016 10:50:00 AM,10,NO CONTROLS,NO CONTROLS,CLEAR,DAYLIGHT,ANGLE,PARKING LOT,2.0,STRAIGHT AND LEVEL,DRY,NO DEFECTS,NOT ON SCENE (DESK REPORT),NO INJURY / DRIVE AWAY,,Y,,"$501 - $1,500",06/17/2016 11:40:00 AM,UNABLE TO DETERMINE,UNABLE TO DETERMINE,7900,S,RACINE AVE,612.0,,,,,,,2,NO INDICATION OF INJURY,0.0,0.0,0.0,0.0,0.0,2.0,0.0,10,6,6,41.7504749298,-87.6538833344,POINT (-87.653883334391 41.750474929778)
6169bf5a25f4ae9e8108c1a45cc6270cb2650b372efd3ebb7fd45616411ef38731008c0ba13344448f295c3eba24d87c60eb1847fbc0f927289e49f9630960d8,JG196340,,03/23/2023 03:30:00 PM,30,NO CONTROLS,NO CONTROLS,CLEAR,DAYLIGHT,REAR END,NOT DIVIDED,,STRAIGHT AND LEVEL,DRY,NO DEFECTS,ON SCENE,NO INJURY / DRIVE AWAY,,,Y,"OVER $1,500",03/23/2023 04:30:00 PM,"OPERATING VEHICLE IN ERRATIC, RECKLESS, CARELESS, NEGLIGENT OR AGGRESSIVE MANNER",FOLLOWING TOO CLOSELY,800,E,75TH ST,323.0,,,,,,,2,NO INDICATION OF INJURY,0.0,0.0,0.0,0.0,0.0,2.0,0.0,15,5,3,41.75869138,-87.60533417,POINT (-87.605334170015 41.75869137995)