CRASH_RECORD_ID,RD_NO,CRASH_DATE_EST_I,CRASH_DATE,POSTED_SPEED_LIMIT,TRAFFIC_CONTROL_DEVICE,DEVICE_CONDITION,WEATHER_CONDITION,LIGHTING_CONDITION,FIRST_CRASH_TYPE,TRAFFICWAY_TYPE,LANE_CNT,ALIGNMENT,ROADWAY_SURFACE_COND,ROAD_DEFECT,REPORT_TYPE,CRASH_TYPE,INTERSECTION_RELATED_I,NOT_RIGHT_OF_WAY_I,HIT_AND_RUN_I,DAMAGE,DATE_POLICE_NOTIFIED,PRIM_CONTRIBUTORY_CAUSE,SEC_CONTRIBUTORY_CAUSE,STREET_NO,STREET_DIRECTION,STREET_NAME,BEAT_OF_OCCURRENCE,PHOTOS_TAKEN_I,STATEMENTS_TAKEN_I,DOORING_I,WORK_ZONE_I,WORK_ZONE_TYPE,WORKERS_PRESENT_I,NUM_UNITS,MOST_SEVERE_INJURY,INJURIES_TOTAL,INJURIES_FATAL,INJURIES_INCAPACITATING,INJURIES_NON_INCAPACITATING,INJURIES_REPORTED_NOT_EVIDENT,INJURIES_NO_INDICATION,INJURIES_UNKNOWN,CRASH_HOUR,CRASH_DAY_OF_WEEK,CRASH_MONTH,LATITUDE,LONGITUDE,LOCATION
6b62e1327bac5e95be3e4214b990cec31f5ac6f015ab119ee8356013497561469443db6e450754ec730c6b0d7557a163e0723730fa3cd9bb4313bd23495e85e0,JC466154,,10/09/2019 01:10:00 PM,30,TRAFFIC SIGNAL,FUNCTIONING PROPERLY,CLEAR,DAYLIGHT,REAR END,NOT DIVIDED,,STRAIGHT AND LEVEL,DRY,NO DEFECTS,ON SCENE,INJURY AND / OR TOW DUE TO CRASH,,,,"OVER $1,500",10/09/2019 01:43:00 PM,FOLLOWING TOO CLOSELY,UNABLE TO DETERMINE,3127,S,ARCHER AVE,912.0,,,,,,,3,NO INDICATION OF INJURY,0.0,0.0,0.0,0.0,0.0,3.0,0.0,13,4,10,41.8370834643,-87.666493292,POINT (-87.666493291956 41.837083464303)
7eb26afdb469765ae44340a7cf9a077685b514ef2d56a1413b575efa579242de5551e0a1b46197277fb62c8da6bcf95f800372e1b80e7142d0116c548b70340b,JA253354,,05/06/2017 04:30:00 PM,30,TRAFFIC SIGNAL,FUNCTIONING PROPERLY,CLEAR,DAYLIGHT,REAR END,OTHER,5.0,STRAIGHT AND LEVEL,DRY,NO DEFECTS,NOT ON SCENE (DESK REPORT),NO INJURY / DRIVE AWAY,Y,,,"OVER $1,500",05/06/2017 05:50:00 PM,UNABLE TO DETERMINE,NOT APPLICABLE,340,N,COLUMBUS DR,114.0,,,,,,,2,NO INDICATION OF INJURY,0.0,0.0,0.0,0.0,0.0,2.0,0.0,16,7,5,41.8879100418,-87.6208035606,POINT (-87.620803560575 41.887910041818)
024bb75994ab65b485288f74a26cf2b13f3bddb63592e1949e2bd651df0090dad9599acbdb1a562f3eaa3f26295d2f58f769b3cf7ef15d89c78b2200a20ef1d1,JF465538,,11/07/2022 10:05:00 AM,30,TRAFFIC SIGNAL,FUNCTIONING PROPERLY,CLEAR,DAYLIGHT,TURNING,"FIVE POINT, OR MORE",,STRAIGHT AND LEVEL,DRY,NO DEFECTS,ON SCENE,INJURY AND / OR TOW DUE TO CRASH,Y,,,"OVER $1,500",11/07/2022 10:10:00 AM,DISREGARDING TRAFFIC SIGNALS,NOT APPLICABLE,1732,N,LA SALLE DR,1814.0,N,N,,,,,2,NO INDICATION OF INJURY,0.0,0.0,0.0,0.0,0.0,4.0,0.0,10,2,11,,,
8b5a2f238f3ed8b82c8d761e8d64a47fad46d292189a8987a8541d26ccf12e431031efa729db41e9b0a0d92afabff4238d10d378770678660b62d578bb0c57cb,JE467890,,12/06/2021 12:20:00 PM,30,NO CONTROLS,NO CONTROLS,CLEAR,DAYLIGHT,TURNING,NOT DIVIDED,,STRAIGHT AND LEVEL,DRY,NO DEFECTS,NOT ON SCENE (DESK REPORT),NO INJURY / DRIVE AWAY,Y,,,"OVER $1,500",12/06/2021 12:47:00 PM,FAILING TO YIELD RIGHT-OF-WAY,FAILING TO YIELD RIGHT-OF-WAY,6300,S,PULASKI RD,813.0,,,,,,,2,NO INDICATION OF INJURY,0.0,0.0,0.0,0.0,0.0,2.0,0.0,12,2,12,41.7786364688,-87.7229063557,POINT (-87.722906355685 41.778636468781)
7af9f61217878c85932850b98ad9d233c8fa9fdd2f0c47716f90cb5dfba86fcfcc9038ab8be9af0fe9811760c2f69ae39162115aa035d3a293b1b214e78e3aaa,JG195195,,03/22/2023 08:30:00 AM,30,UNKNOWN,UNKNOWN,UNKNOWN,UNKNOWN,PARKED MOTOR VEHICLE,NOT DIVIDED,,STRAIGHT AND LEVEL,UNKNOWN,UNKNOWN,NOT ON SCENE (DESK REPORT),NO INJURY / DRIVE AWAY,,,,"OVER $1,500",03/22/2023 05:30:00 PM,UNABLE TO DETERMINE,UNABLE TO DETERMINE,200,W,DIVISION ST,1821.0,,,,,,,2,NO INDICATION OF INJURY,0.0,0.0,0.0,0.0,0.0,1.0,0.0,8,4,3,41.9039624962,-87.6345551206,POINT (-87.634555120597 41.90396249623)
732b9f7c819200e946437e901a4644fdfc639690daf3286e404835aa04a68e105a9675c344e02a08a482ea9d531917accdcc82ae6c00453c96a82eb489dbc690,JB469948,,10/10/2018 11:15:00 AM,30,NO CONTROLS,NO CONTROLS,CLOUDY/OVERCAST,DAYLIGHT,SIDESWIPE SAME DIRECTION,DIVIDED - W/MEDIAN (NOT RAISED),2.0,STRAIGHT AND LEVEL,WET,NO DEFECTS,ON SCENE,NO INJURY / DRIVE AWAY,,,,"$501 - $1,500",10/10/2018 11:32:00 AM,UNABLE TO DETERMINE,UNABLE TO DETERMINE,4908,W,ADDISON ST,1634.0,,,,,,,2,NO INDICATION OF INJURY,0.0,0.0,0.0,0.0,0.0,2.0,0.0,11,4,10,41.9461956953,-87.750066651,POINT (-87.750066650981 41.946195695315)
48dd3a47200632d0ef46366ba8fe47fbc2eabeae1716b0f6f3a2ae289bf2cda3a9cc0a892bc6b09c61637b0203fbed1f26a2cdf6fdce9c6c113d8eeaf1ef9d22,JC206848,,03/31/2019 05:53:00 PM,30,NO CONTROLS,NO CONTROLS,CLEAR,DAYLIGHT,REAR END,DIVIDED - W/MEDIAN (NOT RAISED),,STRAIGHT AND LEVEL,DRY,NO DEFECTS,,INJURY AND / OR TOW DUE TO CRASH,,,,$500 OR LESS,03/31/2019 06:19:00 PM,FOLLOWING TOO CLOSELY,FAILING TO REDUCE SPEED TO AVOID CRASH,50,S,LAKE SHORE DR NB,114.0,,,,,,,3,"REPORTED, NOT EVIDENT",1.0,0.0,0.0,0.0,1.0,2.0,0.0,17,1,3,41.8813145641,-87.6176292132,POINT (-87.617629213183 41.881314564097)
84fc70f85b4d21d12a9d7e54d3977b712cb6223e25bd3fb580e868775757e73d2d6b77fc9092d387e96222ecb0f2618491febecf0e2e5978a104ef4de746c252,JC316598,,06/22/2019 02:05:00 AM,30,NO CONTROLS,NO CONTROLS,CLEAR,"DARKNESS, LIGHTED ROAD",PARKED MOTOR VEHICLE,NOT DIVIDED,,STRAIGHT AND LEVEL,DRY,NO DEFECTS,ON SCENE,INJURY AND / OR TOW DUE TO CRASH,,,,"OVER $1,500",06/22/2019 02:10:00 AM,UNABLE TO DETERMINE,UNABLE TO DETERMINE,6402,S,KEDZIE AVE,823.0,,,,,,,5,"REPORTED, NOT EVIDENT",3.0,0.0,0.0,0.0,3.0,0.0,0.0,2,7,6,41.7770275853,-87.7032387755,POINT (-87.703238775549 41.777027585297)
75dc0df6a6ab42d2acf2e69c2219d9343aaf7246a3f92f8f0f2592d7662a19d8e82c7c3f8f57850f33713a6d7dc0d12b083747a4fc547f5693030987186d0acb,JB514688,,11/13/2018 05:00:00 PM,30,NO CONTROLS,NO CONTROLS,CLEAR,DAYLIGHT,HEAD ON,NOT DIVIDED,2.0,STRAIGHT AND LEVEL,DRY,NO DEFECTS,NOT ON SCENE (DESK REPORT),NO INJURY / DRIVE AWAY,,,,"OVER $1,500",11/13/2018 05:15:00 PM,IMPROPER BACKING,DRIVING SKILLS/KNOWLEDGE/EXPERIENCE,6100,W,63RD ST,812.0,,,,,,,2,NO INDICATION OF INJURY,0.0,0.0,0.0,0.0,0.0,2.0,0.0,17,3,11,41.7779249834,-87.7740019987,POINT (-87.774001998724 41.777924983384)
da1430615c368a30e4ad1711bc2b3cf063e9d96a8402d4fec299a9891a754810f3a30e583ade73436c3c25f1111a5b2f2063a5ffe40fe7f8f494f0a41616aeff,JE369618,Y,09/10/2021 11:00:00 PM,25,NO CONTROLS,NO CONTROLS,CLEAR,UNKNOWN,PARKED MOTOR VEHICLE,NOT DIVIDED,,STRAIGHT AND LEVEL,DRY,NO DEFECTS,NOT ON SCENE (DESK REPORT),NO INJURY / DRIVE AWAY,,,Y,"OVER $1,500",09/11/2021 12:32:00 PM,UNABLE TO DETERMINE,UNABLE TO DETERMINE,7248,W,BELMONT AVE,1631.0,,,,,,,2,NO INDICATION OF INJURY,0.0,0.0,0.0,0.0,0.0,1.0,0.0,23,6,9,41.9380988543,-87.8086933736,POINT (-87.808693373615 41.938098854347)
eb7bb3e8752d8c58df977c15dde06e8417af03fe47c250ff908eeeb4343b62cea5345fbea7234418747bbc9da1ee1689c7f684336533191abcf470ec86505bd9,JE218847,,05/03/2021 08:15:00 PM,30,TRAFFIC SIGNAL,FUNCTIONING PROPERLY,RAIN,"DARKNESS, LIGHTED ROAD",REAR END,DIVIDED - W/MEDIAN (NOT RAISED),,STRAIGHT AND LEVEL,WET,NO DEFECTS,NOT ON SCENE (DESK REPORT),NO INJURY / DRIVE AWAY,Y,,,"OVER $1,500",05/03/2021 10:25:00 PM,"OPERATING VEHICLE IN ERRATIC, RECKLESS, CARELESS, NEGLIGENT OR AGGRESSIVE MANNER",UNABLE TO DETERMINE,9900,S,MICHIGAN AVE,511.0,,,,,,,2,NO INDICATION OF INJURY,0.0,0.0,0.0,0.0,0.0,2.0,0.0,20,2,5,41.7146496793,-87.6205480055,POINT (-87.620548005498 41.714649679334)
f375c449a1637c5b08c3aa3e8441aada3ec6bf0782871909f065d2a86d60b165f46ecd08f1d597267f86701900c699e27e80a8b8feba127c76c930d70a72c3a2,JF278193,,06/11/2022 10:30:00 AM,25,NO CONTROLS,NO CONTROLS,UNKNOWN,DAYLIGHT,FIXED OBJECT,ONE-WAY,,STRAIGHT AND LEVEL,DRY,NO DEFECTS,NOT ON SCENE (DESK REPORT),NO INJURY / DRIVE AWAY,,,,"OVER $1,500",06/13/2022 03:30:00 PM,UNABLE TO DETERMINE,NOT APPLICABLE,5500,S,WOOD ST,715.0,,,,,,,1,NO INDICATION OF INJURY,0.0,0.0,0.0,0.0,0.0,1.0,0.0,10,7,6,41.7935293606,-87.6695788388,POINT (-87.669578838829 41.793529360561)
cea9c6c815529ca6c044f5b8d980bb89f84e8bdd7bcce5ad3a22ae854944ee804d00a051a32839a0282f7e705dccc6c8a96628ec22ce40dbcdd19a293f719fe7,JB245531,,04/24/2018 10:00:00 AM,30,NO CONTROLS,NO CONTROLS,CLEAR,DAYLIGHT,PARKED MOTOR VEHICLE,NOT DIVIDED,1.0,STRAIGHT AND LEVEL,DRY,NO DEFECTS,NOT ON SCENE (DESK REPORT),NO INJURY / DRIVE AWAY,,,,"$501 - $1,500",05/01/2018 03:45:00 PM,IMPROPER OVERTAKING/PASSING,FAILING TO REDUCE SPEED TO AVOID CRASH,2135,N,NAGLE AVE,2512.0,Y,,,,,,2,NO INDICATION OF INJURY,0.0,0.0,0.0,0.0,0.0,1.0,0.0,10,3,4,41.9192663998,-87.7863868531,POINT (-87.786386853101 41.919266399816)
afdaa8d16c297647bef1c9f4140786e4af8903a2d7d88a6a714ed2fe8151e02066087d655b0d1b5c1bdff07fbd6f05092e30853ba618ed6ed6e12fb492cbd6e7,JA327484,,06/29/2017 12:22:00 PM,15,NO CONTROLS,NO CONTROLS,UNKNOWN,DARKNESS,PARKED MOTOR VEHICLE,PARKING LOT,0.0,STRAIGHT AND LEVEL,UNKNOWN,UNKNOWN,NOT ON SCENE (DESK REPORT),NO INJURY / DRIVE AWAY,,Y,,"OVER $1,500",06/29/2017 01:35:00 PM,IMPROPER BACKING,UNABLE TO DETERMINE,1754,N,CENTRAL AVE,2531.0,,,,,,,2,NO INDICATION OF INJURY,0.0,0.0,0.0,0.0,0.0,2.0,0.0,12,5,6,41.9128451481,-87.7657826805,POINT (-87.765782680534 41.912845148082)
08f49c54f486e500cf35fe843c149c7a5c9d7c9a55badd16ad441d73cc88b5a3cd2c2984c15edadbe78f69b3c8ed76798d7ce358ea4104425dc7caad8795e464,HZ301851,,06/10/2016 05:21:00 PM,40,NO CONTROLS,NO CONTROLS,CLEAR,DAYLIGHT,SIDESWIPE SAME DIRECTION,DIVIDED - W/MEDIAN BARRIER,8.0,STRAIGHT ON GRADE,DRY,NO DEFECTS,NOT ON SCENE (DESK REPORT),NO INJURY / DRIVE AWAY,,,,"$501 - $1,500",06/10/2016 06:11:00 PM,IMPROPER LANE USAGE,FAILING TO YIELD RIGHT-OF-WAY,799,N,LAKE SHORE DR NB,1833.0,,,,,,,2,NO INDICATION OF INJURY,0.0,0.0,0.0,0.0,0.0,3.0,0.0,17,6,6,41.8968266063,-87.6165040388,POINT (-87.616504038799 41.896826606292)
c608fdc13bb68b2a8236e5dd7fa6f0f6228e6062b4d9b24e3c4b28836ee174e277414693733bac714dfb991f27761fca4c52d1bb57f0b77c512e025b9b570658,JC541205,,12/07/2019 12:05:00 AM,30,TRAFFIC SIGNAL,FUNCTIONING PROPERLY,CLEAR,"DARKNESS, LIGHTED ROAD",TURNING,NOT DIVIDED,,STRAIGHT AND LEVEL,DRY,NO DEFECTS,NOT ON SCENE (DESK REPORT),NO INJURY / DRIVE AWAY,Y,,,"OVER $1,500",12/09/2019 11:05:00 PM,IMPROPER TURNING/NO SIGNAL,IMPROPER LANE USAGE,4700,S,KEDZIE AVE,821.0,,,,,,,2,NO INDICATION OF INJURY,0.0,0.0,0.0,0.0,0.0,2.0,0.0,0,7,12,41.8080472717,-87.7041188223,POINT (-87.704118822299 41.80804727165)
fac5d87c60e6e91dfd84a2d256ffe8e525ce6ecc4ae70e2945484e34f2997b098b1c28c1cfe12b36f6bc3fd4d1012f807722694fa9fb06ff7ada8947fe21fddf,JD395707,Y,10/11/2020 03:00:00 AM,20,NO CONTROLS,NO CONTROLS,CLEAR,"DARKNESS, LIGHTED ROAD",PARKED MOTOR VEHICLE,ONE-WAY,,STRAIGHT ON GRADE,DRY,NO DEFECTS,ON SCENE,INJURY AND / OR TOW DUE TO CRASH,,,Y,"OVER $1,500",10/11/2020 08:00:00 AM,"OPERATING VEHICLE IN ERRATIC, RECKLESS, CARELESS, NEGLIGENT OR AGGRESSIVE MANNER",UNABLE TO DETERMINE,9947,S,AVENUE J,432.0,,,,,,,2,NO INDICATION OF INJURY,0.0,0.0,0.0,0.0,0.0,1.0,0.0,3,1,10,41.7145873587,-87.5339233439,POINT (-87.53392334391 41.714587358738)
c0ce4050aa92ee214c68864649285ce82ae73b3b30ec70bb2821317419d5ce0321451e17cf2857533234a9b3f4dd8356f359423fc6bc30a427033dc51583d5b8,JB318088,,06/20/2018 10:00:00 AM,30,TRAFFIC SIGNAL,FUNCTIONING PROPERLY,CLEAR,DAYLIGHT,TURNING,NOT DIVIDED,,STRAIGHT AND LEVEL,DRY,NO DEFECTS,NOT ON SCENE (DESK REPORT),NO INJURY / DRIVE AWAY,Y,,,$500 OR LESS,06/22/2018 04:40:00 PM,UNABLE TO DETERMINE,UNABLE TO DETERMINE,499,W,JACKSON BLVD,121.0,,,,,,,2,NO INDICATION OF INJURY,0.0,0.0,0.0,0.0,0.0,2.0,0.0,10,4,6,41.8779358798,-87.6394947011,POINT (-87.639494701062 41.877935879794)
dcb0733c6217cd21fd2bd7a2bd2d425890216869d9d40844636c491b66da26660a7b4856476ff3395b1d77f4543d1e3760732bfd2aafe05323ca32a5478ac1e1,JD235104,,05/17/2020 04:00:00 PM,30,TRAFFIC SIGNAL,FUNCTIONING PROPERLY,RAIN,DAYLIGHT,REAR END,T-INTERSECTION,,STRAIGHT AND LEVEL,WET,UNKNOWN,ON SCENE,INJURY AND / OR TOW DUE TO CRASH,Y,,,"OVER $1,500",05/17/2020 04:01:00 PM,UNABLE TO DETERMINE,FOLLOWING TOO CLOSELY,11858,S,MARSHFIELD AVE,2234.0,,,,,,,2,NO INDICATION OF INJURY,0.0,0.0,0.0,0.0,0.0,2.0,0.0,16,1,5,41.6776031411,-87.6626183739,POINT (-87.66261837386 41.677603141088)
5355cdd492cbc3d58ba3e5986157ada94496d5145e2751d9de397fe29813f4194195c658534b82e1be6af2fffaa8a47f4c2ee22cfd67577b9d9b8c75af296283,JA231996,,04/20/2017 11:05:00 AM,30,STOP SIGN/FLASHER,FUNCTIONING PROPERLY,CLEAR,DAYLIGHT,TURNING,NOT DIVIDED,2.0,STRAIGHT AND LEVEL,DRY,NO DEFECTS,NOT ON SCENE (DESK REPORT),NO INJURY / DRIVE AWAY,Y,,,"$501 - $1,500",04/20/2017 11:07:00 AM,UNABLE TO DETERMINE,UNABLE TO DETERMINE,5000,N,BROADWAY,2033.0,,,,,,,2,NO INDICATION OF INJURY,0.0,0.0,0.0,0.0,0.0,2.0,0.0,11,5,4,41.9727025217,-87.6599157302,POINT (-87.659915730223 41.972702521692)
02b4573d244295cbc690b0c7d86fd35c8a5305a294870c8dc8bbbd80d5d01b75a721bf34631d4a7c44a7831bb1fbe434f66751e491e25106c6c3d5ecbb84069b,JC432387,,09/13/2019 07:44:00 PM,30,TRAFFIC SIGNAL,FUNCTIONING PROPERLY,CLEAR,"DARKNESS, LIGHTED ROAD",TURNING,OTHER,,STRAIGHT AND LEVEL,DRY,UNKNOWN,NOT ON SCENE (DESK REPORT),NO INJURY / DRIVE AWAY,Y,,,$500 OR LESS,09/13/2019 09:05:00 PM,UNABLE TO DETERMINE,UNABLE TO DETERMINE,339,N,COLUMBUS DR,114.0,,,,,,,2,NO INDICATION OF INJURY,0.0,0.0,0.0,0.0,0.0,2.0,0.0,19,6,9,41.8877583368,-87.6205374165,POINT (-87.62053741652 41.887758336823)
bb62d1e80d24e6df050b04f48e08b2e4d4431bbd28aa6e8b818d103ee256f6e469a434dc5cee3aa3e45ac0ff78e81f00a00dfbb9378fd1b3e02821e5b79acdce,JB123318,,01/20/2018 03:45:00 PM,30,NO CONTROLS,NO CONTROLS,CLEAR,DAYLIGHT,PARKED MOTOR VEHICLE,NOT DIVIDED,2.0,STRAIGHT AND LEVEL,DRY,NO DEFECTS,NOT ON SCENE (DESK REPORT),NO INJURY / DRIVE AWAY,,,,"OVER $1,500",01/20/2018 04:40:00 PM,DRIVING SKILLS/KNOWLEDGE/EXPERIENCE,NOT APPLICABLE,2100,N,LINCOLN PARK WEST,1814.0,,,,,,,2,NO INDICATION OF INJURY,0.0,0.0,0.0,0.0,0.0,2.0,0.0,15,7,1,41.9202652637,-87.6365525035,POINT (-87.636552503451 41.920265263684)
c73de5777c9c79cfefa7d2eb1040331449a77c94919f8d6338bb1001a420101d3c89435fd1beb3df426dc6d70563afab1a07756ad9805465958a69ccb7f38d00,JG361330,,07/29/2023 07:59:00 PM,30,TRAFFIC SIGNAL,FUNCTIONING PROPERLY,CLEAR,DUSK,REAR END,DIVIDED - W/MEDIAN (NOT RAISED),,STRAIGHT AND LEVEL,DRY,NO DEFECTS,NOT ON SCENE (DESK REPORT),NO INJURY / DRIVE AWAY,,,Y,"$501 - $1,500",07/29/2023 09:00:00 PM,FAILING TO REDUCE SPEED TO AVOID CRASH,NOT APPLICABLE,436,W,CERMAK RD,914.0,,,,,,,2,NO INDICATION OF INJURY,0.0,0.0,0.0,0.0,0.0,5.0,0.0,19,7,7,41.8529033623,-87.6384164934,POINT (-87.638416493418 41.852903362322)
02138d4d4381018862b2a1818967076bae809b3088b24f59d36d73d5b2e9bd0f0249611da07fdbbe6973168ec0de4955d34bb612ac38154e305646ccc4339ec7,HZ441239,,09/19/2016 05:54:00 PM,30,NO CONTROLS,NO CONTROLS,CLEAR,DAYLIGHT,SIDESWIPE SAME DIRECTION,DIVIDED - W/MEDIAN (NOT RAISED),4.0,STRAIGHT AND LEVEL,DRY,NO DEFECTS,NOT ON SCENE (DESK REPORT),NO INJURY / DRIVE AWAY,,,,"$501 - $1,500",09/19/2016 07:40:00 PM,FAILING TO YIELD RIGHT-OF-WAY,NOT APPLICABLE,6034,N,BROADWAY,2433.0,,,,,,,2,NO INDICATION OF INJURY,0.0,0.0,0.0,0.0,0.0,2.0,0.0,17,2,9,41.9918428822,-87.6604714212,POINT (-87.660471421164 41.991842882169)
3569120ac09ca5070abeabb24d65c584398d34bb80fc2c5caab7c208a1dc596f20fad88e97929fee70851ed9b27c30d1f1580e240792ce8f41b9bd8fd9fa6637,JB199337,,03/25/2018 03:55:00 PM,30,STOP SIGN/FLASHER,FUNCTIONING PROPERLY,CLEAR,DAYLIGHT,TURNING,DIVIDED - W/MEDIAN (NOT RAISED),4.0,STRAIGHT AND LEVEL,DRY,NO DEFECTS,ON SCENE,INJURY AND / OR TOW DUE TO CRASH,Y,,,"OVER $1,500",03/25/2018 03:57:00 PM,FAILING TO YIELD RIGHT-OF-WAY,NOT APPLICABLE,4627,N,WESTERN AVE,1911.0,,,,,,,2,NO INDICATION OF INJURY,0.0,0.0,0.0,0.0,0.0,4.0,0.0,15,1,3,41.9656971587,-87.6886671541,POINT (-87.688667154148 41.96569715874)
88f9e91a8950cca02d7410604ffc3bffa6efd62b087ef0f5106ba82d1fccae1ca61bf9de9715425acac380c44ffeb6b8f9a19e06c1ad8ad774094c23ad21cecf,JC443409,,09/22/2019 01:30:00 AM,30,TRAFFIC SIGNAL,FUNCTIONING PROPERLY,RAIN,"DARKNESS, LIGHTED ROAD",ANGLE,FOUR WAY,,STRAIGHT AND LEVEL,WET,NO DEFECTS,ON SCENE,INJURY AND / OR TOW DUE TO CRASH,Y,,,"OVER $1,500",09/22/2019 01:45:00 AM,WEATHER,UNABLE TO DETERMINE,65,E,ONTARIO ST,1834.0,,,,,,,2,NO INDICATION OF INJURY,0.0,0.0,0.0,0.0,0.0,2.0,0.0,1,1,9,41.8932043453,-87.6254821858,POINT (-87.625482185792 41.893204345311)
5811a2c2a04082c9570c05fb31369b156bd57fe3157ea5f8a5d52d64211a14b290ad66cdf14d288c715457319583628ee88afe68cc45d7878a9b5c076024a29f,JB316581,,06/21/2018 02:00:00 PM,15,NO CONTROLS,NO CONTROLS,RAIN,DAYLIGHT,ANGLE,PARKING LOT,1.0,STRAIGHT AND LEVEL,WET,UNKNOWN,NOT ON SCENE (DESK REPORT),NO INJURY / DRIVE AWAY,,Y,,"$501 - $1,500",06/21/2018 02:25:00 PM,UNABLE TO DETERMINE,UNABLE TO DETERMINE,1800,W,LAWRENCE AVE,2032.0,,,,,,,2,NO INDICATION OF INJURY,0.0,0.0,0.0,0.0,0.0,2.0,0.0,14,5,6,41.9689262366,-87.6745864921,POINT (-87.674586492122 41.96892623665)
d9513929ccebd7a1374a09cefd79f880f88d756cb36afee537416b08a2074fcb8ac704155dff18dae26bf6bf7c456696332b1b1e119f2a7de6d00e19c9cb63f8,JC510324,,11/14/2019 01:30:00 PM,30,STOP SIGN/FLASHER,FUNCTIONING PROPERLY,CLEAR,DAYLIGHT,ANGLE,FOUR WAY,,STRAIGHT AND LEVEL,DRY,NO DEFECTS,NOT ON SCENE (DESK REPORT),NO INJURY / DRIVE AWAY,,,Y,"$501 - $1,500",11/14/2019 02:20:00 PM,UNABLE TO DETERMINE,UNABLE TO DETERMINE,2526,E,105TH ST,434.0,,,,,,,2,NO INDICATION OF INJURY,0.0,0.0,0.0,0.0,0.0,2.0,0.0,13,5,11,41.7046953694,-87.5621033229,POINT (-87.56210332294 41.704695369353)
f2c4ad133203556a2338d84e24f63f190c48d401a64a6480973c36a31de3d958d503920c122a69f02d3cddd0b5eef5593ec5481f45e229e0b6de6dee31c1df05,JD106447,,01/06/2020 04:19:00 PM,35,NO CONTROLS,NO CONTROLS,CLEAR,DAYLIGHT,ANGLE,NOT DIVIDED,,STRAIGHT AND LEVEL,DRY,UNKNOWN,NOT ON SCENE (DESK REPORT),NO INJURY / DRIVE AWAY,,,N,"$501 - $1,500",01/06/2020 05:19:00 PM,UNABLE TO DETERMINE,UNABLE TO DETERMINE,2438,W,CERMAK RD,1023.0,,,,,,,2,NO INDICATION OF INJURY,0.0,0.0,0.0,0.0,0.0,7.0,0.0,16,2,1,41.8521245314,-87.6872821649,POINT (-87.687282164902 41.852124531449)
8cce0c1c10000f32069ca7422abda5503e2419ee34ff578f9a9824e07d63c154f88f2ef6b76a341dc8fc3822f8b780a0fe70dd1f421abbc2b2ee57231f1b0ee8,HZ350231,,07/15/2016 02:40:00 PM,30,STOP SIGN/FLASHER,FUNCTIONING PROPERLY,CLEAR,DAYLIGHT,ANGLE,ONE-WAY,2.0,STRAIGHT AND LEVEL,DRY,NO DEFECTS,ON SCENE,INJURY AND / OR TOW DUE TO CRASH,Y,,Y,"OVER $1,500",07/15/2016 02:49:00 PM,FAILING TO YIELD RIGHT-OF-WAY,UNABLE TO DETERMINE,3757,W,13TH ST,1011.0,,,,,,,2,NO INDICATION OF INJURY,0.0,0.0,0.0,0.0,0.0,2.0,0.0,14,6,7,41.8642990884,-87.7200288269,POINT (-87.720028826929 41.864299088373)
62094a992257691da0096223a56893e4be5e4605d06370272ce07f341436c76be58bf451893d51ae13720bd88d914b15fed2a938e9960fc513a148dde2a0f263,JC392738,,08/14/2019 04:30:00 PM,30,TRAFFIC SIGNAL,FUNCTIONING PROPERLY,CLEAR,DAYLIGHT,PARKED MOTOR VEHICLE,ONE-WAY,,STRAIGHT AND LEVEL,DRY,NO DEFECTS,NOT ON SCENE (DESK REPORT),NO INJURY / DRIVE AWAY,,N,,"$501 - $1,500",08/14/2019 07:30:00 PM,IMPROPER BACKING,IMPROPER BACKING,175,W,RANDOLPH ST,122.0,,,,,,,2,NO INDICATION OF INJURY,0.0,0.0,0.0,0.0,0.0,1.0,0.0,16,4,8,41.8843615192,-87.6332959132,POINT (-87.633295913197 41.884361519165)
ba0b5d5828f4791ff75931ffc6f31ccfd8deabe0010cf779d2f4a32ad0d00e56312e39adb88bccaf98a627721509e1895a917c0f50ccca2e05c5eac510cb2050,JB437343,,09/16/2018 01:10:00 AM,30,NO CONTROLS,NO CONTROLS,CLEAR,"DARKNESS, LIGHTED ROAD",REAR END,NOT DIVIDED,,STRAIGHT AND LEVEL,DRY,NO DEFECTS,NOT ON SCENE (DESK REPORT),NO INJURY / DRIVE AWAY,,,,"$501 - $1,500",09/16/2018 01:34:00 AM,FOLLOWING TOO CLOSELY,NOT APPLICABLE,3400,N,HALSTED ST,1924.0,,,,,,,2,NO INDICATION OF INJURY,0.0,0.0,0.0,0.0,0.0,2.0,0.0,1,1,9,41.9436594952,-87.6495232105,POINT (-87.649523210494 41.943659495161)
61d48c4a7c1db0079e9626b3cee78b3ee30175488b2cdec629f1f6ea9a9250638facca421a2757e7b1b0af429d21510a45eadcfccefb87d87fb046929449ad3a,JD445108,,11/29/2020 05:10:00 PM,30,NO CONTROLS,NO CONTROLS,CLEAR,"DARKNESS, LIGHTED ROAD",TURNING,PARKING LOT,,STRAIGHT AND LEVEL,DRY,NO DEFECTS,NOT ON SCENE (DESK REPORT),NO INJURY / DRIVE AWAY,,,,$500 OR LESS,11/29/2020 06:00:00 PM,DRIVING SKILLS/KNOWLEDGE/EXPERIENCE,NOT APPLICABLE,758,W,117TH ST,524.0,,,,,,,2,NO INDICATION OF INJURY,0.0,0.0,0.0,0.0,0.0,2.0,0.0,17,1,11,41.6819403602,-87.6419593629,POINT (-87.641959362902 41.681940360159)